id,patient_id,medical_record_id,visit_date,disease,herbs_prescribed,yoga_prescribed,diet_plan,treatment_duration_weeks,improvement_percentage,outcome
d12bb5ab-02be-47ff-848f-76ba88f61d08,4fb5f8e9-de14-4ad2-a28d-8eb25e69f54a,78d71c79-1d22-465a-8a7d-f40e4f88f6b6,2025-01-15T09:45:00,Common Cold,"Tulsi, Ginger",Pranayama,"Light, dry, warm foods. Avoid heavy and oily. Pungent, bitter, astringent.",1,40,Improved
5d0e7ed5-ac00-470c-b1c8-2d6bb5bb040c,6e84f7a6-eb67-48e5-9d55-6a4a09594123,57df80b1-368d-4040-8730-421348fec7ea,2025-01-26T18:30:00,Common Cold,"Tulsi, Ginger",Pranayama,"Light, dry, warm foods. Avoid heavy and oily. Pungent, bitter, astringent.",2,52,Improved
9f1da43c-2411-46b6-bbfc-b7bee0f9bb3f,e2149137-65cc-48e3-81d8-5226fe2dcfa1,597b3475-7b06-419c-8c0f-8371e4cd5a87,2025-01-10T12:00:00,Constipation (Vibandha),"Triphala, Isabgol",Pawanmuktasana,"Warm, oily foods. Avoid cold and dry. Sweet, sour, salty taste.",1,65,Stable
221f741c-1edb-4462-b539-46f3e1fbb8a7,98e6ba41-b762-4752-aa46-66120355f8de,02eae712-112e-4d47-90cd-45224829040c,2025-01-09T08:15:00,Cough (Kasa),"Sitopaladi Churna, Tulsi","Pranayama, Bhujangasana","Light, dry, warm foods. Avoid heavy and oily. Pungent, bitter, astringent.",5,46,Significantly Improved
cf0ec640-b8c3-4dce-a9aa-94a2d79e1e12,d1922d18-a85a-4413-8f30-0a1e25b7dfb3,c3246405-5b7a-4846-997a-ca5c11dc61d2,2025-01-16T10:00:00,Common Cold,"Tulsi, Ginger",Pranayama,"Light, dry, warm foods. Avoid heavy and oily. Pungent, bitter, astringent.",1,77,Improved
47b55dfc-97ad-4409-9600-4a8440c95f99,ee8a5344-5c59-46af-bbc4-14de251c5771,eb83c75e-f0a1-4868-927d-a13485711e34,2025-01-30T14:15:00,Joint Pain (Amavata),"Ashwagandha, Guggulu","Pawanmuktasana, Trikonasana","Warm, oily foods. Avoid cold and dry. Sweet, sour, salty taste.",8,68,Significantly Improved
8c2f0bbe-c9d8-4bd6-94f3-2f06a2760005,1d00dc35-fc33-470a-be8d-e14e80b17e40,ad5484c9-61ae-433f-861f-3844e92b3f80,2025-01-26T11:00:00,Bronchitis (Kasa),"Vasaka, Pippali","Anulom Vilom, Kapalbhati","Light, dry, warm foods. Avoid heavy and oily. Pungent, bitter, astringent.",7,61,Under Treatment
e1b80b96-e85b-4d91-8584-991d998d378e,726a0544-9ef5-4fcc-a522-5ed2b32a0dd5,ac687b5a-6b24-4f79-9629-1ad4dc9cc510,2025-01-16T17:45:00,Constipation (Vibandha),"Triphala, Isabgol",Pawanmuktasana,"Warm, oily foods. Avoid cold and dry. Sweet, sour, salty taste.",1,95,Significantly Improved
f4a041d5-9ac4-4d3f-9f2a-68b147ce4456,d86aac54-f472-4863-b75f-da024a0445c4,cae0b290-c1f1-45d2-b068-29d09fd0001c,2025-01-25T08:30:00,Asthma (Tamaka Shwasa),"Vasaka, Kantakari",Anulom Vilom,"Light, dry, warm foods. Avoid heavy and oily. Pungent, bitter, astringent.",8,50,Stable
fd40ff44-25b8-4a26-aa2e-ef27186aac03,ce660c61-3a43-416d-97ea-38320d61464b,05444958-218d-4a35-b0d9-49702f4f70e5,2025-01-06T14:30:00,Joint Pain (Amavata),"Ashwagandha, Guggulu","Pawanmuktasana, Trikonasana","Warm, oily foods. Avoid cold and dry. Sweet, sour, salty taste.",7,65,Improved
3e975af8-2d9d-4c45-b9a4-abfbe93f4507,4424bbef-e9cf-45b6-8f78-d9063f13c9f0,e69608c0-c002-4dc3-9a3b-14522c9b21f1,2025-01-30T09:15:00,Constipation (Vibandha),"Triphala, Isabgol",Pawanmuktasana,"Warm, oily foods. Avoid cold and dry. Sweet, sour, salty taste.",2,74,Improved
cae9861c-ba3f-4d04-8ac1-7c36a54a5aff,bcd5d8a7-dbef-4a86-9f3f-5d9203ee44f1,e752ce83-be90-4cb2-b387-38267a2289b7,2025-01-09T16:00:00,Asthma (Tamaka Shwasa),"Vasaka, Kantakari",Anulom Vilom,"Light, dry, warm foods. Avoid heavy and oily. Pungent, bitter, astringent.",11,84,Recovered
7f5ef74c-8902-4dc5-9b30-9af5fbb9399b,23693197-f808-4c2b-b8d5-95c6ad1929cc,a23b0adb-6742-4e2a-9715-9212f5ffe30d,2025-01-19T12:30:00,Common Cold,"Tulsi, Ginger",Pranayama,"Light, dry, warm foods. Avoid heavy and oily. Pungent, bitter, astringent.",2,75,Significantly Improved
7e69152c-ef7c-4ac8-820e-ed41111b600b,c549a658-4581-40d1-b0a2-3b3070b94950,b9e20a7e-3f55-4a6b-bfc2-c047827dfc0b,2025-01-20T16:45:00,Joint Pain (Amavata),"Ashwagandha, Guggulu","Pawanmuktasana, Trikonasana","Warm, oily foods. Avoid cold and dry. Sweet, sour, salty taste.",8,51,Recovered
25929668-99c0-4463-9a07-4b435a501886,802e48c6-0dbc-460b-a0e5-64d9eea7fc53,a57aa030-e362-40c4-886c-9d20211e1392,2025-01-07T18:15:00,Common Cold,"Tulsi, Ginger",Pranayama,"Light, dry, warm foods. Avoid heavy and oily. Pungent, bitter, astringent.",3,79,Improved
582c91f3-9856-44d2-91ca-46c5df7e69df,6910e26f-e6ca-45ef-9c45-4dee264db0f8,df231e61-8093-45ea-ab2d-2237b803b260,2025-01-20T15:45:00,Common Cold,"Tulsi, Ginger",Pranayama,"Light, dry, warm foods. Avoid heavy and oily. Pungent, bitter, astringent.",3,94,Significantly Improved
fe40102f-807f-47a6-bf1a-56d2ab28bdb4,47858567-6aac-44d7-9781-0cc941cbdfe4,ba0687be-b29e-4d28-8442-0f23a8cab6e2,2025-01-16T08:30:00,Asthma (Tamaka Shwasa),"Vasaka, Kantakari",Anulom Vilom,"Light, dry, warm foods. Avoid heavy and oily. Pungent, bitter, astringent.",16,90,Stable
8fdb74bf-4d1b-41ec-a7a0-1a123bde8d4d,20e3faa4-c35f-4b69-b0cc-33fb8d47f6c5,8d930eae-724c-4b9b-94ac-32857de3cad6,2025-01-21T13:45:00,Joint Pain (Amavata),"Ashwagandha, Guggulu","Pawanmuktasana, Trikonasana","Warm, oily foods. Avoid cold and dry. Sweet, sour, salty taste.",5,41,Significantly Improved
fd2e439b-b81f-4335-943c-08ab89800072,e07cfeba-3c9f-4102-a70a-39204c01fc3f,c1dfbd4f-0d54-4277-9f2c-4cf205ad8870,2025-01-25T13:30:00,Asthma (Tamaka Shwasa),"Vasaka, Kantakari",Anulom Vilom,"Light, dry, warm foods. Avoid heavy and oily. Pungent, bitter, astringent.",12,52,Improved
da2a9515-827e-4ba9-b1e7-857698a03a68,6ee05050-0903-4d67-b686-bc9ee67f4818,378759d1-de13-4ef4-8cb3-2a005b28f11d,2025-01-06T11:15:00,Asthma (Tamaka Shwasa),"Vasaka, Kantakari",Anulom Vilom,"Light, dry, warm foods. Avoid heavy and oily. Pungent, bitter, astringent.",10,54,Stable
c52c55d7-2a67-46f6-884b-825a4d3c42eb,b7b3f2ca-7786-42cd-b1d9-c40140828041,2649daef-96e5-4a5c-9f24-ffb8a5595960,2025-01-11T10:30:00,Asthma (Tamaka Shwasa),"Vasaka, Kantakari",Anulom Vilom,"Light, dry, warm foods. Avoid heavy and oily. Pungent, bitter, astringent.",8,86,Improved
90d8560f-4a7d-4753-9d1e-dc56622ad1e4,6d861f09-0077-420a-9c25-d085b2b7a889,cc8fa71b-8090-4ecd-bb5e-f894e41ca273,2025-01-06T17:15:00,Joint Pain (Amavata),"Ashwagandha, Guggulu","Pawanmuktasana, Trikonasana","Warm, oily foods. Avoid cold and dry. Sweet, sour, salty taste.",4,90,Significantly Improved
5e4c0395-be35-417e-b392-20e5aee0d840,98321cdc-abcd-42c7-9f17-b906cbfb79f8,9bdb18e7-24d4-45db-b035-b95b07d03a1f,2025-01-18T14:30:00,Asthma (Tamaka Shwasa),"Vasaka, Kantakari",Anulom Vilom,"Light, dry, warm foods. Avoid heavy and oily. Pungent, bitter, astringent.",14,94,Significantly Improved
218ca3fa-dea3-4c2f-9ba3-d20f220078e6,b70fedb3-9048-42f5-9ac3-63f66ecfb90a,0e709190-34e2-468a-b0bd-0e41aba3f09a,2025-01-22T12:15:00,Common Cold,"Tulsi, Ginger",Pranayama,"Light, dry, warm foods. Avoid heavy and oily. Pungent, bitter, astringent.",2,72,Improved
6ccb254a-9e39-4bf2-86d5-c0aa9c9d074e,441f1874-a9fd-4f31-9e85-d4112f97f7a7,f5dcae84-3e45-4b53-9cd2-24163436d08e,2025-01-06T11:30:00,Asthma (Tamaka Shwasa),"Vasaka, Kantakari",Anulom Vilom,"Light, dry, warm foods. Avoid heavy and oily. Pungent, bitter, astringent.",7,59,Significantly Improved
40d8d3cc-af9f-42fb-821b-63563143342f,a265ce0b-ca57-415e-93d7-a18f14fc40d2,80b8bb9d-7947-4ce9-b327-a5ab9d6313fd,2025-01-27T11:00:00,Cough (Kasa),"Sitopaladi Churna, Tulsi","Pranayama, Bhujangasana","Light, dry, warm foods. Avoid heavy and oily. Pungent, bitter, astringent.",5,70,Improved
74032451-cc2a-4812-be15-508278243eb7,20331df7-0754-45ff-80e8-a441eef41dc7,c666dd64-4bac-4f21-8ed2-034ebfc56e04,2025-01-10T08:30:00,Common Cold,"Tulsi, Ginger",Pranayama,"Light, dry, warm foods. Avoid heavy and oily. Pungent, bitter, astringent.",1,89,Recovered
0b706d20-5800-4a45-b2ce-acb258428663,b41f8f15-7d78-4d16-9e4e-2e3d0ba431d1,70015b5c-1477-4eb4-bb24-72b432e67e67,2025-01-13T16:00:00,Bronchitis (Kasa),"Vasaka, Pippali","Anulom Vilom, Kapalbhati","Light, dry, warm foods. Avoid heavy and oily. Pungent, bitter, astringent.",6,93,Stable
8e6cfa51-8aed-46da-9023-b12a77140a66,8fc7efec-f525-4ece-94f6-0f21afc8d133,68f6f007-3770-4f42-9406-51ca62cfcbe4,2025-01-27T16:30:00,Bronchitis (Kasa),"Vasaka, Pippali","Anulom Vilom, Kapalbhati","Light, dry, warm foods. Avoid heavy and oily. Pungent, bitter, astringent.",5,60,Significantly Improved
99109449-f746-44a1-8cc0-888d23d497d5,3a327c93-4fc0-46b9-b640-0e78ce6054dd,cf095312-7f59-4ea2-98d6-08e63c6822ea,2025-01-28T10:45:00,Joint Pain (Amavata),"Ashwagandha, Guggulu","Pawanmuktasana, Trikonasana","Warm, oily foods. Avoid cold and dry. Sweet, sour, salty taste.",5,61,Stable
74959cb4-311e-4df5-b23e-929ac5a1a799,53db3cd7-08f8-47a6-b232-e756d58e049e,e2428cb1-78cb-4110-bf92-c856d0ae190d,2025-01-23T17:30:00,Joint Pain (Amavata),"Ashwagandha, Guggulu","Pawanmuktasana, Trikonasana","Warm, oily foods. Avoid cold and dry. Sweet, sour, salty taste.",5,91,Improved
24eff493-83ad-4631-9572-b42cc4357a80,b8304e0a-3a8f-4b14-b867-3bd6e4ae8233,88bec2cc-f5a4-4cdf-bb7d-b2351f1b49e9,2025-01-06T12:30:00,Cough (Kasa),"Sitopaladi Churna, Tulsi","Pranayama, Bhujangasana","Light, dry, warm foods. Avoid heavy and oily. Pungent, bitter, astringent.",8,48,Significantly Improved
7dd864cd-bb50-43ef-b043-6b0fea2759c6,5814e1dc-d0e2-4f4d-98ca-44720ea1c7f5,305b4730-ec4e-491c-8eb7-598ebef4cba9,2025-01-01T13:45:00,Cough (Kasa),"Sitopaladi Churna, Tulsi","Pranayama, Bhujangasana","Light, dry, warm foods. Avoid heavy and oily. Pungent, bitter, astringent.",8,51,Improved
d3c1d560-b687-4e44-8fd8-9a8dd581fb56,1e359d5d-7768-470f-a347-70b8e28e6bf8,e833b373-eb18-46a4-862b-7e80c5b47903,2025-01-20T14:45:00,Asthma (Tamaka Shwasa),"Vasaka, Kantakari",Anulom Vilom,"Light, dry, warm foods. Avoid heavy and oily. Pungent, bitter, astringent.",12,90,Improved
14d446d5-4876-4252-8957-8c561d943e6d,efaae104-995f-4f1c-950e-2c3be2c75237,ab7ca872-fc19-4623-adaa-79e645d663ff,2025-01-05T08:15:00,Constipation (Vibandha),"Triphala, Isabgol",Pawanmuktasana,"Warm, oily foods. Avoid cold and dry. Sweet, sour, salty taste.",3,44,Significantly Improved
b6ebd3e8-647f-498d-9320-21bf9a38ea91,1888f6f7-5d27-4a5a-9f07-399bf5c9b2ed,587d49e0-6302-4a72-8f15-5fb4a691d0ad,2025-01-04T09:15:00,Cough (Kasa),"Sitopaladi Churna, Tulsi","Pranayama, Bhujangasana","Light, dry, warm foods. Avoid heavy and oily. Pungent, bitter, astringent.",8,45,Improved
7e02d695-19e0-490b-8326-08e4cddc1f38,81a48133-5ea2-4775-a92b-b173a78693b9,28081ee7-ec01-44eb-89f7-caee3f8f1465,2025-01-08T12:45:00,Cough (Kasa),"Sitopaladi Churna, Tulsi","Pranayama, Bhujangasana","Light, dry, warm foods. Avoid heavy and oily. Pungent, bitter, astringent.",7,50,Improved
9e80087d-0dee-4e94-a19e-f313f1d5cfd7,cb740f09-ee3b-47a4-927e-7920b916d772,f0a7ff17-c33d-419d-8466-e69214ad185a,2025-01-15T10:30:00,Cough (Kasa),"Sitopaladi Churna, Tulsi","Pranayama, Bhujangasana","Light, dry, warm foods. Avoid heavy and oily. Pungent, bitter, astringent.",5,70,Significantly Improved
b4990ae2-14b9-49ff-9592-32cc03fb819d,3afcba49-65dd-46f8-9fa0-7013e56af098,da508769-3af2-4d35-bba8-b296cfa9a6d1,2025-01-10T17:00:00,Asthma (Tamaka Shwasa),"Vasaka, Kantakari",Anulom Vilom,"Light, dry, warm foods. Avoid heavy and oily. Pungent, bitter, astringent.",13,75,Significantly Improved
f771ad6d-8a40-49c0-a5a5-bfc3c7896a3b,d7f6b712-cbec-4b14-91a0-38a63d02a0ed,260d98a7-7b99-4e90-816e-b081b8f8752b,2025-01-28T15:00:00,Cough (Kasa),"Sitopaladi Churna, Tulsi","Pranayama, Bhujangasana","Light, dry, warm foods. Avoid heavy and oily. Pungent, bitter, astringent.",3,68,Significantly Improved
6f2a66bf-75d5-4fc6-b73e-ab373b28e264,9a7c3a9f-6688-4f36-a0c5-a0c643f86397,081b30f7-6450-4695-9ad9-c0aabe954be9,2025-01-29T13:15:00,Bronchitis (Kasa),"Vasaka, Pippali","Anulom Vilom, Kapalbhati","Light, dry, warm foods. Avoid heavy and oily. Pungent, bitter, astringent.",7,50,Improved
97a2072e-cb69-40b8-9dc6-f17bcd984db8,d3e9e3ed-00ef-4cd2-9ea2-5de5ff487ba3,2ef6a6a8-11e7-40da-8f86-a5d0b150f91b,2025-01-27T09:30:00,Joint Pain (Amavata),"Ashwagandha, Guggulu","Pawanmuktasana, Trikonasana","Warm, oily foods. Avoid cold and dry. Sweet, sour, salty taste.",4,63,Improved
d47e52ef-548f-4373-8b8c-5fcb286f40aa,e3a8b40e-104d-49b5-b1fb-9c95e5efd9be,58b80dc4-9d43-40b9-8416-0790d8e363dd,2025-01-10T12:30:00,Asthma (Tamaka Shwasa),"Vasaka, Kantakari",Anulom Vilom,"Light, dry, warm foods. Avoid heavy and oily. Pungent, bitter, astringent.",16,71,Significantly Improved
e889235d-75d7-4a45-bf63-a6556d8dead7,7c68fc39-17fe-480d-8e3d-5f5c1b3ffcc0,0c95ab17-94ba-494b-81ad-300182d261e3,2025-01-30T17:30:00,Joint Pain (Amavata),"Ashwagandha, Guggulu","Pawanmuktasana, Trikonasana","Warm, oily foods. Avoid cold and dry. Sweet, sour, salty taste.",7,47,Improved
8694209a-8836-4ada-a470-a210d1602211,1895acd7-b472-439c-900f-868a68083e02,5da5e878-c730-44c6-99ce-57fe0cb0cc0c,2025-01-01T17:15:00,Asthma (Tamaka Shwasa),"Vasaka, Kantakari",Anulom Vilom,"Light, dry, warm foods. Avoid heavy and oily. Pungent, bitter, astringent.",11,78,Significantly Improved
95e7a7e4-2691-44a2-b942-23517e42ef7d,bd87b187-e30f-49f6-a0fd-8b49bcd8cf0e,726bca6d-85c6-4c92-8143-955042c3591d,2025-01-07T13:15:00,Constipation (Vibandha),"Triphala, Isabgol",Pawanmuktasana,"Warm, oily foods. Avoid cold and dry. Sweet, sour, salty taste.",3,91,Significantly Improved
90978b5b-1b16-4d5e-8be5-8740ca88fd6d,c00e0328-4da5-463d-ab77-57effef4188b,3f39b455-e2ea-4393-8ed6-37db308d952b,2025-01-25T08:15:00,Common Cold,"Tulsi, Ginger",Pranayama,"Light, dry, warm foods. Avoid heavy and oily. Pungent, bitter, astringent.",1,83,Improved
9661d145-7eed-42d9-9159-d40e956a4082,90441c78-d438-40c2-8c9f-9a5397f98f8a,86e142fd-7392-49e6-a9fc-a3008269712e,2025-01-11T11:30:00,Asthma (Tamaka Shwasa),"Vasaka, Kantakari",Anulom Vilom,"Light, dry, warm foods. Avoid heavy and oily. Pungent, bitter, astringent.",9,43,Stable
91d1b95b-bb76-45ec-a92b-89d111564072,bf741850-6488-4b26-ae22-4b833e9aee2a,1d19d3d2-29ce-4406-9dd1-42d0d42e0250,2025-01-21T17:30:00,Bronchitis (Kasa),"Vasaka, Pippali","Anulom Vilom, Kapalbhati","Light, dry, warm foods. Avoid heavy and oily. Pungent, bitter, astringent.",5,76,Improved
b5640216-cf2b-4086-930b-527dae74b492,b99aeef8-fcfe-4464-8d48-4a1d862871d6,4d71f8cd-e84e-468e-b025-e20a625ca580,2025-01-06T17:30:00,Constipation (Vibandha),"Triphala, Isabgol",Pawanmuktasana,"Warm, oily foods. Avoid cold and dry. Sweet, sour, salty taste.",1,95,Stable
db759726-af14-4655-a408-4ec38c737c6a,4c783e9d-495d-4c4d-a0f4-6f5ad0de5fba,d4fc92eb-db1a-432b-acb8-d36f6b62da59,2025-01-18T15:00:00,Bronchitis (Kasa),"Vasaka, Pippali","Anulom Vilom, Kapalbhati","Light, dry, warm foods. Avoid heavy and oily. Pungent, bitter, astringent.",6,49,Improved
616ccead-1b9e-451f-8757-650f65afc22d,4fb9fb01-2835-4f9b-ad64-f9f690562be8,d491aed4-cc9a-4468-a8b5-08b23fc2f391,2025-01-04T10:00:00,Constipation (Vibandha),"Triphala, Isabgol",Pawanmuktasana,"Warm, oily foods. Avoid cold and dry. Sweet, sour, salty taste.",3,48,Under Treatment
9e859cf8-1289-4940-9126-779e40a2f6dd,ec150a89-88a1-4497-94d1-797adb15f393,e4930ec1-cc0f-4fc5-a3c7-9779503d03d5,2025-01-03T09:45:00,Constipation (Vibandha),"Triphala, Isabgol",Pawanmuktasana,"Warm, oily foods. Avoid cold and dry. Sweet, sour, salty taste.",1,42,Significantly Improved
11992709-6b83-4b22-8bff-018cbb985552,b45a0641-3cff-4e1a-8bce-40a8df3fa799,2aceb227-66a4-46a4-9a4c-63f05001d9cc,2025-01-29T15:15:00,Constipation (Vibandha),"Triphala, Isabgol",Pawanmuktasana,"Warm, oily foods. Avoid cold and dry. Sweet, sour, salty taste.",3,52,Improved
98127ae3-7603-47c6-83af-a7a0a023139b,4571dd57-064d-4016-a800-f13c33ed96fa,8e0f2b6d-94a5-429f-a0ab-ee009dec6ea4,2025-01-21T15:30:00,Asthma (Tamaka Shwasa),"Vasaka, Kantakari",Anulom Vilom,"Light, dry, warm foods. Avoid heavy and oily. Pungent, bitter, astringent.",10,58,Stable
7c5a7de6-077d-4068-b079-45a8b734138e,1e359d5d-7768-470f-a347-70b8e28e6bf8,777d91c0-ecb1-41fe-9393-fb51b833fd19,2025-01-05T13:00:00,Constipation (Vibandha),"Triphala, Isabgol",Pawanmuktasana,"Warm, oily foods. Avoid cold and dry. Sweet, sour, salty taste.",2,48,Significantly Improved
9b36cf61-3516-47df-9317-b8e62a08f173,5f999622-7d9c-4b02-b29b-67df78fc574e,f569afc8-47c2-4d7d-b201-bb1891008ab2,2025-01-23T09:00:00,Joint Pain (Amavata),"Ashwagandha, Guggulu","Pawanmuktasana, Trikonasana","Warm, oily foods. Avoid cold and dry. Sweet, sour, salty taste.",8,48,Under Treatment
7d157682-b962-4603-97ca-29a81a7a66cf,809d0f5a-db30-4e49-b921-50b7688e7258,41b18945-2ed8-45b2-a6a9-0e1ae1554846,2025-01-04T12:15:00,Bronchitis (Kasa),"Vasaka, Pippali","Anulom Vilom, Kapalbhati","Light, dry, warm foods. Avoid heavy and oily. Pungent, bitter, astringent.",7,59,Significantly Improved
96115674-8e0d-4ccb-a7bf-1d4a57bc598d,1236d8c2-2a49-449b-a3e4-dd6ed2f707b7,fe05a9f7-dabb-419d-8f09-f271f94f31cc,2025-01-28T10:00:00,Joint Pain (Amavata),"Ashwagandha, Guggulu","Pawanmuktasana, Trikonasana","Warm, oily foods. Avoid cold and dry. Sweet, sour, salty taste.",3,50,Improved
854333c1-483c-4988-a475-1749f11bcc90,704abacf-4cfb-4703-afeb-16be393c8c86,3ef963d3-dd2c-495c-a0a1-1f062c11514c,2025-01-06T17:00:00,Joint Pain (Amavata),"Ashwagandha, Guggulu","Pawanmuktasana, Trikonasana","Warm, oily foods. Avoid cold and dry. Sweet, sour, salty taste.",3,41,Significantly Improved
5d1bb2c8-c452-476d-96c8-c959ad7e5a3b,b70b6866-fc93-49b0-82ff-5829d7478c5e,b79d69ac-683f-4d55-a2b2-3fe3af4558b4,2025-01-21T09:30:00,Joint Pain (Amavata),"Ashwagandha, Guggulu","Pawanmuktasana, Trikonasana","Warm, oily foods. Avoid cold and dry. Sweet, sour, salty taste.",8,84,Improved
67c924ed-1d36-44a3-be71-dd70486ad01c,4ffe3b34-8f11-4b68-b9e1-58c7cfd63905,e84648df-0d8e-49b5-9a3f-56f51a0b5c10,2025-01-20T14:45:00,Cough (Kasa),"Sitopaladi Churna, Tulsi","Pranayama, Bhujangasana","Light, dry, warm foods. Avoid heavy and oily. Pungent, bitter, astringent.",6,59,Significantly Improved
749c8462-af99-4231-b74e-2061eb22ce8d,6c3e91d7-4c5c-41e9-b04e-6118deaff127,e0ec0e76-1831-49ad-9c0f-380bf3a29eb7,2025-01-31T13:30:00,Constipation (Vibandha),"Triphala, Isabgol",Pawanmuktasana,"Warm, oily foods. Avoid cold and dry. Sweet, sour, salty taste.",1,48,Significantly Improved
a9e2b2f7-2d09-49d4-bbbb-f8a61f00ab06,3cd98ca7-8078-45cd-825d-9e94d41e7673,94a6d3f5-bd96-495d-9323-ab9d6e636a47,2025-01-18T09:00:00,Cough (Kasa),"Sitopaladi Churna, Tulsi","Pranayama, Bhujangasana","Light, dry, warm foods. Avoid heavy and oily. Pungent, bitter, astringent.",8,68,Improved
e4cf33d9-24b7-4a60-b603-adc97d4e27ff,3b2b32e1-d89f-4be7-85a6-7f655317bb74,225607cb-dbbe-42c8-a123-c6ea53aa6ab1,2025-01-06T16:00:00,Cough (Kasa),"Sitopaladi Churna, Tulsi","Pranayama, Bhujangasana","Light, dry, warm foods. Avoid heavy and oily. Pungent, bitter, astringent.",3,49,Significantly Improved
5184a7ec-a86b-4d6a-9d5e-cce61596fa66,39b43dfe-cabd-49dd-8fe5-b451fc8a1dcc,a1d2616b-9685-41f6-bf58-ab5d98b67579,2025-01-02T09:15:00,Joint Pain (Amavata),"Ashwagandha, Guggulu","Pawanmuktasana, Trikonasana","Warm, oily foods. Avoid cold and dry. Sweet, sour, salty taste.",6,85,Significantly Improved
310946e3-6fce-4ac8-9436-7267e570fdf9,3f89e890-2a43-4bf1-b75c-a71d6dd423c7,97e72457-208d-42f2-994d-e8ab36a0d73a,2025-01-28T13:30:00,Cough (Kasa),"Sitopaladi Churna, Tulsi","Pranayama, Bhujangasana","Light, dry, warm foods. Avoid heavy and oily. Pungent, bitter, astringent.",6,41,Significantly Improved
6fc0a704-bfaf-4454-85ed-b1341114aa6c,f52e044c-b681-43ee-96aa-8b7da5f57eb6,1f38d13a-ed2c-4200-b53c-e528bb882c1c,2025-01-27T18:30:00,Joint Pain (Amavata),"Ashwagandha, Guggulu","Pawanmuktasana, Trikonasana","Warm, oily foods. Avoid cold and dry. Sweet, sour, salty taste.",6,53,Significantly Improved
249aefbf-3df8-4dbd-832c-3df906e61c16,4400a02a-5141-4bf2-915f-c0426fef94a6,200563e8-cf7f-4b8d-b9af-47b475f5a8e8,2025-01-28T11:45:00,Constipation (Vibandha),"Triphala, Isabgol",Pawanmuktasana,"Warm, oily foods. Avoid cold and dry. Sweet, sour, salty taste.",2,49,Improved
6a7ebb6e-b6f9-46f4-9dff-beaacf8f52ba,5b649c9e-2cf1-4dc6-ba33-7e996ad77ef6,c33bf0a8-1bb3-4eb4-980e-997af49ec6dc,2025-01-27T15:00:00,Asthma (Tamaka Shwasa),"Vasaka, Kantakari",Anulom Vilom,"Light, dry, warm foods. Avoid heavy and oily. Pungent, bitter, astringent.",12,61,Improved
53abc53d-ef52-4208-a70a-4491e88c456b,2d96f55d-53fe-4716-8195-be112cbad501,81bb2219-6b16-4ef9-b59b-46eefe5110c0,2025-01-19T18:45:00,Cough (Kasa),"Sitopaladi Churna, Tulsi","Pranayama, Bhujangasana","Light, dry, warm foods. Avoid heavy and oily. Pungent, bitter, astringent.",3,77,Improved
f8fb4273-2938-430e-9adc-b420df819c28,870d7afe-c6c2-4882-9958-af76ea166c67,c8fcff5d-dd26-42d2-9889-f73ebe47ec71,2025-01-26T17:30:00,Asthma (Tamaka Shwasa),"Vasaka, Kantakari",Anulom Vilom,"Light, dry, warm foods. Avoid heavy and oily. Pungent, bitter, astringent.",16,90,Significantly Improved
d06baff9-26f1-4a58-b443-49ae7f9a90a4,3d6bbac1-1d74-4b9a-baee-90088c9f5ece,cce5c536-26f2-4fff-8d98-aa86b5bd454c,2025-01-02T17:30:00,Asthma (Tamaka Shwasa),"Vasaka, Kantakari",Anulom Vilom,"Light, dry, warm foods. Avoid heavy and oily. Pungent, bitter, astringent.",12,71,Significantly Improved
d0532ab8-9b16-4aa6-b135-0f6629cb929b,72e0e2e5-163e-471e-ace5-fbb417990dc5,7307c284-ccec-4737-8610-e069ecf0231b,2025-01-14T09:45:00,Common Cold,"Tulsi, Ginger",Pranayama,"Light, dry, warm foods. Avoid heavy and oily. Pungent, bitter, astringent.",3,64,Significantly Improved
5fa62e03-35df-4d70-bde5-e06057800e91,bdbd75f9-e153-40b1-a2cb-71f24ef4cd3f,86abc9d9-53d7-48f7-852c-ab942a4dbc94,2025-01-16T17:30:00,Joint Pain (Amavata),"Ashwagandha, Guggulu","Pawanmuktasana, Trikonasana","Warm, oily foods. Avoid cold and dry. Sweet, sour, salty taste.",5,84,Improved
cd8bd565-b9d5-4f7a-8012-6fa3def0355b,e1efcd00-e449-4ad3-9924-97ba721d96c1,a7016c53-2bbb-47a8-b1ea-6675eec50465,2025-01-14T08:00:00,Cough (Kasa),"Sitopaladi Churna, Tulsi","Pranayama, Bhujangasana","Light, dry, warm foods. Avoid heavy and oily. Pungent, bitter, astringent.",4,53,Stable
998c2a5b-803f-4379-bf5f-089a3cf4c651,cef256de-7027-4c91-b77c-aeba646f95c2,f2cb1f2d-c478-45cf-a57e-76e109ed5781,2025-01-06T09:45:00,Asthma (Tamaka Shwasa),"Vasaka, Kantakari",Anulom Vilom,"Light, dry, warm foods. Avoid heavy and oily. Pungent, bitter, astringent.",16,91,Improved
e4aec917-87d2-4916-9b4e-96a30d2cf8d0,9d26ec89-f36f-41cc-8de7-30f32000dd52,8f2d9cd7-a55c-4f63-8198-38ac3ea96047,2025-01-03T13:45:00,Asthma (Tamaka Shwasa),"Vasaka, Kantakari",Anulom Vilom,"Light, dry, warm foods. Avoid heavy and oily. Pungent, bitter, astringent.",13,74,Under Treatment
ae760793-e16d-4d7e-8952-8ca6aa13d6d4,238fd634-88bd-43cc-9426-ecd5dd6df426,04c43645-a309-4e95-90d4-a3acb756b08c,2025-01-29T12:30:00,Cough (Kasa),"Sitopaladi Churna, Tulsi","Pranayama, Bhujangasana","Light, dry, warm foods. Avoid heavy and oily. Pungent, bitter, astringent.",3,87,Significantly Improved
a9176de2-d038-467c-aa04-14f92f11f972,0f248608-b576-405c-8ef2-f4c93de4738f,e84324d3-9b23-4d2a-a8e3-e520fabcecd1,2025-01-14T08:15:00,Asthma (Tamaka Shwasa),"Vasaka, Kantakari",Anulom Vilom,"Light, dry, warm foods. Avoid heavy and oily. Pungent, bitter, astringent.",14,60,Improved
067dd59c-8ba9-47c8-b2c2-aaf44a8f0ec3,b052dc67-eff1-4d67-b185-1643888dd0e2,999868f9-a5d0-4cd9-997f-e4704ade1691,2025-01-07T17:00:00,Bronchitis (Kasa),"Vasaka, Pippali","Anulom Vilom, Kapalbhati","Light, dry, warm foods. Avoid heavy and oily. Pungent, bitter, astringent.",3,50,Improved
4a342035-424a-4238-aa96-41bb01c172ba,d3576797-5424-453b-a494-48892044246a,f1a1c78f-f98e-40f0-a6ca-83cdbe21ee0e,2025-01-06T18:45:00,Joint Pain (Amavata),"Ashwagandha, Guggulu","Pawanmuktasana, Trikonasana","Warm, oily foods. Avoid cold and dry. Sweet, sour, salty taste.",4,77,Significantly Improved
619d478d-c674-4566-b477-302aa38a3b9c,6815d93a-0eb2-4754-af80-4ca8e423fce7,ecbecb1a-71ef-40d7-9bf8-7f0960183684,2025-01-19T11:00:00,Joint Pain (Amavata),"Ashwagandha, Guggulu","Pawanmuktasana, Trikonasana","Warm, oily foods. Avoid cold and dry. Sweet, sour, salty taste.",7,42,Improved
fcb28cfa-0b70-400a-9158-8916a6b60ba8,3ce2ae1c-e79e-45a8-874a-e3e1d7b5ce42,fd603d84-3565-4a9e-a9f9-0a9766ffa2ac,2025-01-09T16:15:00,Bronchitis (Kasa),"Vasaka, Pippali","Anulom Vilom, Kapalbhati","Light, dry, warm foods. Avoid heavy and oily. Pungent, bitter, astringent.",5,94,Improved
7f2838e4-2be2-4c16-b563-8fc071521176,5bdc5d7e-38bb-4e47-98ed-8d77ae6a0d7d,fb55c650-ac35-4cf6-b171-7a6865f863da,2025-01-29T18:30:00,Cough (Kasa),"Sitopaladi Churna, Tulsi","Pranayama, Bhujangasana","Light, dry, warm foods. Avoid heavy and oily. Pungent, bitter, astringent.",6,79,Under Treatment
ead494d7-0d2d-41eb-9ad7-1470e7e7e29a,a380d836-e795-4f24-8593-5f7a891c14e2,d8027526-e5ec-4345-8442-cd49bb46ed36,2025-01-05T15:00:00,Asthma (Tamaka Shwasa),"Vasaka, Kantakari",Anulom Vilom,"Light, dry, warm foods. Avoid heavy and oily. Pungent, bitter, astringent.",12,62,Improved
fc545c9b-5b88-4430-9f66-b8cd789a2f75,238fd634-88bd-43cc-9426-ecd5dd6df426,c5ef50ac-61a5-422a-ac21-71f5641dd7b3,2025-01-04T16:15:00,Asthma (Tamaka Shwasa),"Vasaka, Kantakari",Anulom Vilom,"Light, dry, warm foods. Avoid heavy and oily. Pungent, bitter, astringent.",14,67,Improved
9187e570-23f1-4a6c-8378-7d67f7804942,fe89faac-b42c-4ef1-beca-7f35770db8d2,278aa98a-557b-499f-8951-71d088f103eb,2025-01-17T17:00:00,Bronchitis (Kasa),"Vasaka, Pippali","Anulom Vilom, Kapalbhati","Light, dry, warm foods. Avoid heavy and oily. Pungent, bitter, astringent.",3,93,Significantly Improved
a1434e21-b475-4d87-8057-e5960e1f4202,e99d80b7-18a0-4f14-8e4b-67310934d00d,78b42deb-5a1e-4979-882a-b1dd5cd4c6b4,2025-01-24T17:15:00,Leprosy (Kushtha Roga),"Amla, Guduchi, Neem",None specific,"Cool, light foods. Avoid spicy and fermented. Sweet, bitter, astringent.",8,70,Recovered
568ed9d1-3f21-4624-b192-c52acb7d499e,46bd71d5-b6ec-41ce-9c66-44ba18b33e6e,56e5077f-ecc9-437a-9c31-564192d2b0cc,2025-01-10T16:00:00,Whooping Cough (Deergha Kasa),"Vasaka, Tulsi",Rest,"Light, dry, warm foods. Avoid heavy and oily. Pungent, bitter, astringent.",3,57,Significantly Improved
76a02e3d-0cec-42ab-8eb7-c15f43a41789,e233cc94-8c91-4284-b394-aabbbc20ed73,a6c2b9ee-3a03-427a-8d9b-c351c862ee11,2025-01-21T11:30:00,Gastritis (Urdhva Amlapitta),"Yashtimadhu, Amla",Vajrasana,"Cool, light foods. Avoid spicy and fermented. Sweet, bitter, astringent.",3,87,Improved
af48429c-8eec-48d3-aaf3-9cc0b88a3c6d,cd154569-9040-423e-886b-b5ad3cfd07d4,4e49d1cb-95b5-4d7f-aa2e-fb6e33845692,2025-01-17T16:00:00,Metabolic Syndrome (Santarpana Janya Vikara),"Triphala, Guggulu",Surya Namaskar,"Light, dry, warm foods. Avoid heavy and oily. Pungent, bitter, astringent.",3,49,Significantly Improved
38881abb-0d23-45a1-9004-859d7a92f26f,81115e80-f80c-43a6-b720-642f06c24ea9,ef7e7595-bce5-483b-bb8a-01e86c481c09,2025-01-25T13:15:00,Frozen Shoulder (Avabahuka),"Nirgundi, Guggulu",Shoulder rotations,"Warm, oily foods. Avoid cold and dry. Sweet, sour, salty taste.",6,82,Under Treatment
d95fecb0-fc35-46be-91c1-c0e4579630a7,1e7e45e5-0133-4392-a3e7-a694d154a73b,b83d4894-ec20-4243-b0fb-3e9042707409,2025-01-10T16:45:00,Chickenpox (Laghu Masurika),"Neem, Tulsi, Guduchi",Rest,"Cool, light foods. Avoid spicy and fermented. Sweet, bitter, astringent.",3,60,Significantly Improved
591a3545-3fb4-4e97-a253-59c0b6500ed1,cd1ac773-4b49-4e76-8657-0099a1661789,fb5c46fa-8cc7-470f-bb68-552cdcf289f7,2025-01-02T18:45:00,Gallstones (Pittashmari),"Punarnava, Kalmegh",Vajrasana,"Cool, light foods. Avoid spicy and fermented. Sweet, bitter, astringent.",8,47,Recovered
f684adca-a342-4c17-998d-2d3c2b826a4a,a78ffa73-a072-4202-9c2e-ce7e16a15ccd,de14c857-5c4d-42d4-86f4-6d27c66dca23,2025-01-19T16:45:00,Burnout (Chitta Klama),"Ashwagandha, Brahmi, Jatamansi",Yoga Nidra,"Warm, oily foods. Avoid cold and dry. Sweet, sour, salty taste.",2,46,Improved
a5f85751-27a9-4843-9cb7-c5529e978d5d,bdbd75f9-e153-40b1-a2cb-71f24ef4cd3f,d7322558-2fa2-4023-a3f3-d6200220d319,2025-01-01T18:30:00,Ulcerative Colitis (Raktatisara),"Kutaja, Bilva, Musta",Pawanmuktasana,"Cool, light foods. Avoid spicy and fermented. Sweet, bitter, astringent.",15,58,Under Treatment
77e11939-46c7-4182-949b-27d321e6668b,55527f2c-6a58-4f92-a2ea-208a7f3bb5aa,8f219182-b76b-491f-a5f6-b36b06b50c8d,2025-01-18T14:45:00,Frozen Shoulder (Avabahuka),"Nirgundi, Guggulu",Shoulder rotations,"Warm, oily foods. Avoid cold and dry. Sweet, sour, salty taste.",12,92,Significantly Improved
10a87823-e150-4f6f-a4ba-f7568b560ce1,0607d575-d9a3-421c-aa70-86cbfe8b59f4,395b2568-2031-47fc-aef7-c0dde7b359ae,2025-01-17T08:45:00,Dandruff (Darunaka),"Neem, Aloe Vera, Bhringraj",Scalp massage,"Light, dry, warm foods. Avoid heavy and oily. Pungent, bitter, astringent.",5,91,Stable
cb8e464e-bef7-4621-b4ff-4fded6f5a386,9d26ec89-f36f-41cc-8de7-30f32000dd52,7b4eb100-c1e5-43f5-b1f3-c12896396b0e,2025-01-13T14:15:00,Menstrual Disorder (Artava Dushti),"Ashwagandha, Shatavari",Baddha Konasana,"Warm, oily foods. Avoid cold and dry. Sweet, sour, salty taste.",6,46,Under Treatment
c997f165-147a-4ceb-91d1-e2c96d6159c5,c3034117-47a1-4672-83d5-7060a68f63f2,905fbdca-ff90-4d78-ace2-29883319e91d,2025-01-01T18:45:00,Anemia (Pandu Roga),"Punarnava, Loha Bhasma, Amla",Surya Namaskar,"Cool, light foods. Avoid spicy and fermented. Sweet, bitter, astringent.",1,88,Improved
686547fb-4f0a-48d9-a9a2-3e0993583c6e,e6a2e7dd-0b14-4a98-ae59-996686f54bcd,453d98ca-0c22-488d-94ea-5b18cdcfa219,2025-01-13T13:00:00,Goiter (Galaganda),Kanchanar Guggulu,Sarvangasana,"Light, dry, warm foods. Avoid heavy and oily. Pungent, bitter, astringent.",3,46,Significantly Improved
44389c68-ff58-494f-a508-b8c06abe6c13,a2d405ec-bdfc-4233-bb30-6efca2da2d9e,c247162a-4d9a-414d-a00a-4873771f7d2a,2025-01-17T16:45:00,Ear Infection (Karna Shoola),"Tulsi, Neem oil drops",Rest,"Light, dry, warm foods. Avoid heavy and oily. Pungent, bitter, astringent.",7,73,Recovered
bfb3d242-0507-4b6f-b0d5-8fcf3fe0184c,1d00dc35-fc33-470a-be8d-e14e80b17e40,c0df0fb9-ebbb-4f55-9d8a-2ea1616c4048,2025-01-03T17:30:00,Mumps (Karnamoola Shotha),"Guduchi, Tulsi",Rest,"Light, dry, warm foods. Avoid heavy and oily. Pungent, bitter, astringent.",1,66,Significantly Improved
162d5d52-6d8e-4998-92f5-770c0323cfde,7db6583d-a3d4-463c-8ace-7f7985ee6ddb,f914e3ef-9560-431f-81b9-c4440569137e,2025-01-29T08:15:00,Warts (Charmakeela),"Thuja, Neem",None specific,"Light, dry, warm foods. Avoid heavy and oily. Pungent, bitter, astringent.",1,62,Significantly Improved
70127635-9461-429b-9212-2e4f9df31283,0444f304-d2d5-4eef-9df4-4b38f0712c46,c5c95a96-71a3-4afd-82e9-945022196650,2025-01-06T12:15:00,Angina (Hrit Shoola),"Arjuna, Guggulu",Gentle breathing,"Warm, oily foods. Avoid cold and dry. Sweet, sour, salty taste.",14,72,Improved
2e57d882-fc10-404b-b0b3-07a82644702e,57ac687b-cfd1-4c26-a6ef-9ef9784fe7c1,2dda2035-a46c-4eae-a9c4-e059e0d18ccf,2025-01-01T14:30:00,Conjunctivitis (Netra Abhishyanda),"Triphala eye wash, Rose water",Netra Vyayama,"Cool, light foods. Avoid spicy and fermented. Sweet, bitter, astringent.",16,49,Improved
92426c35-05fd-4612-9f41-ab3285561dd3,b559e569-3c1c-4d8f-a9bf-e1d850987fba,3b6e60a2-bedc-4721-bf4f-280f636c417d,2025-01-31T12:45:00,Lymphadenopathy (Apachi),"Guduchi, Manjistha",Gentle movement,"Cool, light foods. Avoid spicy and fermented. Sweet, bitter, astringent.",3,89,Stable
2aeb7001-8d3a-4a4f-b147-f352b68c21e7,b45a0641-3cff-4e1a-8bce-40a8df3fa799,7f774f21-0d23-4de3-8a96-8d8f7140476a,2025-01-06T10:00:00,Psoriasis (Kitibha Kushtha),"Neem, Turmeric, Manjistha",Sheetali Pranayama,"Cool, light foods. Avoid spicy and fermented. Sweet, bitter, astringent.",7,44,Improved
4323bd8e-0235-4622-9ac4-96f368f4ccbf,b56996c2-8d55-43ee-a273-08fb3b9a9e41,956dfaf4-b5e6-48b0-8767-a634f5ad7ddb,2025-01-02T14:15:00,Epilepsy (Apasmara),"Brahmi, Ashwagandha","Shavasana, mindfulness","Warm, oily foods. Avoid cold and dry. Sweet, sour, salty taste.",2,78,Under Treatment
33e1939f-4f8c-4782-b607-5590abc652c7,8e19d97b-7381-4316-8120-3e70a3e0fc81,48603141-320f-4bb2-9983-e3574306ab0d,2025-01-28T13:15:00,Hyperlipidemia (Medo Vriddhi),"Guggulu, Arjuna, Triphala",Surya Namaskar,"Light, dry, warm foods. Avoid heavy and oily. Pungent, bitter, astringent.",1,44,Under Treatment
0611f43d-cb5b-4311-9a09-616119e150b9,b052dc67-eff1-4d67-b185-1643888dd0e2,b25be6b7-b20d-4339-a1d9-9d8fcbbc8773,2025-01-14T10:30:00,Fibromyalgia (Sarvanga Vata),"Ashwagandha, Guggulu",Gentle stretching,"Warm, oily foods. Avoid cold and dry. Sweet, sour, salty taste.",10,92,Improved
ac8deb52-99a0-41ce-ad9b-80bf73594579,bd0e5a8b-16d4-4f02-aa4f-c54dc2d79ba8,c5a24a97-67a2-481f-956a-a254a1a6f6d4,2025-01-07T16:00:00,Burnout (Chitta Klama),"Ashwagandha, Brahmi, Jatamansi",Yoga Nidra,"Warm, oily foods. Avoid cold and dry. Sweet, sour, salty taste.",3,78,Improved
261fad31-8786-4918-9811-3b6f312a2eff,bb650585-b1a0-4158-88d7-52614c0e3584,81f285c3-9157-4f8a-98e9-5b76757c5920,2025-01-28T14:45:00,Typhoid (Antrika Jwara),"Guduchi, Sudarshan Churna","Rest, Shavasana","Cool, light foods. Avoid spicy and fermented. Sweet, bitter, astringent.",8,59,Recovered
1c4806f6-177f-42cf-8d4e-8a2b995c880a,9f8a98d2-a7aa-41a6-a9b6-3e052ae361b4,db7b7c4e-5ac8-4403-886a-57593c727a2e,2025-01-27T18:15:00,Kidney Stones (Ashmari),"Gokshura, Punarnava, Pashanabheda",Baddha Konasana,"Light, dry, warm foods. Avoid heavy and oily. Pungent, bitter, astringent.",7,74,Improved
79376579-5dd4-4b07-87fb-96c4e4c881c8,5a4729a5-b64f-405f-b900-2d70a2ff1c66,20532990-fa9d-415b-8c21-3d3d6ddb0fff,2025-01-18T11:45:00,Scoliosis (Kubjata),"Ashwagandha, Guggulu",Spine-flexibility yoga,"Warm, oily foods. Avoid cold and dry. Sweet, sour, salty taste.",15,47,Improved
a45bd7a1-9bcf-4e7d-a378-6607cdd61b9c,e6aaf6b0-8c8c-4125-b15c-de9f34dda81e,f5acf78a-80f0-452c-940d-484953d5b24a,2025-01-07T10:00:00,Pharyngitis (Galashotha),"Tulsi, Yashtimadhu",Bhramari Pranayama,"Light, dry, warm foods. Avoid heavy and oily. Pungent, bitter, astringent.",8,92,Stable
0f0dcf32-b44b-4434-870c-427666ea93c5,302816fc-58aa-4b96-b56b-f33f8ec63da7,7f454583-8b48-425a-a001-f20df0ea56fc,2025-01-22T14:45:00,Fatty Liver (Yakrit Meda Vriddhi),"Bhumi Amla, Guduchi, Triphala",Surya Namaskar,"Light, dry, warm foods. Avoid heavy and oily. Pungent, bitter, astringent.",1,78,Significantly Improved
def871c5-0f05-4de8-97a3-25060d0f653f,3f6f08a0-fd3c-4407-a86a-0d6b530ec7b3,c7dc2ac1-dfb0-43df-97e0-2c349484f4c2,2025-01-07T14:00:00,Digestive Disorder (Vikara),"Triphala, Ginger","Vajrasana, Pranayama","Cool, light foods. Avoid spicy and fermented. Sweet, bitter, astringent.",3,81,Improved
5da67efc-e3af-49bf-af1c-437ef0b50be7,d65f2d2d-1292-4806-944f-83f3098f056f,c941cb7b-8bec-4ac1-a56c-9287991935a6,2025-01-16T14:15:00,Varicose Veins (Sira Granthi),"Guggulu, Triphala",Viparita Karani,"Warm, oily foods. Avoid cold and dry. Sweet, sour, salty taste.",6,90,Improved
be1afc85-c323-45ff-b0e4-d5ac8bca081f,5aed274c-93eb-4565-b320-83ac9ca24032,1dac09de-3898-467f-9e8f-347c6ce0d1b6,2025-01-01T12:30:00,Thyroid Disorder (Galaganda Vikara),"Ashwagandha, Guggulu, Kanchanar",Sarvangasana,"Warm, oily foods. Avoid cold and dry. Sweet, sour, salty taste.",13,84,Recovered
4a036783-1b57-42e0-bded-c18b1a4dd107,daf9b6c7-3958-4620-b9c6-fbad55c01da3,da3186e0-f23b-4588-a1f7-05778ed06fde,2025-01-03T08:45:00,Urinary Tract Infection (Mutradaha),"Gokshura, Chandan, Punarnava",Baddha Konasana,"Cool, light foods. Avoid spicy and fermented. Sweet, bitter, astringent.",2,54,Under Treatment
907205fc-edd9-444d-b54e-0b9b9716e477,33d39fd4-fa6f-496d-b800-e6575f4b54f4,d9b84bc2-ed7e-4821-a21c-5336bf3501c2,2025-01-26T17:30:00,Heart Disease (Hridroga),"Arjuna, Brahmi, Guggulu",Gentle Pranayama,"Warm, oily foods. Avoid cold and dry. Sweet, sour, salty taste.",3,89,Stable
b4b7ca20-828c-450a-ad4b-3e89829da794,a208147f-d12d-4eb4-8b06-6dc44ee0c0d1,1e040f4c-5d40-46b1-84f5-727aaf81cba3,2025-01-17T17:45:00,Gout (Vatarakta),"Guduchi, Triphala",Gentle stretching,"Cool, light foods. Avoid spicy and fermented. Sweet, bitter, astringent.",6,67,Improved
1e0eb045-3d48-44c0-9abf-40b737047aaa,e8a1050b-c761-48ab-9b87-8a706f3b933f,d91a6451-409d-4876-90f1-8858d6474d35,2025-01-20T13:00:00,Burnout (Chitta Klama),"Ashwagandha, Brahmi, Jatamansi",Yoga Nidra,"Warm, oily foods. Avoid cold and dry. Sweet, sour, salty taste.",6,44,Significantly Improved
f929dc39-1bad-4dc2-879a-698e2347b540,b6700f93-77b3-472a-99d1-0f5aa02f4a8c,14a1102b-c7b4-4686-acfe-d0d79c01eeca,2025-01-04T13:45:00,Sciatica (Gridhrasi),"Nirgundi, Guggulu",Pawanmuktasana,"Warm, oily foods. Avoid cold and dry. Sweet, sour, salty taste.",3,51,Under Treatment
f23ab2a0-76e6-4531-b8ce-0aa5fe5bffc9,f7735153-ebdb-4a60-8d5c-ca03e17ec055,c08ca5cf-f8fa-48eb-952a-a34b6b752703,2025-01-30T17:30:00,Worm Infection (Krimi Roga),"Vidanga, Palasha, Triphala",Pawanmuktasana,"Warm, oily foods. Avoid cold and dry. Sweet, sour, salty taste.",6,47,Under Treatment
174ba240-69aa-4b24-a08e-9d6d2592132f,816dc866-ebe8-4377-b1ae-9ff8fa1be226,fc94c582-2356-401a-a09c-665237750671,2025-01-16T14:15:00,Vertigo (Bhrama),"Brahmi, Ashwagandha",Shavasana,"Warm, oily foods. Avoid cold and dry. Sweet, sour, salty taste.",7,57,Stable
2b2b553e-606d-463f-bad6-2c6e94fbd669,1eebdf3d-6820-4b80-a3a4-029a09622620,124446fb-ffb0-4ac9-90d1-c927a1dbbca2,2025-01-06T10:45:00,Measles (Romantika),"Tulsi, Guduchi, Neem",Rest,"Cool, light foods. Avoid spicy and fermented. Sweet, bitter, astringent.",3,56,Improved
4b72785b-224c-4361-86c0-614d6c7b1959,b0bb2b40-4f60-4e5f-a5bc-7f95a5826ba8,6fd80850-d730-41cb-bd93-3054ae070304,2025-01-09T15:00:00,Gastritis (Urdhva Amlapitta),"Yashtimadhu, Amla",Vajrasana,"Cool, light foods. Avoid spicy and fermented. Sweet, bitter, astringent.",3,94,Improved
e9b59123-f19c-4d6b-8ba9-3a51beef562c,6c5b4adc-74b6-4673-8ff7-34b070518821,e93128d0-8824-4774-88b1-7e771869ea02,2025-01-02T18:45:00,Vertigo (Bhrama),"Brahmi, Ashwagandha",Shavasana,"Warm, oily foods. Avoid cold and dry. Sweet, sour, salty taste.",3,69,Improved
77136757-f56f-404e-a4d2-c1090ee83ea6,493ce533-a40e-41da-b998-80990e815203,718e3920-ded4-4cb3-8f0b-948b8c195206,2025-01-16T16:30:00,Tennis Elbow (Kurpara Shoola),"Nirgundi, Guggulu",Gentle stretching,"Warm, oily foods. Avoid cold and dry. Sweet, sour, salty taste.",3,81,Under Treatment
aa0067c2-7e57-45a7-9e2e-e954dbd8b4fc,b04a2d73-1fa1-4be0-95bc-c1de06279db2,5f08ea93-3993-4c38-8fe3-6203e873044e,2025-01-31T09:45:00,Vertigo (Bhrama),"Brahmi, Ashwagandha",Shavasana,"Warm, oily foods. Avoid cold and dry. Sweet, sour, salty taste.",3,90,Under Treatment
d3b45a58-1a4f-42c3-a4df-46183cb28be0,6bdf1d70-531f-44b3-b456-2544d6fc76f9,3e2f2217-10f7-4b64-8ec7-86b3828bee3e,2025-01-18T08:15:00,Conjunctivitis (Netra Abhishyanda),"Triphala eye wash, Rose water",Netra Vyayama,"Cool, light foods. Avoid spicy and fermented. Sweet, bitter, astringent.",1,45,Under Treatment
e0972d80-6566-4b3c-9e61-c1d0684227d9,555ab5cc-8c89-4fc3-93e0-b67a8d5cd78b,5a2f23d1-218e-4302-bced-0fc1b998e77f,2025-01-02T17:15:00,Lymphadenopathy (Apachi),"Guduchi, Manjistha",Gentle movement,"Cool, light foods. Avoid spicy and fermented. Sweet, bitter, astringent.",7,83,Improved
0cd07b5d-d391-43d8-a190-d4e5bc391641,4ea26a91-81f4-4484-8b88-1d9fab2d4d07,fdc8d01f-c28e-4b4c-b9de-c2d0e386f752,2025-01-03T16:30:00,Back Pain (Prishtha Shoola),"Guggulu, Ashwagandha",Bhujangasana,"Warm, oily foods. Avoid cold and dry. Sweet, sour, salty taste.",8,49,Significantly Improved
7799ae70-b853-42fa-b8ec-2d31df8b6eea,9f848fca-57e9-4bea-80b2-27b3643ba6a3,e6962603-640b-487f-85dd-b21f2d8dd632,2025-01-11T17:30:00,Hypertension (Raktachaapa Vriddhi),"Arjuna, Sarpagandha, Ashwagandha","Shavasana, Anulom Vilom","Cool, light foods. Avoid spicy and fermented. Sweet, bitter, astringent.",12,79,Improved
066b5d31-4b78-4d98-92ce-651371226288,cd904409-24fc-4557-b82d-c5c3e8daede2,3cb1fd6a-d2e9-42a7-93ef-023c043f937e,2025-01-29T09:00:00,Eczema (Vicharchika),"Neem, Aloe Vera, Turmeric",Sheetali Pranayama,"Cool, light foods. Avoid spicy and fermented. Sweet, bitter, astringent.",1,65,Improved
6ab2db91-729a-4743-aa16-a590d2e18831,5bfd7492-c854-41c0-93df-57389c318952,e1332e44-b1f3-48a7-9f07-88d1ebc857d8,2025-01-25T13:45:00,Thyroid Disorder (Galaganda Vikara),"Ashwagandha, Guggulu, Kanchanar",Sarvangasana,"Warm, oily foods. Avoid cold and dry. Sweet, sour, salty taste.",1,65,Improved
3859dce8-3c60-420e-99c1-bf0f907e088f,11bf2eac-aa7a-4ba7-bbce-d04555359cd7,9e55998f-fa55-4759-a5b3-14f453819210,2025-01-17T12:30:00,Sinusitis (Apinasa),"Sitopaladi Churna, Tulsi",Jal Neti,"Light, dry, warm foods. Avoid heavy and oily. Pungent, bitter, astringent.",3,60,Under Treatment
0b95c70e-4116-46e0-a2c2-1f68572ed84e,dcbb6106-5659-40ed-9091-5097c7586407,1611b9cd-764b-4ca4-913b-49332a84f933,2025-01-10T10:00:00,Tonsillitis (Tundikeri),"Sitopaladi Churna, Yashtimadhu",Jal Neti,"Light, dry, warm foods. Avoid heavy and oily. Pungent, bitter, astringent.",6,65,Improved
24650766-5991-4d41-b85a-2216e3726963,ea71d260-7182-4f42-b5e8-f53b222bb11a,90794ae6-a94a-4675-9ed2-8d97f55f5212,2025-02-11T14:15:00,Joint Pain (Amavata),"Ashwagandha, Guggulu",Pawanmuktasana,"Warm, oily foods. Avoid cold and dry. Sweet, sour, salty taste.",8,61,Improved
6d9cdfd3-5a14-48fd-aa93-341cb75d2ea8,185b60ba-1aff-45c2-87ed-0becaa2e2a71,35829ec0-3f13-46fa-845a-54b3d3bac06b,2025-02-10T08:00:00,Anxiety (Chittodvega),"Brahmi, Ashwagandha","Yoga Nidra, Shavasana","Warm, oily foods. Avoid cold and dry. Sweet, sour, salty taste.",3,64,Under Treatment
9da99bb0-577f-47c5-aa37-d84b330ad925,83dacb16-5e0b-4d52-8df6-19f9ab44dcde,7b1c67cb-6909-40e9-919f-1ceae552b4af,2025-02-10T12:45:00,Cough (Kasa),"Sitopaladi Churna, Tulsi","Pranayama, Bhujangasana","Light, dry, warm foods. Avoid heavy and oily. Pungent, bitter, astringent.",8,65,Stable
368b399b-426b-48e3-a2d2-7a36ecbcd648,4765c693-4fbd-46b9-9035-05882ba6c9c0,87a649e0-f9a8-4dfe-9a5a-1aa5f43c1ef7,2025-02-27T18:15:00,Joint Pain (Amavata),"Ashwagandha, Guggulu",Pawanmuktasana,"Warm, oily foods. Avoid cold and dry. Sweet, sour, salty taste.",8,60,Recovered
f01d688b-ba80-4d40-9fa9-81c995533bae,ae306701-4121-4429-9755-8aa83694a025,2de15e88-b872-44b1-a6fa-af32bfbba507,2025-02-03T09:30:00,Anxiety (Chittodvega),"Brahmi, Ashwagandha","Yoga Nidra, Shavasana","Warm, oily foods. Avoid cold and dry. Sweet, sour, salty taste.",4,77,Improved
9711ab90-f282-41b9-91c8-0b107425344f,cdc53634-b109-4a90-9e24-27af7ec732bd,a1723baf-5134-4164-bd15-174d3412c3b1,2025-02-01T12:00:00,Constipation (Vibandha),"Triphala, Isabgol",Pawanmuktasana,"Warm, oily foods. Avoid cold and dry. Sweet, sour, salty taste.",2,48,Recovered
b81031e4-77b1-4a28-8ffd-5dcb53c81254,919dd9fe-8727-4be0-b1d9-605ec59b16a6,f167003b-bd87-4137-a47e-fc68232649e5,2025-02-21T18:30:00,Joint Pain (Amavata),"Ashwagandha, Guggulu",Pawanmuktasana,"Warm, oily foods. Avoid cold and dry. Sweet, sour, salty taste.",8,65,Significantly Improved
5168a0cf-d75a-4fdd-84f0-f2e1e13a7df5,b70fedb3-9048-42f5-9ac3-63f66ecfb90a,eac26d7d-a23f-450b-9763-91ff8fb6d54c,2025-02-21T11:00:00,Joint Pain (Amavata),"Ashwagandha, Guggulu",Pawanmuktasana,"Warm, oily foods. Avoid cold and dry. Sweet, sour, salty taste.",4,72,Improved
14f51d69-094d-4402-a53b-d2516ad5df17,3c687bce-33cc-4b0c-891d-283dce9cc7a1,270595a1-8322-4d4f-8ec8-e5582de32a19,2025-02-18T09:15:00,Joint Pain (Amavata),"Ashwagandha, Guggulu",Pawanmuktasana,"Warm, oily foods. Avoid cold and dry. Sweet, sour, salty taste.",7,62,Recovered
6a79c189-725f-4780-bdf4-01d45edde087,e6aaf6b0-8c8c-4125-b15c-de9f34dda81e,04af714b-eaa3-45ac-9a14-eb5b13a1c3e4,2025-02-10T08:30:00,Anxiety (Chittodvega),"Brahmi, Ashwagandha","Yoga Nidra, Shavasana","Warm, oily foods. Avoid cold and dry. Sweet, sour, salty taste.",3,76,Significantly Improved
66546cb1-81ba-44fe-b714-a32710f54ce2,8fbbc541-4c1d-4549-9bf6-a39f3e4708e5,27fa5539-caa9-4c1e-bcd8-529c3f275932,2025-02-16T09:45:00,Rhinitis (Pratishyaya),Shadabindu Taila,Jal Neti,"Light, dry, warm foods. Avoid heavy and oily. Pungent, bitter, astringent.",2,70,Stable
0dc00bf2-d5e8-4182-8599-2c4e04b44d8c,923a888c-55cf-4d2b-99c9-2b8dc426276b,fa40f619-9a5e-4104-bb40-aca724caf96d,2025-02-19T17:30:00,Anxiety (Chittodvega),"Brahmi, Ashwagandha","Yoga Nidra, Shavasana","Warm, oily foods. Avoid cold and dry. Sweet, sour, salty taste.",5,71,Improved
ca31be7d-bf8e-411d-837f-0e340e4510ce,f37e73f3-fb04-487c-ac16-cf2cb4242a12,e2cd7c97-7bb5-4298-acf9-b4ae98fe6d96,2025-02-10T11:15:00,Asthma (Tamaka Shwasa),"Vasaka, Kantakari",Anulom Vilom,"Light, dry, warm foods. Avoid heavy and oily. Pungent, bitter, astringent.",13,60,Significantly Improved
9371086e-8e6d-4b2c-b39e-d73ba79cf1e4,0560cf02-dee3-42ec-b121-ebb6fc257e3d,9cf952cc-8076-4119-9dd2-ea24a512ce51,2025-02-04T16:30:00,Asthma (Tamaka Shwasa),"Vasaka, Kantakari",Anulom Vilom,"Light, dry, warm foods. Avoid heavy and oily. Pungent, bitter, astringent.",8,84,Improved
247d9829-3e4d-4d8b-b65a-e5701bd3ed52,32d20d68-3081-4cf4-8b7f-6071d93a2cc5,4f1452fa-1cfb-4a5d-a21f-f7c1a607e3fa,2025-02-25T09:00:00,Joint Pain (Amavata),"Ashwagandha, Guggulu",Pawanmuktasana,"Warm, oily foods. Avoid cold and dry. Sweet, sour, salty taste.",7,66,Stable
c8cd18fc-a7b5-409f-acb5-cf6dee09d880,6184736c-c7e8-41a2-8f83-628c0c474acd,6586590a-5ad2-48d8-a833-5ee6edc48dd4,2025-02-27T16:45:00,Anxiety (Chittodvega),"Brahmi, Ashwagandha","Yoga Nidra, Shavasana","Warm, oily foods. Avoid cold and dry. Sweet, sour, salty taste.",3,65,Significantly Improved
ace24d6f-5b73-4b3d-9544-47238877f408,32fb151f-1500-4802-bf2e-a28569bca551,790c2101-0c07-40e2-9fe5-3b45de22e514,2025-02-08T18:30:00,Constipation (Vibandha),"Triphala, Isabgol",Pawanmuktasana,"Warm, oily foods. Avoid cold and dry. Sweet, sour, salty taste.",2,74,Recovered
a83c88d9-7942-4cb0-9b06-5f5cc13130dd,b6700f93-77b3-472a-99d1-0f5aa02f4a8c,9e51dc4c-0e28-459b-a299-efd69da98aea,2025-02-05T17:45:00,Asthma (Tamaka Shwasa),"Vasaka, Kantakari",Anulom Vilom,"Light, dry, warm foods. Avoid heavy and oily. Pungent, bitter, astringent.",9,91,Improved
5951ccc4-389a-4cbc-88f7-fd0ef8ef5237,8c2a121a-1419-4c9b-8832-c318ea5bf70c,004e04e7-2134-43b0-8732-c6cf75a63603,2025-02-11T16:15:00,Asthma (Tamaka Shwasa),"Vasaka, Kantakari",Anulom Vilom,"Light, dry, warm foods. Avoid heavy and oily. Pungent, bitter, astringent.",6,40,Improved
4fb6305f-ae38-4de1-9bb2-320f7ed75f45,b052dc67-eff1-4d67-b185-1643888dd0e2,2c14f56b-5b00-440f-b617-40f2dff964af,2025-02-05T16:00:00,Joint Pain (Amavata),"Ashwagandha, Guggulu",Pawanmuktasana,"Warm, oily foods. Avoid cold and dry. Sweet, sour, salty taste.",8,78,Improved
4b7aebf8-b7fb-4728-be9f-b96d120bc53d,67b44b89-6709-4fbd-8d7d-6e09a89bfc30,eaf6d535-ec99-46fa-be2b-0beebf766842,2025-02-04T17:45:00,Constipation (Vibandha),"Triphala, Isabgol",Pawanmuktasana,"Warm, oily foods. Avoid cold and dry. Sweet, sour, salty taste.",3,89,Stable
8e94bfd4-5c28-4c53-9052-0283bcfcf4e8,88541d32-5fcf-4d73-893f-b3a3d4b1b707,54cd6cea-a65a-4d65-a6f9-7d6aff4e896c,2025-02-10T16:00:00,Constipation (Vibandha),"Triphala, Isabgol",Pawanmuktasana,"Warm, oily foods. Avoid cold and dry. Sweet, sour, salty taste.",2,50,Stable
51504e54-4276-4d51-9c83-0e30750e45df,919dd9fe-8727-4be0-b1d9-605ec59b16a6,f526f8bc-2159-40ed-9ba9-ed6240740353,2025-02-02T13:15:00,Cough (Kasa),"Sitopaladi Churna, Tulsi","Pranayama, Bhujangasana","Light, dry, warm foods. Avoid heavy and oily. Pungent, bitter, astringent.",7,64,Significantly Improved
a2eaf8b1-0bc3-4e27-8b89-1b969b110c78,4ec8a664-7ac6-4a20-9858-da1eecb4efa0,a9c45738-cd78-4bbb-907e-2022254aac6a,2025-02-23T12:30:00,Rhinitis (Pratishyaya),Shadabindu Taila,Jal Neti,"Light, dry, warm foods. Avoid heavy and oily. Pungent, bitter, astringent.",2,48,Recovered
be556fbc-8710-41c5-ad6f-b783a9f1355a,e2e7ef21-a5dd-4765-903d-770a6aa7b5b8,28601c51-223a-496c-824d-a290fdcc5ec9,2025-02-02T16:15:00,Asthma (Tamaka Shwasa),"Vasaka, Kantakari",Anulom Vilom,"Light, dry, warm foods. Avoid heavy and oily. Pungent, bitter, astringent.",16,49,Significantly Improved
06b7744d-59dd-4b11-a338-373d282164a0,a8875edb-f381-4a2e-be33-fbaa2694b26f,99607c74-7fc1-4594-8d20-a1bf58dba027,2025-02-28T18:15:00,Joint Pain (Amavata),"Ashwagandha, Guggulu",Pawanmuktasana,"Warm, oily foods. Avoid cold and dry. Sweet, sour, salty taste.",7,63,Stable
527e71dd-002e-4850-b2f7-69efb241d9e5,71ea6e60-7682-4ad2-bcdb-684c24439b95,1bf514fd-6375-4173-8be6-4ed4655325f9,2025-02-21T10:00:00,Anxiety (Chittodvega),"Brahmi, Ashwagandha","Yoga Nidra, Shavasana","Warm, oily foods. Avoid cold and dry. Sweet, sour, salty taste.",5,48,Significantly Improved
2c6c0b11-255c-4329-bcb4-de150052ae6d,fbdbd9c2-c61b-491a-b6cd-4d56a1ac14b0,8d07510f-edff-4a7a-a231-38a7db30d4cf,2025-02-25T11:30:00,Asthma (Tamaka Shwasa),"Vasaka, Kantakari",Anulom Vilom,"Light, dry, warm foods. Avoid heavy and oily. Pungent, bitter, astringent.",14,43,Stable
5ec1d83f-dba8-47f9-8078-c00cb0aa085c,ad7a75c7-29e5-41c7-b74c-f083a374960f,14cb3cd2-6498-4a34-952c-8efbfae53ff1,2025-02-28T08:30:00,Cough (Kasa),"Sitopaladi Churna, Tulsi","Pranayama, Bhujangasana","Light, dry, warm foods. Avoid heavy and oily. Pungent, bitter, astringent.",4,65,Stable
0ea4c4b5-97cc-44b2-9456-7d894d73a5cd,908db5ac-d49c-4b57-ba9f-7139d55bebd0,6df834f5-9133-4d67-83a3-be36658840a0,2025-02-03T08:15:00,Asthma (Tamaka Shwasa),"Vasaka, Kantakari",Anulom Vilom,"Light, dry, warm foods. Avoid heavy and oily. Pungent, bitter, astringent.",16,44,Recovered
a15a38ec-856e-4923-bd2a-f7f545d38f5c,e8beecfb-36c9-4d1d-9856-e91005d7527d,23090379-bf38-45bc-9b29-4eb072af2668,2025-02-25T10:15:00,Constipation (Vibandha),"Triphala, Isabgol",Pawanmuktasana,"Warm, oily foods. Avoid cold and dry. Sweet, sour, salty taste.",1,57,Improved
00c52be8-1ed3-4ea2-b669-62cc9520f1a7,5c81d240-7588-4bdd-aefe-8662ce026c82,37f9c57c-6939-4f35-9017-2c8158c040ab,2025-02-17T11:00:00,Asthma (Tamaka Shwasa),"Vasaka, Kantakari",Anulom Vilom,"Light, dry, warm foods. Avoid heavy and oily. Pungent, bitter, astringent.",6,63,Significantly Improved
df594deb-5212-4bff-b944-461b487736de,77e0261b-d462-40a6-9715-fb5dbf204533,09f41d3d-67f1-438c-af96-8eeb7be8ced5,2025-02-07T14:15:00,Cough (Kasa),"Sitopaladi Churna, Tulsi","Pranayama, Bhujangasana","Light, dry, warm foods. Avoid heavy and oily. Pungent, bitter, astringent.",6,77,Improved
1860e707-ba4c-4cfb-b05f-39aeb691f162,555ab5cc-8c89-4fc3-93e0-b67a8d5cd78b,d45b8436-d73b-41ab-8643-29d36bf4e807,2025-02-28T14:15:00,Cough (Kasa),"Sitopaladi Churna, Tulsi","Pranayama, Bhujangasana","Light, dry, warm foods. Avoid heavy and oily. Pungent, bitter, astringent.",4,40,Stable
35f6f017-f755-4c04-88ae-c881d4e38d11,809d0f5a-db30-4e49-b921-50b7688e7258,b74eca65-5318-45df-8394-d88319a5cc80,2025-02-06T10:45:00,Asthma (Tamaka Shwasa),"Vasaka, Kantakari",Anulom Vilom,"Light, dry, warm foods. Avoid heavy and oily. Pungent, bitter, astringent.",10,90,Improved
53f9fed0-68f7-46ab-8896-58015d0f9d41,022858d9-cc53-4068-8aab-09925dbcc4c6,0447c741-aaf1-4b94-96c5-962dad94fcda,2025-02-27T16:30:00,Anxiety (Chittodvega),"Brahmi, Ashwagandha","Yoga Nidra, Shavasana","Warm, oily foods. Avoid cold and dry. Sweet, sour, salty taste.",3,80,Improved
9dd8b8b3-2fee-4c37-961e-d9e819564741,4f59a5b0-1126-41ba-8f53-ddbaf28bd393,c1da5038-25ba-42c7-970b-993a56c22e4e,2025-02-18T17:45:00,Constipation (Vibandha),"Triphala, Isabgol",Pawanmuktasana,"Warm, oily foods. Avoid cold and dry. Sweet, sour, salty taste.",1,78,Improved
d47abf59-fba2-4bd1-9658-efa5087dfef3,47b82b89-25d8-4641-82db-29c85c78a0a8,6f200494-3d07-49a4-866e-e7a60edfbab4,2025-02-24T10:30:00,Constipation (Vibandha),"Triphala, Isabgol",Pawanmuktasana,"Warm, oily foods. Avoid cold and dry. Sweet, sour, salty taste.",1,55,Under Treatment
b9ec4148-fee2-4560-a866-9630b460e394,5de20296-88b5-41f8-a109-b75b6d9b3c61,7a005445-ad8d-47a0-9d6d-edbe6c94f0f9,2025-02-01T11:00:00,Asthma (Tamaka Shwasa),"Vasaka, Kantakari",Anulom Vilom,"Light, dry, warm foods. Avoid heavy and oily. Pungent, bitter, astringent.",14,63,Improved
ed2aef46-b5ba-4130-ae04-f3efbbf9474f,013d24fb-de3f-46a5-a397-b3233c0c6a38,26258b3c-5542-4999-bc28-98459f282e17,2025-02-26T17:30:00,Anxiety (Chittodvega),"Brahmi, Ashwagandha","Yoga Nidra, Shavasana","Warm, oily foods. Avoid cold and dry. Sweet, sour, salty taste.",6,91,Significantly Improved
b5473b7d-ba30-4ac3-9dc5-f21a76448617,668fcd78-5dd8-4a63-b69d-8cd22f8f8d77,9ecb6e63-0d54-4aa7-b084-ef947ec2d0d4,2025-02-27T13:15:00,Anxiety (Chittodvega),"Brahmi, Ashwagandha","Yoga Nidra, Shavasana","Warm, oily foods. Avoid cold and dry. Sweet, sour, salty taste.",6,86,Significantly Improved
ae20eb11-0ad2-499e-8974-8a7487939dc1,d1117b7d-b826-49ba-a204-890faeac4230,460571f0-bbae-44f2-9bf1-692684153878,2025-02-03T13:30:00,Joint Pain (Amavata),"Ashwagandha, Guggulu",Pawanmuktasana,"Warm, oily foods. Avoid cold and dry. Sweet, sour, salty taste.",8,93,Significantly Improved
31282c0c-673c-459c-b3bb-93fde2d701e6,3d0247b2-e0a0-43a9-9b08-fd32d80c51c4,fd9899dd-e2f8-4a42-843b-21ea418b205a,2025-02-22T17:15:00,Joint Pain (Amavata),"Ashwagandha, Guggulu",Pawanmuktasana,"Warm, oily foods. Avoid cold and dry. Sweet, sour, salty taste.",7,68,Improved
7d8817e7-1721-4989-8957-e7a34bd12f39,4571dd57-064d-4016-a800-f13c33ed96fa,3fabb1b2-7e2b-4247-a49e-fe775fda6be1,2025-02-13T12:15:00,Asthma (Tamaka Shwasa),"Vasaka, Kantakari",Anulom Vilom,"Light, dry, warm foods. Avoid heavy and oily. Pungent, bitter, astringent.",7,47,Improved
c47ad110-213d-44c4-b8e8-14f9d56f9bdb,60c98316-c9d5-47f2-ae1a-f237f0e057c9,e685a5da-9f9e-48a3-8558-d95c33a5e3da,2025-02-16T11:15:00,Joint Pain (Amavata),"Ashwagandha, Guggulu",Pawanmuktasana,"Warm, oily foods. Avoid cold and dry. Sweet, sour, salty taste.",6,59,Stable
33edf692-ef4d-446d-be9b-feac41422a6f,e6aaf6b0-8c8c-4125-b15c-de9f34dda81e,262b5f93-b77e-4105-a358-4299c389062b,2025-02-12T18:45:00,Rhinitis (Pratishyaya),Shadabindu Taila,Jal Neti,"Light, dry, warm foods. Avoid heavy and oily. Pungent, bitter, astringent.",3,86,Improved
d5822939-0f36-41c9-8783-218a08fb26b7,5c03408e-9a09-4fb8-8c17-5ee07c9e9039,386238c4-6cbc-4b50-ab3b-788b694e6b9d,2025-02-05T09:00:00,Joint Pain (Amavata),"Ashwagandha, Guggulu",Pawanmuktasana,"Warm, oily foods. Avoid cold and dry. Sweet, sour, salty taste.",6,50,Significantly Improved
77784164-06ea-4337-be56-268367537730,82b3f3e1-dcaa-4889-b2c5-b2c6cf0dce4e,ca0a91bc-b928-418f-a3a5-6a1321caea63,2025-02-21T10:45:00,Anxiety (Chittodvega),"Brahmi, Ashwagandha","Yoga Nidra, Shavasana","Warm, oily foods. Avoid cold and dry. Sweet, sour, salty taste.",6,81,Under Treatment
de01eba7-20d4-4839-8108-f0872a1b8e0c,6e790b3b-331d-4e1f-9a80-897f720c0cd0,f27164b1-3b95-4ce9-b6ba-a1f236a8cad0,2025-02-28T18:00:00,Asthma (Tamaka Shwasa),"Vasaka, Kantakari",Anulom Vilom,"Light, dry, warm foods. Avoid heavy and oily. Pungent, bitter, astringent.",8,69,Stable
ab0213f2-04ed-4c6e-8011-13775e5372e6,ad7a75c7-29e5-41c7-b74c-f083a374960f,c1df3477-7c9d-4f39-a521-76cb7da4026b,2025-02-10T11:15:00,Rhinitis (Pratishyaya),Shadabindu Taila,Jal Neti,"Light, dry, warm foods. Avoid heavy and oily. Pungent, bitter, astringent.",1,88,Significantly Improved
686dcff0-398c-475c-9e56-2520c966532d,302816fc-58aa-4b96-b56b-f33f8ec63da7,0902dbd1-e486-4f16-882d-b595060d90e5,2025-02-01T13:30:00,Constipation (Vibandha),"Triphala, Isabgol",Pawanmuktasana,"Warm, oily foods. Avoid cold and dry. Sweet, sour, salty taste.",3,70,Significantly Improved
7c2b6c77-69cd-4560-852b-fe91930335f0,1e7ff456-61fb-46a3-b39d-5bab6ad372b3,027b470f-248f-4536-bdc1-8299c3cd08e2,2025-02-10T18:15:00,Joint Pain (Amavata),"Ashwagandha, Guggulu",Pawanmuktasana,"Warm, oily foods. Avoid cold and dry. Sweet, sour, salty taste.",7,84,Improved
af536887-b9cd-43ec-94b3-fb5f468b5aa6,dffadd63-56d7-4407-90bb-64b12273bfe7,ef8af20b-a476-4961-b8c0-d48d48f600cc,2025-02-18T09:45:00,Constipation (Vibandha),"Triphala, Isabgol",Pawanmuktasana,"Warm, oily foods. Avoid cold and dry. Sweet, sour, salty taste.",1,62,Recovered
0b055521-bfac-4ed4-811e-0f5a67c86461,e07cfeba-3c9f-4102-a70a-39204c01fc3f,be6cefd6-7db5-4fcf-b783-2b4a0e74b35c,2025-02-26T08:15:00,Rhinitis (Pratishyaya),Shadabindu Taila,Jal Neti,"Light, dry, warm foods. Avoid heavy and oily. Pungent, bitter, astringent.",3,63,Significantly Improved
e6325971-e39e-4707-81fa-c4bcc3fd6618,7928e7cf-c449-4d7e-8c10-9a404c9dda75,9ac8f90f-388c-4e2c-ae9d-74e8bce697f1,2025-02-05T18:45:00,Asthma (Tamaka Shwasa),"Vasaka, Kantakari",Anulom Vilom,"Light, dry, warm foods. Avoid heavy and oily. Pungent, bitter, astringent.",14,40,Improved
da9f7656-e3ed-42df-9bf3-2ac3e7e90fcb,b6ce1286-8f7d-41b3-8052-46b15da0f482,4d968095-cfeb-4bf1-9d2d-f5c9aec0c27c,2025-02-24T11:30:00,Anxiety (Chittodvega),"Brahmi, Ashwagandha","Yoga Nidra, Shavasana","Warm, oily foods. Avoid cold and dry. Sweet, sour, salty taste.",6,42,Improved
51dcdcf5-fea8-4797-97ea-63a9a0594765,715978e0-4565-45f5-9f67-7e3ea24febcf,7b85a8dd-507a-4ae0-bbb9-aca078577d65,2025-02-28T08:15:00,Cough (Kasa),"Sitopaladi Churna, Tulsi","Pranayama, Bhujangasana","Light, dry, warm foods. Avoid heavy and oily. Pungent, bitter, astringent.",3,52,Significantly Improved
5f75f826-7d6e-4b2f-89b4-9ed8709b28fc,e12b01b3-2939-476d-a29c-22c62cf1440a,93e7fe6f-359c-41c9-bff2-9b97a39bea80,2025-02-05T09:30:00,Rhinitis (Pratishyaya),Shadabindu Taila,Jal Neti,"Light, dry, warm foods. Avoid heavy and oily. Pungent, bitter, astringent.",3,51,Significantly Improved
dc17ea97-c0e3-4084-bcb8-01e0f6a0c869,b021bb1e-6e42-419a-bcff-6dacfc1a7d5c,eabd5c6e-0e0a-486e-8852-574f16fc3e80,2025-02-27T12:30:00,Anxiety (Chittodvega),"Brahmi, Ashwagandha","Yoga Nidra, Shavasana","Warm, oily foods. Avoid cold and dry. Sweet, sour, salty taste.",4,48,Stable
61106632-6e4e-41e7-b7c5-86941573138b,7c807a94-9bea-4a7a-9ef2-4a4c33a61949,be449440-4d76-45b6-ae35-49ffb4343101,2025-02-28T10:15:00,Asthma (Tamaka Shwasa),"Vasaka, Kantakari",Anulom Vilom,"Light, dry, warm foods. Avoid heavy and oily. Pungent, bitter, astringent.",16,58,Under Treatment
7673d634-3d2f-41a4-8f05-3824f771aa82,f68a4b14-46bc-4566-ba9e-6a61ad229b86,af918c4c-a5a7-4cbe-be41-1cac395518ab,2025-02-21T10:15:00,Anxiety (Chittodvega),"Brahmi, Ashwagandha","Yoga Nidra, Shavasana","Warm, oily foods. Avoid cold and dry. Sweet, sour, salty taste.",6,79,Improved
e7ca60f7-1ee2-42eb-b3b5-4bbd527dc26b,6d861f09-0077-420a-9c25-d085b2b7a889,e4d03f78-33a9-4f9d-97cb-c874dbdc61f2,2025-02-07T18:45:00,Cough (Kasa),"Sitopaladi Churna, Tulsi","Pranayama, Bhujangasana","Light, dry, warm foods. Avoid heavy and oily. Pungent, bitter, astringent.",3,57,Under Treatment
81b575dd-827b-463b-8583-6630f6906901,81115e80-f80c-43a6-b720-642f06c24ea9,50bdea5f-028f-4deb-996f-f928fc197c76,2025-02-24T08:45:00,Joint Pain (Amavata),"Ashwagandha, Guggulu",Pawanmuktasana,"Warm, oily foods. Avoid cold and dry. Sweet, sour, salty taste.",7,60,Stable
4a105d1c-1b97-4a59-b42d-92f201293d18,9e41afc4-d4c9-47d4-ab3b-dc6cadb1a142,0f009228-1d66-4af2-8e88-175944fc1cfb,2025-02-22T10:45:00,Cough (Kasa),"Sitopaladi Churna, Tulsi","Pranayama, Bhujangasana","Light, dry, warm foods. Avoid heavy and oily. Pungent, bitter, astringent.",5,93,Stable
6de96971-ba4b-4379-a88f-6f17f8b98bfd,f7eb68cd-37f7-4230-acc4-08fe206e93f8,1c7a1dda-cb8e-48d3-8ead-b04077455250,2025-02-21T15:00:00,Cough (Kasa),"Sitopaladi Churna, Tulsi","Pranayama, Bhujangasana","Light, dry, warm foods. Avoid heavy and oily. Pungent, bitter, astringent.",7,82,Significantly Improved
ccae0f0f-b763-429c-b611-8596882a56bc,b5a20d52-826a-404a-98f2-1c7cc74afc03,0a1bb13d-3784-4e0f-9c1e-c98f020f7e0e,2025-02-03T17:30:00,Anxiety (Chittodvega),"Brahmi, Ashwagandha","Yoga Nidra, Shavasana","Warm, oily foods. Avoid cold and dry. Sweet, sour, salty taste.",3,86,Improved
505babaa-fdb3-4af1-b466-6719284bbce1,9205ae42-b451-45be-8ede-80396a10ae1c,17ccad25-d7dc-4f77-9edf-ee7596ff80e9,2025-02-13T15:30:00,Constipation (Vibandha),"Triphala, Isabgol",Pawanmuktasana,"Warm, oily foods. Avoid cold and dry. Sweet, sour, salty taste.",1,50,Under Treatment
c26f6ed1-26fe-4b62-8868-c7dbced29ea2,3c692c45-3ea3-48a5-b49d-a253ec2a185a,91ecef33-1f75-4a4a-a327-36d50113e1d8,2025-02-25T15:00:00,Cough (Kasa),"Sitopaladi Churna, Tulsi","Pranayama, Bhujangasana","Light, dry, warm foods. Avoid heavy and oily. Pungent, bitter, astringent.",3,52,Improved
e9de555c-e58a-4117-a907-fe7f1023c8e2,012e3e81-9fa5-47ef-a669-493bfda5ee10,37346727-e94c-4b10-baef-4f4e58e5a8df,2025-02-14T17:45:00,Constipation (Vibandha),"Triphala, Isabgol",Pawanmuktasana,"Warm, oily foods. Avoid cold and dry. Sweet, sour, salty taste.",3,67,Significantly Improved
c7b4755a-53d4-476d-82e4-cea4fe318371,4424bbef-e9cf-45b6-8f78-d9063f13c9f0,2359469a-0087-4d68-bf4c-0c66b9023846,2025-02-06T15:45:00,Constipation (Vibandha),"Triphala, Isabgol",Pawanmuktasana,"Warm, oily foods. Avoid cold and dry. Sweet, sour, salty taste.",1,73,Stable
c7516e6f-2b59-4e9e-a7b9-6aeee0bae6f4,505365c6-d933-43d2-a5e2-4a44b9ce71e1,51848162-b694-4923-9906-9f07b8e9c968,2025-02-24T11:30:00,Joint Pain (Amavata),"Ashwagandha, Guggulu",Pawanmuktasana,"Warm, oily foods. Avoid cold and dry. Sweet, sour, salty taste.",3,52,Improved
83f7fc1e-cc9b-45e8-b847-35af5d880ef3,887c2549-d782-46e3-864c-ebfe36d81f69,46b0d143-8c2a-43e9-aa68-10d06dc361fb,2025-02-10T11:00:00,Constipation (Vibandha),"Triphala, Isabgol",Pawanmuktasana,"Warm, oily foods. Avoid cold and dry. Sweet, sour, salty taste.",1,41,Improved
d76b78f2-9f1d-4948-903a-c050e37fe884,a73ae9f9-de66-4bed-b723-c250ab73a65c,07152aaf-5406-46e6-92ba-a7b4192456e9,2025-02-17T15:30:00,Joint Pain (Amavata),"Ashwagandha, Guggulu",Pawanmuktasana,"Warm, oily foods. Avoid cold and dry. Sweet, sour, salty taste.",3,75,Significantly Improved
daee018e-cbec-463e-93a2-59f4d7cefb25,cb740f09-ee3b-47a4-927e-7920b916d772,c7c1a353-7f72-4c16-973f-c22a638c8c1e,2025-02-22T15:45:00,Constipation (Vibandha),"Triphala, Isabgol",Pawanmuktasana,"Warm, oily foods. Avoid cold and dry. Sweet, sour, salty taste.",2,45,Improved
d94bb3a2-99e8-4f33-a00b-e2dac8276f9c,d334836d-f7e8-4a2c-8348-0d18e7793074,ce397f43-4b17-49d7-b7d8-eb7e3d8c173b,2025-02-20T08:30:00,Joint Pain (Amavata),"Ashwagandha, Guggulu",Pawanmuktasana,"Warm, oily foods. Avoid cold and dry. Sweet, sour, salty taste.",3,84,Under Treatment
4d2aa799-5b3d-4777-919d-eb0645bd1e49,31744a7f-b6c2-49d0-8e82-4d5227c06185,b6bf6f37-dba2-4510-a026-d8bec1fcf0b7,2025-02-12T12:45:00,Constipation (Vibandha),"Triphala, Isabgol",Pawanmuktasana,"Warm, oily foods. Avoid cold and dry. Sweet, sour, salty taste.",2,76,Significantly Improved
157aa24f-6f4e-4195-a10b-6d8ce5bba076,5a57dd8f-085f-4867-9b4f-e61543fa2870,61252ffc-15ba-4f1b-b1ad-8e35185c1ed0,2025-02-10T08:30:00,Rhinitis (Pratishyaya),Shadabindu Taila,Jal Neti,"Light, dry, warm foods. Avoid heavy and oily. Pungent, bitter, astringent.",3,50,Significantly Improved
980673c7-f5a9-4c6a-b6f4-e6eaba6a3b0d,d334836d-f7e8-4a2c-8348-0d18e7793074,200e8fc1-0230-463c-a009-558400019a48,2025-02-09T09:30:00,Asthma (Tamaka Shwasa),"Vasaka, Kantakari",Anulom Vilom,"Light, dry, warm foods. Avoid heavy and oily. Pungent, bitter, astringent.",14,79,Significantly Improved
5651478b-777d-43a4-8119-3f6b50b49855,d3e9e3ed-00ef-4cd2-9ea2-5de5ff487ba3,0c5c9ea4-c5a7-467a-9869-4ad253585c0a,2025-02-13T12:30:00,Rhinitis (Pratishyaya),Shadabindu Taila,Jal Neti,"Light, dry, warm foods. Avoid heavy and oily. Pungent, bitter, astringent.",2,90,Stable
40764071-91ea-4f0e-874b-d7071dabb514,88bbc328-212d-4766-8274-cb8fbab426f0,531c4893-5029-42d9-a129-fd43359884f8,2025-02-27T17:15:00,Rhinitis (Pratishyaya),Shadabindu Taila,Jal Neti,"Light, dry, warm foods. Avoid heavy and oily. Pungent, bitter, astringent.",1,58,Stable
4820e5a5-206a-4ebf-af70-3be6740366a2,5b077a5a-6fe9-449a-b002-65fa60750bef,f6978e54-1a05-4688-9fe1-f2eff74daf4a,2025-02-01T18:15:00,Rhinitis (Pratishyaya),Shadabindu Taila,Jal Neti,"Light, dry, warm foods. Avoid heavy and oily. Pungent, bitter, astringent.",1,78,Improved
bae5450f-2284-4fb5-8c8f-390ac1814b04,1c1ced8e-3f9e-4ab9-9c10-f62a266ef8a5,e31a53db-4f58-4d0a-9095-97a4302e083d,2025-02-24T18:30:00,Constipation (Vibandha),"Triphala, Isabgol",Pawanmuktasana,"Warm, oily foods. Avoid cold and dry. Sweet, sour, salty taste.",1,43,Improved
94de8ab7-a122-4c4a-bbbe-5d68d3e75ed8,66f4a610-56d9-4a36-819f-96ceb1ebe9d0,a7c2d73f-0ccf-41ce-92fd-7eeb0d963d9c,2025-02-26T16:30:00,Conjunctivitis (Netra Abhishyanda),"Triphala eye wash, Rose water",Netra Vyayama,"Cool, light foods. Avoid spicy and fermented. Sweet, bitter, astringent.",3,91,Improved
be740fb7-7daf-4627-82f1-acb1563e8a9b,45b8dab4-ecc9-4ee6-a1af-37d2f01132a9,d971b38b-4214-4883-9938-34b7d3daad00,2025-02-25T14:00:00,Celiac Disease (Grahani Roga),"Kutki, Triphala",Vajrasana,"Warm, oily foods. Avoid cold and dry. Sweet, sour, salty taste.",3,49,Improved
b911c5f5-29c3-4638-941a-d32ce1318f97,32d695c7-d917-4fac-9b01-2a5e14ebc7ac,a4eb26d0-37b5-433c-8684-dcbf9c3c77c5,2025-02-10T14:30:00,Gastritis (Urdhva Amlapitta),"Yashtimadhu, Amla",Vajrasana,"Cool, light foods. Avoid spicy and fermented. Sweet, bitter, astringent.",6,80,Significantly Improved
c992af98-b85d-4395-b7a2-9eb9024deaae,17889c42-57f5-4de2-b1dd-54dd00b2ec77,0086d1dd-d804-457f-907f-4176382bb431,2025-02-18T09:30:00,Boils (Vidradhi),"Neem, Turmeric, Manjistha",Sheetali Pranayama,"Cool, light foods. Avoid spicy and fermented. Sweet, bitter, astringent.",5,65,Stable
9fae0c92-0886-4ace-8e01-673c5418c07e,9a72e043-3f74-4f90-a110-a5800b9b8323,c519f1c9-aa13-41d9-ac58-06207afd7478,2025-02-02T11:30:00,Sciatica (Gridhrasi),"Nirgundi, Guggulu",Pawanmuktasana,"Warm, oily foods. Avoid cold and dry. Sweet, sour, salty taste.",6,42,Under Treatment
2fcff0eb-3c68-493b-ac7f-85c4dffd4fe3,e3f00da9-8434-49e0-a93d-7d984ea47e16,dae9fa14-c2f5-4a5c-aa33-720f694327d3,2025-02-19T08:30:00,Psoriasis (Kitibha Kushtha),"Neem, Turmeric, Manjistha",Sheetali Pranayama,"Cool, light foods. Avoid spicy and fermented. Sweet, bitter, astringent.",2,84,Improved
6004d1a4-92f0-4916-9b07-8e6a3ea42b84,60c98316-c9d5-47f2-ae1a-f237f0e057c9,be4c3c90-32eb-4cbe-b5bb-1816f526dbcf,2025-02-10T10:30:00,Irritable Bowel Syndrome (Grahani),"Bilva, Kutaja, Triphala",Pawanmuktasana,"Warm, oily foods. Avoid cold and dry. Sweet, sour, salty taste.",8,82,Significantly Improved
c898aa68-39b8-4536-b19d-aceb0a905fbd,ecdf9681-f183-4da1-adfd-1362e48b0d74,d1ddb59c-11cf-40b1-9a32-a9799791f37d,2025-02-09T13:00:00,Amebiasis (Pittaja Atisara),"Kutki, Triphala",Vajrasana,"Cool, light foods. Avoid spicy and fermented. Sweet, bitter, astringent.",3,75,Improved
d5219bce-e54f-4df9-89c3-7b87548568d3,ff85b342-6b1a-4fad-8c2d-ab2e57df6db2,55696830-5dc9-4a92-afe2-76e4d44688bb,2025-02-25T10:15:00,Fatty Liver (Yakrit Meda Vriddhi),"Bhumi Amla, Guduchi, Triphala",Surya Namaskar,"Light, dry, warm foods. Avoid heavy and oily. Pungent, bitter, astringent.",4,41,Improved
2f2a6cb7-6992-4598-a4c1-23eb43d197d4,35a938c1-45df-43f5-9185-b86a99fae957,a9329361-725c-436f-8033-758de9bd1e2c,2025-02-01T08:15:00,Mumps (Karnamoola Shotha),"Guduchi, Tulsi",Rest,"Light, dry, warm foods. Avoid heavy and oily. Pungent, bitter, astringent.",2,47,Improved
07bfbdf5-88c2-46f9-9e8d-b50991e645a6,51041b61-94a8-4639-9097-492d572b5ce4,563be63e-dfb3-4ca1-afa7-90b83a0fcf3d,2025-02-05T15:30:00,Pharyngitis (Galashotha),"Tulsi, Yashtimadhu",Bhramari Pranayama,"Light, dry, warm foods. Avoid heavy and oily. Pungent, bitter, astringent.",2,63,Stable
d6195fcd-8e40-47b2-b704-205f1bc0075c,7b081731-f6e6-4bc0-92e7-0926927197f2,5f3c1a2d-3d23-48f6-81e5-34fee7462462,2025-02-17T12:45:00,Urinary Tract Infection (Mutradaha),"Gokshura, Chandan, Punarnava",Baddha Konasana,"Cool, light foods. Avoid spicy and fermented. Sweet, bitter, astringent.",10,90,Improved
f2ecf15b-ec6a-4e5d-be25-a2ea21cd2c7a,9d26ec89-f36f-41cc-8de7-30f32000dd52,7877ec5b-30db-4065-90bf-cfca6be7dda3,2025-02-17T08:00:00,Eczema (Vicharchika),"Neem, Aloe Vera, Turmeric",Sheetali Pranayama,"Cool, light foods. Avoid spicy and fermented. Sweet, bitter, astringent.",1,63,Significantly Improved
8a5bf502-de5f-4efc-9c66-e4c92ef2c407,4c6fa8ac-6a07-4f08-81c3-027193f6d0b9,0ce58046-5c68-43fa-b7f3-91439b7ebfc7,2025-02-19T16:45:00,Chronic Fatigue Syndrome (Klama),"Ashwagandha, Shatavari",Yoga Nidra,"Warm, oily foods. Avoid cold and dry. Sweet, sour, salty taste.",16,60,Stable
bdd4341e-e874-4eca-9978-fa7f3817f848,55527f2c-6a58-4f92-a2ea-208a7f3bb5aa,1a2a9a47-3757-4b65-8f93-856fae151e80,2025-02-06T12:00:00,Gingivitis (Danta Vidradhi),"Triphala, Clove oil",Oil pulling,"Cool, light foods. Avoid spicy and fermented. Sweet, bitter, astringent.",7,68,Significantly Improved
401ea787-ed6a-4e70-a2b1-dc237a2071a1,938cff92-e5a8-4ae9-8423-235d185ac7e7,7fe3523b-019e-45c6-979e-6978eb28061a,2025-02-06T13:00:00,Liver Disorder (Yakrit Vikara),"Amla, Turmeric, Guduchi",Dhanurasana,"Cool, light foods. Avoid spicy and fermented. Sweet, bitter, astringent.",8,74,Under Treatment
dda3c817-784d-4bba-a927-02a2d9842967,7c68fc39-17fe-480d-8e3d-5f5c1b3ffcc0,51ecb9fa-49dd-4b4f-be1e-c96d2efefd96,2025-02-14T18:15:00,Erectile Dysfunction (Klaibya),"Ashwagandha, Shatavari, Kapikacchu",Mula Bandha,"Warm, oily foods. Avoid cold and dry. Sweet, sour, salty taste.",4,43,Significantly Improved
1139ce0b-3733-44a0-8f78-d8e7c34320e8,35935672-32f0-4cd7-8955-a662bfa0cb39,0006542d-9715-40cd-a084-2ed1a301a8a8,2025-02-28T16:45:00,Metabolic Syndrome (Santarpana Janya Vikara),"Triphala, Guggulu",Surya Namaskar,"Light, dry, warm foods. Avoid heavy and oily. Pungent, bitter, astringent.",3,44,Under Treatment
3557981b-e26d-4cf5-bcd3-0aceb145d14d,7fe7668f-ef3d-4bc2-8b4b-183240e39098,8d3c0a82-1f86-4a45-a015-b9c6a73addd4,2025-02-18T11:15:00,Goiter (Galaganda),Kanchanar Guggulu,Sarvangasana,"Light, dry, warm foods. Avoid heavy and oily. Pungent, bitter, astringent.",7,51,Significantly Improved
47178269-36ae-4695-bbb9-4895d224a692,4ec8a664-7ac6-4a20-9858-da1eecb4efa0,36c0f3bb-5fbb-435d-8ec6-94198be1e751,2025-02-06T15:45:00,Conjunctivitis (Netra Abhishyanda),"Triphala eye wash, Rose water",Netra Vyayama,"Cool, light foods. Avoid spicy and fermented. Sweet, bitter, astringent.",1,41,Stable
abf604a0-9109-4b7b-84a2-435024ca491b,6ecfc310-2e95-41b5-b6ee-86e01bafe2b3,413ccd27-13bb-4a64-93a2-69f4a1b5f354,2025-02-10T12:45:00,Gastritis (Urdhva Amlapitta),"Yashtimadhu, Amla",Vajrasana,"Cool, light foods. Avoid spicy and fermented. Sweet, bitter, astringent.",1,52,Under Treatment
a53cfed6-d1cf-4e9d-8ae3-c51880b2e55d,2bb03827-4f0d-4dd3-b661-6752df8aaa35,4a953324-a404-4af8-b4ea-7496ea100067,2025-02-10T16:45:00,Boils (Vidradhi),"Neem, Turmeric, Manjistha",Sheetali Pranayama,"Cool, light foods. Avoid spicy and fermented. Sweet, bitter, astringent.",6,91,Significantly Improved
1913309b-af93-4634-809a-fd04edef5f8f,2a0f500f-084e-4f26-a3bd-84c6460e3142,f7b11d1b-85b2-4974-a4df-874803a553d5,2025-02-20T09:30:00,Depression (Vishada),"Ashwagandha, Brahmi, Jatamansi",Yoga Nidra,"Warm, oily foods. Avoid cold and dry. Sweet, sour, salty taste.",6,51,Improved
cfeff1be-e8dd-4d44-b7f5-cb4df811e503,417eee7f-0b21-4936-84f5-6f8572472cb9,dd66fc3e-008f-4d15-866c-5d7c4c10e467,2025-02-21T14:15:00,Gout (Vatarakta),"Guduchi, Triphala",Gentle stretching,"Cool, light foods. Avoid spicy and fermented. Sweet, bitter, astringent.",13,50,Improved
31609a4d-5a43-4dfd-a6e6-38a5ba745a20,d1cf9352-15bd-4106-8051-f0e95268a154,7f3ce3d7-420f-4ce0-966e-43ef747ccd8f,2025-02-16T10:15:00,Warts (Charmakeela),"Thuja, Neem",None specific,"Light, dry, warm foods. Avoid heavy and oily. Pungent, bitter, astringent.",7,47,Improved
66ab182d-b009-4749-91fd-dd74ed74253c,923a888c-55cf-4d2b-99c9-2b8dc426276b,091a9c51-b2d8-4fa5-bbe8-5fc6364e1719,2025-02-02T17:30:00,Typhoid (Antrika Jwara),"Guduchi, Sudarshan Churna","Rest, Shavasana","Cool, light foods. Avoid spicy and fermented. Sweet, bitter, astringent.",15,55,Improved
3d16347e-b542-4097-b1db-d07b4ba273e6,88bd4b71-42a5-4e5d-9661-7ab364e79bc2,b425ce69-ccd9-4383-95ae-84061a5be725,2025-02-18T12:15:00,Hepatitis (Kamala),"Bhumi Amla, Turmeric, Kutki",Dhanurasana,"Cool, light foods. Avoid spicy and fermented. Sweet, bitter, astringent.",3,72,Improved
42a1986e-ac2e-4ed2-b43a-fb41ab2a06d0,1602ef2e-0031-469b-9a7f-6b4ad32085b6,c1d69221-b736-4697-b5cc-8f950dce07ae,2025-02-04T18:00:00,Alopecia (Indralupta),"Bhringraj, Amla, Neem",Head massage,"Cool, light foods. Avoid spicy and fermented. Sweet, bitter, astringent.",3,44,Improved
259eefc1-80f1-43da-8172-55dce2c771c1,e8a1050b-c761-48ab-9b87-8a706f3b933f,a26b7e87-2a9b-4f07-8df9-e20eb177fbf3,2025-02-03T12:00:00,Peptic Ulcer (Parinama Shoola),"Yashtimadhu, Shatavari",Vajrasana,"Cool, light foods. Avoid spicy and fermented. Sweet, bitter, astringent.",12,71,Stable
f0926a59-6672-4ad2-9d9a-91919334754b,b70b6866-fc93-49b0-82ff-5829d7478c5e,377a98a1-96c8-4b9c-9a4b-18e52a9c9109,2025-02-10T16:00:00,Peptic Ulcer (Parinama Shoola),"Yashtimadhu, Shatavari",Vajrasana,"Cool, light foods. Avoid spicy and fermented. Sweet, bitter, astringent.",4,64,Significantly Improved
7367d590-5b91-4c1a-8bac-26e1bc048bec,aa15fab5-3ec4-43e0-8861-ea6a4a239468,e7941782-51c4-4193-a39b-53363933a308,2025-02-15T11:30:00,Prostate Enlargement (Vriddhi),"Gokshura, Varuna",Baddha Konasana,"Warm, oily foods. Avoid cold and dry. Sweet, sour, salty taste.",6,95,Significantly Improved
b0653219-3015-4b12-a884-d232746cbb33,1602ef2e-0031-469b-9a7f-6b4ad32085b6,e8b6bc21-d9d8-4ecb-8cc8-53274579f4d1,2025-02-04T12:15:00,Sinusitis (Apinasa),"Sitopaladi Churna, Tulsi",Jal Neti,"Light, dry, warm foods. Avoid heavy and oily. Pungent, bitter, astringent.",1,52,Improved
68f0bf19-84f3-4fb9-aad9-ced560c6eed3,19dd4f5c-d541-4af3-9939-948007f8ee11,b36c2c09-3da8-42ce-ae8a-c4e215e3aedd,2025-02-08T11:00:00,Amebiasis (Pittaja Atisara),"Kutki, Triphala",Vajrasana,"Cool, light foods. Avoid spicy and fermented. Sweet, bitter, astringent.",2,45,Improved
3d8abb10-3c68-4832-bb0a-84e2a9e1363f,9027b642-6669-4e5d-9de9-6197e231bf03,2a6e4029-446d-47ad-9e37-2934281ebfaf,2025-02-18T17:30:00,Pharyngitis (Galashotha),"Tulsi, Yashtimadhu",Bhramari Pranayama,"Light, dry, warm foods. Avoid heavy and oily. Pungent, bitter, astringent.",3,52,Significantly Improved
e4e6ed67-4b56-4067-aa0f-8246adb46333,bd4edcfc-e63c-453c-8f52-da5b28ca241f,c0a639b0-cfba-4c4c-a805-c97a5080a72e,2025-02-12T10:00:00,Amebiasis (Pittaja Atisara),"Kutki, Triphala",Vajrasana,"Cool, light foods. Avoid spicy and fermented. Sweet, bitter, astringent.",8,74,Improved
ba4483c1-7053-4e34-bb4e-ee2f600ceae0,a265ce0b-ca57-415e-93d7-a18f14fc40d2,1b2a820c-a56c-45b5-a9f2-673e0270ba4b,2025-02-24T12:15:00,Digestive Disorder (Vikara),"Triphala, Ginger","Vajrasana, Pranayama","Cool, light foods. Avoid spicy and fermented. Sweet, bitter, astringent.",7,50,Under Treatment
2e513a96-ed00-47e1-96bf-87ea1a0615f3,f4d5afd4-e183-4732-a4a7-866f5f2c2fc2,78862a43-ee68-4e4b-8458-f99a84a1af96,2025-03-19T08:45:00,Indigestion (Ajirna),"Trikatu, Ginger",Vajrasana post meals,"Light, dry, warm foods. Avoid heavy and oily. Pungent, bitter, astringent.",3,55,Significantly Improved
5a40a043-6580-4010-b969-dd6175d37cfe,4c61e122-6f1f-4f63-b29f-83610ff915d5,7f2c0a52-5eab-4998-8941-01603d1838f0,2025-03-16T14:15:00,Rhinitis (Pratishyaya),Shadabindu Taila,Jal Neti,"Light, dry, warm foods. Avoid heavy and oily. Pungent, bitter, astringent.",2,47,Improved
3ca1a3b3-d79d-4860-b2df-335944a4e40b,7c68fc39-17fe-480d-8e3d-5f5c1b3ffcc0,482c005c-3906-4c03-9b18-2ca3a78a868c,2025-03-14T12:00:00,Allergy (Sheetapitta),"Haridra Khanda, Neem",Bhastrika,"Light, dry, warm foods. Avoid heavy and oily. Pungent, bitter, astringent.",1,50,Improved
e2217a2d-10b9-40c6-a2d0-9a673971780a,b090dcec-dc65-48cd-8bb3-e10ba922eed2,83309410-ae5e-4700-80f7-541764d6b64d,2025-03-21T16:15:00,Rhinitis (Pratishyaya),Shadabindu Taila,Jal Neti,"Light, dry, warm foods. Avoid heavy and oily. Pungent, bitter, astringent.",1,73,Improved
ed235e60-6925-46d9-a562-f56e1008b911,c981ceb4-4da5-4b89-aeaf-50903cac3ced,72022d09-a0c9-4da9-9a38-b6dc9aa4daf2,2025-03-01T15:45:00,Lethargy (Tandra),"Trikatu, Brahmi",Surya Namaskar,"Light, dry, warm foods. Avoid heavy and oily. Pungent, bitter, astringent.",3,92,Significantly Improved
a0f0b64e-be31-40f6-bdf7-455048747b69,ed4afae7-e3c6-465c-9cfe-456ec694f253,47825683-84b5-4be8-8956-1b50cddbc343,2025-03-04T18:30:00,Indigestion (Ajirna),"Trikatu, Ginger",Vajrasana post meals,"Light, dry, warm foods. Avoid heavy and oily. Pungent, bitter, astringent.",1,66,Improved
c7769b41-c5c7-46fa-9acf-9254be547da5,7db6583d-a3d4-463c-8ace-7f7985ee6ddb,09914b1e-79d3-4588-a96b-c118d6a35a69,2025-03-12T17:45:00,Lethargy (Tandra),"Trikatu, Brahmi",Surya Namaskar,"Light, dry, warm foods. Avoid heavy and oily. Pungent, bitter, astringent.",3,62,Significantly Improved
ab1c68c2-fdab-4a5d-91c8-1489328351f2,4d68af35-eafe-4b0a-9ece-0d6def3e9ef5,a6b7c420-2553-4653-80fd-503ea6d2aa57,2025-03-26T10:45:00,Allergy (Sheetapitta),"Haridra Khanda, Neem",Bhastrika,"Light, dry, warm foods. Avoid heavy and oily. Pungent, bitter, astringent.",3,79,Significantly Improved
d446812e-cac9-4b11-955b-4e7d6f5efcbb,fce7a316-7a3c-4e5c-a936-2bdfb6b526e5,ed210699-75a2-4a4c-ad73-c769ab8e3fde,2025-03-14T12:15:00,Rhinitis (Pratishyaya),Shadabindu Taila,Jal Neti,"Light, dry, warm foods. Avoid heavy and oily. Pungent, bitter, astringent.",1,80,Improved
6bde1e54-9808-4849-9e4f-de6011696ec6,99f32148-8f53-4be0-8145-2abaa01d34f4,ada1ccae-ea86-4b2a-a4e9-381b90fda3e0,2025-03-27T08:45:00,Rhinitis (Pratishyaya),Shadabindu Taila,Jal Neti,"Light, dry, warm foods. Avoid heavy and oily. Pungent, bitter, astringent.",2,59,Improved
67388694-7f70-47e2-ae0e-1e8b5cc3e74d,3b6a48b0-f031-49bc-808a-b87c877de3f6,070d92ef-1c97-4df1-b483-c6e610538fa5,2025-03-01T08:45:00,Fever (Jwara),"Sudarshan Churna, Tulsi",Shavasana,"Cool, light, non-oily foods. Bitter, astringent, sweet.",6,79,Improved
53444087-8614-4e42-bb62-37a7f228bb77,4f17519f-35af-4605-a20f-cba0dae2ee59,e55408c3-fe2d-4184-802f-e7b695127817,2025-03-25T16:30:00,Indigestion (Ajirna),"Trikatu, Ginger",Vajrasana post meals,"Light, dry, warm foods. Avoid heavy and oily. Pungent, bitter, astringent.",2,80,Improved
0f0d3af7-6a56-4207-bcae-798b1bf6dfa5,91a480dd-a69f-46da-b123-1aa2299411b5,b88e464a-4b73-4eb1-ae9f-4c26a48d317e,2025-03-26T09:45:00,Indigestion (Ajirna),"Trikatu, Ginger",Vajrasana post meals,"Light, dry, warm foods. Avoid heavy and oily. Pungent, bitter, astringent.",3,40,Improved
4ad1a14a-388c-4ec8-ac39-4b1a2898cbcf,63b567d6-740d-4a20-adc5-10f7f9cfbc99,3327b7e9-29b3-4e17-ae44-cb102d3092d2,2025-03-01T10:00:00,Fever (Jwara),"Sudarshan Churna, Tulsi",Shavasana,"Cool, light, non-oily foods. Bitter, astringent, sweet.",4,42,Under Treatment
36dc0b95-d850-4e18-afef-c125183c41a3,7c8a3185-3a64-40de-8ff1-d1ce49285e30,f81459c0-ae73-4610-8ff1-e975e0ef7e33,2025-03-01T16:15:00,Indigestion (Ajirna),"Trikatu, Ginger",Vajrasana post meals,"Light, dry, warm foods. Avoid heavy and oily. Pungent, bitter, astringent.",2,40,Improved
fb40163f-0033-4626-ad48-348f0e039678,a6593654-1c00-458a-b45b-f60b44fe0196,29ef6859-3102-43dc-9d7f-25a45a1fb254,2025-03-10T16:15:00,Skin Disorder (Kushtha),"Neem, Manjistha",Viparita Karani,"Cool, light foods. Avoid spicy and fermented. Sweet, bitter, astringent.",6,75,Significantly Improved
bf6016ab-f8c7-4613-b556-0936f065e0e4,96cd86af-a011-409e-8853-55cf183fc03d,73074b82-9c7f-41f3-899d-62f96d808e94,2025-03-05T15:30:00,Rhinitis (Pratishyaya),Shadabindu Taila,Jal Neti,"Light, dry, warm foods. Avoid heavy and oily. Pungent, bitter, astringent.",1,86,Under Treatment
303517d1-767a-4918-b1be-a3a329ca201f,a437cbaa-d6ec-4051-b939-8cc1ce50c44c,7aa13e08-94f1-4932-b0f5-98ccab99d48d,2025-03-25T13:15:00,Indigestion (Ajirna),"Trikatu, Ginger",Vajrasana post meals,"Light, dry, warm foods. Avoid heavy and oily. Pungent, bitter, astringent.",2,89,Improved
45ba9218-0f91-42fe-ae8a-628c1e7d369f,cef256de-7027-4c91-b77c-aeba646f95c2,16386eb9-8030-4fe7-9730-adc5fae0f729,2025-03-28T12:45:00,Lethargy (Tandra),"Trikatu, Brahmi",Surya Namaskar,"Light, dry, warm foods. Avoid heavy and oily. Pungent, bitter, astringent.",1,81,Significantly Improved
69d04219-be6c-44b6-a081-91c9b026680a,70011745-1ada-4382-993a-94af2f6eb587,19465f7c-6364-4f23-b7b2-37c108d6568f,2025-03-20T08:00:00,Fever (Jwara),"Sudarshan Churna, Tulsi",Shavasana,"Cool, light, non-oily foods. Bitter, astringent, sweet.",6,54,Improved
0f10c847-0b04-4088-9cf1-10484cee232e,88f1a3b6-14f2-4aa7-a7bc-4e5575714874,f1aee6ae-b96b-4034-b6d0-9e9e88c53ae3,2025-03-19T08:45:00,Skin Disorder (Kushtha),"Neem, Manjistha",Viparita Karani,"Cool, light foods. Avoid spicy and fermented. Sweet, bitter, astringent.",5,65,Significantly Improved
58882c70-b5ad-4846-bd11-57499ea41c63,a208147f-d12d-4eb4-8b06-6dc44ee0c0d1,3ae02d9b-af4d-45b3-aaa8-c5349b5a6b6c,2025-03-05T10:00:00,Allergy (Sheetapitta),"Haridra Khanda, Neem",Bhastrika,"Light, dry, warm foods. Avoid heavy and oily. Pungent, bitter, astringent.",2,48,Improved
df79d6e2-472f-469a-9497-92be3da9adaa,c2bd62d4-1a44-40d8-8141-8e1efbfebfd1,8dcd8e2b-952d-49e5-9179-00dafabba0cb,2025-03-06T17:00:00,Rhinitis (Pratishyaya),Shadabindu Taila,Jal Neti,"Light, dry, warm foods. Avoid heavy and oily. Pungent, bitter, astringent.",1,90,Improved
7b4b1beb-992f-438a-9aef-8effc7ec78a2,6d861f09-0077-420a-9c25-d085b2b7a889,c71fda2f-fb1c-4c6f-942b-f219fb0d2728,2025-03-10T12:30:00,Fever (Jwara),"Sudarshan Churna, Tulsi",Shavasana,"Cool, light, non-oily foods. Bitter, astringent, sweet.",7,94,Significantly Improved
4f9c5879-d74e-4ee1-af45-94238e0a8876,3b2b32e1-d89f-4be7-85a6-7f655317bb74,bc96b2c0-7b7f-41cf-8eb3-075024311208,2025-03-26T10:30:00,Allergy (Sheetapitta),"Haridra Khanda, Neem",Bhastrika,"Light, dry, warm foods. Avoid heavy and oily. Pungent, bitter, astringent.",2,95,Improved
1dc5bbe6-fafb-417a-a7d7-1cb54d5d1c60,d6521bf4-a085-44b3-b8e4-d0a7a06af9ef,07705568-78e1-46cd-a67e-cff4f1bc5cfd,2025-03-21T09:00:00,Fever (Jwara),"Sudarshan Churna, Tulsi",Shavasana,"Cool, light, non-oily foods. Bitter, astringent, sweet.",4,69,Under Treatment
d07dae66-b777-4c57-9c43-22cedbe16f59,4563d3b6-d896-46ac-a1ca-dee38c51265f,b12ff740-ef8a-444e-bc8c-784c3d0b7a00,2025-03-20T11:30:00,Skin Disorder (Kushtha),"Neem, Manjistha",Viparita Karani,"Cool, light foods. Avoid spicy and fermented. Sweet, bitter, astringent.",8,51,Significantly Improved
e2874515-c142-4d6c-bd36-7121709f84ab,f2dfafab-2d92-4755-ba87-5604820b334a,70959b94-1cfd-4642-ab9f-29fc1c267f82,2025-03-22T13:00:00,Skin Disorder (Kushtha),"Neem, Manjistha",Viparita Karani,"Cool, light foods. Avoid spicy and fermented. Sweet, bitter, astringent.",5,68,Significantly Improved
09de4fa1-fd14-4455-83f8-ce97c157b2cc,46a77e6b-5f8d-4c15-90f9-b457ebbd9c27,ca6b39fc-5343-451e-92e5-0aea4696e072,2025-03-27T08:30:00,Allergy (Sheetapitta),"Haridra Khanda, Neem",Bhastrika,"Light, dry, warm foods. Avoid heavy and oily. Pungent, bitter, astringent.",1,70,Improved
a117c639-c544-4bb0-81c3-05658cbe0c19,1ceb4c9c-c535-4693-a6af-7c095a76efeb,c32d5c4e-f0c7-4097-819f-5714727dbce0,2025-03-05T15:30:00,Skin Disorder (Kushtha),"Neem, Manjistha",Viparita Karani,"Cool, light foods. Avoid spicy and fermented. Sweet, bitter, astringent.",3,91,Improved
0222b4ec-8118-4df9-b8e5-67c5f1ff52aa,e3a8b40e-104d-49b5-b1fb-9c95e5efd9be,b06db6c8-55b0-499e-b597-f78f5a47b2b6,2025-03-02T11:45:00,Indigestion (Ajirna),"Trikatu, Ginger",Vajrasana post meals,"Light, dry, warm foods. Avoid heavy and oily. Pungent, bitter, astringent.",1,66,Significantly Improved
19b42490-c79a-45b2-86d0-e91cc6a4ac5f,a04c271d-c768-4a22-83ec-46db423e542b,d1d91744-0d84-486c-8c88-0124a66a0d83,2025-03-20T17:15:00,Rhinitis (Pratishyaya),Shadabindu Taila,Jal Neti,"Light, dry, warm foods. Avoid heavy and oily. Pungent, bitter, astringent.",1,51,Significantly Improved
d9d09bba-340a-4df1-924e-92f4fc3935e7,acc4fb54-6be4-46f2-968e-124ddf2e629c,aec77394-e6a5-486b-8b1b-a2db94235a95,2025-03-15T08:30:00,Fever (Jwara),"Sudarshan Churna, Tulsi",Shavasana,"Cool, light, non-oily foods. Bitter, astringent, sweet.",4,51,Under Treatment
db98cadf-23ff-4bf2-b744-954a6c782235,a265ce0b-ca57-415e-93d7-a18f14fc40d2,f75eb281-1d6a-48b3-bc95-674571052e14,2025-03-26T11:30:00,Fever (Jwara),"Sudarshan Churna, Tulsi",Shavasana,"Cool, light, non-oily foods. Bitter, astringent, sweet.",7,95,Stable
69041631-1c7f-453e-9d90-003f5339a4e3,7cc5ac08-483b-4e54-8678-f323be76d462,8f588d23-47a4-4cb8-85b5-d45aa40a1991,2025-03-10T14:45:00,Fever (Jwara),"Sudarshan Churna, Tulsi",Shavasana,"Cool, light, non-oily foods. Bitter, astringent, sweet.",6,65,Improved
4e47bd99-47f9-4436-b166-9ef82b19918a,b04a2d73-1fa1-4be0-95bc-c1de06279db2,45234464-cd9c-492c-ba2d-b8712dd8bbd5,2025-03-19T17:30:00,Fever (Jwara),"Sudarshan Churna, Tulsi",Shavasana,"Cool, light, non-oily foods. Bitter, astringent, sweet.",6,77,Under Treatment
20619b66-88d5-42f1-a3a7-4b1c7899e0a9,86db459b-e385-44a5-9643-f2b1ebc9c0fc,7621d517-1342-49cd-be98-7234b469efcd,2025-03-18T15:15:00,Indigestion (Ajirna),"Trikatu, Ginger",Vajrasana post meals,"Light, dry, warm foods. Avoid heavy and oily. Pungent, bitter, astringent.",3,46,Significantly Improved
81703fbe-a7b9-4434-abfc-72e453349ada,731d9945-c268-42d9-9fc7-b573b49d96cc,aedecea1-d675-4af1-9c6c-a6aa6106fb9f,2025-03-10T12:15:00,Lethargy (Tandra),"Trikatu, Brahmi",Surya Namaskar,"Light, dry, warm foods. Avoid heavy and oily. Pungent, bitter, astringent.",2,88,Stable
a9ad1151-1455-48a4-88d8-ac2a08bd09b4,094db29e-90a4-4da0-b3c1-9dc7c1041600,9586446c-037f-4b17-9edf-d69339480341,2025-03-28T13:45:00,Rhinitis (Pratishyaya),Shadabindu Taila,Jal Neti,"Light, dry, warm foods. Avoid heavy and oily. Pungent, bitter, astringent.",3,73,Improved
70a7c2f9-d867-4454-9061-c09a17952c31,3c434fcd-f07c-4c86-b880-afaf2747cbff,72179ab7-1044-4f0c-b35e-ddfa3ef419cf,2025-03-14T17:45:00,Rhinitis (Pratishyaya),Shadabindu Taila,Jal Neti,"Light, dry, warm foods. Avoid heavy and oily. Pungent, bitter, astringent.",3,92,Stable
7adc98bf-e55b-4ede-bc06-e06f7eb65e3d,956a1aea-8acc-4487-8829-408896c8dc40,0cef8ffe-7cd3-40b2-93a8-30f69aed6903,2025-03-19T15:00:00,Rhinitis (Pratishyaya),Shadabindu Taila,Jal Neti,"Light, dry, warm foods. Avoid heavy and oily. Pungent, bitter, astringent.",2,56,Significantly Improved
9d4981df-687c-4646-aca5-0a9e3ec68c4e,cb847133-7382-4518-9918-c5ad3c54080e,ac25efe8-43c5-477a-9be8-adb84f0e49ec,2025-03-16T10:45:00,Rhinitis (Pratishyaya),Shadabindu Taila,Jal Neti,"Light, dry, warm foods. Avoid heavy and oily. Pungent, bitter, astringent.",1,41,Recovered
ff398e26-edcd-4dae-9ccf-feaec338885d,c92e0fc7-3198-4532-b141-b1bbc2e34a9a,7d9d754b-0121-45d7-9df0-670f7c34a591,2025-03-17T09:15:00,Fever (Jwara),"Sudarshan Churna, Tulsi",Shavasana,"Cool, light, non-oily foods. Bitter, astringent, sweet.",7,61,Significantly Improved
e6af2663-274f-443f-a8d4-be16210bd296,6e61c4d6-37e1-48eb-b390-4e989d4a5a91,7364a721-3b58-4923-b571-191db3d28d38,2025-03-29T17:15:00,Indigestion (Ajirna),"Trikatu, Ginger",Vajrasana post meals,"Light, dry, warm foods. Avoid heavy and oily. Pungent, bitter, astringent.",2,49,Under Treatment
f9804f34-56d5-4e05-8839-5743ab8f3028,ba3c405c-731e-415e-824c-0ba66784336d,20ac481e-1457-4128-a68f-a5402f17dda8,2025-03-25T09:30:00,Rhinitis (Pratishyaya),Shadabindu Taila,Jal Neti,"Light, dry, warm foods. Avoid heavy and oily. Pungent, bitter, astringent.",3,93,Stable
6a32eac2-3980-4dcc-814f-17985a5b5ae9,475aae0e-af4e-4ac3-a623-7b4b3fa10fd0,af697550-907a-4c18-92dd-b20213160ccf,2025-03-24T09:00:00,Fever (Jwara),"Sudarshan Churna, Tulsi",Shavasana,"Cool, light, non-oily foods. Bitter, astringent, sweet.",3,74,Significantly Improved
050026e0-51cd-4414-897a-80f60ac33c09,e4ad632f-3dbe-4377-ac80-6dfee47ad1c8,3f469db8-ad47-43c0-bbad-cdfdf103a8f8,2025-03-20T13:30:00,Skin Disorder (Kushtha),"Neem, Manjistha",Viparita Karani,"Cool, light foods. Avoid spicy and fermented. Sweet, bitter, astringent.",6,73,Improved
8eab27b7-6c85-4d51-9975-9bf1e0ad3e02,ccb0be9b-ffc4-41e2-aab9-f4cedef39498,ab615879-e885-4892-b26c-6e9e86b9aafa,2025-03-05T12:30:00,Indigestion (Ajirna),"Trikatu, Ginger",Vajrasana post meals,"Light, dry, warm foods. Avoid heavy and oily. Pungent, bitter, astringent.",1,65,Improved
98d51472-e789-4cab-a818-2de66c268943,8a0e1d5d-892e-434b-be04-bd0daf9dbb15,cf8c3def-9521-4d4f-ac08-5c6b5a717b37,2025-03-07T14:15:00,Indigestion (Ajirna),"Trikatu, Ginger",Vajrasana post meals,"Light, dry, warm foods. Avoid heavy and oily. Pungent, bitter, astringent.",1,65,Under Treatment
d076881a-1d8b-4dbe-b75e-1c15766da190,704abacf-4cfb-4703-afeb-16be393c8c86,7aca00f8-d482-4c25-abde-bc26f09fcf96,2025-03-22T18:30:00,Indigestion (Ajirna),"Trikatu, Ginger",Vajrasana post meals,"Light, dry, warm foods. Avoid heavy and oily. Pungent, bitter, astringent.",2,68,Significantly Improved
b68dd650-8412-4a98-a566-31f43e9d22a2,4509f805-7e61-4658-9f69-2b3d8206ae47,b7e6b9b1-84db-4680-b8a5-0b38afaf99c5,2025-03-12T17:45:00,Fever (Jwara),"Sudarshan Churna, Tulsi",Shavasana,"Cool, light, non-oily foods. Bitter, astringent, sweet.",5,55,Significantly Improved
16805b14-9012-408e-bec1-b2b16731170b,e4ad632f-3dbe-4377-ac80-6dfee47ad1c8,7ef1ddfb-6e3a-4f93-981e-4a89033769f8,2025-03-26T11:45:00,Lethargy (Tandra),"Trikatu, Brahmi",Surya Namaskar,"Light, dry, warm foods. Avoid heavy and oily. Pungent, bitter, astringent.",2,89,Significantly Improved
4e943ae7-2226-4c18-b626-2713fc5cdb1d,a208147f-d12d-4eb4-8b06-6dc44ee0c0d1,5b2ff790-19bb-4097-b661-29cb80c4af99,2025-03-26T12:00:00,Eczema (Vicharchika),"Neem, Aloe Vera, Turmeric",Sheetali Pranayama,"Cool, light foods. Avoid spicy and fermented. Sweet, bitter, astringent.",3,79,Under Treatment
7895aabc-1d9c-488e-a8b3-0b0064077e93,3730d8a1-557b-4224-9319-4901dc66ab18,29289c15-8855-4901-b3ce-8bf34e152adc,2025-03-20T12:45:00,Gout (Vatarakta),"Guduchi, Triphala",Gentle stretching,"Cool, light foods. Avoid spicy and fermented. Sweet, bitter, astringent.",5,75,Under Treatment
54ec0822-badc-4010-ac2e-bc5730c13d7f,a8875edb-f381-4a2e-be33-fbaa2694b26f,281e5331-c3b5-449f-a2a0-59c5111ce333,2025-03-13T14:15:00,Osteoporosis (Asthi Kshaya),"Ashwagandha, Guggulu, Shatavari",Tadasana,"Warm, oily foods. Avoid cold and dry. Sweet, sour, salty taste.",3,57,Under Treatment
11f392d8-2752-4a2e-823e-d62a14a9ae8e,172df041-c146-4a2f-87ba-e417dfbe71e6,2f633fbb-ecfd-4613-a55a-4460d3751f37,2025-03-07T08:45:00,Hypertension (Raktachaapa Vriddhi),"Arjuna, Sarpagandha, Ashwagandha","Shavasana, Anulom Vilom","Cool, light foods. Avoid spicy and fermented. Sweet, bitter, astringent.",6,88,Significantly Improved
9c7d5c16-ffb9-461c-9c69-1f6524427df4,a32e273c-a03c-4579-8b40-cd1dabe1b85a,24d960a3-4759-431d-a4e3-63236c6b1ef6,2025-03-29T16:45:00,Erectile Dysfunction (Klaibya),"Ashwagandha, Shatavari, Kapikacchu",Mula Bandha,"Warm, oily foods. Avoid cold and dry. Sweet, sour, salty taste.",7,93,Stable
70ce9a08-903c-4aa2-bbe8-d4710885aa51,3cca0873-c067-40c9-9ae5-f986a02e95d1,1600c505-4702-45f9-93d8-6e76b674d463,2025-03-14T11:00:00,Hyperthyroidism (Atisweda),"Ashwagandha, Shatavari, Brahmi",Sheetali Pranayama,"Cool, light foods. Avoid spicy and fermented. Sweet, bitter, astringent.",14,88,Significantly Improved
e01eaf82-41a7-403e-8bc5-ce78f2df6429,7eea4e0e-f569-48fe-9a20-87d4b9880548,12a1b09c-c507-4326-b3d4-a4838d85da60,2025-03-29T17:00:00,Conjunctivitis (Netra Abhishyanda),"Triphala eye wash, Rose water",Netra Vyayama,"Cool, light foods. Avoid spicy and fermented. Sweet, bitter, astringent.",1,62,Significantly Improved
7d8cad5d-fad9-47e6-92e2-3eb6696db9a8,d56a8d27-6a5a-4e28-a957-7d883cf46c3c,d6fe5bfd-3084-4694-bde3-6c41494b1fdb,2025-03-01T12:00:00,Measles (Romantika),"Tulsi, Guduchi, Neem",Rest,"Cool, light foods. Avoid spicy and fermented. Sweet, bitter, astringent.",6,62,Improved
35c88da7-0211-4224-8720-e547b443c144,1e7ff456-61fb-46a3-b39d-5bab6ad372b3,c5f8480b-0d3e-4cd6-b224-77669b7de338,2025-03-18T14:15:00,Cystitis (Mutrakrichra),"Gokshura, Punarnava",Baddha Konasana,"Warm, oily foods. Avoid cold and dry. Sweet, sour, salty taste.",10,50,Improved
a06134d6-e22c-4d15-aa4c-5ac45c24658f,32d695c7-d917-4fac-9b01-2a5e14ebc7ac,1b33b3b2-8d0f-4ac6-ac66-4ff605ebb123,2025-03-05T12:30:00,Chronic Fatigue Syndrome (Klama),"Ashwagandha, Shatavari",Yoga Nidra,"Warm, oily foods. Avoid cold and dry. Sweet, sour, salty taste.",8,85,Improved
1eb94e49-459e-4419-b228-b2abcf32ef93,b01c2f08-620e-4003-9146-b2bc5089f338,bf5d7634-9c2f-49ff-8ec0-563f4dd00490,2025-03-08T16:00:00,Hepatitis (Kamala),"Bhumi Amla, Turmeric, Kutki",Dhanurasana,"Cool, light foods. Avoid spicy and fermented. Sweet, bitter, astringent.",8,80,Improved
5b997329-d04b-4ce9-8c60-18a275e0e872,40c1fd73-fb27-47f2-9b77-1eb961f88bd2,d4072613-d820-467f-a163-3fea6d4f75e6,2025-03-23T16:45:00,Heart Disease (Hridroga),"Arjuna, Brahmi, Guggulu",Gentle Pranayama,"Warm, oily foods. Avoid cold and dry. Sweet, sour, salty taste.",15,51,Improved
7d05f2b5-7e13-4387-a7a6-8072853fe476,3d0247b2-e0a0-43a9-9b08-fd32d80c51c4,87b3c7aa-ba3b-4ac3-893d-9118a5567df5,2025-03-10T12:15:00,Ear Infection (Karna Shoola),"Tulsi, Neem oil drops",Rest,"Light, dry, warm foods. Avoid heavy and oily. Pungent, bitter, astringent.",3,52,Improved
985aaba9-e2f9-493c-9ddb-323dd5c90dd2,ae306701-4121-4429-9755-8aa83694a025,d69c3081-163d-4e9a-9be4-22db042382c8,2025-03-15T10:45:00,Peptic Ulcer (Parinama Shoola),"Yashtimadhu, Shatavari",Vajrasana,"Cool, light foods. Avoid spicy and fermented. Sweet, bitter, astringent.",4,42,Significantly Improved
0215e790-3680-407a-87ea-cd6b32eca7cf,19b86c81-ec50-4631-8408-187b3b18bab6,00c2fdf8-2097-4e30-ba6e-19296e392265,2025-03-18T11:45:00,Tonsillitis (Tundikeri),"Sitopaladi Churna, Yashtimadhu",Jal Neti,"Light, dry, warm foods. Avoid heavy and oily. Pungent, bitter, astringent.",3,78,Recovered
f7d1f907-336f-48e6-a0e3-f640439d5663,7fe7668f-ef3d-4bc2-8b4b-183240e39098,81aa5db0-f128-47e6-94cd-5eb0682b35d0,2025-03-18T08:00:00,Hyperlipidemia (Medo Vriddhi),"Guggulu, Arjuna, Triphala",Surya Namaskar,"Light, dry, warm foods. Avoid heavy and oily. Pungent, bitter, astringent.",1,89,Stable
fe141365-053c-4c6b-8f33-e8e3b34ae49b,6b9fb090-091c-4629-b48a-908b23dd480a,1298bc6a-0ac1-4c97-9b80-65493c59bcae,2025-03-26T17:00:00,Cirrhosis (Yakrit Vriddhi),"Bhumi Amla, Kutki",Gentle walking,"Cool, light foods. Avoid spicy and fermented. Sweet, bitter, astringent.",3,51,Stable
be04a221-e5e7-472b-bd38-d27a34b51a71,0b4e2fc4-5466-4165-86ed-37639ebad97c,58cd0d79-63d9-43a4-8c64-1febe848a2ba,2025-03-25T14:00:00,Back Pain (Prishtha Shoola),"Guggulu, Ashwagandha",Bhujangasana,"Warm, oily foods. Avoid cold and dry. Sweet, sour, salty taste.",7,44,Recovered
75475a60-bb3b-4ebe-9ced-d8992540161b,95b67459-8e2a-429b-aeff-0bb5c454d6b6,a7903d6f-05f2-44b5-88de-b3b1e993758e,2025-03-26T12:30:00,Eczema (Vicharchika),"Neem, Aloe Vera, Turmeric",Sheetali Pranayama,"Cool, light foods. Avoid spicy and fermented. Sweet, bitter, astringent.",1,65,Under Treatment
7a549bcf-e6d4-4b2f-b392-b9cfdf8f6591,4f861f57-659b-45cd-9876-4a0257c3bdb9,0a3ccece-3286-41fe-906e-166d5b57e182,2025-03-03T18:00:00,Osteoporosis (Asthi Kshaya),"Ashwagandha, Guggulu, Shatavari",Tadasana,"Warm, oily foods. Avoid cold and dry. Sweet, sour, salty taste.",8,64,Significantly Improved
a468c23a-0147-4bd3-86a9-4c4f38df34a8,de2279cc-2c48-43b0-9931-88f87e54fc6c,6d65ab1e-3e52-4989-9c29-4913ad34e8b1,2025-03-04T10:45:00,Warts (Charmakeela),"Thuja, Neem",None specific,"Light, dry, warm foods. Avoid heavy and oily. Pungent, bitter, astringent.",6,41,Significantly Improved
35ae5400-ee42-434f-be22-d1cf60241db1,6b9fb090-091c-4629-b48a-908b23dd480a,f05d3e8c-b70e-4729-ad5f-4c19bf5439c3,2025-03-12T14:00:00,Pharyngitis (Galashotha),"Tulsi, Yashtimadhu",Bhramari Pranayama,"Light, dry, warm foods. Avoid heavy and oily. Pungent, bitter, astringent.",1,74,Improved
2d03ae8d-acb5-44a8-ae79-8beb910928e4,acfa07de-e0a6-41b1-8f85-1c0e5d9c1db1,96554f82-75a1-4274-9c1b-eef7b92ed7e4,2025-03-22T17:45:00,Heart Disease (Hridroga),"Arjuna, Brahmi, Guggulu",Gentle Pranayama,"Warm, oily foods. Avoid cold and dry. Sweet, sour, salty taste.",6,53,Improved
b29a288f-9802-4a9c-9621-2f346256ee39,daf9b6c7-3958-4620-b9c6-fbad55c01da3,5baa4753-487c-437c-b44a-07810e039114,2025-03-10T12:00:00,Urinary Tract Infection (Mutradaha),"Gokshura, Chandan, Punarnava",Baddha Konasana,"Cool, light foods. Avoid spicy and fermented. Sweet, bitter, astringent.",1,76,Significantly Improved
27cab7af-ef23-462d-9a18-b7bf6b91b67d,3de1091e-220d-4434-ae97-b9e9a079b027,d968faaa-4319-4f38-a50f-0b59d7d9fd73,2025-03-14T08:00:00,Depression (Vishada),"Ashwagandha, Brahmi, Jatamansi",Yoga Nidra,"Warm, oily foods. Avoid cold and dry. Sweet, sour, salty taste.",8,86,Significantly Improved
385d4d87-b4dc-44f4-892b-d044ae90f4ee,daf9b6c7-3958-4620-b9c6-fbad55c01da3,70607fb7-284f-404f-89f9-7ccaf6f1e217,2025-03-17T12:45:00,Whooping Cough (Deergha Kasa),"Vasaka, Tulsi",Rest,"Light, dry, warm foods. Avoid heavy and oily. Pungent, bitter, astringent.",1,73,Under Treatment
b2fcaa66-db49-47e1-82bf-c32e25550faf,4cb06b73-eabf-4bdc-9bf1-94bba6b9c057,1b2b3c6d-a4a6-4407-b870-a7e88bdd081e,2025-03-06T10:15:00,Osteoarthritis (Sandhivata),"Turmeric, Ashwagandha, Guggulu",Trikonasana,"Warm, oily foods. Avoid cold and dry. Sweet, sour, salty taste.",8,61,Stable
dd3868c1-99e2-48f4-913c-bd878d53d79d,fb675350-88ef-4f41-b8b6-8b5e4f63d995,3eb7f54e-59f7-4f39-b855-080216f20b90,2025-03-17T11:30:00,Digestive Disorder (Vikara),"Triphala, Ginger","Vajrasana, Pranayama","Cool, light foods. Avoid spicy and fermented. Sweet, bitter, astringent.",2,40,Stable
60400bea-ea08-4c0c-93f9-07102ca93ec0,bad51b0a-4a59-4e13-a60d-dc6c88ed0f3b,3307f5fe-10cb-486e-a4f4-94d905e419a5,2025-03-04T09:45:00,Glaucoma (Adhimantha),"Triphala, Shatavari",Trataka,"Cool, light foods. Avoid spicy and fermented. Sweet, bitter, astringent.",7,87,Stable
7641e4f9-165b-40d2-a0f2-86900beacc80,7b2929b3-4baf-4ca3-b9da-56df7d7ca10c,3e79907c-b5fa-40ab-9665-26eb92da948b,2025-03-26T18:45:00,Hyperlipidemia (Medo Vriddhi),"Guggulu, Arjuna, Triphala",Surya Namaskar,"Light, dry, warm foods. Avoid heavy and oily. Pungent, bitter, astringent.",12,86,Stable
8fd5845a-e302-49b5-b4f7-87b8bddf0195,c2bd62d4-1a44-40d8-8141-8e1efbfebfd1,f5058e3b-227c-4b0b-9435-e06c4e0c1aee,2025-03-27T16:45:00,Ear Infection (Karna Shoola),"Tulsi, Neem oil drops",Rest,"Light, dry, warm foods. Avoid heavy and oily. Pungent, bitter, astringent.",2,78,Significantly Improved
61f2c982-2c3e-4595-9193-98914bf60e83,f05a9cb5-6110-4502-95e1-810ac6ab6b33,1d57fa10-1874-4d1e-bcfe-c86bbf5ede0d,2025-03-26T15:00:00,Boils (Vidradhi),"Neem, Turmeric, Manjistha",Sheetali Pranayama,"Cool, light foods. Avoid spicy and fermented. Sweet, bitter, astringent.",3,75,Under Treatment
aa2ff597-e4b8-4f2c-b312-e1f1147c5f6e,82129659-a2bc-45e8-b145-d604b3235ba1,90ad0eb0-b995-4a12-b984-07172c1d3406,2025-03-10T08:15:00,Hyperlipidemia (Medo Vriddhi),"Guggulu, Arjuna, Triphala",Surya Namaskar,"Light, dry, warm foods. Avoid heavy and oily. Pungent, bitter, astringent.",3,88,Significantly Improved
85280376-2e15-4f47-82e1-f65b912a066c,13f53412-f4f1-4ec6-b2a0-a129b3d306b2,17552dce-e0e2-45c7-9cd1-412742dc4fd7,2025-03-19T12:30:00,Irritable Bowel Syndrome (Grahani),"Bilva, Kutaja, Triphala",Pawanmuktasana,"Warm, oily foods. Avoid cold and dry. Sweet, sour, salty taste.",5,85,Significantly Improved
3d76170e-93d9-447b-9460-42c6b3141627,b132388d-0113-4aa6-9960-a5bebd09ad8c,7b948aef-ad71-46b2-8fee-4036a277c973,2025-03-01T10:00:00,Piles - Anal Fissure (Parikartika),"Triphala, Nagakesara",Pawanmuktasana,"Warm, oily foods. Avoid cold and dry. Sweet, sour, salty taste.",16,78,Stable
e8c7892a-9340-43fb-a131-e9bfff3ebc8c,b70b6866-fc93-49b0-82ff-5829d7478c5e,3aac5a5c-63c3-4d1e-b7a4-fc1fd3f378f6,2025-03-11T09:45:00,Cystitis (Mutrakrichra),"Gokshura, Punarnava",Baddha Konasana,"Warm, oily foods. Avoid cold and dry. Sweet, sour, salty taste.",2,62,Improved
2839fffc-421b-46c1-a427-abc5726e3eb3,be26446d-93d6-4805-ab7c-cdeeb20a2eb4,616309d8-a7cc-4941-8dba-6ba6b249d6d8,2025-03-01T12:00:00,Typhoid (Antrika Jwara),"Guduchi, Sudarshan Churna","Rest, Shavasana","Cool, light foods. Avoid spicy and fermented. Sweet, bitter, astringent.",7,46,Improved
569c1cff-dbed-47dc-9fc2-d10e7bf9b014,f63d7a99-d9a3-4001-815a-e87596bbdf9e,7f47468a-7b14-4867-9dcd-ad3b8d579655,2025-03-31T13:00:00,Worm Infection (Krimi Roga),"Vidanga, Palasha, Triphala",Pawanmuktasana,"Warm, oily foods. Avoid cold and dry. Sweet, sour, salty taste.",2,51,Improved
d86c6f85-b2c5-4f0b-be4e-8ad237351f07,d6521bf4-a085-44b3-b8e4-d0a7a06af9ef,9ed793aa-3147-41f3-996e-df55d923819c,2025-03-18T16:15:00,Warts (Charmakeela),"Thuja, Neem",None specific,"Light, dry, warm foods. Avoid heavy and oily. Pungent, bitter, astringent.",1,48,Significantly Improved
40c89036-8c9f-4d2c-9437-59d144b438a8,5b077a5a-6fe9-449a-b002-65fa60750bef,e1f4a5e3-d6e8-46fe-9bd9-ee3530e610ae,2025-03-29T13:00:00,Gastritis (Urdhva Amlapitta),"Yashtimadhu, Amla",Vajrasana,"Cool, light foods. Avoid spicy and fermented. Sweet, bitter, astringent.",6,89,Significantly Improved
c8c3d6fe-e414-4b79-a683-8b080be959a5,8022ad34-47ee-43fc-8e67-dae64c97a128,4bfa2b7f-e58c-4abe-ab54-515feee0f6b9,2025-03-06T10:45:00,Celiac Disease (Grahani Roga),"Kutki, Triphala",Vajrasana,"Warm, oily foods. Avoid cold and dry. Sweet, sour, salty taste.",10,41,Significantly Improved
d243285c-51c7-4f15-8d4a-9bdcb9cd4072,23693197-f808-4c2b-b8d5-95c6ad1929cc,47e9092d-ab56-4eca-a2f7-11bae10d60fd,2025-03-24T18:15:00,Sciatica (Gridhrasi),"Nirgundi, Guggulu",Pawanmuktasana,"Warm, oily foods. Avoid cold and dry. Sweet, sour, salty taste.",6,75,Recovered
c07bee61-230f-4876-9f7a-9eed7d0accdb,e233cc94-8c91-4284-b394-aabbbc20ed73,e92051a2-2995-4cb2-8fdc-5d5c72a01f24,2025-03-24T18:15:00,Warts (Charmakeela),"Thuja, Neem",None specific,"Light, dry, warm foods. Avoid heavy and oily. Pungent, bitter, astringent.",3,72,Under Treatment
e8e70828-d479-4d15-a5cc-2552bce32923,4765c693-4fbd-46b9-9035-05882ba6c9c0,cdb1477d-02dd-4db5-973e-28dc1567efa5,2025-03-25T10:15:00,Vitiligo (Shwitra),"Bakuchi, Neem, Manjistha",Sheetali Pranayama,"Cool, light foods. Avoid spicy and fermented. Sweet, bitter, astringent.",7,68,Improved
d3d634fa-9acc-4348-909f-2ac7285451d2,4997fdea-a18c-4c35-95fb-3c0f5a0d9460,2a727750-3e25-4dfa-8223-ca544f319af2,2025-03-18T18:15:00,Thyroid Disorder (Galaganda Vikara),"Ashwagandha, Guggulu, Kanchanar",Sarvangasana,"Warm, oily foods. Avoid cold and dry. Sweet, sour, salty taste.",1,76,Significantly Improved
c4f1985b-1d03-49a1-bfb2-65f4bc14e203,4f048eaf-3e00-4fad-a583-8453c8594b6b,1b7de237-f327-4f72-9866-fcec4457f196,2025-03-26T12:00:00,Kidney Stones (Ashmari),"Gokshura, Punarnava, Pashanabheda",Baddha Konasana,"Light, dry, warm foods. Avoid heavy and oily. Pungent, bitter, astringent.",8,47,Improved
cf54e4c7-aad2-4edc-a1f6-94c78adc6d77,5bdc5d7e-38bb-4e47-98ed-8d77ae6a0d7d,0ce5d85e-03f5-42b6-8286-a72ba2785cf7,2025-03-24T13:15:00,Stress (Manasika Tanava),"Ashwagandha, Brahmi",Shavasana,"Warm, oily foods. Avoid cold and dry. Sweet, sour, salty taste.",4,57,Significantly Improved
62f4d0aa-608e-420e-a6b2-fbde8384eeff,1a17d497-cd2e-42e9-b5b5-22873db11016,a6014f43-a733-412f-982c-19483ac17c8a,2025-03-19T11:00:00,Conjunctivitis (Netra Abhishyanda),"Triphala eye wash, Rose water",Netra Vyayama,"Cool, light foods. Avoid spicy and fermented. Sweet, bitter, astringent.",2,59,Significantly Improved
99b6357b-6ee9-4a62-b9c6-a4fa6dd29421,65428551-34a8-4aee-b697-5a7143551ac9,06708a50-6aa3-48cd-af75-cdae86ac19c4,2025-04-26T16:15:00,Fever (Jwara),"Sudarshan Churna, Tulsi",Shavasana,"Cool, light foods. Avoid spicy and fermented. Sweet, bitter, astringent.",7,74,Stable
e095ccab-c3e4-469a-8a86-e793339186f2,27f668d2-75ec-4d83-82a4-cd4070673a42,37395372-340f-463f-b291-460fb1499b59,2025-04-26T09:00:00,Allergy (Sheetapitta),"Haridra Khanda, Neem",Bhastrika,"Light, dry, warm foods. Avoid heavy and oily. Pungent, bitter, astringent.",1,57,Improved
292886f7-1954-4012-8863-31f8cd83846c,f73e2468-4692-4fa3-b5b6-10c0c1a076a5,6a935e4e-47e3-4e60-8044-92fe72cf535b,2025-04-22T08:30:00,Allergy (Sheetapitta),"Haridra Khanda, Neem",Bhastrika,"Light, dry, warm foods. Avoid heavy and oily. Pungent, bitter, astringent.",3,46,Significantly Improved
a6cd348f-88b6-41bc-b8b0-5412c28ecfe6,4c597878-9673-488f-913b-f357b4de9f39,c6fc24e7-3548-48e4-85f6-c837e33c1c3c,2025-04-02T11:00:00,Skin Disorder (Kushtha),"Neem, Manjistha",Viparita Karani,"Cool, light foods. Avoid spicy and fermented. Sweet, bitter, astringent.",7,43,Significantly Improved
aebf6b20-d242-46df-b0c0-956f3d62bc98,4571dd57-064d-4016-a800-f13c33ed96fa,9d6c3566-f8b8-490b-8aac-c55cd8e5d0a4,2025-04-07T15:00:00,Allergy (Sheetapitta),"Haridra Khanda, Neem",Bhastrika,"Light, dry, warm foods. Avoid heavy and oily. Pungent, bitter, astringent.",3,88,Improved
21cfec95-2d34-4e6f-bc0a-9aee2955fbb7,77f19a8a-1991-4d55-b1d8-ac23c07a4a20,237ff480-0369-411a-bece-2d4eed7ceffb,2025-04-23T10:30:00,Allergy (Sheetapitta),"Haridra Khanda, Neem",Bhastrika,"Light, dry, warm foods. Avoid heavy and oily. Pungent, bitter, astringent.",3,81,Stable
c8324c75-4a39-4f15-964b-e78bf8a7a9f3,990bb1b9-acaa-42db-87d3-687436db2af3,5dafccf5-5d1d-4eae-99f2-2567511c33f5,2025-04-26T08:00:00,Hemorrhoids (Arsha),"Arshakuthar Ras, Triphala",Mula Bandha,"Warm, moderately oily foods. Sweet, slightly sour.",5,85,Improved
0e7bfc7d-dc13-4ce7-9c08-ee5a5a823beb,20ae3449-eb94-44cc-ac10-82206d2b7917,43f41819-f8dc-460b-be72-a24e975da5d0,2025-04-16T15:00:00,Skin Disorder (Kushtha),"Neem, Manjistha",Viparita Karani,"Cool, light foods. Avoid spicy and fermented. Sweet, bitter, astringent.",7,47,Significantly Improved
29b8d388-3bca-40ad-905b-fe6c4a4d5ca0,2647f102-7112-46dd-b7d9-de7ebcdaec36,9885b074-58cb-47eb-83e1-45895d716288,2025-04-16T17:45:00,Hemorrhoids (Arsha),"Arshakuthar Ras, Triphala",Mula Bandha,"Warm, moderately oily foods. Sweet, slightly sour.",4,88,Recovered
6c465057-dd98-40e4-9468-efab410c0cc4,4563d3b6-d896-46ac-a1ca-dee38c51265f,e7ba9f01-61be-4c25-afb0-76228cce0c13,2025-04-07T13:15:00,Allergy (Sheetapitta),"Haridra Khanda, Neem",Bhastrika,"Light, dry, warm foods. Avoid heavy and oily. Pungent, bitter, astringent.",2,58,Improved
d442481b-e180-4c9f-aa65-1fafc9ce0c7e,2c5b6ca1-118c-45a7-88db-09aa4fea866c,0bfb43ba-6447-4ca6-b77c-1987a2320452,2025-04-24T15:00:00,Hemorrhoids (Arsha),"Arshakuthar Ras, Triphala",Mula Bandha,"Warm, moderately oily foods. Sweet, slightly sour.",5,89,Improved
a94cf8e2-8df4-4ee1-b43f-4a653290abc3,329eec71-6983-4994-bc45-9aac9ba8e8b8,b3ee92da-8234-42f3-8f89-7319d5e871a1,2025-04-30T09:45:00,Skin Disorder (Kushtha),"Neem, Manjistha",Viparita Karani,"Cool, light foods. Avoid spicy and fermented. Sweet, bitter, astringent.",7,94,Significantly Improved
bcb0a066-9ce3-43f3-b891-aa5d521d2cfb,475aae0e-af4e-4ac3-a623-7b4b3fa10fd0,704ee89d-3109-4c57-9a4d-71116fafbcc0,2025-04-12T15:30:00,Acidity (Amlapitta),"Shatavari, Licorice","Vajrasana, Setu Bandha","Cool, light foods. Avoid spicy and fermented. Sweet, bitter, astringent.",3,63,Improved
87e0a017-8bce-4063-af29-990ddf867590,6bdf1d70-531f-44b3-b456-2544d6fc76f9,0476e278-bc87-4240-91d8-5220579f43a4,2025-04-25T12:15:00,Migraine (Ardhavabhedaka),"Brahmi, Sarpagandha",Sheetali Pranayama,"Cool, light foods. Avoid spicy and fermented. Sweet, bitter, astringent.",6,42,Significantly Improved
43a5787a-a5f9-4ced-a3ba-5dc164a2ba97,1aaee3a0-3ba5-406f-baec-2ea62e2b56f3,7f6d7ce2-785d-4f1a-8016-a49e3307b31a,2025-04-23T09:15:00,Skin Disorder (Kushtha),"Neem, Manjistha",Viparita Karani,"Cool, light foods. Avoid spicy and fermented. Sweet, bitter, astringent.",7,41,Significantly Improved
9b81e9f4-0caa-4f90-bb8a-cdd39e9456eb,cb847133-7382-4518-9918-c5ad3c54080e,bce8c6b9-7de5-4a9b-952b-40aec8d02829,2025-04-18T09:00:00,Migraine (Ardhavabhedaka),"Brahmi, Sarpagandha",Sheetali Pranayama,"Cool, light foods. Avoid spicy and fermented. Sweet, bitter, astringent.",3,44,Improved
2a8e132a-cc47-49ef-b2dc-97850fd21cfb,80d77ae8-8006-4812-acc6-d96a9f20540b,01bd89d9-13f3-421f-ab13-a5c89b6a3a7e,2025-04-30T12:45:00,Migraine (Ardhavabhedaka),"Brahmi, Sarpagandha",Sheetali Pranayama,"Cool, light foods. Avoid spicy and fermented. Sweet, bitter, astringent.",4,54,Stable
9d351525-1c0f-4e7b-96b7-c940c74d6dea,5ac0ad97-4dc8-4c19-ace3-23cbee554c88,0e3bb5ea-5b6e-4b5f-a92e-74289b842694,2025-04-01T09:30:00,Allergy (Sheetapitta),"Haridra Khanda, Neem",Bhastrika,"Light, dry, warm foods. Avoid heavy and oily. Pungent, bitter, astringent.",2,91,Under Treatment
245e4ce4-4513-4bb0-8ee9-18973c5bbec0,acb6a8a1-ec1a-44ff-8b74-60c5816b414c,ceef89d8-5213-4bb8-bbc6-7dada96aee19,2025-04-10T09:15:00,Skin Disorder (Kushtha),"Neem, Manjistha",Viparita Karani,"Cool, light foods. Avoid spicy and fermented. Sweet, bitter, astringent.",6,48,Significantly Improved
b75115c6-1ef5-47db-b152-060fef9b847d,0af07d63-872e-4974-a6f2-d6092fb62373,9cc90112-5d52-4e7d-9cf5-3eb9f57041e2,2025-04-16T13:30:00,Hemorrhoids (Arsha),"Arshakuthar Ras, Triphala",Mula Bandha,"Warm, moderately oily foods. Sweet, slightly sour.",8,69,Improved
224d0ec1-0246-47e3-bc30-1a14de47b61f,b93d6a58-c904-47be-8757-39fbcc2ba754,9395a148-76a3-41f7-814c-1646fa2a6c82,2025-04-09T12:45:00,Allergy (Sheetapitta),"Haridra Khanda, Neem",Bhastrika,"Light, dry, warm foods. Avoid heavy and oily. Pungent, bitter, astringent.",2,42,Stable
0e973125-f37b-49f6-ab1e-a205f4cfe06a,1b8907f8-c801-4a84-bbb3-a6d21a4da257,a3f536cf-056f-4bfa-a3dc-947232e2f5a4,2025-04-07T16:45:00,Allergy (Sheetapitta),"Haridra Khanda, Neem",Bhastrika,"Light, dry, warm foods. Avoid heavy and oily. Pungent, bitter, astringent.",2,81,Improved
c5f00b8c-2fd4-4af6-8ce6-5e1bef807cba,222fda28-a937-4d34-9297-045360ff2bc2,9070c496-9280-40ba-8472-d4bbaf3a32b2,2025-04-03T13:30:00,Allergy (Sheetapitta),"Haridra Khanda, Neem",Bhastrika,"Light, dry, warm foods. Avoid heavy and oily. Pungent, bitter, astringent.",3,44,Recovered
944f0126-a2d7-4c5f-aa7b-54ec39a14763,1bd1a606-f0aa-477e-b5af-4465704114cb,1f93f102-74f2-4951-8577-6c9e9a8cc815,2025-04-21T14:00:00,Migraine (Ardhavabhedaka),"Brahmi, Sarpagandha",Sheetali Pranayama,"Cool, light foods. Avoid spicy and fermented. Sweet, bitter, astringent.",5,65,Improved
5c2aab51-9bc6-474d-b333-c80952b570fb,ec2a5f5a-8f75-4def-819b-26cb5a3fe120,91c5bbdc-66ea-494b-8769-3d1e8e1b26c5,2025-04-09T08:45:00,Hemorrhoids (Arsha),"Arshakuthar Ras, Triphala",Mula Bandha,"Warm, moderately oily foods. Sweet, slightly sour.",4,64,Significantly Improved
396d884b-64b6-4e9b-8bf5-e37303c95ada,ed68d180-35ef-42c4-9fb5-95ca08981a13,82cae99c-53b5-47de-b252-a101133af868,2025-04-25T11:30:00,Allergy (Sheetapitta),"Haridra Khanda, Neem",Bhastrika,"Light, dry, warm foods. Avoid heavy and oily. Pungent, bitter, astringent.",3,62,Improved
bec7af80-2a57-4ecb-bad0-809c455bb6e1,51d61c71-15f3-4877-83ba-54cb33c9caab,ce6052ef-74b1-4e5d-9c00-5812eb37be23,2025-04-16T15:00:00,Acidity (Amlapitta),"Shatavari, Licorice","Vajrasana, Setu Bandha","Cool, light foods. Avoid spicy and fermented. Sweet, bitter, astringent.",3,73,Significantly Improved
99d77f59-ccb8-4109-9445-773ff856a02b,c28e46ca-bb16-40a9-a0dd-ca94f2eff858,277fbed8-5c95-49c6-a834-b0e918a4eb2d,2025-04-21T13:15:00,Skin Disorder (Kushtha),"Neem, Manjistha",Viparita Karani,"Cool, light foods. Avoid spicy and fermented. Sweet, bitter, astringent.",3,78,Improved
e206c128-340a-4365-9d9d-9c5f5860d8cb,b45a0641-3cff-4e1a-8bce-40a8df3fa799,1136fa9d-4fcd-4ec2-93ea-44ba01cf9419,2025-04-03T13:45:00,Acidity (Amlapitta),"Shatavari, Licorice","Vajrasana, Setu Bandha","Cool, light foods. Avoid spicy and fermented. Sweet, bitter, astringent.",2,87,Significantly Improved
52df07ef-a26a-4146-9d0f-77225f2a1e00,a47d1254-7336-47cc-a6aa-5362fd16fa5d,9e407293-9ffc-4758-aadf-c8de90b8d703,2025-04-16T15:45:00,Migraine (Ardhavabhedaka),"Brahmi, Sarpagandha",Sheetali Pranayama,"Cool, light foods. Avoid spicy and fermented. Sweet, bitter, astringent.",5,77,Stable
37604c85-67e0-49f7-8996-79b6fcc84554,4c6fa8ac-6a07-4f08-81c3-027193f6d0b9,cda938dd-789d-401a-8764-ec9b1644f721,2025-04-05T10:45:00,Hemorrhoids (Arsha),"Arshakuthar Ras, Triphala",Mula Bandha,"Warm, moderately oily foods. Sweet, slightly sour.",8,51,Improved
c6f4bd13-5fd3-4978-887a-c0b8ac8eea75,08aa84de-e5ed-4482-8f62-08862965f54a,f537c1ea-ddb4-4b0a-895d-429a8a3de778,2025-04-15T09:00:00,Migraine (Ardhavabhedaka),"Brahmi, Sarpagandha",Sheetali Pranayama,"Cool, light foods. Avoid spicy and fermented. Sweet, bitter, astringent.",8,71,Under Treatment
ee7ab646-09bb-4249-b929-ce7ee304cc81,23017af6-e0b1-43ce-9ee4-3828ed8551f8,e558c3ea-d77c-48bb-ab50-a343ae9882eb,2025-04-19T16:30:00,Fever (Jwara),"Sudarshan Churna, Tulsi",Shavasana,"Cool, light foods. Avoid spicy and fermented. Sweet, bitter, astringent.",7,42,Improved
e3a80182-b0c5-428e-8dd9-8c251d057e73,f881449d-440b-40b4-800a-69f2146a47b3,b64180c3-aa30-474f-b7a2-677c510d3305,2025-04-01T17:15:00,Acidity (Amlapitta),"Shatavari, Licorice","Vajrasana, Setu Bandha","Cool, light foods. Avoid spicy and fermented. Sweet, bitter, astringent.",1,40,Improved
29a6c8eb-0a17-416c-81dc-4a1a6040ebc1,daf9b6c7-3958-4620-b9c6-fbad55c01da3,c2ae2d96-cf13-4df7-a877-e2297d406275,2025-04-15T09:00:00,Acidity (Amlapitta),"Shatavari, Licorice","Vajrasana, Setu Bandha","Cool, light foods. Avoid spicy and fermented. Sweet, bitter, astringent.",1,88,Significantly Improved
e64af7c6-abe1-4739-a6c1-9969fc8bcc5f,3da22f31-c409-48ac-b0b8-b418d1d428c6,89dbc51b-cc20-409d-9ccc-0fedca14d1c4,2025-04-28T15:00:00,Allergy (Sheetapitta),"Haridra Khanda, Neem",Bhastrika,"Light, dry, warm foods. Avoid heavy and oily. Pungent, bitter, astringent.",3,53,Under Treatment
4f584fc3-d75e-495b-9dd3-87a09914aff4,10792a5b-0d46-4b38-a9bb-b2f2efa7f10e,7b38985f-624e-426f-8976-ac53ce4414ac,2025-04-28T14:15:00,Skin Disorder (Kushtha),"Neem, Manjistha",Viparita Karani,"Cool, light foods. Avoid spicy and fermented. Sweet, bitter, astringent.",4,67,Under Treatment
5832896a-9176-453a-b8e9-9b26f4676abe,3afcba49-65dd-46f8-9fa0-7013e56af098,4a171f57-a4e9-43f2-90f2-f1cea0e81101,2025-04-23T13:30:00,Hemorrhoids (Arsha),"Arshakuthar Ras, Triphala",Mula Bandha,"Warm, moderately oily foods. Sweet, slightly sour.",7,84,Improved
90e3e996-6493-4c31-a1be-80d5f689e8b1,fd0d50f0-aca2-4154-beba-a56f799fe71e,249de037-b00b-49a9-90a4-803302b387ab,2025-04-22T15:15:00,Skin Disorder (Kushtha),"Neem, Manjistha",Viparita Karani,"Cool, light foods. Avoid spicy and fermented. Sweet, bitter, astringent.",4,54,Significantly Improved
e23ce2d2-ea83-4143-ac36-1d36540bf15b,4228045e-21df-4026-be8a-75897d5fdc33,d71563d0-cd8e-47f1-a3eb-0b34040d6d35,2025-04-14T10:45:00,Hemorrhoids (Arsha),"Arshakuthar Ras, Triphala",Mula Bandha,"Warm, moderately oily foods. Sweet, slightly sour.",6,69,Stable
2a7c3db1-0e68-4bd7-b259-de82a839efea,e3df459c-3bd3-4032-a484-eebe1a01f251,e7cd7eca-da1d-4cdf-ae88-b5471f3a108e,2025-04-18T12:30:00,Fever (Jwara),"Sudarshan Churna, Tulsi",Shavasana,"Cool, light foods. Avoid spicy and fermented. Sweet, bitter, astringent.",3,92,Improved
847944ff-7834-44ed-b236-1603b17fcc41,879a6629-a37f-4da9-a046-c5ae1e31523e,8759e52e-4f4b-4ab1-b92a-e73531e54462,2025-04-12T08:15:00,Fever (Jwara),"Sudarshan Churna, Tulsi",Shavasana,"Cool, light foods. Avoid spicy and fermented. Sweet, bitter, astringent.",8,94,Improved
a39c361a-653c-4a9c-bde4-6fe5e2105472,1ceb4c9c-c535-4693-a6af-7c095a76efeb,5d08c916-d57e-4d51-a9af-8af5a0673091,2025-04-03T13:30:00,Skin Disorder (Kushtha),"Neem, Manjistha",Viparita Karani,"Cool, light foods. Avoid spicy and fermented. Sweet, bitter, astringent.",7,76,Under Treatment
fe082049-2e7e-4a6f-8f03-6f70410cb854,9e0d7b33-041b-4823-8f71-fecda4c7e0e0,5928c617-1cd1-4e27-859b-c94db26482df,2025-04-29T11:15:00,Skin Disorder (Kushtha),"Neem, Manjistha",Viparita Karani,"Cool, light foods. Avoid spicy and fermented. Sweet, bitter, astringent.",4,91,Improved
84108feb-e848-4c59-a24f-4ed9fdde9828,6090d357-d298-457d-880c-1319f80a8bef,1ac58674-aea4-49e2-9c18-1ea3f825a9a2,2025-04-30T09:15:00,Fever (Jwara),"Sudarshan Churna, Tulsi",Shavasana,"Cool, light foods. Avoid spicy and fermented. Sweet, bitter, astringent.",5,65,Recovered
5d3abe2c-dbaa-47b0-9413-b045cc6f2a3b,4f17519f-35af-4605-a20f-cba0dae2ee59,7c2ba2ac-0df9-44ed-984b-7cfbad3b0da6,2025-04-23T11:15:00,Hemorrhoids (Arsha),"Arshakuthar Ras, Triphala",Mula Bandha,"Warm, moderately oily foods. Sweet, slightly sour.",4,48,Under Treatment
3a13d7e8-6c7d-4163-8952-466fd9dac801,4bbe3e7a-29b3-4854-a834-562c79dbad49,7d3aaead-b64f-413a-9cdf-838eb56e8bea,2025-04-17T18:15:00,Migraine (Ardhavabhedaka),"Brahmi, Sarpagandha",Sheetali Pranayama,"Cool, light foods. Avoid spicy and fermented. Sweet, bitter, astringent.",5,43,Improved
aa710da7-7f34-4e44-9533-bb43e6127c04,cc3c611e-8fad-423d-9d7b-2ba115c4a103,00fd5815-9844-480a-94ef-c9367775f369,2025-04-28T17:15:00,Acidity (Amlapitta),"Shatavari, Licorice","Vajrasana, Setu Bandha","Cool, light foods. Avoid spicy and fermented. Sweet, bitter, astringent.",1,44,Recovered
65c2ed59-b7fe-4d54-92d1-76f76c66cfdb,a32e273c-a03c-4579-8b40-cd1dabe1b85a,fcf6ccce-17e1-4911-9474-aae698040445,2025-04-05T08:45:00,Fever (Jwara),"Sudarshan Churna, Tulsi",Shavasana,"Cool, light foods. Avoid spicy and fermented. Sweet, bitter, astringent.",8,68,Improved
8ec7a768-cde8-4a60-9f8a-894d470009f2,1f81f015-ef0e-4b84-bc60-420f86d4281b,7880f48f-5239-4fb0-a3c9-c54386af18bb,2025-04-04T14:45:00,Allergy (Sheetapitta),"Haridra Khanda, Neem",Bhastrika,"Light, dry, warm foods. Avoid heavy and oily. Pungent, bitter, astringent.",1,65,Improved
35e639e9-e0ba-477f-b48c-ef08655f58b4,4416e4b2-eeea-4b9f-98d0-0d23f89fcc80,45f23d44-e2bc-47a6-bac6-87c7a2ffab97,2025-04-10T18:45:00,Fever (Jwara),"Sudarshan Churna, Tulsi",Shavasana,"Cool, light foods. Avoid spicy and fermented. Sweet, bitter, astringent.",4,68,Improved
43a65eea-4c0f-462a-9642-f11e951291eb,09e9310f-703f-4138-9a6a-a567754bc701,1d78fb5a-ef2a-4b40-9c36-df270a31543f,2025-04-23T16:30:00,Skin Disorder (Kushtha),"Neem, Manjistha",Viparita Karani,"Cool, light foods. Avoid spicy and fermented. Sweet, bitter, astringent.",5,46,Improved
f93229fe-3e2b-4517-a3eb-fb041f586662,7405f515-8d14-4922-85b9-32970e01833d,157c333f-a3c9-436b-861d-06a0d9f3410b,2025-04-01T09:30:00,Fever (Jwara),"Sudarshan Churna, Tulsi",Shavasana,"Cool, light foods. Avoid spicy and fermented. Sweet, bitter, astringent.",3,55,Improved
5217de61-7bfd-4f5c-8887-03d44e5d0b65,e4826804-30c0-4271-aba9-f0fa47a4d295,887538ce-f2b7-44c1-81ce-8f46ee6159a5,2025-04-14T10:30:00,Acidity (Amlapitta),"Shatavari, Licorice","Vajrasana, Setu Bandha","Cool, light foods. Avoid spicy and fermented. Sweet, bitter, astringent.",1,45,Significantly Improved
d0a2fe9e-42b6-4bf5-b299-d98dc137bc9c,c981ceb4-4da5-4b89-aeaf-50903cac3ced,36091e52-8de8-4108-ae8e-9a1c490d5ca9,2025-04-29T09:15:00,Depression (Vishada),"Ashwagandha, Brahmi, Jatamansi",Yoga Nidra,"Warm, oily foods. Avoid cold and dry. Sweet, sour, salty taste.",5,67,Stable
68002d0f-2d24-4c87-aa1a-a48d40e5c6a0,8fc7efec-f525-4ece-94f6-0f21afc8d133,b6126240-5bba-4c70-8c81-f7c93c2e55b5,2025-04-23T17:45:00,Hypertension (Raktachaapa Vriddhi),"Arjuna, Sarpagandha, Ashwagandha","Shavasana, Anulom Vilom","Cool, light foods. Avoid spicy and fermented. Sweet, bitter, astringent.",6,85,Significantly Improved
e3346c59-f6e1-42f7-907f-cbb22381ab98,b30ca37b-a315-4855-83d7-b9eedff50f6d,e3ed77fa-fdf1-4544-af92-30465b8970d6,2025-04-24T13:15:00,Cystitis (Mutrakrichra),"Gokshura, Punarnava",Baddha Konasana,"Warm, oily foods. Avoid cold and dry. Sweet, sour, salty taste.",3,90,Under Treatment
5d95546a-c5cf-41e3-8cb2-82db1c2a27eb,1eebdf3d-6820-4b80-a3a4-029a09622620,f11aee07-c419-4f5b-b468-3ab19d69819c,2025-04-12T10:15:00,Fatty Liver (Yakrit Meda Vriddhi),"Bhumi Amla, Guduchi, Triphala",Surya Namaskar,"Light, dry, warm foods. Avoid heavy and oily. Pungent, bitter, astringent.",8,90,Significantly Improved
ea12dc24-f766-4e34-aa18-a5b89190b172,3e34aacc-e9f0-4706-a3b3-e518d3b39877,100beb68-8d58-4c5b-8fb1-293967ccaf13,2025-04-23T16:15:00,Fatty Liver (Yakrit Meda Vriddhi),"Bhumi Amla, Guduchi, Triphala",Surya Namaskar,"Light, dry, warm foods. Avoid heavy and oily. Pungent, bitter, astringent.",8,59,Significantly Improved
b57bc8d5-d3e4-437f-80a8-88a2ff41d34a,cd1ac773-4b49-4e76-8657-0099a1661789,29b3e55e-78c0-4db9-98eb-33e235eb0521,2025-04-20T09:15:00,Osteoarthritis (Sandhivata),"Turmeric, Ashwagandha, Guggulu",Trikonasana,"Warm, oily foods. Avoid cold and dry. Sweet, sour, salty taste.",7,51,Stable
69631569-d64e-4293-8144-f0bcf0092512,5a4729a5-b64f-405f-b900-2d70a2ff1c66,ce45cbe5-38f8-4909-90f9-00c68672c750,2025-04-21T08:15:00,Epilepsy (Apasmara),"Brahmi, Ashwagandha","Shavasana, mindfulness","Warm, oily foods. Avoid cold and dry. Sweet, sour, salty taste.",5,63,Significantly Improved
0bfa37a4-5cb0-4ab5-b0e1-e7baaecce91b,f1804293-6d69-4cb9-ab21-183ce260b5f2,a6e014ae-1301-4991-b140-09590973074f,2025-04-01T11:00:00,Goiter (Galaganda),Kanchanar Guggulu,Sarvangasana,"Light, dry, warm foods. Avoid heavy and oily. Pungent, bitter, astringent.",1,52,Improved
14c1db06-3a85-4e00-b900-93c3da1672a4,0bda3cac-f391-4f5b-829a-12354617b820,2dbffff2-847e-41d2-b17b-11fd052d79cf,2025-04-07T08:00:00,Ear Infection (Karna Shoola),"Tulsi, Neem oil drops",Rest,"Light, dry, warm foods. Avoid heavy and oily. Pungent, bitter, astringent.",1,42,Significantly Improved
d2c784c2-2109-441c-83e8-4b6db973eaeb,fb8f5ee9-eb28-49ae-9b13-1a79bfbe6552,61fd875f-3115-4e25-9486-d8a18359fa90,2025-04-25T08:45:00,Gastritis (Urdhva Amlapitta),"Yashtimadhu, Amla",Vajrasana,"Cool, light foods. Avoid spicy and fermented. Sweet, bitter, astringent.",6,85,Recovered
de08756a-369b-498d-8bb0-a5dd52a7ff3c,4947f6ec-50be-4c70-af2e-95eecf006144,b5b52793-a587-456c-9369-c32d304ccb07,2025-04-13T15:45:00,Sciatica (Gridhrasi),"Nirgundi, Guggulu",Pawanmuktasana,"Warm, oily foods. Avoid cold and dry. Sweet, sour, salty taste.",1,52,Stable
8b13e709-d9e1-4420-8d25-8d778f5fad63,b021bb1e-6e42-419a-bcff-6dacfc1a7d5c,4d1e19cf-51a1-4e65-98e6-49d516079d80,2025-04-09T11:00:00,Spondylosis (Griva Sandhigata Vata),"Nirgundi, Ashwagandha",Neck stretches,"Warm, oily foods. Avoid cold and dry. Sweet, sour, salty taste.",5,51,Significantly Improved
21041842-bec2-4036-ad3c-3bda36965408,f010ef5f-b7cb-49e1-96d5-8adb1422546b,ab78bbf9-90ec-42ed-bc8c-cec2116ecbe4,2025-04-28T08:45:00,Vitiligo (Shwitra),"Bakuchi, Neem, Manjistha",Sheetali Pranayama,"Cool, light foods. Avoid spicy and fermented. Sweet, bitter, astringent.",5,42,Under Treatment
7546d3e7-19aa-4ae9-b950-7af6d1698b44,919000b2-65aa-4505-b464-efa6d94412df,561686ad-9b0b-43c5-b2bd-bbbfd7357e78,2025-04-16T15:00:00,Thyroid Disorder (Galaganda Vikara),"Ashwagandha, Guggulu, Kanchanar",Sarvangasana,"Warm, oily foods. Avoid cold and dry. Sweet, sour, salty taste.",15,59,Recovered
045ff4ce-a595-477a-a18c-03b620a8184f,fea594d1-51c1-49d5-b122-05b855ebd770,576be9d9-4ecf-4fdf-b4b6-bb62d1c7516f,2025-04-08T12:00:00,Psoriasis (Kitibha Kushtha),"Neem, Turmeric, Manjistha",Sheetali Pranayama,"Cool, light foods. Avoid spicy and fermented. Sweet, bitter, astringent.",1,61,Stable
daa58cdc-786b-4d29-989e-1a025addcad1,f7735153-ebdb-4a60-8d5c-ca03e17ec055,fa6d615b-920a-43a1-9057-27e5f74f0709,2025-04-30T10:30:00,Hypertension (Raktachaapa Vriddhi),"Arjuna, Sarpagandha, Ashwagandha","Shavasana, Anulom Vilom","Cool, light foods. Avoid spicy and fermented. Sweet, bitter, astringent.",5,48,Under Treatment
24c84dcc-5d95-4a46-947c-f8402b0aaaf3,ff00749e-2ae0-428b-a85a-adebe54613eb,aec88093-2c51-4628-b8a2-76061d15f59b,2025-04-16T12:00:00,Tennis Elbow (Kurpara Shoola),"Nirgundi, Guggulu",Gentle stretching,"Warm, oily foods. Avoid cold and dry. Sweet, sour, salty taste.",1,61,Stable
eb4b7565-2fa0-4d1f-a2bd-4686187e57e4,a3640bd3-673a-4e4b-a8fa-1aa16e1a8f22,5dc70449-4b6c-4a51-a827-45d70d4b2123,2025-04-09T13:00:00,Scoliosis (Kubjata),"Ashwagandha, Guggulu",Spine-flexibility yoga,"Warm, oily foods. Avoid cold and dry. Sweet, sour, salty taste.",1,56,Under Treatment
5d8087ea-069e-4648-93ec-2baa1339ad79,1888f6f7-5d27-4a5a-9f07-399bf5c9b2ed,95661119-11f6-484c-a7fa-78595e0691d6,2025-04-03T11:45:00,Ear Infection (Karna Shoola),"Tulsi, Neem oil drops",Rest,"Light, dry, warm foods. Avoid heavy and oily. Pungent, bitter, astringent.",5,65,Significantly Improved
7025017f-6948-425e-91b3-9bc99f7b4d34,97db3500-3e60-4c91-a461-a1befdc5de8e,af776543-2ab0-4ab1-9221-13abdfa52ea0,2025-04-11T14:30:00,Hyperthyroidism (Atisweda),"Ashwagandha, Shatavari, Brahmi",Sheetali Pranayama,"Cool, light foods. Avoid spicy and fermented. Sweet, bitter, astringent.",4,65,Under Treatment
d3455563-ac30-4861-a2bc-08f064c2fb44,433745ec-d4b7-4131-81ac-776e3c533b33,ea09f210-610a-41a6-8c9d-18e886af2c4d,2025-04-25T17:00:00,Cystitis (Mutrakrichra),"Gokshura, Punarnava",Baddha Konasana,"Warm, oily foods. Avoid cold and dry. Sweet, sour, salty taste.",1,93,Under Treatment
3f39b48d-faa2-4dc8-ad4a-dff3be200c6d,be26446d-93d6-4805-ab7c-cdeeb20a2eb4,c5263a50-f93d-4a02-96d1-8161a5d72c34,2025-04-20T16:45:00,Eczema (Vicharchika),"Neem, Aloe Vera, Turmeric",Sheetali Pranayama,"Cool, light foods. Avoid spicy and fermented. Sweet, bitter, astringent.",1,42,Improved
92676f7b-5fc8-4c17-89bf-c2551bbbfd2e,4dd3be8c-41fa-44a5-9b76-7699fb405460,2f520cec-9435-4ce4-9f36-27f64ecbb048,2025-04-08T08:45:00,Scoliosis (Kubjata),"Ashwagandha, Guggulu",Spine-flexibility yoga,"Warm, oily foods. Avoid cold and dry. Sweet, sour, salty taste.",8,70,Significantly Improved
a46a7263-3f71-45ee-b14b-255db3724abf,8a353a2d-fb96-4f8e-bc81-d2f296f19176,1fbce4da-8de7-4430-8764-85c1bd1a2d3c,2025-04-27T15:30:00,Osteoarthritis (Sandhivata),"Turmeric, Ashwagandha, Guggulu",Trikonasana,"Warm, oily foods. Avoid cold and dry. Sweet, sour, salty taste.",3,72,Stable
6abaa37b-7923-4c88-8763-1b304e2afa03,cdff0861-7101-4d39-8c1a-38dbe3aded59,de182c6f-a1a5-4d79-a1f3-2808a4a04ead,2025-04-25T14:45:00,Conjunctivitis (Netra Abhishyanda),"Triphala eye wash, Rose water",Netra Vyayama,"Cool, light foods. Avoid spicy and fermented. Sweet, bitter, astringent.",6,50,Stable
9bacdb85-c14a-4917-907e-902ab19bc6d2,681e7266-003e-4fea-b8c1-50e55220cc77,ea957db4-d002-4f0e-9038-dcfe9b964c35,2025-04-01T18:30:00,Tonsillitis (Tundikeri),"Sitopaladi Churna, Yashtimadhu",Jal Neti,"Light, dry, warm foods. Avoid heavy and oily. Pungent, bitter, astringent.",3,94,Significantly Improved
e2a938da-f43d-4a8f-8036-87e0e1402b48,f05a9cb5-6110-4502-95e1-810ac6ab6b33,0bf72369-6cd9-4e42-bf82-c6a53635de6e,2025-04-14T14:45:00,Heart Disease (Hridroga),"Arjuna, Brahmi, Guggulu",Gentle Pranayama,"Warm, oily foods. Avoid cold and dry. Sweet, sour, salty taste.",3,83,Improved
0f9c5cc0-e3fe-4112-b7d2-2fbbbff25f25,f4d5afd4-e183-4732-a4a7-866f5f2c2fc2,c07f9186-291a-4ed9-9413-8907d05ebd71,2025-04-25T17:00:00,Tonsillitis (Tundikeri),"Sitopaladi Churna, Yashtimadhu",Jal Neti,"Light, dry, warm foods. Avoid heavy and oily. Pungent, bitter, astringent.",3,49,Stable
b6e0925a-f950-4253-b431-27aeba1041e7,bee20f11-3865-4feb-a005-871c0d584c67,1e694d19-b54a-4df4-b844-bb01c2f5a02a,2025-04-08T09:45:00,Cystitis (Mutrakrichra),"Gokshura, Punarnava",Baddha Konasana,"Warm, oily foods. Avoid cold and dry. Sweet, sour, salty taste.",1,50,Stable
6e2e9078-c1f0-439d-a4f0-e27df10a7d5c,e4826804-30c0-4271-aba9-f0fa47a4d295,052508c5-d0e9-4cca-be4b-263d18d54a3c,2025-04-16T18:15:00,Irritable Bowel Syndrome (Grahani),"Bilva, Kutaja, Triphala",Pawanmuktasana,"Warm, oily foods. Avoid cold and dry. Sweet, sour, salty taste.",8,80,Recovered
7212c369-ce5b-44e5-b909-30edbce8fa38,fb8f5ee9-eb28-49ae-9b13-1a79bfbe6552,58eb94cb-f0d7-4f5f-8f18-c59a6922c67b,2025-04-14T14:15:00,Gingivitis (Danta Vidradhi),"Triphala, Clove oil",Oil pulling,"Cool, light foods. Avoid spicy and fermented. Sweet, bitter, astringent.",7,56,Improved
d618ecea-8c1b-40cc-94f6-8f22a6ca67d8,a32e273c-a03c-4579-8b40-cd1dabe1b85a,75e1ca26-64e9-4637-9745-05133c96aa8e,2025-04-20T11:00:00,Urinary Tract Infection (Mutradaha),"Gokshura, Chandan, Punarnava",Baddha Konasana,"Cool, light foods. Avoid spicy and fermented. Sweet, bitter, astringent.",8,47,Stable
1e3f9979-bc5d-47e0-b58a-93a8088f1aa0,dc0c1a22-90ca-42f0-ab8a-39cfd955526f,bcd1bc5c-077c-4839-aa83-ae9dcbdaa6d5,2025-04-29T12:15:00,Chronic Kidney Disease (Vrikka Vaikalya),"Punarnava, Gokshura",Gentle walking,"Warm, oily foods. Avoid cold and dry. Sweet, sour, salty taste.",8,88,Stable
d9627c2d-76b9-4e6b-a95d-57285bcaad34,5b489b04-54a8-468d-ac4f-159c8d84ccbc,19559e5e-5280-46ed-9860-3306bc24cfa7,2025-04-28T18:15:00,Ear Infection (Karna Shoola),"Tulsi, Neem oil drops",Rest,"Light, dry, warm foods. Avoid heavy and oily. Pungent, bitter, astringent.",7,68,Under Treatment
7ae76d42-6bc9-4fc7-84a9-f7107e90570c,9f848fca-57e9-4bea-80b2-27b3643ba6a3,bd9d5d56-cc1a-4985-a86b-eecd4b23fe0c,2025-04-19T08:45:00,Infertility (Vandhyatva),"Shatavari, Ashwagandha",Baddha Konasana,"Warm, oily foods. Avoid cold and dry. Sweet, sour, salty taste.",14,73,Under Treatment
3c59f418-7c2b-425c-b339-dda1b5a4d8e9,f6b7380f-2a17-403a-ba0e-4fd6d89f8a89,35c0402b-fdaf-4666-ac7f-fb820467f1ae,2025-04-17T18:30:00,Liver Disorder (Yakrit Vikara),"Amla, Turmeric, Guduchi",Dhanurasana,"Cool, light foods. Avoid spicy and fermented. Sweet, bitter, astringent.",3,69,Under Treatment
406fc496-a5ac-4867-8cb5-5bc7e84195a2,17562084-958d-47fa-9dc6-e2b6ad96a638,41b5009b-51ef-4e03-a7a7-fbbee252a1d1,2025-04-06T18:45:00,Hypertension (Raktachaapa Vriddhi),"Arjuna, Sarpagandha, Ashwagandha","Shavasana, Anulom Vilom","Cool, light foods. Avoid spicy and fermented. Sweet, bitter, astringent.",3,77,Significantly Improved
2aeed35f-e29f-4b96-8644-93a0c2c9c4fc,d3a3d84a-df51-41a9-923c-be4f116333a0,77676a7c-8f57-42b6-b6b3-9112e8f8c3fe,2025-04-24T14:45:00,Urinary Tract Infection (Mutradaha),"Gokshura, Chandan, Punarnava",Baddha Konasana,"Cool, light foods. Avoid spicy and fermented. Sweet, bitter, astringent.",3,55,Improved
efc9bf24-b27f-4a5a-8a78-b54918182c36,6b4b5d3c-c204-4ae7-841c-d8a9e613ea1a,60c2e641-0d81-4fb9-bb82-b9cf93d307e1,2025-04-06T12:30:00,Conjunctivitis (Netra Abhishyanda),"Triphala eye wash, Rose water",Netra Vyayama,"Cool, light foods. Avoid spicy and fermented. Sweet, bitter, astringent.",2,81,Improved
e7f9d5f4-8a43-46c4-af19-2171ef19f5a3,32fb151f-1500-4802-bf2e-a28569bca551,5601c8f1-fd83-4142-a0ee-ccc88b80ff1e,2025-04-03T08:30:00,Burnout (Chitta Klama),"Ashwagandha, Brahmi, Jatamansi",Yoga Nidra,"Warm, oily foods. Avoid cold and dry. Sweet, sour, salty taste.",4,63,Under Treatment
6e04fc56-32d7-4db0-b66a-40f3eaad1a9d,fceb3277-55c1-4e8c-a70e-e6dbb57d54f8,af1f41ae-6645-43e6-bce4-f6d9631f6eb6,2025-04-29T15:30:00,Varicose Veins (Sira Granthi),"Guggulu, Triphala",Viparita Karani,"Warm, oily foods. Avoid cold and dry. Sweet, sour, salty taste.",10,92,Improved
8de2b2fe-ced6-4842-8c20-4553941d3969,cc7d2039-de65-4375-81ea-5c175caa1724,43233b79-1931-4b0d-98c6-8b6b8cbe0f12,2025-04-28T12:15:00,Stress (Manasika Tanava),"Ashwagandha, Brahmi",Shavasana,"Warm, oily foods. Avoid cold and dry. Sweet, sour, salty taste.",1,54,Significantly Improved
29c04402-2e1c-4fbe-9f12-76ea9f82a76c,1e7e45e5-0133-4392-a3e7-a694d154a73b,98daa193-f330-473e-b0b6-e5cf811fa635,2025-04-24T12:00:00,Worm Infection (Krimi Roga),"Vidanga, Palasha, Triphala",Pawanmuktasana,"Warm, oily foods. Avoid cold and dry. Sweet, sour, salty taste.",2,47,Recovered
713d8bdc-5104-44f2-8698-250f49cfa13f,e2e19b7c-867f-43b6-9141-af8b63dab285,ac1ab739-8e0f-48c4-ac3a-b79021ab62ad,2025-04-09T14:45:00,Lymphoma (Granthi Arbuda),Ashwagandha (supportive),Gentle breathing,"Cool, light foods. Avoid spicy and fermented. Sweet, bitter, astringent.",4,65,Improved
b99549b8-c4db-4b5c-ab13-260b21bcbd1c,40b5a9ae-90a4-4f6c-a098-b31928f94be8,db123d70-546b-4bce-ba29-90d072e5b3f6,2025-04-03T13:30:00,Chikungunya (Sandhi Jwara),"Guduchi, Papaya leaf",Rest,"Cool, light foods. Avoid spicy and fermented. Sweet, bitter, astringent.",8,56,Significantly Improved
ac4791ef-33a6-4812-9c11-0c4952988bdb,6a627237-5674-4a07-94bd-f01bda4d24ad,dec3304d-73ee-4d9f-bbe7-4159043a1a18,2025-04-19T08:45:00,Osteoarthritis (Sandhivata),"Turmeric, Ashwagandha, Guggulu",Trikonasana,"Warm, oily foods. Avoid cold and dry. Sweet, sour, salty taste.",15,52,Significantly Improved
3cc6f3c3-7dad-49c3-b3fb-4f041a127533,6632d43c-3a96-476e-84b8-dcec0dde708c,f6f6e8f3-b87d-459b-944f-725de3ed58f6,2025-05-21T10:15:00,Migraine (Ardhavabhedaka),"Brahmi, Sarpagandha",Sheetali Pranayama,"Cool, light foods. Avoid spicy and fermented. Sweet, bitter, astringent.",8,69,Improved
b41e211d-31ca-482f-a808-cc8ec6f0a5df,b01c2f08-620e-4003-9146-b2bc5089f338,6a51f40c-b02b-4a22-baa5-f381354bd9fa,2025-05-14T12:00:00,Skin Rash (Kushtha),"Neem, Chandan, Haridra",Sheetali,"Cool, light foods. Avoid spicy and fermented. Sweet, bitter, astringent.",3,91,Improved
0229f9c0-75d6-4a27-aac1-6cc7c24176d7,aec2efec-f3f5-41b2-9577-f1bc6f1bca95,8894ecbe-c9b6-4764-be82-34021dd3b4bb,2025-05-07T16:15:00,Heat Stroke (Ushna Jwar),"Chandan, Ushira",Sheetali Pranayama,"Cool, light foods. Avoid spicy and fermented. Sweet, bitter, astringent.",8,41,Recovered
2651402d-6cfd-4f39-905c-abf30188e210,91a24ece-afbc-4ba8-952f-8dd6097940f2,a5d12569-1e0d-464a-928b-504bb38d0500,2025-05-31T15:45:00,Heat Stroke (Ushna Jwar),"Chandan, Ushira",Sheetali Pranayama,"Cool, light foods. Avoid spicy and fermented. Sweet, bitter, astringent.",7,82,Improved
831eb40e-aa85-46a0-8726-a0318be1a29d,6a627237-5674-4a07-94bd-f01bda4d24ad,98ea47d1-1e46-4ac1-b91f-163304df22b4,2025-05-03T12:00:00,Urinary Disorder (Mutraghata),"Gokshura, Punarnava",Baddha Konasana,"Cool, light foods. Avoid spicy and fermented. Sweet, bitter, astringent.",7,80,Improved
322033da-9950-4990-b2be-75823c40402d,b021bb1e-6e42-419a-bcff-6dacfc1a7d5c,145bca62-094b-48c1-9bbe-372018063f6f,2025-05-21T18:45:00,Migraine (Ardhavabhedaka),"Brahmi, Sarpagandha",Sheetali Pranayama,"Cool, light foods. Avoid spicy and fermented. Sweet, bitter, astringent.",8,61,Improved
ff226f15-4a62-45f5-800b-a8a6a5ebcdae,1572a1aa-b834-4a99-b93e-90463e7d1865,3482aed3-bdb1-4550-9c95-9f8f018d36ec,2025-05-27T08:45:00,Acidity (Amlapitta),"Shatavari, Licorice","Vajrasana, Setu Bandha","Cool, light foods. Avoid spicy and fermented. Sweet, bitter, astringent.",7,75,Recovered
5c796b59-71fc-4909-814f-dc3d9d0cf01d,657d2a40-8be6-4f0a-828b-592a173a22bd,6dfa6fd3-c0a0-4ff2-b9f7-1da549ffde7c,2025-05-25T08:30:00,Migraine (Ardhavabhedaka),"Brahmi, Sarpagandha",Sheetali Pranayama,"Cool, light foods. Avoid spicy and fermented. Sweet, bitter, astringent.",3,55,Significantly Improved
326cc7c7-f4cb-4efd-a6fb-8981af0bb6b8,919000b2-65aa-4505-b464-efa6d94412df,30d5450d-3a2c-461e-aec1-c307e3e87cd0,2025-05-30T14:30:00,Dehydration (Trishna),"Ushira, Chandan",Sheetali Pranayama,"Cool, light foods. Avoid spicy and fermented. Sweet, bitter, astringent.",8,40,Recovered
e780d084-178c-4f71-b296-3804c89fdb49,a91c5d1d-124c-4eaa-a906-a0b3a7f20bd6,80bd221e-eda5-4fb5-8e93-e70eee3e05ca,2025-05-08T10:30:00,Skin Rash (Kushtha),"Neem, Chandan, Haridra",Sheetali,"Cool, light foods. Avoid spicy and fermented. Sweet, bitter, astringent.",1,60,Improved
49157e81-9050-412e-a50e-9705fc0e4550,d1bdd759-8b5f-4f83-87e5-b0ca4ce9b8e8,b954250c-9805-4417-a7fa-19ccd0ae7804,2025-05-07T10:00:00,Dehydration (Trishna),"Ushira, Chandan",Sheetali Pranayama,"Cool, light foods. Avoid spicy and fermented. Sweet, bitter, astringent.",3,76,Significantly Improved
1a986e86-32aa-467e-b200-b58ee906b73f,ec2a5f5a-8f75-4def-819b-26cb5a3fe120,fffbc133-9f65-4524-bb5f-0de948d2e4f8,2025-05-20T17:00:00,Skin Rash (Kushtha),"Neem, Chandan, Haridra",Sheetali,"Cool, light foods. Avoid spicy and fermented. Sweet, bitter, astringent.",3,52,Significantly Improved
afeb88e7-a3a2-4eaf-bc13-3a33619182c5,96662633-21fc-4411-804d-419b305215e4,58c77f74-eb2f-463c-bb36-f7d4059b0590,2025-05-31T12:45:00,Skin Rash (Kushtha),"Neem, Chandan, Haridra",Sheetali,"Cool, light foods. Avoid spicy and fermented. Sweet, bitter, astringent.",3,68,Improved
bf1e2f7b-370f-4211-aca2-96fbb9ee8cac,72b2881a-bcb0-4a20-84c1-3648ac2e2c49,6eb474f2-d7cc-45a9-8de7-dda68bd2c5bd,2025-05-29T08:45:00,Skin Rash (Kushtha),"Neem, Chandan, Haridra",Sheetali,"Cool, light foods. Avoid spicy and fermented. Sweet, bitter, astringent.",1,84,Significantly Improved
79409335-3516-4c66-800a-79a7bbdf776b,d3e9e3ed-00ef-4cd2-9ea2-5de5ff487ba3,b1214a2e-06d5-45b7-92a9-75dce04625c7,2025-05-06T16:30:00,Acidity (Amlapitta),"Shatavari, Licorice","Vajrasana, Setu Bandha","Cool, light foods. Avoid spicy and fermented. Sweet, bitter, astringent.",6,92,Improved
e217e479-b5ed-4d5d-8ed4-d1b36d6dba32,e2e7ef21-a5dd-4765-903d-770a6aa7b5b8,9f486480-2741-4e60-8ae7-00f462adb8bf,2025-05-12T16:00:00,Migraine (Ardhavabhedaka),"Brahmi, Sarpagandha",Sheetali Pranayama,"Cool, light foods. Avoid spicy and fermented. Sweet, bitter, astringent.",5,91,Stable
7eb7d86b-c875-485b-a10f-36bf50d36b0a,abd81e42-eef4-49a8-a27d-37a25f1c35bc,fae261ec-3ba2-4714-94e7-4358d21f6c0f,2025-05-04T14:00:00,Migraine (Ardhavabhedaka),"Brahmi, Sarpagandha",Sheetali Pranayama,"Cool, light foods. Avoid spicy and fermented. Sweet, bitter, astringent.",3,55,Significantly Improved
5272a1da-fe34-4f12-9bc4-a10bb941425a,936e7eea-1b7f-448d-808d-f30f1a0daf00,558fd6a0-3173-4bdf-ace0-42cc6cad2c41,2025-05-17T08:15:00,Skin Rash (Kushtha),"Neem, Chandan, Haridra",Sheetali,"Cool, light foods. Avoid spicy and fermented. Sweet, bitter, astringent.",3,74,Significantly Improved
b012043c-2efc-49a1-a701-7ae2b703c387,278b17ed-0861-4cf5-b606-be2b5c4948f9,8f140ce9-4baa-4a3b-9e08-8c04849f4b2f,2025-05-24T08:15:00,Dehydration (Trishna),"Ushira, Chandan",Sheetali Pranayama,"Cool, light foods. Avoid spicy and fermented. Sweet, bitter, astringent.",7,80,Significantly Improved
366f12f7-4485-4c03-86b8-396a20acd6e6,fcb3555b-2d3e-4781-b8b7-3e79aa9bac48,1fd649b4-5bcf-45ea-9171-f8c5c530fbbd,2025-05-05T13:15:00,Migraine (Ardhavabhedaka),"Brahmi, Sarpagandha",Sheetali Pranayama,"Cool, light foods. Avoid spicy and fermented. Sweet, bitter, astringent.",3,85,Significantly Improved
5b0cd99f-4f2a-4926-9903-0fabb57a32c9,b132388d-0113-4aa6-9960-a5bebd09ad8c,82af6e12-02c3-4ee8-858d-858471d92805,2025-05-14T11:00:00,Skin Rash (Kushtha),"Neem, Chandan, Haridra",Sheetali,"Cool, light foods. Avoid spicy and fermented. Sweet, bitter, astringent.",3,72,Under Treatment
d49c63ea-2001-4167-a8b7-2e4595a15be5,95a5c4de-24b2-4b6a-a372-c1a6092bc230,613c5be0-df38-4597-b42f-4292c2302241,2025-05-30T16:45:00,Migraine (Ardhavabhedaka),"Brahmi, Sarpagandha",Sheetali Pranayama,"Cool, light foods. Avoid spicy and fermented. Sweet, bitter, astringent.",7,85,Recovered
ddf3ef11-e286-4aa5-b04f-c0b9b2b2d8ce,6b9fb090-091c-4629-b48a-908b23dd480a,9383d70c-d28a-4f18-bf65-6ac75b42b9c0,2025-05-27T18:30:00,Heat Stroke (Ushna Jwar),"Chandan, Ushira",Sheetali Pranayama,"Cool, light foods. Avoid spicy and fermented. Sweet, bitter, astringent.",9,49,Under Treatment
e409f147-ed92-4581-b49d-cf29233ba684,f86e7fbe-d8a2-4d1c-8e4e-f2cdce46a9b1,8a82aaeb-6f13-49b4-be63-0c62f30c30ab,2025-05-09T13:00:00,Skin Rash (Kushtha),"Neem, Chandan, Haridra",Sheetali,"Cool, light foods. Avoid spicy and fermented. Sweet, bitter, astringent.",2,78,Improved
8e06d9e6-8ab6-4279-b667-a09e3e09ec26,7fe7668f-ef3d-4bc2-8b4b-183240e39098,7452ecd9-3a3c-42ee-b8fe-31f1d30709b0,2025-05-22T10:15:00,Dehydration (Trishna),"Ushira, Chandan",Sheetali Pranayama,"Cool, light foods. Avoid spicy and fermented. Sweet, bitter, astringent.",7,70,Improved
532cc9b1-9e3f-4687-98c6-2cca8eb72031,521855db-c8fe-4aa5-a827-6e6a639330c2,73437289-bbe6-4976-9d50-69baea06d9b0,2025-05-23T08:15:00,Skin Rash (Kushtha),"Neem, Chandan, Haridra",Sheetali,"Cool, light foods. Avoid spicy and fermented. Sweet, bitter, astringent.",1,87,Under Treatment
7ec622d7-eef4-42c7-9bf9-1c0961d76896,561498a7-3e94-47e1-96a6-42ee39b203ff,5d22f63a-230a-4a0a-a71d-55b0d557537b,2025-05-19T14:45:00,Urinary Disorder (Mutraghata),"Gokshura, Punarnava",Baddha Konasana,"Cool, light foods. Avoid spicy and fermented. Sweet, bitter, astringent.",4,84,Under Treatment
f4f49715-431b-479f-80e5-e376e75c8822,816dc866-ebe8-4377-b1ae-9ff8fa1be226,2044e920-b891-4718-b039-f98150a61ecb,2025-05-24T09:30:00,Heat Stroke (Ushna Jwar),"Chandan, Ushira",Sheetali Pranayama,"Cool, light foods. Avoid spicy and fermented. Sweet, bitter, astringent.",14,64,Improved
9f890b40-a68f-4925-b8a7-2b6f157196a8,0eb78130-992f-4dc9-9eb4-5405ddeb8065,ad128a66-ed6d-41b2-853c-f5e95fbe2cc0,2025-05-08T14:45:00,Heat Stroke (Ushna Jwar),"Chandan, Ushira",Sheetali Pranayama,"Cool, light foods. Avoid spicy and fermented. Sweet, bitter, astringent.",6,81,Improved
66f59368-3308-43ce-9af7-18408ac03d53,9a7c3a9f-6688-4f36-a0c5-a0c643f86397,97e5b19b-6d3a-4cec-ac27-a14c9a9ac22e,2025-05-01T16:00:00,Skin Rash (Kushtha),"Neem, Chandan, Haridra",Sheetali,"Cool, light foods. Avoid spicy and fermented. Sweet, bitter, astringent.",1,50,Improved
bfb50a37-7627-4e76-8dbf-61d8e567c867,9ae4e38b-d76c-4ff6-8c11-94a6dea6e825,3294faac-200d-4172-96b8-14ff5d087b54,2025-05-12T08:30:00,Heat Stroke (Ushna Jwar),"Chandan, Ushira",Sheetali Pranayama,"Cool, light foods. Avoid spicy and fermented. Sweet, bitter, astringent.",13,84,Improved
304952a4-021b-4ee0-a3b0-d56881b836ec,d53538f7-b819-4bb2-9ca1-2ed43062ad1e,126d2abc-b986-4187-a130-44ccf95b6784,2025-05-26T14:00:00,Migraine (Ardhavabhedaka),"Brahmi, Sarpagandha",Sheetali Pranayama,"Cool, light foods. Avoid spicy and fermented. Sweet, bitter, astringent.",7,69,Improved
229707cd-03a1-443f-a6ab-f2e871a11ff8,d41e7c32-1817-4d39-ac7f-627362a28d5e,481dd955-ee4d-490a-916e-f290645076de,2025-05-08T12:15:00,Urinary Disorder (Mutraghata),"Gokshura, Punarnava",Baddha Konasana,"Cool, light foods. Avoid spicy and fermented. Sweet, bitter, astringent.",8,58,Improved
5928237e-fc4f-43c1-983c-b84355d5fee1,6e0cf555-9007-43cd-98eb-1e34d984c38b,3781adf4-cd10-4dec-83dd-66a5bf311c9d,2025-05-01T16:00:00,Heat Stroke (Ushna Jwar),"Chandan, Ushira",Sheetali Pranayama,"Cool, light foods. Avoid spicy and fermented. Sweet, bitter, astringent.",11,53,Stable
fbda8489-17ca-4717-93c6-b61d87919a07,55e961ec-5a0c-47b2-b675-c37a3c3836c1,7927eabd-982c-483d-8889-a528243847da,2025-05-06T10:30:00,Dehydration (Trishna),"Ushira, Chandan",Sheetali Pranayama,"Cool, light foods. Avoid spicy and fermented. Sweet, bitter, astringent.",7,66,Improved
4160d922-3b3f-4d4f-a8ac-9054ab750829,b7b3f2ca-7786-42cd-b1d9-c40140828041,14a2e491-fb37-4313-b714-44a4692663ec,2025-05-26T10:30:00,Dehydration (Trishna),"Ushira, Chandan",Sheetali Pranayama,"Cool, light foods. Avoid spicy and fermented. Sweet, bitter, astringent.",6,80,Significantly Improved
b6595c95-f0bc-47ff-8479-3126c919d832,2080eba4-fd00-4c33-9228-ff92981a6306,9f59f565-5ce1-44f5-8fc4-1f0edb4cc575,2025-05-05T13:00:00,Dehydration (Trishna),"Ushira, Chandan",Sheetali Pranayama,"Cool, light foods. Avoid spicy and fermented. Sweet, bitter, astringent.",3,83,Significantly Improved
e659462c-541a-48af-9ed5-865d0435292a,a3640bd3-673a-4e4b-a8fa-1aa16e1a8f22,f4aea494-eea6-430c-a1a4-6894a1e759a2,2025-05-20T09:45:00,Urinary Disorder (Mutraghata),"Gokshura, Punarnava",Baddha Konasana,"Cool, light foods. Avoid spicy and fermented. Sweet, bitter, astringent.",5,68,Significantly Improved
7b27e5e1-6574-4071-a7fb-8aa10646bc67,4ea275f1-c2f9-4bd0-945d-35e83e9ab232,908d1a41-2d93-46d0-9ae6-5f8b29c83167,2025-05-03T11:30:00,Skin Rash (Kushtha),"Neem, Chandan, Haridra",Sheetali,"Cool, light foods. Avoid spicy and fermented. Sweet, bitter, astringent.",3,56,Improved
6fe437fd-1a8c-4756-88d2-0bdd35382115,76609f2a-22ce-4d20-aebf-1cc021eab18e,5337f0a7-e7c7-492b-9409-0a1b86839487,2025-05-30T15:00:00,Skin Rash (Kushtha),"Neem, Chandan, Haridra",Sheetali,"Cool, light foods. Avoid spicy and fermented. Sweet, bitter, astringent.",2,81,Improved
0080ac65-cd00-478b-a98c-ef558e14b699,b56996c2-8d55-43ee-a273-08fb3b9a9e41,1193cee9-2015-479e-b249-354798acbad7,2025-05-23T17:15:00,Skin Rash (Kushtha),"Neem, Chandan, Haridra",Sheetali,"Cool, light foods. Avoid spicy and fermented. Sweet, bitter, astringent.",2,60,Significantly Improved
b0fb6b0e-a00d-417f-957e-69a9b177c297,1b8907f8-c801-4a84-bbb3-a6d21a4da257,e7f61591-1c96-484d-baa3-248de03722b8,2025-05-13T08:30:00,Migraine (Ardhavabhedaka),"Brahmi, Sarpagandha",Sheetali Pranayama,"Cool, light foods. Avoid spicy and fermented. Sweet, bitter, astringent.",4,94,Stable
ff2db33a-4650-4a5c-b1dd-e187e2fc14da,1535ee5a-0d55-461c-b6a7-728d12046189,e6360c72-ac59-4c9d-8416-669e23f3d2c0,2025-05-27T18:00:00,Skin Rash (Kushtha),"Neem, Chandan, Haridra",Sheetali,"Cool, light foods. Avoid spicy and fermented. Sweet, bitter, astringent.",1,55,Significantly Improved
a9788902-2fe2-4735-9f67-a9b29d15c28f,2647f102-7112-46dd-b7d9-de7ebcdaec36,a2de47dc-b4ba-450e-9aad-3288280037e2,2025-05-23T15:15:00,Acidity (Amlapitta),"Shatavari, Licorice","Vajrasana, Setu Bandha","Cool, light foods. Avoid spicy and fermented. Sweet, bitter, astringent.",4,42,Stable
a6f32f22-58a4-42bc-a130-0969884d0951,bd111b70-a218-4bca-9bd0-23d8b2814665,9ff016e2-3dc6-4125-9496-d4babd8ef906,2025-05-24T14:45:00,Skin Rash (Kushtha),"Neem, Chandan, Haridra",Sheetali,"Cool, light foods. Avoid spicy and fermented. Sweet, bitter, astringent.",3,70,Significantly Improved
3890d3c2-56c3-4aff-8f3a-0cc83fa3c0fb,e5c3032d-9884-4779-a577-8c0bc29ce0c7,7ae24a7a-a864-4857-90ca-e06b322c69bd,2025-05-23T13:15:00,Acidity (Amlapitta),"Shatavari, Licorice","Vajrasana, Setu Bandha","Cool, light foods. Avoid spicy and fermented. Sweet, bitter, astringent.",8,56,Improved
6f2f9b39-69ab-42ea-9028-c6cf9d7f5d06,110486cb-89d7-4fc5-9304-4fd3c9a914d9,878cfe33-6f06-418c-a0f5-89012233b254,2025-05-24T10:30:00,Acidity (Amlapitta),"Shatavari, Licorice","Vajrasana, Setu Bandha","Cool, light foods. Avoid spicy and fermented. Sweet, bitter, astringent.",5,77,Improved
e3a10e64-0c9e-442d-981c-808610b907d6,241e65cf-ac9d-4b5a-af47-b8641a48d384,652abde0-a22a-471c-ab0f-61685906428d,2025-05-10T09:30:00,Skin Rash (Kushtha),"Neem, Chandan, Haridra",Sheetali,"Cool, light foods. Avoid spicy and fermented. Sweet, bitter, astringent.",3,68,Under Treatment
9f0e718c-ec7f-4a0a-86e5-9ac03ca3431d,3c692c45-3ea3-48a5-b49d-a253ec2a185a,c3d1d5b6-902f-4e12-8ca7-48971a603f98,2025-05-02T16:15:00,Migraine (Ardhavabhedaka),"Brahmi, Sarpagandha",Sheetali Pranayama,"Cool, light foods. Avoid spicy and fermented. Sweet, bitter, astringent.",8,53,Improved
696b2b30-7f1b-42d5-b541-767bb32fb9ac,2859a253-a766-4e3d-b8eb-8a952727637b,db049b89-c3c1-46a1-a75b-f618c0056372,2025-05-23T10:15:00,Dehydration (Trishna),"Ushira, Chandan",Sheetali Pranayama,"Cool, light foods. Avoid spicy and fermented. Sweet, bitter, astringent.",6,66,Significantly Improved
e15f4193-3421-44ef-a7cb-40a63986d268,ff85b342-6b1a-4fad-8c2d-ab2e57df6db2,6016f583-06f1-420f-904e-7fbffe7e2f39,2025-05-15T15:00:00,Skin Rash (Kushtha),"Neem, Chandan, Haridra",Sheetali,"Cool, light foods. Avoid spicy and fermented. Sweet, bitter, astringent.",2,61,Improved
775097ef-9e62-4de8-9bee-f94142879014,f2b03105-b124-49bd-ab07-249f0413e859,783c82a5-90eb-404e-ac58-ae9f5a7f28eb,2025-05-20T09:00:00,Skin Rash (Kushtha),"Neem, Chandan, Haridra",Sheetali,"Cool, light foods. Avoid spicy and fermented. Sweet, bitter, astringent.",3,57,Significantly Improved
95e176b1-ad59-4de5-bb72-fc298fb05c0c,4416e4b2-eeea-4b9f-98d0-0d23f89fcc80,23d91ce1-4e0d-4bc7-980f-382193c7a963,2025-05-25T13:15:00,Dehydration (Trishna),"Ushira, Chandan",Sheetali Pranayama,"Cool, light foods. Avoid spicy and fermented. Sweet, bitter, astringent.",4,93,Significantly Improved
a9679297-70bf-429b-8fbf-20c9bd666cef,81a9595e-f9fa-4798-b57a-6411305979d7,c82b9ad7-5991-4526-b7cd-28f0df8c875a,2025-05-13T16:30:00,Acidity (Amlapitta),"Shatavari, Licorice","Vajrasana, Setu Bandha","Cool, light foods. Avoid spicy and fermented. Sweet, bitter, astringent.",5,76,Significantly Improved
1f8a9dc3-d850-44aa-bb84-7a6a91f4e408,fddd652b-0e02-426b-bb0d-2a92f9a6f39d,e2d5a451-486f-4920-8abc-028dfc036794,2025-05-19T09:15:00,Dehydration (Trishna),"Ushira, Chandan",Sheetali Pranayama,"Cool, light foods. Avoid spicy and fermented. Sweet, bitter, astringent.",7,93,Recovered
7f9bbeee-0084-4ea0-8236-e39378f10478,da107e8b-0fce-4d30-acb4-2d9b6cc0d44c,d234171b-06f6-48cd-bc54-21b53a7dc369,2025-05-29T16:45:00,Skin Rash (Kushtha),"Neem, Chandan, Haridra",Sheetali,"Cool, light foods. Avoid spicy and fermented. Sweet, bitter, astringent.",3,58,Improved
721f85ef-b94c-4abc-b824-f583fb28006d,799bcd34-abdd-40f8-9548-c62076b40398,873f11a7-4430-48db-8d32-e470b6ee85d4,2025-05-07T10:15:00,Dehydration (Trishna),"Ushira, Chandan",Sheetali Pranayama,"Cool, light foods. Avoid spicy and fermented. Sweet, bitter, astringent.",6,85,Recovered
46c952a2-d379-47cc-bce6-51cf33c65050,052cfeae-2d1b-48d0-8c23-06c701cd0a0d,95825c41-560c-4d46-bf74-1e7e9981fc09,2025-05-20T16:30:00,Heat Stroke (Ushna Jwar),"Chandan, Ushira",Sheetali Pranayama,"Cool, light foods. Avoid spicy and fermented. Sweet, bitter, astringent.",7,67,Improved
5152d193-5833-4cd5-ac3e-18f5f5ab9233,b70b6866-fc93-49b0-82ff-5829d7478c5e,9f42f2d7-86fd-460d-be0b-22b3cb8ba305,2025-05-22T12:45:00,Migraine (Ardhavabhedaka),"Brahmi, Sarpagandha",Sheetali Pranayama,"Cool, light foods. Avoid spicy and fermented. Sweet, bitter, astringent.",4,87,Improved
8561bf09-39b4-4ee6-a3ad-86e2d99f5d19,3793ac91-3818-48db-914a-3e766d6aca47,c5749819-d6df-468f-a293-4cf9a63d2855,2025-05-05T10:15:00,Migraine (Ardhavabhedaka),"Brahmi, Sarpagandha",Sheetali Pranayama,"Cool, light foods. Avoid spicy and fermented. Sweet, bitter, astringent.",7,82,Significantly Improved
e3b96a0f-a7a1-481b-a5f3-63520c4abd64,db0de662-dbfb-4d5c-82a8-4c023a91c8a4,0a4465fd-66be-4b6d-94ab-530b9890ac95,2025-05-22T11:30:00,Heat Stroke (Ushna Jwar),"Chandan, Ushira",Sheetali Pranayama,"Cool, light foods. Avoid spicy and fermented. Sweet, bitter, astringent.",10,76,Significantly Improved
293fdf0c-1f8c-42cd-a3b4-c61de473a84e,b24372cb-0bf9-463e-b70e-5cb1c24a300e,2e9cc49a-1430-47d9-a048-fc9aa66aef1f,2025-05-22T17:30:00,Migraine (Ardhavabhedaka),"Brahmi, Sarpagandha",Sheetali Pranayama,"Cool, light foods. Avoid spicy and fermented. Sweet, bitter, astringent.",4,40,Significantly Improved
fd17ccc1-5830-4bda-85fa-bc0152738c64,ae306701-4121-4429-9755-8aa83694a025,f6ccc685-0a62-4705-839c-b84179b3d576,2025-05-27T08:15:00,Heat Stroke (Ushna Jwar),"Chandan, Ushira",Sheetali Pranayama,"Cool, light foods. Avoid spicy and fermented. Sweet, bitter, astringent.",8,60,Significantly Improved
212a3972-6f3a-4a4c-b192-5f6796abfbd4,2cc5a09b-75f3-42dd-a323-981481ada4e4,04da88c4-48fc-4aa2-b821-38cf05a5d810,2025-05-13T12:30:00,Urinary Disorder (Mutraghata),"Gokshura, Punarnava",Baddha Konasana,"Cool, light foods. Avoid spicy and fermented. Sweet, bitter, astringent.",6,62,Significantly Improved
5c9a6c57-7d5f-4218-bba0-9aecf40b1981,46bd71d5-b6ec-41ce-9c66-44ba18b33e6e,b0be2045-fd0f-4161-8f10-8d6d23746aa0,2025-05-15T12:00:00,Acidity (Amlapitta),"Shatavari, Licorice","Vajrasana, Setu Bandha","Cool, light foods. Avoid spicy and fermented. Sweet, bitter, astringent.",7,91,Improved
2aefee12-fcad-4caa-ba6d-94566112c98a,9fd0404f-3a5b-47cd-8f23-7a38da6ec1e1,b6df9c8e-5f2b-4eb9-b0cb-ec1399d472a8,2025-05-02T09:45:00,Skin Rash (Kushtha),"Neem, Chandan, Haridra",Sheetali,"Cool, light foods. Avoid spicy and fermented. Sweet, bitter, astringent.",2,56,Significantly Improved
2c9aa601-e167-4686-b35d-22c3562bfeab,11bf2eac-aa7a-4ba7-bbce-d04555359cd7,e9534701-d783-4cf6-b1b9-27db94c30ecf,2025-05-20T12:00:00,Migraine (Ardhavabhedaka),"Brahmi, Sarpagandha",Sheetali Pranayama,"Cool, light foods. Avoid spicy and fermented. Sweet, bitter, astringent.",4,67,Improved
9f3bbfc0-f788-46f0-b2b1-f91dbf3f1107,4509f805-7e61-4658-9f69-2b3d8206ae47,8dea4ab7-5ebc-4d7b-a188-c0718dbe6c2e,2025-05-15T08:00:00,Skin Rash (Kushtha),"Neem, Chandan, Haridra",Sheetali,"Cool, light foods. Avoid spicy and fermented. Sweet, bitter, astringent.",1,59,Significantly Improved
44fab652-20dc-416e-98ce-c97784326def,6e790b3b-331d-4e1f-9a80-897f720c0cd0,92c1a8f1-e2dd-4b69-9df2-ca3b66e729bc,2025-05-13T10:00:00,Migraine (Ardhavabhedaka),"Brahmi, Sarpagandha",Sheetali Pranayama,"Cool, light foods. Avoid spicy and fermented. Sweet, bitter, astringent.",8,74,Stable
082ae76a-6755-4390-8d2b-8eccb437df5e,ef288a4a-96e6-4c3e-94f5-96bc406e0134,480e512f-16f8-42cf-bcf0-26368e5a6857,2025-05-02T12:00:00,Skin Rash (Kushtha),"Neem, Chandan, Haridra",Sheetali,"Cool, light foods. Avoid spicy and fermented. Sweet, bitter, astringent.",2,71,Significantly Improved
fe27db39-7d25-4448-96bd-eab978f8c1c3,4e6f468d-6358-4376-aa1c-a68066dbebb8,28789f0a-e044-4431-b4f3-2c27836c8531,2025-05-18T09:15:00,Skin Rash (Kushtha),"Neem, Chandan, Haridra",Sheetali,"Cool, light foods. Avoid spicy and fermented. Sweet, bitter, astringent.",3,42,Significantly Improved
6e7e8da8-200c-48e9-bcee-be995573533b,6d24b306-4259-41cd-ade2-c841be7f108b,5d3d11ea-6fd6-4d49-86c4-fac46bc59a69,2025-05-22T12:00:00,Dehydration (Trishna),"Ushira, Chandan",Sheetali Pranayama,"Cool, light foods. Avoid spicy and fermented. Sweet, bitter, astringent.",8,83,Significantly Improved
9c7dd41f-3764-40b0-8864-8f257c6ed356,f7735153-ebdb-4a60-8d5c-ca03e17ec055,44b67862-0622-4753-86a6-bb8b836b57f9,2025-05-17T10:45:00,Urinary Disorder (Mutraghata),"Gokshura, Punarnava",Baddha Konasana,"Cool, light foods. Avoid spicy and fermented. Sweet, bitter, astringent.",7,95,Improved
9ef0897f-6798-4ac2-9835-aadd6c2b3020,b70b6866-fc93-49b0-82ff-5829d7478c5e,b409e7cc-e356-41fe-827a-16823bf7a60b,2025-05-19T10:30:00,Skin Rash (Kushtha),"Neem, Chandan, Haridra",Sheetali,"Cool, light foods. Avoid spicy and fermented. Sweet, bitter, astringent.",3,49,Significantly Improved
d4ffd5d0-defa-43ee-800d-3c55e47749e9,1e7e45e5-0133-4392-a3e7-a694d154a73b,6d40ed2e-7da7-4397-a7ef-26ba6b48ecc4,2025-05-21T15:30:00,Urinary Disorder (Mutraghata),"Gokshura, Punarnava",Baddha Konasana,"Cool, light foods. Avoid spicy and fermented. Sweet, bitter, astringent.",5,47,Significantly Improved
a9824f05-f954-4d55-a7fe-bd766a4bceeb,3b7c7c29-638b-4ef4-a322-c0b42d0d89cf,df2630bd-3244-4143-81b0-bf7a0adb8bea,2025-05-09T18:15:00,Dehydration (Trishna),"Ushira, Chandan",Sheetali Pranayama,"Cool, light foods. Avoid spicy and fermented. Sweet, bitter, astringent.",7,81,Improved
ed8ff28c-9354-4b3b-8a21-8f2982434815,98321cdc-abcd-42c7-9f17-b906cbfb79f8,375ae142-9075-466e-b890-82b44d9c189e,2025-05-19T10:15:00,Skin Rash (Kushtha),"Neem, Chandan, Haridra",Sheetali,"Cool, light foods. Avoid spicy and fermented. Sweet, bitter, astringent.",1,63,Significantly Improved
4735ca3d-8b0e-4df4-a53f-6226c2dae743,dd6e8020-d86b-4d96-bd46-95f11d7b4265,9da040c6-ab9f-4ca0-8fc7-40c24c5f5e33,2025-05-15T15:30:00,Skin Rash (Kushtha),"Neem, Chandan, Haridra",Sheetali,"Cool, light foods. Avoid spicy and fermented. Sweet, bitter, astringent.",1,64,Under Treatment
c096ba2a-1d66-4765-9e79-9921e0e3c1a4,6e61c4d6-37e1-48eb-b390-4e989d4a5a91,e7bf82ac-e32c-4839-a102-57c218b101c9,2025-05-31T18:00:00,Acidity (Amlapitta),"Shatavari, Licorice","Vajrasana, Setu Bandha","Cool, light foods. Avoid spicy and fermented. Sweet, bitter, astringent.",3,58,Significantly Improved
69d55238-d164-4c71-a350-ac3d4fd7a54b,f6b7380f-2a17-403a-ba0e-4fd6d89f8a89,6586e859-c3ca-4904-9c6b-2f9cb33da97d,2025-05-20T17:00:00,Pharyngitis (Galashotha),"Tulsi, Yashtimadhu",Bhramari Pranayama,"Light, dry, warm foods. Avoid heavy and oily. Pungent, bitter, astringent.",1,54,Under Treatment
69b170ad-6353-4a10-bfac-ff0adf0dd124,4fb9fb01-2835-4f9b-ad64-f9f690562be8,b09316f6-3731-4d36-b136-d03ac25439bc,2025-05-28T11:45:00,Hyperlipidemia (Medo Vriddhi),"Guggulu, Arjuna, Triphala",Surya Namaskar,"Light, dry, warm foods. Avoid heavy and oily. Pungent, bitter, astringent.",3,88,Stable
c3fa0ec2-8874-4c2d-9934-5326e463ce45,71ea6e60-7682-4ad2-bcdb-684c24439b95,16a6d246-4bb0-4a5f-b6c5-4d315471be84,2025-05-21T08:30:00,Cystitis (Mutrakrichra),"Gokshura, Punarnava",Baddha Konasana,"Warm, oily foods. Avoid cold and dry. Sweet, sour, salty taste.",7,80,Under Treatment
9abd9a72-6180-4951-a89c-4b345d4648fa,b8c2f23f-7205-4ce2-b408-163f542bd7b2,96565209-4a0d-4119-ac7b-1ef63536e319,2025-05-31T16:00:00,Eczema (Vicharchika),"Neem, Aloe Vera, Turmeric",Sheetali Pranayama,"Cool, light foods. Avoid spicy and fermented. Sweet, bitter, astringent.",3,77,Under Treatment
c456f108-e8d2-4317-9d4a-7301af4ea528,e2e19b7c-867f-43b6-9141-af8b63dab285,34dab4cc-5b72-4d19-b497-8073d606cf52,2025-05-16T17:45:00,Amebiasis (Pittaja Atisara),"Kutki, Triphala",Vajrasana,"Cool, light foods. Avoid spicy and fermented. Sweet, bitter, astringent.",4,68,Improved
672a0ee8-3724-422b-82c0-5ed41a94236d,067ebc07-3cac-4907-8604-747cc35f720f,a6b4ea0f-2b38-4ec0-a6fe-0fcdc7261633,2025-05-15T09:15:00,Menstrual Disorder (Artava Dushti),"Ashwagandha, Shatavari",Baddha Konasana,"Warm, oily foods. Avoid cold and dry. Sweet, sour, salty taste.",7,80,Improved
5485d625-c107-44e8-911f-caac50927db2,01d1fa93-bd3f-44b0-b8a1-81b87e0e7564,030c914e-a341-4ed9-843d-cc9e6126821a,2025-05-17T10:45:00,Sinusitis (Apinasa),"Sitopaladi Churna, Tulsi",Jal Neti,"Light, dry, warm foods. Avoid heavy and oily. Pungent, bitter, astringent.",1,71,Under Treatment
df9da290-e013-4096-bbd7-ca152414365a,afd4dacb-cf1f-4aff-bae3-79b29d3c1d07,e70a8097-ee51-4601-b442-c00592a87c33,2025-05-28T08:45:00,Conjunctivitis (Netra Abhishyanda),"Triphala eye wash, Rose water",Netra Vyayama,"Cool, light foods. Avoid spicy and fermented. Sweet, bitter, astringent.",8,64,Significantly Improved
15a4f799-81dd-4a15-9835-3b34b499e32b,c92e0fc7-3198-4532-b141-b1bbc2e34a9a,8c61a848-2c53-4e4a-9c1e-9e02f20ea324,2025-05-14T12:45:00,Vertigo (Bhrama),"Brahmi, Ashwagandha",Shavasana,"Warm, oily foods. Avoid cold and dry. Sweet, sour, salty taste.",8,60,Under Treatment
22b0926b-6680-460d-b390-0f58e84a1b6e,406c7e48-9304-446f-b8e1-725230853684,d9460033-5ec8-4438-9892-5e6a58b84f64,2025-05-08T11:30:00,Menstrual Disorder (Artava Dushti),"Ashwagandha, Shatavari",Baddha Konasana,"Warm, oily foods. Avoid cold and dry. Sweet, sour, salty taste.",13,46,Significantly Improved
552ad1a3-9f68-4354-a83f-4863d6bc6a81,0607d575-d9a3-421c-aa70-86cbfe8b59f4,1d15d3cc-285c-4950-b4dd-8a9ad2bb6983,2025-05-20T18:30:00,Osteoporosis (Asthi Kshaya),"Ashwagandha, Guggulu, Shatavari",Tadasana,"Warm, oily foods. Avoid cold and dry. Sweet, sour, salty taste.",5,70,Significantly Improved
236c100b-4602-476c-a0c1-5a894421e78d,e6a2e7dd-0b14-4a98-ae59-996686f54bcd,a5d225c9-c241-414a-8952-49c2d91504ea,2025-05-12T16:15:00,Pharyngitis (Galashotha),"Tulsi, Yashtimadhu",Bhramari Pranayama,"Light, dry, warm foods. Avoid heavy and oily. Pungent, bitter, astringent.",1,43,Improved
747a23aa-baaf-4c04-a1e8-de243d585cd2,20331df7-0754-45ff-80e8-a441eef41dc7,95e0da33-568c-47e5-a652-4405a563d9d2,2025-05-02T14:45:00,Chikungunya (Sandhi Jwara),"Guduchi, Papaya leaf",Rest,"Cool, light foods. Avoid spicy and fermented. Sweet, bitter, astringent.",14,42,Improved
aca0c42b-e9e9-4155-b0d2-443185e8926a,83dacb16-5e0b-4d52-8df6-19f9ab44dcde,018a4815-5dde-4fe4-8bd5-fb3be4751818,2025-05-08T12:30:00,Heart Disease (Hridroga),"Arjuna, Brahmi, Guggulu",Gentle Pranayama,"Warm, oily foods. Avoid cold and dry. Sweet, sour, salty taste.",10,76,Significantly Improved
0e725e02-5b19-443d-9544-62295e28ad84,e1cee793-006f-47b4-9577-96447819dc3b,150ca04e-4482-413f-b053-35ff14a1101e,2025-05-23T14:30:00,Mumps (Karnamoola Shotha),"Guduchi, Tulsi",Rest,"Light, dry, warm foods. Avoid heavy and oily. Pungent, bitter, astringent.",9,70,Under Treatment
a016162c-0ac5-4319-a9e7-9c4d041b8e89,ea941aad-c397-4656-bd2d-d1e4ca74eec0,ce8a7230-96e3-4661-8c71-77b743b15eff,2025-05-30T13:45:00,Gout (Vatarakta),"Guduchi, Triphala",Gentle stretching,"Cool, light foods. Avoid spicy and fermented. Sweet, bitter, astringent.",1,54,Stable
59bc7bd9-9578-4d13-bf64-7b9761769693,1a17d497-cd2e-42e9-b5b5-22873db11016,32504d19-8a0d-47d5-8de5-05894d65846c,2025-05-02T17:00:00,Angina (Hrit Shoola),"Arjuna, Guggulu",Gentle breathing,"Warm, oily foods. Avoid cold and dry. Sweet, sour, salty taste.",16,92,Improved
136cd5ec-b479-4901-88d2-36d08195ab9a,1888f6f7-5d27-4a5a-9f07-399bf5c9b2ed,f4ad3363-1457-4cf8-9055-9a5276532099,2025-05-12T16:30:00,Peptic Ulcer (Parinama Shoola),"Yashtimadhu, Shatavari",Vajrasana,"Cool, light foods. Avoid spicy and fermented. Sweet, bitter, astringent.",9,64,Significantly Improved
f3d1d4bd-3c4d-42f6-810f-9a6bff8b42cd,9794940b-e5ef-4b76-b611-e0a5df9ef8ec,997c45d3-780a-4aeb-9be1-86f83c20d3a8,2025-05-15T12:45:00,Eczema (Vicharchika),"Neem, Aloe Vera, Turmeric",Sheetali Pranayama,"Cool, light foods. Avoid spicy and fermented. Sweet, bitter, astringent.",5,58,Improved
34cbd1e4-4f30-4481-b3e2-5048ae087c73,9027b642-6669-4e5d-9de9-6197e231bf03,26a44753-2da0-4bc8-b402-800e0216f778,2025-05-04T09:45:00,Sinusitis (Apinasa),"Sitopaladi Churna, Tulsi",Jal Neti,"Light, dry, warm foods. Avoid heavy and oily. Pungent, bitter, astringent.",8,46,Improved
f81efd38-5785-420d-814f-e5047af5c373,b090dcec-dc65-48cd-8bb3-e10ba922eed2,90cd6e33-3f0c-4be5-9624-0316176cbf6a,2025-05-08T12:30:00,Stress (Manasika Tanava),"Ashwagandha, Brahmi",Shavasana,"Warm, oily foods. Avoid cold and dry. Sweet, sour, salty taste.",6,92,Stable
5e9570f5-726c-4149-9ded-4d6d765d7baf,4a13bf4f-03a9-451f-ae11-e54a099b2603,6d866c73-de14-457e-8d0f-93fd132bfa50,2025-05-19T10:45:00,Hyperthyroidism (Atisweda),"Ashwagandha, Shatavari, Brahmi",Sheetali Pranayama,"Cool, light foods. Avoid spicy and fermented. Sweet, bitter, astringent.",3,67,Improved
56068c7a-ac62-4d01-abc0-3a29a005fcc1,b9cc8b32-8d6f-49dc-ad9a-1c8db1abe0b7,e49725ff-7b62-4686-bc6b-c19c8b009f14,2025-05-18T11:45:00,Vitiligo (Shwitra),"Bakuchi, Neem, Manjistha",Sheetali Pranayama,"Cool, light foods. Avoid spicy and fermented. Sweet, bitter, astringent.",15,66,Significantly Improved
06cdcf82-6118-4f97-88d4-f09fff30b9e1,ef288a4a-96e6-4c3e-94f5-96bc406e0134,340828f7-d908-48bd-b98a-2e367e8b729e,2025-05-13T11:30:00,Digestive Disorder (Vikara),"Triphala, Ginger","Vajrasana, Pranayama","Cool, light foods. Avoid spicy and fermented. Sweet, bitter, astringent.",8,54,Improved
095b3bbb-1a63-48d2-a242-14d10aaee077,5814e1dc-d0e2-4f4d-98ca-44720ea1c7f5,236c3d72-a563-4334-84cb-0b6071ed1d75,2025-05-23T14:15:00,Irritable Bowel Syndrome (Grahani),"Bilva, Kutaja, Triphala",Pawanmuktasana,"Warm, oily foods. Avoid cold and dry. Sweet, sour, salty taste.",15,70,Under Treatment
7a8ad305-a257-4ae1-a31c-bca64a096af1,b16790cc-1c02-4203-b2c9-7bf3bbc6dce8,802df6b1-2173-44cc-9f25-2a71cf501405,2025-05-13T12:30:00,Liver Disorder (Yakrit Vikara),"Amla, Turmeric, Guduchi",Dhanurasana,"Cool, light foods. Avoid spicy and fermented. Sweet, bitter, astringent.",4,59,Improved
ec949c52-6086-4d7a-afd4-5bd710d04c5b,dc0c1a22-90ca-42f0-ab8a-39cfd955526f,1c8100e6-8812-4133-99f6-0f79107fc9ac,2025-05-26T09:45:00,Eczema (Vicharchika),"Neem, Aloe Vera, Turmeric",Sheetali Pranayama,"Cool, light foods. Avoid spicy and fermented. Sweet, bitter, astringent.",6,90,Improved
2d34bc02-b9de-4195-94b7-282e2eb33906,f37e73f3-fb04-487c-ac16-cf2cb4242a12,f838e9e7-116d-491b-93a1-23cb1f7d78bb,2025-05-12T10:15:00,Contact Dermatitis (Sparshaja Kushtha),"Aloe Vera, Neem, Chandan",Sheetali Pranayama,"Cool, light foods. Avoid spicy and fermented. Sweet, bitter, astringent.",6,42,Significantly Improved
8059a515-0449-481b-8182-7e9cc5fc62fd,f6e215b9-1922-4ac2-8985-9ef28012368d,4ebe9917-d92d-4ce2-ab28-44697394dc79,2025-05-10T10:30:00,Typhoid (Antrika Jwara),"Guduchi, Sudarshan Churna","Rest, Shavasana","Cool, light foods. Avoid spicy and fermented. Sweet, bitter, astringent.",9,83,Improved
e75e6522-efb2-4a56-9f07-18187fd2ef43,4563d3b6-d896-46ac-a1ca-dee38c51265f,d1908305-3377-4a7b-9959-37d4568aa907,2025-05-08T08:30:00,Piles - Anal Fissure (Parikartika),"Triphala, Nagakesara",Pawanmuktasana,"Warm, oily foods. Avoid cold and dry. Sweet, sour, salty taste.",4,57,Significantly Improved
53543114-233b-4f6c-b705-2a4b77fbe48f,fc545c3c-e005-4c08-a38d-0bf097af1e84,a4144845-0184-4adc-b292-e37f49599dae,2025-05-19T11:15:00,Worm Infection (Krimi Roga),"Vidanga, Palasha, Triphala",Pawanmuktasana,"Warm, oily foods. Avoid cold and dry. Sweet, sour, salty taste.",5,69,Significantly Improved
5c059c84-d221-4d10-965f-82feaf5f1534,96cd86af-a011-409e-8853-55cf183fc03d,329d944e-8140-4117-b407-2c6c9a916294,2025-05-19T12:15:00,Cystitis (Mutrakrichra),"Gokshura, Punarnava",Baddha Konasana,"Warm, oily foods. Avoid cold and dry. Sweet, sour, salty taste.",3,43,Significantly Improved
ea957fd6-017c-4492-8987-0e1c21a0558a,521855db-c8fe-4aa5-a827-6e6a639330c2,8adec90b-1b2b-492d-a019-574e1ddd9de9,2025-05-30T09:30:00,Peptic Ulcer (Parinama Shoola),"Yashtimadhu, Shatavari",Vajrasana,"Cool, light foods. Avoid spicy and fermented. Sweet, bitter, astringent.",5,67,Improved
99f275c7-e797-4bea-9b10-60256ed4383f,2aad5ba1-33ce-4964-9501-64fc36235b5f,4f2a0ae2-8cce-4fcb-9153-168daf711daf,2025-05-16T16:00:00,Stress (Manasika Tanava),"Ashwagandha, Brahmi",Shavasana,"Warm, oily foods. Avoid cold and dry. Sweet, sour, salty taste.",15,73,Significantly Improved
3aaeee08-4324-418e-911b-88418673238d,c3034117-47a1-4672-83d5-7060a68f63f2,4dad7e2a-de99-4f43-a567-288481f3647d,2025-05-13T16:00:00,Acne (Yuvana Pidika),"Neem, Turmeric, Manjistha",Kapalbhati,"Cool, light foods. Avoid spicy and fermented. Sweet, bitter, astringent.",2,91,Improved
45700cb3-3fb0-4037-81d5-ddd62dedc450,fcb3555b-2d3e-4781-b8b7-3e79aa9bac48,a030c4b8-90f0-4352-9897-09a028d63670,2025-05-13T08:15:00,Fatty Liver (Yakrit Meda Vriddhi),"Bhumi Amla, Guduchi, Triphala",Surya Namaskar,"Light, dry, warm foods. Avoid heavy and oily. Pungent, bitter, astringent.",7,84,Improved
e2b02302-c060-4ffa-baac-c0fa71277311,0bf61ee8-167a-4e36-be1d-fb01c6def3b6,ebf15053-c2e6-4255-80aa-7e680a11db3c,2025-05-23T09:30:00,Prostate Enlargement (Vriddhi),"Gokshura, Varuna",Baddha Konasana,"Warm, oily foods. Avoid cold and dry. Sweet, sour, salty taste.",1,60,Stable
a4b9d73d-4c3f-4738-bbe6-b7664d29a6d9,023dc9bc-0a47-4053-80d0-34c0fc765d8e,2b0c7de8-4baf-4a8b-b4e2-8757d66aeb38,2025-05-31T14:45:00,Varicose Veins (Sira Granthi),"Guggulu, Triphala",Viparita Karani,"Warm, oily foods. Avoid cold and dry. Sweet, sour, salty taste.",1,94,Under Treatment
0a11d283-5599-44c4-98f6-af285f186d3f,3c074679-e282-4ed6-9283-aaab4cc4cc30,cec894a9-ee26-4505-a187-7d6af095c124,2025-05-06T10:00:00,Sciatica (Gridhrasi),"Nirgundi, Guggulu",Pawanmuktasana,"Warm, oily foods. Avoid cold and dry. Sweet, sour, salty taste.",6,87,Significantly Improved
8902ae63-de8d-4793-b8fb-0aff3e8de379,5dedd30d-4536-42d5-b657-352f2ab2ec79,d3101a7f-9d4f-4c44-83ed-4b528eeb7140,2025-05-07T09:15:00,Gout (Vatarakta),"Guduchi, Triphala",Gentle stretching,"Cool, light foods. Avoid spicy and fermented. Sweet, bitter, astringent.",5,47,Improved
0d49563e-df28-4ea3-ace8-0907fabb192b,ed68d180-35ef-42c4-9fb5-95ca08981a13,8e5b3b75-423d-4dea-9793-7a42af29d755,2025-05-13T12:30:00,Anemia (Pandu Roga),"Punarnava, Loha Bhasma, Amla",Surya Namaskar,"Cool, light foods. Avoid spicy and fermented. Sweet, bitter, astringent.",4,91,Improved
b5b43a8a-8827-4f08-b81d-3e7bd92f35e8,ecc67b78-7069-4509-8a49-77213e4d7b60,533398e4-8cd4-4fe6-9514-434b9f5298a6,2025-05-16T14:15:00,Tonsillitis (Tundikeri),"Sitopaladi Churna, Yashtimadhu",Jal Neti,"Light, dry, warm foods. Avoid heavy and oily. Pungent, bitter, astringent.",3,88,Improved
8a92d7ef-d5e8-41af-8c23-409941ddf2ae,f11f882e-26dd-41e5-87c1-1afec3409011,ba2027ed-6fdf-427b-82a1-7820c604783f,2025-05-09T17:30:00,Depression (Vishada),"Ashwagandha, Brahmi, Jatamansi",Yoga Nidra,"Warm, oily foods. Avoid cold and dry. Sweet, sour, salty taste.",11,45,Improved
6284d6f2-66d2-4352-a104-561e0874d509,9a72e043-3f74-4f90-a110-a5800b9b8323,35b8e3f8-1bce-4280-b86b-6edd0e0a00dc,2025-05-26T17:00:00,Contact Dermatitis (Sparshaja Kushtha),"Aloe Vera, Neem, Chandan",Sheetali Pranayama,"Cool, light foods. Avoid spicy and fermented. Sweet, bitter, astringent.",11,72,Improved
20a1cc82-b2e2-4072-9cca-f91c301fe465,4416e4b2-eeea-4b9f-98d0-0d23f89fcc80,5726ae3b-3c18-4a17-b86f-8ebe31e4c09d,2025-05-25T13:15:00,Warts (Charmakeela),"Thuja, Neem",None specific,"Light, dry, warm foods. Avoid heavy and oily. Pungent, bitter, astringent.",3,68,Improved
cc650b76-709b-4dd9-90e5-72f29e6c0282,5814e1dc-d0e2-4f4d-98ca-44720ea1c7f5,fc0cdf96-118b-4ad6-92fc-c922fecc6df9,2025-05-18T14:15:00,Acne (Yuvana Pidika),"Neem, Turmeric, Manjistha",Kapalbhati,"Cool, light foods. Avoid spicy and fermented. Sweet, bitter, astringent.",3,58,Stable
39493c43-9946-4fe6-b139-d693adbaf080,5c81d240-7588-4bdd-aefe-8662ce026c82,f28c8607-f6f0-48db-a2b7-601051b0b839,2025-05-10T13:45:00,Vitiligo (Shwitra),"Bakuchi, Neem, Manjistha",Sheetali Pranayama,"Cool, light foods. Avoid spicy and fermented. Sweet, bitter, astringent.",16,52,Improved
d3f5eadf-4e98-4e7e-8fb1-130632af4ed7,fb675350-88ef-4f41-b8b6-8b5e4f63d995,f7f421c6-d34d-409c-a21c-9e3f9c61bc5f,2025-05-10T14:15:00,Filariasis (Shlipada),"Guduchi, Punarnava",Leg elevation,"Light, dry, warm foods. Avoid heavy and oily. Pungent, bitter, astringent.",6,49,Stable
209cd6d5-5a1a-4024-bc6f-b1c93587057b,fe89faac-b42c-4ef1-beca-7f35770db8d2,990ab7af-058d-48e3-b5f1-78015ae04a64,2025-05-28T16:00:00,Stress (Manasika Tanava),"Ashwagandha, Brahmi",Shavasana,"Warm, oily foods. Avoid cold and dry. Sweet, sour, salty taste.",4,65,Significantly Improved
2bd443ae-a3ae-4479-bff0-657f8de07948,dffadd63-56d7-4407-90bb-64b12273bfe7,06327f8e-acaf-41fb-b61a-3cfc857a8032,2025-05-07T10:45:00,Irritable Bowel Syndrome (Grahani),"Bilva, Kutaja, Triphala",Pawanmuktasana,"Warm, oily foods. Avoid cold and dry. Sweet, sour, salty taste.",3,79,Improved
01c5b31a-f22a-4c2e-9443-f324d7681278,5d88a728-570d-4b0f-a63b-28efe8390b13,83531cea-2055-447e-b503-5380e8933449,2025-06-17T10:45:00,Insomnia (Anidra),"Brahmi, Jatamansi",Yoga Nidra,"Warm, moderately oily foods. Sweet, slightly sour.",3,58,Stable
56792579-1eec-420d-af10-db5cf8d3e8db,96f3965f-35b1-41f4-9439-58c245660cec,5c46c9c9-a2bb-45d7-a700-5f878127819b,2025-06-24T14:15:00,Fever (Jwara),"Sudarshan Churna, Tulsi",Shavasana,"Cool, light foods. Avoid spicy and fermented. Sweet, bitter, astringent.",4,93,Improved
06ad9158-435d-48be-9bfd-df02a53cdd30,01c540cd-b592-42bd-afc3-b9ec164ec439,34809825-cfac-43d7-bc9a-a5b2686c4e54,2025-06-06T09:45:00,Acidity (Amlapitta),"Shatavari, Licorice",Vajrasana,"Cool, light foods. Avoid spicy and fermented. Sweet, bitter, astringent.",7,65,Improved
f5fcbfd2-201b-4596-98a9-c595d309ff69,d1922d18-a85a-4413-8f30-0a1e25b7dfb3,b272772b-da32-447c-915b-1a80d179c00e,2025-06-04T18:45:00,Heat Stroke (Ushna Jwar),"Chandan, Ushira",Sheetali Pranayama,"Cool, light foods. Avoid spicy and fermented. Sweet, bitter, astringent.",10,79,Stable
71592736-3bea-4e3d-a482-389762b8d8a5,f657c739-f37b-4e5d-9112-57df9d98b558,4efa9acd-1661-4ec2-9022-359ac7f66ef5,2025-06-21T16:15:00,Heat Stroke (Ushna Jwar),"Chandan, Ushira",Sheetali Pranayama,"Cool, light foods. Avoid spicy and fermented. Sweet, bitter, astringent.",7,64,Improved
13a991bc-ed2b-4743-abd7-a59fdf2efa74,b123549f-3956-4693-9d04-dc2564515eb5,da14bf02-b7ae-410b-839d-9de5dd0bb899,2025-06-04T11:30:00,Diarrhea (Atisara),"Bilva, Kutaj",Pawanmuktasana,"Cool, light foods. Avoid spicy and fermented. Sweet, bitter, astringent.",3,57,Stable
aeab7b4c-0365-449b-b3af-9ae416147b20,ec2a5f5a-8f75-4def-819b-26cb5a3fe120,7361ba5b-e20e-45ac-93b9-9ecd75296e99,2025-06-15T11:30:00,Skin Rash (Kushtha),"Neem, Chandan",Sheetali,"Cool, light foods. Avoid spicy and fermented. Sweet, bitter, astringent.",1,84,Significantly Improved
0db65051-2481-4105-9c59-a3807cae0634,406c7e48-9304-446f-b8e1-725230853684,273b6694-8e9f-427d-82cc-0591001e4033,2025-06-13T17:15:00,Heat Stroke (Ushna Jwar),"Chandan, Ushira",Sheetali Pranayama,"Cool, light foods. Avoid spicy and fermented. Sweet, bitter, astringent.",7,58,Improved
e88c0e96-a0f6-4169-bed6-7fd52b186c54,fbd6a056-a2ca-4b7e-bf5e-fba558452aa6,62d2eb6e-03e2-46d8-8322-3841fbfa78c2,2025-06-27T10:00:00,Fever (Jwara),"Sudarshan Churna, Tulsi",Shavasana,"Cool, light foods. Avoid spicy and fermented. Sweet, bitter, astringent.",6,74,Improved
22157cef-003f-45bd-bdbe-f27fe25bd8bc,62a75794-ed38-4386-8e83-009037cf786a,a857e3d2-c489-4878-b08d-cf7f02dbf727,2025-06-02T12:15:00,Diarrhea (Atisara),"Bilva, Kutaj",Pawanmuktasana,"Cool, light foods. Avoid spicy and fermented. Sweet, bitter, astringent.",5,59,Improved
538094ab-e7ac-4f38-bd77-94a5cdc471fb,3ee264d2-3372-43d3-9076-31f07e760024,6d7ee404-86cf-4206-a4f5-d8d829e9790e,2025-06-06T14:00:00,Acidity (Amlapitta),"Shatavari, Licorice",Vajrasana,"Cool, light foods. Avoid spicy and fermented. Sweet, bitter, astringent.",8,77,Stable
80daeb0f-94ab-4f6a-a1fd-ccbe61e22b48,9a46f8cd-671d-4353-b092-2ace8727fcee,b46cc258-78c4-47f7-b174-dc353a65efe9,2025-06-03T15:00:00,Skin Rash (Kushtha),"Neem, Chandan",Sheetali,"Cool, light foods. Avoid spicy and fermented. Sweet, bitter, astringent.",1,90,Under Treatment
c3cc35a8-b154-44d2-9127-eb499295fce9,f2b03105-b124-49bd-ab07-249f0413e859,88eefdc6-2bde-43d0-ab71-b30d2f8e2f9f,2025-06-10T15:00:00,Heat Stroke (Ushna Jwar),"Chandan, Ushira",Sheetali Pranayama,"Cool, light foods. Avoid spicy and fermented. Sweet, bitter, astringent.",16,47,Improved
ff007a8a-e745-4656-848e-ae68a11a0d09,4122ef2e-ea21-4bdb-9f2b-d37d74748dde,7a820de3-0927-4348-8335-0bb68a0a60bc,2025-06-10T15:00:00,Insomnia (Anidra),"Brahmi, Jatamansi",Yoga Nidra,"Warm, moderately oily foods. Sweet, slightly sour.",3,63,Stable
28bb84fc-1388-45ff-baa2-2e26283d7e03,7cc5ac08-483b-4e54-8678-f323be76d462,66ff170e-6596-4151-ab62-c9f8b6f20d22,2025-06-19T11:00:00,Skin Rash (Kushtha),"Neem, Chandan",Sheetali,"Cool, light foods. Avoid spicy and fermented. Sweet, bitter, astringent.",3,82,Improved
0dab476d-7a3d-42c6-a386-c4ccce5edce9,a33b9ff8-c6cc-4297-97b5-523bd7de72c8,fe70ff92-e86b-43db-8ffa-b01807aa3c6f,2025-06-08T10:00:00,Fever (Jwara),"Sudarshan Churna, Tulsi",Shavasana,"Cool, light foods. Avoid spicy and fermented. Sweet, bitter, astringent.",3,53,Improved
268e87e3-1a10-4ceb-b7c5-3488a9323bdb,45b8dab4-ecc9-4ee6-a1af-37d2f01132a9,ffc6ba1e-8a9b-46f0-9e9e-52cbd913f577,2025-06-30T10:45:00,Insomnia (Anidra),"Brahmi, Jatamansi",Yoga Nidra,"Warm, moderately oily foods. Sweet, slightly sour.",3,60,Improved
36aa742b-6252-4766-9a7b-8d23edada3c2,1236d8c2-2a49-449b-a3e4-dd6ed2f707b7,d1dea16b-c255-4d5f-a64d-35cc9f9fc207,2025-06-01T18:30:00,Fever (Jwara),"Sudarshan Churna, Tulsi",Shavasana,"Cool, light foods. Avoid spicy and fermented. Sweet, bitter, astringent.",3,85,Improved
1ec34960-d3ea-4ba5-a661-335fe34dd4d5,d334836d-f7e8-4a2c-8348-0d18e7793074,c612180e-313b-457a-bba8-895423f62468,2025-06-12T12:15:00,Fever (Jwara),"Sudarshan Churna, Tulsi",Shavasana,"Cool, light foods. Avoid spicy and fermented. Sweet, bitter, astringent.",5,84,Recovered
64edf245-6177-4eeb-b9ea-9c25fd832a30,17aadfbf-c118-4eff-83ee-785fef98771a,62997e70-fab0-4b42-9efb-6cdbfa95f55c,2025-06-07T13:30:00,Insomnia (Anidra),"Brahmi, Jatamansi",Yoga Nidra,"Warm, moderately oily foods. Sweet, slightly sour.",1,49,Under Treatment
a258ba5c-edcd-4137-82e2-373548c945f6,512ff615-7fc3-4c20-b3ab-ae3f16470b94,3aa643cd-222a-4a61-ae09-6276107b1228,2025-06-13T08:30:00,Insomnia (Anidra),"Brahmi, Jatamansi",Yoga Nidra,"Warm, moderately oily foods. Sweet, slightly sour.",1,58,Significantly Improved
22fc1e67-7a80-49a9-b0c5-447dba26dc59,9b81443e-70c0-4787-8d5f-9f3ee7afc7e1,129db1d9-61e1-4133-9d80-a40782175bb8,2025-06-12T18:45:00,Heat Stroke (Ushna Jwar),"Chandan, Ushira",Sheetali Pranayama,"Cool, light foods. Avoid spicy and fermented. Sweet, bitter, astringent.",14,46,Under Treatment
871806ea-1892-4476-a5b1-37e0ba80e4dd,ce00a5eb-eaa4-4054-92e5-eefb2944f120,7577dd40-9cad-41f0-b5f2-3a1b9c8f232f,2025-06-17T08:30:00,Skin Rash (Kushtha),"Neem, Chandan",Sheetali,"Cool, light foods. Avoid spicy and fermented. Sweet, bitter, astringent.",1,70,Recovered
83ad80ec-58b1-46c0-94dc-6d1a09fba0cc,7db6583d-a3d4-463c-8ace-7f7985ee6ddb,4a55ecbd-4202-48d8-ade4-4d9425311ad6,2025-06-04T18:15:00,Insomnia (Anidra),"Brahmi, Jatamansi",Yoga Nidra,"Warm, moderately oily foods. Sweet, slightly sour.",1,49,Improved
baf0478a-5597-47f3-9abe-566919d90893,a265ce0b-ca57-415e-93d7-a18f14fc40d2,b324aca3-521e-4167-a31a-d91fa1e2abf5,2025-06-26T16:15:00,Skin Rash (Kushtha),"Neem, Chandan",Sheetali,"Cool, light foods. Avoid spicy and fermented. Sweet, bitter, astringent.",3,57,Significantly Improved
132de392-3f61-4553-a3b1-e220680f3727,b5a20d52-826a-404a-98f2-1c7cc74afc03,980eee0e-30db-4c13-a467-1dd7cca89bc7,2025-06-14T09:15:00,Diarrhea (Atisara),"Bilva, Kutaj",Pawanmuktasana,"Cool, light foods. Avoid spicy and fermented. Sweet, bitter, astringent.",8,41,Significantly Improved
0626a70b-c132-4967-a308-0ccc0fe265ff,da119ab8-32bc-41cf-9c9b-61fa5b244629,9e5e34e0-38c6-4366-ab53-d1d14573bca8,2025-06-06T18:15:00,Skin Rash (Kushtha),"Neem, Chandan",Sheetali,"Cool, light foods. Avoid spicy and fermented. Sweet, bitter, astringent.",1,82,Under Treatment
c27716c1-2a2f-46f7-84b5-7174598ad876,da107e8b-0fce-4d30-acb4-2d9b6cc0d44c,76bd0b4e-6354-4d4b-8151-e236f45c6047,2025-06-23T16:15:00,Heat Stroke (Ushna Jwar),"Chandan, Ushira",Sheetali Pranayama,"Cool, light foods. Avoid spicy and fermented. Sweet, bitter, astringent.",7,46,Improved
cff91101-c96b-47bb-b5db-41eb7800bc35,66f4a610-56d9-4a36-819f-96ceb1ebe9d0,922ecec7-1159-4738-a75c-9afd86f82d77,2025-06-03T13:15:00,Acidity (Amlapitta),"Shatavari, Licorice",Vajrasana,"Cool, light foods. Avoid spicy and fermented. Sweet, bitter, astringent.",3,75,Stable
b4db8ee2-b3e4-44df-b11a-4feff65f949d,4a13bf4f-03a9-451f-ae11-e54a099b2603,393bae4a-a274-4096-aabf-f24c99d9218d,2025-06-17T10:00:00,Insomnia (Anidra),"Brahmi, Jatamansi",Yoga Nidra,"Warm, moderately oily foods. Sweet, slightly sour.",3,54,Significantly Improved
7c71689e-9103-4342-bd67-6e53b1f5083b,5d2a3a2d-a56d-4dd4-9fd6-13626df1bbec,efa94fc3-e4b0-4a8a-85b5-14031f444670,2025-06-21T08:15:00,Diarrhea (Atisara),"Bilva, Kutaj",Pawanmuktasana,"Cool, light foods. Avoid spicy and fermented. Sweet, bitter, astringent.",3,92,Significantly Improved
8b21a6a8-e1e9-4eca-b811-017717dfff51,4653ebea-ed6a-4844-ada4-166a492e493f,46528bcc-a678-437c-8ffd-f5cfb8d99b7b,2025-06-22T17:00:00,Acidity (Amlapitta),"Shatavari, Licorice",Vajrasana,"Cool, light foods. Avoid spicy and fermented. Sweet, bitter, astringent.",7,90,Improved
f4fa8a1e-4b2b-4f3d-9f5b-c3d42d53858f,908db5ac-d49c-4b57-ba9f-7139d55bebd0,9064a09c-d8e0-4ca2-9a12-c24080152a7a,2025-06-02T12:15:00,Insomnia (Anidra),"Brahmi, Jatamansi",Yoga Nidra,"Warm, moderately oily foods. Sweet, slightly sour.",3,76,Significantly Improved
991f8814-09ce-4c73-a4aa-45bb8d0f0264,81a48133-5ea2-4775-a92b-b173a78693b9,66b25017-d490-4b85-b832-2d4cfd406a52,2025-06-19T16:45:00,Acidity (Amlapitta),"Shatavari, Licorice",Vajrasana,"Cool, light foods. Avoid spicy and fermented. Sweet, bitter, astringent.",8,69,Improved
84bf86af-8a20-4b6c-8d61-90727f12135a,88541d32-5fcf-4d73-893f-b3a3d4b1b707,023f37bd-9027-4e11-a998-f3e6e5bae340,2025-06-14T08:00:00,Fever (Jwara),"Sudarshan Churna, Tulsi",Shavasana,"Cool, light foods. Avoid spicy and fermented. Sweet, bitter, astringent.",6,66,Significantly Improved
25b1283d-4bdf-41ac-8602-538fcabf696d,25458f40-d1e1-4834-91f1-67b8acd5acf6,372d5f9b-fb9e-41f9-acad-4421176c0705,2025-06-05T11:00:00,Diarrhea (Atisara),"Bilva, Kutaj",Pawanmuktasana,"Cool, light foods. Avoid spicy and fermented. Sweet, bitter, astringent.",6,80,Significantly Improved
1c3ea4b7-8bd8-4e6c-95e1-a490354e1fb1,2d76ee07-67e2-4846-ac44-5d99079d88df,2299be99-0d98-4b77-97f0-952d98d0b1be,2025-06-26T10:30:00,Skin Rash (Kushtha),"Neem, Chandan",Sheetali,"Cool, light foods. Avoid spicy and fermented. Sweet, bitter, astringent.",1,87,Under Treatment
bc7e24aa-17ab-4049-a7f6-b116eac677f1,4ebe7dd8-8503-47cb-9882-85dd218f2c2f,73eb0c7f-b449-4c3d-8d3e-11862a92ed5a,2025-06-01T08:30:00,Fever (Jwara),"Sudarshan Churna, Tulsi",Shavasana,"Cool, light foods. Avoid spicy and fermented. Sweet, bitter, astringent.",4,61,Improved
28fb01bd-fefd-4662-a524-a9694e09fc78,256ca4a8-0cdf-4ad6-977e-4454c9605a71,dcb27a83-b240-4ef4-bf67-04347f6e66ff,2025-06-11T15:30:00,Fever (Jwara),"Sudarshan Churna, Tulsi",Shavasana,"Cool, light foods. Avoid spicy and fermented. Sweet, bitter, astringent.",3,76,Under Treatment
701ec6d5-82b5-40f7-b8c4-0db19f915129,add4d8f3-f252-4574-b078-08dec70d47b3,bc274404-6777-476b-8806-521f9fa2026b,2025-06-14T11:15:00,Acidity (Amlapitta),"Shatavari, Licorice",Vajrasana,"Cool, light foods. Avoid spicy and fermented. Sweet, bitter, astringent.",7,62,Improved
e2bd283e-d979-4be8-9834-016c446c8fad,50552609-3deb-4af5-ade4-4a67aef0ce2e,f2a7edf5-b8af-4f33-804d-e2b56c010ec3,2025-06-17T10:45:00,Fever (Jwara),"Sudarshan Churna, Tulsi",Shavasana,"Cool, light foods. Avoid spicy and fermented. Sweet, bitter, astringent.",3,51,Improved
da261528-069e-439d-b033-7a212c8b52b3,3f6f08a0-fd3c-4407-a86a-0d6b530ec7b3,7fb9886a-93eb-4281-904c-2ff8b61f24b3,2025-06-29T17:15:00,Skin Rash (Kushtha),"Neem, Chandan",Sheetali,"Cool, light foods. Avoid spicy and fermented. Sweet, bitter, astringent.",1,89,Under Treatment
08383093-81a4-43d6-b0a9-8742a43a2396,72e0e2e5-163e-471e-ace5-fbb417990dc5,9aac618b-3d37-4533-a025-205a061de696,2025-06-06T14:45:00,Acidity (Amlapitta),"Shatavari, Licorice",Vajrasana,"Cool, light foods. Avoid spicy and fermented. Sweet, bitter, astringent.",3,92,Significantly Improved
73620b13-ebca-4d14-a830-1d4edfd2782d,096ac027-c11d-48db-bd5c-a086d956f26c,35de7abd-79de-409b-bc21-55aba6f392a6,2025-06-07T10:00:00,Heat Stroke (Ushna Jwar),"Chandan, Ushira",Sheetali Pranayama,"Cool, light foods. Avoid spicy and fermented. Sweet, bitter, astringent.",8,46,Improved
023beb72-842c-4a79-abf3-492ceb9bd8a9,561498a7-3e94-47e1-96a6-42ee39b203ff,3adbc8dc-6d20-41df-b889-7d6bd95e96ce,2025-06-07T17:15:00,Insomnia (Anidra),"Brahmi, Jatamansi",Yoga Nidra,"Warm, moderately oily foods. Sweet, slightly sour.",2,81,Significantly Improved
70118840-2bf9-4c53-94d1-1ff244aec450,8c14d334-d0a4-4123-8899-f6849369b3b1,a763158a-c5b1-46af-b0cc-ffac08be18ce,2025-06-13T14:15:00,Insomnia (Anidra),"Brahmi, Jatamansi",Yoga Nidra,"Warm, moderately oily foods. Sweet, slightly sour.",2,44,Improved
d41eebd4-c6d2-4b2f-b17f-3abdd70050c7,af1b036f-15ce-4bee-90c9-6f5c85362c5e,cc6b5dbb-eb37-4246-a55e-a00fc9108ff9,2025-06-23T17:15:00,Fever (Jwara),"Sudarshan Churna, Tulsi",Shavasana,"Cool, light foods. Avoid spicy and fermented. Sweet, bitter, astringent.",5,45,Improved
be2986ad-36a0-4c86-a239-4020fa7e36de,e8a1050b-c761-48ab-9b87-8a706f3b933f,13751f0a-1761-4f73-b2c8-81695caa9a6c,2025-06-17T09:30:00,Skin Rash (Kushtha),"Neem, Chandan",Sheetali,"Cool, light foods. Avoid spicy and fermented. Sweet, bitter, astringent.",2,90,Improved
4bef2af5-989b-40ed-8e0b-7fe83064af27,47858567-6aac-44d7-9781-0cc941cbdfe4,72bc55fc-a250-4147-b0d5-62889e9a12b9,2025-06-21T09:00:00,Fever (Jwara),"Sudarshan Churna, Tulsi",Shavasana,"Cool, light foods. Avoid spicy and fermented. Sweet, bitter, astringent.",6,43,Stable
c96858e2-30f3-4655-b2c2-556bc60ee220,84cdf1ff-fdd5-4fe5-acc2-4e3ea3f03ad6,d30ffa86-0620-4be5-94ff-d7d7375f5efd,2025-06-13T10:00:00,Insomnia (Anidra),"Brahmi, Jatamansi",Yoga Nidra,"Warm, moderately oily foods. Sweet, slightly sour.",1,70,Stable
8f53e3a7-acfd-4570-9f5e-b1a9f2bbafdd,8e19d97b-7381-4316-8120-3e70a3e0fc81,f46b3c7d-7f82-4c03-be67-a7a066dcb922,2025-06-03T10:15:00,Insomnia (Anidra),"Brahmi, Jatamansi",Yoga Nidra,"Warm, moderately oily foods. Sweet, slightly sour.",1,68,Improved
10bcc4ac-238a-4dde-b936-32ec56186459,dce6d9e9-8a63-493d-af9b-a19b1aa39a95,9b2b4a64-8b42-4d52-b405-89fc13bdb37d,2025-06-13T13:15:00,Skin Rash (Kushtha),"Neem, Chandan",Sheetali,"Cool, light foods. Avoid spicy and fermented. Sweet, bitter, astringent.",1,77,Improved
70bf7db2-08e0-4980-bec9-325a5939dcc3,9b81443e-70c0-4787-8d5f-9f3ee7afc7e1,f75cd4ad-d084-4844-9af6-b1013d1b6727,2025-06-19T12:30:00,Skin Rash (Kushtha),"Neem, Chandan",Sheetali,"Cool, light foods. Avoid spicy and fermented. Sweet, bitter, astringent.",2,78,Significantly Improved
a6990777-f71e-4a31-9e16-3f39a73906c6,1535ee5a-0d55-461c-b6a7-728d12046189,313eb745-bd7b-4d1d-8515-a56b2fd92c94,2025-06-14T13:15:00,Insomnia (Anidra),"Brahmi, Jatamansi",Yoga Nidra,"Warm, moderately oily foods. Sweet, slightly sour.",3,44,Significantly Improved
86977ec1-33a8-4aba-a842-5105e0d2ad86,da107e8b-0fce-4d30-acb4-2d9b6cc0d44c,b81fce72-741f-45f3-a8f7-13eeb2ec3a72,2025-06-20T16:45:00,Fever (Jwara),"Sudarshan Churna, Tulsi",Shavasana,"Cool, light foods. Avoid spicy and fermented. Sweet, bitter, astringent.",4,46,Significantly Improved
dae79bf1-6e35-4c04-b0af-52e59d087dd5,8a0e1d5d-892e-434b-be04-bd0daf9dbb15,f17f752a-4a4e-47f8-9132-424cddaeff12,2025-06-13T17:00:00,Insomnia (Anidra),"Brahmi, Jatamansi",Yoga Nidra,"Warm, moderately oily foods. Sweet, slightly sour.",2,46,Under Treatment
05d3a63d-ca5c-49f1-8eb7-61698580100f,bee20f11-3865-4feb-a005-871c0d584c67,96c48bc5-1b66-4abc-9973-2bac5ef23316,2025-06-11T14:45:00,Skin Rash (Kushtha),"Neem, Chandan",Sheetali,"Cool, light foods. Avoid spicy and fermented. Sweet, bitter, astringent.",2,49,Improved
7df077b6-b457-4237-9834-f68559b2c992,15a49ab9-d04c-4a40-98d8-de6506297e69,b1d32532-8548-478f-93e3-7a4bf87da638,2025-06-07T11:45:00,Fever (Jwara),"Sudarshan Churna, Tulsi",Shavasana,"Cool, light foods. Avoid spicy and fermented. Sweet, bitter, astringent.",8,64,Recovered
bc190b10-eb57-4e07-a9f4-8305fead45e5,14a18b3c-01bd-4e37-92cb-b0298026958b,e9add8d9-f16a-4982-873e-f2f920ac641a,2025-06-10T14:15:00,Skin Rash (Kushtha),"Neem, Chandan",Sheetali,"Cool, light foods. Avoid spicy and fermented. Sweet, bitter, astringent.",3,66,Improved
483f8694-e609-4ff7-b992-dfe9ab602c32,47df3556-8d0c-47a3-a64f-0fb92dc22b50,68742b6b-69f8-4d49-82f8-0136d98f3a1d,2025-06-30T14:30:00,Diarrhea (Atisara),"Bilva, Kutaj",Pawanmuktasana,"Cool, light foods. Avoid spicy and fermented. Sweet, bitter, astringent.",3,66,Significantly Improved
62d63671-e9b1-4988-be35-776b603a762d,98f52e1c-8008-4eae-9c29-cdf54dcdc2f7,61e668b9-775f-4c29-9b68-223ae80feb62,2025-06-06T11:30:00,Insomnia (Anidra),"Brahmi, Jatamansi",Yoga Nidra,"Warm, moderately oily foods. Sweet, slightly sour.",3,57,Stable
ff7c8b59-05f9-43f6-a0a7-8c5b56206a22,66f4a610-56d9-4a36-819f-96ceb1ebe9d0,faabeedd-dadd-4474-8c45-d5c75e77d7f4,2025-06-14T18:30:00,Heat Stroke (Ushna Jwar),"Chandan, Ushira",Sheetali Pranayama,"Cool, light foods. Avoid spicy and fermented. Sweet, bitter, astringent.",9,69,Under Treatment
fce26c41-f072-4313-a78d-f31a57d90034,f05a9cb5-6110-4502-95e1-810ac6ab6b33,2dea24fa-db55-4e18-a354-5fd69323790e,2025-06-18T10:30:00,Skin Rash (Kushtha),"Neem, Chandan",Sheetali,"Cool, light foods. Avoid spicy and fermented. Sweet, bitter, astringent.",3,53,Improved
2364f0bf-16fe-493b-8eb0-7b6db956452a,b3d50c10-33e4-4505-b573-db3b6ea8e33a,144fe665-4787-4c5b-b76e-980b059591cd,2025-06-10T16:15:00,Acidity (Amlapitta),"Shatavari, Licorice",Vajrasana,"Cool, light foods. Avoid spicy and fermented. Sweet, bitter, astringent.",6,84,Stable
670034b6-25d1-4ae0-9a11-843c9bd85f17,6b34d482-464b-4342-8047-567d9d38c122,4f009a97-9de3-483c-a6cc-efa2508587a2,2025-06-03T14:45:00,Fever (Jwara),"Sudarshan Churna, Tulsi",Shavasana,"Cool, light foods. Avoid spicy and fermented. Sweet, bitter, astringent.",6,80,Significantly Improved
549eb9a5-15f3-4b4c-9eb9-dbed02148ea0,d334836d-f7e8-4a2c-8348-0d18e7793074,db3c1186-61eb-41e2-a6c1-d9f5bdc37411,2025-06-07T09:00:00,Diarrhea (Atisara),"Bilva, Kutaj",Pawanmuktasana,"Cool, light foods. Avoid spicy and fermented. Sweet, bitter, astringent.",3,58,Recovered
a51c4292-903e-48a6-ab0a-0388a217d29d,b70fedb3-9048-42f5-9ac3-63f66ecfb90a,ca269a48-55b0-4c02-8525-d59756614ac6,2025-06-30T16:15:00,Fever (Jwara),"Sudarshan Churna, Tulsi",Shavasana,"Cool, light foods. Avoid spicy and fermented. Sweet, bitter, astringent.",6,41,Improved
ca08729b-427e-4dcb-91ce-6dac35f51d70,b593a2de-4dce-41fe-8df0-866da1496436,d3ac4f3b-985e-48b9-a36f-48bb41ce6437,2025-06-22T18:00:00,Skin Rash (Kushtha),"Neem, Chandan",Sheetali,"Cool, light foods. Avoid spicy and fermented. Sweet, bitter, astringent.",2,78,Stable
395f18fd-0bbb-4a5b-9f02-41605968ea04,9e56f17a-efee-4bef-a153-8a422c870e42,c3920577-e5e1-4534-ba90-f0a968b3586d,2025-06-02T13:45:00,Diarrhea (Atisara),"Bilva, Kutaj",Pawanmuktasana,"Cool, light foods. Avoid spicy and fermented. Sweet, bitter, astringent.",3,79,Improved
1ef25bcc-6480-4898-a430-abe49bb9d3bd,bc599ee1-0c6b-4fb8-ba60-a0ec12122c97,b69eab6b-0f06-4e9e-902d-822abd236169,2025-06-02T18:00:00,Acidity (Amlapitta),"Shatavari, Licorice",Vajrasana,"Cool, light foods. Avoid spicy and fermented. Sweet, bitter, astringent.",5,90,Improved
7ccdb358-584a-4a9a-957b-f420b4e88e3c,93ce8258-f6c1-4a17-88c4-c6132b841341,5540e0b0-5233-4361-9eba-f30a81d57714,2025-06-23T17:00:00,Acidity (Amlapitta),"Shatavari, Licorice",Vajrasana,"Cool, light foods. Avoid spicy and fermented. Sweet, bitter, astringent.",3,55,Improved
e5eca94a-38db-41bf-b3c6-ff4f24905ebb,0607d575-d9a3-421c-aa70-86cbfe8b59f4,4f14dda9-df7e-4bdc-b902-d719fb5d9ea1,2025-06-03T11:30:00,Diarrhea (Atisara),"Bilva, Kutaj",Pawanmuktasana,"Cool, light foods. Avoid spicy and fermented. Sweet, bitter, astringent.",8,53,Improved
b6fa8109-40ff-47f5-81f0-0a6d928d57db,b8304e0a-3a8f-4b14-b867-3bd6e4ae8233,bc9704c0-4d4d-4613-8046-3e79b7c57c4e,2025-06-19T08:00:00,Alopecia (Indralupta),"Bhringraj, Amla, Neem",Head massage,"Cool, light foods. Avoid spicy and fermented. Sweet, bitter, astringent.",3,71,Under Treatment
e4f161dd-4214-4427-b8ee-6eafd37185fb,ecdf9681-f183-4da1-adfd-1362e48b0d74,046444d1-136f-4ef8-9c52-c1bb98364148,2025-06-05T15:00:00,Peptic Ulcer (Parinama Shoola),"Yashtimadhu, Shatavari",Vajrasana,"Cool, light foods. Avoid spicy and fermented. Sweet, bitter, astringent.",14,70,Significantly Improved
4be9cf48-da00-472b-9d65-c1e5274175b6,20787549-8560-40a2-bef0-a262da1afedc,e38ccc91-273c-4d89-aee1-dc1ba5c8f447,2025-06-30T16:45:00,Dandruff (Darunaka),"Neem, Aloe Vera, Bhringraj",Scalp massage,"Light, dry, warm foods. Avoid heavy and oily. Pungent, bitter, astringent.",13,77,Improved
09eff72e-07ac-4939-a965-b99215b65c5e,41e9605c-8948-4f5a-94d3-e43cb80d992f,240d8f83-fb52-46a7-8a2f-eb2014cda620,2025-06-22T08:30:00,Warts (Charmakeela),"Thuja, Neem",None specific,"Light, dry, warm foods. Avoid heavy and oily. Pungent, bitter, astringent.",3,81,Recovered
b64737d6-c4a7-4170-baa0-fb5e4d19e268,e2149137-65cc-48e3-81d8-5226fe2dcfa1,1bb204f0-03aa-41c8-ad8c-23d94d9d0fe6,2025-06-12T13:15:00,Acne (Yuvana Pidika),"Neem, Turmeric, Manjistha",Kapalbhati,"Cool, light foods. Avoid spicy and fermented. Sweet, bitter, astringent.",8,50,Recovered
f8678e27-dcb5-4919-bca7-18c51d10c95b,c981ceb4-4da5-4b89-aeaf-50903cac3ced,fece18ff-5be7-42e3-bc55-0a6153da4c68,2025-06-15T16:00:00,Peptic Ulcer (Parinama Shoola),"Yashtimadhu, Shatavari",Vajrasana,"Cool, light foods. Avoid spicy and fermented. Sweet, bitter, astringent.",10,71,Improved
50ee7566-70ac-40fb-aac1-c90d00b0820a,ee3d5465-0411-435b-a456-b5d0cb633f0f,a2f42670-c1e2-416b-94f5-8748c39c3d06,2025-06-16T11:15:00,Gingivitis (Danta Vidradhi),"Triphala, Clove oil",Oil pulling,"Cool, light foods. Avoid spicy and fermented. Sweet, bitter, astringent.",2,75,Under Treatment
2963fdec-b9cb-4926-ac39-3bae00048a90,1a17d497-cd2e-42e9-b5b5-22873db11016,1cbf3af1-6cba-4e1a-9f4d-5852b8b74161,2025-06-03T13:15:00,Stress (Manasika Tanava),"Ashwagandha, Brahmi",Shavasana,"Warm, oily foods. Avoid cold and dry. Sweet, sour, salty taste.",5,40,Under Treatment
2782b798-d6b6-4db3-aec6-6f683421e0f3,86242747-35a0-458a-8c27-e3b4178c71ef,ae7c6b47-a298-4e1d-9a41-7ceb2bc7d921,2025-06-04T08:45:00,Digestive Disorder (Vikara),"Triphala, Ginger","Vajrasana, Pranayama","Cool, light foods. Avoid spicy and fermented. Sweet, bitter, astringent.",8,70,Stable
d04bf8f8-9131-4de4-b9fd-873e86d02b92,3d6bbac1-1d74-4b9a-baee-90088c9f5ece,424a1213-3fce-4f1d-94e6-51b56f4bdbb9,2025-06-10T13:15:00,Gastritis (Urdhva Amlapitta),"Yashtimadhu, Amla",Vajrasana,"Cool, light foods. Avoid spicy and fermented. Sweet, bitter, astringent.",8,89,Stable
7d32526a-06d5-4107-b99c-8bad7a41d0ee,657d2a40-8be6-4f0a-828b-592a173a22bd,c9bf43c9-40ea-4214-b14f-f9705c2a0bf8,2025-06-05T12:15:00,Worm Infection (Krimi Roga),"Vidanga, Palasha, Triphala",Pawanmuktasana,"Warm, oily foods. Avoid cold and dry. Sweet, sour, salty taste.",3,43,Improved
5617900f-6bee-4f80-8620-68a6a01e0d7d,2d96f55d-53fe-4716-8195-be112cbad501,e2ca6476-726a-414c-bac8-742e2116d246,2025-06-30T09:45:00,Ear Infection (Karna Shoola),"Tulsi, Neem oil drops",Rest,"Light, dry, warm foods. Avoid heavy and oily. Pungent, bitter, astringent.",7,64,Under Treatment
1cae4328-2fa2-4503-b21f-560430436f76,4424bbef-e9cf-45b6-8f78-d9063f13c9f0,5d82b108-cd01-45e6-8305-40529f94c38c,2025-06-14T12:00:00,Alopecia (Indralupta),"Bhringraj, Amla, Neem",Head massage,"Cool, light foods. Avoid spicy and fermented. Sweet, bitter, astringent.",3,52,Significantly Improved
0783f530-d4f9-4f29-bbf3-c285b5970b7c,6222748a-8c13-4da6-b495-502fb6c512f4,064a0b30-7687-43a8-9489-fdb74ab9350b,2025-06-26T10:45:00,Vertigo (Bhrama),"Brahmi, Ashwagandha",Shavasana,"Warm, oily foods. Avoid cold and dry. Sweet, sour, salty taste.",2,84,Stable
6368658f-60b5-446d-9c64-063927b83564,561498a7-3e94-47e1-96a6-42ee39b203ff,467a4e52-8fe8-4dca-aa09-97049ca66fea,2025-06-30T08:45:00,Hypertension (Raktachaapa Vriddhi),"Arjuna, Sarpagandha, Ashwagandha","Shavasana, Anulom Vilom","Cool, light foods. Avoid spicy and fermented. Sweet, bitter, astringent.",13,43,Improved
184abcfd-b4bf-426e-8b1d-34823755a5df,990bb1b9-acaa-42db-87d3-687436db2af3,62f1761c-9dba-41c8-941d-e506fc1ccf57,2025-06-02T09:00:00,Stress (Manasika Tanava),"Ashwagandha, Brahmi",Shavasana,"Warm, oily foods. Avoid cold and dry. Sweet, sour, salty taste.",3,42,Improved
f303d364-83d4-489b-bd82-aa24980920d2,ddcc336f-74ea-4cb1-99ad-e7643ecb2c8b,e26a139a-162a-4cac-af4a-60ada8fe12fb,2025-06-26T13:45:00,Hypertension (Raktachaapa Vriddhi),"Arjuna, Sarpagandha, Ashwagandha","Shavasana, Anulom Vilom","Cool, light foods. Avoid spicy and fermented. Sweet, bitter, astringent.",1,85,Under Treatment
a5dc1cb0-77ee-4817-8941-8bf1374b2aaf,7561127b-05e2-43a8-b90f-290dcd643e62,a89acc7f-70ee-4f91-9960-fda1770477ec,2025-06-18T15:00:00,Peptic Ulcer (Parinama Shoola),"Yashtimadhu, Shatavari",Vajrasana,"Cool, light foods. Avoid spicy and fermented. Sweet, bitter, astringent.",2,64,Under Treatment
feb30434-3cc4-4b46-acc8-3f1dfc4f7b39,e3f00da9-8434-49e0-a93d-7d984ea47e16,f5d117b2-067d-4d2b-ba34-12be86cb0ce2,2025-06-04T15:15:00,Pharyngitis (Galashotha),"Tulsi, Yashtimadhu",Bhramari Pranayama,"Light, dry, warm foods. Avoid heavy and oily. Pungent, bitter, astringent.",2,49,Under Treatment
4aee5dea-563a-4a9f-a294-f795e5d47108,c537d593-0428-49b2-8591-d1d72fd039c9,678e593e-9120-475d-9d06-bece5cfd4322,2025-06-30T15:15:00,Spondylosis (Griva Sandhigata Vata),"Nirgundi, Ashwagandha",Neck stretches,"Warm, oily foods. Avoid cold and dry. Sweet, sour, salty taste.",16,74,Improved
dc67cf6f-11b1-4cef-989c-2455eb7f92cf,a84d72aa-c022-4d0c-8052-df3f21270293,164c1389-a18b-4649-b828-e9f70767413d,2025-06-02T09:00:00,Eczema (Vicharchika),"Neem, Aloe Vera, Turmeric",Sheetali Pranayama,"Cool, light foods. Avoid spicy and fermented. Sweet, bitter, astringent.",5,47,Significantly Improved
9a72ef54-6c62-485d-b831-1d5184006c8a,25e05cf7-fc80-44fe-a2ca-cfea25a2c514,2ed6e850-f5aa-4472-bed9-6b75b3139b2c,2025-06-06T11:30:00,Amebiasis (Pittaja Atisara),"Kutki, Triphala",Vajrasana,"Cool, light foods. Avoid spicy and fermented. Sweet, bitter, astringent.",4,93,Under Treatment
790d0467-b78f-4163-ae8f-87a0a911260c,ec81a18e-aa66-4f64-b030-15e9f6e1ef2f,ce6991a0-5162-4256-acb5-4d02933a9d8e,2025-06-03T17:15:00,Amebiasis (Pittaja Atisara),"Kutki, Triphala",Vajrasana,"Cool, light foods. Avoid spicy and fermented. Sweet, bitter, astringent.",7,59,Improved
3aeca71c-f2f1-4cde-b31f-d635a90ed7dd,4765c693-4fbd-46b9-9035-05882ba6c9c0,373118df-6d59-474a-b7e0-84b7da849a40,2025-06-29T09:30:00,Whooping Cough (Deergha Kasa),"Vasaka, Tulsi",Rest,"Light, dry, warm foods. Avoid heavy and oily. Pungent, bitter, astringent.",3,87,Significantly Improved
5c0b77a8-411d-4159-a504-133c3564383e,2b000529-c39a-466f-8e6b-8fbf79337cf9,408be87c-f734-4e35-b498-a034540f03d5,2025-06-13T11:45:00,Vertigo (Bhrama),"Brahmi, Ashwagandha",Shavasana,"Warm, oily foods. Avoid cold and dry. Sweet, sour, salty taste.",8,45,Significantly Improved
30dacee8-0987-4b18-8ab1-8d3d6ddca091,6090d357-d298-457d-880c-1319f80a8bef,dedee0c5-8a8e-4126-af78-3f036efc1301,2025-06-30T17:30:00,Boils (Vidradhi),"Neem, Turmeric, Manjistha",Sheetali Pranayama,"Cool, light foods. Avoid spicy and fermented. Sweet, bitter, astringent.",3,85,Stable
ca047261-771f-437f-b168-9d5340e526a1,d1cf9352-15bd-4106-8051-f0e95268a154,f9a1a0db-92ae-4f41-b4a0-fcfc08b07852,2025-06-21T11:15:00,Menstrual Disorder (Artava Dushti),"Ashwagandha, Shatavari",Baddha Konasana,"Warm, oily foods. Avoid cold and dry. Sweet, sour, salty taste.",3,79,Improved
9fc0038b-31e3-490f-83ef-a82df0ac510a,fea594d1-51c1-49d5-b122-05b855ebd770,784f1115-cfa3-4aa5-ac06-3ba1ab69c7c2,2025-06-05T14:15:00,Varicose Veins (Sira Granthi),"Guggulu, Triphala",Viparita Karani,"Warm, oily foods. Avoid cold and dry. Sweet, sour, salty taste.",2,86,Significantly Improved
b7009597-f070-4596-a0c1-94098a44f4da,9593b714-7242-45e1-9503-7a9047fbef78,717683f0-f339-4f8a-8706-ec7c76085627,2025-06-16T15:45:00,Warts (Charmakeela),"Thuja, Neem",None specific,"Light, dry, warm foods. Avoid heavy and oily. Pungent, bitter, astringent.",8,53,Under Treatment
22153f1a-f4e2-45a9-8f10-3631bc36fc1d,284f2e04-052d-4688-b561-ec59b69c0c1e,a31d5ded-c1c4-4116-9061-0ace62fd7d81,2025-06-02T18:45:00,Metabolic Syndrome (Santarpana Janya Vikara),"Triphala, Guggulu",Surya Namaskar,"Light, dry, warm foods. Avoid heavy and oily. Pungent, bitter, astringent.",4,50,Under Treatment
780f6bd6-7d41-44b9-9eac-3845cd2819c5,a2d93dcf-4ebc-43f7-91fe-86fc2ed3431f,11b16abf-8f0a-4d08-a4a1-452e822c4c8b,2025-06-01T11:45:00,Boils (Vidradhi),"Neem, Turmeric, Manjistha",Sheetali Pranayama,"Cool, light foods. Avoid spicy and fermented. Sweet, bitter, astringent.",6,81,Significantly Improved
c4139b36-5aa9-41bb-b62f-826130f40490,cad4ed56-d931-4721-be0b-2af961ae1931,b5d57d06-10a7-4184-87cb-2e51aa588bab,2025-06-17T10:30:00,Varicose Veins (Sira Granthi),"Guggulu, Triphala",Viparita Karani,"Warm, oily foods. Avoid cold and dry. Sweet, sour, salty taste.",6,78,Improved
2d2dc800-9314-4956-a954-3e3adf75f517,6e0cf555-9007-43cd-98eb-1e34d984c38b,44045842-d019-452e-ab93-6754037c7fba,2025-06-12T16:00:00,Heart Disease (Hridroga),"Arjuna, Brahmi, Guggulu",Gentle Pranayama,"Warm, oily foods. Avoid cold and dry. Sweet, sour, salty taste.",8,46,Improved
80cbf766-33eb-4762-8bdf-b3adcc8c2e25,ba3c405c-731e-415e-824c-0ba66784336d,dbb9a7e7-0654-4cad-b645-4e6e799ddb49,2025-06-05T13:45:00,Varicose Veins (Sira Granthi),"Guggulu, Triphala",Viparita Karani,"Warm, oily foods. Avoid cold and dry. Sweet, sour, salty taste.",1,47,Significantly Improved
6070f5a7-7e0b-4502-b8ec-e1eafdd02639,2d76ee07-67e2-4846-ac44-5d99079d88df,7a993b4c-bca9-4d1c-ba2e-aa9f5e80342f,2025-06-02T17:15:00,Ulcerative Colitis (Raktatisara),"Kutaja, Bilva, Musta",Pawanmuktasana,"Cool, light foods. Avoid spicy and fermented. Sweet, bitter, astringent.",16,68,Improved
7623fae9-6dc5-4c1d-81a1-ca0b9bf8724b,5d2a3a2d-a56d-4dd4-9fd6-13626df1bbec,2b916c07-ee94-43e9-9314-5b32efaa9727,2025-06-02T10:15:00,Mumps (Karnamoola Shotha),"Guduchi, Tulsi",Rest,"Light, dry, warm foods. Avoid heavy and oily. Pungent, bitter, astringent.",8,44,Improved
d330b440-f09c-4542-8107-de19deb7f199,726a0544-9ef5-4fcc-a522-5ed2b32a0dd5,a33c5763-0b3e-47b9-9ec5-b88786ab4967,2025-06-13T18:30:00,Fatty Liver (Yakrit Meda Vriddhi),"Bhumi Amla, Guduchi, Triphala",Surya Namaskar,"Light, dry, warm foods. Avoid heavy and oily. Pungent, bitter, astringent.",4,53,Improved
c6f29213-1e1f-4c86-bcc7-d6c16ff8229d,4571dd57-064d-4016-a800-f13c33ed96fa,85bd46c5-9d18-4698-88ca-70e6b00fd405,2025-06-24T15:15:00,Vitiligo (Shwitra),"Bakuchi, Neem, Manjistha",Sheetali Pranayama,"Cool, light foods. Avoid spicy and fermented. Sweet, bitter, astringent.",8,67,Improved
e21380c1-0bb2-44d4-bec1-f2c0868d69de,68239268-dcce-424b-baf7-e0cd2c334c4e,044ec3d4-3882-43cd-af63-a2ec0401f47c,2025-06-28T18:30:00,Hypertension (Raktachaapa Vriddhi),"Arjuna, Sarpagandha, Ashwagandha","Shavasana, Anulom Vilom","Cool, light foods. Avoid spicy and fermented. Sweet, bitter, astringent.",5,81,Recovered
9aecc41a-c718-48fd-a209-c41b51396d8d,ec172880-b527-4e7d-9613-65c2052cb9fe,1bd40b32-aeeb-42d5-a9e0-d92e0ee3eb0b,2025-06-21T15:30:00,Tinnitus (Karnanada),"Brahmi, Ashwagandha",Bhramari Pranayama,"Warm, oily foods. Avoid cold and dry. Sweet, sour, salty taste.",2,59,Improved
319cef44-2fe9-4e82-b783-6d0a38311218,88641111-ea6f-4e88-b7b8-ee4f8ca972fc,bdb6da56-829b-4242-a78d-ebf6d7f592d9,2025-06-20T16:45:00,Acne (Yuvana Pidika),"Neem, Turmeric, Manjistha",Kapalbhati,"Cool, light foods. Avoid spicy and fermented. Sweet, bitter, astringent.",3,72,Significantly Improved
bb58a173-a64d-4baa-8152-d0ecdeb7afe2,0f9da008-7ad8-49b4-b821-7077961a2d89,fa7a48fa-82f6-44e7-aede-2629603f4db9,2025-06-20T14:15:00,Menstrual Disorder (Artava Dushti),"Ashwagandha, Shatavari",Baddha Konasana,"Warm, oily foods. Avoid cold and dry. Sweet, sour, salty taste.",4,73,Under Treatment
ded861bf-0319-4166-a73d-496cdb16a5b5,4416e4b2-eeea-4b9f-98d0-0d23f89fcc80,fb675254-1577-4057-8223-a30ebfa14fe7,2025-06-12T15:00:00,Menstrual Disorder (Artava Dushti),"Ashwagandha, Shatavari",Baddha Konasana,"Warm, oily foods. Avoid cold and dry. Sweet, sour, salty taste.",9,81,Under Treatment
96a0bc81-8761-4ca8-a331-4338a6ad1fb7,3b33639f-c402-479e-985a-f9ef318ef8ed,2a36986d-1b66-4ac3-a5ec-3d198996522b,2025-06-08T14:30:00,Epilepsy (Apasmara),"Brahmi, Ashwagandha","Shavasana, mindfulness","Warm, oily foods. Avoid cold and dry. Sweet, sour, salty taste.",6,60,Under Treatment
66f8a5a3-4f70-4d8d-b3db-d52d63be8d27,20f81eb4-5a12-4a2b-912b-43f090504092,f6a82cda-5c2b-4baa-8826-c001dc669051,2025-07-06T12:45:00,Fever (Jwara),"Sudarshan Churna, Guduchi",Shavasana,"Cool, light foods. Avoid spicy and fermented. Sweet, bitter, astringent.",6,51,Significantly Improved
1448f582-2caa-4958-9be1-db8ad24547de,2d96f55d-53fe-4716-8195-be112cbad501,29781d99-0987-4a8b-90a5-11fa16cae726,2025-07-08T15:15:00,Indigestion (Ajirna),"Trikatu, Ginger",Vajrasana,"Warm, oily foods. Avoid cold and dry. Sweet, sour, salty taste.",5,62,Under Treatment
0a8e66eb-3793-408f-b8c7-21b4a3b6549c,302816fc-58aa-4b96-b56b-f33f8ec63da7,aad2c407-8e5a-4c11-8ac0-5bcfca9e424a,2025-07-14T13:30:00,Fever (Jwara),"Sudarshan Churna, Guduchi",Shavasana,"Cool, light foods. Avoid spicy and fermented. Sweet, bitter, astringent.",8,40,Improved
7f86f9c3-5168-4d3d-af2e-f8351a04e788,f8af0b06-2aa7-4127-9b25-329f239407ef,e8acdde6-13dc-475d-aae6-4c21d207fc03,2025-07-10T13:15:00,Joint Pain (Amavata),"Ashwagandha, Guggulu",Pawanmuktasana,"Warm, oily foods. Avoid cold and dry. Sweet, sour, salty taste.",6,83,Under Treatment
1501a4e6-2430-4948-9cd6-fd5a9c003525,a2863a16-b7d3-4555-af5e-b7b0d342a0b2,2229b1b6-127e-4ad5-851f-1ca2b186b126,2025-07-26T13:15:00,Joint Pain (Amavata),"Ashwagandha, Guggulu",Pawanmuktasana,"Warm, oily foods. Avoid cold and dry. Sweet, sour, salty taste.",8,82,Improved
d51895ba-f67f-450f-a49a-0e02fe1da5a4,284f2e04-052d-4688-b561-ec59b69c0c1e,39eeaceb-9c00-4a77-877f-246dffdd4f35,2025-07-06T15:30:00,Indigestion (Ajirna),"Trikatu, Ginger",Vajrasana,"Warm, oily foods. Avoid cold and dry. Sweet, sour, salty taste.",8,62,Improved
74e9a6bc-4a65-46cd-aa31-ac64ece01ab1,d1bdd759-8b5f-4f83-87e5-b0ca4ce9b8e8,7c6f80c1-f642-4bea-adb1-d72551c05120,2025-07-07T11:30:00,Malaria (Vishama Jwara),"Sudarshan Churna, Guduchi",Shavasana,"Cool, light foods. Avoid spicy and fermented. Sweet, bitter, astringent.",10,42,Improved
41a084f2-b208-4a2b-b1d3-c43d5e6d5c7c,3ddb3fa8-90c4-4e3c-81b8-1527608659f3,2fcc9343-0b45-427b-ae7f-8b5d093b6735,2025-07-15T12:30:00,Fever (Jwara),"Sudarshan Churna, Guduchi",Shavasana,"Cool, light foods. Avoid spicy and fermented. Sweet, bitter, astringent.",9,42,Under Treatment
a8ae7f62-8323-4009-9d5b-8093be280a11,b19ef24e-6314-43ed-b37e-4259f2909819,fce0835d-70dd-4684-aa0f-c4b2d9ee8ba5,2025-07-04T15:15:00,Joint Pain (Amavata),"Ashwagandha, Guggulu",Pawanmuktasana,"Warm, oily foods. Avoid cold and dry. Sweet, sour, salty taste.",6,82,Improved
fbcbe07f-1ed5-4100-9ed5-b3e4f9816d16,23693197-f808-4c2b-b8d5-95c6ad1929cc,572982ec-7da6-4663-8ec5-73e017a33299,2025-07-23T10:45:00,Indigestion (Ajirna),"Trikatu, Ginger",Vajrasana,"Warm, oily foods. Avoid cold and dry. Sweet, sour, salty taste.",4,73,Improved
17d5c284-06b5-4310-864d-516c37820072,897987e2-558c-43d7-b337-52921e51c6af,7d07edf8-60e9-4b54-a491-f826705b4231,2025-07-12T08:00:00,Skin Infection (Kushtha),"Neem, Haridra",Viparita Karani,"Light, dry, warm foods. Avoid heavy and oily. Pungent, bitter, astringent.",3,90,Significantly Improved
8d3bb352-7570-4051-8275-38abfab02ca4,eed344af-298a-43cd-a157-9004d7b63686,5494c1db-7e8f-4a28-a6df-f210a5b62525,2025-07-24T08:30:00,Fever (Jwara),"Sudarshan Churna, Guduchi",Shavasana,"Cool, light foods. Avoid spicy and fermented. Sweet, bitter, astringent.",15,92,Improved
2322251d-89b5-4e6f-80a0-46aa5787e23b,555ab5cc-8c89-4fc3-93e0-b67a8d5cd78b,b8e25ecd-fc41-4745-a8d9-bd20ad0af149,2025-07-08T09:15:00,Indigestion (Ajirna),"Trikatu, Ginger",Vajrasana,"Warm, oily foods. Avoid cold and dry. Sweet, sour, salty taste.",5,73,Recovered
681cee3c-5ded-4c58-855c-4252f63871b2,bad51b0a-4a59-4e13-a60d-dc6c88ed0f3b,b6ee1209-d576-4995-a496-1a19cea6cd21,2025-07-21T18:15:00,Dengue (Dandashthaka Jwara),"Papaya leaf, Guduchi","Bed rest, Shavasana","Cool, light foods. Avoid spicy and fermented. Sweet, bitter, astringent.",9,42,Improved
f349b2da-739a-43df-8776-d39ae34bb86a,6e84f7a6-eb67-48e5-9d55-6a4a09594123,cf467b6b-14d5-479f-ba5a-46a514e7f1f3,2025-07-04T12:15:00,Skin Infection (Kushtha),"Neem, Haridra",Viparita Karani,"Light, dry, warm foods. Avoid heavy and oily. Pungent, bitter, astringent.",6,79,Significantly Improved
57a647e2-6991-4307-b75b-67e2c998a244,72e0e2e5-163e-471e-ace5-fbb417990dc5,2ac75b7f-bf8f-4e11-b89b-15699bdeba6e,2025-07-01T12:30:00,Malaria (Vishama Jwara),"Sudarshan Churna, Guduchi",Shavasana,"Cool, light foods. Avoid spicy and fermented. Sweet, bitter, astringent.",9,67,Improved
c7b825c0-332f-4b94-b5c0-8eda21f2d7b7,0e355b07-5976-4177-bc19-cc009bc22b31,8ee38513-535e-4de5-9e99-64879fbca800,2025-07-22T10:45:00,Fever (Jwara),"Sudarshan Churna, Guduchi",Shavasana,"Cool, light foods. Avoid spicy and fermented. Sweet, bitter, astringent.",7,49,Significantly Improved
31050b79-1d1f-4436-85e8-dcd97d646ae0,d1117b7d-b826-49ba-a204-890faeac4230,4bf06d69-dfe0-47bb-981c-e1091bd2aaa1,2025-07-12T13:00:00,Joint Pain (Amavata),"Ashwagandha, Guggulu",Pawanmuktasana,"Warm, oily foods. Avoid cold and dry. Sweet, sour, salty taste.",4,49,Under Treatment
10ce5ba7-bbae-4dc1-ae53-c793d1708b24,3b2b32e1-d89f-4be7-85a6-7f655317bb74,a274f90c-9e49-4361-b4c3-91fc2ff7f982,2025-07-08T17:15:00,Joint Pain (Amavata),"Ashwagandha, Guggulu",Pawanmuktasana,"Warm, oily foods. Avoid cold and dry. Sweet, sour, salty taste.",7,44,Improved
46240d5a-a084-407a-9434-b82ddf098b09,b021bb1e-6e42-419a-bcff-6dacfc1a7d5c,39c19879-c4a7-4903-ad5d-ed3b769d120d,2025-07-25T09:00:00,Indigestion (Ajirna),"Trikatu, Ginger",Vajrasana,"Warm, oily foods. Avoid cold and dry. Sweet, sour, salty taste.",7,68,Significantly Improved
7dcd17ac-7b23-4d85-aaa8-bba382377dc7,b1ca24de-ff5e-404a-9172-20781fcaa50d,80ff49c6-008c-47c0-91f8-f230a1618a9c,2025-07-26T09:30:00,Skin Infection (Kushtha),"Neem, Haridra",Viparita Karani,"Light, dry, warm foods. Avoid heavy and oily. Pungent, bitter, astringent.",5,91,Under Treatment
390830ce-1364-41ca-9b1d-88f89b031018,a208147f-d12d-4eb4-8b06-6dc44ee0c0d1,2d595421-fb6b-4e26-8373-03a5485c2588,2025-07-24T16:15:00,Skin Infection (Kushtha),"Neem, Haridra",Viparita Karani,"Light, dry, warm foods. Avoid heavy and oily. Pungent, bitter, astringent.",7,59,Significantly Improved
62395f9d-7235-4b14-9a09-a4f4cca3f5ed,b30ca37b-a315-4855-83d7-b9eedff50f6d,9b390688-fa0c-4eb3-8b9c-22b72b9a0a55,2025-07-13T14:00:00,Malaria (Vishama Jwara),"Sudarshan Churna, Guduchi",Shavasana,"Cool, light foods. Avoid spicy and fermented. Sweet, bitter, astringent.",6,90,Improved
5bb848ca-2afb-4156-a19f-23a1ab212b57,1bd1a606-f0aa-477e-b5af-4465704114cb,50ab4c27-e451-48c8-aaf8-6f4dbc8d6025,2025-07-22T12:00:00,Skin Infection (Kushtha),"Neem, Haridra",Viparita Karani,"Light, dry, warm foods. Avoid heavy and oily. Pungent, bitter, astringent.",4,46,Significantly Improved
0d086c91-c5e0-43dd-8874-2407040817b8,d7f6b712-cbec-4b14-91a0-38a63d02a0ed,5f81e930-4425-4c1e-b85b-a14aba052315,2025-07-21T15:15:00,Dengue (Dandashthaka Jwara),"Papaya leaf, Guduchi","Bed rest, Shavasana","Cool, light foods. Avoid spicy and fermented. Sweet, bitter, astringent.",9,43,Improved
dffb0395-8b52-4cc9-9f28-fa102189b6e1,af1b036f-15ce-4bee-90c9-6f5c85362c5e,c31a89b1-33c7-41f7-a5f2-de1265429c6b,2025-07-03T16:15:00,Diarrhea (Atisara),"Bilva, Kutaj",Pawanmuktasana,"Cool, light foods. Avoid spicy and fermented. Sweet, bitter, astringent.",4,83,Significantly Improved
3d866502-7621-4349-974a-4f013289232b,1602ef2e-0031-469b-9a7f-6b4ad32085b6,4fc9d198-0253-4f01-a73e-a4d1532c29af,2025-07-25T14:15:00,Fever (Jwara),"Sudarshan Churna, Guduchi",Shavasana,"Cool, light foods. Avoid spicy and fermented. Sweet, bitter, astringent.",14,83,Significantly Improved
2baef8c2-b60a-4a74-8849-865ae8db0101,c3030c9a-00cc-4459-b859-fe10292f40d7,d2143663-9bf4-4424-82a3-d60bcbb6b2a0,2025-07-23T17:00:00,Indigestion (Ajirna),"Trikatu, Ginger",Vajrasana,"Warm, oily foods. Avoid cold and dry. Sweet, sour, salty taste.",7,70,Significantly Improved
4981dea4-a9c6-4e1d-bedc-118385df4a74,47df3556-8d0c-47a3-a64f-0fb92dc22b50,c225c3e8-01e7-428f-ad6c-ac65af7b38ff,2025-07-03T09:00:00,Malaria (Vishama Jwara),"Sudarshan Churna, Guduchi",Shavasana,"Cool, light foods. Avoid spicy and fermented. Sweet, bitter, astringent.",7,75,Recovered
8428c8a0-743b-4348-89e5-8dddae935058,cdf86a65-a462-4c63-979b-4ddbfa3f2d31,7432f8bd-4e46-44f7-9781-c1e726385980,2025-07-26T13:00:00,Skin Infection (Kushtha),"Neem, Haridra",Viparita Karani,"Light, dry, warm foods. Avoid heavy and oily. Pungent, bitter, astringent.",3,47,Improved
6617580e-1a43-4a71-9aa6-316067163206,a4bae99d-a610-40a8-a967-8710252abaee,6e074d30-8e33-4af6-ab5d-8843f5631764,2025-07-11T13:45:00,Skin Infection (Kushtha),"Neem, Haridra",Viparita Karani,"Light, dry, warm foods. Avoid heavy and oily. Pungent, bitter, astringent.",7,92,Significantly Improved
9cfe4fb0-101f-4e97-a369-c674e0d8faa0,b593a2de-4dce-41fe-8df0-866da1496436,a6e7245f-34f7-42bc-ad17-9dee94780b2c,2025-07-03T15:45:00,Indigestion (Ajirna),"Trikatu, Ginger",Vajrasana,"Warm, oily foods. Avoid cold and dry. Sweet, sour, salty taste.",8,88,Stable
08d95bcb-3df8-4931-879b-5d3aa30bfb01,6a0adaf9-d7f2-49eb-bf36-94ab8b287f72,c4535ca1-3df1-4309-8321-1ced4d295893,2025-07-04T14:45:00,Malaria (Vishama Jwara),"Sudarshan Churna, Guduchi",Shavasana,"Cool, light foods. Avoid spicy and fermented. Sweet, bitter, astringent.",9,71,Under Treatment
695baffa-c780-40b2-8ecc-2cd9579222a7,9794940b-e5ef-4b76-b611-e0a5df9ef8ec,a2b91955-9bdc-4e49-be73-b0a1256b8173,2025-07-27T15:30:00,Joint Pain (Amavata),"Ashwagandha, Guggulu",Pawanmuktasana,"Warm, oily foods. Avoid cold and dry. Sweet, sour, salty taste.",4,85,Under Treatment
4f12823c-2288-458b-8524-a945d850f99b,4ea275f1-c2f9-4bd0-945d-35e83e9ab232,2747a32c-3bfa-4705-a2d8-cdadc5c922e8,2025-07-10T14:45:00,Fever (Jwara),"Sudarshan Churna, Guduchi",Shavasana,"Cool, light foods. Avoid spicy and fermented. Sweet, bitter, astringent.",9,83,Improved
a32a1e76-9921-4320-8148-11d68df045cb,6c3e91d7-4c5c-41e9-b04e-6118deaff127,62d4b452-5b8b-40dc-ac4e-45f21bec5ebd,2025-07-03T12:15:00,Indigestion (Ajirna),"Trikatu, Ginger",Vajrasana,"Warm, oily foods. Avoid cold and dry. Sweet, sour, salty taste.",5,47,Significantly Improved
bc62a176-b117-4a10-8722-eb6270f40da1,4caa8dca-1b4d-48d6-b86d-c781c6faf21d,fd1489f9-1628-4e59-8894-30d75183a852,2025-07-09T08:30:00,Diarrhea (Atisara),"Bilva, Kutaj",Pawanmuktasana,"Cool, light foods. Avoid spicy and fermented. Sweet, bitter, astringent.",7,70,Significantly Improved
b16e52d7-7ca4-4e99-9833-628e593640c9,d86aac54-f472-4863-b75f-da024a0445c4,af19d8fe-65fe-492a-902c-11d1d9fb0111,2025-07-30T08:00:00,Joint Pain (Amavata),"Ashwagandha, Guggulu",Pawanmuktasana,"Warm, oily foods. Avoid cold and dry. Sweet, sour, salty taste.",6,54,Improved
9afdfcd9-f4c6-4970-89ea-e8918c9a86d3,3ddb3fa8-90c4-4e3c-81b8-1527608659f3,f5acfce1-a89d-44ab-b4ed-edbc0a3aca7b,2025-07-24T17:15:00,Dengue (Dandashthaka Jwara),"Papaya leaf, Guduchi","Bed rest, Shavasana","Cool, light foods. Avoid spicy and fermented. Sweet, bitter, astringent.",15,50,Stable
0d255419-3967-43fb-9cd4-86ed4911ca91,5a57dd8f-085f-4867-9b4f-e61543fa2870,900f7762-4b72-46b1-bcba-73f5a7ce67ee,2025-07-09T08:30:00,Joint Pain (Amavata),"Ashwagandha, Guggulu",Pawanmuktasana,"Warm, oily foods. Avoid cold and dry. Sweet, sour, salty taste.",8,74,Improved
996eeafe-2c7e-4836-8015-c5b745fa8651,e726f11b-11bb-4f80-87b3-c554a5e81cee,154d7fa5-05e3-4081-9a90-f8464eabaa61,2025-07-15T16:15:00,Diarrhea (Atisara),"Bilva, Kutaj",Pawanmuktasana,"Cool, light foods. Avoid spicy and fermented. Sweet, bitter, astringent.",3,65,Improved
2f201321-fb7d-407a-beae-8297006cc60f,3793ac91-3818-48db-914a-3e766d6aca47,e0481a9c-eb65-4597-b2b9-75044842e53b,2025-07-19T16:30:00,Indigestion (Ajirna),"Trikatu, Ginger",Vajrasana,"Warm, oily foods. Avoid cold and dry. Sweet, sour, salty taste.",5,78,Under Treatment
69883e3f-55bf-4609-a178-d0899ea5c452,f2b03105-b124-49bd-ab07-249f0413e859,8836a072-4152-441a-97fc-97cdd35224c2,2025-07-04T09:00:00,Dengue (Dandashthaka Jwara),"Papaya leaf, Guduchi","Bed rest, Shavasana","Cool, light foods. Avoid spicy and fermented. Sweet, bitter, astringent.",12,46,Improved
bf100a27-6079-4797-8d9d-f1cbb13094c1,14d6fe6c-251d-4094-a395-154f42ccae76,1f71e46d-b123-4acd-b95d-afd01a88544c,2025-07-20T18:30:00,Indigestion (Ajirna),"Trikatu, Ginger",Vajrasana,"Warm, oily foods. Avoid cold and dry. Sweet, sour, salty taste.",3,50,Significantly Improved
30d68fa4-d177-4d00-bbfa-b8a13177d258,3730d8a1-557b-4224-9319-4901dc66ab18,83508387-8b48-4b35-8ef4-8c9f03daeb76,2025-07-06T14:00:00,Indigestion (Ajirna),"Trikatu, Ginger",Vajrasana,"Warm, oily foods. Avoid cold and dry. Sweet, sour, salty taste.",7,75,Significantly Improved
44c6e11f-3623-493e-a68d-8e2ec210bc0e,3793ac91-3818-48db-914a-3e766d6aca47,c1b78b16-4c59-454d-931f-8ee1fd0d2639,2025-07-27T17:00:00,Diarrhea (Atisara),"Bilva, Kutaj",Pawanmuktasana,"Cool, light foods. Avoid spicy and fermented. Sweet, bitter, astringent.",8,81,Significantly Improved
b217bf5f-3062-475a-aaaf-59a87209f544,9e0d7b33-041b-4823-8f71-fecda4c7e0e0,ab7f916b-d758-4107-a989-603cc3884e4f,2025-07-06T18:15:00,Indigestion (Ajirna),"Trikatu, Ginger",Vajrasana,"Warm, oily foods. Avoid cold and dry. Sweet, sour, salty taste.",8,91,Improved
1e420fa6-ff65-4696-a832-15c8e5c2d084,676649b4-f26d-4c6d-a756-5c3c7bb9e323,089ee041-2b69-46dd-9d5b-b34abb7e6855,2025-07-11T17:00:00,Dengue (Dandashthaka Jwara),"Papaya leaf, Guduchi","Bed rest, Shavasana","Cool, light foods. Avoid spicy and fermented. Sweet, bitter, astringent.",15,83,Stable
2a396acd-d87e-4af6-84ac-f19b688d6d90,88541d32-5fcf-4d73-893f-b3a3d4b1b707,2014b8ae-6c95-42bc-8a34-af383e4d78e8,2025-07-16T13:15:00,Malaria (Vishama Jwara),"Sudarshan Churna, Guduchi",Shavasana,"Cool, light foods. Avoid spicy and fermented. Sweet, bitter, astringent.",16,75,Improved
5d5444b6-08ad-41b0-99c7-4fdc429be7bd,40c8fdf4-e9a7-4a4f-8db2-d51ae882d4b1,9a2b0e87-3a36-4f61-989f-d4a831f365f3,2025-07-07T18:15:00,Malaria (Vishama Jwara),"Sudarshan Churna, Guduchi",Shavasana,"Cool, light foods. Avoid spicy and fermented. Sweet, bitter, astringent.",7,44,Improved
7bdbda84-5290-40fa-923b-3c6a43f1f7b5,70a0cfb7-ee40-4a08-bd6e-4e011a012e73,b6e4068f-4a14-4349-9607-b8c5dd421e43,2025-07-23T12:45:00,Fever (Jwara),"Sudarshan Churna, Guduchi",Shavasana,"Cool, light foods. Avoid spicy and fermented. Sweet, bitter, astringent.",8,91,Under Treatment
df2179be-cedc-44ef-a7a1-66478471e28c,05c5d18d-77f0-4ca4-b2cb-7190f17e2181,d3691518-ac32-4108-b6b0-1b2cb3167b4e,2025-07-18T12:30:00,Indigestion (Ajirna),"Trikatu, Ginger",Vajrasana,"Warm, oily foods. Avoid cold and dry. Sweet, sour, salty taste.",8,46,Improved
757bce0b-f4fa-4049-9e19-e2e58004e766,f2459330-195c-4d73-9b9e-e1536291858a,a048322e-35b7-4ab2-9b5d-e6882eecd85c,2025-07-08T15:45:00,Fever (Jwara),"Sudarshan Churna, Guduchi",Shavasana,"Cool, light foods. Avoid spicy and fermented. Sweet, bitter, astringent.",15,67,Significantly Improved
a4f375ba-c8c6-4342-a95d-b5ee1f1a9895,18bfc77a-5e23-4708-ad36-1701cb9ee789,fb419917-e290-460c-bbb1-747b25813911,2025-07-15T18:30:00,Joint Pain (Amavata),"Ashwagandha, Guggulu",Pawanmuktasana,"Warm, oily foods. Avoid cold and dry. Sweet, sour, salty taste.",7,84,Under Treatment
b96329c1-a672-492d-86e2-87c57287f80a,7cc5ac08-483b-4e54-8678-f323be76d462,d87d1752-4779-499d-8a57-2aca0be5fa76,2025-07-10T09:45:00,Dengue (Dandashthaka Jwara),"Papaya leaf, Guduchi","Bed rest, Shavasana","Cool, light foods. Avoid spicy and fermented. Sweet, bitter, astringent.",9,70,Significantly Improved
e8af48fd-eb24-414b-8762-a5fcbd7fee05,fc6b9ba8-7c80-4764-8482-f20bc831c4e5,745bfc40-5634-4fe9-8c78-fc3e9a0fcfd8,2025-07-04T15:15:00,Indigestion (Ajirna),"Trikatu, Ginger",Vajrasana,"Warm, oily foods. Avoid cold and dry. Sweet, sour, salty taste.",8,50,Stable
afb5356f-04cb-4b58-8180-4e243c3e4f5a,f8af0b06-2aa7-4127-9b25-329f239407ef,ad9a1536-c87f-48ed-aa8d-0e22ad95f30f,2025-07-22T16:15:00,Malaria (Vishama Jwara),"Sudarshan Churna, Guduchi",Shavasana,"Cool, light foods. Avoid spicy and fermented. Sweet, bitter, astringent.",16,55,Under Treatment
3d322b25-8c9f-428d-9df2-a48cdc28a1a7,f8af0b06-2aa7-4127-9b25-329f239407ef,4794bad3-bca0-4012-8b3a-aa226a43a82b,2025-07-28T09:30:00,Fever (Jwara),"Sudarshan Churna, Guduchi",Shavasana,"Cool, light foods. Avoid spicy and fermented. Sweet, bitter, astringent.",14,82,Improved
d3247957-d029-4f1e-8559-2caf09434084,cdff0861-7101-4d39-8c1a-38dbe3aded59,b5997691-30fc-428d-bbe4-3623659a08d6,2025-07-26T13:00:00,Diarrhea (Atisara),"Bilva, Kutaj",Pawanmuktasana,"Cool, light foods. Avoid spicy and fermented. Sweet, bitter, astringent.",6,45,Stable
4c46c9b6-f8ea-4c3d-8ac5-3834efc16470,d3e9e3ed-00ef-4cd2-9ea2-5de5ff487ba3,a70f4c4c-fd4e-4b33-8172-a7e6f8262347,2025-07-02T13:45:00,Indigestion (Ajirna),"Trikatu, Ginger",Vajrasana,"Warm, oily foods. Avoid cold and dry. Sweet, sour, salty taste.",7,71,Recovered
2465aaef-4de6-4ab7-8267-d61d967c8778,81a9595e-f9fa-4798-b57a-6411305979d7,60ce7f2c-4f4e-4ad8-bb7f-9ce90343c366,2025-07-02T11:45:00,Joint Pain (Amavata),"Ashwagandha, Guggulu",Pawanmuktasana,"Warm, oily foods. Avoid cold and dry. Sweet, sour, salty taste.",8,45,Improved
f3beba3a-ced4-42f8-8c00-d85a61db4d24,5f050a4d-2240-4de3-86ad-cf19f243d441,98b97017-4495-4357-b38e-4f259b0fe7d7,2025-07-27T18:00:00,Diarrhea (Atisara),"Bilva, Kutaj",Pawanmuktasana,"Cool, light foods. Avoid spicy and fermented. Sweet, bitter, astringent.",5,51,Improved
0a7fa96b-1277-4853-84f1-490e0be22c64,154bbf2d-5368-4eeb-9ffa-33967d0ab6c6,94bba678-968f-4431-91a9-2e9c388926a0,2025-07-15T14:45:00,Diarrhea (Atisara),"Bilva, Kutaj",Pawanmuktasana,"Cool, light foods. Avoid spicy and fermented. Sweet, bitter, astringent.",7,54,Significantly Improved
a8dbdef6-fb73-49b8-aea0-05e13fdff107,881dc7fa-c689-4a27-aa73-9fc771cc3859,99e1bf62-3737-45cc-b8f6-dfb6e64c8af0,2025-07-03T09:15:00,Joint Pain (Amavata),"Ashwagandha, Guggulu",Pawanmuktasana,"Warm, oily foods. Avoid cold and dry. Sweet, sour, salty taste.",7,81,Significantly Improved
11357d5d-be5a-463e-8fc2-4b7ac2016f60,493ce533-a40e-41da-b998-80990e815203,7e9046f7-b24e-4fbb-a78f-5cbbd1aeb841,2025-07-16T11:30:00,Skin Infection (Kushtha),"Neem, Haridra",Viparita Karani,"Light, dry, warm foods. Avoid heavy and oily. Pungent, bitter, astringent.",5,54,Significantly Improved
7329889f-5e36-415f-b815-c906643dc655,a3d0adbd-0a8a-4458-b071-8ee03e1f452a,91bb8e74-c2ee-4d41-a6a5-774abb6c19ad,2025-07-30T16:45:00,Malaria (Vishama Jwara),"Sudarshan Churna, Guduchi",Shavasana,"Cool, light foods. Avoid spicy and fermented. Sweet, bitter, astringent.",6,91,Significantly Improved
494dd937-7d86-4644-af60-76405101e3e2,5cec6846-ee26-4a02-8fb2-577ebb323eff,aba93929-400a-4a97-90aa-0c8584336955,2025-07-18T14:15:00,Diarrhea (Atisara),"Bilva, Kutaj",Pawanmuktasana,"Cool, light foods. Avoid spicy and fermented. Sweet, bitter, astringent.",3,92,Significantly Improved
4d406568-543e-4d72-a03e-f41e9c2ea4f2,84cdf1ff-fdd5-4fe5-acc2-4e3ea3f03ad6,6cf5d2e8-0d8d-41b6-a252-0f1cbd3126bb,2025-07-27T18:30:00,Diarrhea (Atisara),"Bilva, Kutaj",Pawanmuktasana,"Cool, light foods. Avoid spicy and fermented. Sweet, bitter, astringent.",8,91,Significantly Improved
6870b7b7-6b04-4a12-9654-88f977641708,6632d43c-3a96-476e-84b8-dcec0dde708c,5c226028-e56f-4b03-b6ca-e2e94d27f750,2025-07-03T15:45:00,Malaria (Vishama Jwara),"Sudarshan Churna, Guduchi",Shavasana,"Cool, light foods. Avoid spicy and fermented. Sweet, bitter, astringent.",7,40,Improved
74aa5e72-d305-407b-bccb-8965f48deaf4,9f8a98d2-a7aa-41a6-a9b6-3e052ae361b4,8963525f-dec2-4a15-b5c1-248f2b1f96f4,2025-07-04T16:45:00,Malaria (Vishama Jwara),"Sudarshan Churna, Guduchi",Shavasana,"Cool, light foods. Avoid spicy and fermented. Sweet, bitter, astringent.",15,64,Improved
f1b18147-7eb9-4288-8942-281ceb6bfe0c,e1efcd00-e449-4ad3-9924-97ba721d96c1,893eddf3-6086-425d-895b-de3e372b378c,2025-07-18T15:00:00,Joint Pain (Amavata),"Ashwagandha, Guggulu",Pawanmuktasana,"Warm, oily foods. Avoid cold and dry. Sweet, sour, salty taste.",6,95,Significantly Improved
ca42a0f7-f494-44af-838b-b4c073a10bee,ddcc336f-74ea-4cb1-99ad-e7643ecb2c8b,65ebde47-db35-41c5-9f4d-6f5622e5c221,2025-07-19T09:00:00,Dengue (Dandashthaka Jwara),"Papaya leaf, Guduchi","Bed rest, Shavasana","Cool, light foods. Avoid spicy and fermented. Sweet, bitter, astringent.",10,68,Improved
97b90a85-b071-4cfd-be70-86047abf3db9,7fb71aa9-1172-43dd-901d-71c9308d0d5a,55799607-3f87-4e5b-bec6-a528be86b53f,2025-07-14T13:00:00,Dengue (Dandashthaka Jwara),"Papaya leaf, Guduchi","Bed rest, Shavasana","Cool, light foods. Avoid spicy and fermented. Sweet, bitter, astringent.",14,83,Stable
66f6c79b-1c6f-434d-a395-201163a82a3b,ddcc336f-74ea-4cb1-99ad-e7643ecb2c8b,2af592ef-102c-44f0-8e3b-e91866b6ca13,2025-07-18T18:15:00,Malaria (Vishama Jwara),"Sudarshan Churna, Guduchi",Shavasana,"Cool, light foods. Avoid spicy and fermented. Sweet, bitter, astringent.",11,67,Improved
67e51dab-b5ed-4ede-9802-bc5c0bd0be28,fce7a316-7a3c-4e5c-a936-2bdfb6b526e5,b61d3747-9a13-4c03-9549-312b9c0be488,2025-07-24T08:30:00,Malaria (Vishama Jwara),"Sudarshan Churna, Guduchi",Shavasana,"Cool, light foods. Avoid spicy and fermented. Sweet, bitter, astringent.",15,59,Stable
15434de9-f930-4409-b2b0-d0cc48d63f5f,5b077a5a-6fe9-449a-b002-65fa60750bef,fdaea991-23af-4a80-aac1-a826c311f13a,2025-07-29T16:45:00,Skin Infection (Kushtha),"Neem, Haridra",Viparita Karani,"Light, dry, warm foods. Avoid heavy and oily. Pungent, bitter, astringent.",7,91,Improved
a3be00fc-9c48-4454-bc93-f7154beebee9,cef256de-7027-4c91-b77c-aeba646f95c2,31a6a323-6646-42d4-a2bb-a07fa64d37b7,2025-07-04T08:15:00,Fever (Jwara),"Sudarshan Churna, Guduchi",Shavasana,"Cool, light foods. Avoid spicy and fermented. Sweet, bitter, astringent.",12,64,Significantly Improved
b368802a-3fe7-464c-bae6-13a5f04b587c,70a0cfb7-ee40-4a08-bd6e-4e011a012e73,8c8e76a1-b7f1-47b0-881c-23bc76a11a0a,2025-07-13T11:30:00,Fever (Jwara),"Sudarshan Churna, Guduchi",Shavasana,"Cool, light foods. Avoid spicy and fermented. Sweet, bitter, astringent.",14,52,Significantly Improved
244fb116-5e51-4df7-b910-07e6659b9ecf,95a5c4de-24b2-4b6a-a372-c1a6092bc230,e1881d22-e83b-47cd-8595-2dad665f0029,2025-07-26T08:00:00,Fever (Jwara),"Sudarshan Churna, Guduchi",Shavasana,"Cool, light foods. Avoid spicy and fermented. Sweet, bitter, astringent.",14,61,Under Treatment
cba56b27-edb3-4c28-813f-9f024c2a4cf6,b30ca37b-a315-4855-83d7-b9eedff50f6d,4a2386b1-d071-40ff-8096-14fd9012ab66,2025-07-27T10:45:00,Digestive Disorder (Vikara),"Triphala, Ginger","Vajrasana, Pranayama","Cool, light foods. Avoid spicy and fermented. Sweet, bitter, astringent.",3,64,Significantly Improved
1b7349e9-6ce2-4694-b87c-df0bb3079b80,310f9b10-b619-47ee-b429-3e77ea1012c0,d96f2534-0a50-4fa0-b11c-419abf16f5ac,2025-07-08T18:30:00,Lymphadenopathy (Apachi),"Guduchi, Manjistha",Gentle movement,"Cool, light foods. Avoid spicy and fermented. Sweet, bitter, astringent.",5,64,Improved
2bd5cb84-74d4-49e1-9e70-8e5e10d6302a,47858567-6aac-44d7-9781-0cc941cbdfe4,66ff3adb-820a-476a-acaa-46e05602f316,2025-07-07T15:45:00,Worm Infection (Krimi Roga),"Vidanga, Palasha, Triphala",Pawanmuktasana,"Warm, oily foods. Avoid cold and dry. Sweet, sour, salty taste.",6,93,Improved
187b7102-4616-418a-a928-3af1d55cd8aa,b24372cb-0bf9-463e-b70e-5cb1c24a300e,d56990bc-9d04-4a37-93ce-ddb9632d1902,2025-07-05T14:15:00,Menstrual Disorder (Artava Dushti),"Ashwagandha, Shatavari",Baddha Konasana,"Warm, oily foods. Avoid cold and dry. Sweet, sour, salty taste.",6,72,Significantly Improved
fc15e03c-6c76-466f-9c27-8cbc20946e69,bc599ee1-0c6b-4fb8-ba60-a0ec12122c97,79a3a471-de38-4d6c-9dba-77bcd789fd80,2025-07-19T18:30:00,Hyperlipidemia (Medo Vriddhi),"Guggulu, Arjuna, Triphala",Surya Namaskar,"Light, dry, warm foods. Avoid heavy and oily. Pungent, bitter, astringent.",7,94,Stable
76b5a77f-7003-49de-8b4b-7aea4d9364ba,a437cbaa-d6ec-4051-b939-8cc1ce50c44c,0c9a4619-b845-495f-a903-ccfd0ff036a9,2025-07-01T11:45:00,Gingivitis (Danta Vidradhi),"Triphala, Clove oil",Oil pulling,"Cool, light foods. Avoid spicy and fermented. Sweet, bitter, astringent.",7,95,Significantly Improved
2b716cbe-6e0a-4b54-97cc-2205bfc46aaf,b8558f6b-1005-494c-9253-bafc46f9130b,13b88d05-c07b-49d6-95e9-7f174a09f325,2025-07-10T15:30:00,Goiter (Galaganda),Kanchanar Guggulu,Sarvangasana,"Light, dry, warm foods. Avoid heavy and oily. Pungent, bitter, astringent.",3,81,Improved
863ea08d-6fa0-443e-83e4-358857d11d7e,ccb0be9b-ffc4-41e2-aab9-f4cedef39498,ae57e222-7965-4293-afcf-934eeec88b11,2025-07-02T12:00:00,Amebiasis (Pittaja Atisara),"Kutki, Triphala",Vajrasana,"Cool, light foods. Avoid spicy and fermented. Sweet, bitter, astringent.",2,55,Stable
1b8b6a82-5ac6-48ce-9c56-2fe7110cdf86,78b5103d-d013-4bf6-b81f-ece600e7fba4,cce7cb31-78db-4194-b4a4-295db2d4758d,2025-07-11T18:45:00,Back Pain (Prishtha Shoola),"Guggulu, Ashwagandha",Bhujangasana,"Warm, oily foods. Avoid cold and dry. Sweet, sour, salty taste.",9,66,Significantly Improved
88dfec49-5cfe-4e66-b856-46f423f08996,4571dd57-064d-4016-a800-f13c33ed96fa,155b5d2b-1d15-4c4d-9e70-86b26d8be308,2025-07-28T08:30:00,Prostate Enlargement (Vriddhi),"Gokshura, Varuna",Baddha Konasana,"Warm, oily foods. Avoid cold and dry. Sweet, sour, salty taste.",8,55,Significantly Improved
0ade7aef-43c7-4140-8bc0-9ee9a407809f,b8c2f23f-7205-4ce2-b408-163f542bd7b2,170c5b15-bbe8-4682-a633-6f14d0660a2b,2025-07-03T17:45:00,Tinnitus (Karnanada),"Brahmi, Ashwagandha",Bhramari Pranayama,"Warm, oily foods. Avoid cold and dry. Sweet, sour, salty taste.",3,60,Under Treatment
f207436d-49aa-4717-bb83-d422be56857c,d334836d-f7e8-4a2c-8348-0d18e7793074,b10e5c73-00aa-42d4-bd11-58c89a786af1,2025-07-03T12:45:00,Gingivitis (Danta Vidradhi),"Triphala, Clove oil",Oil pulling,"Cool, light foods. Avoid spicy and fermented. Sweet, bitter, astringent.",1,71,Significantly Improved
19576f04-f788-4476-b627-7201abbc9c21,ecdd2715-8870-4038-b792-8e16cdbef190,76c72d90-e8db-4aba-a33e-d0e1e7d5ca14,2025-07-21T14:15:00,Sinusitis (Apinasa),"Sitopaladi Churna, Tulsi",Jal Neti,"Light, dry, warm foods. Avoid heavy and oily. Pungent, bitter, astringent.",1,65,Stable
516ed563-39c7-4dc3-a0c5-7ce822877a7f,870d7afe-c6c2-4882-9958-af76ea166c67,94caf98e-b95a-4bdf-9dc1-9e411e6391ab,2025-07-09T10:15:00,Digestive Disorder (Vikara),"Triphala, Ginger","Vajrasana, Pranayama","Cool, light foods. Avoid spicy and fermented. Sweet, bitter, astringent.",8,71,Stable
cb3a3b41-d1df-44ec-9c49-d9d92252f3ec,12825953-c5f2-4160-bc7f-c5997e75486e,16f8cc58-49f3-4617-8e71-e80c9ac5fb07,2025-07-08T16:45:00,Acne (Yuvana Pidika),"Neem, Turmeric, Manjistha",Kapalbhati,"Cool, light foods. Avoid spicy and fermented. Sweet, bitter, astringent.",3,53,Improved
92663ed7-babc-4d69-af62-f72c26f19150,b9b2ef83-b99f-4e76-a2ab-5d183eebf521,39d3e90f-06ab-4dbd-8c99-21631c0a973b,2025-07-28T11:00:00,Irritable Bowel Syndrome (Grahani),"Bilva, Kutaja, Triphala",Pawanmuktasana,"Warm, oily foods. Avoid cold and dry. Sweet, sour, salty taste.",8,69,Improved
a7282595-668b-42a8-be6b-c92649bcf675,0af349d2-942f-45d5-9bc2-64345d05fbea,70b69a6a-07ce-4169-a8cb-6cef7961a4c4,2025-07-09T08:15:00,Digestive Disorder (Vikara),"Triphala, Ginger","Vajrasana, Pranayama","Cool, light foods. Avoid spicy and fermented. Sweet, bitter, astringent.",7,62,Under Treatment
6325c939-8664-4f50-934b-fdfcca9fa01a,236bd531-011b-4496-b852-939257e25773,791ede7c-9a05-463f-ae41-1829b4b92cd9,2025-07-14T15:45:00,Burnout (Chitta Klama),"Ashwagandha, Brahmi, Jatamansi",Yoga Nidra,"Warm, oily foods. Avoid cold and dry. Sweet, sour, salty taste.",3,83,Improved
c7326a8f-8f9c-46d3-ab82-e58457ac7020,fb8f5ee9-eb28-49ae-9b13-1a79bfbe6552,e32b4136-2e7f-4435-97a3-fee176c478f7,2025-07-24T16:00:00,Metabolic Syndrome (Santarpana Janya Vikara),"Triphala, Guggulu",Surya Namaskar,"Light, dry, warm foods. Avoid heavy and oily. Pungent, bitter, astringent.",3,84,Improved
c2b39ff8-c0db-4ac3-a541-b04080150320,01d1fa93-bd3f-44b0-b8a1-81b87e0e7564,13338b82-1c13-4abb-b42b-9451789286ca,2025-07-19T17:30:00,Acne (Yuvana Pidika),"Neem, Turmeric, Manjistha",Kapalbhati,"Cool, light foods. Avoid spicy and fermented. Sweet, bitter, astringent.",3,61,Stable
94703eff-4689-419a-a931-51f17d98e018,1b8907f8-c801-4a84-bbb3-a6d21a4da257,bb5302b1-30ac-46b0-81f5-c825068bd8a5,2025-07-11T17:15:00,Chikungunya (Sandhi Jwara),"Guduchi, Papaya leaf",Rest,"Cool, light foods. Avoid spicy and fermented. Sweet, bitter, astringent.",3,88,Improved
32a88055-565b-4d24-ba4d-388c1e7527d2,47858567-6aac-44d7-9781-0cc941cbdfe4,a1dd4467-a150-4a02-9ed3-ed535a32e9df,2025-07-30T09:30:00,Conjunctivitis (Netra Abhishyanda),"Triphala eye wash, Rose water",Netra Vyayama,"Cool, light foods. Avoid spicy and fermented. Sweet, bitter, astringent.",5,92,Under Treatment
cb8726ff-88c6-4c34-b751-5e50164c1cfa,e2e19b7c-867f-43b6-9141-af8b63dab285,ae1ba664-35db-48ae-89a5-bb3c37176e5c,2025-07-18T11:00:00,Peptic Ulcer (Parinama Shoola),"Yashtimadhu, Shatavari",Vajrasana,"Cool, light foods. Avoid spicy and fermented. Sweet, bitter, astringent.",3,49,Under Treatment
e8331f00-64b2-457f-b871-622c48ade2c8,17aadfbf-c118-4eff-83ee-785fef98771a,c16a8c69-733c-43e0-8bcb-a28073370a52,2025-07-03T11:00:00,Mumps (Karnamoola Shotha),"Guduchi, Tulsi",Rest,"Light, dry, warm foods. Avoid heavy and oily. Pungent, bitter, astringent.",3,44,Improved
ffec898b-1d7a-4da0-b873-957fe897602f,d56a8d27-6a5a-4e28-a957-7d883cf46c3c,2eacd4ad-a42d-4fa2-ae01-26dc5316e3d0,2025-07-14T09:00:00,Tonsillitis (Tundikeri),"Sitopaladi Churna, Yashtimadhu",Jal Neti,"Light, dry, warm foods. Avoid heavy and oily. Pungent, bitter, astringent.",3,59,Under Treatment
a5172166-3d78-45da-85da-262abf0998fb,6e84f7a6-eb67-48e5-9d55-6a4a09594123,9d51f589-77e0-439f-a838-0e1eb3d6bc09,2025-07-24T12:30:00,Sinusitis (Apinasa),"Sitopaladi Churna, Tulsi",Jal Neti,"Light, dry, warm foods. Avoid heavy and oily. Pungent, bitter, astringent.",3,78,Recovered
70315398-1f8f-4d4b-b0e6-885250ba6060,9daa4358-a717-447a-a1fb-171c97c752e5,dd2abfc6-e6ed-4b13-8e01-c86250198ea9,2025-07-11T08:45:00,Depression (Vishada),"Ashwagandha, Brahmi, Jatamansi",Yoga Nidra,"Warm, oily foods. Avoid cold and dry. Sweet, sour, salty taste.",7,46,Improved
98778a62-e8b3-4443-8a0a-3b86dd5f7480,879a6629-a37f-4da9-a046-c5ae1e31523e,f3433375-6e73-4232-b3ea-74ce8ffb9c34,2025-07-28T16:15:00,Depression (Vishada),"Ashwagandha, Brahmi, Jatamansi",Yoga Nidra,"Warm, oily foods. Avoid cold and dry. Sweet, sour, salty taste.",2,66,Improved
9c088e7c-fdd3-41cb-adc9-7edd2cf2a241,aa15fab5-3ec4-43e0-8861-ea6a4a239468,45d8979c-bc5d-49bb-baa7-89278e1449a3,2025-07-13T18:45:00,Stress (Manasika Tanava),"Ashwagandha, Brahmi",Shavasana,"Warm, oily foods. Avoid cold and dry. Sweet, sour, salty taste.",3,80,Under Treatment
f4c04bfb-5bc3-42e1-b3e5-42eac74e4517,b246f2ff-847e-47c8-80eb-ce7edb739244,f53adb9f-2ae8-440f-8aca-75a8cb93d5ef,2025-07-01T17:15:00,Infertility (Vandhyatva),"Shatavari, Ashwagandha",Baddha Konasana,"Warm, oily foods. Avoid cold and dry. Sweet, sour, salty taste.",3,88,Improved
81e4c3c7-4cce-464a-8701-be3b76485975,da119ab8-32bc-41cf-9c9b-61fa5b244629,54935a86-780f-4d03-bc7e-697916b06e23,2025-07-01T18:45:00,Ulcerative Colitis (Raktatisara),"Kutaja, Bilva, Musta",Pawanmuktasana,"Cool, light foods. Avoid spicy and fermented. Sweet, bitter, astringent.",7,48,Under Treatment
b696a790-9419-4a3a-a3fa-78a4c5e169d8,5f999622-7d9c-4b02-b29b-67df78fc574e,9314c1f9-09ed-40fb-93b8-f7faf7827b9a,2025-07-03T13:15:00,Infertility (Vandhyatva),"Shatavari, Ashwagandha",Baddha Konasana,"Warm, oily foods. Avoid cold and dry. Sweet, sour, salty taste.",1,91,Under Treatment
2d651e6f-fcd7-4671-9f04-7c562418d803,3da22f31-c409-48ac-b0b8-b418d1d428c6,67b856a7-56b0-458e-8cd8-d1aa93d66fac,2025-07-01T14:00:00,Prostate Enlargement (Vriddhi),"Gokshura, Varuna",Baddha Konasana,"Warm, oily foods. Avoid cold and dry. Sweet, sour, salty taste.",8,90,Improved
d7ec998c-73da-4104-ab27-b46c6abd6ace,7a255235-be19-4fef-9cfa-dfe170fe6ff9,c872e534-6fd5-40bb-acb9-d76cb4cacc77,2025-07-22T17:30:00,Spondylosis (Griva Sandhigata Vata),"Nirgundi, Ashwagandha",Neck stretches,"Warm, oily foods. Avoid cold and dry. Sweet, sour, salty taste.",10,86,Improved
1794f990-d7fe-4cbb-982f-5d59f9fc08de,f8af0b06-2aa7-4127-9b25-329f239407ef,31ed699e-2ed6-45e8-982e-c42847526885,2025-07-29T13:30:00,Burnout (Chitta Klama),"Ashwagandha, Brahmi, Jatamansi",Yoga Nidra,"Warm, oily foods. Avoid cold and dry. Sweet, sour, salty taste.",1,72,Significantly Improved
dfd4cf98-71bb-48f1-8852-9985c217a29b,33d39fd4-fa6f-496d-b800-e6575f4b54f4,08b2c085-c13c-44c0-b60c-15da3c91c7a9,2025-07-20T11:00:00,Alopecia (Indralupta),"Bhringraj, Amla, Neem",Head massage,"Cool, light foods. Avoid spicy and fermented. Sweet, bitter, astringent.",3,48,Improved
72c649e5-1c32-46cc-8ea8-e0f90c31f2e4,a56620ff-cd66-445a-9379-79b79f07ea11,cb4cab06-f218-4b1e-8733-3ec764c4d86e,2025-07-12T12:45:00,Tonsillitis (Tundikeri),"Sitopaladi Churna, Yashtimadhu",Jal Neti,"Light, dry, warm foods. Avoid heavy and oily. Pungent, bitter, astringent.",8,79,Under Treatment
da7077a4-fb56-463d-82e2-d7a3135518a1,b132388d-0113-4aa6-9960-a5bebd09ad8c,bf07cebc-ccf4-4765-8efc-5c46cc5697d8,2025-07-23T16:30:00,Gout (Vatarakta),"Guduchi, Triphala",Gentle stretching,"Cool, light foods. Avoid spicy and fermented. Sweet, bitter, astringent.",3,77,Stable
da36af6d-8a65-4d35-a1cd-995887f0bea9,512ff615-7fc3-4c20-b3ab-ae3f16470b94,446c0b23-a0ac-40f8-b306-7415a27c28e8,2025-07-08T15:15:00,Hypertension (Raktachaapa Vriddhi),"Arjuna, Sarpagandha, Ashwagandha","Shavasana, Anulom Vilom","Cool, light foods. Avoid spicy and fermented. Sweet, bitter, astringent.",3,53,Significantly Improved
d2207a55-b1df-417d-8495-9c96bbb6dabe,278b17ed-0861-4cf5-b606-be2b5c4948f9,7da26841-576c-4f6d-81f8-0f914d3b6c7f,2025-07-16T16:30:00,Sciatica (Gridhrasi),"Nirgundi, Guggulu",Pawanmuktasana,"Warm, oily foods. Avoid cold and dry. Sweet, sour, salty taste.",6,66,Under Treatment
9f5eba08-35cd-43bb-86e5-fcf994213619,61e13cea-61ab-4d3b-9aed-773ece96fa27,90f06a3c-9a4b-4171-9019-3bbc5b582e8a,2025-07-24T18:15:00,Liver Disorder (Yakrit Vikara),"Amla, Turmeric, Guduchi",Dhanurasana,"Cool, light foods. Avoid spicy and fermented. Sweet, bitter, astringent.",8,40,Under Treatment
b7980251-5c02-48fc-95fd-8392cbfdcbc2,0f248608-b576-405c-8ef2-f4c93de4738f,a18618ae-fe08-4c2c-9caf-3f98baa2e983,2025-08-07T14:30:00,Dengue (Dandashthaka Jwara),"Papaya leaf, Guduchi","Bed rest, Shavasana","Cool, light foods. Avoid spicy and fermented. Sweet, bitter, astringent.",16,66,Significantly Improved
afa7c329-1533-4bc6-8b27-92094d921774,fce7a316-7a3c-4e5c-a936-2bdfb6b526e5,2b6d9418-6af6-4e7c-87cb-728de1238c97,2025-08-25T11:45:00,Dengue (Dandashthaka Jwara),"Papaya leaf, Guduchi","Bed rest, Shavasana","Cool, light foods. Avoid spicy and fermented. Sweet, bitter, astringent.",15,70,Recovered
0f573d07-3d26-4001-a2d3-f99de3fa1609,ea26129d-95c5-47a2-b116-084b8b787324,4591f8b1-8220-4715-b160-817475cac06e,2025-08-07T15:30:00,Dengue (Dandashthaka Jwara),"Papaya leaf, Guduchi","Bed rest, Shavasana","Cool, light foods. Avoid spicy and fermented. Sweet, bitter, astringent.",11,72,Under Treatment
d8f2d454-be0c-48ec-b310-16255c57b277,db501886-5f31-41c5-b8e9-e9d8b8dc433d,a83bd22a-7e67-4a5a-b1bc-b10f98b9478c,2025-08-04T18:00:00,Fever (Jwara),"Sudarshan Churna, Guduchi",Shavasana,"Cool, light foods. Avoid spicy and fermented. Sweet, bitter, astringent.",12,50,Stable
d10d5912-3ec8-41a7-9011-998801209a91,096ac027-c11d-48db-bd5c-a086d956f26c,95e1f4f8-d606-4da2-a7e6-c740f0218b1a,2025-08-23T09:45:00,Dengue (Dandashthaka Jwara),"Papaya leaf, Guduchi","Bed rest, Shavasana","Cool, light foods. Avoid spicy and fermented. Sweet, bitter, astringent.",10,90,Significantly Improved
8fd6c693-7f05-4806-8b72-29e0ffb09009,ec7594dd-41be-4a51-a36b-827e6f011660,d03e7efa-3a7b-43c4-9512-6fcb917236a1,2025-08-14T09:45:00,Indigestion (Ajirna),"Trikatu, Ginger",Vajrasana,"Warm, oily foods. Avoid cold and dry. Sweet, sour, salty taste.",3,91,Significantly Improved
d8ff825e-6fd1-488c-bf92-000d97f6d02b,1888f6f7-5d27-4a5a-9f07-399bf5c9b2ed,ecf292d4-11ec-44c6-8f85-3bfc9d2944dd,2025-08-16T10:00:00,Dengue (Dandashthaka Jwara),"Papaya leaf, Guduchi","Bed rest, Shavasana","Cool, light foods. Avoid spicy and fermented. Sweet, bitter, astringent.",6,60,Under Treatment
011cf5dc-a97f-4f7b-b3aa-389f9927364c,e726f11b-11bb-4f80-87b3-c554a5e81cee,0c2d4877-be8a-44ce-adb2-0836b561c5bc,2025-08-05T16:30:00,Dengue (Dandashthaka Jwara),"Papaya leaf, Guduchi","Bed rest, Shavasana","Cool, light foods. Avoid spicy and fermented. Sweet, bitter, astringent.",10,70,Stable
18dad25c-cb72-45ba-a3e8-f0105e8481aa,8bbaaa32-f417-4c8e-b4ce-044046e2b7bf,04a7e55c-e2b8-460b-bce4-10efd906715d,2025-08-16T12:45:00,Diarrhea (Atisara),"Bilva, Kutaj",Pawanmuktasana,"Cool, light foods. Avoid spicy and fermented. Sweet, bitter, astringent.",3,57,Stable
ef1d1209-f638-491b-a752-7a4782d20542,e7621c85-6490-49b3-97e2-0736bf159cca,a68d0aa4-77ae-4477-9b74-4bc444f36ec0,2025-08-01T13:15:00,Dengue (Dandashthaka Jwara),"Papaya leaf, Guduchi","Bed rest, Shavasana","Cool, light foods. Avoid spicy and fermented. Sweet, bitter, astringent.",14,87,Significantly Improved
577ef200-3050-418a-9cb0-025eac80f70c,ddcc336f-74ea-4cb1-99ad-e7643ecb2c8b,da6fbae9-79c6-4543-8a59-110de80e3cdc,2025-08-09T08:30:00,Dengue (Dandashthaka Jwara),"Papaya leaf, Guduchi","Bed rest, Shavasana","Cool, light foods. Avoid spicy and fermented. Sweet, bitter, astringent.",6,71,Improved
3fb0a8b6-b14a-4d2d-8541-75e5b9643f12,5f486f2c-66a3-4f11-9cd8-3a64bac4e545,e7ee2310-1da4-4007-8177-8a56a4cbd431,2025-08-22T15:15:00,Fever (Jwara),"Sudarshan Churna, Guduchi",Shavasana,"Cool, light foods. Avoid spicy and fermented. Sweet, bitter, astringent.",9,94,Improved
e2f476f4-984a-4dc2-acb0-739d52875722,da107e8b-0fce-4d30-acb4-2d9b6cc0d44c,cb16d09c-105b-4ee3-b768-f37dcc6483f6,2025-08-22T16:30:00,Dengue (Dandashthaka Jwara),"Papaya leaf, Guduchi","Bed rest, Shavasana","Cool, light foods. Avoid spicy and fermented. Sweet, bitter, astringent.",16,63,Significantly Improved
363c0fee-4a7c-4108-b399-4a195680d745,9205ae42-b451-45be-8ede-80396a10ae1c,27f9a53f-1a4f-4913-8e3b-4aa000da9dcf,2025-08-23T18:15:00,Dengue (Dandashthaka Jwara),"Papaya leaf, Guduchi","Bed rest, Shavasana","Cool, light foods. Avoid spicy and fermented. Sweet, bitter, astringent.",13,60,Significantly Improved
bbb96061-5276-4e24-9b4d-36704cc164b4,5aed274c-93eb-4565-b320-83ac9ca24032,a8e95c48-a965-4baa-acd3-490588c7883b,2025-08-13T11:30:00,Fever (Jwara),"Sudarshan Churna, Guduchi",Shavasana,"Cool, light foods. Avoid spicy and fermented. Sweet, bitter, astringent.",10,40,Significantly Improved
66419944-c9f2-4015-ba2c-8d1dc0d2da49,d199c76c-07d4-4c34-8735-62c346a22643,e40f43a3-394a-4f3c-9b9a-8830c206e223,2025-08-26T13:00:00,Indigestion (Ajirna),"Trikatu, Ginger",Vajrasana,"Warm, oily foods. Avoid cold and dry. Sweet, sour, salty taste.",3,44,Stable
10f842c3-d8aa-4842-abad-e0a88f6f365e,4e6f468d-6358-4376-aa1c-a68066dbebb8,5b24d193-ff0c-464f-83dc-abe9d92a4a6a,2025-08-18T12:30:00,Dengue (Dandashthaka Jwara),"Papaya leaf, Guduchi","Bed rest, Shavasana","Cool, light foods. Avoid spicy and fermented. Sweet, bitter, astringent.",8,46,Improved
b6ef52f8-7f78-4c6d-9b53-3efb92ff8967,81a48133-5ea2-4775-a92b-b173a78693b9,da62a2bc-6729-41cf-9df1-3594d7b70ffd,2025-08-24T11:30:00,Dengue (Dandashthaka Jwara),"Papaya leaf, Guduchi","Bed rest, Shavasana","Cool, light foods. Avoid spicy and fermented. Sweet, bitter, astringent.",13,64,Stable
54356879-a9bd-4359-9ab4-2a0f934af050,5d88a728-570d-4b0f-a63b-28efe8390b13,e8b811b4-cbb3-43f1-9f5f-eecf585f034b,2025-08-12T12:30:00,Fever (Jwara),"Sudarshan Churna, Guduchi",Shavasana,"Cool, light foods. Avoid spicy and fermented. Sweet, bitter, astringent.",16,89,Significantly Improved
e35299ca-27c2-47aa-add8-37e11ad97c8f,a3d0adbd-0a8a-4458-b071-8ee03e1f452a,f3c37230-7f6d-4953-ab34-23460c8025ea,2025-08-11T14:15:00,Fever (Jwara),"Sudarshan Churna, Guduchi",Shavasana,"Cool, light foods. Avoid spicy and fermented. Sweet, bitter, astringent.",15,94,Recovered
046de9b0-2087-41e5-9ca9-a187416b6d37,5b649c9e-2cf1-4dc6-ba33-7e996ad77ef6,49110474-42c9-4f44-9e33-b6bfe08a4abf,2025-08-09T09:30:00,Malaria (Vishama Jwara),"Sudarshan Churna, Guduchi",Shavasana,"Cool, light foods. Avoid spicy and fermented. Sweet, bitter, astringent.",13,82,Improved
a862db17-8a99-4140-bb52-f6fc5317ce37,6e790b3b-331d-4e1f-9a80-897f720c0cd0,79eca140-3700-41c9-a1bb-544bbb8f3bef,2025-08-08T15:15:00,Dengue (Dandashthaka Jwara),"Papaya leaf, Guduchi","Bed rest, Shavasana","Cool, light foods. Avoid spicy and fermented. Sweet, bitter, astringent.",9,82,Stable
95d6a290-a263-4fe7-9b54-edb4fbb9784c,1a991d8e-17de-4883-bfb3-86d4e97dc1ae,1a7a3cac-0efd-4f6d-822e-c9a37bb26032,2025-08-12T13:45:00,Dengue (Dandashthaka Jwara),"Papaya leaf, Guduchi","Bed rest, Shavasana","Cool, light foods. Avoid spicy and fermented. Sweet, bitter, astringent.",10,57,Recovered
fdbcce57-69d7-4b71-b0b9-9880a833e3c8,990bb1b9-acaa-42db-87d3-687436db2af3,7873c535-b713-4d3b-acfe-d7662ed93bc2,2025-08-27T13:45:00,Diarrhea (Atisara),"Bilva, Kutaj",Pawanmuktasana,"Cool, light foods. Avoid spicy and fermented. Sweet, bitter, astringent.",5,74,Improved
40c11a73-01d9-4d81-b1b3-2f916727d9f9,16a1de90-da6a-4cc1-9285-5b3be704c9df,419f839d-9993-4442-a960-bf21afa44268,2025-08-25T17:30:00,Dengue (Dandashthaka Jwara),"Papaya leaf, Guduchi","Bed rest, Shavasana","Cool, light foods. Avoid spicy and fermented. Sweet, bitter, astringent.",13,46,Significantly Improved
2ad5372d-23e2-4269-9030-33b4852a6a7e,b70b6866-fc93-49b0-82ff-5829d7478c5e,efc01f09-0ca5-49c9-8f87-4504cabc624f,2025-08-25T12:00:00,Indigestion (Ajirna),"Trikatu, Ginger",Vajrasana,"Warm, oily foods. Avoid cold and dry. Sweet, sour, salty taste.",2,81,Stable
fcf27fab-94f8-4139-9527-388328a58d3c,a3d0adbd-0a8a-4458-b071-8ee03e1f452a,6d8210b6-de28-42e1-8daa-6a9b2099a55b,2025-08-08T17:45:00,Fever (Jwara),"Sudarshan Churna, Guduchi",Shavasana,"Cool, light foods. Avoid spicy and fermented. Sweet, bitter, astringent.",13,86,Significantly Improved
9de091ff-6a78-4a40-8610-8defa62327f4,b559e569-3c1c-4d8f-a9bf-e1d850987fba,f64aab6a-99cd-4fc6-a582-9e5cd82d378c,2025-08-11T13:00:00,Dengue (Dandashthaka Jwara),"Papaya leaf, Guduchi","Bed rest, Shavasana","Cool, light foods. Avoid spicy and fermented. Sweet, bitter, astringent.",10,65,Significantly Improved
85d37ba2-4de6-4efc-a9cc-8aadec8628ed,e8fc7959-0c7d-4af4-a794-219eefc066e0,505af37a-4df2-49d8-aa4e-d07a269c9ced,2025-08-26T09:00:00,Dengue (Dandashthaka Jwara),"Papaya leaf, Guduchi","Bed rest, Shavasana","Cool, light foods. Avoid spicy and fermented. Sweet, bitter, astringent.",16,42,Improved
8dddf133-6adb-439b-9363-54ded3f43dbc,1b8907f8-c801-4a84-bbb3-a6d21a4da257,e25ce362-d16b-417e-9774-f8f7f3f1d9ce,2025-08-18T18:30:00,Fever (Jwara),"Sudarshan Churna, Guduchi",Shavasana,"Cool, light foods. Avoid spicy and fermented. Sweet, bitter, astringent.",12,73,Significantly Improved
6903c646-b86e-428b-8321-2d849e1f4435,e5b79175-2950-45f6-9957-7fad88f7e4cb,6318ff17-4a51-4580-9be9-c5c74e335b3e,2025-08-05T13:15:00,Fever (Jwara),"Sudarshan Churna, Guduchi",Shavasana,"Cool, light foods. Avoid spicy and fermented. Sweet, bitter, astringent.",13,62,Stable
db41c0ad-1b89-4f6c-bdf8-67e11fcf9afa,61e13cea-61ab-4d3b-9aed-773ece96fa27,4675bba9-38d7-4990-b355-791ade343f47,2025-08-28T13:45:00,Dengue (Dandashthaka Jwara),"Papaya leaf, Guduchi","Bed rest, Shavasana","Cool, light foods. Avoid spicy and fermented. Sweet, bitter, astringent.",8,53,Improved
6f1e60f5-295d-46df-954d-3dacda0a5523,931f10ee-f204-4c0b-b769-d62524ea5c5a,a38622f4-ac1f-4cd6-bbdf-aa7dc8b5a33e,2025-08-11T09:15:00,Dengue (Dandashthaka Jwara),"Papaya leaf, Guduchi","Bed rest, Shavasana","Cool, light foods. Avoid spicy and fermented. Sweet, bitter, astringent.",9,94,Significantly Improved
63a90c07-87aa-44d8-aecd-efb3ef75ea75,a5618e73-e168-44c8-ad7c-378dd674bfa5,f3c034fb-ecb4-417c-a2cb-f9ecae0b5414,2025-08-07T14:15:00,Dengue (Dandashthaka Jwara),"Papaya leaf, Guduchi","Bed rest, Shavasana","Cool, light foods. Avoid spicy and fermented. Sweet, bitter, astringent.",15,92,Improved
ab4387eb-f3bb-48f9-beaa-6126a33a106c,47858567-6aac-44d7-9781-0cc941cbdfe4,e11d5b64-6cbf-4a03-9be9-b7bd8936c481,2025-08-22T18:00:00,Dengue (Dandashthaka Jwara),"Papaya leaf, Guduchi","Bed rest, Shavasana","Cool, light foods. Avoid spicy and fermented. Sweet, bitter, astringent.",9,67,Stable
f309c050-ad9a-44dd-a36a-a3929ac6f3d4,8fbbc541-4c1d-4549-9bf6-a39f3e4708e5,cfa0c556-d91c-4d7f-9c00-9994bb460279,2025-08-01T10:30:00,Fever (Jwara),"Sudarshan Churna, Guduchi",Shavasana,"Cool, light foods. Avoid spicy and fermented. Sweet, bitter, astringent.",9,77,Improved
847e574c-5dc8-4afe-8679-76d632c2bf8a,9200705b-2d04-4331-ae91-664b63fce28d,106b719f-9a3b-453d-a459-e5b92404e70f,2025-08-28T16:45:00,Dengue (Dandashthaka Jwara),"Papaya leaf, Guduchi","Bed rest, Shavasana","Cool, light foods. Avoid spicy and fermented. Sweet, bitter, astringent.",7,52,Significantly Improved
1af438d0-294b-4a7f-943c-83ef0b56f9e9,c537d593-0428-49b2-8591-d1d72fd039c9,0518c6ac-0334-40f3-b74c-ad50b1106370,2025-08-11T10:45:00,Malaria (Vishama Jwara),"Sudarshan Churna, Guduchi",Shavasana,"Cool, light foods. Avoid spicy and fermented. Sweet, bitter, astringent.",13,91,Improved
eef7eb64-b8a2-4a21-a766-da068a6699a1,b7f1bc96-2036-4120-8cc5-25476cd0dba9,9eae32a4-6349-427e-8983-eaeee7babfb9,2025-08-13T13:45:00,Indigestion (Ajirna),"Trikatu, Ginger",Vajrasana,"Warm, oily foods. Avoid cold and dry. Sweet, sour, salty taste.",3,84,Recovered
b7b71415-6cdb-4ca9-9300-bfe10e13387b,6b34d482-464b-4342-8047-567d9d38c122,2f14a1ef-1eee-49bd-a6fd-2f156958946d,2025-08-09T09:00:00,Indigestion (Ajirna),"Trikatu, Ginger",Vajrasana,"Warm, oily foods. Avoid cold and dry. Sweet, sour, salty taste.",3,53,Significantly Improved
af27f6ae-f5c4-4eb8-adf2-a82d57382b57,4f59a5b0-1126-41ba-8f53-ddbaf28bd393,434130fb-8e12-4dd0-8243-d5c7a93a130f,2025-08-11T08:15:00,Dengue (Dandashthaka Jwara),"Papaya leaf, Guduchi","Bed rest, Shavasana","Cool, light foods. Avoid spicy and fermented. Sweet, bitter, astringent.",14,53,Significantly Improved
e0c1bac9-249b-442b-97fa-28ee58cb45eb,b01c2f08-620e-4003-9146-b2bc5089f338,885d22d6-fe1a-49c7-89d4-86a317fe56d6,2025-08-04T12:45:00,Dengue (Dandashthaka Jwara),"Papaya leaf, Guduchi","Bed rest, Shavasana","Cool, light foods. Avoid spicy and fermented. Sweet, bitter, astringent.",16,44,Under Treatment
f66fed80-6529-461e-832f-1ab666c3f55f,f11f882e-26dd-41e5-87c1-1afec3409011,9c0759b8-f068-4388-9877-34834a8f5dd6,2025-08-11T08:00:00,Dengue (Dandashthaka Jwara),"Papaya leaf, Guduchi","Bed rest, Shavasana","Cool, light foods. Avoid spicy and fermented. Sweet, bitter, astringent.",14,40,Improved
7b361393-a292-4183-aa28-4c3ff34786d3,a4ce5ab1-b45b-4210-9ed4-3997ed6f12f7,0c6bf3be-bd20-4857-9e95-ade020769634,2025-08-29T15:45:00,Indigestion (Ajirna),"Trikatu, Ginger",Vajrasana,"Warm, oily foods. Avoid cold and dry. Sweet, sour, salty taste.",3,67,Improved
196a7dcf-3f7a-4f29-855e-55a5c7af8378,a208147f-d12d-4eb4-8b06-6dc44ee0c0d1,0cde6d4c-b28c-4bd5-a7f2-d8cacdf70bfa,2025-08-05T17:30:00,Fever (Jwara),"Sudarshan Churna, Guduchi",Shavasana,"Cool, light foods. Avoid spicy and fermented. Sweet, bitter, astringent.",13,80,Improved
996f955c-93ef-4c2d-9051-3ede65c5df8b,08aa84de-e5ed-4482-8f62-08862965f54a,ba5dc092-da06-4663-8159-9d56fc0dbce8,2025-08-02T16:45:00,Fever (Jwara),"Sudarshan Churna, Guduchi",Shavasana,"Cool, light foods. Avoid spicy and fermented. Sweet, bitter, astringent.",7,76,Significantly Improved
e2ee0d22-e27e-4395-9139-109aa5ab2298,ecdd2715-8870-4038-b792-8e16cdbef190,d8620d2a-26e6-4396-b544-b9260a115256,2025-08-06T12:30:00,Indigestion (Ajirna),"Trikatu, Ginger",Vajrasana,"Warm, oily foods. Avoid cold and dry. Sweet, sour, salty taste.",2,77,Stable
1677a0e5-a163-4b3c-97a0-67604ccf1548,ad7a75c7-29e5-41c7-b74c-f083a374960f,863154ec-03fc-4acb-ae0f-6205ae7b8bc9,2025-08-01T12:00:00,Diarrhea (Atisara),"Bilva, Kutaj",Pawanmuktasana,"Cool, light foods. Avoid spicy and fermented. Sweet, bitter, astringent.",8,59,Recovered
94a25de6-5fe4-40f9-8a15-5b2dd5880192,9b54c1cd-e8c9-4917-b1b1-0a2c9c5d851b,d6e0e0c7-fa8b-4f8f-b87c-211dd4b5c6dd,2025-08-30T15:00:00,Dengue (Dandashthaka Jwara),"Papaya leaf, Guduchi","Bed rest, Shavasana","Cool, light foods. Avoid spicy and fermented. Sweet, bitter, astringent.",11,52,Improved
87c77730-2ca0-472c-9225-3175fefff8fb,379584a5-8530-47b6-8104-98b0bbc9bda9,49c64258-6ce6-4fd2-97f8-0e92b953c9b6,2025-08-30T15:30:00,Fever (Jwara),"Sudarshan Churna, Guduchi",Shavasana,"Cool, light foods. Avoid spicy and fermented. Sweet, bitter, astringent.",7,65,Improved
0d04fd45-a16a-4cbe-8940-8c59cbcd1b7b,6171640b-b4da-4c73-ac9b-cb26cf602af2,8a155e38-833d-4346-a909-c372613e667b,2025-08-01T10:00:00,Fever (Jwara),"Sudarshan Churna, Guduchi",Shavasana,"Cool, light foods. Avoid spicy and fermented. Sweet, bitter, astringent.",14,63,Significantly Improved
3427ddc8-d22e-4cda-928b-5b67221268e4,ea365643-5144-4395-959b-53649d2a3c81,ea83579a-6b66-4416-8769-49af5c2d006b,2025-08-25T13:15:00,Dengue (Dandashthaka Jwara),"Papaya leaf, Guduchi","Bed rest, Shavasana","Cool, light foods. Avoid spicy and fermented. Sweet, bitter, astringent.",16,40,Stable
71d86ce8-1be4-4a37-a80e-ae672791437e,a265ce0b-ca57-415e-93d7-a18f14fc40d2,3b5338dc-0153-46de-b351-e960e692e3a9,2025-08-27T15:30:00,Indigestion (Ajirna),"Trikatu, Ginger",Vajrasana,"Warm, oily foods. Avoid cold and dry. Sweet, sour, salty taste.",2,85,Improved
f15cd0af-2ea4-48d5-93c5-6d2d0272c925,f0755502-6c6b-43ea-92be-1e8fe6e8750c,36fc15af-47a3-4c15-a1d3-f688486dfb66,2025-08-10T09:15:00,Malaria (Vishama Jwara),"Sudarshan Churna, Guduchi",Shavasana,"Cool, light foods. Avoid spicy and fermented. Sweet, bitter, astringent.",7,72,Under Treatment
910a62bb-11e0-471f-a7f3-fdae044b6501,cdc53634-b109-4a90-9e24-27af7ec732bd,b26feb76-fd38-4832-a557-e5db851a3544,2025-08-26T17:45:00,Dengue (Dandashthaka Jwara),"Papaya leaf, Guduchi","Bed rest, Shavasana","Cool, light foods. Avoid spicy and fermented. Sweet, bitter, astringent.",13,42,Improved
c6ce3965-a6fd-44ab-8c28-987cb8a0138f,af1ff92b-db40-4e77-8409-485ade2cbbbd,b0c2bb9d-5b20-45a8-9f99-ffc079889ab9,2025-08-10T10:30:00,Dengue (Dandashthaka Jwara),"Papaya leaf, Guduchi","Bed rest, Shavasana","Cool, light foods. Avoid spicy and fermented. Sweet, bitter, astringent.",6,65,Under Treatment
50836475-e59c-4350-9803-d25cb190fe13,1e21e5fa-563d-446e-95f8-a369e03ffefb,733a79f6-872c-4123-86d1-3d6e5beb953f,2025-08-20T17:30:00,Indigestion (Ajirna),"Trikatu, Ginger",Vajrasana,"Warm, oily foods. Avoid cold and dry. Sweet, sour, salty taste.",2,75,Improved
124bcf58-e674-4af8-8395-b8a3642b65b1,d1922d18-a85a-4413-8f30-0a1e25b7dfb3,6d4589fa-cdd8-4165-8389-a6439eb8f2a7,2025-08-14T08:00:00,Indigestion (Ajirna),"Trikatu, Ginger",Vajrasana,"Warm, oily foods. Avoid cold and dry. Sweet, sour, salty taste.",1,77,Significantly Improved
ad725867-e58f-4153-988f-e511ef8bf215,05c5d18d-77f0-4ca4-b2cb-7190f17e2181,c72f0b88-f707-42a3-b0fb-21a56b50c4c3,2025-08-26T18:45:00,Indigestion (Ajirna),"Trikatu, Ginger",Vajrasana,"Warm, oily foods. Avoid cold and dry. Sweet, sour, salty taste.",1,90,Stable
2c4d955a-6d6d-4314-b89f-3ce3337eebce,c549a658-4581-40d1-b0a2-3b3070b94950,8f3d7a28-85fd-4c16-a87e-80e6e97db726,2025-08-11T15:30:00,Malaria (Vishama Jwara),"Sudarshan Churna, Guduchi",Shavasana,"Cool, light foods. Avoid spicy and fermented. Sweet, bitter, astringent.",6,74,Recovered
fd72728e-a860-421c-b41a-8924375b17e6,1895acd7-b472-439c-900f-868a68083e02,b3f7f461-4672-4655-8a26-70bbb3c299e9,2025-08-23T11:00:00,Indigestion (Ajirna),"Trikatu, Ginger",Vajrasana,"Warm, oily foods. Avoid cold and dry. Sweet, sour, salty taste.",2,50,Significantly Improved
9862fe55-d15c-4d3e-94ad-5e96c451e0b9,c92e0fc7-3198-4532-b141-b1bbc2e34a9a,d068af81-8209-4bda-bbe2-093c99bfb881,2025-08-19T13:30:00,Indigestion (Ajirna),"Trikatu, Ginger",Vajrasana,"Warm, oily foods. Avoid cold and dry. Sweet, sour, salty taste.",2,76,Under Treatment
29617da0-aaac-4c22-b1e0-67789e2c200f,512ff615-7fc3-4c20-b3ab-ae3f16470b94,101238c1-b266-4e82-b7e5-bab7e008e84f,2025-08-09T13:45:00,Fever (Jwara),"Sudarshan Churna, Guduchi",Shavasana,"Cool, light foods. Avoid spicy and fermented. Sweet, bitter, astringent.",15,64,Improved
a1ffb687-2ce6-413b-92ab-433b27ac7379,12825953-c5f2-4160-bc7f-c5997e75486e,6a3d2cc5-d838-444a-b2ab-aa7312ea08f7,2025-08-01T11:00:00,Dengue (Dandashthaka Jwara),"Papaya leaf, Guduchi","Bed rest, Shavasana","Cool, light foods. Avoid spicy and fermented. Sweet, bitter, astringent.",12,87,Significantly Improved
228d5a92-61a0-482b-be20-60f5be8ba0ee,f05a9cb5-6110-4502-95e1-810ac6ab6b33,5607a0ef-95df-4f3d-b783-cbf4dc7693cf,2025-08-19T17:15:00,Fever (Jwara),"Sudarshan Churna, Guduchi",Shavasana,"Cool, light foods. Avoid spicy and fermented. Sweet, bitter, astringent.",12,48,Under Treatment
ce843ddf-5a31-4513-9662-a999a80b42ea,f4d5afd4-e183-4732-a4a7-866f5f2c2fc2,a1bdfecd-9521-4a31-9987-18a73629fba0,2025-08-27T15:45:00,Diarrhea (Atisara),"Bilva, Kutaj",Pawanmuktasana,"Cool, light foods. Avoid spicy and fermented. Sweet, bitter, astringent.",6,76,Significantly Improved
07f5d992-b97e-4689-8529-7be54893a3fd,03bee406-a6c0-4dfb-b6e4-9f31eb880ec8,e9cb54fc-e495-438d-8028-1b21111551fc,2025-08-19T15:00:00,Fever (Jwara),"Sudarshan Churna, Guduchi",Shavasana,"Cool, light foods. Avoid spicy and fermented. Sweet, bitter, astringent.",13,47,Stable
f386bdd2-4101-4a59-9221-2518fb37b338,a761cbf3-df21-4c28-9534-bc3dc2ee0a26,40d226a5-430e-4a37-a5a2-d7a22d5d88f7,2025-08-21T08:45:00,Dengue (Dandashthaka Jwara),"Papaya leaf, Guduchi","Bed rest, Shavasana","Cool, light foods. Avoid spicy and fermented. Sweet, bitter, astringent.",10,52,Significantly Improved
1cd6d73c-bf29-4021-a609-0469a3d65798,829ee37e-d343-4d04-b301-9b28e3c34115,442a5d1b-3bc6-47dd-8480-444411c4b04f,2025-08-19T11:30:00,Dengue (Dandashthaka Jwara),"Papaya leaf, Guduchi","Bed rest, Shavasana","Cool, light foods. Avoid spicy and fermented. Sweet, bitter, astringent.",6,56,Improved
86c786a9-c519-43af-9849-92699af5a230,19dd4f5c-d541-4af3-9939-948007f8ee11,d0dfd5f5-8990-4df4-b66f-c7e8d07aa06a,2025-08-11T10:15:00,Fever (Jwara),"Sudarshan Churna, Guduchi",Shavasana,"Cool, light foods. Avoid spicy and fermented. Sweet, bitter, astringent.",11,45,Improved
8af18ab6-3330-40aa-ba72-cc1fc8b7c303,92aa69d8-ae85-4a34-8377-635d97bb1551,1081fe44-7296-475d-9540-a595654abb4d,2025-08-26T08:45:00,Fever (Jwara),"Sudarshan Churna, Guduchi",Shavasana,"Cool, light foods. Avoid spicy and fermented. Sweet, bitter, astringent.",14,74,Under Treatment
7c404929-b0d1-45d8-9d3e-f6888b71acf0,f881449d-440b-40b4-800a-69f2146a47b3,fb4a675c-f17d-4efb-8939-fa2aa8912264,2025-08-20T16:00:00,Dengue (Dandashthaka Jwara),"Papaya leaf, Guduchi","Bed rest, Shavasana","Cool, light foods. Avoid spicy and fermented. Sweet, bitter, astringent.",10,40,Improved
8941a8d3-8448-4b29-bc16-6c296b57ced7,806ca4d6-2b2d-4cb2-be9a-2515a1e864d3,2a2faf24-f90f-45c6-bb47-7eeff1d2ebdc,2025-08-31T10:30:00,Fever (Jwara),"Sudarshan Churna, Guduchi",Shavasana,"Cool, light foods. Avoid spicy and fermented. Sweet, bitter, astringent.",14,80,Improved
dd0f81ca-b655-486b-ae6e-6642da6c866e,cd1ac773-4b49-4e76-8657-0099a1661789,04dacd39-5ebd-4abd-ba4e-30ad1d648e91,2025-08-02T17:15:00,Malaria (Vishama Jwara),"Sudarshan Churna, Guduchi",Shavasana,"Cool, light foods. Avoid spicy and fermented. Sweet, bitter, astringent.",13,45,Improved
18a6c247-321e-4d7d-aed7-ebf15dcfafbd,5814e1dc-d0e2-4f4d-98ca-44720ea1c7f5,851778e7-f202-4231-8a84-ae1f44c1c51e,2025-08-30T17:15:00,Fever (Jwara),"Sudarshan Churna, Guduchi",Shavasana,"Cool, light foods. Avoid spicy and fermented. Sweet, bitter, astringent.",14,73,Significantly Improved
44b3f69a-2dda-44ce-a1cb-12c428c20dbf,785b9d7f-7d8b-40d6-8917-25f3954d63be,7824369d-ebf5-4383-9480-9258e11f5bc3,2025-08-08T10:30:00,Malaria (Vishama Jwara),"Sudarshan Churna, Guduchi",Shavasana,"Cool, light foods. Avoid spicy and fermented. Sweet, bitter, astringent.",15,82,Significantly Improved
d9639488-0187-4f0e-9739-f88afd45eecf,3e34aacc-e9f0-4706-a3b3-e518d3b39877,56e81645-381d-4e23-9828-afefcb4cb8b9,2025-08-08T10:00:00,Fever (Jwara),"Sudarshan Churna, Guduchi",Shavasana,"Cool, light foods. Avoid spicy and fermented. Sweet, bitter, astringent.",7,73,Significantly Improved
67ad3b27-4469-4f20-93fb-f4511a401109,c93b4586-7c6e-4e7c-a468-e25f23527270,35a04ca3-a52c-4871-9b34-087c067173e7,2025-08-29T10:15:00,Dengue (Dandashthaka Jwara),"Papaya leaf, Guduchi","Bed rest, Shavasana","Cool, light foods. Avoid spicy and fermented. Sweet, bitter, astringent.",7,63,Stable
73295208-1786-4a8e-8487-73bfc362d071,8b08ffa4-3da5-4348-a84b-405c58ba4ab7,b2d68fe2-f025-41a9-a1e9-35d5127f1a95,2025-08-09T15:15:00,Dengue (Dandashthaka Jwara),"Papaya leaf, Guduchi","Bed rest, Shavasana","Cool, light foods. Avoid spicy and fermented. Sweet, bitter, astringent.",6,48,Stable
44efc9ba-9b43-41c6-a8c5-8dbd9c7dab22,d86aac54-f472-4863-b75f-da024a0445c4,db006e19-77be-4146-8386-18496a9d83e2,2025-08-04T10:45:00,Dengue (Dandashthaka Jwara),"Papaya leaf, Guduchi","Bed rest, Shavasana","Cool, light foods. Avoid spicy and fermented. Sweet, bitter, astringent.",10,43,Stable
637fedf6-2491-4d7f-8beb-b32a6a616592,256ca4a8-0cdf-4ad6-977e-4454c9605a71,69969ea9-3891-4d01-bfe7-c76ca7bfa760,2025-08-28T13:30:00,Fever (Jwara),"Sudarshan Churna, Guduchi",Shavasana,"Cool, light foods. Avoid spicy and fermented. Sweet, bitter, astringent.",6,72,Stable
be8c5128-e2a8-4a2f-b05b-2898e589f622,25b33d1e-384d-426f-85d8-6013c2a5dbb4,8f5830f4-098c-4ac6-94ba-63e256cbe575,2025-08-07T16:00:00,Malaria (Vishama Jwara),"Sudarshan Churna, Guduchi",Shavasana,"Cool, light foods. Avoid spicy and fermented. Sweet, bitter, astringent.",11,49,Significantly Improved
c0835a30-007b-4fa3-81ea-344860772374,b5a20d52-826a-404a-98f2-1c7cc74afc03,3d495b29-63cc-4d36-976b-34f59700b254,2025-08-23T16:30:00,Dengue (Dandashthaka Jwara),"Papaya leaf, Guduchi","Bed rest, Shavasana","Cool, light foods. Avoid spicy and fermented. Sweet, bitter, astringent.",16,63,Significantly Improved
099fa141-b2b0-4222-97a3-dea62f113f52,8a0e1d5d-892e-434b-be04-bd0daf9dbb15,ccc95566-e081-4b3a-a609-2f7bbca58826,2025-08-19T15:15:00,Fever (Jwara),"Sudarshan Churna, Guduchi",Shavasana,"Cool, light foods. Avoid spicy and fermented. Sweet, bitter, astringent.",7,47,Improved
38e658fa-e52f-4487-b823-af5acf2f0d5b,d1117b7d-b826-49ba-a204-890faeac4230,713d358c-f805-44e6-90b6-f6cc91f4ab52,2025-08-08T10:45:00,Dengue (Dandashthaka Jwara),"Papaya leaf, Guduchi","Bed rest, Shavasana","Cool, light foods. Avoid spicy and fermented. Sweet, bitter, astringent.",16,77,Under Treatment
4fc5014b-4f9e-4221-8d8d-2e70faed931b,022858d9-cc53-4068-8aab-09925dbcc4c6,2408dcf3-373a-49dd-aca2-d1052559c56e,2025-08-17T18:30:00,Dengue (Dandashthaka Jwara),"Papaya leaf, Guduchi","Bed rest, Shavasana","Cool, light foods. Avoid spicy and fermented. Sweet, bitter, astringent.",12,81,Under Treatment
437970b4-fc2e-4a5c-8958-daf3c4916646,5d88a728-570d-4b0f-a63b-28efe8390b13,eaffbdb2-09cd-4fc3-8764-e6b06939fa1f,2025-08-28T15:30:00,Dengue (Dandashthaka Jwara),"Papaya leaf, Guduchi","Bed rest, Shavasana","Cool, light foods. Avoid spicy and fermented. Sweet, bitter, astringent.",7,59,Under Treatment
af4cd40e-89f4-45cf-9495-ef5f72be764c,5f050a4d-2240-4de3-86ad-cf19f243d441,dc229641-89a9-4b5a-b9b9-bee8cb6daa5f,2025-08-05T17:00:00,Dengue (Dandashthaka Jwara),"Papaya leaf, Guduchi","Bed rest, Shavasana","Cool, light foods. Avoid spicy and fermented. Sweet, bitter, astringent.",7,76,Significantly Improved
735c67a5-977f-4d0d-aa8c-73db7d5202bd,fddd652b-0e02-426b-bb0d-2a92f9a6f39d,d7b50402-24dd-4074-8652-dea66d2bafad,2025-08-14T15:45:00,Indigestion (Ajirna),"Trikatu, Ginger",Vajrasana,"Warm, oily foods. Avoid cold and dry. Sweet, sour, salty taste.",2,80,Improved
e55df37b-e207-4187-b40f-02441d874970,ee8a5344-5c59-46af-bbc4-14de251c5771,38fbd3e5-8ede-4b31-82a9-0fb919f99a6e,2025-08-16T17:45:00,Fever (Jwara),"Sudarshan Churna, Guduchi",Shavasana,"Cool, light foods. Avoid spicy and fermented. Sweet, bitter, astringent.",12,54,Significantly Improved
c120c0f0-7e9e-436c-82ed-1bdd3f9ff327,57ac687b-cfd1-4c26-a6ef-9ef9784fe7c1,8a944868-076b-429d-bfb7-db6a0323c3ce,2025-08-24T11:30:00,Diarrhea (Atisara),"Bilva, Kutaj",Pawanmuktasana,"Cool, light foods. Avoid spicy and fermented. Sweet, bitter, astringent.",3,70,Under Treatment
d159aaaa-3e8a-440a-86ca-5ac0876094de,ae306701-4121-4429-9755-8aa83694a025,21d07305-d611-4445-a38a-11e35e8614ce,2025-08-18T08:00:00,Malaria (Vishama Jwara),"Sudarshan Churna, Guduchi",Shavasana,"Cool, light foods. Avoid spicy and fermented. Sweet, bitter, astringent.",9,58,Significantly Improved
6395577e-e029-4f40-a7d8-b6ccd2954df2,b6ce1286-8f7d-41b3-8052-46b15da0f482,46a93ed1-76cd-42eb-b791-39b3b220581d,2025-08-26T10:30:00,Indigestion (Ajirna),"Trikatu, Ginger",Vajrasana,"Warm, oily foods. Avoid cold and dry. Sweet, sour, salty taste.",1,54,Improved
f4067506-da18-4011-a3a1-7217b706c82a,b5a20d52-826a-404a-98f2-1c7cc74afc03,2790f0f3-7225-44b3-9753-5859f7b3a380,2025-08-29T18:00:00,Malaria (Vishama Jwara),"Sudarshan Churna, Guduchi",Shavasana,"Cool, light foods. Avoid spicy and fermented. Sweet, bitter, astringent.",8,85,Under Treatment
e4b62c68-eb59-45f8-af4a-fa4320e4fd3f,ba6b11df-f10b-4b84-b644-570db0900c82,f724e411-9747-43cf-9329-ad15e08ef4cd,2025-08-10T09:30:00,Dengue (Dandashthaka Jwara),"Papaya leaf, Guduchi","Bed rest, Shavasana","Cool, light foods. Avoid spicy and fermented. Sweet, bitter, astringent.",15,80,Significantly Improved
05be16fe-3c3c-43a2-883c-2642a0e492f5,d8409afe-4d08-4f6a-a5f3-83e9df67ff3b,dc8825d2-e682-45f4-92c1-b5fd6a33f626,2025-08-07T13:30:00,Diarrhea (Atisara),"Bilva, Kutaj",Pawanmuktasana,"Cool, light foods. Avoid spicy and fermented. Sweet, bitter, astringent.",4,55,Significantly Improved
ea7eb5f2-02e6-4918-8224-f46e6affabb1,b6ce1286-8f7d-41b3-8052-46b15da0f482,a74d980b-fd4a-436b-ae35-8de3989335fe,2025-08-15T15:00:00,Fever (Jwara),"Sudarshan Churna, Guduchi",Shavasana,"Cool, light foods. Avoid spicy and fermented. Sweet, bitter, astringent.",6,89,Recovered
4c5f7204-ff99-4a1a-b623-41c12f2a4142,d86aac54-f472-4863-b75f-da024a0445c4,570163b5-0797-46a8-9e24-33cd3310b8a3,2025-08-08T13:00:00,Malaria (Vishama Jwara),"Sudarshan Churna, Guduchi",Shavasana,"Cool, light foods. Avoid spicy and fermented. Sweet, bitter, astringent.",15,42,Improved
9ff53ed4-d189-47b5-b0e2-ad9797fd8655,236bd531-011b-4496-b852-939257e25773,3dff1709-e3e6-476f-859e-6f7e4fd0f4e1,2025-08-02T18:30:00,Fever (Jwara),"Sudarshan Churna, Guduchi",Shavasana,"Cool, light foods. Avoid spicy and fermented. Sweet, bitter, astringent.",13,85,Improved
acc5609f-47d4-4774-a86d-fb55f79f4de3,45a0893e-dabe-47bd-ae94-baa22ecb5e87,60af8b52-4eb8-4e23-a46e-c8180c7b8312,2025-08-29T10:15:00,Dengue (Dandashthaka Jwara),"Papaya leaf, Guduchi","Bed rest, Shavasana","Cool, light foods. Avoid spicy and fermented. Sweet, bitter, astringent.",15,87,Improved
231974b3-cc62-442f-8b55-f6defa573dd8,461ccfbd-7928-41e0-bc74-54e39824d9a7,573e8f78-113a-450c-a03a-05c81431dd9a,2025-08-27T17:15:00,Dengue (Dandashthaka Jwara),"Papaya leaf, Guduchi","Bed rest, Shavasana","Cool, light foods. Avoid spicy and fermented. Sweet, bitter, astringent.",16,41,Significantly Improved
0e2da929-0b24-4b79-a230-d1d5289f6d2c,be9fa21a-efcd-4e4d-81a1-18296d7861e8,4b01bd1e-e744-4ff0-8528-4945f5bb8670,2025-08-21T10:30:00,Malaria (Vishama Jwara),"Sudarshan Churna, Guduchi",Shavasana,"Cool, light foods. Avoid spicy and fermented. Sweet, bitter, astringent.",9,55,Improved
b87556b1-4c96-4abb-8ad7-de4a9d1c6334,05c5d18d-77f0-4ca4-b2cb-7190f17e2181,8a74fde4-c0ed-4699-8af4-d161119e804d,2025-08-09T11:15:00,Fever (Jwara),"Sudarshan Churna, Guduchi",Shavasana,"Cool, light foods. Avoid spicy and fermented. Sweet, bitter, astringent.",10,49,Improved
a25a4582-ac07-4cdb-b47f-9dfdb8c1c5eb,5f486f2c-66a3-4f11-9cd8-3a64bac4e545,a91bac39-9ad4-4c85-ab0f-6969302c68d5,2025-08-18T13:15:00,Dengue (Dandashthaka Jwara),"Papaya leaf, Guduchi","Bed rest, Shavasana","Cool, light foods. Avoid spicy and fermented. Sweet, bitter, astringent.",6,42,Stable
977b773e-60df-4543-af0b-fcdd490fbcf5,3b8fba31-663e-45b0-9e52-ecff95b0753b,3ac811fb-2615-4f9a-81c3-fb21c4f003ef,2025-08-26T13:00:00,Dengue (Dandashthaka Jwara),"Papaya leaf, Guduchi","Bed rest, Shavasana","Cool, light foods. Avoid spicy and fermented. Sweet, bitter, astringent.",7,60,Under Treatment
cef34cec-5ea9-4e29-821e-91281be49cd5,1e21e5fa-563d-446e-95f8-a369e03ffefb,49b7a57b-9ed0-45b9-9db5-629fbdc35c8c,2025-08-31T08:30:00,Dengue (Dandashthaka Jwara),"Papaya leaf, Guduchi","Bed rest, Shavasana","Cool, light foods. Avoid spicy and fermented. Sweet, bitter, astringent.",16,65,Improved
f23c0908-bdd3-43f3-beb0-6961d5f9b2e7,c6dfcad8-0bc5-42a5-a9a9-11b726e64b66,8af4babf-e83b-43ea-940c-acf81f8b40b5,2025-08-12T13:00:00,Diarrhea (Atisara),"Bilva, Kutaj",Pawanmuktasana,"Cool, light foods. Avoid spicy and fermented. Sweet, bitter, astringent.",7,44,Improved
8388cad0-7fa7-4a56-bb3d-d0eace11405d,15a49ab9-d04c-4a40-98d8-de6506297e69,8935c0f5-1c31-4be4-821f-bafd4ce1d190,2025-08-28T13:15:00,Malaria (Vishama Jwara),"Sudarshan Churna, Guduchi",Shavasana,"Cool, light foods. Avoid spicy and fermented. Sweet, bitter, astringent.",10,95,Stable
ef3b429a-2f23-43fd-b679-591e3962d30f,f68a4b14-46bc-4566-ba9e-6a61ad229b86,124f45ce-c162-49e2-9510-445700c81c25,2025-08-23T13:45:00,Fever (Jwara),"Sudarshan Churna, Guduchi",Shavasana,"Cool, light foods. Avoid spicy and fermented. Sweet, bitter, astringent.",9,80,Under Treatment
40741fd6-e370-4464-8560-0c4f7304fb46,c98d9525-5790-4c35-8d42-af901e41cee7,660d60a1-6389-441b-8a94-62e33b44dc30,2025-08-25T09:45:00,Dengue (Dandashthaka Jwara),"Papaya leaf, Guduchi","Bed rest, Shavasana","Cool, light foods. Avoid spicy and fermented. Sweet, bitter, astringent.",16,85,Improved
e57f385c-a48a-488c-97be-d1968ab6f216,02bfaedc-0b49-4b81-9cab-de576f27cf9b,5296eb84-b94e-4e46-8e06-88df12a4cdfd,2025-08-25T15:45:00,Dengue (Dandashthaka Jwara),"Papaya leaf, Guduchi","Bed rest, Shavasana","Cool, light foods. Avoid spicy and fermented. Sweet, bitter, astringent.",10,78,Under Treatment
0514f61e-af26-4f9c-81e6-732d833146d9,831377bd-c805-4dc2-8ad9-463f41aaa542,ca4fb362-42cf-4fb6-a60c-bde7cc88fbee,2025-08-13T15:45:00,Malaria (Vishama Jwara),"Sudarshan Churna, Guduchi",Shavasana,"Cool, light foods. Avoid spicy and fermented. Sweet, bitter, astringent.",16,67,Under Treatment
29f631c5-c8c0-4928-8431-48e3ac89400e,92f8cdae-cf48-466a-af51-a5305a3e2151,22004fa7-a857-4291-8097-4b3823fea592,2025-08-02T08:00:00,Indigestion (Ajirna),"Trikatu, Ginger",Vajrasana,"Warm, oily foods. Avoid cold and dry. Sweet, sour, salty taste.",2,78,Under Treatment
29c431bb-6e36-4c14-ba3f-8698660519c3,65428551-34a8-4aee-b697-5a7143551ac9,7f60a599-d342-4866-b738-46966e0803ed,2025-08-18T16:15:00,Diarrhea (Atisara),"Bilva, Kutaj",Pawanmuktasana,"Cool, light foods. Avoid spicy and fermented. Sweet, bitter, astringent.",8,75,Improved
e3eb0bc1-6e9c-44d2-b279-e7540623942f,905be3a3-b1cd-47bd-b340-895f43f17ec0,b73dca7a-db8e-4376-b187-991087d00a2e,2025-08-17T13:00:00,Fever (Jwara),"Sudarshan Churna, Guduchi",Shavasana,"Cool, light foods. Avoid spicy and fermented. Sweet, bitter, astringent.",12,62,Significantly Improved
d6718557-5b69-49e7-8bd4-587dbbacd0f4,3da22f31-c409-48ac-b0b8-b418d1d428c6,4e36c553-5996-4e78-8806-903b4d8ea1db,2025-08-24T16:15:00,Dengue (Dandashthaka Jwara),"Papaya leaf, Guduchi","Bed rest, Shavasana","Cool, light foods. Avoid spicy and fermented. Sweet, bitter, astringent.",6,49,Significantly Improved
ed5382cc-0dbd-48ef-9891-641d3871ff0b,aa15fab5-3ec4-43e0-8861-ea6a4a239468,d5fcad0f-f9af-4d46-950e-70f7c373e96d,2025-08-30T09:30:00,Malaria (Vishama Jwara),"Sudarshan Churna, Guduchi",Shavasana,"Cool, light foods. Avoid spicy and fermented. Sweet, bitter, astringent.",13,58,Significantly Improved
b4b2d602-534b-45cb-9f4e-afbef307a733,1602ef2e-0031-469b-9a7f-6b4ad32085b6,b70b88c0-1327-462e-aa1b-ce8f6b1b79e5,2025-08-22T08:15:00,Malaria (Vishama Jwara),"Sudarshan Churna, Guduchi",Shavasana,"Cool, light foods. Avoid spicy and fermented. Sweet, bitter, astringent.",13,77,Improved
cdfefbab-e256-4635-b751-1f93ba23baee,7561127b-05e2-43a8-b90f-290dcd643e62,a081f8ed-36c2-44db-9f2b-31d4e1e88cb9,2025-08-19T11:45:00,Dengue (Dandashthaka Jwara),"Papaya leaf, Guduchi","Bed rest, Shavasana","Cool, light foods. Avoid spicy and fermented. Sweet, bitter, astringent.",12,42,Significantly Improved
76307dad-a5ae-4129-8ea0-fd8b972db4de,2b000529-c39a-466f-8e6b-8fbf79337cf9,e981f388-6e70-48e3-8bea-53131b18e32b,2025-08-14T09:30:00,Malaria (Vishama Jwara),"Sudarshan Churna, Guduchi",Shavasana,"Cool, light foods. Avoid spicy and fermented. Sweet, bitter, astringent.",12,42,Stable
acade639-a796-4e03-8380-98a8f0133f4f,4509f805-7e61-4658-9f69-2b3d8206ae47,46bd2345-bac9-4b95-bdd0-37a15feac3ef,2025-08-13T12:15:00,Dengue (Dandashthaka Jwara),"Papaya leaf, Guduchi","Bed rest, Shavasana","Cool, light foods. Avoid spicy and fermented. Sweet, bitter, astringent.",6,53,Under Treatment
c3d83069-72c5-489d-9066-028745e7747c,d1cf9352-15bd-4106-8051-f0e95268a154,eac431a5-c87c-444d-99b4-46054e158c2c,2025-08-17T13:45:00,Dengue (Dandashthaka Jwara),"Papaya leaf, Guduchi","Bed rest, Shavasana","Cool, light foods. Avoid spicy and fermented. Sweet, bitter, astringent.",13,90,Improved
84792fdd-91de-4d0b-a969-7ece77b32244,fcee5e65-2a2a-4aa5-a030-c4ed9c3894de,9b1f6d4e-4eb1-476b-b4a7-5c55c74207b4,2025-08-16T16:45:00,Dengue (Dandashthaka Jwara),"Papaya leaf, Guduchi","Bed rest, Shavasana","Cool, light foods. Avoid spicy and fermented. Sweet, bitter, astringent.",7,70,Improved
b9c8ee03-ad1c-4ec2-a8d2-e528da6599c2,0af349d2-942f-45d5-9bc2-64345d05fbea,e16788b5-d112-4826-a6c3-34c201376085,2025-08-21T10:30:00,Dengue (Dandashthaka Jwara),"Papaya leaf, Guduchi","Bed rest, Shavasana","Cool, light foods. Avoid spicy and fermented. Sweet, bitter, astringent.",11,61,Recovered
0f59dcb4-85bc-4769-81d2-6b9340bf9c3f,92e32fac-d315-482c-af8e-ef0f587a8747,fd4ddd68-8ea2-442a-8b93-226d6f249a78,2025-08-22T18:15:00,Diarrhea (Atisara),"Bilva, Kutaj",Pawanmuktasana,"Cool, light foods. Avoid spicy and fermented. Sweet, bitter, astringent.",6,72,Significantly Improved
fbf2f78c-49b9-4fac-b3bc-25f3c6b56696,6129e829-2b57-4c53-b92e-0e6ae50ded4e,8c90dd48-3689-47a0-9cac-fc90264849fe,2025-08-07T11:30:00,Dengue (Dandashthaka Jwara),"Papaya leaf, Guduchi","Bed rest, Shavasana","Cool, light foods. Avoid spicy and fermented. Sweet, bitter, astringent.",6,45,Improved
07839474-4f82-4d0f-8333-c2c9febfc8bb,8707153e-3729-465e-b0fc-85d925e65aa9,743401bd-ef14-4ce5-a2ae-bd33244e45c1,2025-08-20T11:00:00,Diarrhea (Atisara),"Bilva, Kutaj",Pawanmuktasana,"Cool, light foods. Avoid spicy and fermented. Sweet, bitter, astringent.",5,76,Significantly Improved
2bd284a9-1488-477a-b48a-126147d5db09,5669592f-aef4-459e-a409-d6f5b51ee158,3b40bb2e-bfed-4dd7-b415-9ad301f27d5f,2025-08-13T16:45:00,Fever (Jwara),"Sudarshan Churna, Guduchi",Shavasana,"Cool, light foods. Avoid spicy and fermented. Sweet, bitter, astringent.",14,50,Stable
846816a4-afaf-4578-bdbe-0d78ae31efef,aec2efec-f3f5-41b2-9577-f1bc6f1bca95,e3f01cdb-c993-40d9-9b13-c11c5d797393,2025-08-20T08:00:00,Indigestion (Ajirna),"Trikatu, Ginger",Vajrasana,"Warm, oily foods. Avoid cold and dry. Sweet, sour, salty taste.",1,58,Improved
c291d637-1c6b-493a-ad2f-2b710530804a,c549a658-4581-40d1-b0a2-3b3070b94950,0d56bea0-a3fd-42a6-9ba3-a37a766ace79,2025-08-27T09:15:00,Fever (Jwara),"Sudarshan Churna, Guduchi",Shavasana,"Cool, light foods. Avoid spicy and fermented. Sweet, bitter, astringent.",14,92,Significantly Improved
39bdc8e7-c94a-4a18-83ea-873013632c6b,70a0cfb7-ee40-4a08-bd6e-4e011a012e73,da15fc0b-bff2-4420-a127-e597d038addf,2025-08-06T16:00:00,Indigestion (Ajirna),"Trikatu, Ginger",Vajrasana,"Warm, oily foods. Avoid cold and dry. Sweet, sour, salty taste.",2,91,Improved
1482d601-36bd-4888-ac0e-2cb2cb6250e6,3ce2ae1c-e79e-45a8-874a-e3e1d7b5ce42,4381c4eb-29f8-4e51-b60b-1a401d441ea9,2025-08-16T12:30:00,Dengue (Dandashthaka Jwara),"Papaya leaf, Guduchi","Bed rest, Shavasana","Cool, light foods. Avoid spicy and fermented. Sweet, bitter, astringent.",15,52,Significantly Improved
44d055a4-3674-4060-8066-9b094e0983c1,d3a42e34-143f-433d-b339-bd249843ad50,39da3720-dad7-426b-bbec-2dfffb9fb43f,2025-08-19T16:30:00,Fever (Jwara),"Sudarshan Churna, Guduchi",Shavasana,"Cool, light foods. Avoid spicy and fermented. Sweet, bitter, astringent.",8,56,Improved
c01cd22a-d918-445f-8efd-330944d5f6f1,0eb78130-992f-4dc9-9eb4-5405ddeb8065,58d2af25-befa-4ae2-bfba-d280f83d2b00,2025-08-06T09:15:00,Indigestion (Ajirna),"Trikatu, Ginger",Vajrasana,"Warm, oily foods. Avoid cold and dry. Sweet, sour, salty taste.",1,54,Under Treatment
e10a28e7-73d6-4216-a232-aee05059514c,fbdbd9c2-c61b-491a-b6cd-4d56a1ac14b0,2f2c1798-d29a-4a3e-96bb-3e13f819a04f,2025-08-05T18:45:00,Dengue (Dandashthaka Jwara),"Papaya leaf, Guduchi","Bed rest, Shavasana","Cool, light foods. Avoid spicy and fermented. Sweet, bitter, astringent.",7,82,Significantly Improved
3204d9ba-cc3a-4cfb-9695-f4ae4f84c8be,5b077a5a-6fe9-449a-b002-65fa60750bef,b3be8047-c5e6-4f8e-8e4d-ae38a3807b03,2025-08-14T09:00:00,Dengue (Dandashthaka Jwara),"Papaya leaf, Guduchi","Bed rest, Shavasana","Cool, light foods. Avoid spicy and fermented. Sweet, bitter, astringent.",8,64,Under Treatment
017a6c8f-0438-40d5-ab64-fd1f500842d2,ebcf1eab-c3a5-45b0-9b04-1d1a7b0a7c2b,a6f679f5-b16e-4156-bc02-b3a4419ebe80,2025-08-18T11:30:00,Fever (Jwara),"Sudarshan Churna, Guduchi",Shavasana,"Cool, light foods. Avoid spicy and fermented. Sweet, bitter, astringent.",10,52,Improved
fb9f5912-2089-4341-a12f-d4926dfc7cd5,c2bd62d4-1a44-40d8-8141-8e1efbfebfd1,a3ab7b3e-7c47-4745-8806-79b539ae0c28,2025-08-18T09:30:00,Indigestion (Ajirna),"Trikatu, Ginger",Vajrasana,"Warm, oily foods. Avoid cold and dry. Sweet, sour, salty taste.",2,47,Improved
40b4f078-9ad9-4180-b942-75763732248d,a380d836-e795-4f24-8593-5f7a891c14e2,6e3acb70-6263-4e36-b0b0-bc37ec8d7969,2025-08-14T16:30:00,Dengue (Dandashthaka Jwara),"Papaya leaf, Guduchi","Bed rest, Shavasana","Cool, light foods. Avoid spicy and fermented. Sweet, bitter, astringent.",10,64,Significantly Improved
696b7d96-22da-4f32-be6f-0676ce87341b,3ea89f94-59ec-477d-9e5f-8aaddc6e6e04,70b24704-94ab-4cd0-bd2b-51bdd925d732,2025-08-02T11:00:00,Pharyngitis (Galashotha),"Tulsi, Yashtimadhu",Bhramari Pranayama,"Light, dry, warm foods. Avoid heavy and oily. Pungent, bitter, astringent.",2,88,Improved
d4d23033-97c8-4f2b-958e-ca1311f7f7e5,f9e21173-1112-4f40-b874-349b656a8df2,f5bb4eba-4769-4588-a31a-7564a7134dd5,2025-08-02T12:00:00,Chikungunya (Sandhi Jwara),"Guduchi, Papaya leaf",Rest,"Cool, light foods. Avoid spicy and fermented. Sweet, bitter, astringent.",10,79,Improved
f9af7623-3fdf-430b-88ec-12d1d16471e5,919dd9fe-8727-4be0-b1d9-605ec59b16a6,87e7cbe6-0664-4792-91e3-323d3d2c4d2b,2025-08-08T17:30:00,Sciatica (Gridhrasi),"Nirgundi, Guggulu",Pawanmuktasana,"Warm, oily foods. Avoid cold and dry. Sweet, sour, salty taste.",6,64,Improved
8590fdba-e45e-4e7d-b494-ada9909db368,ea025677-cdc6-4561-9b4b-acf2a691b67e,c117fc18-3597-4779-b746-563bb8ad9852,2025-08-29T18:00:00,Conjunctivitis (Netra Abhishyanda),"Triphala eye wash, Rose water",Netra Vyayama,"Cool, light foods. Avoid spicy and fermented. Sweet, bitter, astringent.",2,45,Improved
73f6ea2c-9a50-45d0-a0d4-91f853fd64c8,d65f2d2d-1292-4806-944f-83f3098f056f,f80e5472-404c-4ef8-b492-577d05ab811f,2025-08-04T13:15:00,Stress (Manasika Tanava),"Ashwagandha, Brahmi",Shavasana,"Warm, oily foods. Avoid cold and dry. Sweet, sour, salty taste.",2,58,Significantly Improved
62fad2a3-a3c9-47f2-83ca-b3fd128d8564,0444f304-d2d5-4eef-9df4-4b38f0712c46,d2be8dd8-49ff-4dbb-916f-5f623316c649,2025-08-20T16:30:00,Cystitis (Mutrakrichra),"Gokshura, Punarnava",Baddha Konasana,"Warm, oily foods. Avoid cold and dry. Sweet, sour, salty taste.",3,55,Significantly Improved
c39cf6d4-209f-4ea0-a35f-c85468076b09,03bee406-a6c0-4dfb-b6e4-9f31eb880ec8,50a1ed2c-dd5f-4ca3-9399-eaaf974b6ff0,2025-08-01T09:45:00,Polycystic Kidney Disease (Vrikka Roga),"Punarnava, Gokshura",Gentle stretching,"Warm, oily foods. Avoid cold and dry. Sweet, sour, salty taste.",13,59,Significantly Improved
98e381b7-7bc0-4a13-9cd6-1aa51cfc0cc9,b7b3f2ca-7786-42cd-b1d9-c40140828041,c59f9107-a568-4cde-8414-9fafff44ff71,2025-08-04T09:45:00,Infertility (Vandhyatva),"Shatavari, Ashwagandha",Baddha Konasana,"Warm, oily foods. Avoid cold and dry. Sweet, sour, salty taste.",6,41,Improved
6a049fff-f8ca-4922-9f8b-b607277d185d,f5943915-4cea-43b8-84d3-254eacf72596,3aedd9eb-c9d8-479b-b6f9-c800dc0c18f2,2025-08-12T17:45:00,Psoriasis (Kitibha Kushtha),"Neem, Turmeric, Manjistha",Sheetali Pranayama,"Cool, light foods. Avoid spicy and fermented. Sweet, bitter, astringent.",9,59,Significantly Improved
a3922bb6-8f6e-4554-84ff-8ea695bb5a44,df2cf24b-adbd-4f50-b1b4-f23619cec2b6,2668f017-711e-4f84-98c8-69bcf4a64072,2025-08-30T15:00:00,Dandruff (Darunaka),"Neem, Aloe Vera, Bhringraj",Scalp massage,"Light, dry, warm foods. Avoid heavy and oily. Pungent, bitter, astringent.",3,88,Under Treatment
ac64f24a-8993-4d58-9aaa-f05daf42408e,db0de662-dbfb-4d5c-82a8-4c023a91c8a4,a3caee51-d68d-44be-8ab5-9d5e82824f75,2025-08-20T13:15:00,Tonsillitis (Tundikeri),"Sitopaladi Churna, Yashtimadhu",Jal Neti,"Light, dry, warm foods. Avoid heavy and oily. Pungent, bitter, astringent.",3,69,Stable
a15b2b75-05f3-4ccb-a898-194458588d8e,c0d5c8c9-3c2d-4bc9-a784-25abb9ed17be,d6e87a2c-7e5b-4d8a-9da2-4eb7d1b0126d,2025-08-24T10:30:00,Osteoporosis (Asthi Kshaya),"Ashwagandha, Guggulu, Shatavari",Tadasana,"Warm, oily foods. Avoid cold and dry. Sweet, sour, salty taste.",8,91,Significantly Improved
129d283c-cb97-4186-9a13-4c49fdcf17d3,6598fb6f-29d4-4b13-ad62-0f18e98871d0,d74b568f-738f-4a14-8ebf-62cc65d56bc9,2025-08-20T15:45:00,Acne (Yuvana Pidika),"Neem, Turmeric, Manjistha",Kapalbhati,"Cool, light foods. Avoid spicy and fermented. Sweet, bitter, astringent.",3,55,Significantly Improved
0482eb15-2511-4cd8-9950-8238b905d21c,e8fc7959-0c7d-4af4-a794-219eefc066e0,44f6928d-340a-4c7a-9413-482cf1cda704,2025-08-13T08:45:00,Gastritis (Urdhva Amlapitta),"Yashtimadhu, Amla",Vajrasana,"Cool, light foods. Avoid spicy and fermented. Sweet, bitter, astringent.",7,54,Improved
210f94a2-6b12-4773-b5d6-6a1cebfeae5e,bf741850-6488-4b26-ae22-4b833e9aee2a,fdcfe2bd-9bf3-437d-bfb1-a4bbb9e4c616,2025-08-05T08:45:00,Gastritis (Urdhva Amlapitta),"Yashtimadhu, Amla",Vajrasana,"Cool, light foods. Avoid spicy and fermented. Sweet, bitter, astringent.",7,63,Stable
5ae4bc86-46f2-48c2-bc22-9fc3120ecf9c,b6ce1286-8f7d-41b3-8052-46b15da0f482,48b54bfe-3ed7-4608-90fa-c2856171477e,2025-08-19T08:00:00,Gout (Vatarakta),"Guduchi, Triphala",Gentle stretching,"Cool, light foods. Avoid spicy and fermented. Sweet, bitter, astringent.",8,40,Under Treatment
34656669-6b21-4d62-9084-5661787d06cb,fbdbd9c2-c61b-491a-b6cd-4d56a1ac14b0,13835394-4ea5-40fd-94f9-aefe76c5ed5f,2025-08-26T09:45:00,Back Pain (Prishtha Shoola),"Guggulu, Ashwagandha",Bhujangasana,"Warm, oily foods. Avoid cold and dry. Sweet, sour, salty taste.",3,78,Significantly Improved
814ef62d-9016-4493-a142-372e056ab0e1,da99b674-4d79-4e03-8869-ecdcce4d9b81,e6c00f53-23dc-43be-a3bd-103833812d42,2025-08-21T09:00:00,Vitiligo (Shwitra),"Bakuchi, Neem, Manjistha",Sheetali Pranayama,"Cool, light foods. Avoid spicy and fermented. Sweet, bitter, astringent.",2,77,Improved
59076ed5-d9ca-48f9-a2c5-8713fd7cc82d,ef288a4a-96e6-4c3e-94f5-96bc406e0134,f36302cb-a240-449e-a67a-0191a7f4d4a6,2025-08-20T16:00:00,Gingivitis (Danta Vidradhi),"Triphala, Clove oil",Oil pulling,"Cool, light foods. Avoid spicy and fermented. Sweet, bitter, astringent.",6,75,Improved
4dcf48c9-45f9-41e4-bd6d-3b36e587ff6a,9d39dbb9-bc52-4d73-9cac-f2382b1f0eae,c7ed87ee-8c1b-4057-a7f6-e40bb4692be2,2025-08-26T17:00:00,Metabolic Syndrome (Santarpana Janya Vikara),"Triphala, Guggulu",Surya Namaskar,"Light, dry, warm foods. Avoid heavy and oily. Pungent, bitter, astringent.",3,52,Stable
ffcd06eb-a275-4588-b363-fc2c09199df0,184a4d1c-1311-401f-8313-623bcba5847d,d1c5ff64-09ae-453d-9f04-f02b6874d05e,2025-08-21T15:15:00,Tinnitus (Karnanada),"Brahmi, Ashwagandha",Bhramari Pranayama,"Warm, oily foods. Avoid cold and dry. Sweet, sour, salty taste.",2,78,Significantly Improved
b677a00c-fe7a-4ac3-94b1-00092ff79ee0,b04a2d73-1fa1-4be0-95bc-c1de06279db2,dcac8471-03c1-4f98-89c4-6a2105503650,2025-08-28T08:45:00,Gingivitis (Danta Vidradhi),"Triphala, Clove oil",Oil pulling,"Cool, light foods. Avoid spicy and fermented. Sweet, bitter, astringent.",1,64,Improved
568dd560-f67e-4201-9ded-3e8deae8ae4c,2e151f74-fbb2-4edd-83d4-c5b7c85791c5,f9afde78-0a6b-4294-ad54-b7fe85ace50a,2025-08-05T14:30:00,Chikungunya (Sandhi Jwara),"Guduchi, Papaya leaf",Rest,"Cool, light foods. Avoid spicy and fermented. Sweet, bitter, astringent.",8,72,Stable
e4c8181b-40e3-42ba-b825-0d56c3d35743,b56996c2-8d55-43ee-a273-08fb3b9a9e41,1e2e9bba-359d-458f-baf9-7cf0f2e499b0,2025-08-15T12:00:00,Anemia (Pandu Roga),"Punarnava, Loha Bhasma, Amla",Surya Namaskar,"Cool, light foods. Avoid spicy and fermented. Sweet, bitter, astringent.",1,76,Under Treatment
0a4d4b38-7f1d-43cc-b363-6bb1e5c08c7e,96e34006-b83d-4ed5-873a-ba11cd16085d,2d918e11-9873-4d46-a053-dd5ab8810d40,2025-08-05T18:45:00,Alopecia (Indralupta),"Bhringraj, Amla, Neem",Head massage,"Cool, light foods. Avoid spicy and fermented. Sweet, bitter, astringent.",4,77,Under Treatment
0c0d4fe8-8633-4711-826c-6826137784e3,dd6e8020-d86b-4d96-bd46-95f11d7b4265,6bfa6373-b8c8-452f-b78b-c20ae0a983fe,2025-08-29T13:15:00,Hypertension (Raktachaapa Vriddhi),"Arjuna, Sarpagandha, Ashwagandha","Shavasana, Anulom Vilom","Cool, light foods. Avoid spicy and fermented. Sweet, bitter, astringent.",10,57,Under Treatment
e333aff3-7963-48e9-a0ce-dcddaad237ec,b021bb1e-6e42-419a-bcff-6dacfc1a7d5c,c0d6af09-191d-4ce4-8985-ce3ab5d92f4c,2025-08-16T09:00:00,Conjunctivitis (Netra Abhishyanda),"Triphala eye wash, Rose water",Netra Vyayama,"Cool, light foods. Avoid spicy and fermented. Sweet, bitter, astringent.",4,78,Improved
304f8d15-7aba-4cbb-8684-9c1b5f4084e8,6b34d482-464b-4342-8047-567d9d38c122,370b95d1-cfc9-4980-923b-a279cb811a7a,2025-08-22T17:00:00,Goiter (Galaganda),Kanchanar Guggulu,Sarvangasana,"Light, dry, warm foods. Avoid heavy and oily. Pungent, bitter, astringent.",8,79,Stable
ead2da41-6437-42a6-b300-2549d26d3992,2080eba4-fd00-4c33-9228-ff92981a6306,2546aa17-740a-4c4b-bd1e-818beb0b5745,2025-08-22T12:45:00,Hypertension (Raktachaapa Vriddhi),"Arjuna, Sarpagandha, Ashwagandha","Shavasana, Anulom Vilom","Cool, light foods. Avoid spicy and fermented. Sweet, bitter, astringent.",4,86,Recovered
dce83038-5a61-4216-a7c9-6a89028e7cd9,b5baa886-12fe-4c5c-8151-6c2f72c3c2b1,8bcaad3d-bb19-4989-b824-66ac06397d6a,2025-08-09T16:00:00,Osteoporosis (Asthi Kshaya),"Ashwagandha, Guggulu, Shatavari",Tadasana,"Warm, oily foods. Avoid cold and dry. Sweet, sour, salty taste.",2,71,Improved
e038c7d8-070b-4ef4-b5fb-eb5ab546bbc5,47858567-6aac-44d7-9781-0cc941cbdfe4,c50be116-a896-41d8-ba81-438d107f7bdf,2025-08-19T13:45:00,Chikungunya (Sandhi Jwara),"Guduchi, Papaya leaf",Rest,"Cool, light foods. Avoid spicy and fermented. Sweet, bitter, astringent.",7,92,Under Treatment
4b649b2e-6c92-422b-9951-801f55ae3c92,938cff92-e5a8-4ae9-8423-235d185ac7e7,aa8d9c8c-7b7f-498f-a64e-5f3cccbe948e,2025-08-15T11:45:00,Frozen Shoulder (Avabahuka),"Nirgundi, Guggulu",Shoulder rotations,"Warm, oily foods. Avoid cold and dry. Sweet, sour, salty taste.",2,49,Recovered
f5c78c08-f240-4fdb-bef9-a5f55a8a8c5d,b7b3f2ca-7786-42cd-b1d9-c40140828041,7cd5abdd-bcd3-4e71-8017-7b8777f0d6a8,2025-08-06T16:30:00,Thyroid Disorder (Galaganda Vikara),"Ashwagandha, Guggulu, Kanchanar",Sarvangasana,"Warm, oily foods. Avoid cold and dry. Sweet, sour, salty taste.",4,74,Stable
963945ef-4b22-4a1c-9471-337f3aa1a5a0,b5baa886-12fe-4c5c-8151-6c2f72c3c2b1,d3823391-16d5-4958-aaae-6e89e9047ca9,2025-08-22T17:15:00,Back Pain (Prishtha Shoola),"Guggulu, Ashwagandha",Bhujangasana,"Warm, oily foods. Avoid cold and dry. Sweet, sour, salty taste.",7,93,Significantly Improved
c580cedd-58d6-422e-afae-4be241ee78b3,7765e897-4d14-423e-b0ec-e49d2287ba05,2e04059a-8486-4af7-8861-864a6feb9f6c,2025-08-03T18:45:00,Burnout (Chitta Klama),"Ashwagandha, Brahmi, Jatamansi",Yoga Nidra,"Warm, oily foods. Avoid cold and dry. Sweet, sour, salty taste.",2,51,Improved
9dc50bd1-7277-4e7e-97f0-e192a29d91d3,726a0544-9ef5-4fcc-a522-5ed2b32a0dd5,9c1a4a01-70f7-42a9-b866-d9fd5fe2d330,2025-08-18T10:45:00,Amebiasis (Pittaja Atisara),"Kutki, Triphala",Vajrasana,"Cool, light foods. Avoid spicy and fermented. Sweet, bitter, astringent.",3,71,Improved
a127f1f9-ec8a-42e1-a754-942c735e77ac,72b2881a-bcb0-4a20-84c1-3648ac2e2c49,ae2562da-7f8c-4ba3-94be-1aad20b5cae3,2025-09-05T13:30:00,Acidity (Amlapitta),"Shatavari, Licorice",Vajrasana,"Cool, light foods. Avoid spicy and fermented. Sweet, bitter, astringent.",8,45,Improved
02a64362-1ac2-42ee-bac3-dc4f98fe3a7c,693f23cc-b396-429b-b9d3-46f02c8637b4,0637f8ae-da28-48cb-9d7c-4f2be720c853,2025-09-17T12:15:00,Acidity (Amlapitta),"Shatavari, Licorice",Vajrasana,"Cool, light foods. Avoid spicy and fermented. Sweet, bitter, astringent.",4,40,Improved
0785bd72-c432-48cf-aad6-225a88e58051,0e355b07-5976-4177-bc19-cc009bc22b31,b4d16c62-8700-46a0-beb8-29891dd30f17,2025-09-05T18:15:00,Acidity (Amlapitta),"Shatavari, Licorice",Vajrasana,"Cool, light foods. Avoid spicy and fermented. Sweet, bitter, astringent.",8,92,Improved
28352fb3-6942-40b5-9cb5-13446f8446e7,01d1fa93-bd3f-44b0-b8a1-81b87e0e7564,497aa7fb-7d92-4ebd-a1be-09edd76504b6,2025-09-06T09:45:00,Acidity (Amlapitta),"Shatavari, Licorice",Vajrasana,"Cool, light foods. Avoid spicy and fermented. Sweet, bitter, astringent.",7,66,Stable
bc682c9d-0991-4644-8722-ec78b416db0a,19dd4f5c-d541-4af3-9939-948007f8ee11,8b9cbac7-1409-4a16-bb3d-5b7cd32d7052,2025-09-12T16:45:00,Fever (Jwara),"Sudarshan Churna, Tulsi",Shavasana,"Cool, light foods. Avoid spicy and fermented. Sweet, bitter, astringent.",3,56,Stable
a090fefd-0600-4d9a-81d9-368c8386bddd,5d88a728-570d-4b0f-a63b-28efe8390b13,5ef91933-f111-4620-8020-0703d381b263,2025-09-12T14:45:00,Dengue (Dandashthaka Jwara),"Papaya leaf, Guduchi",Shavasana,"Cool, light foods. Avoid spicy and fermented. Sweet, bitter, astringent.",6,58,Improved
ccc0e5d3-07dc-46e7-9fff-e5b362591cc6,fbd6a056-a2ca-4b7e-bf5e-fba558452aa6,c8b8855f-2de8-40ab-83c7-084f74da04cd,2025-09-03T14:30:00,Diarrhea (Atisara),"Bilva, Kutaj",Pawanmuktasana,"Cool, light foods. Avoid spicy and fermented. Sweet, bitter, astringent.",2,48,Improved
125a9bb0-8281-40b5-9ba0-f2ba3d370e43,e233cc94-8c91-4284-b394-aabbbc20ed73,a53ab376-a99f-4020-b0fd-a4781679789f,2025-09-25T18:45:00,Dengue (Dandashthaka Jwara),"Papaya leaf, Guduchi",Shavasana,"Cool, light foods. Avoid spicy and fermented. Sweet, bitter, astringent.",7,52,Significantly Improved
3b5dca64-dc62-44bf-bce6-9a42eb6c07d1,4b8eae49-83ec-44b2-b597-3655b945c1f1,194bf11e-5f52-43fb-8ec1-fe6d4ebf31dc,2025-09-11T11:15:00,Diarrhea (Atisara),"Bilva, Kutaj",Pawanmuktasana,"Cool, light foods. Avoid spicy and fermented. Sweet, bitter, astringent.",3,52,Improved
0ab6ad2d-bf4b-4bee-bedf-6b162e670716,8fc7efec-f525-4ece-94f6-0f21afc8d133,44cb151b-dfbe-43ea-aaaa-458d097b181b,2025-09-11T12:00:00,Acidity (Amlapitta),"Shatavari, Licorice",Vajrasana,"Cool, light foods. Avoid spicy and fermented. Sweet, bitter, astringent.",5,61,Recovered
7204bd51-58ba-4bfc-8af9-f5cfa72a9aef,b6700f93-77b3-472a-99d1-0f5aa02f4a8c,20c6d45a-f29b-4737-b252-b2d8c479d047,2025-09-04T13:15:00,Dengue (Dandashthaka Jwara),"Papaya leaf, Guduchi",Shavasana,"Cool, light foods. Avoid spicy and fermented. Sweet, bitter, astringent.",16,69,Under Treatment
945fd8fe-f2ec-415d-8ab9-89e855a61bef,493ce533-a40e-41da-b998-80990e815203,4fad2186-6bd0-46c6-b768-09f291940594,2025-09-12T11:00:00,Skin Disorder (Kushtha),"Neem, Manjistha",Viparita Karani,"Cool, light foods. Avoid spicy and fermented. Sweet, bitter, astringent.",7,41,Recovered
c245b61c-12cf-4134-968d-525b0ca5de89,d8409afe-4d08-4f6a-a5f3-83e9df67ff3b,7bb9d0c0-d51c-4514-aeb2-d58584f7ce20,2025-09-16T17:45:00,Skin Disorder (Kushtha),"Neem, Manjistha",Viparita Karani,"Cool, light foods. Avoid spicy and fermented. Sweet, bitter, astringent.",6,48,Improved
93a00f6b-2212-4eeb-b814-e0bcb28d96fe,61e13cea-61ab-4d3b-9aed-773ece96fa27,cd3f90ab-76c5-4109-8d74-02260ab7bf2c,2025-09-29T13:30:00,Eye Disorder (Netra Roga),"Triphala, Shatavari",Trataka,"Cool, light foods. Avoid spicy and fermented. Sweet, bitter, astringent.",2,90,Stable
a809231e-2128-4e2c-915e-bb1f52f8ba43,fd38fd08-0888-49fe-a87d-1e8a5ceac484,57ecf6cf-de24-4f0a-b682-de6783674716,2025-09-15T17:00:00,Acidity (Amlapitta),"Shatavari, Licorice",Vajrasana,"Cool, light foods. Avoid spicy and fermented. Sweet, bitter, astringent.",6,85,Improved
a8c93f25-0b2b-4b9a-b6b4-1943aa9b2b6a,897987e2-558c-43d7-b337-52921e51c6af,eecee146-d690-4d1e-a4b4-74c859487b3b,2025-09-26T13:00:00,Eye Disorder (Netra Roga),"Triphala, Shatavari",Trataka,"Cool, light foods. Avoid spicy and fermented. Sweet, bitter, astringent.",2,94,Improved
600aa72e-9d0f-49ed-ba14-7c4328b008e6,7fe7668f-ef3d-4bc2-8b4b-183240e39098,608d29bb-079a-4450-bc1b-44f1ce9cbbc8,2025-09-23T13:15:00,Dengue (Dandashthaka Jwara),"Papaya leaf, Guduchi",Shavasana,"Cool, light foods. Avoid spicy and fermented. Sweet, bitter, astringent.",12,89,Improved
327c85ad-903c-40a4-9140-95b159f144ec,4f048eaf-3e00-4fad-a583-8453c8594b6b,c162bb54-2258-4752-a2d3-6c7941a5779d,2025-09-14T18:00:00,Eye Disorder (Netra Roga),"Triphala, Shatavari",Trataka,"Cool, light foods. Avoid spicy and fermented. Sweet, bitter, astringent.",3,86,Improved
9b90ab06-b5d4-45af-9ac7-bf31787c34ac,e726f11b-11bb-4f80-87b3-c554a5e81cee,df8c6724-2fb9-4b9b-b6c3-d83ddb05b1bb,2025-09-12T09:00:00,Fever (Jwara),"Sudarshan Churna, Tulsi",Shavasana,"Cool, light foods. Avoid spicy and fermented. Sweet, bitter, astringent.",7,95,Stable
deef6f9b-47fa-43fc-8483-f7be9b957f0a,fbdbd9c2-c61b-491a-b6cd-4d56a1ac14b0,35914d13-d6aa-4346-b737-227be8a103d7,2025-09-12T08:15:00,Acidity (Amlapitta),"Shatavari, Licorice",Vajrasana,"Cool, light foods. Avoid spicy and fermented. Sweet, bitter, astringent.",6,93,Improved
eaf023b5-92e4-4474-aa24-77e3f4bd4b67,094db29e-90a4-4da0-b3c1-9dc7c1041600,57bd2394-a737-4ae8-9ae3-16d1fbee832f,2025-09-26T16:45:00,Diarrhea (Atisara),"Bilva, Kutaj",Pawanmuktasana,"Cool, light foods. Avoid spicy and fermented. Sweet, bitter, astringent.",1,69,Significantly Improved
8a0ec6bc-aa86-4d22-9585-06304e6582e9,dd9f868e-94ed-4d40-bd6a-72521f13f9b0,39e70cb4-aa94-44ba-b061-5ddf26e615fc,2025-09-01T08:45:00,Diarrhea (Atisara),"Bilva, Kutaj",Pawanmuktasana,"Cool, light foods. Avoid spicy and fermented. Sweet, bitter, astringent.",3,94,Improved
c7b5cf2e-e254-4a8d-bc4c-33a48c7290c1,5d2a3a2d-a56d-4dd4-9fd6-13626df1bbec,1dd84706-fa11-4dcf-a9c4-9f2f4f63c5ad,2025-09-20T12:30:00,Diarrhea (Atisara),"Bilva, Kutaj",Pawanmuktasana,"Cool, light foods. Avoid spicy and fermented. Sweet, bitter, astringent.",1,50,Improved
6c8f8681-6cce-45e3-80d8-4faeaaab25a9,9a019980-cab9-41b9-9e34-9c900834d9b8,5fc90a70-596e-4869-b5e1-a465b7600bbe,2025-09-20T12:45:00,Acidity (Amlapitta),"Shatavari, Licorice",Vajrasana,"Cool, light foods. Avoid spicy and fermented. Sweet, bitter, astringent.",3,86,Under Treatment
019ff3a5-0105-4095-ae95-8102403379ea,a2d93dcf-4ebc-43f7-91fe-86fc2ed3431f,f04c6af0-5d32-41d7-84e5-e830c539d9d4,2025-09-06T17:30:00,Diarrhea (Atisara),"Bilva, Kutaj",Pawanmuktasana,"Cool, light foods. Avoid spicy and fermented. Sweet, bitter, astringent.",3,91,Recovered
606106cf-5164-4993-bf16-211e78429945,b9b2ef83-b99f-4e76-a2ab-5d183eebf521,3916c20a-e390-4155-a325-7a4b189b0dc4,2025-09-16T11:45:00,Acidity (Amlapitta),"Shatavari, Licorice",Vajrasana,"Cool, light foods. Avoid spicy and fermented. Sweet, bitter, astringent.",7,59,Improved
9a715dc1-9cc5-405c-8425-777f85cf4dd9,1f2497b9-e133-4306-9fc4-af604096d6ef,0675507e-2ad6-40c3-a441-1a22929946fa,2025-09-29T11:00:00,Fever (Jwara),"Sudarshan Churna, Tulsi",Shavasana,"Cool, light foods. Avoid spicy and fermented. Sweet, bitter, astringent.",8,69,Recovered
67c79eb9-1577-464e-979c-32255a518d78,887c2549-d782-46e3-864c-ebfe36d81f69,0ed26b1c-b176-46e6-839b-7846ef1ffdf6,2025-09-26T13:00:00,Diarrhea (Atisara),"Bilva, Kutaj",Pawanmuktasana,"Cool, light foods. Avoid spicy and fermented. Sweet, bitter, astringent.",1,77,Significantly Improved
c6d61f54-213f-4f9b-8fbe-ca6bb73b32ce,e6205465-cf51-49a7-aecf-7e8e67bdcfe5,819f3229-a5b0-4a5a-a303-dec99396a8e3,2025-09-16T12:00:00,Diarrhea (Atisara),"Bilva, Kutaj",Pawanmuktasana,"Cool, light foods. Avoid spicy and fermented. Sweet, bitter, astringent.",1,48,Improved
59c9a6eb-866a-462a-b270-d32640e8c929,a761cbf3-df21-4c28-9534-bc3dc2ee0a26,7db7d8b5-c4e6-40a1-b7b0-bd8ca56e753d,2025-09-07T10:45:00,Diarrhea (Atisara),"Bilva, Kutaj",Pawanmuktasana,"Cool, light foods. Avoid spicy and fermented. Sweet, bitter, astringent.",1,85,Improved
5a74c322-763c-4119-a495-8584523e315f,fceb3277-55c1-4e8c-a70e-e6dbb57d54f8,2a1c8c7d-afb8-45d7-a5a9-1456187105dd,2025-09-08T08:15:00,Fever (Jwara),"Sudarshan Churna, Tulsi",Shavasana,"Cool, light foods. Avoid spicy and fermented. Sweet, bitter, astringent.",4,58,Improved
4983e1ff-52b0-416c-8ad0-f5c9ccf60600,40b5a9ae-90a4-4f6c-a098-b31928f94be8,bd66f76b-4110-45e8-a83c-8593e1a86953,2025-09-08T13:30:00,Dengue (Dandashthaka Jwara),"Papaya leaf, Guduchi",Shavasana,"Cool, light foods. Avoid spicy and fermented. Sweet, bitter, astringent.",6,66,Significantly Improved
69f7e4d2-b025-4f1c-af28-bd6cad771692,fb8f5ee9-eb28-49ae-9b13-1a79bfbe6552,0a3924d6-c931-4bb1-96a5-6c2aaeb42c81,2025-09-30T12:30:00,Eye Disorder (Netra Roga),"Triphala, Shatavari",Trataka,"Cool, light foods. Avoid spicy and fermented. Sweet, bitter, astringent.",2,76,Significantly Improved
005b730e-89bf-4720-b353-8824215e290c,7928e7cf-c449-4d7e-8c10-9a404c9dda75,dfdafbd8-621f-4be5-95ff-ba1f5c7dbeda,2025-09-15T08:45:00,Diarrhea (Atisara),"Bilva, Kutaj",Pawanmuktasana,"Cool, light foods. Avoid spicy and fermented. Sweet, bitter, astringent.",2,50,Improved
674c9c96-c041-445f-969c-9d1d25ff4e1e,1a17d497-cd2e-42e9-b5b5-22873db11016,140d2d99-5fcb-472e-85ae-d835cb820f95,2025-09-19T13:45:00,Diarrhea (Atisara),"Bilva, Kutaj",Pawanmuktasana,"Cool, light foods. Avoid spicy and fermented. Sweet, bitter, astringent.",2,56,Improved
39faeadb-f169-45ea-b488-68b50107e878,5b489b04-54a8-468d-ac4f-159c8d84ccbc,bb8d4aa7-aa69-447c-9bc3-ba664dd25301,2025-09-10T10:45:00,Acidity (Amlapitta),"Shatavari, Licorice",Vajrasana,"Cool, light foods. Avoid spicy and fermented. Sweet, bitter, astringent.",6,89,Improved
62ce845a-c955-49e3-8cc1-c362bcbb5cd1,3ce2ae1c-e79e-45a8-874a-e3e1d7b5ce42,02ad7ea6-620f-4dd1-b284-97c47be92a4e,2025-09-12T11:00:00,Eye Disorder (Netra Roga),"Triphala, Shatavari",Trataka,"Cool, light foods. Avoid spicy and fermented. Sweet, bitter, astringent.",2,87,Improved
9909791e-a27b-4718-bfdf-5aff43f635c5,c2e5783b-b4d6-4e56-8b7b-b65f60e7b690,9896e47a-7124-43a2-9228-bbb7cdfc7e5d,2025-09-30T10:45:00,Diarrhea (Atisara),"Bilva, Kutaj",Pawanmuktasana,"Cool, light foods. Avoid spicy and fermented. Sweet, bitter, astringent.",3,43,Under Treatment
6938ec85-578c-4b75-a083-42da4b386a5c,726a0544-9ef5-4fcc-a522-5ed2b32a0dd5,ea71e5ed-0abd-4e70-bf1b-8912a03a207b,2025-09-12T15:00:00,Diarrhea (Atisara),"Bilva, Kutaj",Pawanmuktasana,"Cool, light foods. Avoid spicy and fermented. Sweet, bitter, astringent.",2,51,Significantly Improved
087b11d6-5e4c-493a-a451-e69ea2f42047,8f3eb98a-2fdd-47ca-85be-184337957e4d,10f43d69-6fec-4064-9d75-14b929fa21ee,2025-09-10T08:45:00,Eye Disorder (Netra Roga),"Triphala, Shatavari",Trataka,"Cool, light foods. Avoid spicy and fermented. Sweet, bitter, astringent.",2,44,Significantly Improved
540eecbf-bd66-4f92-a44c-ea7c0efb7ceb,3730d8a1-557b-4224-9319-4901dc66ab18,ee958329-ef69-43f4-8de1-0a66267cf894,2025-09-07T18:00:00,Diarrhea (Atisara),"Bilva, Kutaj",Pawanmuktasana,"Cool, light foods. Avoid spicy and fermented. Sweet, bitter, astringent.",1,47,Stable
56767950-e560-4e8e-9833-40a6aa50deb3,3de1091e-220d-4434-ae97-b9e9a079b027,515c7c4b-8fb0-4d12-80b1-a9725940772b,2025-09-05T14:00:00,Fever (Jwara),"Sudarshan Churna, Tulsi",Shavasana,"Cool, light foods. Avoid spicy and fermented. Sweet, bitter, astringent.",4,69,Under Treatment
bf0f2019-b95a-4657-9b5b-c92be6650ccb,d86aac54-f472-4863-b75f-da024a0445c4,4c0308a4-8255-4fb1-aee5-47e9f61ee242,2025-09-02T12:30:00,Fever (Jwara),"Sudarshan Churna, Tulsi",Shavasana,"Cool, light foods. Avoid spicy and fermented. Sweet, bitter, astringent.",7,49,Significantly Improved
40fe8430-cf26-41ed-9363-e9d8fa7dd1dd,fc6b9ba8-7c80-4764-8482-f20bc831c4e5,3dfb7fa6-4181-4f8c-909c-ff6bd4920750,2025-09-20T08:00:00,Eye Disorder (Netra Roga),"Triphala, Shatavari",Trataka,"Cool, light foods. Avoid spicy and fermented. Sweet, bitter, astringent.",1,58,Recovered
05c0af70-a91c-42ff-b534-c775d19c7ab4,b30ca37b-a315-4855-83d7-b9eedff50f6d,17accf1c-41da-4445-be0f-3567f82960e9,2025-09-18T10:30:00,Acidity (Amlapitta),"Shatavari, Licorice",Vajrasana,"Cool, light foods. Avoid spicy and fermented. Sweet, bitter, astringent.",7,81,Significantly Improved
c3c5b91c-6cb6-46d3-8cfb-08566473c59f,71ea6e60-7682-4ad2-bcdb-684c24439b95,31454b6b-3096-419e-bad9-15d8528e48b8,2025-09-08T13:15:00,Diarrhea (Atisara),"Bilva, Kutaj",Pawanmuktasana,"Cool, light foods. Avoid spicy and fermented. Sweet, bitter, astringent.",1,70,Significantly Improved
9456f994-be50-4dcb-aa82-435f6bea0b0c,96cd86af-a011-409e-8853-55cf183fc03d,68dc7cfb-dd61-4aba-bd31-c1ed759ff30c,2025-09-13T17:30:00,Acidity (Amlapitta),"Shatavari, Licorice",Vajrasana,"Cool, light foods. Avoid spicy and fermented. Sweet, bitter, astringent.",6,45,Significantly Improved
b81faf4e-e0cd-4d89-9097-3bef72912f57,809d0f5a-db30-4e49-b921-50b7688e7258,83ade991-19a7-488d-8897-ba36784c0e07,2025-09-29T10:30:00,Skin Disorder (Kushtha),"Neem, Manjistha",Viparita Karani,"Cool, light foods. Avoid spicy and fermented. Sweet, bitter, astringent.",3,49,Improved
d9ee3bcd-b38b-4b79-8db3-e3d0abbd413a,d1caf30c-327f-455f-9e93-16f6ae872161,d4340070-04ca-4a94-b958-cc3acf2645f7,2025-09-23T12:00:00,Diarrhea (Atisara),"Bilva, Kutaj",Pawanmuktasana,"Cool, light foods. Avoid spicy and fermented. Sweet, bitter, astringent.",1,73,Significantly Improved
7397d34f-c30d-43fa-a6ed-de81aa204670,ccb0be9b-ffc4-41e2-aab9-f4cedef39498,d25abdae-8d2c-47d8-8047-ee2266af3c02,2025-09-12T16:00:00,Diarrhea (Atisara),"Bilva, Kutaj",Pawanmuktasana,"Cool, light foods. Avoid spicy and fermented. Sweet, bitter, astringent.",1,70,Stable
ea55988f-aa72-469b-b9e1-be59cf649fd2,ea941aad-c397-4656-bd2d-d1e4ca74eec0,1c78673a-c7e4-4b51-a581-9625846ea6fa,2025-09-16T09:15:00,Fever (Jwara),"Sudarshan Churna, Tulsi",Shavasana,"Cool, light foods. Avoid spicy and fermented. Sweet, bitter, astringent.",4,63,Stable
ca578e12-9634-4075-94b4-6e73de0b4f35,3786e287-1e22-487b-810b-e4f4384d94b0,696fbd31-ebf8-4398-ba15-906331d86a52,2025-09-18T09:30:00,Dengue (Dandashthaka Jwara),"Papaya leaf, Guduchi",Shavasana,"Cool, light foods. Avoid spicy and fermented. Sweet, bitter, astringent.",6,40,Significantly Improved
1f754981-ba21-4742-a223-c96123b0521b,2c5b6ca1-118c-45a7-88db-09aa4fea866c,cef7e570-1c06-441e-b01d-e1d1e49ba034,2025-09-05T15:45:00,Dengue (Dandashthaka Jwara),"Papaya leaf, Guduchi",Shavasana,"Cool, light foods. Avoid spicy and fermented. Sweet, bitter, astringent.",13,54,Significantly Improved
1ddf6b0b-0050-4903-8a77-d6af10904a0b,433745ec-d4b7-4131-81ac-776e3c533b33,669ab4e4-5d59-45cf-a1a7-2c066c6b5536,2025-09-23T17:45:00,Skin Disorder (Kushtha),"Neem, Manjistha",Viparita Karani,"Cool, light foods. Avoid spicy and fermented. Sweet, bitter, astringent.",8,43,Significantly Improved
cc6ac836-fb3c-47cf-a5f3-8de6329caa1a,ef6c6dc4-469f-45fc-b6ee-ef7991a2fccc,07bc02df-62aa-4cef-a5b5-85d7b50ef809,2025-09-02T15:00:00,Skin Disorder (Kushtha),"Neem, Manjistha",Viparita Karani,"Cool, light foods. Avoid spicy and fermented. Sweet, bitter, astringent.",7,40,Under Treatment
e491afe6-8462-4515-abd3-7c9179a2a226,0bf61ee8-167a-4e36-be1d-fb01c6def3b6,4d091671-733d-4ed6-ae52-2f3b1b0a1fad,2025-09-17T10:15:00,Diarrhea (Atisara),"Bilva, Kutaj",Pawanmuktasana,"Cool, light foods. Avoid spicy and fermented. Sweet, bitter, astringent.",3,83,Stable
535fe6c1-809b-43e1-9bc5-6e6ce479e775,2ad5cc12-77b7-451a-8dcc-a41f1444db32,1f2577af-06b0-4e99-b093-3010a44bde5f,2025-09-27T17:45:00,Fever (Jwara),"Sudarshan Churna, Tulsi",Shavasana,"Cool, light foods. Avoid spicy and fermented. Sweet, bitter, astringent.",8,61,Improved
149eda8d-958b-44f6-a366-30f5eb29cecc,d31d254c-6cfa-4441-b2eb-6b7271754bcb,b5f72e9a-619e-42cb-8e87-4d3be44956b3,2025-09-23T15:30:00,Skin Disorder (Kushtha),"Neem, Manjistha",Viparita Karani,"Cool, light foods. Avoid spicy and fermented. Sweet, bitter, astringent.",5,83,Improved
68563688-7890-4912-9a24-01c754ee8791,c21971e9-6486-4962-adde-b835629f6a01,450c9131-0479-4583-9587-dd6b9c376567,2025-09-03T12:00:00,Dengue (Dandashthaka Jwara),"Papaya leaf, Guduchi",Shavasana,"Cool, light foods. Avoid spicy and fermented. Sweet, bitter, astringent.",13,90,Improved
f07ecb95-eeb2-4752-8495-1709b1d5ee14,6b85b7de-73ea-4d5e-9f33-658dad3fbfb2,3e63a3af-1f26-467e-b246-655ca68b871a,2025-09-14T17:15:00,Eye Disorder (Netra Roga),"Triphala, Shatavari",Trataka,"Cool, light foods. Avoid spicy and fermented. Sweet, bitter, astringent.",2,64,Under Treatment
397e48c6-2a29-4ea5-adb0-dab7bc770cfc,f4d5afd4-e183-4732-a4a7-866f5f2c2fc2,b1a90e5b-615b-45a8-9370-1e3a8a7effe9,2025-09-28T16:30:00,Fever (Jwara),"Sudarshan Churna, Tulsi",Shavasana,"Cool, light foods. Avoid spicy and fermented. Sweet, bitter, astringent.",6,91,Improved
60f0f207-8bb6-4459-91ba-51661fbf7dd9,d3a42e34-143f-433d-b339-bd249843ad50,7262dbb7-459f-444e-bd0e-01bdd4dca182,2025-09-16T09:30:00,Diarrhea (Atisara),"Bilva, Kutaj",Pawanmuktasana,"Cool, light foods. Avoid spicy and fermented. Sweet, bitter, astringent.",3,92,Improved
882426b5-875f-4231-9db0-bdd69f87dbef,7b081731-f6e6-4bc0-92e7-0926927197f2,c4bfc97e-e529-431e-ba17-fc7424e4560c,2025-09-02T13:45:00,Acidity (Amlapitta),"Shatavari, Licorice",Vajrasana,"Cool, light foods. Avoid spicy and fermented. Sweet, bitter, astringent.",3,67,Improved
2c2d4e6c-ec55-4b0b-b225-cfbed40161cc,6b34d482-464b-4342-8047-567d9d38c122,8a45a5e7-2c69-48df-a1ff-07f17ede292f,2025-09-05T15:00:00,Eye Disorder (Netra Roga),"Triphala, Shatavari",Trataka,"Cool, light foods. Avoid spicy and fermented. Sweet, bitter, astringent.",1,91,Improved
3d252eeb-27a9-46e3-a910-27f3f1311c23,20787549-8560-40a2-bef0-a262da1afedc,4f90163e-49ce-42b2-b1bf-6a78aaa74902,2025-09-27T17:30:00,Diarrhea (Atisara),"Bilva, Kutaj",Pawanmuktasana,"Cool, light foods. Avoid spicy and fermented. Sweet, bitter, astringent.",1,66,Significantly Improved
babf8af3-6f24-4428-8c7f-3ae0d123c193,9b81443e-70c0-4787-8d5f-9f3ee7afc7e1,e9d8396f-0cd4-45ec-a1c9-14b863883e08,2025-09-20T11:30:00,Dengue (Dandashthaka Jwara),"Papaya leaf, Guduchi",Shavasana,"Cool, light foods. Avoid spicy and fermented. Sweet, bitter, astringent.",6,94,Stable
b6394a95-703b-4983-a408-69be6e4bd6c0,d1bdd759-8b5f-4f83-87e5-b0ca4ce9b8e8,195787bd-05c1-46e2-8fa0-8465a03a998b,2025-09-20T10:00:00,Skin Disorder (Kushtha),"Neem, Manjistha",Viparita Karani,"Cool, light foods. Avoid spicy and fermented. Sweet, bitter, astringent.",5,73,Improved
4b585f62-7f97-4aec-8b76-2a332bb951b2,9027b642-6669-4e5d-9de9-6197e231bf03,a99a89b8-c676-4b90-a0f2-849bcd626d02,2025-09-04T09:30:00,Diarrhea (Atisara),"Bilva, Kutaj",Pawanmuktasana,"Cool, light foods. Avoid spicy and fermented. Sweet, bitter, astringent.",3,68,Significantly Improved
321a991c-57d8-410a-8b24-772c45884323,7c68fc39-17fe-480d-8e3d-5f5c1b3ffcc0,5db2b0b8-8ab4-4f02-8e98-f602da2ca43f,2025-09-29T09:45:00,Skin Disorder (Kushtha),"Neem, Manjistha",Viparita Karani,"Cool, light foods. Avoid spicy and fermented. Sweet, bitter, astringent.",8,67,Stable
940f2e50-27dc-4fa8-ac98-4a480670ed9a,4563d3b6-d896-46ac-a1ca-dee38c51265f,41b2bf23-b094-4346-a6dc-91c655662950,2025-09-02T12:30:00,Acidity (Amlapitta),"Shatavari, Licorice",Vajrasana,"Cool, light foods. Avoid spicy and fermented. Sweet, bitter, astringent.",4,93,Under Treatment
4763d40f-25d4-4fd4-ad83-8404f3e7fb8f,d53538f7-b819-4bb2-9ca1-2ed43062ad1e,e3393422-5511-4032-b04d-8d30e2374076,2025-09-19T17:45:00,Skin Disorder (Kushtha),"Neem, Manjistha",Viparita Karani,"Cool, light foods. Avoid spicy and fermented. Sweet, bitter, astringent.",5,68,Under Treatment
d6d15602-4c12-49af-b504-21b3efb41ea1,6bdf1d70-531f-44b3-b456-2544d6fc76f9,2134c7c7-b03a-4e82-a672-c03c8aea3856,2025-09-28T10:15:00,Dengue (Dandashthaka Jwara),"Papaya leaf, Guduchi",Shavasana,"Cool, light foods. Avoid spicy and fermented. Sweet, bitter, astringent.",11,84,Significantly Improved
083df8bf-5229-4912-b536-90d7a0b13ca5,4765c693-4fbd-46b9-9035-05882ba6c9c0,93633048-b1da-407f-837f-e0cf20a9752f,2025-09-18T12:45:00,Dengue (Dandashthaka Jwara),"Papaya leaf, Guduchi",Shavasana,"Cool, light foods. Avoid spicy and fermented. Sweet, bitter, astringent.",6,57,Under Treatment
a022cdec-1d7a-4dd0-8135-44d871519463,bd4edcfc-e63c-453c-8f52-da5b28ca241f,3e95d671-4f97-4d8e-b5b9-c6772e86b4aa,2025-09-22T18:30:00,Eye Disorder (Netra Roga),"Triphala, Shatavari",Trataka,"Cool, light foods. Avoid spicy and fermented. Sweet, bitter, astringent.",1,48,Significantly Improved
2b4c2a77-cfff-44fc-8e51-a87f43779854,461ccfbd-7928-41e0-bc74-54e39824d9a7,fd01e2df-1608-48cc-aae9-db640c191e30,2025-09-15T18:45:00,Dengue (Dandashthaka Jwara),"Papaya leaf, Guduchi",Shavasana,"Cool, light foods. Avoid spicy and fermented. Sweet, bitter, astringent.",6,46,Improved
3405c31a-7bc1-4c1b-afb6-e082abc0d9b8,d56a8d27-6a5a-4e28-a957-7d883cf46c3c,3f9a888b-eed1-45d9-94bd-c8664ade431f,2025-09-19T12:15:00,Eye Disorder (Netra Roga),"Triphala, Shatavari",Trataka,"Cool, light foods. Avoid spicy and fermented. Sweet, bitter, astringent.",1,81,Improved
4da23bb4-dc0e-42fa-92f3-fe41e8aae71b,d53538f7-b819-4bb2-9ca1-2ed43062ad1e,b8af4705-ae18-4f51-84d0-8d9f4ec44f1c,2025-09-05T12:45:00,Diarrhea (Atisara),"Bilva, Kutaj",Pawanmuktasana,"Cool, light foods. Avoid spicy and fermented. Sweet, bitter, astringent.",2,46,Under Treatment
9202d2c2-89df-4835-886d-eb5da7ebe56c,4765c693-4fbd-46b9-9035-05882ba6c9c0,5571e170-6199-4cc0-8a8e-4dab9b2d9a67,2025-09-01T16:15:00,Skin Disorder (Kushtha),"Neem, Manjistha",Viparita Karani,"Cool, light foods. Avoid spicy and fermented. Sweet, bitter, astringent.",7,60,Significantly Improved
0e8509c5-f6ea-45fa-a5da-8cbdbfed5caa,4b8eae49-83ec-44b2-b597-3655b945c1f1,1ba45763-2ab2-43a4-b8bb-9550bcdb12d1,2025-09-16T14:15:00,Skin Disorder (Kushtha),"Neem, Manjistha",Viparita Karani,"Cool, light foods. Avoid spicy and fermented. Sweet, bitter, astringent.",8,41,Significantly Improved
8be472f6-50ea-45c2-bf7b-47fd3c38efee,731d9945-c268-42d9-9fc7-b573b49d96cc,c23f81fe-129f-4107-a9e3-ecbf2116eb29,2025-09-05T10:00:00,Diarrhea (Atisara),"Bilva, Kutaj",Pawanmuktasana,"Cool, light foods. Avoid spicy and fermented. Sweet, bitter, astringent.",3,42,Under Treatment
b3b56b26-7dee-4afe-b4bc-e58ce39187af,45a0893e-dabe-47bd-ae94-baa22ecb5e87,d58bdefc-1ec1-41a0-9907-a7c749174e17,2025-09-18T12:15:00,Skin Disorder (Kushtha),"Neem, Manjistha",Viparita Karani,"Cool, light foods. Avoid spicy and fermented. Sweet, bitter, astringent.",8,42,Significantly Improved
bfb22a0a-4ad6-4faa-8ba2-95962ebab969,1c1ced8e-3f9e-4ab9-9c10-f62a266ef8a5,2818ef60-143b-4f3b-a18a-7fb3831c7cfc,2025-09-07T18:15:00,Dengue (Dandashthaka Jwara),"Papaya leaf, Guduchi",Shavasana,"Cool, light foods. Avoid spicy and fermented. Sweet, bitter, astringent.",13,88,Under Treatment
6db420e6-3397-4076-8d38-d787614926f6,e3f00da9-8434-49e0-a93d-7d984ea47e16,2590b127-66e3-4d29-97cb-5d780eda6f73,2025-09-26T14:45:00,Dengue (Dandashthaka Jwara),"Papaya leaf, Guduchi",Shavasana,"Cool, light foods. Avoid spicy and fermented. Sweet, bitter, astringent.",13,67,Recovered
667174a6-e65d-4e71-b0d1-9dd27851b56f,fd0d50f0-aca2-4154-beba-a56f799fe71e,0688b5c9-a2f2-4834-a4bc-331432699b6a,2025-09-23T08:15:00,Skin Disorder (Kushtha),"Neem, Manjistha",Viparita Karani,"Cool, light foods. Avoid spicy and fermented. Sweet, bitter, astringent.",6,57,Improved
fb72cf8f-d1e8-4a01-aeb0-875c8f1193df,236bd531-011b-4496-b852-939257e25773,9e4f931e-e2c3-4f83-a670-72e4448f006e,2025-09-06T16:15:00,Dengue (Dandashthaka Jwara),"Papaya leaf, Guduchi",Shavasana,"Cool, light foods. Avoid spicy and fermented. Sweet, bitter, astringent.",16,88,Under Treatment
bee56122-7a30-45e3-8d4f-00325b098d7b,1a991d8e-17de-4883-bfb3-86d4e97dc1ae,5d4fd625-7175-429f-b9b6-67f4b588d22f,2025-09-06T18:15:00,Fever (Jwara),"Sudarshan Churna, Tulsi",Shavasana,"Cool, light foods. Avoid spicy and fermented. Sweet, bitter, astringent.",6,43,Under Treatment
9cf1ad6b-43ed-434c-9828-5e5d763609c7,8655f250-2245-4b6c-b7a0-bc009c5fd906,7720954e-aa8f-40fc-9a5f-5b88e87d6172,2025-09-22T15:15:00,Skin Disorder (Kushtha),"Neem, Manjistha",Viparita Karani,"Cool, light foods. Avoid spicy and fermented. Sweet, bitter, astringent.",6,92,Improved
b0cb0e36-017a-4c6d-9cb2-48d57740044b,726a0544-9ef5-4fcc-a522-5ed2b32a0dd5,2e182f96-a007-4a06-86e4-cc453e3c4694,2025-09-10T10:30:00,Fever (Jwara),"Sudarshan Churna, Tulsi",Shavasana,"Cool, light foods. Avoid spicy and fermented. Sweet, bitter, astringent.",4,66,Improved
ee7bd632-fdc5-4068-ab1a-b8a3065683ae,d53538f7-b819-4bb2-9ca1-2ed43062ad1e,17447a21-8db2-432c-85c4-cb647fb4300d,2025-09-02T09:00:00,Fever (Jwara),"Sudarshan Churna, Tulsi",Shavasana,"Cool, light foods. Avoid spicy and fermented. Sweet, bitter, astringent.",7,66,Significantly Improved
ce78598c-92e9-4ee5-accd-6368ee7a3424,05c5d18d-77f0-4ca4-b2cb-7190f17e2181,e4fa3caf-4fd4-4ac6-965d-41388ed0de3d,2025-09-16T13:45:00,Fever (Jwara),"Sudarshan Churna, Tulsi",Shavasana,"Cool, light foods. Avoid spicy and fermented. Sweet, bitter, astringent.",5,56,Significantly Improved
e171bc95-f01a-4e4c-9b1c-558326c80df3,a761cbf3-df21-4c28-9534-bc3dc2ee0a26,a22a6c75-b0f3-41b5-aea9-2f4ff2800cf6,2025-09-22T17:00:00,Eye Disorder (Netra Roga),"Triphala, Shatavari",Trataka,"Cool, light foods. Avoid spicy and fermented. Sweet, bitter, astringent.",1,74,Recovered
c7967083-d6ee-4c00-98eb-ee2043f1d115,09e9310f-703f-4138-9a6a-a567754bc701,7c9efe9d-e4f2-4ce9-a08f-379b888d131e,2025-09-26T10:15:00,Dengue (Dandashthaka Jwara),"Papaya leaf, Guduchi",Shavasana,"Cool, light foods. Avoid spicy and fermented. Sweet, bitter, astringent.",15,57,Stable
0c786cf6-9078-4f13-9abf-0aa9088c35f5,9f848fca-57e9-4bea-80b2-27b3643ba6a3,3dcdc6af-0171-4213-81d8-a1ffa56b6eb7,2025-09-01T16:30:00,Fever (Jwara),"Sudarshan Churna, Tulsi",Shavasana,"Cool, light foods. Avoid spicy and fermented. Sweet, bitter, astringent.",4,55,Improved
01021e3b-0ec3-4b88-a8ec-9f3971f93965,e34b7b05-0c12-49e2-9709-9ac30c8e5086,2d2e71f8-7b05-4941-b859-249eaea9727f,2025-09-15T14:15:00,Diarrhea (Atisara),"Bilva, Kutaj",Pawanmuktasana,"Cool, light foods. Avoid spicy and fermented. Sweet, bitter, astringent.",1,60,Significantly Improved
b508fe0f-0385-4c53-8a70-fdfa96fef0dd,b9cc8b32-8d6f-49dc-ad9a-1c8db1abe0b7,70ed01e7-8205-4a2c-9cc1-d4ec83d1f9af,2025-09-11T11:15:00,Dengue (Dandashthaka Jwara),"Papaya leaf, Guduchi",Shavasana,"Cool, light foods. Avoid spicy and fermented. Sweet, bitter, astringent.",12,80,Significantly Improved
23f49da2-0ac6-4771-99f5-6d52ba4a978e,89aa83fd-f4dc-4e74-8281-e6948797557f,56ef8f17-2190-4dd8-8ab0-62c9c0ced2b2,2025-09-30T14:30:00,Fever (Jwara),"Sudarshan Churna, Tulsi",Shavasana,"Cool, light foods. Avoid spicy and fermented. Sweet, bitter, astringent.",7,77,Significantly Improved
5a3e7aaf-5c61-49fc-b16a-84b49ef47388,df2cf24b-adbd-4f50-b1b4-f23619cec2b6,c608cf32-6a95-4b8e-929e-14434d3439a1,2025-09-11T17:30:00,Acidity (Amlapitta),"Shatavari, Licorice",Vajrasana,"Cool, light foods. Avoid spicy and fermented. Sweet, bitter, astringent.",5,80,Recovered
628fef6e-ae0c-45ed-a75f-d04d24d04065,e9c5a634-5480-410c-baab-abecf9ea6734,64bb6a60-0e42-42b0-8d9d-ed2a679fab34,2025-09-13T12:30:00,Diarrhea (Atisara),"Bilva, Kutaj",Pawanmuktasana,"Cool, light foods. Avoid spicy and fermented. Sweet, bitter, astringent.",2,50,Under Treatment
ae28a1dc-399d-4a26-b12f-00ea774c4bba,2c5b6ca1-118c-45a7-88db-09aa4fea866c,52186b65-4dbc-4047-aeb7-b71de387f6a8,2025-09-04T08:45:00,Diarrhea (Atisara),"Bilva, Kutaj",Pawanmuktasana,"Cool, light foods. Avoid spicy and fermented. Sweet, bitter, astringent.",3,44,Under Treatment
da69d6f8-807f-4e10-98b4-c9b5f643b070,9027b642-6669-4e5d-9de9-6197e231bf03,ecb2beda-582e-4d45-a9b4-ee6cae3879bb,2025-09-19T10:00:00,Dengue (Dandashthaka Jwara),"Papaya leaf, Guduchi",Shavasana,"Cool, light foods. Avoid spicy and fermented. Sweet, bitter, astringent.",10,49,Improved
3bdef92a-9ec4-4ac9-b674-4b041b92a6c0,f2b03105-b124-49bd-ab07-249f0413e859,d533971e-1075-43ff-a878-7fb6fac38ac7,2025-09-15T14:30:00,Diarrhea (Atisara),"Bilva, Kutaj",Pawanmuktasana,"Cool, light foods. Avoid spicy and fermented. Sweet, bitter, astringent.",1,43,Significantly Improved
c817a3ae-61b4-477a-abf2-275eea260057,de8c425a-ae57-449d-b012-9de69e1d4432,a039695b-b87d-4a35-a0f7-832e79bff478,2025-09-24T12:30:00,Menstrual Disorder (Artava Dushti),"Ashwagandha, Shatavari",Baddha Konasana,"Warm, oily foods. Avoid cold and dry. Sweet, sour, salty taste.",3,67,Improved
69c87871-9c17-4f60-8140-4d97d61ae825,881dc7fa-c689-4a27-aa73-9fc771cc3859,e4c0556d-4d8e-4d40-a007-4076b9ab822e,2025-09-03T09:00:00,Tonsillitis (Tundikeri),"Sitopaladi Churna, Yashtimadhu",Jal Neti,"Light, dry, warm foods. Avoid heavy and oily. Pungent, bitter, astringent.",3,77,Significantly Improved
7cc2efce-e7c0-4324-bfcb-93914159c71a,b04a2d73-1fa1-4be0-95bc-c1de06279db2,4a2227df-3b7d-4f7d-8fca-3f6ab4fa1407,2025-09-24T18:15:00,Anemia (Pandu Roga),"Punarnava, Loha Bhasma, Amla",Surya Namaskar,"Cool, light foods. Avoid spicy and fermented. Sweet, bitter, astringent.",2,78,Under Treatment
9e90d706-a448-4082-9138-9105e67285be,05c5d18d-77f0-4ca4-b2cb-7190f17e2181,46cc7b00-86d4-43f5-ae8e-140694502f12,2025-09-08T16:30:00,Eczema (Vicharchika),"Neem, Aloe Vera, Turmeric",Sheetali Pranayama,"Cool, light foods. Avoid spicy and fermented. Sweet, bitter, astringent.",15,84,Significantly Improved
132cb19d-0e0e-4a09-9520-4244d2ad86e2,6b85b7de-73ea-4d5e-9f33-658dad3fbfb2,a9add33b-27e9-43ab-b986-b84757e00b91,2025-09-09T10:00:00,Warts (Charmakeela),"Thuja, Neem",None specific,"Light, dry, warm foods. Avoid heavy and oily. Pungent, bitter, astringent.",1,84,Stable
b1e18b81-ffe9-49a6-a3d5-052ecab252b9,0bda3cac-f391-4f5b-829a-12354617b820,a36ac60d-f372-4d5c-bae2-fa376ae476ed,2025-09-26T16:00:00,Sciatica (Gridhrasi),"Nirgundi, Guggulu",Pawanmuktasana,"Warm, oily foods. Avoid cold and dry. Sweet, sour, salty taste.",3,73,Improved
9a6061c1-d89e-409e-9e47-4bf7694e8f5b,23017af6-e0b1-43ce-9ee4-3828ed8551f8,cd9035a9-5322-4af4-8482-ea77c7a605e6,2025-09-06T17:00:00,Warts (Charmakeela),"Thuja, Neem",None specific,"Light, dry, warm foods. Avoid heavy and oily. Pungent, bitter, astringent.",3,53,Stable
a9543db8-685c-4b78-8e78-e8ac771d8c77,397debef-5867-4bca-b342-bacff63be257,11aacf92-9496-40bc-bd1b-9c3b9bcb7cdd,2025-09-03T10:15:00,Angina (Hrit Shoola),"Arjuna, Guggulu",Gentle breathing,"Warm, oily foods. Avoid cold and dry. Sweet, sour, salty taste.",13,85,Stable
eb60f205-92d3-421f-ad8c-b7027138f725,fb675350-88ef-4f41-b8b6-8b5e4f63d995,37ac2f20-3404-4c69-9784-0d6dad98ce14,2025-09-27T09:00:00,Menstrual Disorder (Artava Dushti),"Ashwagandha, Shatavari",Baddha Konasana,"Warm, oily foods. Avoid cold and dry. Sweet, sour, salty taste.",2,41,Under Treatment
94fe2c22-ade3-42df-b0f6-ab909e187f92,3b8fba31-663e-45b0-9e52-ecff95b0753b,b57574cb-45a8-47d4-9a26-c18f28ae763b,2025-09-09T12:30:00,Gingivitis (Danta Vidradhi),"Triphala, Clove oil",Oil pulling,"Cool, light foods. Avoid spicy and fermented. Sweet, bitter, astringent.",2,65,Significantly Improved
eaa6fb5e-d89a-432e-8988-dfc781453090,e5b79175-2950-45f6-9957-7fad88f7e4cb,b27187f4-0f24-40bf-ab1a-837505848501,2025-09-05T18:45:00,Hyperlipidemia (Medo Vriddhi),"Guggulu, Arjuna, Triphala",Surya Namaskar,"Light, dry, warm foods. Avoid heavy and oily. Pungent, bitter, astringent.",1,93,Improved
3d69c44f-6b61-472a-8151-fc20956ea5a4,b3d50c10-33e4-4505-b573-db3b6ea8e33a,188848cb-1dfa-4130-bf7a-c0abe67a84bd,2025-09-20T18:00:00,Stress (Manasika Tanava),"Ashwagandha, Brahmi",Shavasana,"Warm, oily foods. Avoid cold and dry. Sweet, sour, salty taste.",6,76,Improved
b7fb7582-855c-4e91-baec-2e0e743ba8f5,4571dd57-064d-4016-a800-f13c33ed96fa,b54eb165-8ae8-45ca-b83e-34d8524bab7b,2025-09-11T17:30:00,Chickenpox (Laghu Masurika),"Neem, Tulsi, Guduchi",Rest,"Cool, light foods. Avoid spicy and fermented. Sweet, bitter, astringent.",6,95,Significantly Improved
890bbb9d-6f8b-4af8-a957-ff0842129597,2589d831-e7cc-469a-bf77-5811b3aadc1c,ce80b4b0-b128-4046-b153-33cd6c061c5b,2025-09-23T13:00:00,Thyroid Disorder (Galaganda Vikara),"Ashwagandha, Guggulu, Kanchanar",Sarvangasana,"Warm, oily foods. Avoid cold and dry. Sweet, sour, salty taste.",3,75,Stable
a1d586bd-dddb-46ae-933d-9a116de45241,10dc5e3a-46a4-4748-9ef8-18299079c01f,aaaedf7c-44f7-48ca-a25b-d2eb38e8578f,2025-09-24T14:30:00,Osteoporosis (Asthi Kshaya),"Ashwagandha, Guggulu, Shatavari",Tadasana,"Warm, oily foods. Avoid cold and dry. Sweet, sour, salty taste.",2,73,Under Treatment
09a9adb1-b3cb-482c-baa3-03c96c29c3b4,4fb8e2f3-b4bd-4a81-a9f5-3a342b15155c,9381eeda-6ea2-4290-8435-62e04889267e,2025-09-23T17:45:00,Fatty Liver (Yakrit Meda Vriddhi),"Bhumi Amla, Guduchi, Triphala",Surya Namaskar,"Light, dry, warm foods. Avoid heavy and oily. Pungent, bitter, astringent.",3,63,Improved
a2ecff0c-45f7-4193-9887-db001996919e,14d6fe6c-251d-4094-a395-154f42ccae76,8d47d7a7-896b-4d4c-a1ee-98f954f40c01,2025-09-19T09:45:00,Acne (Yuvana Pidika),"Neem, Turmeric, Manjistha",Kapalbhati,"Cool, light foods. Avoid spicy and fermented. Sweet, bitter, astringent.",5,55,Stable
812f78fb-fe65-4b49-b9af-52387dda0e84,3b2b32e1-d89f-4be7-85a6-7f655317bb74,069d9155-dbca-45bd-bcb5-e47ceda7b2cf,2025-09-06T17:15:00,Urinary Tract Infection (Mutradaha),"Gokshura, Chandan, Punarnava",Baddha Konasana,"Cool, light foods. Avoid spicy and fermented. Sweet, bitter, astringent.",1,55,Improved
08d89971-56ae-4a24-a61f-0f8cc52103fd,9d26ec89-f36f-41cc-8de7-30f32000dd52,0b828bc7-de81-4e55-8ed8-e19f8b9cc752,2025-09-09T14:45:00,Metabolic Syndrome (Santarpana Janya Vikara),"Triphala, Guggulu",Surya Namaskar,"Light, dry, warm foods. Avoid heavy and oily. Pungent, bitter, astringent.",2,45,Under Treatment
876407bf-79e0-4145-87b6-ff419cadc2ab,b5d01b23-061c-4ee4-a549-940e0ed09b00,a1660e7e-8371-4c2d-9e03-109745762e30,2025-09-18T15:45:00,Gastritis (Urdhva Amlapitta),"Yashtimadhu, Amla",Vajrasana,"Cool, light foods. Avoid spicy and fermented. Sweet, bitter, astringent.",2,46,Improved
f95e6d09-0d91-44b2-acd6-7562744118ee,1895acd7-b472-439c-900f-868a68083e02,5d9028e1-b40d-4f7d-893a-911260e0a5a4,2025-09-05T09:30:00,Back Pain (Prishtha Shoola),"Guggulu, Ashwagandha",Bhujangasana,"Warm, oily foods. Avoid cold and dry. Sweet, sour, salty taste.",3,64,Stable
19707ef3-2aa4-435e-932d-1fb2163fb301,35a938c1-45df-43f5-9185-b86a99fae957,d874092d-f6da-423c-b416-13b649ab2a99,2025-09-11T09:15:00,Prostate Enlargement (Vriddhi),"Gokshura, Varuna",Baddha Konasana,"Warm, oily foods. Avoid cold and dry. Sweet, sour, salty taste.",11,80,Significantly Improved
f337a2a7-f975-4002-8e09-d289cc07253a,8b08ffa4-3da5-4348-a84b-405c58ba4ab7,aa5d5b46-a692-4b59-81d3-499431328e29,2025-09-16T11:45:00,Urinary Tract Infection (Mutradaha),"Gokshura, Chandan, Punarnava",Baddha Konasana,"Cool, light foods. Avoid spicy and fermented. Sweet, bitter, astringent.",2,57,Significantly Improved
11cc63e5-6f0f-45d2-8725-70de84b8bb43,82fd2aa3-4018-46d4-9ab4-a58fb220efa7,a7319c81-54b2-4168-a544-e64b161f63aa,2025-09-10T13:30:00,Tonsillitis (Tundikeri),"Sitopaladi Churna, Yashtimadhu",Jal Neti,"Light, dry, warm foods. Avoid heavy and oily. Pungent, bitter, astringent.",2,94,Stable
6807dc4f-5ebc-4ac4-abfb-005487d7cdb3,4fb9fb01-2835-4f9b-ad64-f9f690562be8,df768cdb-81f3-4b18-a8e1-4541e60d8949,2025-09-15T10:15:00,Warts (Charmakeela),"Thuja, Neem",None specific,"Light, dry, warm foods. Avoid heavy and oily. Pungent, bitter, astringent.",13,84,Recovered
a5a28fc6-440e-48e4-aea5-4bde9adba070,4c61e122-6f1f-4f63-b29f-83610ff915d5,90456bb4-d5a1-47a2-bef4-4caee97461b2,2025-09-24T14:15:00,Typhoid (Antrika Jwara),"Guduchi, Sudarshan Churna","Rest, Shavasana","Cool, light foods. Avoid spicy and fermented. Sweet, bitter, astringent.",3,80,Significantly Improved
75f57a71-a03b-463d-8271-425115ae6d2a,b01c2f08-620e-4003-9146-b2bc5089f338,342d0619-d1be-4753-850e-980bf73349ae,2025-09-22T17:00:00,Varicose Veins (Sira Granthi),"Guggulu, Triphala",Viparita Karani,"Warm, oily foods. Avoid cold and dry. Sweet, sour, salty taste.",2,66,Significantly Improved
5062cc1d-f72d-41b7-abe5-e96267cf2e4b,1ecaa841-42a0-4b76-a889-9e88fa40d43d,f6d70b31-e39c-483a-8e6b-695204123e7a,2025-09-09T15:45:00,Pharyngitis (Galashotha),"Tulsi, Yashtimadhu",Bhramari Pranayama,"Light, dry, warm foods. Avoid heavy and oily. Pungent, bitter, astringent.",6,61,Improved
c4c4d4b0-911f-44d7-84bd-1ec9b7c4f163,7405f515-8d14-4922-85b9-32970e01833d,8a96745a-3aed-4489-82c9-52d2631234cd,2025-09-08T17:45:00,Tonsillitis (Tundikeri),"Sitopaladi Churna, Yashtimadhu",Jal Neti,"Light, dry, warm foods. Avoid heavy and oily. Pungent, bitter, astringent.",2,88,Significantly Improved
4c53d750-0af6-4231-b260-024c5ad6c0b6,defaf406-3b3a-4970-90de-7f0c4793377e,485bd680-ace5-48bd-be96-8da7cf2a1f02,2025-09-11T16:00:00,Alopecia (Indralupta),"Bhringraj, Amla, Neem",Head massage,"Cool, light foods. Avoid spicy and fermented. Sweet, bitter, astringent.",1,53,Recovered
46b88d13-5b58-4ffb-a250-b6453c546e36,6d24b306-4259-41cd-ade2-c841be7f108b,654dfada-cafa-472f-8d1e-58e62b0eac03,2025-09-10T10:15:00,Tinnitus (Karnanada),"Brahmi, Ashwagandha",Bhramari Pranayama,"Warm, oily foods. Avoid cold and dry. Sweet, sour, salty taste.",1,50,Improved
d2a14c4f-b8ed-42a5-aa98-081a9fffbfb0,de8c425a-ae57-449d-b012-9de69e1d4432,95145063-3fc1-479a-9537-0c1822ed9a7d,2025-09-21T18:00:00,Metabolic Syndrome (Santarpana Janya Vikara),"Triphala, Guggulu",Surya Namaskar,"Light, dry, warm foods. Avoid heavy and oily. Pungent, bitter, astringent.",2,46,Improved
a8859e34-dcdd-4a13-98ff-ab7c0e8d22a8,206f1ad5-f9e8-456a-b1a9-31c02dd82240,f21ad472-3492-45b5-9f5b-d66224503af9,2025-09-12T09:15:00,Tennis Elbow (Kurpara Shoola),"Nirgundi, Guggulu",Gentle stretching,"Warm, oily foods. Avoid cold and dry. Sweet, sour, salty taste.",7,84,Improved
21a54dbc-fe49-440e-be88-f7cda1d93834,78b5103d-d013-4bf6-b81f-ece600e7fba4,d77fb6bf-973a-47ca-a768-5cd59d339590,2025-09-08T13:15:00,Cystitis (Mutrakrichra),"Gokshura, Punarnava",Baddha Konasana,"Warm, oily foods. Avoid cold and dry. Sweet, sour, salty taste.",4,83,Stable
8e3b3a59-4d0d-4b91-971c-58fcfbd97bd2,25b33d1e-384d-426f-85d8-6013c2a5dbb4,5060488d-4aff-42fa-968e-1affa0820ec4,2025-09-04T11:00:00,Measles (Romantika),"Tulsi, Guduchi, Neem",Rest,"Cool, light foods. Avoid spicy and fermented. Sweet, bitter, astringent.",5,85,Under Treatment
ff750e34-7636-44b7-8cca-3704f185acd4,c00e0328-4da5-463d-ab77-57effef4188b,eb1d5b66-e8d6-4a81-b95b-112e3f940d6f,2025-09-22T09:45:00,Alopecia (Indralupta),"Bhringraj, Amla, Neem",Head massage,"Cool, light foods. Avoid spicy and fermented. Sweet, bitter, astringent.",3,86,Recovered
3bf77063-c819-4bba-8dd6-693690bd4b8e,b268a2c7-3a80-441a-be31-71d95b6cd810,bc08e361-1792-4323-994a-3db15d6de110,2025-09-03T14:30:00,Gastritis (Urdhva Amlapitta),"Yashtimadhu, Amla",Vajrasana,"Cool, light foods. Avoid spicy and fermented. Sweet, bitter, astringent.",7,94,Improved
0d27650d-7643-4124-abdf-56cb27f9e7cf,4ec8a664-7ac6-4a20-9858-da1eecb4efa0,78e1f29f-cfad-4585-9f24-11fa80d3915d,2025-09-22T12:45:00,Thyroid Disorder (Galaganda Vikara),"Ashwagandha, Guggulu, Kanchanar",Sarvangasana,"Warm, oily foods. Avoid cold and dry. Sweet, sour, salty taste.",14,88,Improved
9c51c47f-bd1b-4d4c-8317-d9984d548797,a6593654-1c00-458a-b45b-f60b44fe0196,2614d21a-afd6-4422-8a7f-ac9002a752c9,2025-09-30T16:45:00,Hyperlipidemia (Medo Vriddhi),"Guggulu, Arjuna, Triphala",Surya Namaskar,"Light, dry, warm foods. Avoid heavy and oily. Pungent, bitter, astringent.",6,80,Significantly Improved
41c0dffb-12e7-433e-ba09-5d88ce7ba198,18271fe2-5d27-45cf-9548-026c078dd1e7,b97ecf18-65ca-45bf-acf3-593486a92585,2025-09-23T16:00:00,Acne (Yuvana Pidika),"Neem, Turmeric, Manjistha",Kapalbhati,"Cool, light foods. Avoid spicy and fermented. Sweet, bitter, astringent.",1,77,Significantly Improved
0954b10a-3673-42a3-a186-64d5b8895aae,7928e7cf-c449-4d7e-8c10-9a404c9dda75,a6536961-6403-4b41-a35f-7eb87c64b9e6,2025-09-17T13:15:00,Measles (Romantika),"Tulsi, Guduchi, Neem",Rest,"Cool, light foods. Avoid spicy and fermented. Sweet, bitter, astringent.",7,66,Significantly Improved
ef8f0192-ae29-4168-85d6-bfa7ca305690,4fb5f8e9-de14-4ad2-a28d-8eb25e69f54a,760731d8-abf1-4b1b-a101-a62839aac7aa,2025-09-24T08:00:00,Tinnitus (Karnanada),"Brahmi, Ashwagandha",Bhramari Pranayama,"Warm, oily foods. Avoid cold and dry. Sweet, sour, salty taste.",3,41,Improved
c85d0868-044e-4149-9136-579fcc046e2f,e4c092fd-7494-4f8f-bec2-f0fbc3c2a22f,29dff7f2-5fe5-4698-b83d-26aae872e2dc,2025-09-19T14:45:00,Hyperlipidemia (Medo Vriddhi),"Guggulu, Arjuna, Triphala",Surya Namaskar,"Light, dry, warm foods. Avoid heavy and oily. Pungent, bitter, astringent.",4,93,Stable
dbb583c2-5330-49e7-ab62-471b25123b39,e34b7b05-0c12-49e2-9709-9ac30c8e5086,80ae8733-9e57-463a-8420-c31bb96853a7,2025-09-09T10:45:00,Cystitis (Mutrakrichra),"Gokshura, Punarnava",Baddha Konasana,"Warm, oily foods. Avoid cold and dry. Sweet, sour, salty taste.",2,51,Significantly Improved
9daedb31-0d2a-4692-a2a5-3e9f23cb081b,7fe7668f-ef3d-4bc2-8b4b-183240e39098,8b0d9878-2ee9-4454-af48-09c70f890007,2025-10-09T12:30:00,Anxiety (Chittodvega),"Brahmi, Ashwagandha",Yoga Nidra,"Warm, oily foods. Avoid cold and dry. Sweet, sour, salty taste.",4,83,Significantly Improved
049f313b-573e-4dfc-a1a4-c07c08bc3b12,351f7f25-20cf-4bcf-9e12-059d834615fe,3a1c97b9-871e-4cdc-a175-b07e6c1e1776,2025-10-16T15:30:00,Acidity (Amlapitta),"Shatavari, Licorice",Vajrasana,"Cool, light foods. Avoid spicy and fermented. Sweet, bitter, astringent.",3,61,Significantly Improved
0fb3b2e2-1a79-45bd-8a47-59de0dee73fd,53c3f738-6b98-489e-92c1-a6d016489237,03383430-b77f-4a6b-bb39-30b1add53111,2025-10-13T11:00:00,Anxiety (Chittodvega),"Brahmi, Ashwagandha",Yoga Nidra,"Warm, oily foods. Avoid cold and dry. Sweet, sour, salty taste.",6,63,Improved
c9007566-a856-46bf-9137-6224b7f34e7b,92aa69d8-ae85-4a34-8377-635d97bb1551,52cc52ff-f590-4756-89af-e1a529c69376,2025-10-24T15:30:00,Acidity (Amlapitta),"Shatavari, Licorice",Vajrasana,"Cool, light foods. Avoid spicy and fermented. Sweet, bitter, astringent.",1,67,Stable
9c972e08-e43e-47ec-a3d1-d8759b96c0c9,cbc84ee4-8a30-4494-9307-55ea27bf446f,2e063a4d-3815-4607-8c4a-2a74e9e34561,2025-10-13T15:30:00,Eye Disorder (Netra Roga),"Triphala, Shatavari",Trataka,"Cool, light foods. Avoid spicy and fermented. Sweet, bitter, astringent.",2,80,Improved
974d8b0c-1371-4c83-bc14-bff82c1e0b4c,c98d9525-5790-4c35-8d42-af901e41cee7,6f8c150c-bb02-45b1-b12d-d0a1b0ee829a,2025-10-27T11:45:00,Eye Disorder (Netra Roga),"Triphala, Shatavari",Trataka,"Cool, light foods. Avoid spicy and fermented. Sweet, bitter, astringent.",2,67,Stable
1cd36041-a139-49eb-bb13-be19a48194d8,c93b4586-7c6e-4e7c-a468-e25f23527270,735d69b8-7289-4358-9fc2-ebfe3c22badd,2025-10-17T13:45:00,Obesity (Sthoulya),"Triphala, Guggulu",Surya Namaskar,"Light, dry, warm foods. Avoid heavy and oily. Pungent, bitter, astringent.",4,93,Improved
867a8a1a-9712-4d2c-94ab-a8a13a92128b,163e0183-bfb1-43bb-9212-092dd539ed04,b5ac6e8a-a531-4855-b25d-0e34d3c7f88f,2025-10-24T11:00:00,Obesity (Sthoulya),"Triphala, Guggulu",Surya Namaskar,"Light, dry, warm foods. Avoid heavy and oily. Pungent, bitter, astringent.",8,43,Improved
45002f04-a1bc-485f-84cd-b65e05378d2c,83dacb16-5e0b-4d52-8df6-19f9ab44dcde,faa6039e-2f74-489f-9802-b811b0b7a194,2025-10-21T12:00:00,Eye Disorder (Netra Roga),"Triphala, Shatavari",Trataka,"Cool, light foods. Avoid spicy and fermented. Sweet, bitter, astringent.",2,88,Improved
30a57a0a-c1cb-4018-8c3e-8178e338824f,f86e7fbe-d8a2-4d1c-8e4e-f2cdce46a9b1,820fbe38-acfc-4e93-b707-92a4e6985771,2025-10-28T16:15:00,Migraine (Ardhavabhedaka),"Brahmi, Sarpagandha",Sheetali Pranayama,"Warm, oily foods. Avoid cold and dry. Sweet, sour, salty taste.",6,81,Significantly Improved
7638b23b-d619-432a-aabe-d01a22109c33,daf9b6c7-3958-4620-b9c6-fbad55c01da3,f4cfe6bc-f2d6-4034-92af-76a2d9bf4351,2025-10-15T15:00:00,Diabetes (Madhumeha),"Gurmar, Karela, Vijaysar","Mandukasana, Yoga Nidra","Light, dry, warm foods. Avoid heavy and oily. Pungent, bitter, astringent.",8,83,Significantly Improved
023a863e-4f87-445f-8939-11f58bbee58b,c040c651-cba9-404b-a576-b9bd313a0b46,7565feed-e676-4afe-83bd-50daac527201,2025-10-13T08:45:00,Acidity (Amlapitta),"Shatavari, Licorice",Vajrasana,"Cool, light foods. Avoid spicy and fermented. Sweet, bitter, astringent.",3,84,Improved
cd762669-70e3-4c40-a62e-98596a6efe81,730f5850-f761-4c04-abed-139771f29ace,620c20ff-6cf3-418d-b0e1-d3fb87fe2d34,2025-10-17T11:45:00,Migraine (Ardhavabhedaka),"Brahmi, Sarpagandha",Sheetali Pranayama,"Warm, oily foods. Avoid cold and dry. Sweet, sour, salty taste.",6,85,Significantly Improved
40822977-819f-49c0-93bc-d6f22138a641,b06ccf5e-882a-4bed-86d7-0ffbe31ddc55,63b38256-f115-4c60-b57a-cc3b177bfb6f,2025-10-31T17:45:00,Obesity (Sthoulya),"Triphala, Guggulu",Surya Namaskar,"Light, dry, warm foods. Avoid heavy and oily. Pungent, bitter, astringent.",7,48,Significantly Improved
b8df4009-191d-49d1-8771-cc1ee7e3f7c1,29edb466-275b-4138-a1e7-983e323e7c7e,61d9e838-16ec-4995-af1f-35550ac5c32e,2025-10-20T17:45:00,Diabetes (Madhumeha),"Gurmar, Karela, Vijaysar","Mandukasana, Yoga Nidra","Light, dry, warm foods. Avoid heavy and oily. Pungent, bitter, astringent.",8,45,Under Treatment
8e28f59d-e0bc-4410-acf6-941e6ab224d2,cd154569-9040-423e-886b-b5ad3cfd07d4,a4593499-a63e-4eee-8017-dc82f392a16f,2025-10-16T17:45:00,Diabetes (Madhumeha),"Gurmar, Karela, Vijaysar","Mandukasana, Yoga Nidra","Light, dry, warm foods. Avoid heavy and oily. Pungent, bitter, astringent.",3,48,Recovered
0232bf63-4c4c-42d1-868b-3e4e939d871d,6ecc6b13-3f95-49c6-a022-e43e247b6561,685c5415-0762-4381-8f3c-44c62939eee5,2025-10-29T18:45:00,Anxiety (Chittodvega),"Brahmi, Ashwagandha",Yoga Nidra,"Warm, oily foods. Avoid cold and dry. Sweet, sour, salty taste.",6,59,Significantly Improved
750083e6-989e-4daa-8870-7025bafc5182,46c4e687-61b8-489b-8723-776e0e98d312,eb339864-9840-4e4a-aba1-87f25b5ad8de,2025-10-18T18:45:00,Eye Disorder (Netra Roga),"Triphala, Shatavari",Trataka,"Cool, light foods. Avoid spicy and fermented. Sweet, bitter, astringent.",3,86,Improved
64505ffa-a582-471d-8a05-7d3320adb0c9,253e0962-942e-4fc2-a7a4-e7ad779e0ac5,68964fb6-109b-49c5-bae0-0ede7922878c,2025-10-05T15:45:00,Obesity (Sthoulya),"Triphala, Guggulu",Surya Namaskar,"Light, dry, warm foods. Avoid heavy and oily. Pungent, bitter, astringent.",5,55,Improved
7e7a1423-df32-4ab2-957c-bdaa04b8690e,f6b7380f-2a17-403a-ba0e-4fd6d89f8a89,92b62ae3-7f8a-4075-8f6f-b478df22f0a1,2025-10-08T17:30:00,Migraine (Ardhavabhedaka),"Brahmi, Sarpagandha",Sheetali Pranayama,"Warm, oily foods. Avoid cold and dry. Sweet, sour, salty taste.",5,62,Significantly Improved
ff878b53-95da-4237-a243-9801ee624005,b021bb1e-6e42-419a-bcff-6dacfc1a7d5c,8e086cca-e301-41c5-bd39-15541095884e,2025-10-25T18:30:00,Eye Disorder (Netra Roga),"Triphala, Shatavari",Trataka,"Cool, light foods. Avoid spicy and fermented. Sweet, bitter, astringent.",2,43,Improved
408f77b4-c74b-4892-b697-747ba356cd99,4085f456-9147-4126-a499-3e59fcebe6a2,166ce257-216e-426d-801c-0107e4c4560d,2025-10-05T15:15:00,Diabetes (Madhumeha),"Gurmar, Karela, Vijaysar","Mandukasana, Yoga Nidra","Light, dry, warm foods. Avoid heavy and oily. Pungent, bitter, astringent.",4,62,Significantly Improved
00b403c9-c649-4129-a4ca-ac867d9c430c,95a5c4de-24b2-4b6a-a372-c1a6092bc230,d0bdbacd-9176-4824-8627-3e64f5026043,2025-10-22T10:15:00,Obesity (Sthoulya),"Triphala, Guggulu",Surya Namaskar,"Light, dry, warm foods. Avoid heavy and oily. Pungent, bitter, astringent.",5,53,Under Treatment
9dff8d1f-9ad0-4d8b-ad83-8ba40ef4cde3,d8409afe-4d08-4f6a-a5f3-83e9df67ff3b,0e930842-afc8-4f7f-afe6-62f001053454,2025-10-03T09:00:00,Diabetes (Madhumeha),"Gurmar, Karela, Vijaysar","Mandukasana, Yoga Nidra","Light, dry, warm foods. Avoid heavy and oily. Pungent, bitter, astringent.",7,86,Significantly Improved
551027a5-8f7a-41c6-b35a-d1413c3cbba1,b93d6a58-c904-47be-8757-39fbcc2ba754,bcf987bb-254e-4e88-8e3e-0a8f5927e793,2025-10-14T12:45:00,Migraine (Ardhavabhedaka),"Brahmi, Sarpagandha",Sheetali Pranayama,"Warm, oily foods. Avoid cold and dry. Sweet, sour, salty taste.",7,70,Stable
5e7b9279-38b3-402f-a308-621e89572430,de8c425a-ae57-449d-b012-9de69e1d4432,b91b7024-58d2-435b-9503-bd5f7521dc74,2025-10-16T14:00:00,Eye Disorder (Netra Roga),"Triphala, Shatavari",Trataka,"Cool, light foods. Avoid spicy and fermented. Sweet, bitter, astringent.",3,46,Stable
670b55d8-cc35-4c13-a089-fd880b1f35b8,6e61c4d6-37e1-48eb-b390-4e989d4a5a91,020a4eee-d507-4791-903a-785859335df7,2025-10-21T18:00:00,Migraine (Ardhavabhedaka),"Brahmi, Sarpagandha",Sheetali Pranayama,"Warm, oily foods. Avoid cold and dry. Sweet, sour, salty taste.",6,67,Improved
be14482e-6fd7-4b3c-92bf-ebf32bb1f722,693f23cc-b396-429b-b9d3-46f02c8637b4,fb4f8245-20f8-4516-a61b-687ae53bc800,2025-10-30T11:45:00,Obesity (Sthoulya),"Triphala, Guggulu",Surya Namaskar,"Light, dry, warm foods. Avoid heavy and oily. Pungent, bitter, astringent.",8,76,Stable
acbeae7f-f51f-48bf-a4f9-542ec4096ee5,15a49ab9-d04c-4a40-98d8-de6506297e69,949b6024-ec7f-4bf0-9afd-d3b2d61d8164,2025-10-29T09:15:00,Anxiety (Chittodvega),"Brahmi, Ashwagandha",Yoga Nidra,"Warm, oily foods. Avoid cold and dry. Sweet, sour, salty taste.",8,73,Significantly Improved
9d84f6f9-35b9-4e94-bbef-de47c6069208,7405f515-8d14-4922-85b9-32970e01833d,ff0727ab-bd5b-4a9b-8e0f-c219249935cc,2025-10-02T14:30:00,Eye Disorder (Netra Roga),"Triphala, Shatavari",Trataka,"Cool, light foods. Avoid spicy and fermented. Sweet, bitter, astringent.",3,43,Significantly Improved
37a5fea7-702d-4f8a-92e3-9af307740da5,11178a9b-1366-455e-8156-aa1a7d5b0005,1aca3f55-ed15-4633-99df-692745a2beb7,2025-10-19T18:45:00,Acidity (Amlapitta),"Shatavari, Licorice",Vajrasana,"Cool, light foods. Avoid spicy and fermented. Sweet, bitter, astringent.",3,59,Improved
22b5907b-4840-4a9a-9e45-790be6dc0fbd,86db459b-e385-44a5-9643-f2b1ebc9c0fc,0665be9b-7c10-432f-97f9-26ad64c4c96f,2025-10-11T09:15:00,Anxiety (Chittodvega),"Brahmi, Ashwagandha",Yoga Nidra,"Warm, oily foods. Avoid cold and dry. Sweet, sour, salty taste.",5,72,Under Treatment
b88bb6e8-3a1f-4466-9cd8-3dbe0ef48d3d,5dedd30d-4536-42d5-b657-352f2ab2ec79,a8be34ab-2d04-43bc-bfb7-c969dc2b4cd7,2025-10-11T12:45:00,Diabetes (Madhumeha),"Gurmar, Karela, Vijaysar","Mandukasana, Yoga Nidra","Light, dry, warm foods. Avoid heavy and oily. Pungent, bitter, astringent.",6,43,Significantly Improved
b07edc56-365e-468d-b935-4647eded5bb4,3fd4acc7-a233-4f2b-a3a5-f68015c85aa6,ed615cc0-4d55-4262-87b7-c41908890156,2025-10-15T17:00:00,Anxiety (Chittodvega),"Brahmi, Ashwagandha",Yoga Nidra,"Warm, oily foods. Avoid cold and dry. Sweet, sour, salty taste.",6,91,Stable
7874225e-bc66-4424-90c2-976efc668ad0,5cec6846-ee26-4a02-8fb2-577ebb323eff,f2546e0f-a955-4f01-be33-a9a4de450a8a,2025-10-18T18:45:00,Obesity (Sthoulya),"Triphala, Guggulu",Surya Namaskar,"Light, dry, warm foods. Avoid heavy and oily. Pungent, bitter, astringent.",7,84,Stable
9575bb96-2c90-4024-be22-5301eeeb61fc,3cd98ca7-8078-45cd-825d-9e94d41e7673,51c96f8e-5c25-485d-957d-acee4e218ab0,2025-10-02T12:00:00,Migraine (Ardhavabhedaka),"Brahmi, Sarpagandha",Sheetali Pranayama,"Warm, oily foods. Avoid cold and dry. Sweet, sour, salty taste.",4,94,Improved
c651aa9f-b4c5-4320-a49f-089f2cdd3e6b,e2e7ef21-a5dd-4765-903d-770a6aa7b5b8,7d263375-75dc-4c1b-9d7a-0b2f48949915,2025-10-03T11:30:00,Anxiety (Chittodvega),"Brahmi, Ashwagandha",Yoga Nidra,"Warm, oily foods. Avoid cold and dry. Sweet, sour, salty taste.",3,94,Improved
63c09114-f9c2-4679-a9ea-0c1964d94c49,98321cdc-abcd-42c7-9f17-b906cbfb79f8,ca828598-e5d9-4aa5-b7c1-b36c9d289ec0,2025-10-31T08:00:00,Diabetes (Madhumeha),"Gurmar, Karela, Vijaysar","Mandukasana, Yoga Nidra","Light, dry, warm foods. Avoid heavy and oily. Pungent, bitter, astringent.",5,45,Improved
eefbac30-af05-4150-a2d0-09f3632d34b5,4ea26a91-81f4-4484-8b88-1d9fab2d4d07,a877093d-c0bd-460b-ae6c-986bf5ed47df,2025-10-25T17:30:00,Migraine (Ardhavabhedaka),"Brahmi, Sarpagandha",Sheetali Pranayama,"Warm, oily foods. Avoid cold and dry. Sweet, sour, salty taste.",3,86,Significantly Improved
acc28666-dd23-4152-b9a3-372f3968260a,8dd249f2-8b35-4257-a69e-d11b40d353a2,853405ed-1ebc-4dc0-9525-b0f94cd9d811,2025-10-18T18:15:00,Eye Disorder (Netra Roga),"Triphala, Shatavari",Trataka,"Cool, light foods. Avoid spicy and fermented. Sweet, bitter, astringent.",3,67,Under Treatment
143dec3a-c4ef-4b8a-badb-4b0cc2b4817d,c9ff9487-d56b-4bf5-b1e8-2ba406c244c1,a5e59b76-b033-493c-ae14-bba0f1b8233f,2025-10-21T17:15:00,Acidity (Amlapitta),"Shatavari, Licorice",Vajrasana,"Cool, light foods. Avoid spicy and fermented. Sweet, bitter, astringent.",1,90,Significantly Improved
3e92bfe5-9dfa-4392-a46a-3213eb934d62,24f4365a-6bad-4f55-a9d4-85cfb50c6344,62f2a4b9-d22c-4076-a55c-d0c461b3f769,2025-10-19T09:15:00,Migraine (Ardhavabhedaka),"Brahmi, Sarpagandha",Sheetali Pranayama,"Warm, oily foods. Avoid cold and dry. Sweet, sour, salty taste.",4,57,Recovered
aed82cea-d406-4b6d-80c9-163ff85c3a24,57320573-a73d-43f2-88f3-ca2732a6465b,3f195e32-a24e-4482-958a-138a8754855b,2025-10-28T12:00:00,Diabetes (Madhumeha),"Gurmar, Karela, Vijaysar","Mandukasana, Yoga Nidra","Light, dry, warm foods. Avoid heavy and oily. Pungent, bitter, astringent.",6,70,Stable
d7631764-a36a-47ec-afc1-4469f1749c1f,5f050a4d-2240-4de3-86ad-cf19f243d441,ccbb8d1d-8ee6-4ca7-aa9c-ba107d1aa83a,2025-10-06T15:30:00,Eye Disorder (Netra Roga),"Triphala, Shatavari",Trataka,"Cool, light foods. Avoid spicy and fermented. Sweet, bitter, astringent.",2,51,Significantly Improved
190a06db-5bf1-4b79-a5bb-ffe68eeffe67,4a6e076e-dcef-4104-b594-a9deef576cfe,315ed2da-bb86-4d7d-b668-f35c51b353e6,2025-10-08T08:45:00,Diabetes (Madhumeha),"Gurmar, Karela, Vijaysar","Mandukasana, Yoga Nidra","Light, dry, warm foods. Avoid heavy and oily. Pungent, bitter, astringent.",3,45,Significantly Improved
629e7993-8e26-4f42-a564-9e9b2981e135,da99b674-4d79-4e03-8869-ecdcce4d9b81,eb686604-4952-4907-b292-c73911c8ee67,2025-10-27T09:00:00,Anxiety (Chittodvega),"Brahmi, Ashwagandha",Yoga Nidra,"Warm, oily foods. Avoid cold and dry. Sweet, sour, salty taste.",8,89,Under Treatment
e8ece983-1006-46de-a5ac-d13280d84979,29edb466-275b-4138-a1e7-983e323e7c7e,bfc84a90-3e2b-4068-ae28-1fd9d6b38eb2,2025-10-07T10:30:00,Acidity (Amlapitta),"Shatavari, Licorice",Vajrasana,"Cool, light foods. Avoid spicy and fermented. Sweet, bitter, astringent.",3,48,Significantly Improved
7bf50210-69a4-4154-b9ee-91b823267b64,9e5c2e10-0b35-4031-80d7-6b41a8a7eb71,25caa445-eb5c-41ad-bf15-7bce961544fb,2025-10-25T18:30:00,Obesity (Sthoulya),"Triphala, Guggulu",Surya Namaskar,"Light, dry, warm foods. Avoid heavy and oily. Pungent, bitter, astringent.",8,94,Significantly Improved
62978a89-03fb-4a1a-bcf4-e839a15b271e,8bc6c086-aab1-46c5-a26f-81589f7e2b14,d6396cfe-cd37-4d50-a90f-95d7f3cfb4f9,2025-10-20T17:45:00,Migraine (Ardhavabhedaka),"Brahmi, Sarpagandha",Sheetali Pranayama,"Warm, oily foods. Avoid cold and dry. Sweet, sour, salty taste.",5,45,Under Treatment
3957fada-f9f4-44ff-846b-5cda3319a1a7,8c4b76c3-ac41-41c5-aaac-20fc1393c550,84c1a535-b89a-4217-916c-6bd31b221b39,2025-10-14T16:00:00,Obesity (Sthoulya),"Triphala, Guggulu",Surya Namaskar,"Light, dry, warm foods. Avoid heavy and oily. Pungent, bitter, astringent.",3,87,Significantly Improved
8907c6c1-827f-42b1-bd1b-b53e6415ef36,db2fbf21-0495-47dd-a488-fffad8688fa2,3a4c72dc-d7e0-4a88-b9e0-6b2eb8246f3d,2025-10-22T15:00:00,Migraine (Ardhavabhedaka),"Brahmi, Sarpagandha",Sheetali Pranayama,"Warm, oily foods. Avoid cold and dry. Sweet, sour, salty taste.",4,56,Improved
7b07db0b-06b6-4107-9723-a681b2da3162,241e65cf-ac9d-4b5a-af47-b8641a48d384,c8d0d4f6-a156-46b6-8075-6f295a5a18ea,2025-10-13T17:30:00,Diabetes (Madhumeha),"Gurmar, Karela, Vijaysar","Mandukasana, Yoga Nidra","Light, dry, warm foods. Avoid heavy and oily. Pungent, bitter, astringent.",3,69,Under Treatment
220e11de-213a-4b33-94ce-ae868266254c,6e0cf555-9007-43cd-98eb-1e34d984c38b,768dd53e-157d-4518-b88c-4e45bde404c8,2025-10-07T17:30:00,Acidity (Amlapitta),"Shatavari, Licorice",Vajrasana,"Cool, light foods. Avoid spicy and fermented. Sweet, bitter, astringent.",1,57,Significantly Improved
556e0fd2-a2d3-4257-8e21-79461424bad9,d3e9e3ed-00ef-4cd2-9ea2-5de5ff487ba3,62f0ef42-092c-4055-b775-8cfc504588ab,2025-10-01T17:30:00,Acidity (Amlapitta),"Shatavari, Licorice",Vajrasana,"Cool, light foods. Avoid spicy and fermented. Sweet, bitter, astringent.",3,52,Significantly Improved
e56449f0-236a-48f1-80e6-be1ed1dc0bbd,4fb8e2f3-b4bd-4a81-a9f5-3a342b15155c,f76c742c-883a-429d-9b46-5c08672b055a,2025-10-25T11:00:00,Vitiligo (Shwitra),"Bakuchi, Neem, Manjistha",Sheetali Pranayama,"Cool, light foods. Avoid spicy and fermented. Sweet, bitter, astringent.",2,65,Improved
4f064037-d9fa-42e6-9fde-fa95d691ce21,ee8a5344-5c59-46af-bbc4-14de251c5771,3dc8c0c7-39ec-44ab-a081-4f10cb6bf318,2025-10-10T08:15:00,Burnout (Chitta Klama),"Ashwagandha, Brahmi, Jatamansi",Yoga Nidra,"Warm, oily foods. Avoid cold and dry. Sweet, sour, salty taste.",3,64,Recovered
b2fa01bb-1209-48ca-900c-bc06d58a32d2,6b9fb090-091c-4629-b48a-908b23dd480a,55cfbce9-0901-4bfa-a0c8-2dc9657cecf4,2025-10-13T08:15:00,Vitiligo (Shwitra),"Bakuchi, Neem, Manjistha",Sheetali Pranayama,"Cool, light foods. Avoid spicy and fermented. Sweet, bitter, astringent.",10,78,Improved
3105a3fa-b620-4b0f-9163-89ea971f976b,23017af6-e0b1-43ce-9ee4-3828ed8551f8,65873487-2f39-462c-80fb-1f3235c31160,2025-10-27T15:30:00,Gastritis (Urdhva Amlapitta),"Yashtimadhu, Amla",Vajrasana,"Cool, light foods. Avoid spicy and fermented. Sweet, bitter, astringent.",1,85,Improved
1285d1f7-2db7-49f0-8ef1-78385f6ef848,4fb9fb01-2835-4f9b-ad64-f9f690562be8,70566671-3c9a-4bbe-b741-23443d9823d8,2025-10-11T14:00:00,Fatty Liver (Yakrit Meda Vriddhi),"Bhumi Amla, Guduchi, Triphala",Surya Namaskar,"Light, dry, warm foods. Avoid heavy and oily. Pungent, bitter, astringent.",2,64,Improved
aef1d30a-e63d-45a7-bb16-2eb985f6946f,cdc53634-b109-4a90-9e24-27af7ec732bd,4a4fbedf-2374-4931-af29-bcae6381b005,2025-10-24T08:30:00,Dandruff (Darunaka),"Neem, Aloe Vera, Bhringraj",Scalp massage,"Light, dry, warm foods. Avoid heavy and oily. Pungent, bitter, astringent.",5,47,Under Treatment
727b0f5b-5ec1-4ef3-9e71-89e458d9c693,9e5f785c-3141-4090-a6e1-31f242f07355,b5634b91-21d2-4c41-857b-400aa4077bce,2025-10-20T12:15:00,Digestive Disorder (Vikara),"Triphala, Ginger","Vajrasana, Pranayama","Cool, light foods. Avoid spicy and fermented. Sweet, bitter, astringent.",8,49,Improved
3f1df71f-408f-492a-99c9-591f6c78ba2a,b16790cc-1c02-4203-b2c9-7bf3bbc6dce8,92be9def-714c-4984-b669-0d6a123be20d,2025-10-09T18:00:00,Sciatica (Gridhrasi),"Nirgundi, Guggulu",Pawanmuktasana,"Warm, oily foods. Avoid cold and dry. Sweet, sour, salty taste.",1,84,Improved
a1bb02ca-14e0-4436-a44c-4bf9f7719f5b,e4826804-30c0-4271-aba9-f0fa47a4d295,7101712f-75ae-4df1-a23e-383de5d12d68,2025-10-24T10:30:00,Thyroid Disorder (Galaganda Vikara),"Ashwagandha, Guggulu, Kanchanar",Sarvangasana,"Warm, oily foods. Avoid cold and dry. Sweet, sour, salty taste.",7,49,Improved
7b6ce1f1-12f2-41e7-9354-02aa8a6a83ce,b0bb2b40-4f60-4e5f-a5bc-7f95a5826ba8,4aeec75f-c029-4ab8-94d6-05d772c500d9,2025-10-29T16:00:00,Depression (Vishada),"Ashwagandha, Brahmi, Jatamansi",Yoga Nidra,"Warm, oily foods. Avoid cold and dry. Sweet, sour, salty taste.",3,49,Significantly Improved
2d97c45e-5aa6-4c4d-94f9-cebef348dcd4,1ceb4c9c-c535-4693-a6af-7c095a76efeb,288ef4a7-9c53-4d38-a3a6-fd7f617ae217,2025-10-20T14:15:00,Alopecia (Indralupta),"Bhringraj, Amla, Neem",Head massage,"Cool, light foods. Avoid spicy and fermented. Sweet, bitter, astringent.",2,89,Stable
cd02a8c6-3f4a-47f7-b892-97927e91de59,ed4afae7-e3c6-465c-9cfe-456ec694f253,a166034d-a809-47de-b2f3-97f4bf2309c1,2025-10-30T10:15:00,Conjunctivitis (Netra Abhishyanda),"Triphala eye wash, Rose water",Netra Vyayama,"Cool, light foods. Avoid spicy and fermented. Sweet, bitter, astringent.",2,87,Stable
acc0bec9-6353-49f5-a26f-51ec65112737,31632b7e-f0fb-4bf2-9b6f-694303d8c48c,9994585f-1f74-4f08-a5d9-d1ac437ccd17,2025-10-31T18:15:00,Gout (Vatarakta),"Guduchi, Triphala",Gentle stretching,"Cool, light foods. Avoid spicy and fermented. Sweet, bitter, astringent.",2,54,Significantly Improved
54d5f623-a16c-4fe6-aa40-9d33ece79963,555ab5cc-8c89-4fc3-93e0-b67a8d5cd78b,72f6c2b6-14bd-4a91-998b-f35a7a25af50,2025-10-13T14:45:00,Hepatitis (Kamala),"Bhumi Amla, Turmeric, Kutki",Dhanurasana,"Cool, light foods. Avoid spicy and fermented. Sweet, bitter, astringent.",14,71,Under Treatment
91838853-2955-4841-83fd-52521d162acc,f05a9cb5-6110-4502-95e1-810ac6ab6b33,e507878d-665a-448f-add2-382614a92f86,2025-10-21T08:45:00,Pharyngitis (Galashotha),"Tulsi, Yashtimadhu",Bhramari Pranayama,"Light, dry, warm foods. Avoid heavy and oily. Pungent, bitter, astringent.",1,75,Improved
0a1c2748-21fa-4fca-930f-3c2217b56a08,b04a2d73-1fa1-4be0-95bc-c1de06279db2,22e46dfe-35e8-415e-899e-c13606fe517f,2025-10-13T09:00:00,Dandruff (Darunaka),"Neem, Aloe Vera, Bhringraj",Scalp massage,"Light, dry, warm foods. Avoid heavy and oily. Pungent, bitter, astringent.",8,56,Significantly Improved
fbf544bf-7f3b-4e1e-b27b-33a7fbae3c63,f0755502-6c6b-43ea-92be-1e8fe6e8750c,60c953df-8375-459f-bdaf-80072a0f1321,2025-10-09T12:30:00,Gastritis (Urdhva Amlapitta),"Yashtimadhu, Amla",Vajrasana,"Cool, light foods. Avoid spicy and fermented. Sweet, bitter, astringent.",6,59,Improved
1ad255f6-24a9-45bf-81a8-39be6c98fcba,543d091d-7553-4dd7-821c-36cf4f8c98e2,5972f3a3-cf42-4097-a455-fd1918d38d68,2025-10-03T09:30:00,Anemia (Pandu Roga),"Punarnava, Loha Bhasma, Amla",Surya Namaskar,"Cool, light foods. Avoid spicy and fermented. Sweet, bitter, astringent.",5,67,Improved
9cb327e8-b9f3-42d6-95b2-35c192258b36,d3576797-5424-453b-a494-48892044246a,24be8a61-13fb-40a9-841b-aeb6063e7bcc,2025-10-20T11:30:00,Conjunctivitis (Netra Abhishyanda),"Triphala eye wash, Rose water",Netra Vyayama,"Cool, light foods. Avoid spicy and fermented. Sweet, bitter, astringent.",6,84,Improved
162bcd1f-c20f-41a9-91f5-6bce8dcb5c3d,93ce8258-f6c1-4a17-88c4-c6132b841341,a1ee5ad0-5edf-4a8a-829e-593580918455,2025-10-16T15:45:00,Depression (Vishada),"Ashwagandha, Brahmi, Jatamansi",Yoga Nidra,"Warm, oily foods. Avoid cold and dry. Sweet, sour, salty taste.",4,49,Improved
32199f92-54b3-4fe5-b8aa-28336d6e70a1,7cd9c8b8-4769-4f43-ae3b-2ef1c8f18928,64aaec4c-d3d0-4fa2-99ba-df2c34f3f671,2025-10-16T15:30:00,Hyperthyroidism (Atisweda),"Ashwagandha, Shatavari, Brahmi",Sheetali Pranayama,"Cool, light foods. Avoid spicy and fermented. Sweet, bitter, astringent.",9,51,Significantly Improved
2b198f2f-561d-49b5-8ad5-92f0c2225f83,1895acd7-b472-439c-900f-868a68083e02,1510b690-60d8-4fe0-9c99-68528c274fc6,2025-10-01T15:15:00,Angina (Hrit Shoola),"Arjuna, Guggulu",Gentle breathing,"Warm, oily foods. Avoid cold and dry. Sweet, sour, salty taste.",14,75,Stable
777988b2-3e04-4353-b6b0-d172e393280c,32fb151f-1500-4802-bf2e-a28569bca551,0e084886-03ca-4263-b919-a437a6f0d1b1,2025-10-15T11:45:00,Chronic Fatigue Syndrome (Klama),"Ashwagandha, Shatavari",Yoga Nidra,"Warm, oily foods. Avoid cold and dry. Sweet, sour, salty taste.",6,68,Significantly Improved
7b6fbdee-1154-4b7b-bf29-167223ed2f1d,d5a4ac87-cd1f-4adc-bdd0-22a28ea02722,4e52c91a-1925-47e6-9b05-fa947c9c5aa6,2025-10-04T10:15:00,Menstrual Disorder (Artava Dushti),"Ashwagandha, Shatavari",Baddha Konasana,"Warm, oily foods. Avoid cold and dry. Sweet, sour, salty taste.",7,75,Improved
72d93d3f-b472-4eaf-a4db-d971ae680f12,da107e8b-0fce-4d30-acb4-2d9b6cc0d44c,e9a473a9-417d-43f6-a374-0b8334de2c94,2025-10-07T08:30:00,Spondylosis (Griva Sandhigata Vata),"Nirgundi, Ashwagandha",Neck stretches,"Warm, oily foods. Avoid cold and dry. Sweet, sour, salty taste.",15,82,Stable
2cf8867c-3c86-402c-9aae-0fe176ac09b1,b8f984da-629d-4075-80f8-a3e0653300a9,1d9daf72-a7ea-4f49-a747-9109ddb3c4c4,2025-10-17T11:00:00,Typhoid (Antrika Jwara),"Guduchi, Sudarshan Churna","Rest, Shavasana","Cool, light foods. Avoid spicy and fermented. Sweet, bitter, astringent.",2,73,Improved
7f2ff637-a79e-4bc7-8e21-b6ce0fcaf2ba,36f87c44-6ddc-4e07-95ba-aeac7ef1173d,fa2fca8a-f148-4241-acc0-0d8c41816e26,2025-10-21T14:30:00,Hypertension (Raktachaapa Vriddhi),"Arjuna, Sarpagandha, Ashwagandha","Shavasana, Anulom Vilom","Cool, light foods. Avoid spicy and fermented. Sweet, bitter, astringent.",2,87,Improved
0f47a2df-619c-4268-98a9-6a9445fa8f63,5d88a728-570d-4b0f-a63b-28efe8390b13,10ecc8ae-f2d0-43fc-a201-a64886fc8889,2025-10-10T11:45:00,Peptic Ulcer (Parinama Shoola),"Yashtimadhu, Shatavari",Vajrasana,"Cool, light foods. Avoid spicy and fermented. Sweet, bitter, astringent.",7,61,Improved
be0f36f4-197a-48aa-ba3c-694cd9d7738d,0b4e2fc4-5466-4165-86ed-37639ebad97c,fb82220d-3a03-41df-a7ec-fc60abab149c,2025-10-12T12:15:00,Pharyngitis (Galashotha),"Tulsi, Yashtimadhu",Bhramari Pranayama,"Light, dry, warm foods. Avoid heavy and oily. Pungent, bitter, astringent.",6,53,Improved
bdbf981d-df30-4308-9867-7d5c43a94636,493ce533-a40e-41da-b998-80990e815203,208b9e34-8d99-44d9-8f63-58c76c3e5651,2025-10-16T15:45:00,Chickenpox (Laghu Masurika),"Neem, Tulsi, Guduchi",Rest,"Cool, light foods. Avoid spicy and fermented. Sweet, bitter, astringent.",6,90,Significantly Improved
03a8305a-ed86-435e-ab73-8f8961326bbb,99d9b857-938b-4b16-845a-1f6b0d26d32c,a0a1bee5-53d1-46c7-bfb0-750887ef50ca,2025-10-31T09:30:00,Gingivitis (Danta Vidradhi),"Triphala, Clove oil",Oil pulling,"Cool, light foods. Avoid spicy and fermented. Sweet, bitter, astringent.",3,59,Improved
e3bc30b8-0df2-42a0-ab2f-1229139252ea,ed58e6bd-cecb-4775-9d05-fb746eca2b0d,d51d20ea-c980-4ff5-9351-104d9da57c4a,2025-10-20T18:45:00,Menstrual Disorder (Artava Dushti),"Ashwagandha, Shatavari",Baddha Konasana,"Warm, oily foods. Avoid cold and dry. Sweet, sour, salty taste.",1,45,Under Treatment
063423cc-4224-4232-a173-c040d3216fd4,fea594d1-51c1-49d5-b122-05b855ebd770,a8ee7128-9ef8-4395-8108-0dbe7f792e6b,2025-10-09T11:45:00,Eczema (Vicharchika),"Neem, Aloe Vera, Turmeric",Sheetali Pranayama,"Cool, light foods. Avoid spicy and fermented. Sweet, bitter, astringent.",8,77,Recovered
6ea23d9a-e5d9-474f-b818-c13462692812,db0de662-dbfb-4d5c-82a8-4c023a91c8a4,e6a8b2cc-1ca2-4a25-a749-99fa28ad95e9,2025-10-25T12:45:00,Typhoid (Antrika Jwara),"Guduchi, Sudarshan Churna","Rest, Shavasana","Cool, light foods. Avoid spicy and fermented. Sweet, bitter, astringent.",1,45,Stable
56297c73-376d-4edb-951c-b09ce8991a7a,be26446d-93d6-4805-ab7c-cdeeb20a2eb4,5d6616e3-bfbc-47ff-8db5-5a4948b91e2b,2025-10-20T17:45:00,Tinnitus (Karnanada),"Brahmi, Ashwagandha",Bhramari Pranayama,"Warm, oily foods. Avoid cold and dry. Sweet, sour, salty taste.",1,77,Significantly Improved
694bcb09-0715-4bfb-b835-a8a189f64324,defdd252-abe9-4855-92cd-b1f0337e9437,14c32aa1-bf87-4ab0-80b3-3a69e0ed1f97,2025-10-14T11:15:00,Fatty Liver (Yakrit Meda Vriddhi),"Bhumi Amla, Guduchi, Triphala",Surya Namaskar,"Light, dry, warm foods. Avoid heavy and oily. Pungent, bitter, astringent.",3,50,Improved
f153b14e-3d3d-4b2d-853f-c14e9b575292,fe89faac-b42c-4ef1-beca-7f35770db8d2,bf618f90-4d51-4709-95fc-d0042b0aab41,2025-10-21T13:45:00,Thyroid Disorder (Galaganda Vikara),"Ashwagandha, Guggulu, Kanchanar",Sarvangasana,"Warm, oily foods. Avoid cold and dry. Sweet, sour, salty taste.",6,83,Significantly Improved
2c3ecef4-1cb9-4d6a-844b-7bb2a88b713d,56aa1c89-a115-47e1-a6e4-fe255a78cc27,4149d816-b4c3-45bb-838f-32463204b55a,2025-10-16T18:15:00,Peptic Ulcer (Parinama Shoola),"Yashtimadhu, Shatavari",Vajrasana,"Cool, light foods. Avoid spicy and fermented. Sweet, bitter, astringent.",15,66,Stable
e3761f56-c90f-49cd-9c92-dcc110ee4eca,32bafd96-edb2-4e9a-989a-77aede454a3a,0c09385f-d3ec-4ca9-9b1d-7f96a081812b,2025-10-30T16:45:00,Alopecia (Indralupta),"Bhringraj, Amla, Neem",Head massage,"Cool, light foods. Avoid spicy and fermented. Sweet, bitter, astringent.",7,52,Recovered
a638af03-dac5-448a-9a91-52e9ae495774,32bafd96-edb2-4e9a-989a-77aede454a3a,76208dc8-9a68-4d18-ade2-f86839ec81c0,2025-10-05T14:45:00,Hyperlipidemia (Medo Vriddhi),"Guggulu, Arjuna, Triphala",Surya Namaskar,"Light, dry, warm foods. Avoid heavy and oily. Pungent, bitter, astringent.",2,73,Stable
8d6fd68b-291e-484e-83ab-1694a2e1b42e,ecc67b78-7069-4509-8a49-77213e4d7b60,96595658-93ae-4ac4-a82d-03385c7fb4f2,2025-10-20T15:00:00,Vitiligo (Shwitra),"Bakuchi, Neem, Manjistha",Sheetali Pranayama,"Cool, light foods. Avoid spicy and fermented. Sweet, bitter, astringent.",3,56,Improved
aa202e49-d32f-42d1-9744-739ecd1a7484,154bbf2d-5368-4eeb-9ffa-33967d0ab6c6,7e5aed49-93d9-424d-9001-2571f789edca,2025-10-14T10:00:00,Back Pain (Prishtha Shoola),"Guggulu, Ashwagandha",Bhujangasana,"Warm, oily foods. Avoid cold and dry. Sweet, sour, salty taste.",8,54,Significantly Improved
6a989193-a330-4b8f-9d55-ffd80d7e576d,d1cf9352-15bd-4106-8051-f0e95268a154,733659c7-f781-45c2-b918-16cf0d64ed6b,2025-10-09T08:45:00,Sciatica (Gridhrasi),"Nirgundi, Guggulu",Pawanmuktasana,"Warm, oily foods. Avoid cold and dry. Sweet, sour, salty taste.",14,74,Significantly Improved
ebeac841-adc2-4cfd-a68a-a0201aafd77f,7c68fc39-17fe-480d-8e3d-5f5c1b3ffcc0,5349f479-ff1a-4936-8438-2509e00fc54c,2025-10-13T14:30:00,Osteoarthritis (Sandhivata),"Turmeric, Ashwagandha, Guggulu",Trikonasana,"Warm, oily foods. Avoid cold and dry. Sweet, sour, salty taste.",3,69,Recovered
cefe3212-d038-4f61-a2ed-0c7d72087b5d,e2e7ef21-a5dd-4765-903d-770a6aa7b5b8,56a8532f-749b-4a5e-a69c-7bd4d462e758,2025-10-23T14:15:00,Cystitis (Mutrakrichra),"Gokshura, Punarnava",Baddha Konasana,"Warm, oily foods. Avoid cold and dry. Sweet, sour, salty taste.",3,91,Improved
b4ddf111-10e1-42d3-97f7-242a49f73f5f,f63d7a99-d9a3-4001-815a-e87596bbdf9e,d1453de7-71e2-4856-9e65-9584501bfc18,2025-10-18T11:15:00,Sciatica (Gridhrasi),"Nirgundi, Guggulu",Pawanmuktasana,"Warm, oily foods. Avoid cold and dry. Sweet, sour, salty taste.",6,84,Under Treatment
2636d23f-fe85-4878-aca3-08871b100fce,b04a2d73-1fa1-4be0-95bc-c1de06279db2,f58792b3-9ef6-4d98-a058-d9948ed2feec,2025-10-29T11:45:00,Back Pain (Prishtha Shoola),"Guggulu, Ashwagandha",Bhujangasana,"Warm, oily foods. Avoid cold and dry. Sweet, sour, salty taste.",7,88,Improved
241b589a-7311-4bdd-96c7-95f104839435,3b2b32e1-d89f-4be7-85a6-7f655317bb74,9bd2aa60-46b5-47cc-9f23-dfed5385c587,2025-10-14T15:00:00,Peptic Ulcer (Parinama Shoola),"Yashtimadhu, Shatavari",Vajrasana,"Cool, light foods. Avoid spicy and fermented. Sweet, bitter, astringent.",3,73,Stable
67f88aa2-0e32-48cf-a874-72ec42dd973c,7765e897-4d14-423e-b0ec-e49d2287ba05,2932d647-c0dc-499c-acfa-98015503c52a,2025-10-17T11:00:00,Thyroid Disorder (Galaganda Vikara),"Ashwagandha, Guggulu, Kanchanar",Sarvangasana,"Warm, oily foods. Avoid cold and dry. Sweet, sour, salty taste.",5,81,Significantly Improved
c7a163a5-359d-4238-99f4-eaac47246455,c2bd62d4-1a44-40d8-8141-8e1efbfebfd1,c68f5d41-fb6e-4323-a0ab-af163b3b1074,2025-10-11T13:15:00,Thyroid Disorder (Galaganda Vikara),"Ashwagandha, Guggulu, Kanchanar",Sarvangasana,"Warm, oily foods. Avoid cold and dry. Sweet, sour, salty taste.",6,73,Significantly Improved
b7b8cf9c-274b-4775-8307-dd1ffd0cb4f3,ea26129d-95c5-47a2-b116-084b8b787324,6d96d116-18dc-4c9d-832d-55ea7ddab342,2025-10-27T16:00:00,Thyroid Disorder (Galaganda Vikara),"Ashwagandha, Guggulu, Kanchanar",Sarvangasana,"Warm, oily foods. Avoid cold and dry. Sweet, sour, salty taste.",4,46,Under Treatment
5e2012c8-6ace-488f-9e02-e4c4e10bc375,2face8de-5c80-4720-95a1-87f466a8f3ff,d511e52a-c4cc-4f8a-9f9f-e7cfa740816f,2025-10-19T17:30:00,Osteoarthritis (Sandhivata),"Turmeric, Ashwagandha, Guggulu",Trikonasana,"Warm, oily foods. Avoid cold and dry. Sweet, sour, salty taste.",8,72,Recovered
3655dcdd-f6b3-4b87-a27c-10f6f848fba2,0ec0b0fa-49cc-4628-aefa-69bd71e5cbfe,e044d621-143c-4348-a65d-dc8b451d1ba1,2025-11-24T08:45:00,Anxiety (Chittodvega),"Brahmi, Ashwagandha","Yoga Nidra, Shavasana","Warm, oily foods. Avoid cold and dry. Sweet, sour, salty taste.",8,41,Significantly Improved
8e355f78-f574-4499-8e01-2b7261e1bd8a,be26446d-93d6-4805-ab7c-cdeeb20a2eb4,151719ff-d69b-4c27-b9fd-c9c83d7bda82,2025-11-17T16:30:00,Bronchitis (Kasa),"Vasaka, Pippali, Tulsi",Kapalbhati,"Light, dry, warm foods. Avoid heavy and oily. Pungent, bitter, astringent.",5,54,Significantly Improved
f0cc50b8-8a7b-4b0b-9ac0-947769121956,fd0d50f0-aca2-4154-beba-a56f799fe71e,b56ee117-4d10-46c7-8b86-28ac9c8bd12d,2025-11-07T13:30:00,Diabetes (Madhumeha),"Gurmar, Karela",Mandukasana,"Light, dry, warm foods. Avoid heavy and oily. Pungent, bitter, astringent.",5,51,Stable
07a226c2-fa7b-474d-9026-5a37de565aeb,78acf6f5-f8f3-4120-8ea2-b8d4746670b9,291ff007-c0e7-4cfc-ae42-ac90563fff2d,2025-11-26T16:15:00,Obesity (Sthoulya),"Triphala, Guggulu",Surya Namaskar,"Light, dry, warm foods. Avoid heavy and oily. Pungent, bitter, astringent.",5,67,Stable
e36afcef-dc08-4f08-8863-541f3afbd841,8e19d97b-7381-4316-8120-3e70a3e0fc81,61102fb2-2a55-4445-b95f-59d66db674c8,2025-11-15T12:30:00,Anxiety (Chittodvega),"Brahmi, Ashwagandha","Yoga Nidra, Shavasana","Warm, oily foods. Avoid cold and dry. Sweet, sour, salty taste.",7,60,Recovered
c7ca6b27-c52e-4d37-bdfe-1cb270e587fb,2859a253-a766-4e3d-b8eb-8a952727637b,c01d075b-af06-4bf1-aea5-dbdd5d96531c,2025-11-01T18:30:00,Cough (Kasa),"Sitopaladi Churna, Tulsi",Pranayama,"Light, dry, warm foods. Avoid heavy and oily. Pungent, bitter, astringent.",3,89,Significantly Improved
747260e3-3777-4aed-b3f3-51ddcc504d7a,397debef-5867-4bca-b342-bacff63be257,1005c5e0-f4fc-42c1-b649-04f2a861809e,2025-11-25T18:00:00,Cough (Kasa),"Sitopaladi Churna, Tulsi",Pranayama,"Light, dry, warm foods. Avoid heavy and oily. Pungent, bitter, astringent.",3,52,Under Treatment
709dd6f8-cd92-4ba8-8f58-d0dc47a3fb94,c3030c9a-00cc-4459-b859-fe10292f40d7,228c6fc6-5fb0-4cef-9855-2bfae6e08bfd,2025-11-11T14:30:00,Cough (Kasa),"Sitopaladi Churna, Tulsi",Pranayama,"Light, dry, warm foods. Avoid heavy and oily. Pungent, bitter, astringent.",1,77,Improved
8f7a0267-981f-46a8-94c7-9d9d81147ffa,bee20f11-3865-4feb-a005-871c0d584c67,243faf15-18a2-4909-bc3e-02b1a39dc9a9,2025-11-06T15:15:00,Bronchitis (Kasa),"Vasaka, Pippali, Tulsi",Kapalbhati,"Light, dry, warm foods. Avoid heavy and oily. Pungent, bitter, astringent.",3,53,Under Treatment
090fd08a-5ac1-4086-a999-1a5701c557ed,4afead81-0af3-456f-ae1d-9696a439c45a,0eaae0b4-1731-4436-8da0-541de689ea75,2025-11-01T10:15:00,Diabetes (Madhumeha),"Gurmar, Karela",Mandukasana,"Light, dry, warm foods. Avoid heavy and oily. Pungent, bitter, astringent.",4,73,Improved
3b77b86e-2e23-4872-84d7-904ebe519ae5,e8a1050b-c761-48ab-9b87-8a706f3b933f,0f1c851a-70a4-4bb3-a54d-a5d67d157cda,2025-11-21T17:15:00,Bronchitis (Kasa),"Vasaka, Pippali, Tulsi",Kapalbhati,"Light, dry, warm foods. Avoid heavy and oily. Pungent, bitter, astringent.",5,68,Under Treatment
293d3786-e5bf-4de5-af3c-8df0a6abc937,4fb8e2f3-b4bd-4a81-a9f5-3a342b15155c,0d32c7f6-dbe6-4881-9e48-ba0086a5cd2b,2025-11-14T11:15:00,Obesity (Sthoulya),"Triphala, Guggulu",Surya Namaskar,"Light, dry, warm foods. Avoid heavy and oily. Pungent, bitter, astringent.",5,73,Improved
1b129590-a1dc-40bf-8db6-3718fad7f603,c6dfcad8-0bc5-42a5-a9a9-11b726e64b66,4861023d-4a81-441e-8a89-723173eb5213,2025-11-15T18:15:00,Constipation (Vibandha),"Triphala, Isabgol",Pawanmuktasana,"Warm, oily foods. Avoid cold and dry. Sweet, sour, salty taste.",1,95,Stable
f4178039-a6c0-4f81-8a5e-6cbde08a4a00,2ad5cc12-77b7-451a-8dcc-a41f1444db32,7f7b9ffb-c90c-4cc5-9138-3a1d8e10a7f7,2025-11-20T18:45:00,Diabetes (Madhumeha),"Gurmar, Karela",Mandukasana,"Light, dry, warm foods. Avoid heavy and oily. Pungent, bitter, astringent.",8,77,Stable
743128dc-6473-4328-acee-36e6d5b8738e,3cca0873-c067-40c9-9ae5-f986a02e95d1,3cf230b5-a0a7-4350-a84a-12711f3070c0,2025-11-18T17:30:00,Constipation (Vibandha),"Triphala, Isabgol",Pawanmuktasana,"Warm, oily foods. Avoid cold and dry. Sweet, sour, salty taste.",2,83,Under Treatment
7b327888-8cc7-4d55-b1a2-b0bf330854ca,4ebe7dd8-8503-47cb-9882-85dd218f2c2f,53163a3e-9a77-4e55-99bf-ee20ef1d0ce2,2025-11-17T17:00:00,Diabetes (Madhumeha),"Gurmar, Karela",Mandukasana,"Light, dry, warm foods. Avoid heavy and oily. Pungent, bitter, astringent.",8,81,Under Treatment
60b3eb26-21bd-44be-b872-0162f3eee5cf,41e9605c-8948-4f5a-94d3-e43cb80d992f,52ea1b2f-11a1-44b5-8b64-02b35b1da406,2025-11-08T13:00:00,Diabetes (Madhumeha),"Gurmar, Karela",Mandukasana,"Light, dry, warm foods. Avoid heavy and oily. Pungent, bitter, astringent.",7,78,Significantly Improved
b5d9bf64-4352-43f1-932e-de2285d450e4,14a18b3c-01bd-4e37-92cb-b0298026958b,20d51300-b173-43a2-947f-a6c051613b2b,2025-11-03T08:15:00,Constipation (Vibandha),"Triphala, Isabgol",Pawanmuktasana,"Warm, oily foods. Avoid cold and dry. Sweet, sour, salty taste.",2,93,Stable
a5a1f21f-3bcf-4c74-be0c-d9bd38316f85,4f048eaf-3e00-4fad-a583-8453c8594b6b,f19bb538-bd2b-40ac-b9d9-fdaff2511203,2025-11-12T10:30:00,Obesity (Sthoulya),"Triphala, Guggulu",Surya Namaskar,"Light, dry, warm foods. Avoid heavy and oily. Pungent, bitter, astringent.",3,49,Improved
3dcf9eec-1ba5-4a09-91bd-0b44383df288,a6593654-1c00-458a-b45b-f60b44fe0196,2859c0e6-39df-4bb9-84d4-de6c2b1346a5,2025-11-18T17:00:00,Cough (Kasa),"Sitopaladi Churna, Tulsi",Pranayama,"Light, dry, warm foods. Avoid heavy and oily. Pungent, bitter, astringent.",1,78,Improved
4b6681a3-2443-4906-92fc-941cc8e3fb40,29c10c90-8823-43f7-b9eb-e94f5a23f4c0,b92719b5-3453-4e17-80f6-ad7ce76e03ba,2025-11-22T15:30:00,Constipation (Vibandha),"Triphala, Isabgol",Pawanmuktasana,"Warm, oily foods. Avoid cold and dry. Sweet, sour, salty taste.",1,76,Under Treatment
9cba599f-ba79-44fe-96b2-741cf0032e41,936e7eea-1b7f-448d-808d-f30f1a0daf00,20f49568-be1e-4a1c-a71c-19db70975d7f,2025-11-05T13:15:00,Obesity (Sthoulya),"Triphala, Guggulu",Surya Namaskar,"Light, dry, warm foods. Avoid heavy and oily. Pungent, bitter, astringent.",4,79,Improved
33dd1cc4-f0cc-4926-8dc1-c7f4acbe4682,ba5ad147-af95-4763-9c85-609bb2d20d41,ebd2d567-27ad-4fda-b3e2-fd1fe3665119,2025-11-30T15:15:00,Cough (Kasa),"Sitopaladi Churna, Tulsi",Pranayama,"Light, dry, warm foods. Avoid heavy and oily. Pungent, bitter, astringent.",2,92,Stable
4454c0c4-bbf2-4e89-b6f4-93b100cc2a90,3fd4acc7-a233-4f2b-a3a5-f68015c85aa6,49f28195-9593-4086-935c-4e5b96e04543,2025-11-04T18:00:00,Cough (Kasa),"Sitopaladi Churna, Tulsi",Pranayama,"Light, dry, warm foods. Avoid heavy and oily. Pungent, bitter, astringent.",2,58,Improved
d3542dee-1b53-4b85-9d06-561b7c9c4c75,d6c60be3-cff8-42f5-8e07-ad4b145e5b4f,a9b1e4fc-0b5f-430a-a070-eab6f2424965,2025-11-12T14:15:00,Diabetes (Madhumeha),"Gurmar, Karela",Mandukasana,"Light, dry, warm foods. Avoid heavy and oily. Pungent, bitter, astringent.",7,90,Recovered
ddb3ae55-f1e5-4af1-94d2-070f310731d9,f6b7380f-2a17-403a-ba0e-4fd6d89f8a89,1321f2b9-76b1-40d3-a4ff-533e54d946b6,2025-11-15T16:30:00,Obesity (Sthoulya),"Triphala, Guggulu",Surya Namaskar,"Light, dry, warm foods. Avoid heavy and oily. Pungent, bitter, astringent.",8,66,Stable
50ee5afb-4266-446b-aefc-5c0e85386eb0,b36e596f-035d-4084-9bf4-359f8f0ba914,73285001-ded9-4eac-b087-bc5ede2e1641,2025-11-12T13:45:00,Obesity (Sthoulya),"Triphala, Guggulu",Surya Namaskar,"Light, dry, warm foods. Avoid heavy and oily. Pungent, bitter, astringent.",3,77,Significantly Improved
33474f63-e6ff-4bab-a1f9-4fac70faa45c,ef4e3f5f-47e3-4556-beb8-81780a68ca4e,af9221df-dd1b-4262-a3b5-948f88bd1b26,2025-11-24T17:15:00,Obesity (Sthoulya),"Triphala, Guggulu",Surya Namaskar,"Light, dry, warm foods. Avoid heavy and oily. Pungent, bitter, astringent.",8,73,Under Treatment
7411f18d-8453-415b-acba-5b0d639b2867,37349495-b504-4d21-bb22-c1a99e1770d8,99d2e2e7-fa14-4e10-b988-a1703081eb36,2025-11-12T16:15:00,Bronchitis (Kasa),"Vasaka, Pippali, Tulsi",Kapalbhati,"Light, dry, warm foods. Avoid heavy and oily. Pungent, bitter, astringent.",3,50,Significantly Improved
fa72f540-d2bc-4edf-8a67-77f9efc6d254,919dd9fe-8727-4be0-b1d9-605ec59b16a6,2a1fafa2-c37f-46f5-8b23-9311a0e19b8f,2025-11-06T18:15:00,Constipation (Vibandha),"Triphala, Isabgol",Pawanmuktasana,"Warm, oily foods. Avoid cold and dry. Sweet, sour, salty taste.",3,51,Stable
5c6f0432-bded-4ea4-b6a9-83f0dde1b294,acc4fb54-6be4-46f2-968e-124ddf2e629c,e8dcb41b-0764-494a-9d70-ff2b989ba01e,2025-11-17T15:15:00,Cough (Kasa),"Sitopaladi Churna, Tulsi",Pranayama,"Light, dry, warm foods. Avoid heavy and oily. Pungent, bitter, astringent.",1,59,Under Treatment
88c76fc0-8855-4f01-98b4-07a360ef3530,b70fedb3-9048-42f5-9ac3-63f66ecfb90a,a9ba1f66-5ff8-4811-9cfc-a1c030771ef5,2025-11-14T14:15:00,Obesity (Sthoulya),"Triphala, Guggulu",Surya Namaskar,"Light, dry, warm foods. Avoid heavy and oily. Pungent, bitter, astringent.",4,72,Stable
ebf7ed6a-972f-420b-a99d-177dd64ab441,0c8dbd35-7068-4ff5-80cc-a3bed539f2fe,466cd702-907e-49d8-9f8f-028a1d8fbd34,2025-11-13T12:45:00,Anxiety (Chittodvega),"Brahmi, Ashwagandha","Yoga Nidra, Shavasana","Warm, oily foods. Avoid cold and dry. Sweet, sour, salty taste.",6,56,Improved
d76cfc28-180d-465b-8f06-3ef49790fe3c,81b3c23b-0b00-4108-b678-09d3590a26ff,f4edff7b-6db1-462d-83ff-d02e3aa02317,2025-11-06T15:45:00,Anxiety (Chittodvega),"Brahmi, Ashwagandha","Yoga Nidra, Shavasana","Warm, oily foods. Avoid cold and dry. Sweet, sour, salty taste.",7,83,Significantly Improved
6ebc9a81-632f-447f-a6b4-60906fccb276,b8f984da-629d-4075-80f8-a3e0653300a9,63560e2e-c0cb-4335-b827-37778a030beb,2025-11-19T10:30:00,Diabetes (Madhumeha),"Gurmar, Karela",Mandukasana,"Light, dry, warm foods. Avoid heavy and oily. Pungent, bitter, astringent.",8,56,Significantly Improved
947c19df-8052-4fa3-9c95-d7583d73544e,829ee37e-d343-4d04-b301-9b28e3c34115,e9d7fc76-0f87-429f-bb5e-2e8ecb995796,2025-11-21T11:00:00,Constipation (Vibandha),"Triphala, Isabgol",Pawanmuktasana,"Warm, oily foods. Avoid cold and dry. Sweet, sour, salty taste.",2,52,Under Treatment
a6441812-978d-43e4-9029-a3e9dc67fba3,fcee5e65-2a2a-4aa5-a030-c4ed9c3894de,9c30062a-ca13-4a4a-a34b-cd81297523f3,2025-11-24T17:00:00,Anxiety (Chittodvega),"Brahmi, Ashwagandha","Yoga Nidra, Shavasana","Warm, oily foods. Avoid cold and dry. Sweet, sour, salty taste.",6,66,Under Treatment
de93fe2f-e5d2-4b28-910c-8a7d4f30d568,5aed274c-93eb-4565-b320-83ac9ca24032,1ad77b70-61dd-4e97-bbe4-ebd868961e45,2025-11-26T17:15:00,Constipation (Vibandha),"Triphala, Isabgol",Pawanmuktasana,"Warm, oily foods. Avoid cold and dry. Sweet, sour, salty taste.",3,75,Improved
0f12f964-76aa-4412-8cb2-2145bc15cb3c,cb9309c9-4524-4b09-84cf-1f651ce4bb3d,31c75c91-0e27-4770-86b2-b380e98432fb,2025-11-14T11:45:00,Bronchitis (Kasa),"Vasaka, Pippali, Tulsi",Kapalbhati,"Light, dry, warm foods. Avoid heavy and oily. Pungent, bitter, astringent.",3,53,Stable
9e62b64e-6f3e-4843-b1d4-f874bc0f548f,36f87c44-6ddc-4e07-95ba-aeac7ef1173d,9bf6f217-c5e6-4562-a875-ffd9c1fd8023,2025-11-29T15:15:00,Anxiety (Chittodvega),"Brahmi, Ashwagandha","Yoga Nidra, Shavasana","Warm, oily foods. Avoid cold and dry. Sweet, sour, salty taste.",5,91,Improved
1eeeac67-e12a-419c-b8af-ad73c40be175,7a255235-be19-4fef-9cfa-dfe170fe6ff9,b6b05f4c-19a2-4d5f-9cf5-a634dd471a34,2025-11-20T18:30:00,Anxiety (Chittodvega),"Brahmi, Ashwagandha","Yoga Nidra, Shavasana","Warm, oily foods. Avoid cold and dry. Sweet, sour, salty taste.",7,43,Under Treatment
ae080c40-0f98-49cc-b9b7-b84186c10cfb,88f1a3b6-14f2-4aa7-a7bc-4e5575714874,60da4fbe-a058-4323-9a39-ec8caa226a3e,2025-11-28T18:45:00,Anxiety (Chittodvega),"Brahmi, Ashwagandha","Yoga Nidra, Shavasana","Warm, oily foods. Avoid cold and dry. Sweet, sour, salty taste.",8,66,Stable
23700c94-4c39-4e8b-9856-d7eb6c5c6467,8a353a2d-fb96-4f8e-bc81-d2f296f19176,c5efef04-c4d3-4508-87c2-6a1bd68a6e2c,2025-11-04T14:30:00,Diabetes (Madhumeha),"Gurmar, Karela",Mandukasana,"Light, dry, warm foods. Avoid heavy and oily. Pungent, bitter, astringent.",5,49,Improved
e0557189-3fe0-4944-ac78-6d6f6552c0d3,881dc7fa-c689-4a27-aa73-9fc771cc3859,ea448f43-a448-4d95-8c18-661e07540293,2025-11-14T09:30:00,Obesity (Sthoulya),"Triphala, Guggulu",Surya Namaskar,"Light, dry, warm foods. Avoid heavy and oily. Pungent, bitter, astringent.",5,76,Improved
0c795ed9-a582-4d76-995c-af6281d404c5,bee20f11-3865-4feb-a005-871c0d584c67,6b473198-9738-437d-a5cc-946354630cd6,2025-11-11T13:00:00,Bronchitis (Kasa),"Vasaka, Pippali, Tulsi",Kapalbhati,"Light, dry, warm foods. Avoid heavy and oily. Pungent, bitter, astringent.",7,80,Improved
5e6989f7-9d0e-4b79-9c18-c63a06f803ef,0b4e2fc4-5466-4165-86ed-37639ebad97c,63ec9056-fcc6-4817-b6ef-04e612fe2028,2025-11-17T15:45:00,Cough (Kasa),"Sitopaladi Churna, Tulsi",Pranayama,"Light, dry, warm foods. Avoid heavy and oily. Pungent, bitter, astringent.",1,85,Significantly Improved
0b558ce1-a308-4325-ae05-45046e09c44a,fb675350-88ef-4f41-b8b6-8b5e4f63d995,167313a3-c7d7-4402-b0a6-e74456eeef46,2025-11-04T14:00:00,Cough (Kasa),"Sitopaladi Churna, Tulsi",Pranayama,"Light, dry, warm foods. Avoid heavy and oily. Pungent, bitter, astringent.",3,71,Under Treatment
1ef29b25-0d84-4cc1-a9bd-25703168a30b,f2459330-195c-4d73-9b9e-e1536291858a,42413756-64b2-4c51-b8f4-b0e0cd815992,2025-11-03T12:30:00,Cough (Kasa),"Sitopaladi Churna, Tulsi",Pranayama,"Light, dry, warm foods. Avoid heavy and oily. Pungent, bitter, astringent.",3,78,Significantly Improved
4cce951c-9f4f-46b5-8043-39d77fff1662,5d88a728-570d-4b0f-a63b-28efe8390b13,dd8cad38-4633-419f-8b8a-aaa6d13fec14,2025-11-21T13:45:00,Obesity (Sthoulya),"Triphala, Guggulu",Surya Namaskar,"Light, dry, warm foods. Avoid heavy and oily. Pungent, bitter, astringent.",5,72,Improved
0b1dabea-b9d9-4672-92d0-5199fe648910,71ea6e60-7682-4ad2-bcdb-684c24439b95,b6c95845-eb0d-4a69-a0d6-d4d0a4462686,2025-11-15T13:00:00,Bronchitis (Kasa),"Vasaka, Pippali, Tulsi",Kapalbhati,"Light, dry, warm foods. Avoid heavy and oily. Pungent, bitter, astringent.",3,48,Improved
d2110a52-bc87-458c-bfbf-d7e978a5fd4f,e2351bf1-8d50-4812-87ef-383a8a0e3b77,ca2c448c-e147-4689-bdc6-04775bee4bb4,2025-11-11T11:45:00,Obesity (Sthoulya),"Triphala, Guggulu",Surya Namaskar,"Light, dry, warm foods. Avoid heavy and oily. Pungent, bitter, astringent.",4,45,Improved
063a1f01-cf1c-4f38-8c15-ecde2082490b,53c3f738-6b98-489e-92c1-a6d016489237,553bdeed-e6d4-4be0-adcf-7b5d686d6714,2025-11-13T14:30:00,Bronchitis (Kasa),"Vasaka, Pippali, Tulsi",Kapalbhati,"Light, dry, warm foods. Avoid heavy and oily. Pungent, bitter, astringent.",4,66,Significantly Improved
c53ea757-dd56-4a25-afcc-968e4f80719c,2fc48019-75bf-4f30-9116-6666c30599c4,d03b9ea7-d9f4-4533-b1aa-616fe87da2e3,2025-11-05T15:30:00,Obesity (Sthoulya),"Triphala, Guggulu",Surya Namaskar,"Light, dry, warm foods. Avoid heavy and oily. Pungent, bitter, astringent.",6,83,Improved
f6049761-14d7-47c4-918a-3a866823ba52,0f543e82-e146-4e55-af75-f2ed42614578,eae4eea2-42c4-43db-9af5-282efed67e81,2025-11-03T15:30:00,Obesity (Sthoulya),"Triphala, Guggulu",Surya Namaskar,"Light, dry, warm foods. Avoid heavy and oily. Pungent, bitter, astringent.",5,42,Improved
c2603f97-455e-4136-84e8-91d78dd320ee,b70fedb3-9048-42f5-9ac3-63f66ecfb90a,3ba909b3-80c6-4604-a1cd-0c390f36192c,2025-11-03T10:00:00,Bronchitis (Kasa),"Vasaka, Pippali, Tulsi",Kapalbhati,"Light, dry, warm foods. Avoid heavy and oily. Pungent, bitter, astringent.",6,91,Stable
130ec39d-305e-41a1-99f3-3a6f1e8b8f99,13f53412-f4f1-4ec6-b2a0-a129b3d306b2,ec04a693-2385-4a15-943b-a8170fe4d0bf,2025-11-25T11:00:00,Cough (Kasa),"Sitopaladi Churna, Tulsi",Pranayama,"Light, dry, warm foods. Avoid heavy and oily. Pungent, bitter, astringent.",2,84,Significantly Improved
218bbd9d-f516-4346-98e8-d0e2de42d0b8,32d20d68-3081-4cf4-8b7f-6071d93a2cc5,b14e1fc3-306f-499b-85ec-57737a8586c3,2025-11-14T08:45:00,Obesity (Sthoulya),"Triphala, Guggulu",Surya Namaskar,"Light, dry, warm foods. Avoid heavy and oily. Pungent, bitter, astringent.",4,42,Significantly Improved
a659c199-100a-40bb-b922-ff4751ce5284,46a77e6b-5f8d-4c15-90f9-b457ebbd9c27,a427b6ed-38df-4852-af8d-c644de6a4632,2025-11-24T18:30:00,Burnout (Chitta Klama),"Ashwagandha, Brahmi, Jatamansi",Yoga Nidra,"Warm, oily foods. Avoid cold and dry. Sweet, sour, salty taste.",3,44,Stable
ac709a50-880a-4ed5-be38-1225f9448288,de2279cc-2c48-43b0-9931-88f87e54fc6c,515040fd-252d-47a2-a8a8-f479a7a810ad,2025-11-04T17:15:00,Heart Disease (Hridroga),"Arjuna, Brahmi, Guggulu",Gentle Pranayama,"Warm, oily foods. Avoid cold and dry. Sweet, sour, salty taste.",2,52,Improved
edd8f61b-dea5-4bc7-8c54-711a70eae692,4ea275f1-c2f9-4bd0-945d-35e83e9ab232,0921a0e3-447e-4d21-8177-4e025344e3c7,2025-11-06T08:00:00,Vertigo (Bhrama),"Brahmi, Ashwagandha",Shavasana,"Warm, oily foods. Avoid cold and dry. Sweet, sour, salty taste.",3,56,Significantly Improved
b31b734b-3bc6-4f9f-944e-2f01b58ff9d0,89c1e550-fada-48c7-b73d-a9fcb1f25ffd,70073301-c70c-4b2a-b90d-7f0b8a287c13,2025-11-24T08:30:00,Irritable Bowel Syndrome (Grahani),"Bilva, Kutaja, Triphala",Pawanmuktasana,"Warm, oily foods. Avoid cold and dry. Sweet, sour, salty taste.",4,79,Significantly Improved
9e8a9327-136f-4aee-b9fe-744446c30b6e,3ea89f94-59ec-477d-9e5f-8aaddc6e6e04,9fe85f3a-4c9e-4b61-9989-e91549452680,2025-11-28T18:45:00,Ear Infection (Karna Shoola),"Tulsi, Neem oil drops",Rest,"Light, dry, warm foods. Avoid heavy and oily. Pungent, bitter, astringent.",3,69,Improved
db372fd8-128a-4852-a03f-1d7e1e6d74eb,184a4d1c-1311-401f-8313-623bcba5847d,cbc0709a-64b5-44f2-b7fd-97c4425932ec,2025-11-29T11:15:00,Irritable Bowel Syndrome (Grahani),"Bilva, Kutaja, Triphala",Pawanmuktasana,"Warm, oily foods. Avoid cold and dry. Sweet, sour, salty taste.",3,63,Improved
92e88954-3f0f-4c1a-a53e-7c724325689b,60c98316-c9d5-47f2-ae1a-f237f0e057c9,fbb5530e-8fb9-4bfa-80ff-5560785290f9,2025-11-03T17:15:00,Heart Disease (Hridroga),"Arjuna, Brahmi, Guggulu",Gentle Pranayama,"Warm, oily foods. Avoid cold and dry. Sweet, sour, salty taste.",5,78,Recovered
38252809-d0a9-4f3c-b798-29bee82ce1cc,931f10ee-f204-4c0b-b769-d62524ea5c5a,09f88425-9fd3-4bd7-beeb-5fef09819528,2025-11-19T13:15:00,Vitiligo (Shwitra),"Bakuchi, Neem, Manjistha",Sheetali Pranayama,"Cool, light foods. Avoid spicy and fermented. Sweet, bitter, astringent.",7,82,Recovered
ebe3d522-19ee-45ee-a6f2-604ace58b9a7,cd1ac773-4b49-4e76-8657-0099a1661789,988817fc-e3ba-4196-8c4b-b9d7382d67be,2025-11-26T15:30:00,Digestive Disorder (Vikara),"Triphala, Ginger","Vajrasana, Pranayama","Cool, light foods. Avoid spicy and fermented. Sweet, bitter, astringent.",3,82,Significantly Improved
69e453e0-a100-49a8-bd3f-78eab978df02,d3e9e3ed-00ef-4cd2-9ea2-5de5ff487ba3,d0fc1016-422b-4034-86a6-6040657ae94d,2025-11-12T09:00:00,Whooping Cough (Deergha Kasa),"Vasaka, Tulsi",Rest,"Light, dry, warm foods. Avoid heavy and oily. Pungent, bitter, astringent.",7,90,Significantly Improved
9810b298-6df6-4fad-884a-2e3edc29ad7c,2823a9a6-c335-4e0b-be69-9e8659688f17,0e18841e-5f31-469d-bc85-745ac22aeaea,2025-11-26T08:00:00,Varicose Veins (Sira Granthi),"Guggulu, Triphala",Viparita Karani,"Warm, oily foods. Avoid cold and dry. Sweet, sour, salty taste.",1,65,Stable
2433c56a-a1ec-4a3c-8026-feab86ef0933,20331df7-0754-45ff-80e8-a441eef41dc7,f697b92b-4f11-452c-8ac8-3b4e2d9691fe,2025-11-15T08:00:00,Thyroid Disorder (Galaganda Vikara),"Ashwagandha, Guggulu, Kanchanar",Sarvangasana,"Warm, oily foods. Avoid cold and dry. Sweet, sour, salty taste.",8,48,Improved
cd2ec7b4-9df8-42d6-a27d-d56d8a97dae9,7b081731-f6e6-4bc0-92e7-0926927197f2,ccc9fb09-4588-4242-a42d-0b729da13a56,2025-11-18T14:30:00,Warts (Charmakeela),"Thuja, Neem",None specific,"Light, dry, warm foods. Avoid heavy and oily. Pungent, bitter, astringent.",6,78,Significantly Improved
fb65cf78-49eb-4cd1-8e9d-37944fddf134,92f8cdae-cf48-466a-af51-a5305a3e2151,b49e5c26-8dc7-4a3b-b885-c31f7133400c,2025-11-25T10:00:00,Hypertension (Raktachaapa Vriddhi),"Arjuna, Sarpagandha, Ashwagandha","Shavasana, Anulom Vilom","Cool, light foods. Avoid spicy and fermented. Sweet, bitter, astringent.",1,86,Significantly Improved
612004a2-0e73-4f32-86e9-7c25c287ebd2,94ce8fb4-a39a-4b37-a1d2-bbf79febbbc1,6654b2c7-e1fc-4a75-abf7-aa8a255e7c2d,2025-11-02T15:30:00,Gingivitis (Danta Vidradhi),"Triphala, Clove oil",Oil pulling,"Cool, light foods. Avoid spicy and fermented. Sweet, bitter, astringent.",8,80,Improved
27609072-8b2a-4f22-b672-e3e673422b45,bd87b187-e30f-49f6-a0fd-8b49bcd8cf0e,297ca6d3-f77a-4c5a-b911-e188c3481791,2025-11-15T15:30:00,Gastritis (Urdhva Amlapitta),"Yashtimadhu, Amla",Vajrasana,"Cool, light foods. Avoid spicy and fermented. Sweet, bitter, astringent.",2,95,Significantly Improved
6715e8e0-8843-479e-979c-34cadef428fc,68ac414e-d32a-4b9e-a78f-1c82961510fa,d466ef3f-2f03-4bc8-aa7f-f64cefd91811,2025-11-19T17:45:00,Osteoporosis (Asthi Kshaya),"Ashwagandha, Guggulu, Shatavari",Tadasana,"Warm, oily foods. Avoid cold and dry. Sweet, sour, salty taste.",1,79,Stable
81c7668c-7beb-4373-b1e7-8fcf0691ef72,b99aeef8-fcfe-4464-8d48-4a1d862871d6,5029f9c4-521f-479a-94e1-c4483b5a012c,2025-11-04T14:45:00,Cystitis (Mutrakrichra),"Gokshura, Punarnava",Baddha Konasana,"Warm, oily foods. Avoid cold and dry. Sweet, sour, salty taste.",1,53,Improved
7344f398-e4a6-493f-96aa-eefe6fd96bb9,81b3c23b-0b00-4108-b678-09d3590a26ff,b67e06b4-a771-41d1-941d-9bb8fb287f4c,2025-11-17T16:15:00,Osteoporosis (Asthi Kshaya),"Ashwagandha, Guggulu, Shatavari",Tadasana,"Warm, oily foods. Avoid cold and dry. Sweet, sour, salty taste.",3,87,Improved
ac565b74-826e-4f00-b650-4e9c0cf1fc01,e1cee793-006f-47b4-9577-96447819dc3b,9a4190ab-cc95-4ebe-a0c5-1201c3ad9a16,2025-11-21T08:15:00,Acne (Yuvana Pidika),"Neem, Turmeric, Manjistha",Kapalbhati,"Cool, light foods. Avoid spicy and fermented. Sweet, bitter, astringent.",2,47,Significantly Improved
6498f561-41a6-4b47-a8d3-5e59b008d337,ec81a18e-aa66-4f64-b030-15e9f6e1ef2f,9f539634-2bf7-4354-b7c2-7a5c86f50c82,2025-11-06T13:00:00,Measles (Romantika),"Tulsi, Guduchi, Neem",Rest,"Cool, light foods. Avoid spicy and fermented. Sweet, bitter, astringent.",8,45,Significantly Improved
1391b1f9-7a92-4aa5-ac35-c5bb84b4dc3d,3e34aacc-e9f0-4706-a3b3-e518d3b39877,38281f6d-d59c-4291-b184-b4f5e2f631e2,2025-11-24T17:30:00,Boils (Vidradhi),"Neem, Turmeric, Manjistha",Sheetali Pranayama,"Cool, light foods. Avoid spicy and fermented. Sweet, bitter, astringent.",16,60,Stable
63f737a9-c1e4-4675-a4d0-6e06a232919d,57320573-a73d-43f2-88f3-ca2732a6465b,379d144a-a8ed-41ee-bf6a-184fd76d090a,2025-11-03T12:15:00,Chronic Fatigue Syndrome (Klama),"Ashwagandha, Shatavari",Yoga Nidra,"Warm, oily foods. Avoid cold and dry. Sweet, sour, salty taste.",10,60,Improved
3a1da6d8-cc76-4579-a669-6b96bf7fd9f3,2647f102-7112-46dd-b7d9-de7ebcdaec36,45759195-fe90-4304-a11b-9872b6d27b80,2025-11-11T13:00:00,Chronic Kidney Disease (Vrikka Vaikalya),"Punarnava, Gokshura",Gentle walking,"Warm, oily foods. Avoid cold and dry. Sweet, sour, salty taste.",1,72,Under Treatment
1f20e400-95af-4bd5-ac33-6ba9c51c5de8,0f248608-b576-405c-8ef2-f4c93de4738f,38050f36-ba87-40f1-83ac-99cb19cc7123,2025-11-14T13:45:00,Contact Dermatitis (Sparshaja Kushtha),"Aloe Vera, Neem, Chandan",Sheetali Pranayama,"Cool, light foods. Avoid spicy and fermented. Sweet, bitter, astringent.",5,66,Improved
fe668b5d-8446-4929-886a-2a7bea477752,1874156a-6013-44a9-8704-1c2cc2682f19,b0eb91a3-7f76-448f-9870-721517e15e8b,2025-11-01T17:30:00,Tonsillitis (Tundikeri),"Sitopaladi Churna, Yashtimadhu",Jal Neti,"Light, dry, warm foods. Avoid heavy and oily. Pungent, bitter, astringent.",3,43,Improved
94731633-72c0-47ae-9b2e-f2ec3205777f,92f8cdae-cf48-466a-af51-a5305a3e2151,98a08cd3-ed0b-4b7e-adc2-2db4c70c14ed,2025-11-14T17:15:00,Menstrual Disorder (Artava Dushti),"Ashwagandha, Shatavari",Baddha Konasana,"Warm, oily foods. Avoid cold and dry. Sweet, sour, salty taste.",7,73,Improved
eaa41d72-54fc-4bad-a482-faec38a75089,3c692c45-3ea3-48a5-b49d-a253ec2a185a,72c7cd76-0e20-4d75-862f-5ea6f181559d,2025-11-20T11:15:00,Stress (Manasika Tanava),"Ashwagandha, Brahmi",Shavasana,"Warm, oily foods. Avoid cold and dry. Sweet, sour, salty taste.",3,60,Stable
2e22718f-4bff-49e5-ba70-9c960c874511,24f4365a-6bad-4f55-a9d4-85cfb50c6344,1a5ae4df-fa63-470c-98ea-85cd0a601420,2025-11-04T15:00:00,Hyperlipidemia (Medo Vriddhi),"Guggulu, Arjuna, Triphala",Surya Namaskar,"Light, dry, warm foods. Avoid heavy and oily. Pungent, bitter, astringent.",6,45,Under Treatment
8cf7342e-9dee-4288-8dc8-d540b35041b1,a761cbf3-df21-4c28-9534-bc3dc2ee0a26,6c9f5c52-8222-4d00-b7f9-d9dec07db778,2025-11-10T13:30:00,Cystitis (Mutrakrichra),"Gokshura, Punarnava",Baddha Konasana,"Warm, oily foods. Avoid cold and dry. Sweet, sour, salty taste.",1,61,Improved
47ca1fa0-1b0a-46a8-a5f6-031eccb29aad,52e1a46d-546d-4797-81e2-e55ca99b5e34,8a2b0baa-6749-452a-b94d-658eaa7f360e,2025-11-18T08:45:00,Sleep Apnea (Nidra Vaishamya),"Ashwagandha, Brahmi",Bhramari Pranayama,"Light, dry, warm foods. Avoid heavy and oily. Pungent, bitter, astringent.",1,57,Under Treatment
ce2ba9f6-6ded-4097-8394-cd9213269feb,0607d575-d9a3-421c-aa70-86cbfe8b59f4,08b6b370-bfc5-44bd-9807-bfd01b713bf0,2025-11-25T12:45:00,Prostate Enlargement (Vriddhi),"Gokshura, Varuna",Baddha Konasana,"Warm, oily foods. Avoid cold and dry. Sweet, sour, salty taste.",6,90,Stable
523ff35d-a509-4501-b0be-665a63a78ccb,b99aeef8-fcfe-4464-8d48-4a1d862871d6,84db3e82-f2c3-4578-a171-5e9310d24d85,2025-11-30T13:00:00,Whooping Cough (Deergha Kasa),"Vasaka, Tulsi",Rest,"Light, dry, warm foods. Avoid heavy and oily. Pungent, bitter, astringent.",2,87,Significantly Improved
21240153-a9a0-45d7-bbea-4ed985fe1eb6,5f486f2c-66a3-4f11-9cd8-3a64bac4e545,4ae8d108-e031-4997-bd4a-1ae84c3bcb45,2025-11-04T13:45:00,Urinary Tract Infection (Mutradaha),"Gokshura, Chandan, Punarnava",Baddha Konasana,"Cool, light foods. Avoid spicy and fermented. Sweet, bitter, astringent.",3,82,Improved
2d5581d5-594d-4ff6-836b-591e6fac8788,3f14a281-95de-4e41-a0d0-48c329c09fd3,d9acc725-1e82-41c3-96a7-fcc565be7695,2025-11-07T11:45:00,Urinary Tract Infection (Mutradaha),"Gokshura, Chandan, Punarnava",Baddha Konasana,"Cool, light foods. Avoid spicy and fermented. Sweet, bitter, astringent.",3,78,Significantly Improved
3ee1f306-e28f-4827-8c43-fb7d049b6e4c,acb6a8a1-ec1a-44ff-8b74-60c5816b414c,87c5bd6b-0d01-4fc6-ac17-a25bcd953a6f,2025-11-04T18:00:00,Sleep Apnea (Nidra Vaishamya),"Ashwagandha, Brahmi",Bhramari Pranayama,"Light, dry, warm foods. Avoid heavy and oily. Pungent, bitter, astringent.",14,85,Stable
7e5bea9b-4e2b-4b0c-971e-c87a03e30d0d,3de1091e-220d-4434-ae97-b9e9a079b027,a6b203a6-3888-4651-8ced-2e7153695eaa,2025-11-25T09:00:00,Eczema (Vicharchika),"Neem, Aloe Vera, Turmeric",Sheetali Pranayama,"Cool, light foods. Avoid spicy and fermented. Sweet, bitter, astringent.",1,47,Stable
df901e59-c93c-40dc-86d6-025483e8b487,d6d252ef-f22c-4d03-90dd-ca02623c5093,0d815c14-2e0d-485f-a65d-50d61e9c2ac0,2025-11-29T14:15:00,Conjunctivitis (Netra Abhishyanda),"Triphala eye wash, Rose water",Netra Vyayama,"Cool, light foods. Avoid spicy and fermented. Sweet, bitter, astringent.",2,47,Significantly Improved
cf618211-0fca-412b-9b75-42620d61bbd2,a1d5c02f-867a-4252-898e-d2989030ad57,c350f6a5-054e-4a7a-afc6-b3329eb09364,2025-11-19T16:30:00,Eczema (Vicharchika),"Neem, Aloe Vera, Turmeric",Sheetali Pranayama,"Cool, light foods. Avoid spicy and fermented. Sweet, bitter, astringent.",2,65,Stable
10ca7ddf-0463-4b6d-8733-1ccf8c20d8f4,08aa84de-e5ed-4482-8f62-08862965f54a,0cb4cfa7-bb27-4189-a5b4-7d4337e29014,2025-11-14T17:00:00,Heart Disease (Hridroga),"Arjuna, Brahmi, Guggulu",Gentle Pranayama,"Warm, oily foods. Avoid cold and dry. Sweet, sour, salty taste.",16,46,Improved
53380029-92e6-40c3-89cf-91747ad43604,cc3c611e-8fad-423d-9d7b-2ba115c4a103,39025946-6bd7-4eba-af9c-9bf47565254c,2025-11-06T10:00:00,Sleep Apnea (Nidra Vaishamya),"Ashwagandha, Brahmi",Bhramari Pranayama,"Light, dry, warm foods. Avoid heavy and oily. Pungent, bitter, astringent.",3,60,Significantly Improved
2ec9490b-115b-4a9a-a341-144e5519f75e,f4d5afd4-e183-4732-a4a7-866f5f2c2fc2,18c80146-7d9d-4130-bdb1-7b606678ea80,2025-11-06T11:30:00,Measles (Romantika),"Tulsi, Guduchi, Neem",Rest,"Cool, light foods. Avoid spicy and fermented. Sweet, bitter, astringent.",6,86,Improved
aad7c3aa-2cdd-4420-a7fb-6bc442dc949b,70a0cfb7-ee40-4a08-bd6e-4e011a012e73,450c21bb-3c3a-42e0-bdd1-8cf0d3137113,2025-11-08T10:00:00,Chickenpox (Laghu Masurika),"Neem, Tulsi, Guduchi",Rest,"Cool, light foods. Avoid spicy and fermented. Sweet, bitter, astringent.",10,67,Recovered
9c021036-5a88-467d-9c5e-380933c21474,b70fedb3-9048-42f5-9ac3-63f66ecfb90a,6c30c0f4-03c2-41a5-9e5a-43d73bf407f0,2025-11-05T11:45:00,Thyroid Disorder (Galaganda Vikara),"Ashwagandha, Guggulu, Kanchanar",Sarvangasana,"Warm, oily foods. Avoid cold and dry. Sweet, sour, salty taste.",2,74,Significantly Improved
9726b923-75af-479b-b202-6d1afd1ffa54,47b82b89-25d8-4641-82db-29c85c78a0a8,d25990aa-0ee9-41d4-9480-1019d56e887e,2025-11-06T12:00:00,Worm Infection (Krimi Roga),"Vidanga, Palasha, Triphala",Pawanmuktasana,"Warm, oily foods. Avoid cold and dry. Sweet, sour, salty taste.",1,41,Improved
f13005ca-3ab8-4a1e-85d8-2ad8bb25bf41,0c432ad7-b431-48ed-b676-fa7f34476ccf,2102e1c0-025a-4937-99f9-5700b34d7df4,2025-11-09T14:30:00,Thyroid Disorder (Galaganda Vikara),"Ashwagandha, Guggulu, Kanchanar",Sarvangasana,"Warm, oily foods. Avoid cold and dry. Sweet, sour, salty taste.",16,53,Improved
ab8c4dc1-b473-4188-95ae-31a2f1f7cc1b,879a6629-a37f-4da9-a046-c5ae1e31523e,84cfad61-56cc-4f87-bcaa-11eedc6a7c4a,2025-11-21T11:30:00,Boils (Vidradhi),"Neem, Turmeric, Manjistha",Sheetali Pranayama,"Cool, light foods. Avoid spicy and fermented. Sweet, bitter, astringent.",7,50,Stable
bac22522-a21c-4396-bc61-9d1b8aba5e6d,5a5097b9-2292-4b42-b98d-1154994ce7da,f0e9e622-0d40-4822-ac55-f58468c0a187,2025-11-25T16:45:00,Chikungunya (Sandhi Jwara),"Guduchi, Papaya leaf",Rest,"Cool, light foods. Avoid spicy and fermented. Sweet, bitter, astringent.",6,54,Significantly Improved
8afd1157-7c46-4af2-be6f-35ab7eaf78de,62a75794-ed38-4386-8e83-009037cf786a,9b87c45b-75b8-4ce0-8182-88344b61113e,2025-11-12T11:00:00,Sciatica (Gridhrasi),"Nirgundi, Guggulu",Pawanmuktasana,"Warm, oily foods. Avoid cold and dry. Sweet, sour, salty taste.",6,83,Under Treatment
81fe9ca8-51a4-4789-92ab-f5cd557e3074,a380d836-e795-4f24-8593-5f7a891c14e2,4438c8e7-bbf0-4005-bed3-b5d6da8b6940,2025-12-23T08:30:00,Asthma (Tamaka Shwasa),"Vasaka, Kantakari",Anulom Vilom,"Light, dry, warm foods. Avoid heavy and oily. Pungent, bitter, astringent.",6,40,Improved
5ed034be-2939-40e6-a6bd-4e08f1702212,9027b642-6669-4e5d-9de9-6197e231bf03,8b8d4937-9674-4b54-b0e2-0955c93df67d,2025-12-19T14:15:00,Constipation (Vibandha),"Triphala, Isabgol",Pawanmuktasana,"Warm, oily foods. Avoid cold and dry. Sweet, sour, salty taste.",2,66,Stable
3b7b3248-76c3-44cd-9dda-7d1c3f6feb89,44246d2e-2fe5-46fa-b539-43a8454cdebe,b917c977-bf36-4dc4-ac3d-bda30652b0fb,2025-12-10T17:30:00,Cough (Kasa),"Sitopaladi Churna, Tulsi",Pranayama,"Light, dry, warm foods. Avoid heavy and oily. Pungent, bitter, astringent.",7,87,Improved
cfde0e47-313c-4e79-97f5-ac4acd3a4e6a,7dbccdcf-3e29-46bc-8d3f-590228136f0d,537d2d3a-363a-4032-a746-fe039d52103d,2025-12-11T11:15:00,Constipation (Vibandha),"Triphala, Isabgol",Pawanmuktasana,"Warm, oily foods. Avoid cold and dry. Sweet, sour, salty taste.",3,46,Stable
147fa5a9-a7f2-4a3e-a348-f6f9a42db313,4b309685-da7c-4650-8978-63651a8d5879,1086447b-0c71-4b35-a532-5fa6fc01b64f,2025-12-29T09:00:00,Joint Pain (Amavata),"Ashwagandha, Guggulu",Pawanmuktasana,"Warm, oily foods. Avoid cold and dry. Sweet, sour, salty taste.",5,95,Significantly Improved
61a28dec-52ce-47e5-b205-8dc1b98beff2,6c5b4adc-74b6-4673-8ff7-34b070518821,b6e053b6-66f4-4c3a-a9e0-8a5754cf6c4c,2025-12-19T13:00:00,Joint Pain (Amavata),"Ashwagandha, Guggulu",Pawanmuktasana,"Warm, oily foods. Avoid cold and dry. Sweet, sour, salty taste.",4,56,Improved
19e84bc3-e5f6-4a7a-86d8-b8fa1404eb10,22cb4b29-5434-4218-9fc7-40b74f753a06,58a6cc3c-ec55-4f2c-a6d1-98e06aa8d29e,2025-12-16T15:00:00,Rhinitis (Pratishyaya),Shadabindu Taila,Jal Neti,"Light, dry, warm foods. Avoid heavy and oily. Pungent, bitter, astringent.",1,74,Recovered
30538614-3f83-4f2c-8313-06a098cae41d,302816fc-58aa-4b96-b56b-f33f8ec63da7,96588ad5-2997-49ff-b13a-ce1d2192f017,2025-12-28T16:15:00,Rhinitis (Pratishyaya),Shadabindu Taila,Jal Neti,"Light, dry, warm foods. Avoid heavy and oily. Pungent, bitter, astringent.",2,87,Significantly Improved
8c64906a-799a-49ad-a8bd-e3b89beacb51,89aa83fd-f4dc-4e74-8281-e6948797557f,8bfcbfd5-b081-4ba2-8636-887913e539d7,2025-12-29T15:30:00,Cough (Kasa),"Sitopaladi Churna, Tulsi",Pranayama,"Light, dry, warm foods. Avoid heavy and oily. Pungent, bitter, astringent.",4,59,Under Treatment
dce6400c-d5b0-4c9d-b3e0-47356f042a45,2080eba4-fd00-4c33-9228-ff92981a6306,b02b2570-0b95-4bc6-8742-58f1acb6866d,2025-12-31T16:45:00,Cough (Kasa),"Sitopaladi Churna, Tulsi",Pranayama,"Light, dry, warm foods. Avoid heavy and oily. Pungent, bitter, astringent.",3,90,Improved
58bd68e7-3450-4c4d-a631-d9f50ca28b34,8fc7efec-f525-4ece-94f6-0f21afc8d133,f4cae087-cb51-48b2-9df8-4998f3c25510,2025-12-26T16:00:00,Cough (Kasa),"Sitopaladi Churna, Tulsi",Pranayama,"Light, dry, warm foods. Avoid heavy and oily. Pungent, bitter, astringent.",4,63,Significantly Improved
25029c84-dd24-4917-b32e-e788ff0eda4e,870d7afe-c6c2-4882-9958-af76ea166c67,424c1a89-e238-4d8f-aa91-9101471af49f,2025-12-16T12:00:00,Asthma (Tamaka Shwasa),"Vasaka, Kantakari",Anulom Vilom,"Light, dry, warm foods. Avoid heavy and oily. Pungent, bitter, astringent.",7,73,Stable
41ebae76-69bf-4ab8-8948-8325cad464e4,80d77ae8-8006-4812-acc6-d96a9f20540b,fbe42803-299e-4848-8254-5f5cf3b020ab,2025-12-15T15:15:00,Diabetes (Madhumeha),"Gurmar, Karela",Mandukasana,"Light, dry, warm foods. Avoid heavy and oily. Pungent, bitter, astringent.",5,95,Improved
07fc2001-87e1-411b-9a02-68c19685efaf,82b3f3e1-dcaa-4889-b2c5-b2c6cf0dce4e,e038ebde-10f7-4a4e-8560-7af08f1a7af1,2025-12-06T12:45:00,Cough (Kasa),"Sitopaladi Churna, Tulsi",Pranayama,"Light, dry, warm foods. Avoid heavy and oily. Pungent, bitter, astringent.",4,42,Improved
db5b7e4a-3d23-476d-b615-6e0cd7d32413,82129659-a2bc-45e8-b145-d604b3235ba1,f27334eb-24b2-49ad-ab7c-7aaed6ab1533,2025-12-01T14:00:00,Cough (Kasa),"Sitopaladi Churna, Tulsi",Pranayama,"Light, dry, warm foods. Avoid heavy and oily. Pungent, bitter, astringent.",5,61,Improved
6679ee1d-b45d-4e7f-8c12-2f8a4539f26d,403b3e0c-1b71-459d-98a9-05873fe0b5b1,256b9f1a-2919-4747-80cf-46ba20333c5d,2025-12-10T08:45:00,Rhinitis (Pratishyaya),Shadabindu Taila,Jal Neti,"Light, dry, warm foods. Avoid heavy and oily. Pungent, bitter, astringent.",1,78,Stable
26867f86-fbb2-426e-a90c-82ef618bb573,379584a5-8530-47b6-8104-98b0bbc9bda9,1c5fabb0-9e92-4382-9386-32ceaf566018,2025-12-04T09:45:00,Diabetes (Madhumeha),"Gurmar, Karela",Mandukasana,"Light, dry, warm foods. Avoid heavy and oily. Pungent, bitter, astringent.",8,75,Significantly Improved
8dec595d-6135-422d-9d99-42407a3d4a30,a91c5d1d-124c-4eaa-a906-a0b3a7f20bd6,2bea7758-fe38-4035-8c95-c69b9b2a16c3,2025-12-13T15:30:00,Rhinitis (Pratishyaya),Shadabindu Taila,Jal Neti,"Light, dry, warm foods. Avoid heavy and oily. Pungent, bitter, astringent.",1,48,Under Treatment
e14a89bf-ec14-48ac-a68c-8cb04b18c3e7,17889c42-57f5-4de2-b1dd-54dd00b2ec77,ff3bb2cd-3a43-4e81-8054-4912d7f22ede,2025-12-07T15:15:00,Constipation (Vibandha),"Triphala, Isabgol",Pawanmuktasana,"Warm, oily foods. Avoid cold and dry. Sweet, sour, salty taste.",3,47,Improved
d1468f51-d0ee-49be-a7b3-f315dc3d1849,6da99084-4470-4909-bb26-eeb306139244,4c7b543c-d137-462e-9fe7-e485f94c9c9b,2025-12-29T09:45:00,Constipation (Vibandha),"Triphala, Isabgol",Pawanmuktasana,"Warm, oily foods. Avoid cold and dry. Sweet, sour, salty taste.",1,83,Under Treatment
598ef071-26d2-42c8-b69e-5779a6609739,d3e9e3ed-00ef-4cd2-9ea2-5de5ff487ba3,599646c3-19a7-490f-98b7-26ed069a40a7,2025-12-13T12:00:00,Constipation (Vibandha),"Triphala, Isabgol",Pawanmuktasana,"Warm, oily foods. Avoid cold and dry. Sweet, sour, salty taste.",3,72,Improved
494bb416-500e-4fad-940d-f4b62343f31c,98321cdc-abcd-42c7-9f17-b906cbfb79f8,6fa51181-4f01-4bf5-8117-5493a7a33bb3,2025-12-24T16:30:00,Constipation (Vibandha),"Triphala, Isabgol",Pawanmuktasana,"Warm, oily foods. Avoid cold and dry. Sweet, sour, salty taste.",2,57,Improved
d77e8dca-dae9-43cf-9648-81001d84ca49,ecc67b78-7069-4509-8a49-77213e4d7b60,de5086b5-01cf-44b3-b301-9250e7176ab6,2025-12-06T09:30:00,Asthma (Tamaka Shwasa),"Vasaka, Kantakari",Anulom Vilom,"Light, dry, warm foods. Avoid heavy and oily. Pungent, bitter, astringent.",14,69,Improved
8705698a-671f-48e6-9fb3-ca88937368d8,03bee406-a6c0-4dfb-b6e4-9f31eb880ec8,0296bc7b-e954-4c9e-918f-2b34f134974a,2025-12-30T09:30:00,Diabetes (Madhumeha),"Gurmar, Karela",Mandukasana,"Light, dry, warm foods. Avoid heavy and oily. Pungent, bitter, astringent.",8,62,Improved
8ab454a8-86cd-40ef-a9ed-1bfa3c5cc84e,1572a1aa-b834-4a99-b93e-90463e7d1865,50aebd85-fde3-4f06-a6df-115c7325dec3,2025-12-24T18:30:00,Diabetes (Madhumeha),"Gurmar, Karela",Mandukasana,"Light, dry, warm foods. Avoid heavy and oily. Pungent, bitter, astringent.",6,66,Improved
979caf0b-d01e-46d1-8c2f-b2471afde396,1d00dc35-fc33-470a-be8d-e14e80b17e40,54accb38-495e-4b2e-bd3f-ff7c3f56dc9f,2025-12-17T17:15:00,Constipation (Vibandha),"Triphala, Isabgol",Pawanmuktasana,"Warm, oily foods. Avoid cold and dry. Sweet, sour, salty taste.",3,69,Significantly Improved
58322360-c812-4bcc-9d05-12284b1b66c9,d199c76c-07d4-4c34-8735-62c346a22643,06b1074e-2c60-43cd-9b8f-a12255f165f5,2025-12-24T17:30:00,Joint Pain (Amavata),"Ashwagandha, Guggulu",Pawanmuktasana,"Warm, oily foods. Avoid cold and dry. Sweet, sour, salty taste.",3,84,Significantly Improved
91cbe44b-38ff-4b63-b1f8-bff06c97828a,fc6b9ba8-7c80-4764-8482-f20bc831c4e5,6ecdd158-ff19-4472-a267-a74eeec37646,2025-12-01T12:00:00,Constipation (Vibandha),"Triphala, Isabgol",Pawanmuktasana,"Warm, oily foods. Avoid cold and dry. Sweet, sour, salty taste.",1,70,Under Treatment
690fc520-837c-4576-8bc7-dc97d0f353a0,b5d01393-4378-456b-9b32-6254c0583269,d1f55c0d-af5a-4eee-b74a-d1caf06690ab,2025-12-30T10:30:00,Joint Pain (Amavata),"Ashwagandha, Guggulu",Pawanmuktasana,"Warm, oily foods. Avoid cold and dry. Sweet, sour, salty taste.",3,70,Improved
3247fe3f-129f-415e-b2cb-540485b22fe6,4653b874-76ef-4791-bf8b-2d45a80ce416,653fee3f-5026-433e-8666-bd341bac432c,2025-12-15T08:15:00,Cough (Kasa),"Sitopaladi Churna, Tulsi",Pranayama,"Light, dry, warm foods. Avoid heavy and oily. Pungent, bitter, astringent.",6,58,Improved
ede3bd55-cf51-4264-9560-e362c76c2f15,fea594d1-51c1-49d5-b122-05b855ebd770,bc6bef03-cdb5-4673-8a6d-89a62e138e5e,2025-12-26T18:45:00,Asthma (Tamaka Shwasa),"Vasaka, Kantakari",Anulom Vilom,"Light, dry, warm foods. Avoid heavy and oily. Pungent, bitter, astringent.",13,78,Stable
33ef3628-4bf1-4784-879d-363cedfcd3fd,ddcc336f-74ea-4cb1-99ad-e7643ecb2c8b,2426172f-060c-48ec-86b7-69c186e34334,2025-12-25T11:00:00,Cough (Kasa),"Sitopaladi Churna, Tulsi",Pranayama,"Light, dry, warm foods. Avoid heavy and oily. Pungent, bitter, astringent.",7,77,Under Treatment
b4d3e709-2223-47b9-bca6-70b399c53521,351f7f25-20cf-4bcf-9e12-059d834615fe,b9739715-043e-4df5-a61b-a0d833c7c78d,2025-12-09T08:30:00,Constipation (Vibandha),"Triphala, Isabgol",Pawanmuktasana,"Warm, oily foods. Avoid cold and dry. Sweet, sour, salty taste.",1,72,Under Treatment
d5112f3d-8d5c-4bb0-82dc-11e6fe570d07,17af5d75-7eeb-4eb5-8fc1-cfe96a5c829f,c1f44335-e0fe-4ff2-91c6-25b5a7bceca1,2025-12-26T13:45:00,Asthma (Tamaka Shwasa),"Vasaka, Kantakari",Anulom Vilom,"Light, dry, warm foods. Avoid heavy and oily. Pungent, bitter, astringent.",7,78,Under Treatment
84cac270-a544-4504-b678-647f291f6409,4947f6ec-50be-4c70-af2e-95eecf006144,9d2c896c-ecd0-486b-9590-0630a39a40da,2025-12-08T15:30:00,Asthma (Tamaka Shwasa),"Vasaka, Kantakari",Anulom Vilom,"Light, dry, warm foods. Avoid heavy and oily. Pungent, bitter, astringent.",12,41,Improved
a46766c9-7a09-41ab-8fcf-31a1c85a65fc,de8c425a-ae57-449d-b012-9de69e1d4432,47b75dea-bc51-4428-82e2-d52f9bd3e62c,2025-12-27T18:15:00,Joint Pain (Amavata),"Ashwagandha, Guggulu",Pawanmuktasana,"Warm, oily foods. Avoid cold and dry. Sweet, sour, salty taste.",5,47,Improved
b8cefb33-47c4-44fc-8f1a-e1b233bf2c39,c9ff9487-d56b-4bf5-b1e8-2ba406c244c1,9ac756ec-6eee-4e10-a11d-fda89cd453d4,2025-12-16T11:45:00,Rhinitis (Pratishyaya),Shadabindu Taila,Jal Neti,"Light, dry, warm foods. Avoid heavy and oily. Pungent, bitter, astringent.",1,51,Significantly Improved
d01707e9-7b1e-424a-8325-c76ce64df77d,070a34c1-7203-4021-8ce6-5ae03fdb9e35,2adc403e-6db9-405a-8530-8fb87d8ee3f1,2025-12-27T15:15:00,Asthma (Tamaka Shwasa),"Vasaka, Kantakari",Anulom Vilom,"Light, dry, warm foods. Avoid heavy and oily. Pungent, bitter, astringent.",14,60,Stable
ab4cce24-7edb-4d34-ade9-b07657ca8197,4fb5f8e9-de14-4ad2-a28d-8eb25e69f54a,b31cc75c-575e-4d1e-90d7-99f7672eb839,2025-12-30T13:30:00,Rhinitis (Pratishyaya),Shadabindu Taila,Jal Neti,"Light, dry, warm foods. Avoid heavy and oily. Pungent, bitter, astringent.",1,92,Improved
99e72d7d-3f4e-45b5-997e-c40b9090844d,4563d3b6-d896-46ac-a1ca-dee38c51265f,6a477300-5683-40ad-a937-092a10f72456,2025-12-31T14:15:00,Joint Pain (Amavata),"Ashwagandha, Guggulu",Pawanmuktasana,"Warm, oily foods. Avoid cold and dry. Sweet, sour, salty taste.",5,94,Stable
6412db0c-273a-4f61-babc-0232a5104b25,9e56f17a-efee-4bef-a153-8a422c870e42,17e99c32-3158-47f9-88d2-84cf7b5dfd2d,2025-12-06T16:30:00,Asthma (Tamaka Shwasa),"Vasaka, Kantakari",Anulom Vilom,"Light, dry, warm foods. Avoid heavy and oily. Pungent, bitter, astringent.",6,82,Significantly Improved
d71c60dd-6197-4a9e-8d50-a6c00088fba8,20e3faa4-c35f-4b69-b0cc-33fb8d47f6c5,9ff9062f-deb9-4623-ae03-7a119474e8ff,2025-12-11T15:30:00,Constipation (Vibandha),"Triphala, Isabgol",Pawanmuktasana,"Warm, oily foods. Avoid cold and dry. Sweet, sour, salty taste.",2,83,Improved
4f9b9e23-980a-4e1b-b89e-b73461a87c7e,88f1a3b6-14f2-4aa7-a7bc-4e5575714874,f4ff5c70-0c5f-4f46-a915-668b69e24229,2025-12-11T12:45:00,Joint Pain (Amavata),"Ashwagandha, Guggulu",Pawanmuktasana,"Warm, oily foods. Avoid cold and dry. Sweet, sour, salty taste.",5,56,Significantly Improved
aedcddfa-8bc2-46ec-ac3b-32ef063debf9,01d1fa93-bd3f-44b0-b8a1-81b87e0e7564,5bd010ce-6dea-4b54-9148-fae8e2cf7d9e,2025-12-02T14:00:00,Joint Pain (Amavata),"Ashwagandha, Guggulu",Pawanmuktasana,"Warm, oily foods. Avoid cold and dry. Sweet, sour, salty taste.",7,67,Significantly Improved
27334295-5e49-442a-9be9-eb34e685c97e,dffadd63-56d7-4407-90bb-64b12273bfe7,2226e37e-2628-41e6-9283-092f4969e835,2025-12-12T11:45:00,Joint Pain (Amavata),"Ashwagandha, Guggulu",Pawanmuktasana,"Warm, oily foods. Avoid cold and dry. Sweet, sour, salty taste.",7,81,Significantly Improved
ddf39b74-af44-413e-948a-b0ba64a9adb1,0b0708a7-1619-4ab8-b644-5989c81ac785,1ed6013a-87e0-4458-b770-21d844c52c6f,2025-12-01T12:00:00,Asthma (Tamaka Shwasa),"Vasaka, Kantakari",Anulom Vilom,"Light, dry, warm foods. Avoid heavy and oily. Pungent, bitter, astringent.",11,67,Significantly Improved
4dd16ca1-c247-4add-b4b9-7d31008a40bc,17889c42-57f5-4de2-b1dd-54dd00b2ec77,46b33a54-007b-4e20-9a93-7a676869a15e,2025-12-26T17:15:00,Cough (Kasa),"Sitopaladi Churna, Tulsi",Pranayama,"Light, dry, warm foods. Avoid heavy and oily. Pungent, bitter, astringent.",8,76,Improved
f990b0d9-cf09-4661-9830-395109996e13,2dc0f63b-f679-4db9-a8de-41852307529b,8df1970d-01bd-4034-8955-ba62bd0e40cf,2025-12-30T09:45:00,Joint Pain (Amavata),"Ashwagandha, Guggulu",Pawanmuktasana,"Warm, oily foods. Avoid cold and dry. Sweet, sour, salty taste.",8,63,Improved
f6f50226-0868-461b-8c32-9bae5a0b0b62,12825953-c5f2-4160-bc7f-c5997e75486e,d0d253e8-0868-433c-b6ce-91fb93feb9dd,2025-12-31T17:30:00,Diabetes (Madhumeha),"Gurmar, Karela",Mandukasana,"Light, dry, warm foods. Avoid heavy and oily. Pungent, bitter, astringent.",7,57,Improved
12f7c634-cbb9-46a4-a2ac-d4e093f07c2d,fceb3277-55c1-4e8c-a70e-e6dbb57d54f8,296fcb88-5c8b-4fee-86be-f0f652ad6d1b,2025-12-22T11:45:00,Joint Pain (Amavata),"Ashwagandha, Guggulu",Pawanmuktasana,"Warm, oily foods. Avoid cold and dry. Sweet, sour, salty taste.",7,56,Improved
67f8ef27-1b05-4bc5-8af9-5ac6a694bd0c,ee7fff89-d270-47a1-bca2-ea620d09864f,e26db041-41b6-4087-9fda-e1c8091891aa,2025-12-23T13:45:00,Diabetes (Madhumeha),"Gurmar, Karela",Mandukasana,"Light, dry, warm foods. Avoid heavy and oily. Pungent, bitter, astringent.",4,46,Stable
3794a15f-478b-4c63-97cb-14a2caaf6151,b687b973-650a-4855-a244-72d985e9433d,ffae60e5-014e-4add-8023-eb1810a28fbf,2025-12-27T10:45:00,Diabetes (Madhumeha),"Gurmar, Karela",Mandukasana,"Light, dry, warm foods. Avoid heavy and oily. Pungent, bitter, astringent.",4,57,Stable
be3a3ca5-b05a-4371-a92c-318c90aa63b4,278b17ed-0861-4cf5-b606-be2b5c4948f9,cddfca88-0ca3-4203-912d-f8b1f434358a,2025-12-27T10:45:00,Asthma (Tamaka Shwasa),"Vasaka, Kantakari",Anulom Vilom,"Light, dry, warm foods. Avoid heavy and oily. Pungent, bitter, astringent.",10,82,Significantly Improved
19649572-a322-4ee2-85d5-61487cbf2b64,1572a1aa-b834-4a99-b93e-90463e7d1865,d0060f32-fdd6-40db-a5a2-439653bf8a83,2025-12-21T09:00:00,Rhinitis (Pratishyaya),Shadabindu Taila,Jal Neti,"Light, dry, warm foods. Avoid heavy and oily. Pungent, bitter, astringent.",2,41,Improved
5c4835b6-1c4f-4b3e-b0ce-194cd445df18,a437cbaa-d6ec-4051-b939-8cc1ce50c44c,e79aacb0-140b-4d62-a8f7-8e512ca94cb5,2025-12-25T16:15:00,Diabetes (Madhumeha),"Gurmar, Karela",Mandukasana,"Light, dry, warm foods. Avoid heavy and oily. Pungent, bitter, astringent.",5,62,Improved
563ad947-b8a2-4090-bae6-4c1e382efa39,897987e2-558c-43d7-b337-52921e51c6af,2fbdf966-7553-4211-b9cd-b2cd046bc23d,2025-12-25T14:45:00,Asthma (Tamaka Shwasa),"Vasaka, Kantakari",Anulom Vilom,"Light, dry, warm foods. Avoid heavy and oily. Pungent, bitter, astringent.",9,84,Significantly Improved
a8412452-c2a2-4278-bf57-87f32676a741,241e65cf-ac9d-4b5a-af47-b8641a48d384,e3e194d2-10f6-4c8c-9ead-3534f0f9bcb4,2025-12-20T15:15:00,Asthma (Tamaka Shwasa),"Vasaka, Kantakari",Anulom Vilom,"Light, dry, warm foods. Avoid heavy and oily. Pungent, bitter, astringent.",13,78,Stable
e7fd50f1-11e1-4526-be26-3fb550b1dcc6,b268a2c7-3a80-441a-be31-71d95b6cd810,5257533b-abd1-4cc1-ac12-dc4d27c35b98,2025-12-02T10:45:00,Worm Infection (Krimi Roga),"Vidanga, Palasha, Triphala",Pawanmuktasana,"Warm, oily foods. Avoid cold and dry. Sweet, sour, salty taste.",7,80,Improved
d933f49f-25c8-4a13-a0e9-0346c5821490,53db3cd7-08f8-47a6-b232-e756d58e049e,b70bbbc7-98f4-44e2-9c09-bcf3040f1596,2025-12-12T13:15:00,Typhoid (Antrika Jwara),"Guduchi, Sudarshan Churna","Rest, Shavasana","Cool, light foods. Avoid spicy and fermented. Sweet, bitter, astringent.",11,41,Under Treatment
d6a17731-8d79-494c-bbdc-3e55785dddfd,809d0f5a-db30-4e49-b921-50b7688e7258,b0e0ff84-a6ec-4fdd-b719-0343dadb6e31,2025-12-07T18:30:00,Angina (Hrit Shoola),"Arjuna, Guggulu",Gentle breathing,"Warm, oily foods. Avoid cold and dry. Sweet, sour, salty taste.",3,93,Improved
55c01bda-0b8d-4ced-8c79-0f01b26433f1,42204eb4-4390-4347-8a57-ce00f60804a5,637f208e-999a-4b0d-ac5e-3e3c6a244379,2025-12-30T12:30:00,Depression (Vishada),"Ashwagandha, Brahmi, Jatamansi",Yoga Nidra,"Warm, oily foods. Avoid cold and dry. Sweet, sour, salty taste.",13,63,Improved
70f9c8e1-58a0-4b43-97c5-3c045885bb55,ed58e6bd-cecb-4775-9d05-fb746eca2b0d,9447972a-f8e7-4a47-b69a-e6e6a99b61cd,2025-12-02T10:15:00,Heart Disease (Hridroga),"Arjuna, Brahmi, Guggulu",Gentle Pranayama,"Warm, oily foods. Avoid cold and dry. Sweet, sour, salty taste.",3,88,Improved
58ec3a4e-b059-49d8-98fe-fdb0cc4bb7c9,cd1ac773-4b49-4e76-8657-0099a1661789,d969eb4a-11f3-4000-bc42-1b23856dd9e6,2025-12-08T18:30:00,Conjunctivitis (Netra Abhishyanda),"Triphala eye wash, Rose water",Netra Vyayama,"Cool, light foods. Avoid spicy and fermented. Sweet, bitter, astringent.",1,60,Significantly Improved
d8047d21-74b7-4f11-a83d-07fd039f2558,20e3faa4-c35f-4b69-b0cc-33fb8d47f6c5,de485be2-b46b-4d65-963c-04473353f1a9,2025-12-06T11:00:00,Dandruff (Darunaka),"Neem, Aloe Vera, Bhringraj",Scalp massage,"Light, dry, warm foods. Avoid heavy and oily. Pungent, bitter, astringent.",7,95,Under Treatment
908ef3ca-0e1f-43d1-aae6-3590ab4e28d0,a33b9ff8-c6cc-4297-97b5-523bd7de72c8,28401a01-6b06-4fac-bc2f-f16cf162a371,2025-12-30T12:00:00,Worm Infection (Krimi Roga),"Vidanga, Palasha, Triphala",Pawanmuktasana,"Warm, oily foods. Avoid cold and dry. Sweet, sour, salty taste.",1,67,Under Treatment
7bab9540-317b-4108-8c33-5f55853d8b11,0607d575-d9a3-421c-aa70-86cbfe8b59f4,ee2de864-ae8a-4ae6-ad6d-4854c1ba9d53,2025-12-22T13:00:00,Vertigo (Bhrama),"Brahmi, Ashwagandha",Shavasana,"Warm, oily foods. Avoid cold and dry. Sweet, sour, salty taste.",3,79,Significantly Improved
328a8e93-a295-41cc-b94c-3a5528596c13,3a3fa97c-75f2-4fb5-bcc0-c0ef111757fc,1c0a7d93-266e-4122-9bb8-aa6a04ee2a60,2025-12-12T15:15:00,Vitiligo (Shwitra),"Bakuchi, Neem, Manjistha",Sheetali Pranayama,"Cool, light foods. Avoid spicy and fermented. Sweet, bitter, astringent.",3,84,Significantly Improved
78b23dc0-a925-4ab9-a442-0611321b74f8,e7621c85-6490-49b3-97e2-0736bf159cca,c49cd089-adce-4984-befb-92580148f10f,2025-12-09T18:30:00,Typhoid (Antrika Jwara),"Guduchi, Sudarshan Churna","Rest, Shavasana","Cool, light foods. Avoid spicy and fermented. Sweet, bitter, astringent.",8,71,Under Treatment
6ea6587c-565c-4989-bc55-ede6ed3e68bc,ad67c592-f178-4087-bf63-49d39917d684,94023d48-5322-42e0-9dd7-920a8245e2b3,2025-12-27T12:00:00,Chronic Kidney Disease (Vrikka Vaikalya),"Punarnava, Gokshura",Gentle walking,"Warm, oily foods. Avoid cold and dry. Sweet, sour, salty taste.",13,68,Significantly Improved
0fbbb472-48ca-490b-af82-7345eae62d74,6598fb6f-29d4-4b13-ad62-0f18e98871d0,bab1a96a-70bc-4e20-8731-5885f8fbafa6,2025-12-30T16:30:00,Ear Infection (Karna Shoola),"Tulsi, Neem oil drops",Rest,"Light, dry, warm foods. Avoid heavy and oily. Pungent, bitter, astringent.",7,91,Significantly Improved
42901e97-0533-4d3b-abb3-4fa2483397d9,de8c425a-ae57-449d-b012-9de69e1d4432,6114e24d-fc70-4fff-a832-6be301c6436c,2025-12-16T17:15:00,Whooping Cough (Deergha Kasa),"Vasaka, Tulsi",Rest,"Light, dry, warm foods. Avoid heavy and oily. Pungent, bitter, astringent.",2,70,Stable
94848cb3-30e9-4e07-b647-249066a81dce,22cb4b29-5434-4218-9fc7-40b74f753a06,bdb54ed7-698d-4d1e-8a89-a87813f54085,2025-12-04T12:30:00,Tennis Elbow (Kurpara Shoola),"Nirgundi, Guggulu",Gentle stretching,"Warm, oily foods. Avoid cold and dry. Sweet, sour, salty taste.",3,68,Stable
f82e9cf5-bba0-4510-b43a-a2c7277850e8,ec81a18e-aa66-4f64-b030-15e9f6e1ef2f,e4ffe68f-b68c-431a-8bf1-cffe600cf421,2025-12-06T13:00:00,Psoriasis (Kitibha Kushtha),"Neem, Turmeric, Manjistha",Sheetali Pranayama,"Cool, light foods. Avoid spicy and fermented. Sweet, bitter, astringent.",5,67,Under Treatment
33294146-3d82-48c5-90f4-5eda7d8ca766,9e41afc4-d4c9-47d4-ab3b-dc6cadb1a142,a57c20e5-119f-4d45-bff2-92b6836c90e0,2025-12-21T10:45:00,Gingivitis (Danta Vidradhi),"Triphala, Clove oil",Oil pulling,"Cool, light foods. Avoid spicy and fermented. Sweet, bitter, astringent.",7,70,Recovered
8399cf5a-cf9d-4c87-9aa8-ac920e86744e,b01c2f08-620e-4003-9146-b2bc5089f338,3d108e11-9aba-420f-9d68-f50d0a22d392,2025-12-11T18:30:00,Back Pain (Prishtha Shoola),"Guggulu, Ashwagandha",Bhujangasana,"Warm, oily foods. Avoid cold and dry. Sweet, sour, salty taste.",1,51,Stable
6ec29945-1222-4541-9827-cae96e7797c6,1602ef2e-0031-469b-9a7f-6b4ad32085b6,34b91b77-a26f-40da-bdae-326e5a1073f3,2025-12-27T13:45:00,Digestive Disorder (Vikara),"Triphala, Ginger","Vajrasana, Pranayama","Cool, light foods. Avoid spicy and fermented. Sweet, bitter, astringent.",6,53,Under Treatment
397d9e72-043c-40bb-a51d-34ef663b1b1b,c3030c9a-00cc-4459-b859-fe10292f40d7,45cc4c86-eee0-4515-94a3-393d65a763b2,2025-12-26T14:30:00,Scoliosis (Kubjata),"Ashwagandha, Guggulu",Spine-flexibility yoga,"Warm, oily foods. Avoid cold and dry. Sweet, sour, salty taste.",14,74,Stable
1c29a677-4023-49f3-a4a1-88562f5e7c7f,58306d0e-cb85-40eb-8a2b-c0a098128210,5d10b95b-04c5-4eb7-b203-03592863dd05,2025-12-23T15:00:00,Anemia (Pandu Roga),"Punarnava, Loha Bhasma, Amla",Surya Namaskar,"Cool, light foods. Avoid spicy and fermented. Sweet, bitter, astringent.",6,64,Stable
6d832349-8171-4e83-9527-f6922de08b36,a1d5c02f-867a-4252-898e-d2989030ad57,1f835c6e-0183-4236-bba6-82b82351e894,2025-12-25T17:00:00,Back Pain (Prishtha Shoola),"Guggulu, Ashwagandha",Bhujangasana,"Warm, oily foods. Avoid cold and dry. Sweet, sour, salty taste.",3,75,Stable
dad64b75-209b-4fd9-bf37-0ae12c7c8fb5,46e46bdf-2bc4-4d53-9a51-6d108fe6f84b,99681053-8e26-4fd8-a574-18245996bee4,2025-12-08T15:45:00,Stress (Manasika Tanava),"Ashwagandha, Brahmi",Shavasana,"Warm, oily foods. Avoid cold and dry. Sweet, sour, salty taste.",5,59,Improved
88aeb65e-0961-4693-a768-ba67bb30c312,b38f1913-34e8-405b-902f-623c470764bf,3e254bfc-6f41-4c3a-8d0f-e423a9e6e6c8,2025-12-13T16:15:00,Chikungunya (Sandhi Jwara),"Guduchi, Papaya leaf",Rest,"Cool, light foods. Avoid spicy and fermented. Sweet, bitter, astringent.",13,50,Improved
5ef2bcf8-871b-4abd-b178-97c1f8d50762,4fb5f8e9-de14-4ad2-a28d-8eb25e69f54a,8502a6e6-aef3-4604-bb22-778446fdd8f1,2025-12-23T17:45:00,Sciatica (Gridhrasi),"Nirgundi, Guggulu",Pawanmuktasana,"Warm, oily foods. Avoid cold and dry. Sweet, sour, salty taste.",1,45,Improved
a35f77ab-a6ed-475f-8692-d1389f08458e,16a1de90-da6a-4cc1-9285-5b3be704c9df,33fc117b-43a1-4cd9-8098-3ea7e754db7c,2025-12-25T10:00:00,Sciatica (Gridhrasi),"Nirgundi, Guggulu",Pawanmuktasana,"Warm, oily foods. Avoid cold and dry. Sweet, sour, salty taste.",13,53,Improved
99309b42-e50a-4321-95da-0696f074a05a,14a18b3c-01bd-4e37-92cb-b0298026958b,8b162c9c-6e52-4472-a23f-77f03e13aa09,2025-12-08T13:45:00,Psoriasis (Kitibha Kushtha),"Neem, Turmeric, Manjistha",Sheetali Pranayama,"Cool, light foods. Avoid spicy and fermented. Sweet, bitter, astringent.",2,86,Significantly Improved
d4a94fc5-8eaf-47e4-be86-85c87025fea6,2b000529-c39a-466f-8e6b-8fbf79337cf9,82dd3b64-0dd7-431b-b9f6-66b14c999f26,2025-12-17T11:00:00,Vitiligo (Shwitra),"Bakuchi, Neem, Manjistha",Sheetali Pranayama,"Cool, light foods. Avoid spicy and fermented. Sweet, bitter, astringent.",2,65,Under Treatment
219299f8-1b74-4fa8-82e6-ee99d5dea5c4,433745ec-d4b7-4131-81ac-776e3c533b33,53d2eb74-5d1c-44cf-b635-7962f9706041,2025-12-26T14:45:00,Conjunctivitis (Netra Abhishyanda),"Triphala eye wash, Rose water",Netra Vyayama,"Cool, light foods. Avoid spicy and fermented. Sweet, bitter, astringent.",2,48,Significantly Improved
f5aab530-b661-48e9-b35d-907496224528,f2dfafab-2d92-4755-ba87-5604820b334a,10fceffd-0e2a-4076-a1e2-ce856934f40d,2025-12-18T12:30:00,Chronic Kidney Disease (Vrikka Vaikalya),"Punarnava, Gokshura",Gentle walking,"Warm, oily foods. Avoid cold and dry. Sweet, sour, salty taste.",13,76,Under Treatment
2ee47cf9-b104-4bf1-85cc-ccfdf8bf29d4,7ea137f7-1782-473a-86f5-541ea492fa88,3d48c79b-d771-471a-bb55-1313f3160f26,2025-12-15T12:30:00,Angina (Hrit Shoola),"Arjuna, Guggulu",Gentle breathing,"Warm, oily foods. Avoid cold and dry. Sweet, sour, salty taste.",7,63,Improved
db68482e-3267-44df-8cc3-e3931982a938,a22600b0-f263-4da1-898f-23ceca553d2a,5986368a-fdef-4769-9694-0d1d281f9ec1,2025-12-25T11:45:00,Fatty Liver (Yakrit Meda Vriddhi),"Bhumi Amla, Guduchi, Triphala",Surya Namaskar,"Light, dry, warm foods. Avoid heavy and oily. Pungent, bitter, astringent.",3,48,Stable
14bc239d-c673-4c5a-8c08-7724d3fea116,c3030c9a-00cc-4459-b859-fe10292f40d7,6e678633-3d0e-43fe-a16d-14c23e24b220,2025-12-05T09:30:00,Boils (Vidradhi),"Neem, Turmeric, Manjistha",Sheetali Pranayama,"Cool, light foods. Avoid spicy and fermented. Sweet, bitter, astringent.",1,76,Improved
11dd602f-95c1-4c99-a6ef-d006b2593533,f12f6830-837f-4ddc-a09f-d362e7963e46,aa6ac8f2-6801-44fa-b236-dfab1c3442f0,2025-12-25T16:30:00,Urinary Tract Infection (Mutradaha),"Gokshura, Chandan, Punarnava",Baddha Konasana,"Cool, light foods. Avoid spicy and fermented. Sweet, bitter, astringent.",2,61,Stable
fc8c5bcc-92a8-4640-aaf3-7c5b6231d647,88bbc328-212d-4766-8274-cb8fbab426f0,c1e01369-d7ba-4999-8f7b-b50f2c49b381,2025-12-12T13:00:00,Sleep Apnea (Nidra Vaishamya),"Ashwagandha, Brahmi",Bhramari Pranayama,"Light, dry, warm foods. Avoid heavy and oily. Pungent, bitter, astringent.",7,85,Improved
8eadbfe4-7051-4e99-936e-14c4ea93a55a,238fd634-88bd-43cc-9426-ecd5dd6df426,16c0f7b7-e414-41c9-81c1-95d3a19555de,2025-12-06T16:45:00,Hyperthyroidism (Atisweda),"Ashwagandha, Shatavari, Brahmi",Sheetali Pranayama,"Cool, light foods. Avoid spicy and fermented. Sweet, bitter, astringent.",8,65,Stable
a11cda64-fca6-4141-a5b0-2a26d5020cf1,e3a8b40e-104d-49b5-b1fb-9c95e5efd9be,9f796244-b201-43f3-befe-784aefaa8fc4,2025-12-25T16:30:00,Cystitis (Mutrakrichra),"Gokshura, Punarnava",Baddha Konasana,"Warm, oily foods. Avoid cold and dry. Sweet, sour, salty taste.",7,69,Stable
f2f01c38-a539-4c9f-a7b2-175d3e907354,2d06814c-d663-4758-9fe6-5eeb4e3b82aa,e99b9f32-977b-4d29-84b1-14eb26792f22,2025-12-19T17:00:00,Vitiligo (Shwitra),"Bakuchi, Neem, Manjistha",Sheetali Pranayama,"Cool, light foods. Avoid spicy and fermented. Sweet, bitter, astringent.",3,78,Stable
f9503760-b900-44ec-abf2-fb33b061c190,47858567-6aac-44d7-9781-0cc941cbdfe4,afb87296-18f9-483d-82fd-e5ea96ed56c7,2025-12-12T18:30:00,Vertigo (Bhrama),"Brahmi, Ashwagandha",Shavasana,"Warm, oily foods. Avoid cold and dry. Sweet, sour, salty taste.",3,69,Improved
b5b5109e-a899-4fd9-8bec-d5cd3978ecb9,da99b674-4d79-4e03-8869-ecdcce4d9b81,b3948e88-2e61-4918-a049-3e1dd096e05f,2025-12-03T08:15:00,Sinusitis (Apinasa),"Sitopaladi Churna, Tulsi",Jal Neti,"Light, dry, warm foods. Avoid heavy and oily. Pungent, bitter, astringent.",3,79,Stable
08c6d864-71ef-40ff-95f1-d226d05baf4c,7cc5ac08-483b-4e54-8678-f323be76d462,05ae59c3-641e-40b8-b14b-61a4168c0730,2025-12-17T18:45:00,Menstrual Disorder (Artava Dushti),"Ashwagandha, Shatavari",Baddha Konasana,"Warm, oily foods. Avoid cold and dry. Sweet, sour, salty taste.",11,42,Improved
2807d659-d3f6-49f7-b0c0-ac0af79de828,01c540cd-b592-42bd-afc3-b9ec164ec439,7cad0d23-c431-4642-859e-a59de3190c69,2025-12-31T12:45:00,Contact Dermatitis (Sparshaja Kushtha),"Aloe Vera, Neem, Chandan",Sheetali Pranayama,"Cool, light foods. Avoid spicy and fermented. Sweet, bitter, astringent.",3,66,Stable
e3cd6cd5-86a3-4b3c-be02-a571e5d64a3d,0f9da008-7ad8-49b4-b821-7077961a2d89,f08ff58b-aa67-455e-98de-8ad2419485cd,2025-12-02T10:30:00,Anemia (Pandu Roga),"Punarnava, Loha Bhasma, Amla",Surya Namaskar,"Cool, light foods. Avoid spicy and fermented. Sweet, bitter, astringent.",8,74,Improved
4fd52134-8dae-4d9a-9029-1a9cf87952a7,c2bd62d4-1a44-40d8-8141-8e1efbfebfd1,934d4272-7662-461f-be52-1aecd8a7be13,2025-12-19T16:30:00,Stress (Manasika Tanava),"Ashwagandha, Brahmi",Shavasana,"Warm, oily foods. Avoid cold and dry. Sweet, sour, salty taste.",2,73,Improved
f731ef08-a8d5-480e-9168-0e9bd8fce859,add4d8f3-f252-4574-b078-08dec70d47b3,d52261e1-a699-4a0b-a6a9-545ae831ebf1,2025-12-01T17:15:00,Alopecia (Indralupta),"Bhringraj, Amla, Neem",Head massage,"Cool, light foods. Avoid spicy and fermented. Sweet, bitter, astringent.",1,80,Stable
66e0c7f3-5af7-4102-a569-50e729c03767,53db3cd7-08f8-47a6-b232-e756d58e049e,715d9ba4-b7b1-41aa-8859-24ce401a3c78,2025-12-06T08:00:00,Frozen Shoulder (Avabahuka),"Nirgundi, Guggulu",Shoulder rotations,"Warm, oily foods. Avoid cold and dry. Sweet, sour, salty taste.",8,61,Significantly Improved
fe09801e-09b2-400c-b5db-2e4cfc7988ab,9e41afc4-d4c9-47d4-ab3b-dc6cadb1a142,fec0a745-086b-4c36-9c19-79340e4b2aaf,2025-12-16T13:30:00,Hyperlipidemia (Medo Vriddhi),"Guggulu, Arjuna, Triphala",Surya Namaskar,"Light, dry, warm foods. Avoid heavy and oily. Pungent, bitter, astringent.",3,70,Improved
00dd5f0b-f25a-47eb-b374-10ee6f381df5,03bee406-a6c0-4dfb-b6e4-9f31eb880ec8,04c61592-0362-40ed-a80c-00615c2404ec,2025-12-30T10:45:00,Angina (Hrit Shoola),"Arjuna, Guggulu",Gentle breathing,"Warm, oily foods. Avoid cold and dry. Sweet, sour, salty taste.",5,91,Significantly Improved
525202cf-8804-4040-a4ac-3591d8fd3b4b,bc05d0f9-c1e1-4e7d-a91a-ff6443a4b966,53b266ce-db60-476d-8506-37951368a10f,2025-12-30T13:00:00,Thyroid Disorder (Galaganda Vikara),"Ashwagandha, Guggulu, Kanchanar",Sarvangasana,"Warm, oily foods. Avoid cold and dry. Sweet, sour, salty taste.",1,76,Under Treatment
e652b2e9-a441-4aba-9920-5346ef18ae05,6da786f7-fb9b-4c33-9de1-6b08575ccad3,bc3746ea-2b7c-4633-8cce-349b30e37c98,2025-12-20T13:15:00,Depression (Vishada),"Ashwagandha, Brahmi, Jatamansi",Yoga Nidra,"Warm, oily foods. Avoid cold and dry. Sweet, sour, salty taste.",6,93,Under Treatment
f5b3bef4-007b-44f6-ae07-85006ddfd925,d56a8d27-6a5a-4e28-a957-7d883cf46c3c,13fb6447-375d-47bf-8fe0-52c535f8d8a7,2025-12-29T17:00:00,Anemia (Pandu Roga),"Punarnava, Loha Bhasma, Amla",Surya Namaskar,"Cool, light foods. Avoid spicy and fermented. Sweet, bitter, astringent.",2,90,Improved
