id,patient_id,visit_date,diagnosis,symptoms,prakriti,vikriti,severity,comorbidities,notes,prescription
78d71c79-1d22-465a-8a7d-f40e4f88f6b6,4fb5f8e9-de14-4ad2-a28d-8eb25e69f54a,2025-01-15T09:45:00,Common Cold,Symptoms related to Common Cold,Kapha,Kapha,3,None,Patient presents with mild Common Cold. Season: Shishira. Dosha predominant: Kapha.,{}
57df80b1-368d-4040-8730-421348fec7ea,6e84f7a6-eb67-48e5-9d55-6a4a09594123,2025-01-26T18:30:00,Common Cold,Symptoms related to Common Cold,Kapha,Kapha,3,Diabetes,Patient presents with mild Common Cold. Season: Shishira. Dosha predominant: Kapha.,{}
597b3475-7b06-419c-8c0f-8371e4cd5a87,e2149137-65cc-48e3-81d8-5226fe2dcfa1,2025-01-10T12:00:00,Constipation (Vibandha),"Infrequent stools, hard stools, bloating, discomfort",Vata,Vata,3,None,Patient presents with mild Constipation (Vibandha). Season: Shishira. Dosha predominant: Vata.,{}
02eae712-112e-4d47-90cd-45224829040c,98e6ba41-b762-4752-aa46-66120355f8de,2025-01-09T08:15:00,Cough (Kasa),"Persistent cough, throat irritation, breathlessness",Kapha,Kapha,6,Obesity,Patient presents with moderate Cough (Kasa). Season: Shishira. Dosha predominant: Kapha.,{}
c3246405-5b7a-4846-997a-ca5c11dc61d2,d1922d18-a85a-4413-8f30-0a1e25b7dfb3,2025-01-16T10:00:00,Common Cold,Symptoms related to Common Cold,Kapha,Kapha,3,Obesity,Patient presents with mild Common Cold. Season: Shishira. Dosha predominant: Kapha.,{}
eb83c75e-f0a1-4868-927d-a13485711e34,ee8a5344-5c59-46af-bbc4-14de251c5771,2025-01-30T14:15:00,Joint Pain (Amavata),"Morning stiffness, swelling in joints, pain on movement",Vata,Vata,6,,Patient presents with moderate Joint Pain (Amavata). Season: Shishira. Dosha predominant: Vata.,{}
ad5484c9-61ae-433f-861f-3844e92b3f80,1d00dc35-fc33-470a-be8d-e14e80b17e40,2025-01-26T11:00:00,Bronchitis (Kasa),"Productive cough, mucus, chest congestion, low-grade fever",Kapha,Kapha,6,Diabetes,Patient presents with moderate Bronchitis (Kasa). Season: Shishira. Dosha predominant: Kapha.,{}
ac687b5a-6b24-4f79-9629-1ad4dc9cc510,726a0544-9ef5-4fcc-a522-5ed2b32a0dd5,2025-01-16T17:45:00,Constipation (Vibandha),"Infrequent stools, hard stools, bloating, discomfort",Vata,Vata,3,,Patient presents with mild Constipation (Vibandha). Season: Shishira. Dosha predominant: Vata.,{}
cae0b290-c1f1-45d2-b068-29d09fd0001c,d86aac54-f472-4863-b75f-da024a0445c4,2025-01-25T08:30:00,Asthma (Tamaka Shwasa),"Wheezing, breathlessness, chest tightness, cough at night",Kapha,Kapha,9,None,Patient presents with severe Asthma (Tamaka Shwasa). Season: Shishira. Dosha predominant: Kapha.,{}
05444958-218d-4a35-b0d9-49702f4f70e5,ce660c61-3a43-416d-97ea-38320d61464b,2025-01-06T14:30:00,Joint Pain (Amavata),"Morning stiffness, swelling in joints, pain on movement",Vata,Vata,6,None,Patient presents with moderate Joint Pain (Amavata). Season: Shishira. Dosha predominant: Vata.,{}
e69608c0-c002-4dc3-9a3b-14522c9b21f1,4424bbef-e9cf-45b6-8f78-d9063f13c9f0,2025-01-30T09:15:00,Constipation (Vibandha),"Infrequent stools, hard stools, bloating, discomfort",Vata,Vata,3,None,Patient presents with mild Constipation (Vibandha). Season: Shishira. Dosha predominant: Vata.,{}
e752ce83-be90-4cb2-b387-38267a2289b7,bcd5d8a7-dbef-4a86-9f3f-5d9203ee44f1,2025-01-09T16:00:00,Asthma (Tamaka Shwasa),"Wheezing, breathlessness, chest tightness, cough at night",Kapha,Kapha,9,None,Patient presents with severe Asthma (Tamaka Shwasa). Season: Shishira. Dosha predominant: Kapha.,{}
a23b0adb-6742-4e2a-9715-9212f5ffe30d,23693197-f808-4c2b-b8d5-95c6ad1929cc,2025-01-19T12:30:00,Common Cold,Symptoms related to Common Cold,Kapha,Kapha,3,,Patient presents with mild Common Cold. Season: Shishira. Dosha predominant: Kapha.,{}
b9e20a7e-3f55-4a6b-bfc2-c047827dfc0b,c549a658-4581-40d1-b0a2-3b3070b94950,2025-01-20T16:45:00,Joint Pain (Amavata),"Morning stiffness, swelling in joints, pain on movement",Vata,Vata,6,,Patient presents with moderate Joint Pain (Amavata). Season: Shishira. Dosha predominant: Vata.,{}
a57aa030-e362-40c4-886c-9d20211e1392,802e48c6-0dbc-460b-a0e5-64d9eea7fc53,2025-01-07T18:15:00,Common Cold,Symptoms related to Common Cold,Kapha,Kapha,3,Obesity,Patient presents with mild Common Cold. Season: Shishira. Dosha predominant: Kapha.,{}
df231e61-8093-45ea-ab2d-2237b803b260,6910e26f-e6ca-45ef-9c45-4dee264db0f8,2025-01-20T15:45:00,Common Cold,Symptoms related to Common Cold,Kapha,Kapha,3,Stress,Patient presents with mild Common Cold. Season: Shishira. Dosha predominant: Kapha.,{}
ba0687be-b29e-4d28-8442-0f23a8cab6e2,47858567-6aac-44d7-9781-0cc941cbdfe4,2025-01-16T08:30:00,Asthma (Tamaka Shwasa),"Wheezing, breathlessness, chest tightness, cough at night",Kapha,Kapha,9,Hypertension,Patient presents with severe Asthma (Tamaka Shwasa). Season: Shishira. Dosha predominant: Kapha.,{}
8d930eae-724c-4b9b-94ac-32857de3cad6,20e3faa4-c35f-4b69-b0cc-33fb8d47f6c5,2025-01-21T13:45:00,Joint Pain (Amavata),"Morning stiffness, swelling in joints, pain on movement",Vata,Vata,6,Obesity,Patient presents with moderate Joint Pain (Amavata). Season: Shishira. Dosha predominant: Vata.,{}
c1dfbd4f-0d54-4277-9f2c-4cf205ad8870,e07cfeba-3c9f-4102-a70a-39204c01fc3f,2025-01-25T13:30:00,Asthma (Tamaka Shwasa),"Wheezing, breathlessness, chest tightness, cough at night",Kapha,Kapha,9,Obesity,Patient presents with severe Asthma (Tamaka Shwasa). Season: Shishira. Dosha predominant: Kapha.,{}
378759d1-de13-4ef4-8cb3-2a005b28f11d,6ee05050-0903-4d67-b686-bc9ee67f4818,2025-01-06T11:15:00,Asthma (Tamaka Shwasa),"Wheezing, breathlessness, chest tightness, cough at night",Kapha,Kapha,9,Obesity,Patient presents with severe Asthma (Tamaka Shwasa). Season: Shishira. Dosha predominant: Kapha.,{}
2649daef-96e5-4a5c-9f24-ffb8a5595960,b7b3f2ca-7786-42cd-b1d9-c40140828041,2025-01-11T10:30:00,Asthma (Tamaka Shwasa),"Wheezing, breathlessness, chest tightness, cough at night",Kapha,Kapha,9,Stress,Patient presents with severe Asthma (Tamaka Shwasa). Season: Shishira. Dosha predominant: Kapha.,{}
cc8fa71b-8090-4ecd-bb5e-f894e41ca273,6d861f09-0077-420a-9c25-d085b2b7a889,2025-01-06T17:15:00,Joint Pain (Amavata),"Morning stiffness, swelling in joints, pain on movement",Vata,Vata,6,Diabetes,Patient presents with moderate Joint Pain (Amavata). Season: Shishira. Dosha predominant: Vata.,{}
9bdb18e7-24d4-45db-b035-b95b07d03a1f,98321cdc-abcd-42c7-9f17-b906cbfb79f8,2025-01-18T14:30:00,Asthma (Tamaka Shwasa),"Wheezing, breathlessness, chest tightness, cough at night",Kapha,Kapha,9,Diabetes,Patient presents with severe Asthma (Tamaka Shwasa). Season: Shishira. Dosha predominant: Kapha.,{}
0e709190-34e2-468a-b0bd-0e41aba3f09a,b70fedb3-9048-42f5-9ac3-63f66ecfb90a,2025-01-22T12:15:00,Common Cold,Symptoms related to Common Cold,Kapha,Kapha,3,None,Patient presents with mild Common Cold. Season: Shishira. Dosha predominant: Kapha.,{}
f5dcae84-3e45-4b53-9cd2-24163436d08e,441f1874-a9fd-4f31-9e85-d4112f97f7a7,2025-01-06T11:30:00,Asthma (Tamaka Shwasa),"Wheezing, breathlessness, chest tightness, cough at night",Kapha,Kapha,9,Diabetes,Patient presents with severe Asthma (Tamaka Shwasa). Season: Shishira. Dosha predominant: Kapha.,{}
80b8bb9d-7947-4ce9-b327-a5ab9d6313fd,a265ce0b-ca57-415e-93d7-a18f14fc40d2,2025-01-27T11:00:00,Cough (Kasa),"Persistent cough, throat irritation, breathlessness",Kapha,Kapha,6,Hypertension,Patient presents with moderate Cough (Kasa). Season: Shishira. Dosha predominant: Kapha.,{}
c666dd64-4bac-4f21-8ed2-034ebfc56e04,20331df7-0754-45ff-80e8-a441eef41dc7,2025-01-10T08:30:00,Common Cold,Symptoms related to Common Cold,Kapha,Kapha,3,None,Patient presents with mild Common Cold. Season: Shishira. Dosha predominant: Kapha.,{}
70015b5c-1477-4eb4-bb24-72b432e67e67,b41f8f15-7d78-4d16-9e4e-2e3d0ba431d1,2025-01-13T16:00:00,Bronchitis (Kasa),"Productive cough, mucus, chest congestion, low-grade fever",Kapha,Kapha,6,None,Patient presents with moderate Bronchitis (Kasa). Season: Shishira. Dosha predominant: Kapha.,{}
62a72361-3d4d-4fdf-8ae6-39b5bb5b7dee,b41f8f15-7d78-4d16-9e4e-2e3d0ba431d1,2025-01-17T16:00:00,Bronchitis (Kasa),"Productive cough, mucus, chest congestion, low-grade fever",Kapha,Kapha,6,,Follow-up visit for Bronchitis (Kasa). Season: Shishira.,{}
68f6f007-3770-4f42-9406-51ca62cfcbe4,8fc7efec-f525-4ece-94f6-0f21afc8d133,2025-01-27T16:30:00,Bronchitis (Kasa),"Productive cough, mucus, chest congestion, low-grade fever",Kapha,Kapha,6,Obesity,Patient presents with moderate Bronchitis (Kasa). Season: Shishira. Dosha predominant: Kapha.,{}
cf095312-7f59-4ea2-98d6-08e63c6822ea,3a327c93-4fc0-46b9-b640-0e78ce6054dd,2025-01-28T10:45:00,Joint Pain (Amavata),"Morning stiffness, swelling in joints, pain on movement",Vata,Vata,6,Diabetes,Patient presents with moderate Joint Pain (Amavata). Season: Shishira. Dosha predominant: Vata.,{}
e2428cb1-78cb-4110-bf92-c856d0ae190d,53db3cd7-08f8-47a6-b232-e756d58e049e,2025-01-23T17:30:00,Joint Pain (Amavata),"Morning stiffness, swelling in joints, pain on movement",Vata,Vata,6,None,Patient presents with moderate Joint Pain (Amavata). Season: Shishira. Dosha predominant: Vata.,{}
1c81f2ce-dca2-4104-95ea-e28eacb7ff47,53db3cd7-08f8-47a6-b232-e756d58e049e,2025-01-25T17:30:00,Joint Pain (Amavata),"Morning stiffness, swelling in joints, pain on movement",Vata,Vata,6,,Follow-up visit for Joint Pain (Amavata). Season: Shishira.,{}
88bec2cc-f5a4-4cdf-bb7d-b2351f1b49e9,b8304e0a-3a8f-4b14-b867-3bd6e4ae8233,2025-01-06T12:30:00,Cough (Kasa),"Persistent cough, throat irritation, breathlessness",Kapha,Kapha,6,None,Patient presents with moderate Cough (Kasa). Season: Shishira. Dosha predominant: Kapha.,{}
305b4730-ec4e-491c-8eb7-598ebef4cba9,5814e1dc-d0e2-4f4d-98ca-44720ea1c7f5,2025-01-01T13:45:00,Cough (Kasa),"Persistent cough, throat irritation, breathlessness",Kapha,Kapha,6,Obesity,Patient presents with moderate Cough (Kasa). Season: Shishira. Dosha predominant: Kapha.,{}
e833b373-eb18-46a4-862b-7e80c5b47903,1e359d5d-7768-470f-a347-70b8e28e6bf8,2025-01-20T14:45:00,Asthma (Tamaka Shwasa),"Wheezing, breathlessness, chest tightness, cough at night",Kapha,Kapha,9,Obesity,Patient presents with severe Asthma (Tamaka Shwasa). Season: Shishira. Dosha predominant: Kapha.,{}
ab7ca872-fc19-4623-adaa-79e645d663ff,efaae104-995f-4f1c-950e-2c3be2c75237,2025-01-05T08:15:00,Constipation (Vibandha),"Infrequent stools, hard stools, bloating, discomfort",Vata,Vata,3,Diabetes,Patient presents with mild Constipation (Vibandha). Season: Shishira. Dosha predominant: Vata.,{}
587d49e0-6302-4a72-8f15-5fb4a691d0ad,1888f6f7-5d27-4a5a-9f07-399bf5c9b2ed,2025-01-04T09:15:00,Cough (Kasa),"Persistent cough, throat irritation, breathlessness",Kapha,Kapha,6,,Patient presents with moderate Cough (Kasa). Season: Shishira. Dosha predominant: Kapha.,{}
28081ee7-ec01-44eb-89f7-caee3f8f1465,81a48133-5ea2-4775-a92b-b173a78693b9,2025-01-08T12:45:00,Cough (Kasa),"Persistent cough, throat irritation, breathlessness",Kapha,Kapha,6,,Patient presents with moderate Cough (Kasa). Season: Shishira. Dosha predominant: Kapha.,{}
f0a7ff17-c33d-419d-8466-e69214ad185a,cb740f09-ee3b-47a4-927e-7920b916d772,2025-01-15T10:30:00,Cough (Kasa),"Persistent cough, throat irritation, breathlessness",Kapha,Kapha,6,Stress,Patient presents with moderate Cough (Kasa). Season: Shishira. Dosha predominant: Kapha.,{}
da508769-3af2-4d35-bba8-b296cfa9a6d1,3afcba49-65dd-46f8-9fa0-7013e56af098,2025-01-10T17:00:00,Asthma (Tamaka Shwasa),"Wheezing, breathlessness, chest tightness, cough at night",Kapha,Kapha,9,Obesity,Patient presents with severe Asthma (Tamaka Shwasa). Season: Shishira. Dosha predominant: Kapha.,{}
260d98a7-7b99-4e90-816e-b081b8f8752b,d7f6b712-cbec-4b14-91a0-38a63d02a0ed,2025-01-28T15:00:00,Cough (Kasa),"Persistent cough, throat irritation, breathlessness",Kapha,Kapha,6,,Patient presents with moderate Cough (Kasa). Season: Shishira. Dosha predominant: Kapha.,{}
081b30f7-6450-4695-9ad9-c0aabe954be9,9a7c3a9f-6688-4f36-a0c5-a0c643f86397,2025-01-29T13:15:00,Bronchitis (Kasa),"Productive cough, mucus, chest congestion, low-grade fever",Kapha,Kapha,6,Hypertension,Patient presents with moderate Bronchitis (Kasa). Season: Shishira. Dosha predominant: Kapha.,{}
2ef6a6a8-11e7-40da-8f86-a5d0b150f91b,d3e9e3ed-00ef-4cd2-9ea2-5de5ff487ba3,2025-01-27T09:30:00,Joint Pain (Amavata),"Morning stiffness, swelling in joints, pain on movement",Vata,Vata,6,Hypertension,Patient presents with moderate Joint Pain (Amavata). Season: Shishira. Dosha predominant: Vata.,{}
58b80dc4-9d43-40b9-8416-0790d8e363dd,e3a8b40e-104d-49b5-b1fb-9c95e5efd9be,2025-01-10T12:30:00,Asthma (Tamaka Shwasa),"Wheezing, breathlessness, chest tightness, cough at night",Kapha,Kapha,9,Obesity,Patient presents with severe Asthma (Tamaka Shwasa). Season: Shishira. Dosha predominant: Kapha.,{}
0c95ab17-94ba-494b-81ad-300182d261e3,7c68fc39-17fe-480d-8e3d-5f5c1b3ffcc0,2025-01-30T17:30:00,Joint Pain (Amavata),"Morning stiffness, swelling in joints, pain on movement",Vata,Vata,6,Stress,Patient presents with moderate Joint Pain (Amavata). Season: Shishira. Dosha predominant: Vata.,{}
5da5e878-c730-44c6-99ce-57fe0cb0cc0c,1895acd7-b472-439c-900f-868a68083e02,2025-01-01T17:15:00,Asthma (Tamaka Shwasa),"Wheezing, breathlessness, chest tightness, cough at night",Kapha,Kapha,9,Hypertension,Patient presents with severe Asthma (Tamaka Shwasa). Season: Shishira. Dosha predominant: Kapha.,{}
726bca6d-85c6-4c92-8143-955042c3591d,bd87b187-e30f-49f6-a0fd-8b49bcd8cf0e,2025-01-07T13:15:00,Constipation (Vibandha),"Infrequent stools, hard stools, bloating, discomfort",Vata,Vata,3,Hypertension,Patient presents with mild Constipation (Vibandha). Season: Shishira. Dosha predominant: Vata.,{}
3f39b455-e2ea-4393-8ed6-37db308d952b,c00e0328-4da5-463d-ab77-57effef4188b,2025-01-25T08:15:00,Common Cold,Symptoms related to Common Cold,Kapha,Kapha,3,Obesity,Patient presents with mild Common Cold. Season: Shishira. Dosha predominant: Kapha.,{}
86e142fd-7392-49e6-a9fc-a3008269712e,90441c78-d438-40c2-8c9f-9a5397f98f8a,2025-01-11T11:30:00,Asthma (Tamaka Shwasa),"Wheezing, breathlessness, chest tightness, cough at night",Kapha,Kapha,9,,Patient presents with severe Asthma (Tamaka Shwasa). Season: Shishira. Dosha predominant: Kapha.,{}
b1b404b9-d50d-44e5-931a-06ce412a88c5,90441c78-d438-40c2-8c9f-9a5397f98f8a,2025-01-15T11:30:00,Asthma (Tamaka Shwasa),"Wheezing, breathlessness, chest tightness, cough at night",Kapha,Kapha,9,,Follow-up visit for Asthma (Tamaka Shwasa). Season: Shishira.,{}
1d19d3d2-29ce-4406-9dd1-42d0d42e0250,bf741850-6488-4b26-ae22-4b833e9aee2a,2025-01-21T17:30:00,Bronchitis (Kasa),"Productive cough, mucus, chest congestion, low-grade fever",Kapha,Kapha,6,Hypertension,Patient presents with moderate Bronchitis (Kasa). Season: Shishira. Dosha predominant: Kapha.,{}
4d71f8cd-e84e-468e-b025-e20a625ca580,b99aeef8-fcfe-4464-8d48-4a1d862871d6,2025-01-06T17:30:00,Constipation (Vibandha),"Infrequent stools, hard stools, bloating, discomfort",Vata,Vata,3,Obesity,Patient presents with mild Constipation (Vibandha). Season: Shishira. Dosha predominant: Vata.,{}
d4fc92eb-db1a-432b-acb8-d36f6b62da59,4c783e9d-495d-4c4d-a0f4-6f5ad0de5fba,2025-01-18T15:00:00,Bronchitis (Kasa),"Productive cough, mucus, chest congestion, low-grade fever",Kapha,Kapha,6,Stress,Patient presents with moderate Bronchitis (Kasa). Season: Shishira. Dosha predominant: Kapha.,{}
d491aed4-cc9a-4468-a8b5-08b23fc2f391,4fb9fb01-2835-4f9b-ad64-f9f690562be8,2025-01-04T10:00:00,Constipation (Vibandha),"Infrequent stools, hard stools, bloating, discomfort",Vata,Vata,3,Obesity,Patient presents with mild Constipation (Vibandha). Season: Shishira. Dosha predominant: Vata.,{}
e4930ec1-cc0f-4fc5-a3c7-9779503d03d5,ec150a89-88a1-4497-94d1-797adb15f393,2025-01-03T09:45:00,Constipation (Vibandha),"Infrequent stools, hard stools, bloating, discomfort",Vata,Vata,3,None,Patient presents with mild Constipation (Vibandha). Season: Shishira. Dosha predominant: Vata.,{}
2aceb227-66a4-46a4-9a4c-63f05001d9cc,b45a0641-3cff-4e1a-8bce-40a8df3fa799,2025-01-29T15:15:00,Constipation (Vibandha),"Infrequent stools, hard stools, bloating, discomfort",Vata,Vata,3,None,Patient presents with mild Constipation (Vibandha). Season: Shishira. Dosha predominant: Vata.,{}
8e0f2b6d-94a5-429f-a0ab-ee009dec6ea4,4571dd57-064d-4016-a800-f13c33ed96fa,2025-01-21T15:30:00,Asthma (Tamaka Shwasa),"Wheezing, breathlessness, chest tightness, cough at night",Kapha,Kapha,9,Hypertension,Patient presents with severe Asthma (Tamaka Shwasa). Season: Shishira. Dosha predominant: Kapha.,{}
777d91c0-ecb1-41fe-9393-fb51b833fd19,1e359d5d-7768-470f-a347-70b8e28e6bf8,2025-01-05T13:00:00,Constipation (Vibandha),"Infrequent stools, hard stools, bloating, discomfort",Vata,Vata,3,Stress,Patient presents with mild Constipation (Vibandha). Season: Shishira. Dosha predominant: Vata.,{}
f569afc8-47c2-4d7d-b201-bb1891008ab2,5f999622-7d9c-4b02-b29b-67df78fc574e,2025-01-23T09:00:00,Joint Pain (Amavata),"Morning stiffness, swelling in joints, pain on movement",Vata,Vata,6,Stress,Patient presents with moderate Joint Pain (Amavata). Season: Shishira. Dosha predominant: Vata.,{}
41b18945-2ed8-45b2-a6a9-0e1ae1554846,809d0f5a-db30-4e49-b921-50b7688e7258,2025-01-04T12:15:00,Bronchitis (Kasa),"Productive cough, mucus, chest congestion, low-grade fever",Kapha,Kapha,6,Stress,Patient presents with moderate Bronchitis (Kasa). Season: Shishira. Dosha predominant: Kapha.,{}
fe05a9f7-dabb-419d-8f09-f271f94f31cc,1236d8c2-2a49-449b-a3e4-dd6ed2f707b7,2025-01-28T10:00:00,Joint Pain (Amavata),"Morning stiffness, swelling in joints, pain on movement",Vata,Vata,6,None,Patient presents with moderate Joint Pain (Amavata). Season: Shishira. Dosha predominant: Vata.,{}
3ef963d3-dd2c-495c-a0a1-1f062c11514c,704abacf-4cfb-4703-afeb-16be393c8c86,2025-01-06T17:00:00,Joint Pain (Amavata),"Morning stiffness, swelling in joints, pain on movement",Vata,Vata,6,Obesity,Patient presents with moderate Joint Pain (Amavata). Season: Shishira. Dosha predominant: Vata.,{}
b79d69ac-683f-4d55-a2b2-3fe3af4558b4,b70b6866-fc93-49b0-82ff-5829d7478c5e,2025-01-21T09:30:00,Joint Pain (Amavata),"Morning stiffness, swelling in joints, pain on movement",Vata,Vata,6,,Patient presents with moderate Joint Pain (Amavata). Season: Shishira. Dosha predominant: Vata.,{}
e84648df-0d8e-49b5-9a3f-56f51a0b5c10,4ffe3b34-8f11-4b68-b9e1-58c7cfd63905,2025-01-20T14:45:00,Cough (Kasa),"Persistent cough, throat irritation, breathlessness",Kapha,Kapha,6,Obesity,Patient presents with moderate Cough (Kasa). Season: Shishira. Dosha predominant: Kapha.,{}
e0ec0e76-1831-49ad-9c0f-380bf3a29eb7,6c3e91d7-4c5c-41e9-b04e-6118deaff127,2025-01-31T13:30:00,Constipation (Vibandha),"Infrequent stools, hard stools, bloating, discomfort",Vata,Vata,3,Obesity,Patient presents with mild Constipation (Vibandha). Season: Shishira. Dosha predominant: Vata.,{}
94a6d3f5-bd96-495d-9323-ab9d6e636a47,3cd98ca7-8078-45cd-825d-9e94d41e7673,2025-01-18T09:00:00,Cough (Kasa),"Persistent cough, throat irritation, breathlessness",Kapha,Kapha,6,Stress,Patient presents with moderate Cough (Kasa). Season: Shishira. Dosha predominant: Kapha.,{}
225607cb-dbbe-42c8-a123-c6ea53aa6ab1,3b2b32e1-d89f-4be7-85a6-7f655317bb74,2025-01-06T16:00:00,Cough (Kasa),"Persistent cough, throat irritation, breathlessness",Kapha,Kapha,6,Diabetes,Patient presents with moderate Cough (Kasa). Season: Shishira. Dosha predominant: Kapha.,{}
a1d2616b-9685-41f6-bf58-ab5d98b67579,39b43dfe-cabd-49dd-8fe5-b451fc8a1dcc,2025-01-02T09:15:00,Joint Pain (Amavata),"Morning stiffness, swelling in joints, pain on movement",Vata,Vata,6,,Patient presents with moderate Joint Pain (Amavata). Season: Shishira. Dosha predominant: Vata.,{}
97e72457-208d-42f2-994d-e8ab36a0d73a,3f89e890-2a43-4bf1-b75c-a71d6dd423c7,2025-01-28T13:30:00,Cough (Kasa),"Persistent cough, throat irritation, breathlessness",Kapha,Kapha,6,None,Patient presents with moderate Cough (Kasa). Season: Shishira. Dosha predominant: Kapha.,{}
1f38d13a-ed2c-4200-b53c-e528bb882c1c,f52e044c-b681-43ee-96aa-8b7da5f57eb6,2025-01-27T18:30:00,Joint Pain (Amavata),"Morning stiffness, swelling in joints, pain on movement",Vata,Vata,6,Diabetes,Patient presents with moderate Joint Pain (Amavata). Season: Shishira. Dosha predominant: Vata.,{}
0224bf30-0ec6-4070-95a1-fd089026c590,f52e044c-b681-43ee-96aa-8b7da5f57eb6,2025-01-30T18:30:00,Joint Pain (Amavata),"Morning stiffness, swelling in joints, pain on movement",Vata,Vata,6,,Follow-up visit for Joint Pain (Amavata). Season: Shishira.,{}
200563e8-cf7f-4b8d-b9af-47b475f5a8e8,4400a02a-5141-4bf2-915f-c0426fef94a6,2025-01-28T11:45:00,Constipation (Vibandha),"Infrequent stools, hard stools, bloating, discomfort",Vata,Vata,3,Obesity,Patient presents with mild Constipation (Vibandha). Season: Shishira. Dosha predominant: Vata.,{}
c33bf0a8-1bb3-4eb4-980e-997af49ec6dc,5b649c9e-2cf1-4dc6-ba33-7e996ad77ef6,2025-01-27T15:00:00,Asthma (Tamaka Shwasa),"Wheezing, breathlessness, chest tightness, cough at night",Kapha,Kapha,9,Obesity,Patient presents with severe Asthma (Tamaka Shwasa). Season: Shishira. Dosha predominant: Kapha.,{}
81bb2219-6b16-4ef9-b59b-46eefe5110c0,2d96f55d-53fe-4716-8195-be112cbad501,2025-01-19T18:45:00,Cough (Kasa),"Persistent cough, throat irritation, breathlessness",Kapha,Kapha,6,,Patient presents with moderate Cough (Kasa). Season: Shishira. Dosha predominant: Kapha.,{}
c8fcff5d-dd26-42d2-9889-f73ebe47ec71,870d7afe-c6c2-4882-9958-af76ea166c67,2025-01-26T17:30:00,Asthma (Tamaka Shwasa),"Wheezing, breathlessness, chest tightness, cough at night",Kapha,Kapha,9,,Patient presents with severe Asthma (Tamaka Shwasa). Season: Shishira. Dosha predominant: Kapha.,{}
cce5c536-26f2-4fff-8d98-aa86b5bd454c,3d6bbac1-1d74-4b9a-baee-90088c9f5ece,2025-01-02T17:30:00,Asthma (Tamaka Shwasa),"Wheezing, breathlessness, chest tightness, cough at night",Kapha,Kapha,9,Stress,Patient presents with severe Asthma (Tamaka Shwasa). Season: Shishira. Dosha predominant: Kapha.,{}
7307c284-ccec-4737-8610-e069ecf0231b,72e0e2e5-163e-471e-ace5-fbb417990dc5,2025-01-14T09:45:00,Common Cold,Symptoms related to Common Cold,Kapha,Kapha,3,None,Patient presents with mild Common Cold. Season: Shishira. Dosha predominant: Kapha.,{}
86abc9d9-53d7-48f7-852c-ab942a4dbc94,bdbd75f9-e153-40b1-a2cb-71f24ef4cd3f,2025-01-16T17:30:00,Joint Pain (Amavata),"Morning stiffness, swelling in joints, pain on movement",Vata,Vata,6,Hypertension,Patient presents with moderate Joint Pain (Amavata). Season: Shishira. Dosha predominant: Vata.,{}
a7016c53-2bbb-47a8-b1ea-6675eec50465,e1efcd00-e449-4ad3-9924-97ba721d96c1,2025-01-14T08:00:00,Cough (Kasa),"Persistent cough, throat irritation, breathlessness",Kapha,Kapha,6,,Patient presents with moderate Cough (Kasa). Season: Shishira. Dosha predominant: Kapha.,{}
f2cb1f2d-c478-45cf-a57e-76e109ed5781,cef256de-7027-4c91-b77c-aeba646f95c2,2025-01-06T09:45:00,Asthma (Tamaka Shwasa),"Wheezing, breathlessness, chest tightness, cough at night",Kapha,Kapha,9,,Patient presents with severe Asthma (Tamaka Shwasa). Season: Shishira. Dosha predominant: Kapha.,{}
8f2d9cd7-a55c-4f63-8198-38ac3ea96047,9d26ec89-f36f-41cc-8de7-30f32000dd52,2025-01-03T13:45:00,Asthma (Tamaka Shwasa),"Wheezing, breathlessness, chest tightness, cough at night",Kapha,Kapha,9,None,Patient presents with severe Asthma (Tamaka Shwasa). Season: Shishira. Dosha predominant: Kapha.,{}
04c43645-a309-4e95-90d4-a3acb756b08c,238fd634-88bd-43cc-9426-ecd5dd6df426,2025-01-29T12:30:00,Cough (Kasa),"Persistent cough, throat irritation, breathlessness",Kapha,Kapha,6,Diabetes,Patient presents with moderate Cough (Kasa). Season: Shishira. Dosha predominant: Kapha.,{}
e84324d3-9b23-4d2a-a8e3-e520fabcecd1,0f248608-b576-405c-8ef2-f4c93de4738f,2025-01-14T08:15:00,Asthma (Tamaka Shwasa),"Wheezing, breathlessness, chest tightness, cough at night",Kapha,Kapha,9,None,Patient presents with severe Asthma (Tamaka Shwasa). Season: Shishira. Dosha predominant: Kapha.,{}
999868f9-a5d0-4cd9-997f-e4704ade1691,b052dc67-eff1-4d67-b185-1643888dd0e2,2025-01-07T17:00:00,Bronchitis (Kasa),"Productive cough, mucus, chest congestion, low-grade fever",Kapha,Kapha,6,,Patient presents with moderate Bronchitis (Kasa). Season: Shishira. Dosha predominant: Kapha.,{}
f1a1c78f-f98e-40f0-a6ca-83cdbe21ee0e,d3576797-5424-453b-a494-48892044246a,2025-01-06T18:45:00,Joint Pain (Amavata),"Morning stiffness, swelling in joints, pain on movement",Vata,Vata,6,,Patient presents with moderate Joint Pain (Amavata). Season: Shishira. Dosha predominant: Vata.,{}
ecbecb1a-71ef-40d7-9bf8-7f0960183684,6815d93a-0eb2-4754-af80-4ca8e423fce7,2025-01-19T11:00:00,Joint Pain (Amavata),"Morning stiffness, swelling in joints, pain on movement",Vata,Vata,6,None,Patient presents with moderate Joint Pain (Amavata). Season: Shishira. Dosha predominant: Vata.,{}
fd603d84-3565-4a9e-a9f9-0a9766ffa2ac,3ce2ae1c-e79e-45a8-874a-e3e1d7b5ce42,2025-01-09T16:15:00,Bronchitis (Kasa),"Productive cough, mucus, chest congestion, low-grade fever",Kapha,Kapha,6,Obesity,Patient presents with moderate Bronchitis (Kasa). Season: Shishira. Dosha predominant: Kapha.,{}
fb55c650-ac35-4cf6-b171-7a6865f863da,5bdc5d7e-38bb-4e47-98ed-8d77ae6a0d7d,2025-01-29T18:30:00,Cough (Kasa),"Persistent cough, throat irritation, breathlessness",Kapha,Kapha,6,Hypertension,Patient presents with moderate Cough (Kasa). Season: Shishira. Dosha predominant: Kapha.,{}
d8027526-e5ec-4345-8442-cd49bb46ed36,a380d836-e795-4f24-8593-5f7a891c14e2,2025-01-05T15:00:00,Asthma (Tamaka Shwasa),"Wheezing, breathlessness, chest tightness, cough at night",Kapha,Kapha,9,Hypertension,Patient presents with severe Asthma (Tamaka Shwasa). Season: Shishira. Dosha predominant: Kapha.,{}
c5ef50ac-61a5-422a-ac21-71f5641dd7b3,238fd634-88bd-43cc-9426-ecd5dd6df426,2025-01-04T16:15:00,Asthma (Tamaka Shwasa),"Wheezing, breathlessness, chest tightness, cough at night",Kapha,Kapha,9,Hypertension,Patient presents with severe Asthma (Tamaka Shwasa). Season: Shishira. Dosha predominant: Kapha.,{}
278aa98a-557b-499f-8951-71d088f103eb,fe89faac-b42c-4ef1-beca-7f35770db8d2,2025-01-17T17:00:00,Bronchitis (Kasa),"Productive cough, mucus, chest congestion, low-grade fever",Kapha,Kapha,6,,Patient presents with moderate Bronchitis (Kasa). Season: Shishira. Dosha predominant: Kapha.,{}
78b42deb-5a1e-4979-882a-b1dd5cd4c6b4,e99d80b7-18a0-4f14-8e4b-67310934d00d,2025-01-24T17:15:00,Leprosy (Kushtha Roga),"Skin lesions, nerve damage, muscle weakness",Pitta,Pitta-Vata,6,None,Patient presents with moderate Leprosy (Kushtha Roga). Season: Shishira. Dosha predominant: Pitta-Vata.,{}
56e5077f-ecc9-437a-9c31-564192d2b0cc,46bd71d5-b6ec-41ce-9c66-44ba18b33e6e,2025-01-10T16:00:00,Whooping Cough (Deergha Kasa),"Severe coughing fits, whooping sound, vomiting after cough",Kapha,Kapha,3,Diabetes,Patient presents with mild Whooping Cough (Deergha Kasa). Season: Shishira. Dosha predominant: Kapha.,{}
a6c2b9ee-3a03-427a-8d9b-c351c862ee11,e233cc94-8c91-4284-b394-aabbbc20ed73,2025-01-21T11:30:00,Gastritis (Urdhva Amlapitta),"Stomach pain, bloating, nausea after meals",Pitta,Pitta,3,None,Patient presents with mild Gastritis (Urdhva Amlapitta). Season: Shishira. Dosha predominant: Pitta.,{}
4e49d1cb-95b5-4d7f-aa2e-fb6e33845692,cd154569-9040-423e-886b-b5ad3cfd07d4,2025-01-17T16:00:00,Metabolic Syndrome (Santarpana Janya Vikara),"Weight gain, fatigue, high blood sugar and cholesterol",Kapha,Kapha,6,Obesity,Patient presents with moderate Metabolic Syndrome (Santarpana Janya Vikara). Season: Shishira. Dosha predominant: Kapha.,{}
ef7e7595-bce5-483b-bb8a-01e86c481c09,81115e80-f80c-43a6-b720-642f06c24ea9,2025-01-25T13:15:00,Frozen Shoulder (Avabahuka),"Shoulder stiffness, restricted movement, pain",Vata,Vata,6,Stress,Patient presents with moderate Frozen Shoulder (Avabahuka). Season: Shishira. Dosha predominant: Vata.,{}
b83d4894-ec20-4243-b0fb-3e9042707409,1e7e45e5-0133-4392-a3e7-a694d154a73b,2025-01-10T16:45:00,Chickenpox (Laghu Masurika),"Itchy rashes, fever, tiredness",Pitta,Pitta,6,Diabetes,Patient presents with moderate Chickenpox (Laghu Masurika). Season: Shishira. Dosha predominant: Pitta.,{}
fb5c46fa-8cc7-470f-bb68-552cdcf289f7,cd1ac773-4b49-4e76-8657-0099a1661789,2025-01-02T18:45:00,Gallstones (Pittashmari),"Abdominal pain, nausea, bloating after fatty food",Pitta,Pitta-Kapha,6,,Patient presents with moderate Gallstones (Pittashmari). Season: Shishira. Dosha predominant: Pitta-Kapha.,{}
de14c857-5c4d-42d4-86f4-6d27c66dca23,a78ffa73-a072-4202-9c2e-ce7e16a15ccd,2025-01-19T16:45:00,Burnout (Chitta Klama),"Fatigue, irritability, trouble sleeping, anxiety",Vata,Vata-Pitta,3,,Patient presents with mild Burnout (Chitta Klama). Season: Shishira. Dosha predominant: Vata-Pitta.,{}
d7322558-2fa2-4023-a3f3-d6200220d319,bdbd75f9-e153-40b1-a2cb-71f24ef4cd3f,2025-01-01T18:30:00,Ulcerative Colitis (Raktatisara),"Abdominal pain, diarrhea, blood in stool",Pitta,Vata-Pitta,9,Diabetes,Patient presents with severe Ulcerative Colitis (Raktatisara). Season: Shishira. Dosha predominant: Vata-Pitta.,{}
8f219182-b76b-491f-a5f6-b36b06b50c8d,55527f2c-6a58-4f92-a2ea-208a7f3bb5aa,2025-01-18T14:45:00,Frozen Shoulder (Avabahuka),"Shoulder stiffness, restricted movement, pain",Vata,Vata,9,Diabetes,Patient presents with severe Frozen Shoulder (Avabahuka). Season: Shishira. Dosha predominant: Vata.,{}
395b2568-2031-47fc-aef7-c0dde7b359ae,0607d575-d9a3-421c-aa70-86cbfe8b59f4,2025-01-17T08:45:00,Dandruff (Darunaka),"Scalp itchiness, flaking",Kapha,Kapha-Pitta,6,Hypertension,Patient presents with moderate Dandruff (Darunaka). Season: Shishira. Dosha predominant: Kapha-Pitta.,{}
7b4eb100-c1e5-43f5-b1f3-c12896396b0e,9d26ec89-f36f-41cc-8de7-30f32000dd52,2025-01-13T14:15:00,Menstrual Disorder (Artava Dushti),"Irregular periods, heavy bleeding, cramps",Vata,Vata-Pitta,6,,Patient presents with moderate Menstrual Disorder (Artava Dushti). Season: Shishira. Dosha predominant: Vata-Pitta.,{}
905fbdca-ff90-4d78-ace2-29883319e91d,c3034117-47a1-4672-83d5-7060a68f63f2,2025-01-01T18:45:00,Anemia (Pandu Roga),"Fatigue, pale skin, shortness of breath",Pitta,Pitta,3,Hypertension,Patient presents with mild Anemia (Pandu Roga). Season: Shishira. Dosha predominant: Pitta.,{}
453d98ca-0c22-488d-94ea-5b18cdcfa219,e6a2e7dd-0b14-4a98-ae59-996686f54bcd,2025-01-13T13:00:00,Goiter (Galaganda),"Swelling in the neck, difficulty swallowing",Kapha,Vata-Pitta,6,Diabetes,Patient presents with moderate Goiter (Galaganda). Season: Shishira. Dosha predominant: Vata-Pitta.,{}
c247162a-4d9a-414d-a00a-4873771f7d2a,a2d405ec-bdfc-4233-bb30-6efca2da2d9e,2025-01-17T16:45:00,Ear Infection (Karna Shoola),"Ear pain, discharge, mild fever",Kapha,Kapha-Vata,6,None,Patient presents with moderate Ear Infection (Karna Shoola). Season: Shishira. Dosha predominant: Kapha-Vata.,{}
c0df0fb9-ebbb-4f55-9d8a-2ea1616c4048,1d00dc35-fc33-470a-be8d-e14e80b17e40,2025-01-03T17:30:00,Mumps (Karnamoola Shotha),"Swollen salivary glands, fever, jaw pain",Kapha,Kapha,3,Hypertension,Patient presents with mild Mumps (Karnamoola Shotha). Season: Shishira. Dosha predominant: Kapha.,{}
f914e3ef-9560-431f-81b9-c4440569137e,7db6583d-a3d4-463c-8ace-7f7985ee6ddb,2025-01-29T08:15:00,Warts (Charmakeela),Small rough skin growths,Kapha,Kapha,3,Diabetes,Patient presents with mild Warts (Charmakeela). Season: Shishira. Dosha predominant: Kapha.,{}
c5c95a96-71a3-4afd-82e9-945022196650,0444f304-d2d5-4eef-9df4-4b38f0712c46,2025-01-06T12:15:00,Angina (Hrit Shoola),"Chest pain, shortness of breath, dizziness",Vata,Vata-Kapha,9,,Patient presents with severe Angina (Hrit Shoola). Season: Shishira. Dosha predominant: Vata-Kapha.,{}
2dda2035-a46c-4eae-a9c4-e059e0d18ccf,57ac687b-cfd1-4c26-a6ef-9ef9784fe7c1,2025-01-01T14:30:00,Conjunctivitis (Netra Abhishyanda),"Red eyes, itchy eyes, eye discharge",Pitta,Pitta,9,Obesity,Patient presents with severe Conjunctivitis (Netra Abhishyanda). Season: Shishira. Dosha predominant: Pitta.,{}
3b6e60a2-bedc-4721-bf4f-280f636c417d,b559e569-3c1c-4d8f-a9bf-e1d850987fba,2025-01-31T12:45:00,Lymphadenopathy (Apachi),"Swollen lymph nodes, fever, night sweats",Pitta,Pitta,3,Obesity,Patient presents with mild Lymphadenopathy (Apachi). Season: Shishira. Dosha predominant: Pitta.,{}
7f774f21-0d23-4de3-8a96-8d8f7140476a,b45a0641-3cff-4e1a-8bce-40a8df3fa799,2025-01-06T10:00:00,Psoriasis (Kitibha Kushtha),"Red, inflamed skin, scales, itching",Pitta,Pitta,6,,Patient presents with moderate Psoriasis (Kitibha Kushtha). Season: Shishira. Dosha predominant: Pitta.,{}
956dfaf4-b5e6-48b0-8767-a634f5ad7ddb,b56996c2-8d55-43ee-a273-08fb3b9a9e41,2025-01-02T14:15:00,Epilepsy (Apasmara),"Seizures, confusion, loss of consciousness",Vata,Vata,3,,Patient presents with mild Epilepsy (Apasmara). Season: Shishira. Dosha predominant: Vata.,{}
48603141-320f-4bb2-9983-e3574306ab0d,8e19d97b-7381-4316-8120-3e70a3e0fc81,2025-01-28T13:15:00,Hyperlipidemia (Medo Vriddhi),"Elevated cholesterol, fatigue, chest heaviness",Kapha,Kapha,3,,Patient presents with mild Hyperlipidemia (Medo Vriddhi). Season: Shishira. Dosha predominant: Kapha.,{}
b25be6b7-b20d-4339-a1d9-9d8fcbbc8773,b052dc67-eff1-4d67-b185-1643888dd0e2,2025-01-14T10:30:00,Fibromyalgia (Sarvanga Vata),"Widespread muscle pain, fatigue, tenderness",Vata,Vata,9,Diabetes,Patient presents with severe Fibromyalgia (Sarvanga Vata). Season: Shishira. Dosha predominant: Vata.,{}
c5a24a97-67a2-481f-956a-a254a1a6f6d4,bd0e5a8b-16d4-4f02-aa4f-c54dc2d79ba8,2025-01-07T16:00:00,Burnout (Chitta Klama),"Fatigue, irritability, trouble sleeping, anxiety",Vata,Vata-Pitta,3,Diabetes,Patient presents with mild Burnout (Chitta Klama). Season: Shishira. Dosha predominant: Vata-Pitta.,{}
81f285c3-9157-4f8a-98e9-5b76757c5920,bb650585-b1a0-4158-88d7-52614c0e3584,2025-01-28T14:45:00,Typhoid (Antrika Jwara),"Prolonged fever, weakness, abdominal pain",Pitta,Pitta,9,,Patient presents with severe Typhoid (Antrika Jwara). Season: Shishira. Dosha predominant: Pitta.,{}
db7b7c4e-5ac8-4403-886a-57593c727a2e,9f8a98d2-a7aa-41a6-a9b6-3e052ae361b4,2025-01-27T18:15:00,Kidney Stones (Ashmari),"Severe flank pain, blood in urine, nausea",Kapha,Vata-Kapha,9,,Patient presents with severe Kidney Stones (Ashmari). Season: Shishira. Dosha predominant: Vata-Kapha.,{}
20532990-fa9d-415b-8c21-3d3d6ddb0fff,5a4729a5-b64f-405f-b900-2d70a2ff1c66,2025-01-18T11:45:00,Scoliosis (Kubjata),"Uneven shoulders, back pain, difficulty standing straight",Vata,Vata,9,None,Patient presents with severe Scoliosis (Kubjata). Season: Shishira. Dosha predominant: Vata.,{}
f5acf78a-80f0-452c-940d-484953d5b24a,e6aaf6b0-8c8c-4125-b15c-de9f34dda81e,2025-01-07T10:00:00,Pharyngitis (Galashotha),"Sore throat, dry cough, hoarseness",Kapha,Kapha,9,Hypertension,Patient presents with severe Pharyngitis (Galashotha). Season: Shishira. Dosha predominant: Kapha.,{}
7f454583-8b48-425a-a001-f20df0ea56fc,302816fc-58aa-4b96-b56b-f33f8ec63da7,2025-01-22T14:45:00,Fatty Liver (Yakrit Meda Vriddhi),"Fatigue, mild abdominal discomfort",Kapha,Kapha-Pitta,3,Stress,Patient presents with mild Fatty Liver (Yakrit Meda Vriddhi). Season: Shishira. Dosha predominant: Kapha-Pitta.,{}
c7dc2ac1-dfb0-43df-97e0-2c349484f4c2,3f6f08a0-fd3c-4407-a86a-0d6b530ec7b3,2025-01-07T14:00:00,Digestive Disorder (Vikara),"Bloating, nausea, indigestion, discomfort after eating",Pitta,Pitta-Vata,3,Diabetes,Patient presents with mild Digestive Disorder (Vikara). Season: Shishira. Dosha predominant: Pitta-Vata.,{}
c941cb7b-8bec-4ac1-a56c-9287991935a6,d65f2d2d-1292-4806-944f-83f3098f056f,2025-01-16T14:15:00,Varicose Veins (Sira Granthi),"Swollen, twisted veins, pain, heaviness in legs",Vata,Vata,6,Diabetes,Patient presents with moderate Varicose Veins (Sira Granthi). Season: Shishira. Dosha predominant: Vata.,{}
569fd962-de9f-438a-ac2c-cdfaa8fedd32,d65f2d2d-1292-4806-944f-83f3098f056f,2025-01-18T14:15:00,Varicose Veins (Sira Granthi),"Swollen, twisted veins, pain, heaviness in legs",Vata,Vata,6,,Follow-up visit for Varicose Veins (Sira Granthi). Season: Shishira.,{}
1dac09de-3898-467f-9e8f-347c6ce0d1b6,5aed274c-93eb-4565-b320-83ac9ca24032,2025-01-01T12:30:00,Thyroid Disorder (Galaganda Vikara),"Fatigue, weight changes, mood swings, hair loss",Vata,Vata-Pitta,9,None,Patient presents with severe Thyroid Disorder (Galaganda Vikara). Season: Shishira. Dosha predominant: Vata-Pitta.,{}
da3186e0-f23b-4588-a1f7-05778ed06fde,daf9b6c7-3958-4620-b9c6-fbad55c01da3,2025-01-03T08:45:00,Urinary Tract Infection (Mutradaha),"Burning urination, frequent urge, lower abdomen pain",Pitta,Pitta,3,,Patient presents with mild Urinary Tract Infection (Mutradaha). Season: Shishira. Dosha predominant: Pitta.,{}
d9b84bc2-ed7e-4821-a21c-5336bf3501c2,33d39fd4-fa6f-496d-b800-e6575f4b54f4,2025-01-26T17:30:00,Heart Disease (Hridroga),"Chest pain, fatigue, shortness of breath",Vata,Vata-Pitta,6,,Patient presents with moderate Heart Disease (Hridroga). Season: Shishira. Dosha predominant: Vata-Pitta.,{}
1e040f4c-5d40-46b1-84f5-727aaf81cba3,a208147f-d12d-4eb4-8b06-6dc44ee0c0d1,2025-01-17T17:45:00,Gout (Vatarakta),"Joint pain, swelling, redness in the big toe",Pitta,Vata-Pitta,6,Stress,Patient presents with moderate Gout (Vatarakta). Season: Shishira. Dosha predominant: Vata-Pitta.,{}
d91a6451-409d-4876-90f1-8858d6474d35,e8a1050b-c761-48ab-9b87-8a706f3b933f,2025-01-20T13:00:00,Burnout (Chitta Klama),"Fatigue, irritability, trouble sleeping, anxiety",Vata,Vata-Pitta,6,Diabetes,Patient presents with moderate Burnout (Chitta Klama). Season: Shishira. Dosha predominant: Vata-Pitta.,{}
e9c9fa48-7c25-4a73-8cce-226b53eda073,e8a1050b-c761-48ab-9b87-8a706f3b933f,2025-01-26T13:00:00,Burnout (Chitta Klama),"Fatigue, irritability, trouble sleeping, anxiety",Vata,Vata-Pitta,6,,Follow-up visit for Burnout (Chitta Klama). Season: Shishira.,{}
14a1102b-c7b4-4686-acfe-d0d79c01eeca,b6700f93-77b3-472a-99d1-0f5aa02f4a8c,2025-01-04T13:45:00,Sciatica (Gridhrasi),"Lower back pain, pain radiating down the leg",Vata,Vata,3,Stress,Patient presents with mild Sciatica (Gridhrasi). Season: Shishira. Dosha predominant: Vata.,{}
c08ca5cf-f8fa-48eb-952a-a34b6b752703,f7735153-ebdb-4a60-8d5c-ca03e17ec055,2025-01-30T17:30:00,Worm Infection (Krimi Roga),"Abdominal pain, diarrhea, weight loss, bloating",Vata,Vata,6,Diabetes,Patient presents with moderate Worm Infection (Krimi Roga). Season: Shishira. Dosha predominant: Vata.,{}
fc94c582-2356-401a-a09c-665237750671,816dc866-ebe8-4377-b1ae-9ff8fa1be226,2025-01-16T14:15:00,Vertigo (Bhrama),"Dizziness, spinning sensation, nausea",Vata,Vata-Pitta,6,,Patient presents with moderate Vertigo (Bhrama). Season: Shishira. Dosha predominant: Vata-Pitta.,{}
124446fb-ffb0-4ac9-90d1-c927a1dbbca2,1eebdf3d-6820-4b80-a3a4-029a09622620,2025-01-06T10:45:00,Measles (Romantika),"Fever, cough, runny nose, red eyes, skin rash",Pitta,Pitta,3,None,Patient presents with mild Measles (Romantika). Season: Shishira. Dosha predominant: Pitta.,{}
6fd80850-d730-41cb-bd93-3054ae070304,b0bb2b40-4f60-4e5f-a5bc-7f95a5826ba8,2025-01-09T15:00:00,Gastritis (Urdhva Amlapitta),"Stomach pain, bloating, nausea after meals",Pitta,Pitta,3,Stress,Patient presents with mild Gastritis (Urdhva Amlapitta). Season: Shishira. Dosha predominant: Pitta.,{}
e93128d0-8824-4774-88b1-7e771869ea02,6c5b4adc-74b6-4673-8ff7-34b070518821,2025-01-02T18:45:00,Vertigo (Bhrama),"Dizziness, spinning sensation, nausea",Vata,Vata-Pitta,3,Diabetes,Patient presents with mild Vertigo (Bhrama). Season: Shishira. Dosha predominant: Vata-Pitta.,{}
718e3920-ded4-4cb3-8f0b-948b8c195206,493ce533-a40e-41da-b998-80990e815203,2025-01-16T16:30:00,Tennis Elbow (Kurpara Shoola),"Elbow pain, weak grip",Vata,Vata,6,None,Patient presents with moderate Tennis Elbow (Kurpara Shoola). Season: Shishira. Dosha predominant: Vata.,{}
5f08ea93-3993-4c38-8fe3-6203e873044e,b04a2d73-1fa1-4be0-95bc-c1de06279db2,2025-01-31T09:45:00,Vertigo (Bhrama),"Dizziness, spinning sensation, nausea",Vata,Vata-Pitta,3,,Patient presents with mild Vertigo (Bhrama). Season: Shishira. Dosha predominant: Vata-Pitta.,{}
3e2f2217-10f7-4b64-8ec7-86b3828bee3e,6bdf1d70-531f-44b3-b456-2544d6fc76f9,2025-01-18T08:15:00,Conjunctivitis (Netra Abhishyanda),"Red eyes, itchy eyes, eye discharge",Pitta,Pitta,3,Diabetes,Patient presents with mild Conjunctivitis (Netra Abhishyanda). Season: Shishira. Dosha predominant: Pitta.,{}
5a2f23d1-218e-4302-bced-0fc1b998e77f,555ab5cc-8c89-4fc3-93e0-b67a8d5cd78b,2025-01-02T17:15:00,Lymphadenopathy (Apachi),"Swollen lymph nodes, fever, night sweats",Pitta,Pitta,9,Obesity,Patient presents with severe Lymphadenopathy (Apachi). Season: Shishira. Dosha predominant: Pitta.,{}
fdc8d01f-c28e-4b4c-b9de-c2d0e386f752,4ea26a91-81f4-4484-8b88-1d9fab2d4d07,2025-01-03T16:30:00,Back Pain (Prishtha Shoola),"Muscle stiffness, difficulty moving",Vata,Vata,6,Hypertension,Patient presents with moderate Back Pain (Prishtha Shoola). Season: Shishira. Dosha predominant: Vata.,{}
e6962603-640b-487f-85dd-b21f2d8dd632,9f848fca-57e9-4bea-80b2-27b3643ba6a3,2025-01-11T17:30:00,Hypertension (Raktachaapa Vriddhi),"Headache, dizziness, chest discomfort",Pitta,Pitta,9,,Patient presents with severe Hypertension (Raktachaapa Vriddhi). Season: Shishira. Dosha predominant: Pitta.,{}
3cb1fd6a-d2e9-42a7-93ef-023c043f937e,cd904409-24fc-4557-b82d-c5c3e8daede2,2025-01-29T09:00:00,Eczema (Vicharchika),"Itchy skin, red rashes, inflammation",Pitta,Pitta,3,Stress,Patient presents with mild Eczema (Vicharchika). Season: Shishira. Dosha predominant: Pitta.,{}
e1332e44-b1f3-48a7-9f07-88d1ebc857d8,5bfd7492-c854-41c0-93df-57389c318952,2025-01-25T13:45:00,Thyroid Disorder (Galaganda Vikara),"Fatigue, weight changes, mood swings, hair loss",Vata,Vata-Pitta,3,Obesity,Patient presents with mild Thyroid Disorder (Galaganda Vikara). Season: Shishira. Dosha predominant: Vata-Pitta.,{}
9e55998f-fa55-4759-a5b3-14f453819210,11bf2eac-aa7a-4ba7-bbce-d04555359cd7,2025-01-17T12:30:00,Sinusitis (Apinasa),"Nasal congestion, facial pain, headaches",Kapha,Vata-Kapha,3,Diabetes,Patient presents with mild Sinusitis (Apinasa). Season: Shishira. Dosha predominant: Vata-Kapha.,{}
1611b9cd-764b-4ca4-913b-49332a84f933,dcbb6106-5659-40ed-9091-5097c7586407,2025-01-10T10:00:00,Tonsillitis (Tundikeri),"Sore throat, difficulty swallowing, fever",Kapha,Kapha-Pitta,6,Diabetes,Patient presents with moderate Tonsillitis (Tundikeri). Season: Shishira. Dosha predominant: Kapha-Pitta.,{}
90794ae6-a94a-4675-9ed2-8d97f55f5212,ea71d260-7182-4f42-b5e8-f53b222bb11a,2025-02-11T14:15:00,Joint Pain (Amavata),"Morning stiffness, swelling in joints, pain on movement",Vata,Vata,6,,Patient presents with moderate Joint Pain (Amavata). Season: Shishira. Dosha predominant: Vata.,{}
35829ec0-3f13-46fa-845a-54b3d3bac06b,185b60ba-1aff-45c2-87ed-0becaa2e2a71,2025-02-10T08:00:00,Anxiety (Chittodvega),"Restlessness, palpitations, sleeplessness, excessive worry",Vata,Vata,6,Obesity,Patient presents with moderate Anxiety (Chittodvega). Season: Shishira. Dosha predominant: Vata.,{}
7b1c67cb-6909-40e9-919f-1ceae552b4af,83dacb16-5e0b-4d52-8df6-19f9ab44dcde,2025-02-10T12:45:00,Cough (Kasa),"Persistent cough, throat irritation, breathlessness",Kapha,Kapha,6,Hypertension,Patient presents with moderate Cough (Kasa). Season: Shishira. Dosha predominant: Kapha.,{}
87a649e0-f9a8-4dfe-9a5a-1aa5f43c1ef7,4765c693-4fbd-46b9-9035-05882ba6c9c0,2025-02-27T18:15:00,Joint Pain (Amavata),"Morning stiffness, swelling in joints, pain on movement",Vata,Vata,6,Hypertension,Patient presents with moderate Joint Pain (Amavata). Season: Shishira. Dosha predominant: Vata.,{}
2de15e88-b872-44b1-a6fa-af32bfbba507,ae306701-4121-4429-9755-8aa83694a025,2025-02-03T09:30:00,Anxiety (Chittodvega),"Restlessness, palpitations, sleeplessness, excessive worry",Vata,Vata,6,,Patient presents with moderate Anxiety (Chittodvega). Season: Shishira. Dosha predominant: Vata.,{}
a1723baf-5134-4164-bd15-174d3412c3b1,cdc53634-b109-4a90-9e24-27af7ec732bd,2025-02-01T12:00:00,Constipation (Vibandha),"Infrequent stools, hard stools, bloating, discomfort",Vata,Vata,3,,Patient presents with mild Constipation (Vibandha). Season: Shishira. Dosha predominant: Vata.,{}
f167003b-bd87-4137-a47e-fc68232649e5,919dd9fe-8727-4be0-b1d9-605ec59b16a6,2025-02-21T18:30:00,Joint Pain (Amavata),"Morning stiffness, swelling in joints, pain on movement",Vata,Vata,6,,Patient presents with moderate Joint Pain (Amavata). Season: Shishira. Dosha predominant: Vata.,{}
eac26d7d-a23f-450b-9763-91ff8fb6d54c,b70fedb3-9048-42f5-9ac3-63f66ecfb90a,2025-02-21T11:00:00,Joint Pain (Amavata),"Morning stiffness, swelling in joints, pain on movement",Vata,Vata,6,Hypertension,Patient presents with moderate Joint Pain (Amavata). Season: Shishira. Dosha predominant: Vata.,{}
270595a1-8322-4d4f-8ec8-e5582de32a19,3c687bce-33cc-4b0c-891d-283dce9cc7a1,2025-02-18T09:15:00,Joint Pain (Amavata),"Morning stiffness, swelling in joints, pain on movement",Vata,Vata,6,Hypertension,Patient presents with moderate Joint Pain (Amavata). Season: Shishira. Dosha predominant: Vata.,{}
04af714b-eaa3-45ac-9a14-eb5b13a1c3e4,e6aaf6b0-8c8c-4125-b15c-de9f34dda81e,2025-02-10T08:30:00,Anxiety (Chittodvega),"Restlessness, palpitations, sleeplessness, excessive worry",Vata,Vata,6,Obesity,Patient presents with moderate Anxiety (Chittodvega). Season: Shishira. Dosha predominant: Vata.,{}
2142823d-acb1-4872-be61-422bd6fd59c9,e6aaf6b0-8c8c-4125-b15c-de9f34dda81e,2025-02-16T08:30:00,Anxiety (Chittodvega),"Restlessness, palpitations, sleeplessness, excessive worry",Vata,Vata,6,,Follow-up visit for Anxiety (Chittodvega). Season: Shishira.,{}
27fa5539-caa9-4c1e-bcd8-529c3f275932,8fbbc541-4c1d-4549-9bf6-a39f3e4708e5,2025-02-16T09:45:00,Rhinitis (Pratishyaya),"Runny nose, blocked nose, sneezing, post-nasal drip",Kapha,Kapha,3,,Patient presents with mild Rhinitis (Pratishyaya). Season: Shishira. Dosha predominant: Kapha.,{}
fa40f619-9a5e-4104-bb40-aca724caf96d,923a888c-55cf-4d2b-99c9-2b8dc426276b,2025-02-19T17:30:00,Anxiety (Chittodvega),"Restlessness, palpitations, sleeplessness, excessive worry",Vata,Vata,6,,Patient presents with moderate Anxiety (Chittodvega). Season: Shishira. Dosha predominant: Vata.,{}
e2cd7c97-7bb5-4298-acf9-b4ae98fe6d96,f37e73f3-fb04-487c-ac16-cf2cb4242a12,2025-02-10T11:15:00,Asthma (Tamaka Shwasa),"Wheezing, breathlessness, chest tightness, cough at night",Kapha,Kapha,9,Hypertension,Patient presents with severe Asthma (Tamaka Shwasa). Season: Shishira. Dosha predominant: Kapha.,{}
9cf952cc-8076-4119-9dd2-ea24a512ce51,0560cf02-dee3-42ec-b121-ebb6fc257e3d,2025-02-04T16:30:00,Asthma (Tamaka Shwasa),"Wheezing, breathlessness, chest tightness, cough at night",Kapha,Kapha,9,,Patient presents with severe Asthma (Tamaka Shwasa). Season: Shishira. Dosha predominant: Kapha.,{}
4f1452fa-1cfb-4a5d-a21f-f7c1a607e3fa,32d20d68-3081-4cf4-8b7f-6071d93a2cc5,2025-02-25T09:00:00,Joint Pain (Amavata),"Morning stiffness, swelling in joints, pain on movement",Vata,Vata,6,,Patient presents with moderate Joint Pain (Amavata). Season: Shishira. Dosha predominant: Vata.,{}
6586590a-5ad2-48d8-a833-5ee6edc48dd4,6184736c-c7e8-41a2-8f83-628c0c474acd,2025-02-27T16:45:00,Anxiety (Chittodvega),"Restlessness, palpitations, sleeplessness, excessive worry",Vata,Vata,6,,Patient presents with moderate Anxiety (Chittodvega). Season: Shishira. Dosha predominant: Vata.,{}
790c2101-0c07-40e2-9fe5-3b45de22e514,32fb151f-1500-4802-bf2e-a28569bca551,2025-02-08T18:30:00,Constipation (Vibandha),"Infrequent stools, hard stools, bloating, discomfort",Vata,Vata,3,Stress,Patient presents with mild Constipation (Vibandha). Season: Shishira. Dosha predominant: Vata.,{}
9e51dc4c-0e28-459b-a299-efd69da98aea,b6700f93-77b3-472a-99d1-0f5aa02f4a8c,2025-02-05T17:45:00,Asthma (Tamaka Shwasa),"Wheezing, breathlessness, chest tightness, cough at night",Kapha,Kapha,9,Hypertension,Patient presents with severe Asthma (Tamaka Shwasa). Season: Shishira. Dosha predominant: Kapha.,{}
004e04e7-2134-43b0-8732-c6cf75a63603,8c2a121a-1419-4c9b-8832-c318ea5bf70c,2025-02-11T16:15:00,Asthma (Tamaka Shwasa),"Wheezing, breathlessness, chest tightness, cough at night",Kapha,Kapha,9,,Patient presents with severe Asthma (Tamaka Shwasa). Season: Shishira. Dosha predominant: Kapha.,{}
2c14f56b-5b00-440f-b617-40f2dff964af,b052dc67-eff1-4d67-b185-1643888dd0e2,2025-02-05T16:00:00,Joint Pain (Amavata),"Morning stiffness, swelling in joints, pain on movement",Vata,Vata,6,None,Patient presents with moderate Joint Pain (Amavata). Season: Shishira. Dosha predominant: Vata.,{}
eaf6d535-ec99-46fa-be2b-0beebf766842,67b44b89-6709-4fbd-8d7d-6e09a89bfc30,2025-02-04T17:45:00,Constipation (Vibandha),"Infrequent stools, hard stools, bloating, discomfort",Vata,Vata,3,None,Patient presents with mild Constipation (Vibandha). Season: Shishira. Dosha predominant: Vata.,{}
54cd6cea-a65a-4d65-a6f9-7d6aff4e896c,88541d32-5fcf-4d73-893f-b3a3d4b1b707,2025-02-10T16:00:00,Constipation (Vibandha),"Infrequent stools, hard stools, bloating, discomfort",Vata,Vata,3,,Patient presents with mild Constipation (Vibandha). Season: Shishira. Dosha predominant: Vata.,{}
f526f8bc-2159-40ed-9ba9-ed6240740353,919dd9fe-8727-4be0-b1d9-605ec59b16a6,2025-02-02T13:15:00,Cough (Kasa),"Persistent cough, throat irritation, breathlessness",Kapha,Kapha,6,None,Patient presents with moderate Cough (Kasa). Season: Shishira. Dosha predominant: Kapha.,{}
a9c45738-cd78-4bbb-907e-2022254aac6a,4ec8a664-7ac6-4a20-9858-da1eecb4efa0,2025-02-23T12:30:00,Rhinitis (Pratishyaya),"Runny nose, blocked nose, sneezing, post-nasal drip",Kapha,Kapha,3,None,Patient presents with mild Rhinitis (Pratishyaya). Season: Shishira. Dosha predominant: Kapha.,{}
28601c51-223a-496c-824d-a290fdcc5ec9,e2e7ef21-a5dd-4765-903d-770a6aa7b5b8,2025-02-02T16:15:00,Asthma (Tamaka Shwasa),"Wheezing, breathlessness, chest tightness, cough at night",Kapha,Kapha,9,Hypertension,Patient presents with severe Asthma (Tamaka Shwasa). Season: Shishira. Dosha predominant: Kapha.,{}
99607c74-7fc1-4594-8d20-a1bf58dba027,a8875edb-f381-4a2e-be33-fbaa2694b26f,2025-02-28T18:15:00,Joint Pain (Amavata),"Morning stiffness, swelling in joints, pain on movement",Vata,Vata,6,None,Patient presents with moderate Joint Pain (Amavata). Season: Shishira. Dosha predominant: Vata.,{}
1bf514fd-6375-4173-8be6-4ed4655325f9,71ea6e60-7682-4ad2-bcdb-684c24439b95,2025-02-21T10:00:00,Anxiety (Chittodvega),"Restlessness, palpitations, sleeplessness, excessive worry",Vata,Vata,6,Hypertension,Patient presents with moderate Anxiety (Chittodvega). Season: Shishira. Dosha predominant: Vata.,{}
8d07510f-edff-4a7a-a231-38a7db30d4cf,fbdbd9c2-c61b-491a-b6cd-4d56a1ac14b0,2025-02-25T11:30:00,Asthma (Tamaka Shwasa),"Wheezing, breathlessness, chest tightness, cough at night",Kapha,Kapha,9,None,Patient presents with severe Asthma (Tamaka Shwasa). Season: Shishira. Dosha predominant: Kapha.,{}
14cb3cd2-6498-4a34-952c-8efbfae53ff1,ad7a75c7-29e5-41c7-b74c-f083a374960f,2025-02-28T08:30:00,Cough (Kasa),"Persistent cough, throat irritation, breathlessness",Kapha,Kapha,6,Obesity,Patient presents with moderate Cough (Kasa). Season: Shishira. Dosha predominant: Kapha.,{}
6df834f5-9133-4d67-83a3-be36658840a0,908db5ac-d49c-4b57-ba9f-7139d55bebd0,2025-02-03T08:15:00,Asthma (Tamaka Shwasa),"Wheezing, breathlessness, chest tightness, cough at night",Kapha,Kapha,9,,Patient presents with severe Asthma (Tamaka Shwasa). Season: Shishira. Dosha predominant: Kapha.,{}
23090379-bf38-45bc-9b29-4eb072af2668,e8beecfb-36c9-4d1d-9856-e91005d7527d,2025-02-25T10:15:00,Constipation (Vibandha),"Infrequent stools, hard stools, bloating, discomfort",Vata,Vata,3,,Patient presents with mild Constipation (Vibandha). Season: Shishira. Dosha predominant: Vata.,{}
37f9c57c-6939-4f35-9017-2c8158c040ab,5c81d240-7588-4bdd-aefe-8662ce026c82,2025-02-17T11:00:00,Asthma (Tamaka Shwasa),"Wheezing, breathlessness, chest tightness, cough at night",Kapha,Kapha,9,Diabetes,Patient presents with severe Asthma (Tamaka Shwasa). Season: Shishira. Dosha predominant: Kapha.,{}
09f41d3d-67f1-438c-af96-8eeb7be8ced5,77e0261b-d462-40a6-9715-fb5dbf204533,2025-02-07T14:15:00,Cough (Kasa),"Persistent cough, throat irritation, breathlessness",Kapha,Kapha,6,,Patient presents with moderate Cough (Kasa). Season: Shishira. Dosha predominant: Kapha.,{}
d45b8436-d73b-41ab-8643-29d36bf4e807,555ab5cc-8c89-4fc3-93e0-b67a8d5cd78b,2025-02-28T14:15:00,Cough (Kasa),"Persistent cough, throat irritation, breathlessness",Kapha,Kapha,6,Stress,Patient presents with moderate Cough (Kasa). Season: Shishira. Dosha predominant: Kapha.,{}
b74eca65-5318-45df-8394-d88319a5cc80,809d0f5a-db30-4e49-b921-50b7688e7258,2025-02-06T10:45:00,Asthma (Tamaka Shwasa),"Wheezing, breathlessness, chest tightness, cough at night",Kapha,Kapha,9,Hypertension,Patient presents with severe Asthma (Tamaka Shwasa). Season: Shishira. Dosha predominant: Kapha.,{}
0447c741-aaf1-4b94-96c5-962dad94fcda,022858d9-cc53-4068-8aab-09925dbcc4c6,2025-02-27T16:30:00,Anxiety (Chittodvega),"Restlessness, palpitations, sleeplessness, excessive worry",Vata,Vata,6,Stress,Patient presents with moderate Anxiety (Chittodvega). Season: Shishira. Dosha predominant: Vata.,{}
c1da5038-25ba-42c7-970b-993a56c22e4e,4f59a5b0-1126-41ba-8f53-ddbaf28bd393,2025-02-18T17:45:00,Constipation (Vibandha),"Infrequent stools, hard stools, bloating, discomfort",Vata,Vata,3,,Patient presents with mild Constipation (Vibandha). Season: Shishira. Dosha predominant: Vata.,{}
6f200494-3d07-49a4-866e-e7a60edfbab4,47b82b89-25d8-4641-82db-29c85c78a0a8,2025-02-24T10:30:00,Constipation (Vibandha),"Infrequent stools, hard stools, bloating, discomfort",Vata,Vata,3,None,Patient presents with mild Constipation (Vibandha). Season: Shishira. Dosha predominant: Vata.,{}
7a005445-ad8d-47a0-9d6d-edbe6c94f0f9,5de20296-88b5-41f8-a109-b75b6d9b3c61,2025-02-01T11:00:00,Asthma (Tamaka Shwasa),"Wheezing, breathlessness, chest tightness, cough at night",Kapha,Kapha,9,Obesity,Patient presents with severe Asthma (Tamaka Shwasa). Season: Shishira. Dosha predominant: Kapha.,{}
26258b3c-5542-4999-bc28-98459f282e17,013d24fb-de3f-46a5-a397-b3233c0c6a38,2025-02-26T17:30:00,Anxiety (Chittodvega),"Restlessness, palpitations, sleeplessness, excessive worry",Vata,Vata,6,,Patient presents with moderate Anxiety (Chittodvega). Season: Shishira. Dosha predominant: Vata.,{}
9ecb6e63-0d54-4aa7-b084-ef947ec2d0d4,668fcd78-5dd8-4a63-b69d-8cd22f8f8d77,2025-02-27T13:15:00,Anxiety (Chittodvega),"Restlessness, palpitations, sleeplessness, excessive worry",Vata,Vata,6,Obesity,Patient presents with moderate Anxiety (Chittodvega). Season: Shishira. Dosha predominant: Vata.,{}
460571f0-bbae-44f2-9bf1-692684153878,d1117b7d-b826-49ba-a204-890faeac4230,2025-02-03T13:30:00,Joint Pain (Amavata),"Morning stiffness, swelling in joints, pain on movement",Vata,Vata,6,Stress,Patient presents with moderate Joint Pain (Amavata). Season: Shishira. Dosha predominant: Vata.,{}
fd9899dd-e2f8-4a42-843b-21ea418b205a,3d0247b2-e0a0-43a9-9b08-fd32d80c51c4,2025-02-22T17:15:00,Joint Pain (Amavata),"Morning stiffness, swelling in joints, pain on movement",Vata,Vata,6,Obesity,Patient presents with moderate Joint Pain (Amavata). Season: Shishira. Dosha predominant: Vata.,{}
3fabb1b2-7e2b-4247-a49e-fe775fda6be1,4571dd57-064d-4016-a800-f13c33ed96fa,2025-02-13T12:15:00,Asthma (Tamaka Shwasa),"Wheezing, breathlessness, chest tightness, cough at night",Kapha,Kapha,9,Diabetes,Patient presents with severe Asthma (Tamaka Shwasa). Season: Shishira. Dosha predominant: Kapha.,{}
e685a5da-9f9e-48a3-8558-d95c33a5e3da,60c98316-c9d5-47f2-ae1a-f237f0e057c9,2025-02-16T11:15:00,Joint Pain (Amavata),"Morning stiffness, swelling in joints, pain on movement",Vata,Vata,6,Diabetes,Patient presents with moderate Joint Pain (Amavata). Season: Shishira. Dosha predominant: Vata.,{}
262b5f93-b77e-4105-a358-4299c389062b,e6aaf6b0-8c8c-4125-b15c-de9f34dda81e,2025-02-12T18:45:00,Rhinitis (Pratishyaya),"Runny nose, blocked nose, sneezing, post-nasal drip",Kapha,Kapha,3,Stress,Patient presents with mild Rhinitis (Pratishyaya). Season: Shishira. Dosha predominant: Kapha.,{}
386238c4-6cbc-4b50-ab3b-788b694e6b9d,5c03408e-9a09-4fb8-8c17-5ee07c9e9039,2025-02-05T09:00:00,Joint Pain (Amavata),"Morning stiffness, swelling in joints, pain on movement",Vata,Vata,6,Stress,Patient presents with moderate Joint Pain (Amavata). Season: Shishira. Dosha predominant: Vata.,{}
ca0a91bc-b928-418f-a3a5-6a1321caea63,82b3f3e1-dcaa-4889-b2c5-b2c6cf0dce4e,2025-02-21T10:45:00,Anxiety (Chittodvega),"Restlessness, palpitations, sleeplessness, excessive worry",Vata,Vata,6,Diabetes,Patient presents with moderate Anxiety (Chittodvega). Season: Shishira. Dosha predominant: Vata.,{}
f27164b1-3b95-4ce9-b6ba-a1f236a8cad0,6e790b3b-331d-4e1f-9a80-897f720c0cd0,2025-02-28T18:00:00,Asthma (Tamaka Shwasa),"Wheezing, breathlessness, chest tightness, cough at night",Kapha,Kapha,9,Hypertension,Patient presents with severe Asthma (Tamaka Shwasa). Season: Shishira. Dosha predominant: Kapha.,{}
c1df3477-7c9d-4f39-a521-76cb7da4026b,ad7a75c7-29e5-41c7-b74c-f083a374960f,2025-02-10T11:15:00,Rhinitis (Pratishyaya),"Runny nose, blocked nose, sneezing, post-nasal drip",Kapha,Kapha,3,,Patient presents with mild Rhinitis (Pratishyaya). Season: Shishira. Dosha predominant: Kapha.,{}
0902dbd1-e486-4f16-882d-b595060d90e5,302816fc-58aa-4b96-b56b-f33f8ec63da7,2025-02-01T13:30:00,Constipation (Vibandha),"Infrequent stools, hard stools, bloating, discomfort",Vata,Vata,3,None,Patient presents with mild Constipation (Vibandha). Season: Shishira. Dosha predominant: Vata.,{}
027b470f-248f-4536-bdc1-8299c3cd08e2,1e7ff456-61fb-46a3-b39d-5bab6ad372b3,2025-02-10T18:15:00,Joint Pain (Amavata),"Morning stiffness, swelling in joints, pain on movement",Vata,Vata,6,Hypertension,Patient presents with moderate Joint Pain (Amavata). Season: Shishira. Dosha predominant: Vata.,{}
ef8af20b-a476-4961-b8c0-d48d48f600cc,dffadd63-56d7-4407-90bb-64b12273bfe7,2025-02-18T09:45:00,Constipation (Vibandha),"Infrequent stools, hard stools, bloating, discomfort",Vata,Vata,3,Hypertension,Patient presents with mild Constipation (Vibandha). Season: Shishira. Dosha predominant: Vata.,{}
be6cefd6-7db5-4fcf-b783-2b4a0e74b35c,e07cfeba-3c9f-4102-a70a-39204c01fc3f,2025-02-26T08:15:00,Rhinitis (Pratishyaya),"Runny nose, blocked nose, sneezing, post-nasal drip",Kapha,Kapha,3,Diabetes,Patient presents with mild Rhinitis (Pratishyaya). Season: Shishira. Dosha predominant: Kapha.,{}
9ac8f90f-388c-4e2c-ae9d-74e8bce697f1,7928e7cf-c449-4d7e-8c10-9a404c9dda75,2025-02-05T18:45:00,Asthma (Tamaka Shwasa),"Wheezing, breathlessness, chest tightness, cough at night",Kapha,Kapha,9,Stress,Patient presents with severe Asthma (Tamaka Shwasa). Season: Shishira. Dosha predominant: Kapha.,{}
4d968095-cfeb-4bf1-9d2d-f5c9aec0c27c,b6ce1286-8f7d-41b3-8052-46b15da0f482,2025-02-24T11:30:00,Anxiety (Chittodvega),"Restlessness, palpitations, sleeplessness, excessive worry",Vata,Vata,6,None,Patient presents with moderate Anxiety (Chittodvega). Season: Shishira. Dosha predominant: Vata.,{}
7b85a8dd-507a-4ae0-bbb9-aca078577d65,715978e0-4565-45f5-9f67-7e3ea24febcf,2025-02-28T08:15:00,Cough (Kasa),"Persistent cough, throat irritation, breathlessness",Kapha,Kapha,6,Hypertension,Patient presents with moderate Cough (Kasa). Season: Shishira. Dosha predominant: Kapha.,{}
93e7fe6f-359c-41c9-bff2-9b97a39bea80,e12b01b3-2939-476d-a29c-22c62cf1440a,2025-02-05T09:30:00,Rhinitis (Pratishyaya),"Runny nose, blocked nose, sneezing, post-nasal drip",Kapha,Kapha,3,,Patient presents with mild Rhinitis (Pratishyaya). Season: Shishira. Dosha predominant: Kapha.,{}
eabd5c6e-0e0a-486e-8852-574f16fc3e80,b021bb1e-6e42-419a-bcff-6dacfc1a7d5c,2025-02-27T12:30:00,Anxiety (Chittodvega),"Restlessness, palpitations, sleeplessness, excessive worry",Vata,Vata,6,Obesity,Patient presents with moderate Anxiety (Chittodvega). Season: Shishira. Dosha predominant: Vata.,{}
be449440-4d76-45b6-ae35-49ffb4343101,7c807a94-9bea-4a7a-9ef2-4a4c33a61949,2025-02-28T10:15:00,Asthma (Tamaka Shwasa),"Wheezing, breathlessness, chest tightness, cough at night",Kapha,Kapha,9,None,Patient presents with severe Asthma (Tamaka Shwasa). Season: Shishira. Dosha predominant: Kapha.,{}
af918c4c-a5a7-4cbe-be41-1cac395518ab,f68a4b14-46bc-4566-ba9e-6a61ad229b86,2025-02-21T10:15:00,Anxiety (Chittodvega),"Restlessness, palpitations, sleeplessness, excessive worry",Vata,Vata,6,Obesity,Patient presents with moderate Anxiety (Chittodvega). Season: Shishira. Dosha predominant: Vata.,{}
e4d03f78-33a9-4f9d-97cb-c874dbdc61f2,6d861f09-0077-420a-9c25-d085b2b7a889,2025-02-07T18:45:00,Cough (Kasa),"Persistent cough, throat irritation, breathlessness",Kapha,Kapha,6,None,Patient presents with moderate Cough (Kasa). Season: Shishira. Dosha predominant: Kapha.,{}
50bdea5f-028f-4deb-996f-f928fc197c76,81115e80-f80c-43a6-b720-642f06c24ea9,2025-02-24T08:45:00,Joint Pain (Amavata),"Morning stiffness, swelling in joints, pain on movement",Vata,Vata,6,None,Patient presents with moderate Joint Pain (Amavata). Season: Shishira. Dosha predominant: Vata.,{}
0f009228-1d66-4af2-8e88-175944fc1cfb,9e41afc4-d4c9-47d4-ab3b-dc6cadb1a142,2025-02-22T10:45:00,Cough (Kasa),"Persistent cough, throat irritation, breathlessness",Kapha,Kapha,6,Obesity,Patient presents with moderate Cough (Kasa). Season: Shishira. Dosha predominant: Kapha.,{}
1c7a1dda-cb8e-48d3-8ead-b04077455250,f7eb68cd-37f7-4230-acc4-08fe206e93f8,2025-02-21T15:00:00,Cough (Kasa),"Persistent cough, throat irritation, breathlessness",Kapha,Kapha,6,Hypertension,Patient presents with moderate Cough (Kasa). Season: Shishira. Dosha predominant: Kapha.,{}
0a1bb13d-3784-4e0f-9c1e-c98f020f7e0e,b5a20d52-826a-404a-98f2-1c7cc74afc03,2025-02-03T17:30:00,Anxiety (Chittodvega),"Restlessness, palpitations, sleeplessness, excessive worry",Vata,Vata,6,,Patient presents with moderate Anxiety (Chittodvega). Season: Shishira. Dosha predominant: Vata.,{}
17ccad25-d7dc-4f77-9edf-ee7596ff80e9,9205ae42-b451-45be-8ede-80396a10ae1c,2025-02-13T15:30:00,Constipation (Vibandha),"Infrequent stools, hard stools, bloating, discomfort",Vata,Vata,3,,Patient presents with mild Constipation (Vibandha). Season: Shishira. Dosha predominant: Vata.,{}
91ecef33-1f75-4a4a-a327-36d50113e1d8,3c692c45-3ea3-48a5-b49d-a253ec2a185a,2025-02-25T15:00:00,Cough (Kasa),"Persistent cough, throat irritation, breathlessness",Kapha,Kapha,6,,Patient presents with moderate Cough (Kasa). Season: Shishira. Dosha predominant: Kapha.,{}
37346727-e94c-4b10-baef-4f4e58e5a8df,012e3e81-9fa5-47ef-a669-493bfda5ee10,2025-02-14T17:45:00,Constipation (Vibandha),"Infrequent stools, hard stools, bloating, discomfort",Vata,Vata,3,,Patient presents with mild Constipation (Vibandha). Season: Shishira. Dosha predominant: Vata.,{}
2359469a-0087-4d68-bf4c-0c66b9023846,4424bbef-e9cf-45b6-8f78-d9063f13c9f0,2025-02-06T15:45:00,Constipation (Vibandha),"Infrequent stools, hard stools, bloating, discomfort",Vata,Vata,3,,Patient presents with mild Constipation (Vibandha). Season: Shishira. Dosha predominant: Vata.,{}
51848162-b694-4923-9906-9f07b8e9c968,505365c6-d933-43d2-a5e2-4a44b9ce71e1,2025-02-24T11:30:00,Joint Pain (Amavata),"Morning stiffness, swelling in joints, pain on movement",Vata,Vata,6,Obesity,Patient presents with moderate Joint Pain (Amavata). Season: Shishira. Dosha predominant: Vata.,{}
46b0d143-8c2a-43e9-aa68-10d06dc361fb,887c2549-d782-46e3-864c-ebfe36d81f69,2025-02-10T11:00:00,Constipation (Vibandha),"Infrequent stools, hard stools, bloating, discomfort",Vata,Vata,3,None,Patient presents with mild Constipation (Vibandha). Season: Shishira. Dosha predominant: Vata.,{}
07152aaf-5406-46e6-92ba-a7b4192456e9,a73ae9f9-de66-4bed-b723-c250ab73a65c,2025-02-17T15:30:00,Joint Pain (Amavata),"Morning stiffness, swelling in joints, pain on movement",Vata,Vata,6,Hypertension,Patient presents with moderate Joint Pain (Amavata). Season: Shishira. Dosha predominant: Vata.,{}
c7c1a353-7f72-4c16-973f-c22a638c8c1e,cb740f09-ee3b-47a4-927e-7920b916d772,2025-02-22T15:45:00,Constipation (Vibandha),"Infrequent stools, hard stools, bloating, discomfort",Vata,Vata,3,Diabetes,Patient presents with mild Constipation (Vibandha). Season: Shishira. Dosha predominant: Vata.,{}
ce397f43-4b17-49d7-b7d8-eb7e3d8c173b,d334836d-f7e8-4a2c-8348-0d18e7793074,2025-02-20T08:30:00,Joint Pain (Amavata),"Morning stiffness, swelling in joints, pain on movement",Vata,Vata,6,Hypertension,Patient presents with moderate Joint Pain (Amavata). Season: Shishira. Dosha predominant: Vata.,{}
b6bf6f37-dba2-4510-a026-d8bec1fcf0b7,31744a7f-b6c2-49d0-8e82-4d5227c06185,2025-02-12T12:45:00,Constipation (Vibandha),"Infrequent stools, hard stools, bloating, discomfort",Vata,Vata,3,None,Patient presents with mild Constipation (Vibandha). Season: Shishira. Dosha predominant: Vata.,{}
61252ffc-15ba-4f1b-b1ad-8e35185c1ed0,5a57dd8f-085f-4867-9b4f-e61543fa2870,2025-02-10T08:30:00,Rhinitis (Pratishyaya),"Runny nose, blocked nose, sneezing, post-nasal drip",Kapha,Kapha,3,Diabetes,Patient presents with mild Rhinitis (Pratishyaya). Season: Shishira. Dosha predominant: Kapha.,{}
200e8fc1-0230-463c-a009-558400019a48,d334836d-f7e8-4a2c-8348-0d18e7793074,2025-02-09T09:30:00,Asthma (Tamaka Shwasa),"Wheezing, breathlessness, chest tightness, cough at night",Kapha,Kapha,9,Stress,Patient presents with severe Asthma (Tamaka Shwasa). Season: Shishira. Dosha predominant: Kapha.,{}
0c5c9ea4-c5a7-467a-9869-4ad253585c0a,d3e9e3ed-00ef-4cd2-9ea2-5de5ff487ba3,2025-02-13T12:30:00,Rhinitis (Pratishyaya),"Runny nose, blocked nose, sneezing, post-nasal drip",Kapha,Kapha,3,Diabetes,Patient presents with mild Rhinitis (Pratishyaya). Season: Shishira. Dosha predominant: Kapha.,{}
531c4893-5029-42d9-a129-fd43359884f8,88bbc328-212d-4766-8274-cb8fbab426f0,2025-02-27T17:15:00,Rhinitis (Pratishyaya),"Runny nose, blocked nose, sneezing, post-nasal drip",Kapha,Kapha,3,Diabetes,Patient presents with mild Rhinitis (Pratishyaya). Season: Shishira. Dosha predominant: Kapha.,{}
f6978e54-1a05-4688-9fe1-f2eff74daf4a,5b077a5a-6fe9-449a-b002-65fa60750bef,2025-02-01T18:15:00,Rhinitis (Pratishyaya),"Runny nose, blocked nose, sneezing, post-nasal drip",Kapha,Kapha,3,Stress,Patient presents with mild Rhinitis (Pratishyaya). Season: Shishira. Dosha predominant: Kapha.,{}
e31a53db-4f58-4d0a-9095-97a4302e083d,1c1ced8e-3f9e-4ab9-9c10-f62a266ef8a5,2025-02-24T18:30:00,Constipation (Vibandha),"Infrequent stools, hard stools, bloating, discomfort",Vata,Vata,3,Stress,Patient presents with mild Constipation (Vibandha). Season: Shishira. Dosha predominant: Vata.,{}
a7c2d73f-0ccf-41ce-92fd-7eeb0d963d9c,66f4a610-56d9-4a36-819f-96ceb1ebe9d0,2025-02-26T16:30:00,Conjunctivitis (Netra Abhishyanda),"Red eyes, itchy eyes, eye discharge",Pitta,Pitta,3,Diabetes,Patient presents with mild Conjunctivitis (Netra Abhishyanda). Season: Shishira. Dosha predominant: Pitta.,{}
4d87c6e6-593a-47d4-8b8e-05783775678d,66f4a610-56d9-4a36-819f-96ceb1ebe9d0,2025-02-28T16:30:00,Conjunctivitis (Netra Abhishyanda),"Red eyes, itchy eyes, eye discharge",Pitta,Pitta,3,,Follow-up visit for Conjunctivitis (Netra Abhishyanda). Season: Shishira.,{}
d971b38b-4214-4883-9938-34b7d3daad00,45b8dab4-ecc9-4ee6-a1af-37d2f01132a9,2025-02-25T14:00:00,Celiac Disease (Grahani Roga),"Bloating, chronic diarrhea, weight loss",Vata,Vata-Pitta,3,None,Patient presents with mild Celiac Disease (Grahani Roga). Season: Shishira. Dosha predominant: Vata-Pitta.,{}
a4eb26d0-37b5-433c-8684-dcbf9c3c77c5,32d695c7-d917-4fac-9b01-2a5e14ebc7ac,2025-02-10T14:30:00,Gastritis (Urdhva Amlapitta),"Stomach pain, bloating, nausea after meals",Pitta,Pitta,6,Diabetes,Patient presents with moderate Gastritis (Urdhva Amlapitta). Season: Shishira. Dosha predominant: Pitta.,{}
0086d1dd-d804-457f-907f-4176382bb431,17889c42-57f5-4de2-b1dd-54dd00b2ec77,2025-02-18T09:30:00,Boils (Vidradhi),"Painful red lumps, pus formation",Pitta,Pitta-Kapha,6,Diabetes,Patient presents with moderate Boils (Vidradhi). Season: Shishira. Dosha predominant: Pitta-Kapha.,{}
c519f1c9-aa13-41d9-ac58-06207afd7478,9a72e043-3f74-4f90-a110-a5800b9b8323,2025-02-02T11:30:00,Sciatica (Gridhrasi),"Lower back pain, pain radiating down the leg",Vata,Vata,6,,Patient presents with moderate Sciatica (Gridhrasi). Season: Shishira. Dosha predominant: Vata.,{}
dae9fa14-c2f5-4a5c-aa33-720f694327d3,e3f00da9-8434-49e0-a93d-7d984ea47e16,2025-02-19T08:30:00,Psoriasis (Kitibha Kushtha),"Red, inflamed skin, scales, itching",Pitta,Pitta,3,Obesity,Patient presents with mild Psoriasis (Kitibha Kushtha). Season: Shishira. Dosha predominant: Pitta.,{}
be4c3c90-32eb-4cbe-b5bb-1816f526dbcf,60c98316-c9d5-47f2-ae1a-f237f0e057c9,2025-02-10T10:30:00,Irritable Bowel Syndrome (Grahani),"Abdominal cramps, bloating, alternating diarrhea and constipation",Vata,Vata,9,,Patient presents with severe Irritable Bowel Syndrome (Grahani). Season: Shishira. Dosha predominant: Vata.,{}
d1ddb59c-11cf-40b1-9a32-a9799791f37d,ecdf9681-f183-4da1-adfd-1362e48b0d74,2025-02-09T13:00:00,Amebiasis (Pittaja Atisara),"Abdominal pain, diarrhea, fever",Pitta,Pitta-Kapha,3,Hypertension,Patient presents with mild Amebiasis (Pittaja Atisara). Season: Shishira. Dosha predominant: Pitta-Kapha.,{}
55696830-5dc9-4a92-afe2-76e4d44688bb,ff85b342-6b1a-4fad-8c2d-ab2e57df6db2,2025-02-25T10:15:00,Fatty Liver (Yakrit Meda Vriddhi),"Fatigue, mild abdominal discomfort",Kapha,Kapha-Pitta,6,,Patient presents with moderate Fatty Liver (Yakrit Meda Vriddhi). Season: Shishira. Dosha predominant: Kapha-Pitta.,{}
a9329361-725c-436f-8033-758de9bd1e2c,35a938c1-45df-43f5-9185-b86a99fae957,2025-02-01T08:15:00,Mumps (Karnamoola Shotha),"Swollen salivary glands, fever, jaw pain",Kapha,Kapha,3,None,Patient presents with mild Mumps (Karnamoola Shotha). Season: Shishira. Dosha predominant: Kapha.,{}
563be63e-dfb3-4ca1-afa7-90b83a0fcf3d,51041b61-94a8-4639-9097-492d572b5ce4,2025-02-05T15:30:00,Pharyngitis (Galashotha),"Sore throat, dry cough, hoarseness",Kapha,Kapha,3,Hypertension,Patient presents with mild Pharyngitis (Galashotha). Season: Shishira. Dosha predominant: Kapha.,{}
5f3c1a2d-3d23-48f6-81e5-34fee7462462,7b081731-f6e6-4bc0-92e7-0926927197f2,2025-02-17T12:45:00,Urinary Tract Infection (Mutradaha),"Burning urination, frequent urge, lower abdomen pain",Pitta,Pitta,9,,Patient presents with severe Urinary Tract Infection (Mutradaha). Season: Shishira. Dosha predominant: Pitta.,{}
7877ec5b-30db-4065-90bf-cfca6be7dda3,9d26ec89-f36f-41cc-8de7-30f32000dd52,2025-02-17T08:00:00,Eczema (Vicharchika),"Itchy skin, red rashes, inflammation",Pitta,Pitta,3,Hypertension,Patient presents with mild Eczema (Vicharchika). Season: Shishira. Dosha predominant: Pitta.,{}
0ce58046-5c68-43fa-b7f3-91439b7ebfc7,4c6fa8ac-6a07-4f08-81c3-027193f6d0b9,2025-02-19T16:45:00,Chronic Fatigue Syndrome (Klama),"Persistent fatigue, weakness, poor concentration",Vata,Vata-Kapha,9,,Patient presents with severe Chronic Fatigue Syndrome (Klama). Season: Shishira. Dosha predominant: Vata-Kapha.,{}
1a2a9a47-3757-4b65-8f93-856fae151e80,55527f2c-6a58-4f92-a2ea-208a7f3bb5aa,2025-02-06T12:00:00,Gingivitis (Danta Vidradhi),"Red, swollen gums, bleeding while brushing",Pitta,Pitta,6,Stress,Patient presents with moderate Gingivitis (Danta Vidradhi). Season: Shishira. Dosha predominant: Pitta.,{}
7fe3523b-019e-45c6-979e-6978eb28061a,938cff92-e5a8-4ae9-8423-235d185ac7e7,2025-02-06T13:00:00,Liver Disorder (Yakrit Vikara),"Fatigue, loss of appetite, yellowing of the skin",Pitta,Pitta-Kapha,6,Obesity,Patient presents with moderate Liver Disorder (Yakrit Vikara). Season: Shishira. Dosha predominant: Pitta-Kapha.,{}
51ecb9fa-49dd-4b4f-be1e-c96d2efefd96,7c68fc39-17fe-480d-8e3d-5f5c1b3ffcc0,2025-02-14T18:15:00,Erectile Dysfunction (Klaibya),Difficulty achieving or maintaining an erection,Vata,Vata,6,,Patient presents with moderate Erectile Dysfunction (Klaibya). Season: Shishira. Dosha predominant: Vata.,{}
0006542d-9715-40cd-a084-2ed1a301a8a8,35935672-32f0-4cd7-8955-a662bfa0cb39,2025-02-28T16:45:00,Metabolic Syndrome (Santarpana Janya Vikara),"Weight gain, fatigue, high blood sugar and cholesterol",Kapha,Kapha,3,,Patient presents with mild Metabolic Syndrome (Santarpana Janya Vikara). Season: Shishira. Dosha predominant: Kapha.,{}
8d3c0a82-1f86-4a45-a015-b9c6a73addd4,7fe7668f-ef3d-4bc2-8b4b-183240e39098,2025-02-18T11:15:00,Goiter (Galaganda),"Swelling in the neck, difficulty swallowing",Kapha,Vata-Pitta,6,Diabetes,Patient presents with moderate Goiter (Galaganda). Season: Shishira. Dosha predominant: Vata-Pitta.,{}
36c0f3bb-5fbb-435d-8ec6-94198be1e751,4ec8a664-7ac6-4a20-9858-da1eecb4efa0,2025-02-06T15:45:00,Conjunctivitis (Netra Abhishyanda),"Red eyes, itchy eyes, eye discharge",Pitta,Pitta,3,Obesity,Patient presents with mild Conjunctivitis (Netra Abhishyanda). Season: Shishira. Dosha predominant: Pitta.,{}
413ccd27-13bb-4a64-93a2-69f4a1b5f354,6ecfc310-2e95-41b5-b6ee-86e01bafe2b3,2025-02-10T12:45:00,Gastritis (Urdhva Amlapitta),"Stomach pain, bloating, nausea after meals",Pitta,Pitta,3,,Patient presents with mild Gastritis (Urdhva Amlapitta). Season: Shishira. Dosha predominant: Pitta.,{}
4a953324-a404-4af8-b4ea-7496ea100067,2bb03827-4f0d-4dd3-b661-6752df8aaa35,2025-02-10T16:45:00,Boils (Vidradhi),"Painful red lumps, pus formation",Pitta,Pitta-Kapha,9,Diabetes,Patient presents with severe Boils (Vidradhi). Season: Shishira. Dosha predominant: Pitta-Kapha.,{}
f7b11d1b-85b2-4974-a4df-874803a553d5,2a0f500f-084e-4f26-a3bd-84c6460e3142,2025-02-20T09:30:00,Depression (Vishada),"Sadness, loss of interest, fatigue",Vata,Vata-Pitta,6,Diabetes,Patient presents with moderate Depression (Vishada). Season: Shishira. Dosha predominant: Vata-Pitta.,{}
dd66fc3e-008f-4d15-866c-5d7c4c10e467,417eee7f-0b21-4936-84f5-6f8572472cb9,2025-02-21T14:15:00,Gout (Vatarakta),"Joint pain, swelling, redness in the big toe",Pitta,Vata-Pitta,9,Diabetes,Patient presents with severe Gout (Vatarakta). Season: Shishira. Dosha predominant: Vata-Pitta.,{}
7f3ce3d7-420f-4ce0-966e-43ef747ccd8f,d1cf9352-15bd-4106-8051-f0e95268a154,2025-02-16T10:15:00,Warts (Charmakeela),Small rough skin growths,Kapha,Kapha,6,Hypertension,Patient presents with moderate Warts (Charmakeela). Season: Shishira. Dosha predominant: Kapha.,{}
091a9c51-b2d8-4fa5-bbe8-5fc6364e1719,923a888c-55cf-4d2b-99c9-2b8dc426276b,2025-02-02T17:30:00,Typhoid (Antrika Jwara),"Prolonged fever, weakness, abdominal pain",Pitta,Pitta,9,Obesity,Patient presents with severe Typhoid (Antrika Jwara). Season: Shishira. Dosha predominant: Pitta.,{}
b425ce69-ccd9-4383-95ae-84061a5be725,88bd4b71-42a5-4e5d-9661-7ab364e79bc2,2025-02-18T12:15:00,Hepatitis (Kamala),"Yellowing of skin, fatigue, loss of appetite",Pitta,Pitta,6,,Patient presents with moderate Hepatitis (Kamala). Season: Shishira. Dosha predominant: Pitta.,{}
c1d69221-b736-4697-b5cc-8f950dce07ae,1602ef2e-0031-469b-9a7f-6b4ad32085b6,2025-02-04T18:00:00,Alopecia (Indralupta),"Hair loss, thinning of scalp",Pitta,Pitta,3,,Patient presents with mild Alopecia (Indralupta). Season: Shishira. Dosha predominant: Pitta.,{}
a26b7e87-2a9b-4f07-8df9-e20eb177fbf3,e8a1050b-c761-48ab-9b87-8a706f3b933f,2025-02-03T12:00:00,Peptic Ulcer (Parinama Shoola),"Burning stomach pain, bloating, nausea",Pitta,Pitta,9,Stress,Patient presents with severe Peptic Ulcer (Parinama Shoola). Season: Shishira. Dosha predominant: Pitta.,{}
377a98a1-96c8-4b9c-9a4b-18e52a9c9109,b70b6866-fc93-49b0-82ff-5829d7478c5e,2025-02-10T16:00:00,Peptic Ulcer (Parinama Shoola),"Burning stomach pain, bloating, nausea",Pitta,Pitta,6,,Patient presents with moderate Peptic Ulcer (Parinama Shoola). Season: Shishira. Dosha predominant: Pitta.,{}
e7941782-51c4-4193-a39b-53363933a308,aa15fab5-3ec4-43e0-8861-ea6a4a239468,2025-02-15T11:30:00,Prostate Enlargement (Vriddhi),"Frequent urination, difficulty urinating, weak stream",Vata,Vata,6,Obesity,Patient presents with moderate Prostate Enlargement (Vriddhi). Season: Shishira. Dosha predominant: Vata.,{}
e8b6bc21-d9d8-4ecb-8cc8-53274579f4d1,1602ef2e-0031-469b-9a7f-6b4ad32085b6,2025-02-04T12:15:00,Sinusitis (Apinasa),"Nasal congestion, facial pain, headaches",Kapha,Vata-Kapha,3,Hypertension,Patient presents with mild Sinusitis (Apinasa). Season: Shishira. Dosha predominant: Vata-Kapha.,{}
b36c2c09-3da8-42ce-ae8a-c4e215e3aedd,19dd4f5c-d541-4af3-9939-948007f8ee11,2025-02-08T11:00:00,Amebiasis (Pittaja Atisara),"Abdominal pain, diarrhea, fever",Pitta,Pitta-Kapha,3,,Patient presents with mild Amebiasis (Pittaja Atisara). Season: Shishira. Dosha predominant: Pitta-Kapha.,{}
2a6e4029-446d-47ad-9e37-2934281ebfaf,9027b642-6669-4e5d-9de9-6197e231bf03,2025-02-18T17:30:00,Pharyngitis (Galashotha),"Sore throat, dry cough, hoarseness",Kapha,Kapha,3,Hypertension,Patient presents with mild Pharyngitis (Galashotha). Season: Shishira. Dosha predominant: Kapha.,{}
c0a639b0-cfba-4c4c-a805-c97a5080a72e,bd4edcfc-e63c-453c-8f52-da5b28ca241f,2025-02-12T10:00:00,Amebiasis (Pittaja Atisara),"Abdominal pain, diarrhea, fever",Pitta,Pitta-Kapha,9,Stress,Patient presents with severe Amebiasis (Pittaja Atisara). Season: Shishira. Dosha predominant: Pitta-Kapha.,{}
1b2a820c-a56c-45b5-a9f2-673e0270ba4b,a265ce0b-ca57-415e-93d7-a18f14fc40d2,2025-02-24T12:15:00,Digestive Disorder (Vikara),"Bloating, nausea, indigestion, discomfort after eating",Pitta,Pitta-Vata,6,Diabetes,Patient presents with moderate Digestive Disorder (Vikara). Season: Shishira. Dosha predominant: Pitta-Vata.,{}
78862a43-ee68-4e4b-8458-f99a84a1af96,f4d5afd4-e183-4732-a4a7-866f5f2c2fc2,2025-03-19T08:45:00,Indigestion (Ajirna),"Bloating, heaviness, loss of appetite, belching",Kapha,Kapha,3,Obesity,Patient presents with mild Indigestion (Ajirna). Season: Vasanta. Dosha predominant: Kapha.,{}
7f2c0a52-5eab-4998-8941-01603d1838f0,4c61e122-6f1f-4f63-b29f-83610ff915d5,2025-03-16T14:15:00,Rhinitis (Pratishyaya),"Runny nose, blocked nose, sneezing, post-nasal drip",Kapha,Kapha,3,Stress,Patient presents with mild Rhinitis (Pratishyaya). Season: Vasanta. Dosha predominant: Kapha.,{}
482c005c-3906-4c03-9b18-2ca3a78a868c,7c68fc39-17fe-480d-8e3d-5f5c1b3ffcc0,2025-03-14T12:00:00,Allergy (Sheetapitta),"Urticaria, itching, redness, runny nose, sneezing",Kapha,Kapha,3,,Patient presents with mild Allergy (Sheetapitta). Season: Vasanta. Dosha predominant: Kapha.,{}
83309410-ae5e-4700-80f7-541764d6b64d,b090dcec-dc65-48cd-8bb3-e10ba922eed2,2025-03-21T16:15:00,Rhinitis (Pratishyaya),"Runny nose, blocked nose, sneezing, post-nasal drip",Kapha,Kapha,3,,Patient presents with mild Rhinitis (Pratishyaya). Season: Vasanta. Dosha predominant: Kapha.,{}
72022d09-a0c9-4da9-9a38-b6dc9aa4daf2,c981ceb4-4da5-4b89-aeaf-50903cac3ced,2025-03-01T15:45:00,Lethargy (Tandra),"Excessive sleepiness, fatigue, dullness, low enthusiasm",Kapha,Kapha,3,,Patient presents with mild Lethargy (Tandra). Season: Vasanta. Dosha predominant: Kapha.,{}
47825683-84b5-4be8-8956-1b50cddbc343,ed4afae7-e3c6-465c-9cfe-456ec694f253,2025-03-04T18:30:00,Indigestion (Ajirna),"Bloating, heaviness, loss of appetite, belching",Kapha,Kapha,3,Obesity,Patient presents with mild Indigestion (Ajirna). Season: Vasanta. Dosha predominant: Kapha.,{}
09914b1e-79d3-4588-a96b-c118d6a35a69,7db6583d-a3d4-463c-8ace-7f7985ee6ddb,2025-03-12T17:45:00,Lethargy (Tandra),"Excessive sleepiness, fatigue, dullness, low enthusiasm",Kapha,Kapha,3,Stress,Patient presents with mild Lethargy (Tandra). Season: Vasanta. Dosha predominant: Kapha.,{}
a6b7c420-2553-4653-80fd-503ea6d2aa57,4d68af35-eafe-4b0a-9ece-0d6def3e9ef5,2025-03-26T10:45:00,Allergy (Sheetapitta),"Urticaria, itching, redness, runny nose, sneezing",Kapha,Kapha,3,Obesity,Patient presents with mild Allergy (Sheetapitta). Season: Vasanta. Dosha predominant: Kapha.,{}
ed210699-75a2-4a4c-ad73-c769ab8e3fde,fce7a316-7a3c-4e5c-a936-2bdfb6b526e5,2025-03-14T12:15:00,Rhinitis (Pratishyaya),"Runny nose, blocked nose, sneezing, post-nasal drip",Kapha,Kapha,3,,Patient presents with mild Rhinitis (Pratishyaya). Season: Vasanta. Dosha predominant: Kapha.,{}
ada1ccae-ea86-4b2a-a4e9-381b90fda3e0,99f32148-8f53-4be0-8145-2abaa01d34f4,2025-03-27T08:45:00,Rhinitis (Pratishyaya),"Runny nose, blocked nose, sneezing, post-nasal drip",Kapha,Kapha,3,Obesity,Patient presents with mild Rhinitis (Pratishyaya). Season: Vasanta. Dosha predominant: Kapha.,{}
070d92ef-1c97-4df1-b483-c6e610538fa5,3b6a48b0-f031-49bc-808a-b87c877de3f6,2025-03-01T08:45:00,Fever (Jwara),"High temperature, chills, body ache, fatigue, sweating",Pitta-Kapha,Pitta,6,Stress,Patient presents with moderate Fever (Jwara). Season: Vasanta. Dosha predominant: Pitta.,{}
e55408c3-fe2d-4184-802f-e7b695127817,4f17519f-35af-4605-a20f-cba0dae2ee59,2025-03-25T16:30:00,Indigestion (Ajirna),"Bloating, heaviness, loss of appetite, belching",Kapha,Kapha,3,Obesity,Patient presents with mild Indigestion (Ajirna). Season: Vasanta. Dosha predominant: Kapha.,{}
b88e464a-4b73-4eb1-ae9f-4c26a48d317e,91a480dd-a69f-46da-b123-1aa2299411b5,2025-03-26T09:45:00,Indigestion (Ajirna),"Bloating, heaviness, loss of appetite, belching",Kapha,Kapha,3,Diabetes,Patient presents with mild Indigestion (Ajirna). Season: Vasanta. Dosha predominant: Kapha.,{}
3327b7e9-29b3-4e17-ae44-cb102d3092d2,63b567d6-740d-4a20-adc5-10f7f9cfbc99,2025-03-01T10:00:00,Fever (Jwara),"High temperature, chills, body ache, fatigue, sweating",Pitta-Kapha,Pitta,6,Hypertension,Patient presents with moderate Fever (Jwara). Season: Vasanta. Dosha predominant: Pitta.,{}
f81459c0-ae73-4610-8ff1-e975e0ef7e33,7c8a3185-3a64-40de-8ff1-d1ce49285e30,2025-03-01T16:15:00,Indigestion (Ajirna),"Bloating, heaviness, loss of appetite, belching",Kapha,Kapha,3,None,Patient presents with mild Indigestion (Ajirna). Season: Vasanta. Dosha predominant: Kapha.,{}
29ef6859-3102-43dc-9d7f-25a45a1fb254,a6593654-1c00-458a-b45b-f60b44fe0196,2025-03-10T16:15:00,Skin Disorder (Kushtha),"Itching, rash, discoloration, scaling of skin",Pitta,Pitta,6,,Patient presents with moderate Skin Disorder (Kushtha). Season: Vasanta. Dosha predominant: Pitta.,{}
73074b82-9c7f-41f3-899d-62f96d808e94,96cd86af-a011-409e-8853-55cf183fc03d,2025-03-05T15:30:00,Rhinitis (Pratishyaya),"Runny nose, blocked nose, sneezing, post-nasal drip",Kapha,Kapha,3,None,Patient presents with mild Rhinitis (Pratishyaya). Season: Vasanta. Dosha predominant: Kapha.,{}
7aa13e08-94f1-4932-b0f5-98ccab99d48d,a437cbaa-d6ec-4051-b939-8cc1ce50c44c,2025-03-25T13:15:00,Indigestion (Ajirna),"Bloating, heaviness, loss of appetite, belching",Kapha,Kapha,3,None,Patient presents with mild Indigestion (Ajirna). Season: Vasanta. Dosha predominant: Kapha.,{}
16386eb9-8030-4fe7-9730-adc5fae0f729,cef256de-7027-4c91-b77c-aeba646f95c2,2025-03-28T12:45:00,Lethargy (Tandra),"Excessive sleepiness, fatigue, dullness, low enthusiasm",Kapha,Kapha,3,,Patient presents with mild Lethargy (Tandra). Season: Vasanta. Dosha predominant: Kapha.,{}
19465f7c-6364-4f23-b7b2-37c108d6568f,70011745-1ada-4382-993a-94af2f6eb587,2025-03-20T08:00:00,Fever (Jwara),"High temperature, chills, body ache, fatigue, sweating",Pitta-Kapha,Pitta,6,,Patient presents with moderate Fever (Jwara). Season: Vasanta. Dosha predominant: Pitta.,{}
f1aee6ae-b96b-4034-b6d0-9e9e88c53ae3,88f1a3b6-14f2-4aa7-a7bc-4e5575714874,2025-03-19T08:45:00,Skin Disorder (Kushtha),"Itching, rash, discoloration, scaling of skin",Pitta,Pitta,6,Stress,Patient presents with moderate Skin Disorder (Kushtha). Season: Vasanta. Dosha predominant: Pitta.,{}
3ae02d9b-af4d-45b3-aaa8-c5349b5a6b6c,a208147f-d12d-4eb4-8b06-6dc44ee0c0d1,2025-03-05T10:00:00,Allergy (Sheetapitta),"Urticaria, itching, redness, runny nose, sneezing",Kapha,Kapha,3,Obesity,Patient presents with mild Allergy (Sheetapitta). Season: Vasanta. Dosha predominant: Kapha.,{}
8dcd8e2b-952d-49e5-9179-00dafabba0cb,c2bd62d4-1a44-40d8-8141-8e1efbfebfd1,2025-03-06T17:00:00,Rhinitis (Pratishyaya),"Runny nose, blocked nose, sneezing, post-nasal drip",Kapha,Kapha,3,,Patient presents with mild Rhinitis (Pratishyaya). Season: Vasanta. Dosha predominant: Kapha.,{}
c71fda2f-fb1c-4c6f-942b-f219fb0d2728,6d861f09-0077-420a-9c25-d085b2b7a889,2025-03-10T12:30:00,Fever (Jwara),"High temperature, chills, body ache, fatigue, sweating",Pitta-Kapha,Pitta,6,Diabetes,Patient presents with moderate Fever (Jwara). Season: Vasanta. Dosha predominant: Pitta.,{}
bc96b2c0-7b7f-41cf-8eb3-075024311208,3b2b32e1-d89f-4be7-85a6-7f655317bb74,2025-03-26T10:30:00,Allergy (Sheetapitta),"Urticaria, itching, redness, runny nose, sneezing",Kapha,Kapha,3,Hypertension,Patient presents with mild Allergy (Sheetapitta). Season: Vasanta. Dosha predominant: Kapha.,{}
07705568-78e1-46cd-a67e-cff4f1bc5cfd,d6521bf4-a085-44b3-b8e4-d0a7a06af9ef,2025-03-21T09:00:00,Fever (Jwara),"High temperature, chills, body ache, fatigue, sweating",Pitta-Kapha,Pitta,6,Hypertension,Patient presents with moderate Fever (Jwara). Season: Vasanta. Dosha predominant: Pitta.,{}
b12ff740-ef8a-444e-bc8c-784c3d0b7a00,4563d3b6-d896-46ac-a1ca-dee38c51265f,2025-03-20T11:30:00,Skin Disorder (Kushtha),"Itching, rash, discoloration, scaling of skin",Pitta,Pitta,6,Stress,Patient presents with moderate Skin Disorder (Kushtha). Season: Vasanta. Dosha predominant: Pitta.,{}
70959b94-1cfd-4642-ab9f-29fc1c267f82,f2dfafab-2d92-4755-ba87-5604820b334a,2025-03-22T13:00:00,Skin Disorder (Kushtha),"Itching, rash, discoloration, scaling of skin",Pitta,Pitta,6,Diabetes,Patient presents with moderate Skin Disorder (Kushtha). Season: Vasanta. Dosha predominant: Pitta.,{}
ca6b39fc-5343-451e-92e5-0aea4696e072,46a77e6b-5f8d-4c15-90f9-b457ebbd9c27,2025-03-27T08:30:00,Allergy (Sheetapitta),"Urticaria, itching, redness, runny nose, sneezing",Kapha,Kapha,3,Obesity,Patient presents with mild Allergy (Sheetapitta). Season: Vasanta. Dosha predominant: Kapha.,{}
c32d5c4e-f0c7-4097-819f-5714727dbce0,1ceb4c9c-c535-4693-a6af-7c095a76efeb,2025-03-05T15:30:00,Skin Disorder (Kushtha),"Itching, rash, discoloration, scaling of skin",Pitta,Pitta,6,Stress,Patient presents with moderate Skin Disorder (Kushtha). Season: Vasanta. Dosha predominant: Pitta.,{}
b06db6c8-55b0-499e-b597-f78f5a47b2b6,e3a8b40e-104d-49b5-b1fb-9c95e5efd9be,2025-03-02T11:45:00,Indigestion (Ajirna),"Bloating, heaviness, loss of appetite, belching",Kapha,Kapha,3,None,Patient presents with mild Indigestion (Ajirna). Season: Vasanta. Dosha predominant: Kapha.,{}
d1d91744-0d84-486c-8c88-0124a66a0d83,a04c271d-c768-4a22-83ec-46db423e542b,2025-03-20T17:15:00,Rhinitis (Pratishyaya),"Runny nose, blocked nose, sneezing, post-nasal drip",Kapha,Kapha,3,Stress,Patient presents with mild Rhinitis (Pratishyaya). Season: Vasanta. Dosha predominant: Kapha.,{}
aec77394-e6a5-486b-8b1b-a2db94235a95,acc4fb54-6be4-46f2-968e-124ddf2e629c,2025-03-15T08:30:00,Fever (Jwara),"High temperature, chills, body ache, fatigue, sweating",Pitta-Kapha,Pitta,6,,Patient presents with moderate Fever (Jwara). Season: Vasanta. Dosha predominant: Pitta.,{}
f75eb281-1d6a-48b3-bc95-674571052e14,a265ce0b-ca57-415e-93d7-a18f14fc40d2,2025-03-26T11:30:00,Fever (Jwara),"High temperature, chills, body ache, fatigue, sweating",Pitta-Kapha,Pitta,6,None,Patient presents with moderate Fever (Jwara). Season: Vasanta. Dosha predominant: Pitta.,{}
8f588d23-47a4-4cb8-85b5-d45aa40a1991,7cc5ac08-483b-4e54-8678-f323be76d462,2025-03-10T14:45:00,Fever (Jwara),"High temperature, chills, body ache, fatigue, sweating",Pitta-Kapha,Pitta,6,Hypertension,Patient presents with moderate Fever (Jwara). Season: Vasanta. Dosha predominant: Pitta.,{}
45234464-cd9c-492c-ba2d-b8712dd8bbd5,b04a2d73-1fa1-4be0-95bc-c1de06279db2,2025-03-19T17:30:00,Fever (Jwara),"High temperature, chills, body ache, fatigue, sweating",Pitta-Kapha,Pitta,6,,Patient presents with moderate Fever (Jwara). Season: Vasanta. Dosha predominant: Pitta.,{}
bd462f3d-ca16-4e9a-9d48-d158f2ed7b04,b04a2d73-1fa1-4be0-95bc-c1de06279db2,2025-03-21T17:30:00,Fever (Jwara),"High temperature, chills, body ache, fatigue, sweating",Pitta-Kapha,Pitta,6,,Follow-up visit for Fever (Jwara). Season: Vasanta.,{}
7621d517-1342-49cd-be98-7234b469efcd,86db459b-e385-44a5-9643-f2b1ebc9c0fc,2025-03-18T15:15:00,Indigestion (Ajirna),"Bloating, heaviness, loss of appetite, belching",Kapha,Kapha,3,,Patient presents with mild Indigestion (Ajirna). Season: Vasanta. Dosha predominant: Kapha.,{}
aedecea1-d675-4af1-9c6c-a6aa6106fb9f,731d9945-c268-42d9-9fc7-b573b49d96cc,2025-03-10T12:15:00,Lethargy (Tandra),"Excessive sleepiness, fatigue, dullness, low enthusiasm",Kapha,Kapha,3,Stress,Patient presents with mild Lethargy (Tandra). Season: Vasanta. Dosha predominant: Kapha.,{}
9586446c-037f-4b17-9edf-d69339480341,094db29e-90a4-4da0-b3c1-9dc7c1041600,2025-03-28T13:45:00,Rhinitis (Pratishyaya),"Runny nose, blocked nose, sneezing, post-nasal drip",Kapha,Kapha,3,Stress,Patient presents with mild Rhinitis (Pratishyaya). Season: Vasanta. Dosha predominant: Kapha.,{}
72179ab7-1044-4f0c-b35e-ddfa3ef419cf,3c434fcd-f07c-4c86-b880-afaf2747cbff,2025-03-14T17:45:00,Rhinitis (Pratishyaya),"Runny nose, blocked nose, sneezing, post-nasal drip",Kapha,Kapha,3,,Patient presents with mild Rhinitis (Pratishyaya). Season: Vasanta. Dosha predominant: Kapha.,{}
0cef8ffe-7cd3-40b2-93a8-30f69aed6903,956a1aea-8acc-4487-8829-408896c8dc40,2025-03-19T15:00:00,Rhinitis (Pratishyaya),"Runny nose, blocked nose, sneezing, post-nasal drip",Kapha,Kapha,3,Diabetes,Patient presents with mild Rhinitis (Pratishyaya). Season: Vasanta. Dosha predominant: Kapha.,{}
ac25efe8-43c5-477a-9be8-adb84f0e49ec,cb847133-7382-4518-9918-c5ad3c54080e,2025-03-16T10:45:00,Rhinitis (Pratishyaya),"Runny nose, blocked nose, sneezing, post-nasal drip",Kapha,Kapha,3,,Patient presents with mild Rhinitis (Pratishyaya). Season: Vasanta. Dosha predominant: Kapha.,{}
7d9d754b-0121-45d7-9df0-670f7c34a591,c92e0fc7-3198-4532-b141-b1bbc2e34a9a,2025-03-17T09:15:00,Fever (Jwara),"High temperature, chills, body ache, fatigue, sweating",Pitta-Kapha,Pitta,6,Diabetes,Patient presents with moderate Fever (Jwara). Season: Vasanta. Dosha predominant: Pitta.,{}
7364a721-3b58-4923-b571-191db3d28d38,6e61c4d6-37e1-48eb-b390-4e989d4a5a91,2025-03-29T17:15:00,Indigestion (Ajirna),"Bloating, heaviness, loss of appetite, belching",Kapha,Kapha,3,None,Patient presents with mild Indigestion (Ajirna). Season: Vasanta. Dosha predominant: Kapha.,{}
20ac481e-1457-4128-a68f-a5402f17dda8,ba3c405c-731e-415e-824c-0ba66784336d,2025-03-25T09:30:00,Rhinitis (Pratishyaya),"Runny nose, blocked nose, sneezing, post-nasal drip",Kapha,Kapha,3,,Patient presents with mild Rhinitis (Pratishyaya). Season: Vasanta. Dosha predominant: Kapha.,{}
af697550-907a-4c18-92dd-b20213160ccf,475aae0e-af4e-4ac3-a623-7b4b3fa10fd0,2025-03-24T09:00:00,Fever (Jwara),"High temperature, chills, body ache, fatigue, sweating",Pitta-Kapha,Pitta,6,Hypertension,Patient presents with moderate Fever (Jwara). Season: Vasanta. Dosha predominant: Pitta.,{}
3f469db8-ad47-43c0-bbad-cdfdf103a8f8,e4ad632f-3dbe-4377-ac80-6dfee47ad1c8,2025-03-20T13:30:00,Skin Disorder (Kushtha),"Itching, rash, discoloration, scaling of skin",Pitta,Pitta,6,,Patient presents with moderate Skin Disorder (Kushtha). Season: Vasanta. Dosha predominant: Pitta.,{}
ab615879-e885-4892-b26c-6e9e86b9aafa,ccb0be9b-ffc4-41e2-aab9-f4cedef39498,2025-03-05T12:30:00,Indigestion (Ajirna),"Bloating, heaviness, loss of appetite, belching",Kapha,Kapha,3,,Patient presents with mild Indigestion (Ajirna). Season: Vasanta. Dosha predominant: Kapha.,{}
cf8c3def-9521-4d4f-ac08-5c6b5a717b37,8a0e1d5d-892e-434b-be04-bd0daf9dbb15,2025-03-07T14:15:00,Indigestion (Ajirna),"Bloating, heaviness, loss of appetite, belching",Kapha,Kapha,3,Stress,Patient presents with mild Indigestion (Ajirna). Season: Vasanta. Dosha predominant: Kapha.,{}
7aca00f8-d482-4c25-abde-bc26f09fcf96,704abacf-4cfb-4703-afeb-16be393c8c86,2025-03-22T18:30:00,Indigestion (Ajirna),"Bloating, heaviness, loss of appetite, belching",Kapha,Kapha,3,,Patient presents with mild Indigestion (Ajirna). Season: Vasanta. Dosha predominant: Kapha.,{}
b7e6b9b1-84db-4680-b8a5-0b38afaf99c5,4509f805-7e61-4658-9f69-2b3d8206ae47,2025-03-12T17:45:00,Fever (Jwara),"High temperature, chills, body ache, fatigue, sweating",Pitta-Kapha,Pitta,6,None,Patient presents with moderate Fever (Jwara). Season: Vasanta. Dosha predominant: Pitta.,{}
7ef1ddfb-6e3a-4f93-981e-4a89033769f8,e4ad632f-3dbe-4377-ac80-6dfee47ad1c8,2025-03-26T11:45:00,Lethargy (Tandra),"Excessive sleepiness, fatigue, dullness, low enthusiasm",Kapha,Kapha,3,Stress,Patient presents with mild Lethargy (Tandra). Season: Vasanta. Dosha predominant: Kapha.,{}
969e9e4e-6d78-4cf2-85cc-b7f8363531dd,e4ad632f-3dbe-4377-ac80-6dfee47ad1c8,2025-03-29T11:45:00,Lethargy (Tandra),"Excessive sleepiness, fatigue, dullness, low enthusiasm",Kapha,Kapha,3,,Follow-up visit for Lethargy (Tandra). Season: Vasanta.,{}
5b2ff790-19bb-4097-b661-29cb80c4af99,a208147f-d12d-4eb4-8b06-6dc44ee0c0d1,2025-03-26T12:00:00,Eczema (Vicharchika),"Itchy skin, red rashes, inflammation",Pitta,Pitta,3,None,Patient presents with mild Eczema (Vicharchika). Season: Vasanta. Dosha predominant: Pitta.,{}
29289c15-8855-4901-b3ce-8bf34e152adc,3730d8a1-557b-4224-9319-4901dc66ab18,2025-03-20T12:45:00,Gout (Vatarakta),"Joint pain, swelling, redness in the big toe",Pitta,Vata-Pitta,6,None,Patient presents with moderate Gout (Vatarakta). Season: Vasanta. Dosha predominant: Vata-Pitta.,{}
281e5331-c3b5-449f-a2a0-59c5111ce333,a8875edb-f381-4a2e-be33-fbaa2694b26f,2025-03-13T14:15:00,Osteoporosis (Asthi Kshaya),"Fragile bones, fractures, height loss",Vata,Vata,3,,Patient presents with mild Osteoporosis (Asthi Kshaya). Season: Vasanta. Dosha predominant: Vata.,{}
2f633fbb-ecfd-4613-a55a-4460d3751f37,172df041-c146-4a2f-87ba-e417dfbe71e6,2025-03-07T08:45:00,Hypertension (Raktachaapa Vriddhi),"Headache, dizziness, chest discomfort",Pitta,Pitta,6,Obesity,Patient presents with moderate Hypertension (Raktachaapa Vriddhi). Season: Vasanta. Dosha predominant: Pitta.,{}
24d960a3-4759-431d-a4e3-63236c6b1ef6,a32e273c-a03c-4579-8b40-cd1dabe1b85a,2025-03-29T16:45:00,Erectile Dysfunction (Klaibya),Difficulty achieving or maintaining an erection,Vata,Vata,9,,Patient presents with severe Erectile Dysfunction (Klaibya). Season: Vasanta. Dosha predominant: Vata.,{}
1600c505-4702-45f9-93d8-6e76b674d463,3cca0873-c067-40c9-9ae5-f986a02e95d1,2025-03-14T11:00:00,Hyperthyroidism (Atisweda),"Weight loss, anxiety, tremors, rapid heartbeat",Pitta,Pitta,9,None,Patient presents with severe Hyperthyroidism (Atisweda). Season: Vasanta. Dosha predominant: Pitta.,{}
12a1b09c-c507-4326-b3d4-a4838d85da60,7eea4e0e-f569-48fe-9a20-87d4b9880548,2025-03-29T17:00:00,Conjunctivitis (Netra Abhishyanda),"Red eyes, itchy eyes, eye discharge",Pitta,Pitta,3,Obesity,Patient presents with mild Conjunctivitis (Netra Abhishyanda). Season: Vasanta. Dosha predominant: Pitta.,{}
d6fe5bfd-3084-4694-bde3-6c41494b1fdb,d56a8d27-6a5a-4e28-a957-7d883cf46c3c,2025-03-01T12:00:00,Measles (Romantika),"Fever, cough, runny nose, red eyes, skin rash",Pitta,Pitta,9,Stress,Patient presents with severe Measles (Romantika). Season: Vasanta. Dosha predominant: Pitta.,{}
c5f8480b-0d3e-4cd6-b224-77669b7de338,1e7ff456-61fb-46a3-b39d-5bab6ad372b3,2025-03-18T14:15:00,Cystitis (Mutrakrichra),"Painful urination, frequent urge to urinate",Vata,Vata,9,None,Patient presents with severe Cystitis (Mutrakrichra). Season: Vasanta. Dosha predominant: Vata.,{}
1b33b3b2-8d0f-4ac6-ac66-4ff605ebb123,32d695c7-d917-4fac-9b01-2a5e14ebc7ac,2025-03-05T12:30:00,Chronic Fatigue Syndrome (Klama),"Persistent fatigue, weakness, poor concentration",Vata,Vata-Kapha,6,,Patient presents with moderate Chronic Fatigue Syndrome (Klama). Season: Vasanta. Dosha predominant: Vata-Kapha.,{}
bf5d7634-9c2f-49ff-8ec0-563f4dd00490,b01c2f08-620e-4003-9146-b2bc5089f338,2025-03-08T16:00:00,Hepatitis (Kamala),"Yellowing of skin, fatigue, loss of appetite",Pitta,Pitta,6,,Patient presents with moderate Hepatitis (Kamala). Season: Vasanta. Dosha predominant: Pitta.,{}
d4072613-d820-467f-a163-3fea6d4f75e6,40c1fd73-fb27-47f2-9b77-1eb961f88bd2,2025-03-23T16:45:00,Heart Disease (Hridroga),"Chest pain, fatigue, shortness of breath",Vata,Vata-Pitta,9,Obesity,Patient presents with severe Heart Disease (Hridroga). Season: Vasanta. Dosha predominant: Vata-Pitta.,{}
87b3c7aa-ba3b-4ac3-893d-9118a5567df5,3d0247b2-e0a0-43a9-9b08-fd32d80c51c4,2025-03-10T12:15:00,Ear Infection (Karna Shoola),"Ear pain, discharge, mild fever",Kapha,Kapha-Vata,6,,Patient presents with moderate Ear Infection (Karna Shoola). Season: Vasanta. Dosha predominant: Kapha-Vata.,{}
d69c3081-163d-4e9a-9be4-22db042382c8,ae306701-4121-4429-9755-8aa83694a025,2025-03-15T10:45:00,Peptic Ulcer (Parinama Shoola),"Burning stomach pain, bloating, nausea",Pitta,Pitta,6,Hypertension,Patient presents with moderate Peptic Ulcer (Parinama Shoola). Season: Vasanta. Dosha predominant: Pitta.,{}
00c2fdf8-2097-4e30-ba6e-19296e392265,19b86c81-ec50-4631-8408-187b3b18bab6,2025-03-18T11:45:00,Tonsillitis (Tundikeri),"Sore throat, difficulty swallowing, fever",Kapha,Kapha-Pitta,6,Diabetes,Patient presents with moderate Tonsillitis (Tundikeri). Season: Vasanta. Dosha predominant: Kapha-Pitta.,{}
81aa5db0-f128-47e6-94cd-5eb0682b35d0,7fe7668f-ef3d-4bc2-8b4b-183240e39098,2025-03-18T08:00:00,Hyperlipidemia (Medo Vriddhi),"Elevated cholesterol, fatigue, chest heaviness",Kapha,Kapha,3,None,Patient presents with mild Hyperlipidemia (Medo Vriddhi). Season: Vasanta. Dosha predominant: Kapha.,{}
1298bc6a-0ac1-4c97-9b80-65493c59bcae,6b9fb090-091c-4629-b48a-908b23dd480a,2025-03-26T17:00:00,Cirrhosis (Yakrit Vriddhi),"Jaundice, fatigue, abdominal pain",Pitta,Pitta,6,Obesity,Patient presents with moderate Cirrhosis (Yakrit Vriddhi). Season: Vasanta. Dosha predominant: Pitta.,{}
58cd0d79-63d9-43a4-8c64-1febe848a2ba,0b4e2fc4-5466-4165-86ed-37639ebad97c,2025-03-25T14:00:00,Back Pain (Prishtha Shoola),"Muscle stiffness, difficulty moving",Vata,Vata,6,Stress,Patient presents with moderate Back Pain (Prishtha Shoola). Season: Vasanta. Dosha predominant: Vata.,{}
a7903d6f-05f2-44b5-88de-b3b1e993758e,95b67459-8e2a-429b-aeff-0bb5c454d6b6,2025-03-26T12:30:00,Eczema (Vicharchika),"Itchy skin, red rashes, inflammation",Pitta,Pitta,3,,Patient presents with mild Eczema (Vicharchika). Season: Vasanta. Dosha predominant: Pitta.,{}
0a3ccece-3286-41fe-906e-166d5b57e182,4f861f57-659b-45cd-9876-4a0257c3bdb9,2025-03-03T18:00:00,Osteoporosis (Asthi Kshaya),"Fragile bones, fractures, height loss",Vata,Vata,6,Obesity,Patient presents with moderate Osteoporosis (Asthi Kshaya). Season: Vasanta. Dosha predominant: Vata.,{}
6d65ab1e-3e52-4989-9c29-4913ad34e8b1,de2279cc-2c48-43b0-9931-88f87e54fc6c,2025-03-04T10:45:00,Warts (Charmakeela),Small rough skin growths,Kapha,Kapha,6,Diabetes,Patient presents with moderate Warts (Charmakeela). Season: Vasanta. Dosha predominant: Kapha.,{}
f05d3e8c-b70e-4729-ad5f-4c19bf5439c3,6b9fb090-091c-4629-b48a-908b23dd480a,2025-03-12T14:00:00,Pharyngitis (Galashotha),"Sore throat, dry cough, hoarseness",Kapha,Kapha,3,None,Patient presents with mild Pharyngitis (Galashotha). Season: Vasanta. Dosha predominant: Kapha.,{}
96554f82-75a1-4274-9c1b-eef7b92ed7e4,acfa07de-e0a6-41b1-8f85-1c0e5d9c1db1,2025-03-22T17:45:00,Heart Disease (Hridroga),"Chest pain, fatigue, shortness of breath",Vata,Vata-Pitta,6,,Patient presents with moderate Heart Disease (Hridroga). Season: Vasanta. Dosha predominant: Vata-Pitta.,{}
5baa4753-487c-437c-b44a-07810e039114,daf9b6c7-3958-4620-b9c6-fbad55c01da3,2025-03-10T12:00:00,Urinary Tract Infection (Mutradaha),"Burning urination, frequent urge, lower abdomen pain",Pitta,Pitta,3,Stress,Patient presents with mild Urinary Tract Infection (Mutradaha). Season: Vasanta. Dosha predominant: Pitta.,{}
c069ab31-7015-4e14-b590-18cd2aa214f5,daf9b6c7-3958-4620-b9c6-fbad55c01da3,2025-03-14T12:00:00,Urinary Tract Infection (Mutradaha),"Burning urination, frequent urge, lower abdomen pain",Pitta,Pitta,3,,Follow-up visit for Urinary Tract Infection (Mutradaha). Season: Vasanta.,{}
d968faaa-4319-4f38-a50f-0b59d7d9fd73,3de1091e-220d-4434-ae97-b9e9a079b027,2025-03-14T08:00:00,Depression (Vishada),"Sadness, loss of interest, fatigue",Vata,Vata-Pitta,6,Hypertension,Patient presents with moderate Depression (Vishada). Season: Vasanta. Dosha predominant: Vata-Pitta.,{}
70607fb7-284f-404f-89f9-7ccaf6f1e217,daf9b6c7-3958-4620-b9c6-fbad55c01da3,2025-03-17T12:45:00,Whooping Cough (Deergha Kasa),"Severe coughing fits, whooping sound, vomiting after cough",Kapha,Kapha,3,None,Patient presents with mild Whooping Cough (Deergha Kasa). Season: Vasanta. Dosha predominant: Kapha.,{}
1b2b3c6d-a4a6-4407-b870-a7e88bdd081e,4cb06b73-eabf-4bdc-9bf1-94bba6b9c057,2025-03-06T10:15:00,Osteoarthritis (Sandhivata),"Joint pain, swelling, stiffness",Vata,Vata-Kapha,6,None,Patient presents with moderate Osteoarthritis (Sandhivata). Season: Vasanta. Dosha predominant: Vata-Kapha.,{}
3eb7f54e-59f7-4f39-b855-080216f20b90,fb675350-88ef-4f41-b8b6-8b5e4f63d995,2025-03-17T11:30:00,Digestive Disorder (Vikara),"Bloating, nausea, indigestion, discomfort after eating",Pitta,Pitta-Vata,3,Stress,Patient presents with mild Digestive Disorder (Vikara). Season: Vasanta. Dosha predominant: Pitta-Vata.,{}
3307f5fe-10cb-486e-a4f4-94d905e419a5,bad51b0a-4a59-4e13-a60d-dc6c88ed0f3b,2025-03-04T09:45:00,Glaucoma (Adhimantha),"Blurred vision, eye pain, headache",Pitta,Pitta,9,Obesity,Patient presents with severe Glaucoma (Adhimantha). Season: Vasanta. Dosha predominant: Pitta.,{}
3e79907c-b5fa-40ab-9665-26eb92da948b,7b2929b3-4baf-4ca3-b9da-56df7d7ca10c,2025-03-26T18:45:00,Hyperlipidemia (Medo Vriddhi),"Elevated cholesterol, fatigue, chest heaviness",Kapha,Kapha,9,None,Patient presents with severe Hyperlipidemia (Medo Vriddhi). Season: Vasanta. Dosha predominant: Kapha.,{}
f5058e3b-227c-4b0b-9435-e06c4e0c1aee,c2bd62d4-1a44-40d8-8141-8e1efbfebfd1,2025-03-27T16:45:00,Ear Infection (Karna Shoola),"Ear pain, discharge, mild fever",Kapha,Kapha-Vata,3,,Patient presents with mild Ear Infection (Karna Shoola). Season: Vasanta. Dosha predominant: Kapha-Vata.,{}
1d57fa10-1874-4d1e-bcfe-c86bbf5ede0d,f05a9cb5-6110-4502-95e1-810ac6ab6b33,2025-03-26T15:00:00,Boils (Vidradhi),"Painful red lumps, pus formation",Pitta,Pitta-Kapha,6,None,Patient presents with moderate Boils (Vidradhi). Season: Vasanta. Dosha predominant: Pitta-Kapha.,{}
90ad0eb0-b995-4a12-b984-07172c1d3406,82129659-a2bc-45e8-b145-d604b3235ba1,2025-03-10T08:15:00,Hyperlipidemia (Medo Vriddhi),"Elevated cholesterol, fatigue, chest heaviness",Kapha,Kapha,6,Diabetes,Patient presents with moderate Hyperlipidemia (Medo Vriddhi). Season: Vasanta. Dosha predominant: Kapha.,{}
17552dce-e0e2-45c7-9cd1-412742dc4fd7,13f53412-f4f1-4ec6-b2a0-a129b3d306b2,2025-03-19T12:30:00,Irritable Bowel Syndrome (Grahani),"Abdominal cramps, bloating, alternating diarrhea and constipation",Vata,Vata,6,Obesity,Patient presents with moderate Irritable Bowel Syndrome (Grahani). Season: Vasanta. Dosha predominant: Vata.,{}
7b948aef-ad71-46b2-8fee-4036a277c973,b132388d-0113-4aa6-9960-a5bebd09ad8c,2025-03-01T10:00:00,Piles - Anal Fissure (Parikartika),"Pain during bowel movement, bleeding",Vata,Vata,9,Hypertension,Patient presents with severe Piles - Anal Fissure (Parikartika). Season: Vasanta. Dosha predominant: Vata.,{}
3aac5a5c-63c3-4d1e-b7a4-fc1fd3f378f6,b70b6866-fc93-49b0-82ff-5829d7478c5e,2025-03-11T09:45:00,Cystitis (Mutrakrichra),"Painful urination, frequent urge to urinate",Vata,Vata,3,Hypertension,Patient presents with mild Cystitis (Mutrakrichra). Season: Vasanta. Dosha predominant: Vata.,{}
616309d8-a7cc-4941-8dba-6ba6b249d6d8,be26446d-93d6-4805-ab7c-cdeeb20a2eb4,2025-03-01T12:00:00,Typhoid (Antrika Jwara),"Prolonged fever, weakness, abdominal pain",Pitta,Pitta,6,Stress,Patient presents with moderate Typhoid (Antrika Jwara). Season: Vasanta. Dosha predominant: Pitta.,{}
7f47468a-7b14-4867-9dcd-ad3b8d579655,f63d7a99-d9a3-4001-815a-e87596bbdf9e,2025-03-31T13:00:00,Worm Infection (Krimi Roga),"Abdominal pain, diarrhea, weight loss, bloating",Vata,Vata,3,None,Patient presents with mild Worm Infection (Krimi Roga). Season: Vasanta. Dosha predominant: Vata.,{}
9ed793aa-3147-41f3-996e-df55d923819c,d6521bf4-a085-44b3-b8e4-d0a7a06af9ef,2025-03-18T16:15:00,Warts (Charmakeela),Small rough skin growths,Kapha,Kapha,3,Hypertension,Patient presents with mild Warts (Charmakeela). Season: Vasanta. Dosha predominant: Kapha.,{}
e1f4a5e3-d6e8-46fe-9bd9-ee3530e610ae,5b077a5a-6fe9-449a-b002-65fa60750bef,2025-03-29T13:00:00,Gastritis (Urdhva Amlapitta),"Stomach pain, bloating, nausea after meals",Pitta,Pitta,6,Hypertension,Patient presents with moderate Gastritis (Urdhva Amlapitta). Season: Vasanta. Dosha predominant: Pitta.,{}
4bfa2b7f-e58c-4abe-ab54-515feee0f6b9,8022ad34-47ee-43fc-8e67-dae64c97a128,2025-03-06T10:45:00,Celiac Disease (Grahani Roga),"Bloating, chronic diarrhea, weight loss",Vata,Vata-Pitta,9,Obesity,Patient presents with severe Celiac Disease (Grahani Roga). Season: Vasanta. Dosha predominant: Vata-Pitta.,{}
47e9092d-ab56-4eca-a2f7-11bae10d60fd,23693197-f808-4c2b-b8d5-95c6ad1929cc,2025-03-24T18:15:00,Sciatica (Gridhrasi),"Lower back pain, pain radiating down the leg",Vata,Vata,6,Diabetes,Patient presents with moderate Sciatica (Gridhrasi). Season: Vasanta. Dosha predominant: Vata.,{}
e92051a2-2995-4cb2-8fdc-5d5c72a01f24,e233cc94-8c91-4284-b394-aabbbc20ed73,2025-03-24T18:15:00,Warts (Charmakeela),Small rough skin growths,Kapha,Kapha,3,Obesity,Patient presents with mild Warts (Charmakeela). Season: Vasanta. Dosha predominant: Kapha.,{}
cdb1477d-02dd-4db5-973e-28dc1567efa5,4765c693-4fbd-46b9-9035-05882ba6c9c0,2025-03-25T10:15:00,Vitiligo (Shwitra),White patches on the skin,Pitta,Pitta-Vata,6,Obesity,Patient presents with moderate Vitiligo (Shwitra). Season: Vasanta. Dosha predominant: Pitta-Vata.,{}
2a727750-3e25-4dfa-8223-ca544f319af2,4997fdea-a18c-4c35-95fb-3c0f5a0d9460,2025-03-18T18:15:00,Thyroid Disorder (Galaganda Vikara),"Fatigue, weight changes, mood swings, hair loss",Vata,Vata-Pitta,3,Stress,Patient presents with mild Thyroid Disorder (Galaganda Vikara). Season: Vasanta. Dosha predominant: Vata-Pitta.,{}
1b7de237-f327-4f72-9866-fcec4457f196,4f048eaf-3e00-4fad-a583-8453c8594b6b,2025-03-26T12:00:00,Kidney Stones (Ashmari),"Severe flank pain, blood in urine, nausea",Kapha,Vata-Kapha,6,Stress,Patient presents with moderate Kidney Stones (Ashmari). Season: Vasanta. Dosha predominant: Vata-Kapha.,{}
0ce5d85e-03f5-42b6-8286-a72ba2785cf7,5bdc5d7e-38bb-4e47-98ed-8d77ae6a0d7d,2025-03-24T13:15:00,Stress (Manasika Tanava),"Anxiety, fatigue, headaches, irritability",Vata,Vata,6,Obesity,Patient presents with moderate Stress (Manasika Tanava). Season: Vasanta. Dosha predominant: Vata.,{}
a6014f43-a733-412f-982c-19483ac17c8a,1a17d497-cd2e-42e9-b5b5-22873db11016,2025-03-19T11:00:00,Conjunctivitis (Netra Abhishyanda),"Red eyes, itchy eyes, eye discharge",Pitta,Pitta,3,,Patient presents with mild Conjunctivitis (Netra Abhishyanda). Season: Vasanta. Dosha predominant: Pitta.,{}
06708a50-6aa3-48cd-af75-cdae86ac19c4,65428551-34a8-4aee-b697-5a7143551ac9,2025-04-26T16:15:00,Fever (Jwara),"High temperature, chills, body ache, fatigue, sweating",Pitta,Pitta,6,Stress,Patient presents with moderate Fever (Jwara). Season: Vasanta. Dosha predominant: Pitta.,{}
37395372-340f-463f-b291-460fb1499b59,27f668d2-75ec-4d83-82a4-cd4070673a42,2025-04-26T09:00:00,Allergy (Sheetapitta),"Urticaria, itching, redness, runny nose, sneezing",Kapha,Kapha,3,Hypertension,Patient presents with mild Allergy (Sheetapitta). Season: Vasanta. Dosha predominant: Kapha.,{}
6a935e4e-47e3-4e60-8044-92fe72cf535b,f73e2468-4692-4fa3-b5b6-10c0c1a076a5,2025-04-22T08:30:00,Allergy (Sheetapitta),"Urticaria, itching, redness, runny nose, sneezing",Kapha,Kapha,3,Hypertension,Patient presents with mild Allergy (Sheetapitta). Season: Vasanta. Dosha predominant: Kapha.,{}
c6fc24e7-3548-48e4-85f6-c837e33c1c3c,4c597878-9673-488f-913b-f357b4de9f39,2025-04-02T11:00:00,Skin Disorder (Kushtha),"Itching, rash, discoloration, scaling of skin",Pitta,Pitta,6,Stress,Patient presents with moderate Skin Disorder (Kushtha). Season: Vasanta. Dosha predominant: Pitta.,{}
9d6c3566-f8b8-490b-8aac-c55cd8e5d0a4,4571dd57-064d-4016-a800-f13c33ed96fa,2025-04-07T15:00:00,Allergy (Sheetapitta),"Urticaria, itching, redness, runny nose, sneezing",Kapha,Kapha,3,Stress,Patient presents with mild Allergy (Sheetapitta). Season: Vasanta. Dosha predominant: Kapha.,{}
237ff480-0369-411a-bece-2d4eed7ceffb,77f19a8a-1991-4d55-b1d8-ac23c07a4a20,2025-04-23T10:30:00,Allergy (Sheetapitta),"Urticaria, itching, redness, runny nose, sneezing",Kapha,Kapha,3,,Patient presents with mild Allergy (Sheetapitta). Season: Vasanta. Dosha predominant: Kapha.,{}
5dafccf5-5d1d-4eae-99f2-2567511c33f5,990bb1b9-acaa-42db-87d3-687436db2af3,2025-04-26T08:00:00,Hemorrhoids (Arsha),"Pain during bowel movement, bleeding, swelling near anus",Vata-Pitta,Vata,6,Diabetes,Patient presents with moderate Hemorrhoids (Arsha). Season: Vasanta. Dosha predominant: Vata.,{}
43f41819-f8dc-460b-be72-a24e975da5d0,20ae3449-eb94-44cc-ac10-82206d2b7917,2025-04-16T15:00:00,Skin Disorder (Kushtha),"Itching, rash, discoloration, scaling of skin",Pitta,Pitta,6,,Patient presents with moderate Skin Disorder (Kushtha). Season: Vasanta. Dosha predominant: Pitta.,{}
9885b074-58cb-47eb-83e1-45895d716288,2647f102-7112-46dd-b7d9-de7ebcdaec36,2025-04-16T17:45:00,Hemorrhoids (Arsha),"Pain during bowel movement, bleeding, swelling near anus",Vata-Pitta,Vata,6,,Patient presents with moderate Hemorrhoids (Arsha). Season: Vasanta. Dosha predominant: Vata.,{}
e7ba9f01-61be-4c25-afb0-76228cce0c13,4563d3b6-d896-46ac-a1ca-dee38c51265f,2025-04-07T13:15:00,Allergy (Sheetapitta),"Urticaria, itching, redness, runny nose, sneezing",Kapha,Kapha,3,None,Patient presents with mild Allergy (Sheetapitta). Season: Vasanta. Dosha predominant: Kapha.,{}
0bfb43ba-6447-4ca6-b77c-1987a2320452,2c5b6ca1-118c-45a7-88db-09aa4fea866c,2025-04-24T15:00:00,Hemorrhoids (Arsha),"Pain during bowel movement, bleeding, swelling near anus",Vata-Pitta,Vata,6,Diabetes,Patient presents with moderate Hemorrhoids (Arsha). Season: Vasanta. Dosha predominant: Vata.,{}
b3ee92da-8234-42f3-8f89-7319d5e871a1,329eec71-6983-4994-bc45-9aac9ba8e8b8,2025-04-30T09:45:00,Skin Disorder (Kushtha),"Itching, rash, discoloration, scaling of skin",Pitta,Pitta,6,Obesity,Patient presents with moderate Skin Disorder (Kushtha). Season: Vasanta. Dosha predominant: Pitta.,{}
704ee89d-3109-4c57-9a4d-71116fafbcc0,475aae0e-af4e-4ac3-a623-7b4b3fa10fd0,2025-04-12T15:30:00,Acidity (Amlapitta),"Heartburn, sour belching, nausea, upper abdominal discomfort",Pitta,Pitta,3,Hypertension,Patient presents with mild Acidity (Amlapitta). Season: Vasanta. Dosha predominant: Pitta.,{}
0476e278-bc87-4240-91d8-5220579f43a4,6bdf1d70-531f-44b3-b456-2544d6fc76f9,2025-04-25T12:15:00,Migraine (Ardhavabhedaka),"One-sided throbbing headache, nausea, photophobia",Pitta,Pitta,6,Hypertension,Patient presents with moderate Migraine (Ardhavabhedaka). Season: Vasanta. Dosha predominant: Pitta.,{}
7f6d7ce2-785d-4f1a-8016-a49e3307b31a,1aaee3a0-3ba5-406f-baec-2ea62e2b56f3,2025-04-23T09:15:00,Skin Disorder (Kushtha),"Itching, rash, discoloration, scaling of skin",Pitta,Pitta,6,,Patient presents with moderate Skin Disorder (Kushtha). Season: Vasanta. Dosha predominant: Pitta.,{}
bce8c6b9-7de5-4a9b-952b-40aec8d02829,cb847133-7382-4518-9918-c5ad3c54080e,2025-04-18T09:00:00,Migraine (Ardhavabhedaka),"One-sided throbbing headache, nausea, photophobia",Pitta,Pitta,6,None,Patient presents with moderate Migraine (Ardhavabhedaka). Season: Vasanta. Dosha predominant: Pitta.,{}
01bd89d9-13f3-421f-ab13-a5c89b6a3a7e,80d77ae8-8006-4812-acc6-d96a9f20540b,2025-04-30T12:45:00,Migraine (Ardhavabhedaka),"One-sided throbbing headache, nausea, photophobia",Pitta,Pitta,6,Stress,Patient presents with moderate Migraine (Ardhavabhedaka). Season: Vasanta. Dosha predominant: Pitta.,{}
0e3bb5ea-5b6e-4b5f-a92e-74289b842694,5ac0ad97-4dc8-4c19-ace3-23cbee554c88,2025-04-01T09:30:00,Allergy (Sheetapitta),"Urticaria, itching, redness, runny nose, sneezing",Kapha,Kapha,3,Obesity,Patient presents with mild Allergy (Sheetapitta). Season: Vasanta. Dosha predominant: Kapha.,{}
ceef89d8-5213-4bb8-bbc6-7dada96aee19,acb6a8a1-ec1a-44ff-8b74-60c5816b414c,2025-04-10T09:15:00,Skin Disorder (Kushtha),"Itching, rash, discoloration, scaling of skin",Pitta,Pitta,6,Diabetes,Patient presents with moderate Skin Disorder (Kushtha). Season: Vasanta. Dosha predominant: Pitta.,{}
9cc90112-5d52-4e7d-9cf5-3eb9f57041e2,0af07d63-872e-4974-a6f2-d6092fb62373,2025-04-16T13:30:00,Hemorrhoids (Arsha),"Pain during bowel movement, bleeding, swelling near anus",Vata-Pitta,Vata,6,,Patient presents with moderate Hemorrhoids (Arsha). Season: Vasanta. Dosha predominant: Vata.,{}
9395a148-76a3-41f7-814c-1646fa2a6c82,b93d6a58-c904-47be-8757-39fbcc2ba754,2025-04-09T12:45:00,Allergy (Sheetapitta),"Urticaria, itching, redness, runny nose, sneezing",Kapha,Kapha,3,Obesity,Patient presents with mild Allergy (Sheetapitta). Season: Vasanta. Dosha predominant: Kapha.,{}
a3f536cf-056f-4bfa-a3dc-947232e2f5a4,1b8907f8-c801-4a84-bbb3-a6d21a4da257,2025-04-07T16:45:00,Allergy (Sheetapitta),"Urticaria, itching, redness, runny nose, sneezing",Kapha,Kapha,3,Obesity,Patient presents with mild Allergy (Sheetapitta). Season: Vasanta. Dosha predominant: Kapha.,{}
9070c496-9280-40ba-8472-d4bbaf3a32b2,222fda28-a937-4d34-9297-045360ff2bc2,2025-04-03T13:30:00,Allergy (Sheetapitta),"Urticaria, itching, redness, runny nose, sneezing",Kapha,Kapha,3,Obesity,Patient presents with mild Allergy (Sheetapitta). Season: Vasanta. Dosha predominant: Kapha.,{}
1f93f102-74f2-4951-8577-6c9e9a8cc815,1bd1a606-f0aa-477e-b5af-4465704114cb,2025-04-21T14:00:00,Migraine (Ardhavabhedaka),"One-sided throbbing headache, nausea, photophobia",Pitta,Pitta,6,Obesity,Patient presents with moderate Migraine (Ardhavabhedaka). Season: Vasanta. Dosha predominant: Pitta.,{}
91c5bbdc-66ea-494b-8769-3d1e8e1b26c5,ec2a5f5a-8f75-4def-819b-26cb5a3fe120,2025-04-09T08:45:00,Hemorrhoids (Arsha),"Pain during bowel movement, bleeding, swelling near anus",Vata-Pitta,Vata,6,Obesity,Patient presents with moderate Hemorrhoids (Arsha). Season: Vasanta. Dosha predominant: Vata.,{}
82cae99c-53b5-47de-b252-a101133af868,ed68d180-35ef-42c4-9fb5-95ca08981a13,2025-04-25T11:30:00,Allergy (Sheetapitta),"Urticaria, itching, redness, runny nose, sneezing",Kapha,Kapha,3,Obesity,Patient presents with mild Allergy (Sheetapitta). Season: Vasanta. Dosha predominant: Kapha.,{}
ce6052ef-74b1-4e5d-9c00-5812eb37be23,51d61c71-15f3-4877-83ba-54cb33c9caab,2025-04-16T15:00:00,Acidity (Amlapitta),"Heartburn, sour belching, nausea, upper abdominal discomfort",Pitta,Pitta,3,Diabetes,Patient presents with mild Acidity (Amlapitta). Season: Vasanta. Dosha predominant: Pitta.,{}
277fbed8-5c95-49c6-a834-b0e918a4eb2d,c28e46ca-bb16-40a9-a0dd-ca94f2eff858,2025-04-21T13:15:00,Skin Disorder (Kushtha),"Itching, rash, discoloration, scaling of skin",Pitta,Pitta,6,Stress,Patient presents with moderate Skin Disorder (Kushtha). Season: Vasanta. Dosha predominant: Pitta.,{}
1136fa9d-4fcd-4ec2-93ea-44ba01cf9419,b45a0641-3cff-4e1a-8bce-40a8df3fa799,2025-04-03T13:45:00,Acidity (Amlapitta),"Heartburn, sour belching, nausea, upper abdominal discomfort",Pitta,Pitta,3,Hypertension,Patient presents with mild Acidity (Amlapitta). Season: Vasanta. Dosha predominant: Pitta.,{}
9e407293-9ffc-4758-aadf-c8de90b8d703,a47d1254-7336-47cc-a6aa-5362fd16fa5d,2025-04-16T15:45:00,Migraine (Ardhavabhedaka),"One-sided throbbing headache, nausea, photophobia",Pitta,Pitta,6,Obesity,Patient presents with moderate Migraine (Ardhavabhedaka). Season: Vasanta. Dosha predominant: Pitta.,{}
cda938dd-789d-401a-8764-ec9b1644f721,4c6fa8ac-6a07-4f08-81c3-027193f6d0b9,2025-04-05T10:45:00,Hemorrhoids (Arsha),"Pain during bowel movement, bleeding, swelling near anus",Vata-Pitta,Vata,6,Obesity,Patient presents with moderate Hemorrhoids (Arsha). Season: Vasanta. Dosha predominant: Vata.,{}
f537c1ea-ddb4-4b0a-895d-429a8a3de778,08aa84de-e5ed-4482-8f62-08862965f54a,2025-04-15T09:00:00,Migraine (Ardhavabhedaka),"One-sided throbbing headache, nausea, photophobia",Pitta,Pitta,6,Obesity,Patient presents with moderate Migraine (Ardhavabhedaka). Season: Vasanta. Dosha predominant: Pitta.,{}
e558c3ea-d77c-48bb-ab50-a343ae9882eb,23017af6-e0b1-43ce-9ee4-3828ed8551f8,2025-04-19T16:30:00,Fever (Jwara),"High temperature, chills, body ache, fatigue, sweating",Pitta,Pitta,6,Stress,Patient presents with moderate Fever (Jwara). Season: Vasanta. Dosha predominant: Pitta.,{}
b64180c3-aa30-474f-b7a2-677c510d3305,f881449d-440b-40b4-800a-69f2146a47b3,2025-04-01T17:15:00,Acidity (Amlapitta),"Heartburn, sour belching, nausea, upper abdominal discomfort",Pitta,Pitta,3,Stress,Patient presents with mild Acidity (Amlapitta). Season: Vasanta. Dosha predominant: Pitta.,{}
c2ae2d96-cf13-4df7-a877-e2297d406275,daf9b6c7-3958-4620-b9c6-fbad55c01da3,2025-04-15T09:00:00,Acidity (Amlapitta),"Heartburn, sour belching, nausea, upper abdominal discomfort",Pitta,Pitta,3,Obesity,Patient presents with mild Acidity (Amlapitta). Season: Vasanta. Dosha predominant: Pitta.,{}
89dbc51b-cc20-409d-9ccc-0fedca14d1c4,3da22f31-c409-48ac-b0b8-b418d1d428c6,2025-04-28T15:00:00,Allergy (Sheetapitta),"Urticaria, itching, redness, runny nose, sneezing",Kapha,Kapha,3,Diabetes,Patient presents with mild Allergy (Sheetapitta). Season: Vasanta. Dosha predominant: Kapha.,{}
7b38985f-624e-426f-8976-ac53ce4414ac,10792a5b-0d46-4b38-a9bb-b2f2efa7f10e,2025-04-28T14:15:00,Skin Disorder (Kushtha),"Itching, rash, discoloration, scaling of skin",Pitta,Pitta,6,Diabetes,Patient presents with moderate Skin Disorder (Kushtha). Season: Vasanta. Dosha predominant: Pitta.,{}
4a171f57-a4e9-43f2-90f2-f1cea0e81101,3afcba49-65dd-46f8-9fa0-7013e56af098,2025-04-23T13:30:00,Hemorrhoids (Arsha),"Pain during bowel movement, bleeding, swelling near anus",Vata-Pitta,Vata,6,Stress,Patient presents with moderate Hemorrhoids (Arsha). Season: Vasanta. Dosha predominant: Vata.,{}
249de037-b00b-49a9-90a4-803302b387ab,fd0d50f0-aca2-4154-beba-a56f799fe71e,2025-04-22T15:15:00,Skin Disorder (Kushtha),"Itching, rash, discoloration, scaling of skin",Pitta,Pitta,6,None,Patient presents with moderate Skin Disorder (Kushtha). Season: Vasanta. Dosha predominant: Pitta.,{}
d71563d0-cd8e-47f1-a3eb-0b34040d6d35,4228045e-21df-4026-be8a-75897d5fdc33,2025-04-14T10:45:00,Hemorrhoids (Arsha),"Pain during bowel movement, bleeding, swelling near anus",Vata-Pitta,Vata,6,Diabetes,Patient presents with moderate Hemorrhoids (Arsha). Season: Vasanta. Dosha predominant: Vata.,{}
e7cd7eca-da1d-4cdf-ae88-b5471f3a108e,e3df459c-3bd3-4032-a484-eebe1a01f251,2025-04-18T12:30:00,Fever (Jwara),"High temperature, chills, body ache, fatigue, sweating",Pitta,Pitta,6,Stress,Patient presents with moderate Fever (Jwara). Season: Vasanta. Dosha predominant: Pitta.,{}
8759e52e-4f4b-4ab1-b92a-e73531e54462,879a6629-a37f-4da9-a046-c5ae1e31523e,2025-04-12T08:15:00,Fever (Jwara),"High temperature, chills, body ache, fatigue, sweating",Pitta,Pitta,6,Stress,Patient presents with moderate Fever (Jwara). Season: Vasanta. Dosha predominant: Pitta.,{}
5d08c916-d57e-4d51-a9af-8af5a0673091,1ceb4c9c-c535-4693-a6af-7c095a76efeb,2025-04-03T13:30:00,Skin Disorder (Kushtha),"Itching, rash, discoloration, scaling of skin",Pitta,Pitta,6,Diabetes,Patient presents with moderate Skin Disorder (Kushtha). Season: Vasanta. Dosha predominant: Pitta.,{}
5928c617-1cd1-4e27-859b-c94db26482df,9e0d7b33-041b-4823-8f71-fecda4c7e0e0,2025-04-29T11:15:00,Skin Disorder (Kushtha),"Itching, rash, discoloration, scaling of skin",Pitta,Pitta,6,,Patient presents with moderate Skin Disorder (Kushtha). Season: Vasanta. Dosha predominant: Pitta.,{}
1ac58674-aea4-49e2-9c18-1ea3f825a9a2,6090d357-d298-457d-880c-1319f80a8bef,2025-04-30T09:15:00,Fever (Jwara),"High temperature, chills, body ache, fatigue, sweating",Pitta,Pitta,6,None,Patient presents with moderate Fever (Jwara). Season: Vasanta. Dosha predominant: Pitta.,{}
7c2ba2ac-0df9-44ed-984b-7cfbad3b0da6,4f17519f-35af-4605-a20f-cba0dae2ee59,2025-04-23T11:15:00,Hemorrhoids (Arsha),"Pain during bowel movement, bleeding, swelling near anus",Vata-Pitta,Vata,6,Hypertension,Patient presents with moderate Hemorrhoids (Arsha). Season: Vasanta. Dosha predominant: Vata.,{}
8d5b2792-70d9-43d5-9119-94cd1789ebb4,4f17519f-35af-4605-a20f-cba0dae2ee59,2025-04-29T11:15:00,Hemorrhoids (Arsha),"Pain during bowel movement, bleeding, swelling near anus",Vata-Pitta,Vata,6,,Follow-up visit for Hemorrhoids (Arsha). Season: Vasanta.,{}
7d3aaead-b64f-413a-9cdf-838eb56e8bea,4bbe3e7a-29b3-4854-a834-562c79dbad49,2025-04-17T18:15:00,Migraine (Ardhavabhedaka),"One-sided throbbing headache, nausea, photophobia",Pitta,Pitta,6,Hypertension,Patient presents with moderate Migraine (Ardhavabhedaka). Season: Vasanta. Dosha predominant: Pitta.,{}
00fd5815-9844-480a-94ef-c9367775f369,cc3c611e-8fad-423d-9d7b-2ba115c4a103,2025-04-28T17:15:00,Acidity (Amlapitta),"Heartburn, sour belching, nausea, upper abdominal discomfort",Pitta,Pitta,3,Obesity,Patient presents with mild Acidity (Amlapitta). Season: Vasanta. Dosha predominant: Pitta.,{}
fcf6ccce-17e1-4911-9474-aae698040445,a32e273c-a03c-4579-8b40-cd1dabe1b85a,2025-04-05T08:45:00,Fever (Jwara),"High temperature, chills, body ache, fatigue, sweating",Pitta,Pitta,6,Stress,Patient presents with moderate Fever (Jwara). Season: Vasanta. Dosha predominant: Pitta.,{}
7880f48f-5239-4fb0-a3c9-c54386af18bb,1f81f015-ef0e-4b84-bc60-420f86d4281b,2025-04-04T14:45:00,Allergy (Sheetapitta),"Urticaria, itching, redness, runny nose, sneezing",Kapha,Kapha,3,Diabetes,Patient presents with mild Allergy (Sheetapitta). Season: Vasanta. Dosha predominant: Kapha.,{}
45f23d44-e2bc-47a6-bac6-87c7a2ffab97,4416e4b2-eeea-4b9f-98d0-0d23f89fcc80,2025-04-10T18:45:00,Fever (Jwara),"High temperature, chills, body ache, fatigue, sweating",Pitta,Pitta,6,Stress,Patient presents with moderate Fever (Jwara). Season: Vasanta. Dosha predominant: Pitta.,{}
43e22b41-3232-43aa-ba9d-6f9acce35e0c,4416e4b2-eeea-4b9f-98d0-0d23f89fcc80,2025-04-16T18:45:00,Fever (Jwara),"High temperature, chills, body ache, fatigue, sweating",Pitta,Pitta,6,,Follow-up visit for Fever (Jwara). Season: Vasanta.,{}
1d78fb5a-ef2a-4b40-9c36-df270a31543f,09e9310f-703f-4138-9a6a-a567754bc701,2025-04-23T16:30:00,Skin Disorder (Kushtha),"Itching, rash, discoloration, scaling of skin",Pitta,Pitta,6,Hypertension,Patient presents with moderate Skin Disorder (Kushtha). Season: Vasanta. Dosha predominant: Pitta.,{}
157c333f-a3c9-436b-861d-06a0d9f3410b,7405f515-8d14-4922-85b9-32970e01833d,2025-04-01T09:30:00,Fever (Jwara),"High temperature, chills, body ache, fatigue, sweating",Pitta,Pitta,6,,Patient presents with moderate Fever (Jwara). Season: Vasanta. Dosha predominant: Pitta.,{}
887538ce-f2b7-44c1-81ce-8f46ee6159a5,e4826804-30c0-4271-aba9-f0fa47a4d295,2025-04-14T10:30:00,Acidity (Amlapitta),"Heartburn, sour belching, nausea, upper abdominal discomfort",Pitta,Pitta,3,Hypertension,Patient presents with mild Acidity (Amlapitta). Season: Vasanta. Dosha predominant: Pitta.,{}
36091e52-8de8-4108-ae8e-9a1c490d5ca9,c981ceb4-4da5-4b89-aeaf-50903cac3ced,2025-04-29T09:15:00,Depression (Vishada),"Sadness, loss of interest, fatigue",Vata,Vata-Pitta,6,Obesity,Patient presents with moderate Depression (Vishada). Season: Vasanta. Dosha predominant: Vata-Pitta.,{}
b6126240-5bba-4c70-8c81-f7c93c2e55b5,8fc7efec-f525-4ece-94f6-0f21afc8d133,2025-04-23T17:45:00,Hypertension (Raktachaapa Vriddhi),"Headache, dizziness, chest discomfort",Pitta,Pitta,9,Hypertension,Patient presents with severe Hypertension (Raktachaapa Vriddhi). Season: Vasanta. Dosha predominant: Pitta.,{}
e3ed77fa-fdf1-4544-af92-30465b8970d6,b30ca37b-a315-4855-83d7-b9eedff50f6d,2025-04-24T13:15:00,Cystitis (Mutrakrichra),"Painful urination, frequent urge to urinate",Vata,Vata,3,,Patient presents with mild Cystitis (Mutrakrichra). Season: Vasanta. Dosha predominant: Vata.,{}
f11aee07-c419-4f5b-b468-3ab19d69819c,1eebdf3d-6820-4b80-a3a4-029a09622620,2025-04-12T10:15:00,Fatty Liver (Yakrit Meda Vriddhi),"Fatigue, mild abdominal discomfort",Kapha,Kapha-Pitta,6,,Patient presents with moderate Fatty Liver (Yakrit Meda Vriddhi). Season: Vasanta. Dosha predominant: Kapha-Pitta.,{}
100beb68-8d58-4c5b-8fb1-293967ccaf13,3e34aacc-e9f0-4706-a3b3-e518d3b39877,2025-04-23T16:15:00,Fatty Liver (Yakrit Meda Vriddhi),"Fatigue, mild abdominal discomfort",Kapha,Kapha-Pitta,6,Hypertension,Patient presents with moderate Fatty Liver (Yakrit Meda Vriddhi). Season: Vasanta. Dosha predominant: Kapha-Pitta.,{}
29b3e55e-78c0-4db9-98eb-33e235eb0521,cd1ac773-4b49-4e76-8657-0099a1661789,2025-04-20T09:15:00,Osteoarthritis (Sandhivata),"Joint pain, swelling, stiffness",Vata,Vata-Kapha,9,Diabetes,Patient presents with severe Osteoarthritis (Sandhivata). Season: Vasanta. Dosha predominant: Vata-Kapha.,{}
ce45cbe5-38f8-4909-90f9-00c68672c750,5a4729a5-b64f-405f-b900-2d70a2ff1c66,2025-04-21T08:15:00,Epilepsy (Apasmara),"Seizures, confusion, loss of consciousness",Vata,Vata,6,None,Patient presents with moderate Epilepsy (Apasmara). Season: Vasanta. Dosha predominant: Vata.,{}
a6e014ae-1301-4991-b140-09590973074f,f1804293-6d69-4cb9-ab21-183ce260b5f2,2025-04-01T11:00:00,Goiter (Galaganda),"Swelling in the neck, difficulty swallowing",Kapha,Vata-Pitta,3,Hypertension,Patient presents with mild Goiter (Galaganda). Season: Vasanta. Dosha predominant: Vata-Pitta.,{}
2dbffff2-847e-41d2-b17b-11fd052d79cf,0bda3cac-f391-4f5b-829a-12354617b820,2025-04-07T08:00:00,Ear Infection (Karna Shoola),"Ear pain, discharge, mild fever",Kapha,Kapha-Vata,3,Obesity,Patient presents with mild Ear Infection (Karna Shoola). Season: Vasanta. Dosha predominant: Kapha-Vata.,{}
61fd875f-3115-4e25-9486-d8a18359fa90,fb8f5ee9-eb28-49ae-9b13-1a79bfbe6552,2025-04-25T08:45:00,Gastritis (Urdhva Amlapitta),"Stomach pain, bloating, nausea after meals",Pitta,Pitta,6,Hypertension,Patient presents with moderate Gastritis (Urdhva Amlapitta). Season: Vasanta. Dosha predominant: Pitta.,{}
fc4bfd15-3837-4f04-a4aa-e261d7103aca,fb8f5ee9-eb28-49ae-9b13-1a79bfbe6552,2025-04-29T08:45:00,Gastritis (Urdhva Amlapitta),"Stomach pain, bloating, nausea after meals",Pitta,Pitta,6,,Follow-up visit for Gastritis (Urdhva Amlapitta). Season: Vasanta.,{}
b5b52793-a587-456c-9369-c32d304ccb07,4947f6ec-50be-4c70-af2e-95eecf006144,2025-04-13T15:45:00,Sciatica (Gridhrasi),"Lower back pain, pain radiating down the leg",Vata,Vata,3,Hypertension,Patient presents with mild Sciatica (Gridhrasi). Season: Vasanta. Dosha predominant: Vata.,{}
94858ae1-b52b-41eb-abe2-412ebd787b1d,4947f6ec-50be-4c70-af2e-95eecf006144,2025-04-19T15:45:00,Sciatica (Gridhrasi),"Lower back pain, pain radiating down the leg",Vata,Vata,3,,Follow-up visit for Sciatica (Gridhrasi). Season: Vasanta.,{}
4d1e19cf-51a1-4e65-98e6-49d516079d80,b021bb1e-6e42-419a-bcff-6dacfc1a7d5c,2025-04-09T11:00:00,Spondylosis (Griva Sandhigata Vata),"Neck or back pain, stiffness, muscle weakness",Vata,Vata,6,,Patient presents with moderate Spondylosis (Griva Sandhigata Vata). Season: Vasanta. Dosha predominant: Vata.,{}
ab78bbf9-90ec-42ed-bc8c-cec2116ecbe4,f010ef5f-b7cb-49e1-96d5-8adb1422546b,2025-04-28T08:45:00,Vitiligo (Shwitra),White patches on the skin,Pitta,Pitta-Vata,6,Diabetes,Patient presents with moderate Vitiligo (Shwitra). Season: Vasanta. Dosha predominant: Pitta-Vata.,{}
561686ad-9b0b-43c5-b2bd-bbbfd7357e78,919000b2-65aa-4505-b464-efa6d94412df,2025-04-16T15:00:00,Thyroid Disorder (Galaganda Vikara),"Fatigue, weight changes, mood swings, hair loss",Vata,Vata-Pitta,9,Stress,Patient presents with severe Thyroid Disorder (Galaganda Vikara). Season: Vasanta. Dosha predominant: Vata-Pitta.,{}
576be9d9-4ecf-4fdf-b4b6-bb62d1c7516f,fea594d1-51c1-49d5-b122-05b855ebd770,2025-04-08T12:00:00,Psoriasis (Kitibha Kushtha),"Red, inflamed skin, scales, itching",Pitta,Pitta,3,Diabetes,Patient presents with mild Psoriasis (Kitibha Kushtha). Season: Vasanta. Dosha predominant: Pitta.,{}
fa6d615b-920a-43a1-9057-27e5f74f0709,f7735153-ebdb-4a60-8d5c-ca03e17ec055,2025-04-30T10:30:00,Hypertension (Raktachaapa Vriddhi),"Headache, dizziness, chest discomfort",Pitta,Pitta,6,Obesity,Patient presents with moderate Hypertension (Raktachaapa Vriddhi). Season: Vasanta. Dosha predominant: Pitta.,{}
aec88093-2c51-4628-b8a2-76061d15f59b,ff00749e-2ae0-428b-a85a-adebe54613eb,2025-04-16T12:00:00,Tennis Elbow (Kurpara Shoola),"Elbow pain, weak grip",Vata,Vata,3,Hypertension,Patient presents with mild Tennis Elbow (Kurpara Shoola). Season: Vasanta. Dosha predominant: Vata.,{}
5dc70449-4b6c-4a51-a827-45d70d4b2123,a3640bd3-673a-4e4b-a8fa-1aa16e1a8f22,2025-04-09T13:00:00,Scoliosis (Kubjata),"Uneven shoulders, back pain, difficulty standing straight",Vata,Vata,3,Obesity,Patient presents with mild Scoliosis (Kubjata). Season: Vasanta. Dosha predominant: Vata.,{}
95661119-11f6-484c-a7fa-78595e0691d6,1888f6f7-5d27-4a5a-9f07-399bf5c9b2ed,2025-04-03T11:45:00,Ear Infection (Karna Shoola),"Ear pain, discharge, mild fever",Kapha,Kapha-Vata,6,Hypertension,Patient presents with moderate Ear Infection (Karna Shoola). Season: Vasanta. Dosha predominant: Kapha-Vata.,{}
af776543-2ab0-4ab1-9221-13abdfa52ea0,97db3500-3e60-4c91-a461-a1befdc5de8e,2025-04-11T14:30:00,Hyperthyroidism (Atisweda),"Weight loss, anxiety, tremors, rapid heartbeat",Pitta,Pitta,6,Obesity,Patient presents with moderate Hyperthyroidism (Atisweda). Season: Vasanta. Dosha predominant: Pitta.,{}
ea09f210-610a-41a6-8c9d-18e886af2c4d,433745ec-d4b7-4131-81ac-776e3c533b33,2025-04-25T17:00:00,Cystitis (Mutrakrichra),"Painful urination, frequent urge to urinate",Vata,Vata,3,,Patient presents with mild Cystitis (Mutrakrichra). Season: Vasanta. Dosha predominant: Vata.,{}
c5263a50-f93d-4a02-96d1-8161a5d72c34,be26446d-93d6-4805-ab7c-cdeeb20a2eb4,2025-04-20T16:45:00,Eczema (Vicharchika),"Itchy skin, red rashes, inflammation",Pitta,Pitta,3,,Patient presents with mild Eczema (Vicharchika). Season: Vasanta. Dosha predominant: Pitta.,{}
2f520cec-9435-4ce4-9f36-27f64ecbb048,4dd3be8c-41fa-44a5-9b76-7699fb405460,2025-04-08T08:45:00,Scoliosis (Kubjata),"Uneven shoulders, back pain, difficulty standing straight",Vata,Vata,6,None,Patient presents with moderate Scoliosis (Kubjata). Season: Vasanta. Dosha predominant: Vata.,{}
1fbce4da-8de7-4430-8764-85c1bd1a2d3c,8a353a2d-fb96-4f8e-bc81-d2f296f19176,2025-04-27T15:30:00,Osteoarthritis (Sandhivata),"Joint pain, swelling, stiffness",Vata,Vata-Kapha,3,Obesity,Patient presents with mild Osteoarthritis (Sandhivata). Season: Vasanta. Dosha predominant: Vata-Kapha.,{}
de182c6f-a1a5-4d79-a1f3-2808a4a04ead,cdff0861-7101-4d39-8c1a-38dbe3aded59,2025-04-25T14:45:00,Conjunctivitis (Netra Abhishyanda),"Red eyes, itchy eyes, eye discharge",Pitta,Pitta,6,Diabetes,Patient presents with moderate Conjunctivitis (Netra Abhishyanda). Season: Vasanta. Dosha predominant: Pitta.,{}
c6f1c22f-1b77-49a4-94a7-35c06f4f3e1f,cdff0861-7101-4d39-8c1a-38dbe3aded59,2025-04-29T14:45:00,Conjunctivitis (Netra Abhishyanda),"Red eyes, itchy eyes, eye discharge",Pitta,Pitta,6,,Follow-up visit for Conjunctivitis (Netra Abhishyanda). Season: Vasanta.,{}
ea957db4-d002-4f0e-9038-dcfe9b964c35,681e7266-003e-4fea-b8c1-50e55220cc77,2025-04-01T18:30:00,Tonsillitis (Tundikeri),"Sore throat, difficulty swallowing, fever",Kapha,Kapha-Pitta,6,None,Patient presents with moderate Tonsillitis (Tundikeri). Season: Vasanta. Dosha predominant: Kapha-Pitta.,{}
0bf72369-6cd9-4e42-bf82-c6a53635de6e,f05a9cb5-6110-4502-95e1-810ac6ab6b33,2025-04-14T14:45:00,Heart Disease (Hridroga),"Chest pain, fatigue, shortness of breath",Vata,Vata-Pitta,6,Hypertension,Patient presents with moderate Heart Disease (Hridroga). Season: Vasanta. Dosha predominant: Vata-Pitta.,{}
c07f9186-291a-4ed9-9413-8907d05ebd71,f4d5afd4-e183-4732-a4a7-866f5f2c2fc2,2025-04-25T17:00:00,Tonsillitis (Tundikeri),"Sore throat, difficulty swallowing, fever",Kapha,Kapha-Pitta,3,Obesity,Patient presents with mild Tonsillitis (Tundikeri). Season: Vasanta. Dosha predominant: Kapha-Pitta.,{}
1e694d19-b54a-4df4-b844-bb01c2f5a02a,bee20f11-3865-4feb-a005-871c0d584c67,2025-04-08T09:45:00,Cystitis (Mutrakrichra),"Painful urination, frequent urge to urinate",Vata,Vata,3,Diabetes,Patient presents with mild Cystitis (Mutrakrichra). Season: Vasanta. Dosha predominant: Vata.,{}
052508c5-d0e9-4cca-be4b-263d18d54a3c,e4826804-30c0-4271-aba9-f0fa47a4d295,2025-04-16T18:15:00,Irritable Bowel Syndrome (Grahani),"Abdominal cramps, bloating, alternating diarrhea and constipation",Vata,Vata,6,Diabetes,Patient presents with moderate Irritable Bowel Syndrome (Grahani). Season: Vasanta. Dosha predominant: Vata.,{}
58eb94cb-f0d7-4f5f-8f18-c59a6922c67b,fb8f5ee9-eb28-49ae-9b13-1a79bfbe6552,2025-04-14T14:15:00,Gingivitis (Danta Vidradhi),"Red, swollen gums, bleeding while brushing",Pitta,Pitta,6,,Patient presents with moderate Gingivitis (Danta Vidradhi). Season: Vasanta. Dosha predominant: Pitta.,{}
75e1ca26-64e9-4637-9745-05133c96aa8e,a32e273c-a03c-4579-8b40-cd1dabe1b85a,2025-04-20T11:00:00,Urinary Tract Infection (Mutradaha),"Burning urination, frequent urge, lower abdomen pain",Pitta,Pitta,6,Obesity,Patient presents with moderate Urinary Tract Infection (Mutradaha). Season: Vasanta. Dosha predominant: Pitta.,{}
bcd1bc5c-077c-4839-aa83-ae9dcbdaa6d5,dc0c1a22-90ca-42f0-ab8a-39cfd955526f,2025-04-29T12:15:00,Chronic Kidney Disease (Vrikka Vaikalya),"Fatigue, swelling, reduced urination",Vata,Vata-Pitta,6,Stress,Patient presents with moderate Chronic Kidney Disease (Vrikka Vaikalya). Season: Vasanta. Dosha predominant: Vata-Pitta.,{}
19559e5e-5280-46ed-9860-3306bc24cfa7,5b489b04-54a8-468d-ac4f-159c8d84ccbc,2025-04-28T18:15:00,Ear Infection (Karna Shoola),"Ear pain, discharge, mild fever",Kapha,Kapha-Vata,6,,Patient presents with moderate Ear Infection (Karna Shoola). Season: Vasanta. Dosha predominant: Kapha-Vata.,{}
bd9d5d56-cc1a-4985-a86b-eecd4b23fe0c,9f848fca-57e9-4bea-80b2-27b3643ba6a3,2025-04-19T08:45:00,Infertility (Vandhyatva),"Difficulty conceiving, irregular cycles",Vata,Vata-Pitta,9,,Patient presents with severe Infertility (Vandhyatva). Season: Vasanta. Dosha predominant: Vata-Pitta.,{}
35c0402b-fdaf-4666-ac7f-fb820467f1ae,f6b7380f-2a17-403a-ba0e-4fd6d89f8a89,2025-04-17T18:30:00,Liver Disorder (Yakrit Vikara),"Fatigue, loss of appetite, yellowing of the skin",Pitta,Pitta-Kapha,3,,Patient presents with mild Liver Disorder (Yakrit Vikara). Season: Vasanta. Dosha predominant: Pitta-Kapha.,{}
41b5009b-51ef-4e03-a7a7-fbbee252a1d1,17562084-958d-47fa-9dc6-e2b6ad96a638,2025-04-06T18:45:00,Hypertension (Raktachaapa Vriddhi),"Headache, dizziness, chest discomfort",Pitta,Pitta,6,,Patient presents with moderate Hypertension (Raktachaapa Vriddhi). Season: Vasanta. Dosha predominant: Pitta.,{}
77676a7c-8f57-42b6-b6b3-9112e8f8c3fe,d3a3d84a-df51-41a9-923c-be4f116333a0,2025-04-24T14:45:00,Urinary Tract Infection (Mutradaha),"Burning urination, frequent urge, lower abdomen pain",Pitta,Pitta,6,Hypertension,Patient presents with moderate Urinary Tract Infection (Mutradaha). Season: Vasanta. Dosha predominant: Pitta.,{}
60c2e641-0d81-4fb9-bb82-b9cf93d307e1,6b4b5d3c-c204-4ae7-841c-d8a9e613ea1a,2025-04-06T12:30:00,Conjunctivitis (Netra Abhishyanda),"Red eyes, itchy eyes, eye discharge",Pitta,Pitta,3,,Patient presents with mild Conjunctivitis (Netra Abhishyanda). Season: Vasanta. Dosha predominant: Pitta.,{}
5601c8f1-fd83-4142-a0ee-ccc88b80ff1e,32fb151f-1500-4802-bf2e-a28569bca551,2025-04-03T08:30:00,Burnout (Chitta Klama),"Fatigue, irritability, trouble sleeping, anxiety",Vata,Vata-Pitta,6,Hypertension,Patient presents with moderate Burnout (Chitta Klama). Season: Vasanta. Dosha predominant: Vata-Pitta.,{}
af1f41ae-6645-43e6-bce4-f6d9631f6eb6,fceb3277-55c1-4e8c-a70e-e6dbb57d54f8,2025-04-29T15:30:00,Varicose Veins (Sira Granthi),"Swollen, twisted veins, pain, heaviness in legs",Vata,Vata,9,Stress,Patient presents with severe Varicose Veins (Sira Granthi). Season: Vasanta. Dosha predominant: Vata.,{}
43233b79-1931-4b0d-98c6-8b6b8cbe0f12,cc7d2039-de65-4375-81ea-5c175caa1724,2025-04-28T12:15:00,Stress (Manasika Tanava),"Anxiety, fatigue, headaches, irritability",Vata,Vata,3,None,Patient presents with mild Stress (Manasika Tanava). Season: Vasanta. Dosha predominant: Vata.,{}
98daa193-f330-473e-b0b6-e5cf811fa635,1e7e45e5-0133-4392-a3e7-a694d154a73b,2025-04-24T12:00:00,Worm Infection (Krimi Roga),"Abdominal pain, diarrhea, weight loss, bloating",Vata,Vata,3,Stress,Patient presents with mild Worm Infection (Krimi Roga). Season: Vasanta. Dosha predominant: Vata.,{}
ac1ab739-8e0f-48c4-ac3a-b79021ab62ad,e2e19b7c-867f-43b6-9141-af8b63dab285,2025-04-09T14:45:00,Lymphoma (Granthi Arbuda),"Swollen lymph nodes, fever, night sweats, weight loss",Pitta,Pitta-Vata,6,,Patient presents with moderate Lymphoma (Granthi Arbuda). Season: Vasanta. Dosha predominant: Pitta-Vata.,{}
db123d70-546b-4bce-ba29-90d072e5b3f6,40b5a9ae-90a4-4f6c-a098-b31928f94be8,2025-04-03T13:30:00,Chikungunya (Sandhi Jwara),"Joint pain, fever, rash",Pitta,Vata-Pitta,6,Hypertension,Patient presents with moderate Chikungunya (Sandhi Jwara). Season: Vasanta. Dosha predominant: Vata-Pitta.,{}
dec3304d-73ee-4d9f-bbe7-4159043a1a18,6a627237-5674-4a07-94bd-f01bda4d24ad,2025-04-19T08:45:00,Osteoarthritis (Sandhivata),"Joint pain, swelling, stiffness",Vata,Vata-Kapha,9,Stress,Patient presents with severe Osteoarthritis (Sandhivata). Season: Vasanta. Dosha predominant: Vata-Kapha.,{}
f6f6e8f3-b87d-459b-944f-725de3ed58f6,6632d43c-3a96-476e-84b8-dcec0dde708c,2025-05-21T10:15:00,Migraine (Ardhavabhedaka),"One-sided throbbing headache, nausea, photophobia",Pitta,Pitta,6,Obesity,Patient presents with moderate Migraine (Ardhavabhedaka). Season: Grishma. Dosha predominant: Pitta.,{}
6a51f40c-b02b-4a22-baa5-f381354bd9fa,b01c2f08-620e-4003-9146-b2bc5089f338,2025-05-14T12:00:00,Skin Rash (Kushtha),"Redness, itching, inflamed patches on skin",Pitta,Pitta,3,Stress,Patient presents with mild Skin Rash (Kushtha). Season: Grishma. Dosha predominant: Pitta.,{}
8894ecbe-c9b6-4764-be82-34021dd3b4bb,aec2efec-f3f5-41b2-9577-f1bc6f1bca95,2025-05-07T16:15:00,Heat Stroke (Ushna Jwar),"High body temperature, dizziness, fainting, no sweating",Pitta,Pitta,9,Hypertension,Patient presents with severe Heat Stroke (Ushna Jwar). Season: Grishma. Dosha predominant: Pitta.,{}
a5d12569-1e0d-464a-928b-504bb38d0500,91a24ece-afbc-4ba8-952f-8dd6097940f2,2025-05-31T15:45:00,Heat Stroke (Ushna Jwar),"High body temperature, dizziness, fainting, no sweating",Pitta,Pitta,9,Diabetes,Patient presents with severe Heat Stroke (Ushna Jwar). Season: Grishma. Dosha predominant: Pitta.,{}
98ea47d1-1e46-4ac1-b91f-163304df22b4,6a627237-5674-4a07-94bd-f01bda4d24ad,2025-05-03T12:00:00,Urinary Disorder (Mutraghata),"Painful or difficult urination, lower abdomen discomfort",Pitta,Pitta,6,Diabetes,Patient presents with moderate Urinary Disorder (Mutraghata). Season: Grishma. Dosha predominant: Pitta.,{}
4b08307c-a3ce-4602-9ba3-81bac9540ffc,6a627237-5674-4a07-94bd-f01bda4d24ad,2025-05-09T12:00:00,Urinary Disorder (Mutraghata),"Painful or difficult urination, lower abdomen discomfort",Pitta,Pitta,6,,Follow-up visit for Urinary Disorder (Mutraghata). Season: Grishma.,{}
145bca62-094b-48c1-9bbe-372018063f6f,b021bb1e-6e42-419a-bcff-6dacfc1a7d5c,2025-05-21T18:45:00,Migraine (Ardhavabhedaka),"One-sided throbbing headache, nausea, photophobia",Pitta,Pitta,6,Diabetes,Patient presents with moderate Migraine (Ardhavabhedaka). Season: Grishma. Dosha predominant: Pitta.,{}
3482aed3-bdb1-4550-9c95-9f8f018d36ec,1572a1aa-b834-4a99-b93e-90463e7d1865,2025-05-27T08:45:00,Acidity (Amlapitta),"Heartburn, sour belching, nausea, upper abdominal discomfort",Pitta,Pitta,6,Stress,Patient presents with moderate Acidity (Amlapitta). Season: Grishma. Dosha predominant: Pitta.,{}
6dfa6fd3-c0a0-4ff2-b9f7-1da549ffde7c,657d2a40-8be6-4f0a-828b-592a173a22bd,2025-05-25T08:30:00,Migraine (Ardhavabhedaka),"One-sided throbbing headache, nausea, photophobia",Pitta,Pitta,6,Obesity,Patient presents with moderate Migraine (Ardhavabhedaka). Season: Grishma. Dosha predominant: Pitta.,{}
30d5450d-3a2c-461e-aec1-c307e3e87cd0,919000b2-65aa-4505-b464-efa6d94412df,2025-05-30T14:30:00,Dehydration (Trishna),"Excessive thirst, dry mouth, dizziness, fatigue",Pitta,Pitta,6,Diabetes,Patient presents with moderate Dehydration (Trishna). Season: Grishma. Dosha predominant: Pitta.,{}
80bd221e-eda5-4fb5-8e93-e70eee3e05ca,a91c5d1d-124c-4eaa-a906-a0b3a7f20bd6,2025-05-08T10:30:00,Skin Rash (Kushtha),"Redness, itching, inflamed patches on skin",Pitta,Pitta,3,Obesity,Patient presents with mild Skin Rash (Kushtha). Season: Grishma. Dosha predominant: Pitta.,{}
84005bed-58db-49f8-9b90-6b1e66c366f7,a91c5d1d-124c-4eaa-a906-a0b3a7f20bd6,2025-05-13T10:30:00,Skin Rash (Kushtha),"Redness, itching, inflamed patches on skin",Pitta,Pitta,3,,Follow-up visit for Skin Rash (Kushtha). Season: Grishma.,{}
b954250c-9805-4417-a7fa-19ccd0ae7804,d1bdd759-8b5f-4f83-87e5-b0ca4ce9b8e8,2025-05-07T10:00:00,Dehydration (Trishna),"Excessive thirst, dry mouth, dizziness, fatigue",Pitta,Pitta,6,,Patient presents with moderate Dehydration (Trishna). Season: Grishma. Dosha predominant: Pitta.,{}
fffbc133-9f65-4524-bb5f-0de948d2e4f8,ec2a5f5a-8f75-4def-819b-26cb5a3fe120,2025-05-20T17:00:00,Skin Rash (Kushtha),"Redness, itching, inflamed patches on skin",Pitta,Pitta,3,Hypertension,Patient presents with mild Skin Rash (Kushtha). Season: Grishma. Dosha predominant: Pitta.,{}
58c77f74-eb2f-463c-bb36-f7d4059b0590,96662633-21fc-4411-804d-419b305215e4,2025-05-31T12:45:00,Skin Rash (Kushtha),"Redness, itching, inflamed patches on skin",Pitta,Pitta,3,Obesity,Patient presents with mild Skin Rash (Kushtha). Season: Grishma. Dosha predominant: Pitta.,{}
6eb474f2-d7cc-45a9-8de7-dda68bd2c5bd,72b2881a-bcb0-4a20-84c1-3648ac2e2c49,2025-05-29T08:45:00,Skin Rash (Kushtha),"Redness, itching, inflamed patches on skin",Pitta,Pitta,3,Obesity,Patient presents with mild Skin Rash (Kushtha). Season: Grishma. Dosha predominant: Pitta.,{}
b1214a2e-06d5-45b7-92a9-75dce04625c7,d3e9e3ed-00ef-4cd2-9ea2-5de5ff487ba3,2025-05-06T16:30:00,Acidity (Amlapitta),"Heartburn, sour belching, nausea, upper abdominal discomfort",Pitta,Pitta,6,,Patient presents with moderate Acidity (Amlapitta). Season: Grishma. Dosha predominant: Pitta.,{}
9f486480-2741-4e60-8ae7-00f462adb8bf,e2e7ef21-a5dd-4765-903d-770a6aa7b5b8,2025-05-12T16:00:00,Migraine (Ardhavabhedaka),"One-sided throbbing headache, nausea, photophobia",Pitta,Pitta,6,Diabetes,Patient presents with moderate Migraine (Ardhavabhedaka). Season: Grishma. Dosha predominant: Pitta.,{}
fae261ec-3ba2-4714-94e7-4358d21f6c0f,abd81e42-eef4-49a8-a27d-37a25f1c35bc,2025-05-04T14:00:00,Migraine (Ardhavabhedaka),"One-sided throbbing headache, nausea, photophobia",Pitta,Pitta,6,,Patient presents with moderate Migraine (Ardhavabhedaka). Season: Grishma. Dosha predominant: Pitta.,{}
558fd6a0-3173-4bdf-ace0-42cc6cad2c41,936e7eea-1b7f-448d-808d-f30f1a0daf00,2025-05-17T08:15:00,Skin Rash (Kushtha),"Redness, itching, inflamed patches on skin",Pitta,Pitta,3,,Patient presents with mild Skin Rash (Kushtha). Season: Grishma. Dosha predominant: Pitta.,{}
8f140ce9-4baa-4a3b-9e08-8c04849f4b2f,278b17ed-0861-4cf5-b606-be2b5c4948f9,2025-05-24T08:15:00,Dehydration (Trishna),"Excessive thirst, dry mouth, dizziness, fatigue",Pitta,Pitta,6,,Patient presents with moderate Dehydration (Trishna). Season: Grishma. Dosha predominant: Pitta.,{}
1fd649b4-5bcf-45ea-9171-f8c5c530fbbd,fcb3555b-2d3e-4781-b8b7-3e79aa9bac48,2025-05-05T13:15:00,Migraine (Ardhavabhedaka),"One-sided throbbing headache, nausea, photophobia",Pitta,Pitta,6,Diabetes,Patient presents with moderate Migraine (Ardhavabhedaka). Season: Grishma. Dosha predominant: Pitta.,{}
82af6e12-02c3-4ee8-858d-858471d92805,b132388d-0113-4aa6-9960-a5bebd09ad8c,2025-05-14T11:00:00,Skin Rash (Kushtha),"Redness, itching, inflamed patches on skin",Pitta,Pitta,3,Diabetes,Patient presents with mild Skin Rash (Kushtha). Season: Grishma. Dosha predominant: Pitta.,{}
613c5be0-df38-4597-b42f-4292c2302241,95a5c4de-24b2-4b6a-a372-c1a6092bc230,2025-05-30T16:45:00,Migraine (Ardhavabhedaka),"One-sided throbbing headache, nausea, photophobia",Pitta,Pitta,6,None,Patient presents with moderate Migraine (Ardhavabhedaka). Season: Grishma. Dosha predominant: Pitta.,{}
9383d70c-d28a-4f18-bf65-6ac75b42b9c0,6b9fb090-091c-4629-b48a-908b23dd480a,2025-05-27T18:30:00,Heat Stroke (Ushna Jwar),"High body temperature, dizziness, fainting, no sweating",Pitta,Pitta,9,,Patient presents with severe Heat Stroke (Ushna Jwar). Season: Grishma. Dosha predominant: Pitta.,{}
8a82aaeb-6f13-49b4-be63-0c62f30c30ab,f86e7fbe-d8a2-4d1c-8e4e-f2cdce46a9b1,2025-05-09T13:00:00,Skin Rash (Kushtha),"Redness, itching, inflamed patches on skin",Pitta,Pitta,3,,Patient presents with mild Skin Rash (Kushtha). Season: Grishma. Dosha predominant: Pitta.,{}
7452ecd9-3a3c-42ee-b8fe-31f1d30709b0,7fe7668f-ef3d-4bc2-8b4b-183240e39098,2025-05-22T10:15:00,Dehydration (Trishna),"Excessive thirst, dry mouth, dizziness, fatigue",Pitta,Pitta,6,,Patient presents with moderate Dehydration (Trishna). Season: Grishma. Dosha predominant: Pitta.,{}
73437289-bbe6-4976-9d50-69baea06d9b0,521855db-c8fe-4aa5-a827-6e6a639330c2,2025-05-23T08:15:00,Skin Rash (Kushtha),"Redness, itching, inflamed patches on skin",Pitta,Pitta,3,None,Patient presents with mild Skin Rash (Kushtha). Season: Grishma. Dosha predominant: Pitta.,{}
5d22f63a-230a-4a0a-a71d-55b0d557537b,561498a7-3e94-47e1-96a6-42ee39b203ff,2025-05-19T14:45:00,Urinary Disorder (Mutraghata),"Painful or difficult urination, lower abdomen discomfort",Pitta,Pitta,6,Hypertension,Patient presents with moderate Urinary Disorder (Mutraghata). Season: Grishma. Dosha predominant: Pitta.,{}
2044e920-b891-4718-b039-f98150a61ecb,816dc866-ebe8-4377-b1ae-9ff8fa1be226,2025-05-24T09:30:00,Heat Stroke (Ushna Jwar),"High body temperature, dizziness, fainting, no sweating",Pitta,Pitta,9,,Patient presents with severe Heat Stroke (Ushna Jwar). Season: Grishma. Dosha predominant: Pitta.,{}
ad128a66-ed6d-41b2-853c-f5e95fbe2cc0,0eb78130-992f-4dc9-9eb4-5405ddeb8065,2025-05-08T14:45:00,Heat Stroke (Ushna Jwar),"High body temperature, dizziness, fainting, no sweating",Pitta,Pitta,9,Hypertension,Patient presents with severe Heat Stroke (Ushna Jwar). Season: Grishma. Dosha predominant: Pitta.,{}
97e5b19b-6d3a-4cec-ac27-a14c9a9ac22e,9a7c3a9f-6688-4f36-a0c5-a0c643f86397,2025-05-01T16:00:00,Skin Rash (Kushtha),"Redness, itching, inflamed patches on skin",Pitta,Pitta,3,Stress,Patient presents with mild Skin Rash (Kushtha). Season: Grishma. Dosha predominant: Pitta.,{}
3294faac-200d-4172-96b8-14ff5d087b54,9ae4e38b-d76c-4ff6-8c11-94a6dea6e825,2025-05-12T08:30:00,Heat Stroke (Ushna Jwar),"High body temperature, dizziness, fainting, no sweating",Pitta,Pitta,9,Diabetes,Patient presents with severe Heat Stroke (Ushna Jwar). Season: Grishma. Dosha predominant: Pitta.,{}
126d2abc-b986-4187-a130-44ccf95b6784,d53538f7-b819-4bb2-9ca1-2ed43062ad1e,2025-05-26T14:00:00,Migraine (Ardhavabhedaka),"One-sided throbbing headache, nausea, photophobia",Pitta,Pitta,6,None,Patient presents with moderate Migraine (Ardhavabhedaka). Season: Grishma. Dosha predominant: Pitta.,{}
481dd955-ee4d-490a-916e-f290645076de,d41e7c32-1817-4d39-ac7f-627362a28d5e,2025-05-08T12:15:00,Urinary Disorder (Mutraghata),"Painful or difficult urination, lower abdomen discomfort",Pitta,Pitta,6,Stress,Patient presents with moderate Urinary Disorder (Mutraghata). Season: Grishma. Dosha predominant: Pitta.,{}
3781adf4-cd10-4dec-83dd-66a5bf311c9d,6e0cf555-9007-43cd-98eb-1e34d984c38b,2025-05-01T16:00:00,Heat Stroke (Ushna Jwar),"High body temperature, dizziness, fainting, no sweating",Pitta,Pitta,9,,Patient presents with severe Heat Stroke (Ushna Jwar). Season: Grishma. Dosha predominant: Pitta.,{}
7927eabd-982c-483d-8889-a528243847da,55e961ec-5a0c-47b2-b675-c37a3c3836c1,2025-05-06T10:30:00,Dehydration (Trishna),"Excessive thirst, dry mouth, dizziness, fatigue",Pitta,Pitta,6,None,Patient presents with moderate Dehydration (Trishna). Season: Grishma. Dosha predominant: Pitta.,{}
14a2e491-fb37-4313-b714-44a4692663ec,b7b3f2ca-7786-42cd-b1d9-c40140828041,2025-05-26T10:30:00,Dehydration (Trishna),"Excessive thirst, dry mouth, dizziness, fatigue",Pitta,Pitta,6,Diabetes,Patient presents with moderate Dehydration (Trishna). Season: Grishma. Dosha predominant: Pitta.,{}
9f59f565-5ce1-44f5-8fc4-1f0edb4cc575,2080eba4-fd00-4c33-9228-ff92981a6306,2025-05-05T13:00:00,Dehydration (Trishna),"Excessive thirst, dry mouth, dizziness, fatigue",Pitta,Pitta,6,Diabetes,Patient presents with moderate Dehydration (Trishna). Season: Grishma. Dosha predominant: Pitta.,{}
f4aea494-eea6-430c-a1a4-6894a1e759a2,a3640bd3-673a-4e4b-a8fa-1aa16e1a8f22,2025-05-20T09:45:00,Urinary Disorder (Mutraghata),"Painful or difficult urination, lower abdomen discomfort",Pitta,Pitta,6,None,Patient presents with moderate Urinary Disorder (Mutraghata). Season: Grishma. Dosha predominant: Pitta.,{}
908d1a41-2d93-46d0-9ae6-5f8b29c83167,4ea275f1-c2f9-4bd0-945d-35e83e9ab232,2025-05-03T11:30:00,Skin Rash (Kushtha),"Redness, itching, inflamed patches on skin",Pitta,Pitta,3,,Patient presents with mild Skin Rash (Kushtha). Season: Grishma. Dosha predominant: Pitta.,{}
5337f0a7-e7c7-492b-9409-0a1b86839487,76609f2a-22ce-4d20-aebf-1cc021eab18e,2025-05-30T15:00:00,Skin Rash (Kushtha),"Redness, itching, inflamed patches on skin",Pitta,Pitta,3,,Patient presents with mild Skin Rash (Kushtha). Season: Grishma. Dosha predominant: Pitta.,{}
1193cee9-2015-479e-b249-354798acbad7,b56996c2-8d55-43ee-a273-08fb3b9a9e41,2025-05-23T17:15:00,Skin Rash (Kushtha),"Redness, itching, inflamed patches on skin",Pitta,Pitta,3,Hypertension,Patient presents with mild Skin Rash (Kushtha). Season: Grishma. Dosha predominant: Pitta.,{}
e7f61591-1c96-484d-baa3-248de03722b8,1b8907f8-c801-4a84-bbb3-a6d21a4da257,2025-05-13T08:30:00,Migraine (Ardhavabhedaka),"One-sided throbbing headache, nausea, photophobia",Pitta,Pitta,6,,Patient presents with moderate Migraine (Ardhavabhedaka). Season: Grishma. Dosha predominant: Pitta.,{}
e6360c72-ac59-4c9d-8416-669e23f3d2c0,1535ee5a-0d55-461c-b6a7-728d12046189,2025-05-27T18:00:00,Skin Rash (Kushtha),"Redness, itching, inflamed patches on skin",Pitta,Pitta,3,Diabetes,Patient presents with mild Skin Rash (Kushtha). Season: Grishma. Dosha predominant: Pitta.,{}
a2de47dc-b4ba-450e-9aad-3288280037e2,2647f102-7112-46dd-b7d9-de7ebcdaec36,2025-05-23T15:15:00,Acidity (Amlapitta),"Heartburn, sour belching, nausea, upper abdominal discomfort",Pitta,Pitta,6,Obesity,Patient presents with moderate Acidity (Amlapitta). Season: Grishma. Dosha predominant: Pitta.,{}
9ff016e2-3dc6-4125-9496-d4babd8ef906,bd111b70-a218-4bca-9bd0-23d8b2814665,2025-05-24T14:45:00,Skin Rash (Kushtha),"Redness, itching, inflamed patches on skin",Pitta,Pitta,3,Diabetes,Patient presents with mild Skin Rash (Kushtha). Season: Grishma. Dosha predominant: Pitta.,{}
7ae24a7a-a864-4857-90ca-e06b322c69bd,e5c3032d-9884-4779-a577-8c0bc29ce0c7,2025-05-23T13:15:00,Acidity (Amlapitta),"Heartburn, sour belching, nausea, upper abdominal discomfort",Pitta,Pitta,6,None,Patient presents with moderate Acidity (Amlapitta). Season: Grishma. Dosha predominant: Pitta.,{}
878cfe33-6f06-418c-a0f5-89012233b254,110486cb-89d7-4fc5-9304-4fd3c9a914d9,2025-05-24T10:30:00,Acidity (Amlapitta),"Heartburn, sour belching, nausea, upper abdominal discomfort",Pitta,Pitta,6,,Patient presents with moderate Acidity (Amlapitta). Season: Grishma. Dosha predominant: Pitta.,{}
4c43e5b9-a830-4e64-b69f-5734ce3001df,110486cb-89d7-4fc5-9304-4fd3c9a914d9,2025-05-29T10:30:00,Acidity (Amlapitta),"Heartburn, sour belching, nausea, upper abdominal discomfort",Pitta,Pitta,6,,Follow-up visit for Acidity (Amlapitta). Season: Grishma.,{}
652abde0-a22a-471c-ab0f-61685906428d,241e65cf-ac9d-4b5a-af47-b8641a48d384,2025-05-10T09:30:00,Skin Rash (Kushtha),"Redness, itching, inflamed patches on skin",Pitta,Pitta,3,,Patient presents with mild Skin Rash (Kushtha). Season: Grishma. Dosha predominant: Pitta.,{}
c3d1d5b6-902f-4e12-8ca7-48971a603f98,3c692c45-3ea3-48a5-b49d-a253ec2a185a,2025-05-02T16:15:00,Migraine (Ardhavabhedaka),"One-sided throbbing headache, nausea, photophobia",Pitta,Pitta,6,Diabetes,Patient presents with moderate Migraine (Ardhavabhedaka). Season: Grishma. Dosha predominant: Pitta.,{}
db049b89-c3c1-46a1-a75b-f618c0056372,2859a253-a766-4e3d-b8eb-8a952727637b,2025-05-23T10:15:00,Dehydration (Trishna),"Excessive thirst, dry mouth, dizziness, fatigue",Pitta,Pitta,6,Hypertension,Patient presents with moderate Dehydration (Trishna). Season: Grishma. Dosha predominant: Pitta.,{}
6016f583-06f1-420f-904e-7fbffe7e2f39,ff85b342-6b1a-4fad-8c2d-ab2e57df6db2,2025-05-15T15:00:00,Skin Rash (Kushtha),"Redness, itching, inflamed patches on skin",Pitta,Pitta,3,Obesity,Patient presents with mild Skin Rash (Kushtha). Season: Grishma. Dosha predominant: Pitta.,{}
783c82a5-90eb-404e-ac58-ae9f5a7f28eb,f2b03105-b124-49bd-ab07-249f0413e859,2025-05-20T09:00:00,Skin Rash (Kushtha),"Redness, itching, inflamed patches on skin",Pitta,Pitta,3,Hypertension,Patient presents with mild Skin Rash (Kushtha). Season: Grishma. Dosha predominant: Pitta.,{}
23d91ce1-4e0d-4bc7-980f-382193c7a963,4416e4b2-eeea-4b9f-98d0-0d23f89fcc80,2025-05-25T13:15:00,Dehydration (Trishna),"Excessive thirst, dry mouth, dizziness, fatigue",Pitta,Pitta,6,Stress,Patient presents with moderate Dehydration (Trishna). Season: Grishma. Dosha predominant: Pitta.,{}
056bb528-e643-4e95-b2ab-52af83be6c1b,4416e4b2-eeea-4b9f-98d0-0d23f89fcc80,2025-05-27T13:15:00,Dehydration (Trishna),"Excessive thirst, dry mouth, dizziness, fatigue",Pitta,Pitta,6,,Follow-up visit for Dehydration (Trishna). Season: Grishma.,{}
c82b9ad7-5991-4526-b7cd-28f0df8c875a,81a9595e-f9fa-4798-b57a-6411305979d7,2025-05-13T16:30:00,Acidity (Amlapitta),"Heartburn, sour belching, nausea, upper abdominal discomfort",Pitta,Pitta,6,,Patient presents with moderate Acidity (Amlapitta). Season: Grishma. Dosha predominant: Pitta.,{}
e2d5a451-486f-4920-8abc-028dfc036794,fddd652b-0e02-426b-bb0d-2a92f9a6f39d,2025-05-19T09:15:00,Dehydration (Trishna),"Excessive thirst, dry mouth, dizziness, fatigue",Pitta,Pitta,6,Obesity,Patient presents with moderate Dehydration (Trishna). Season: Grishma. Dosha predominant: Pitta.,{}
d234171b-06f6-48cd-bc54-21b53a7dc369,da107e8b-0fce-4d30-acb4-2d9b6cc0d44c,2025-05-29T16:45:00,Skin Rash (Kushtha),"Redness, itching, inflamed patches on skin",Pitta,Pitta,3,,Patient presents with mild Skin Rash (Kushtha). Season: Grishma. Dosha predominant: Pitta.,{}
873f11a7-4430-48db-8d32-e470b6ee85d4,799bcd34-abdd-40f8-9548-c62076b40398,2025-05-07T10:15:00,Dehydration (Trishna),"Excessive thirst, dry mouth, dizziness, fatigue",Pitta,Pitta,6,Hypertension,Patient presents with moderate Dehydration (Trishna). Season: Grishma. Dosha predominant: Pitta.,{}
95825c41-560c-4d46-bf74-1e7e9981fc09,052cfeae-2d1b-48d0-8c23-06c701cd0a0d,2025-05-20T16:30:00,Heat Stroke (Ushna Jwar),"High body temperature, dizziness, fainting, no sweating",Pitta,Pitta,9,Hypertension,Patient presents with severe Heat Stroke (Ushna Jwar). Season: Grishma. Dosha predominant: Pitta.,{}
9f42f2d7-86fd-460d-be0b-22b3cb8ba305,b70b6866-fc93-49b0-82ff-5829d7478c5e,2025-05-22T12:45:00,Migraine (Ardhavabhedaka),"One-sided throbbing headache, nausea, photophobia",Pitta,Pitta,6,Obesity,Patient presents with moderate Migraine (Ardhavabhedaka). Season: Grishma. Dosha predominant: Pitta.,{}
c5749819-d6df-468f-a293-4cf9a63d2855,3793ac91-3818-48db-914a-3e766d6aca47,2025-05-05T10:15:00,Migraine (Ardhavabhedaka),"One-sided throbbing headache, nausea, photophobia",Pitta,Pitta,6,,Patient presents with moderate Migraine (Ardhavabhedaka). Season: Grishma. Dosha predominant: Pitta.,{}
0a4465fd-66be-4b6d-94ab-530b9890ac95,db0de662-dbfb-4d5c-82a8-4c023a91c8a4,2025-05-22T11:30:00,Heat Stroke (Ushna Jwar),"High body temperature, dizziness, fainting, no sweating",Pitta,Pitta,9,Obesity,Patient presents with severe Heat Stroke (Ushna Jwar). Season: Grishma. Dosha predominant: Pitta.,{}
75b35eae-61e0-4035-b415-c0e5c07481d1,db0de662-dbfb-4d5c-82a8-4c023a91c8a4,2025-05-26T11:30:00,Heat Stroke (Ushna Jwar),"High body temperature, dizziness, fainting, no sweating",Pitta,Pitta,9,,Follow-up visit for Heat Stroke (Ushna Jwar). Season: Grishma.,{}
2e9cc49a-1430-47d9-a048-fc9aa66aef1f,b24372cb-0bf9-463e-b70e-5cb1c24a300e,2025-05-22T17:30:00,Migraine (Ardhavabhedaka),"One-sided throbbing headache, nausea, photophobia",Pitta,Pitta,6,Stress,Patient presents with moderate Migraine (Ardhavabhedaka). Season: Grishma. Dosha predominant: Pitta.,{}
f6ccc685-0a62-4705-839c-b84179b3d576,ae306701-4121-4429-9755-8aa83694a025,2025-05-27T08:15:00,Heat Stroke (Ushna Jwar),"High body temperature, dizziness, fainting, no sweating",Pitta,Pitta,9,,Patient presents with severe Heat Stroke (Ushna Jwar). Season: Grishma. Dosha predominant: Pitta.,{}
04da88c4-48fc-4aa2-b821-38cf05a5d810,2cc5a09b-75f3-42dd-a323-981481ada4e4,2025-05-13T12:30:00,Urinary Disorder (Mutraghata),"Painful or difficult urination, lower abdomen discomfort",Pitta,Pitta,6,Diabetes,Patient presents with moderate Urinary Disorder (Mutraghata). Season: Grishma. Dosha predominant: Pitta.,{}
b0be2045-fd0f-4161-8f10-8d6d23746aa0,46bd71d5-b6ec-41ce-9c66-44ba18b33e6e,2025-05-15T12:00:00,Acidity (Amlapitta),"Heartburn, sour belching, nausea, upper abdominal discomfort",Pitta,Pitta,6,Diabetes,Patient presents with moderate Acidity (Amlapitta). Season: Grishma. Dosha predominant: Pitta.,{}
b6df9c8e-5f2b-4eb9-b0cb-ec1399d472a8,9fd0404f-3a5b-47cd-8f23-7a38da6ec1e1,2025-05-02T09:45:00,Skin Rash (Kushtha),"Redness, itching, inflamed patches on skin",Pitta,Pitta,3,Hypertension,Patient presents with mild Skin Rash (Kushtha). Season: Grishma. Dosha predominant: Pitta.,{}
e9534701-d783-4cf6-b1b9-27db94c30ecf,11bf2eac-aa7a-4ba7-bbce-d04555359cd7,2025-05-20T12:00:00,Migraine (Ardhavabhedaka),"One-sided throbbing headache, nausea, photophobia",Pitta,Pitta,6,Obesity,Patient presents with moderate Migraine (Ardhavabhedaka). Season: Grishma. Dosha predominant: Pitta.,{}
8dea4ab7-5ebc-4d7b-a188-c0718dbe6c2e,4509f805-7e61-4658-9f69-2b3d8206ae47,2025-05-15T08:00:00,Skin Rash (Kushtha),"Redness, itching, inflamed patches on skin",Pitta,Pitta,3,None,Patient presents with mild Skin Rash (Kushtha). Season: Grishma. Dosha predominant: Pitta.,{}
92c1a8f1-e2dd-4b69-9df2-ca3b66e729bc,6e790b3b-331d-4e1f-9a80-897f720c0cd0,2025-05-13T10:00:00,Migraine (Ardhavabhedaka),"One-sided throbbing headache, nausea, photophobia",Pitta,Pitta,6,Stress,Patient presents with moderate Migraine (Ardhavabhedaka). Season: Grishma. Dosha predominant: Pitta.,{}
480e512f-16f8-42cf-bcf0-26368e5a6857,ef288a4a-96e6-4c3e-94f5-96bc406e0134,2025-05-02T12:00:00,Skin Rash (Kushtha),"Redness, itching, inflamed patches on skin",Pitta,Pitta,3,Stress,Patient presents with mild Skin Rash (Kushtha). Season: Grishma. Dosha predominant: Pitta.,{}
28789f0a-e044-4431-b4f3-2c27836c8531,4e6f468d-6358-4376-aa1c-a68066dbebb8,2025-05-18T09:15:00,Skin Rash (Kushtha),"Redness, itching, inflamed patches on skin",Pitta,Pitta,3,None,Patient presents with mild Skin Rash (Kushtha). Season: Grishma. Dosha predominant: Pitta.,{}
5d3d11ea-6fd6-4d49-86c4-fac46bc59a69,6d24b306-4259-41cd-ade2-c841be7f108b,2025-05-22T12:00:00,Dehydration (Trishna),"Excessive thirst, dry mouth, dizziness, fatigue",Pitta,Pitta,6,Hypertension,Patient presents with moderate Dehydration (Trishna). Season: Grishma. Dosha predominant: Pitta.,{}
44b67862-0622-4753-86a6-bb8b836b57f9,f7735153-ebdb-4a60-8d5c-ca03e17ec055,2025-05-17T10:45:00,Urinary Disorder (Mutraghata),"Painful or difficult urination, lower abdomen discomfort",Pitta,Pitta,6,Diabetes,Patient presents with moderate Urinary Disorder (Mutraghata). Season: Grishma. Dosha predominant: Pitta.,{}
b409e7cc-e356-41fe-827a-16823bf7a60b,b70b6866-fc93-49b0-82ff-5829d7478c5e,2025-05-19T10:30:00,Skin Rash (Kushtha),"Redness, itching, inflamed patches on skin",Pitta,Pitta,3,Hypertension,Patient presents with mild Skin Rash (Kushtha). Season: Grishma. Dosha predominant: Pitta.,{}
6d40ed2e-7da7-4397-a7ef-26ba6b48ecc4,1e7e45e5-0133-4392-a3e7-a694d154a73b,2025-05-21T15:30:00,Urinary Disorder (Mutraghata),"Painful or difficult urination, lower abdomen discomfort",Pitta,Pitta,6,Diabetes,Patient presents with moderate Urinary Disorder (Mutraghata). Season: Grishma. Dosha predominant: Pitta.,{}
df2630bd-3244-4143-81b0-bf7a0adb8bea,3b7c7c29-638b-4ef4-a322-c0b42d0d89cf,2025-05-09T18:15:00,Dehydration (Trishna),"Excessive thirst, dry mouth, dizziness, fatigue",Pitta,Pitta,6,Stress,Patient presents with moderate Dehydration (Trishna). Season: Grishma. Dosha predominant: Pitta.,{}
375ae142-9075-466e-b890-82b44d9c189e,98321cdc-abcd-42c7-9f17-b906cbfb79f8,2025-05-19T10:15:00,Skin Rash (Kushtha),"Redness, itching, inflamed patches on skin",Pitta,Pitta,3,None,Patient presents with mild Skin Rash (Kushtha). Season: Grishma. Dosha predominant: Pitta.,{}
9da040c6-ab9f-4ca0-8fc7-40c24c5f5e33,dd6e8020-d86b-4d96-bd46-95f11d7b4265,2025-05-15T15:30:00,Skin Rash (Kushtha),"Redness, itching, inflamed patches on skin",Pitta,Pitta,3,Hypertension,Patient presents with mild Skin Rash (Kushtha). Season: Grishma. Dosha predominant: Pitta.,{}
e7bf82ac-e32c-4839-a102-57c218b101c9,6e61c4d6-37e1-48eb-b390-4e989d4a5a91,2025-05-31T18:00:00,Acidity (Amlapitta),"Heartburn, sour belching, nausea, upper abdominal discomfort",Pitta,Pitta,6,Stress,Patient presents with moderate Acidity (Amlapitta). Season: Grishma. Dosha predominant: Pitta.,{}
6586e859-c3ca-4904-9c6b-2f9cb33da97d,f6b7380f-2a17-403a-ba0e-4fd6d89f8a89,2025-05-20T17:00:00,Pharyngitis (Galashotha),"Sore throat, dry cough, hoarseness",Kapha,Kapha,3,Obesity,Patient presents with mild Pharyngitis (Galashotha). Season: Grishma. Dosha predominant: Kapha.,{}
b09316f6-3731-4d36-b136-d03ac25439bc,4fb9fb01-2835-4f9b-ad64-f9f690562be8,2025-05-28T11:45:00,Hyperlipidemia (Medo Vriddhi),"Elevated cholesterol, fatigue, chest heaviness",Kapha,Kapha,3,,Patient presents with mild Hyperlipidemia (Medo Vriddhi). Season: Grishma. Dosha predominant: Kapha.,{}
16a6d246-4bb0-4a5f-b6c5-4d315471be84,71ea6e60-7682-4ad2-bcdb-684c24439b95,2025-05-21T08:30:00,Cystitis (Mutrakrichra),"Painful urination, frequent urge to urinate",Vata,Vata,6,,Patient presents with moderate Cystitis (Mutrakrichra). Season: Grishma. Dosha predominant: Vata.,{}
96565209-4a0d-4119-ac7b-1ef63536e319,b8c2f23f-7205-4ce2-b408-163f542bd7b2,2025-05-31T16:00:00,Eczema (Vicharchika),"Itchy skin, red rashes, inflammation",Pitta,Pitta,3,,Patient presents with mild Eczema (Vicharchika). Season: Grishma. Dosha predominant: Pitta.,{}
34dab4cc-5b72-4d19-b497-8073d606cf52,e2e19b7c-867f-43b6-9141-af8b63dab285,2025-05-16T17:45:00,Amebiasis (Pittaja Atisara),"Abdominal pain, diarrhea, fever",Pitta,Pitta-Kapha,6,Diabetes,Patient presents with moderate Amebiasis (Pittaja Atisara). Season: Grishma. Dosha predominant: Pitta-Kapha.,{}
a6b4ea0f-2b38-4ec0-a6fe-0fcdc7261633,067ebc07-3cac-4907-8604-747cc35f720f,2025-05-15T09:15:00,Menstrual Disorder (Artava Dushti),"Irregular periods, heavy bleeding, cramps",Vata,Vata-Pitta,9,Hypertension,Patient presents with severe Menstrual Disorder (Artava Dushti). Season: Grishma. Dosha predominant: Vata-Pitta.,{}
030c914e-a341-4ed9-843d-cc9e6126821a,01d1fa93-bd3f-44b0-b8a1-81b87e0e7564,2025-05-17T10:45:00,Sinusitis (Apinasa),"Nasal congestion, facial pain, headaches",Kapha,Vata-Kapha,3,None,Patient presents with mild Sinusitis (Apinasa). Season: Grishma. Dosha predominant: Vata-Kapha.,{}
e70a8097-ee51-4601-b442-c00592a87c33,afd4dacb-cf1f-4aff-bae3-79b29d3c1d07,2025-05-28T08:45:00,Conjunctivitis (Netra Abhishyanda),"Red eyes, itchy eyes, eye discharge",Pitta,Pitta,9,Stress,Patient presents with severe Conjunctivitis (Netra Abhishyanda). Season: Grishma. Dosha predominant: Pitta.,{}
8c61a848-2c53-4e4a-9c1e-9e02f20ea324,c92e0fc7-3198-4532-b141-b1bbc2e34a9a,2025-05-14T12:45:00,Vertigo (Bhrama),"Dizziness, spinning sensation, nausea",Vata,Vata-Pitta,6,None,Patient presents with moderate Vertigo (Bhrama). Season: Grishma. Dosha predominant: Vata-Pitta.,{}
d9460033-5ec8-4438-9892-5e6a58b84f64,406c7e48-9304-446f-b8e1-725230853684,2025-05-08T11:30:00,Menstrual Disorder (Artava Dushti),"Irregular periods, heavy bleeding, cramps",Vata,Vata-Pitta,9,Obesity,Patient presents with severe Menstrual Disorder (Artava Dushti). Season: Grishma. Dosha predominant: Vata-Pitta.,{}
1d15d3cc-285c-4950-b4dd-8a9ad2bb6983,0607d575-d9a3-421c-aa70-86cbfe8b59f4,2025-05-20T18:30:00,Osteoporosis (Asthi Kshaya),"Fragile bones, fractures, height loss",Vata,Vata,6,,Patient presents with moderate Osteoporosis (Asthi Kshaya). Season: Grishma. Dosha predominant: Vata.,{}
a5d225c9-c241-414a-8952-49c2d91504ea,e6a2e7dd-0b14-4a98-ae59-996686f54bcd,2025-05-12T16:15:00,Pharyngitis (Galashotha),"Sore throat, dry cough, hoarseness",Kapha,Kapha,3,Diabetes,Patient presents with mild Pharyngitis (Galashotha). Season: Grishma. Dosha predominant: Kapha.,{}
95e0da33-568c-47e5-a652-4405a563d9d2,20331df7-0754-45ff-80e8-a441eef41dc7,2025-05-02T14:45:00,Chikungunya (Sandhi Jwara),"Joint pain, fever, rash",Pitta,Vata-Pitta,9,,Patient presents with severe Chikungunya (Sandhi Jwara). Season: Grishma. Dosha predominant: Vata-Pitta.,{}
018a4815-5dde-4fe4-8bd5-fb3be4751818,83dacb16-5e0b-4d52-8df6-19f9ab44dcde,2025-05-08T12:30:00,Heart Disease (Hridroga),"Chest pain, fatigue, shortness of breath",Vata,Vata-Pitta,9,Obesity,Patient presents with severe Heart Disease (Hridroga). Season: Grishma. Dosha predominant: Vata-Pitta.,{}
150ca04e-4482-413f-b053-35ff14a1101e,e1cee793-006f-47b4-9577-96447819dc3b,2025-05-23T14:30:00,Mumps (Karnamoola Shotha),"Swollen salivary glands, fever, jaw pain",Kapha,Kapha,9,Hypertension,Patient presents with severe Mumps (Karnamoola Shotha). Season: Grishma. Dosha predominant: Kapha.,{}
ce8a7230-96e3-4661-8c71-77b743b15eff,ea941aad-c397-4656-bd2d-d1e4ca74eec0,2025-05-30T13:45:00,Gout (Vatarakta),"Joint pain, swelling, redness in the big toe",Pitta,Vata-Pitta,3,Hypertension,Patient presents with mild Gout (Vatarakta). Season: Grishma. Dosha predominant: Vata-Pitta.,{}
32504d19-8a0d-47d5-8de5-05894d65846c,1a17d497-cd2e-42e9-b5b5-22873db11016,2025-05-02T17:00:00,Angina (Hrit Shoola),"Chest pain, shortness of breath, dizziness",Vata,Vata-Kapha,9,Diabetes,Patient presents with severe Angina (Hrit Shoola). Season: Grishma. Dosha predominant: Vata-Kapha.,{}
f4ad3363-1457-4cf8-9055-9a5276532099,1888f6f7-5d27-4a5a-9f07-399bf5c9b2ed,2025-05-12T16:30:00,Peptic Ulcer (Parinama Shoola),"Burning stomach pain, bloating, nausea",Pitta,Pitta,9,Stress,Patient presents with severe Peptic Ulcer (Parinama Shoola). Season: Grishma. Dosha predominant: Pitta.,{}
997c45d3-780a-4aeb-9be1-86f83c20d3a8,9794940b-e5ef-4b76-b611-e0a5df9ef8ec,2025-05-15T12:45:00,Eczema (Vicharchika),"Itchy skin, red rashes, inflammation",Pitta,Pitta,6,Stress,Patient presents with moderate Eczema (Vicharchika). Season: Grishma. Dosha predominant: Pitta.,{}
26a44753-2da0-4bc8-b402-800e0216f778,9027b642-6669-4e5d-9de9-6197e231bf03,2025-05-04T09:45:00,Sinusitis (Apinasa),"Nasal congestion, facial pain, headaches",Kapha,Vata-Kapha,9,None,Patient presents with severe Sinusitis (Apinasa). Season: Grishma. Dosha predominant: Vata-Kapha.,{}
90cd6e33-3f0c-4be5-9624-0316176cbf6a,b090dcec-dc65-48cd-8bb3-e10ba922eed2,2025-05-08T12:30:00,Stress (Manasika Tanava),"Anxiety, fatigue, headaches, irritability",Vata,Vata,9,,Patient presents with severe Stress (Manasika Tanava). Season: Grishma. Dosha predominant: Vata.,{}
6d866c73-de14-457e-8d0f-93fd132bfa50,4a13bf4f-03a9-451f-ae11-e54a099b2603,2025-05-19T10:45:00,Hyperthyroidism (Atisweda),"Weight loss, anxiety, tremors, rapid heartbeat",Pitta,Pitta,3,None,Patient presents with mild Hyperthyroidism (Atisweda). Season: Grishma. Dosha predominant: Pitta.,{}
34701237-2520-4025-adfa-85b5b436b534,4a13bf4f-03a9-451f-ae11-e54a099b2603,2025-05-25T10:45:00,Hyperthyroidism (Atisweda),"Weight loss, anxiety, tremors, rapid heartbeat",Pitta,Pitta,3,,Follow-up visit for Hyperthyroidism (Atisweda). Season: Grishma.,{}
e49725ff-7b62-4686-bc6b-c19c8b009f14,b9cc8b32-8d6f-49dc-ad9a-1c8db1abe0b7,2025-05-18T11:45:00,Vitiligo (Shwitra),White patches on the skin,Pitta,Pitta-Vata,9,,Patient presents with severe Vitiligo (Shwitra). Season: Grishma. Dosha predominant: Pitta-Vata.,{}
340828f7-d908-48bd-b98a-2e367e8b729e,ef288a4a-96e6-4c3e-94f5-96bc406e0134,2025-05-13T11:30:00,Digestive Disorder (Vikara),"Bloating, nausea, indigestion, discomfort after eating",Pitta,Pitta-Vata,9,Hypertension,Patient presents with severe Digestive Disorder (Vikara). Season: Grishma. Dosha predominant: Pitta-Vata.,{}
236c3d72-a563-4334-84cb-0b6071ed1d75,5814e1dc-d0e2-4f4d-98ca-44720ea1c7f5,2025-05-23T14:15:00,Irritable Bowel Syndrome (Grahani),"Abdominal cramps, bloating, alternating diarrhea and constipation",Vata,Vata,9,,Patient presents with severe Irritable Bowel Syndrome (Grahani). Season: Grishma. Dosha predominant: Vata.,{}
802df6b1-2173-44cc-9f25-2a71cf501405,b16790cc-1c02-4203-b2c9-7bf3bbc6dce8,2025-05-13T12:30:00,Liver Disorder (Yakrit Vikara),"Fatigue, loss of appetite, yellowing of the skin",Pitta,Pitta-Kapha,6,,Patient presents with moderate Liver Disorder (Yakrit Vikara). Season: Grishma. Dosha predominant: Pitta-Kapha.,{}
1c8100e6-8812-4133-99f6-0f79107fc9ac,dc0c1a22-90ca-42f0-ab8a-39cfd955526f,2025-05-26T09:45:00,Eczema (Vicharchika),"Itchy skin, red rashes, inflammation",Pitta,Pitta,6,None,Patient presents with moderate Eczema (Vicharchika). Season: Grishma. Dosha predominant: Pitta.,{}
f838e9e7-116d-491b-93a1-23cb1f7d78bb,f37e73f3-fb04-487c-ac16-cf2cb4242a12,2025-05-12T10:15:00,Contact Dermatitis (Sparshaja Kushtha),"Redness, itching, swelling",Pitta,Pitta,6,None,Patient presents with moderate Contact Dermatitis (Sparshaja Kushtha). Season: Grishma. Dosha predominant: Pitta.,{}
4ebe9917-d92d-4ce2-ab28-44697394dc79,f6e215b9-1922-4ac2-8985-9ef28012368d,2025-05-10T10:30:00,Typhoid (Antrika Jwara),"Prolonged fever, weakness, abdominal pain",Pitta,Pitta,9,Diabetes,Patient presents with severe Typhoid (Antrika Jwara). Season: Grishma. Dosha predominant: Pitta.,{}
d1908305-3377-4a7b-9959-37d4568aa907,4563d3b6-d896-46ac-a1ca-dee38c51265f,2025-05-08T08:30:00,Piles - Anal Fissure (Parikartika),"Pain during bowel movement, bleeding",Vata,Vata,6,Diabetes,Patient presents with moderate Piles - Anal Fissure (Parikartika). Season: Grishma. Dosha predominant: Vata.,{}
a4144845-0184-4adc-b292-e37f49599dae,fc545c3c-e005-4c08-a38d-0bf097af1e84,2025-05-19T11:15:00,Worm Infection (Krimi Roga),"Abdominal pain, diarrhea, weight loss, bloating",Vata,Vata,6,Obesity,Patient presents with moderate Worm Infection (Krimi Roga). Season: Grishma. Dosha predominant: Vata.,{}
329d944e-8140-4117-b407-2c6c9a916294,96cd86af-a011-409e-8853-55cf183fc03d,2025-05-19T12:15:00,Cystitis (Mutrakrichra),"Painful urination, frequent urge to urinate",Vata,Vata,3,None,Patient presents with mild Cystitis (Mutrakrichra). Season: Grishma. Dosha predominant: Vata.,{}
8adec90b-1b2b-492d-a019-574e1ddd9de9,521855db-c8fe-4aa5-a827-6e6a639330c2,2025-05-30T09:30:00,Peptic Ulcer (Parinama Shoola),"Burning stomach pain, bloating, nausea",Pitta,Pitta,6,None,Patient presents with moderate Peptic Ulcer (Parinama Shoola). Season: Grishma. Dosha predominant: Pitta.,{}
4f2a0ae2-8cce-4fcb-9153-168daf711daf,2aad5ba1-33ce-4964-9501-64fc36235b5f,2025-05-16T16:00:00,Stress (Manasika Tanava),"Anxiety, fatigue, headaches, irritability",Vata,Vata,9,,Patient presents with severe Stress (Manasika Tanava). Season: Grishma. Dosha predominant: Vata.,{}
4dad7e2a-de99-4f43-a567-288481f3647d,c3034117-47a1-4672-83d5-7060a68f63f2,2025-05-13T16:00:00,Acne (Yuvana Pidika),"Pimples, blackheads, oily skin",Pitta,Pitta-Kapha,3,Hypertension,Patient presents with mild Acne (Yuvana Pidika). Season: Grishma. Dosha predominant: Pitta-Kapha.,{}
a030c4b8-90f0-4352-9897-09a028d63670,fcb3555b-2d3e-4781-b8b7-3e79aa9bac48,2025-05-13T08:15:00,Fatty Liver (Yakrit Meda Vriddhi),"Fatigue, mild abdominal discomfort",Kapha,Kapha-Pitta,6,Diabetes,Patient presents with moderate Fatty Liver (Yakrit Meda Vriddhi). Season: Grishma. Dosha predominant: Kapha-Pitta.,{}
d6c448a9-8cca-41ea-8dcb-7447f359f8f5,fcb3555b-2d3e-4781-b8b7-3e79aa9bac48,2025-05-17T08:15:00,Fatty Liver (Yakrit Meda Vriddhi),"Fatigue, mild abdominal discomfort",Kapha,Kapha-Pitta,6,,Follow-up visit for Fatty Liver (Yakrit Meda Vriddhi). Season: Grishma.,{}
ebf15053-c2e6-4255-80aa-7e680a11db3c,0bf61ee8-167a-4e36-be1d-fb01c6def3b6,2025-05-23T09:30:00,Prostate Enlargement (Vriddhi),"Frequent urination, difficulty urinating, weak stream",Vata,Vata,3,,Patient presents with mild Prostate Enlargement (Vriddhi). Season: Grishma. Dosha predominant: Vata.,{}
2b0c7de8-4baf-4a8b-b4e2-8757d66aeb38,023dc9bc-0a47-4053-80d0-34c0fc765d8e,2025-05-31T14:45:00,Varicose Veins (Sira Granthi),"Swollen, twisted veins, pain, heaviness in legs",Vata,Vata,3,Hypertension,Patient presents with mild Varicose Veins (Sira Granthi). Season: Grishma. Dosha predominant: Vata.,{}
cec894a9-ee26-4505-a187-7d6af095c124,3c074679-e282-4ed6-9283-aaab4cc4cc30,2025-05-06T10:00:00,Sciatica (Gridhrasi),"Lower back pain, pain radiating down the leg",Vata,Vata,9,None,Patient presents with severe Sciatica (Gridhrasi). Season: Grishma. Dosha predominant: Vata.,{}
d3101a7f-9d4f-4c44-83ed-4b528eeb7140,5dedd30d-4536-42d5-b657-352f2ab2ec79,2025-05-07T09:15:00,Gout (Vatarakta),"Joint pain, swelling, redness in the big toe",Pitta,Vata-Pitta,6,Stress,Patient presents with moderate Gout (Vatarakta). Season: Grishma. Dosha predominant: Vata-Pitta.,{}
8e5b3b75-423d-4dea-9793-7a42af29d755,ed68d180-35ef-42c4-9fb5-95ca08981a13,2025-05-13T12:30:00,Anemia (Pandu Roga),"Fatigue, pale skin, shortness of breath",Pitta,Pitta,6,Obesity,Patient presents with moderate Anemia (Pandu Roga). Season: Grishma. Dosha predominant: Pitta.,{}
533398e4-8cd4-4fe6-9514-434b9f5298a6,ecc67b78-7069-4509-8a49-77213e4d7b60,2025-05-16T14:15:00,Tonsillitis (Tundikeri),"Sore throat, difficulty swallowing, fever",Kapha,Kapha-Pitta,3,Diabetes,Patient presents with mild Tonsillitis (Tundikeri). Season: Grishma. Dosha predominant: Kapha-Pitta.,{}
ba2027ed-6fdf-427b-82a1-7820c604783f,f11f882e-26dd-41e5-87c1-1afec3409011,2025-05-09T17:30:00,Depression (Vishada),"Sadness, loss of interest, fatigue",Vata,Vata-Pitta,9,Obesity,Patient presents with severe Depression (Vishada). Season: Grishma. Dosha predominant: Vata-Pitta.,{}
35b8e3f8-1bce-4280-b86b-6edd0e0a00dc,9a72e043-3f74-4f90-a110-a5800b9b8323,2025-05-26T17:00:00,Contact Dermatitis (Sparshaja Kushtha),"Redness, itching, swelling",Pitta,Pitta,9,Hypertension,Patient presents with severe Contact Dermatitis (Sparshaja Kushtha). Season: Grishma. Dosha predominant: Pitta.,{}
5726ae3b-3c18-4a17-b86f-8ebe31e4c09d,4416e4b2-eeea-4b9f-98d0-0d23f89fcc80,2025-05-25T13:15:00,Warts (Charmakeela),Small rough skin growths,Kapha,Kapha,3,Hypertension,Patient presents with mild Warts (Charmakeela). Season: Grishma. Dosha predominant: Kapha.,{}
fc0cdf96-118b-4ad6-92fc-c922fecc6df9,5814e1dc-d0e2-4f4d-98ca-44720ea1c7f5,2025-05-18T14:15:00,Acne (Yuvana Pidika),"Pimples, blackheads, oily skin",Pitta,Pitta-Kapha,3,,Patient presents with mild Acne (Yuvana Pidika). Season: Grishma. Dosha predominant: Pitta-Kapha.,{}
f28c8607-f6f0-48db-a2b7-601051b0b839,5c81d240-7588-4bdd-aefe-8662ce026c82,2025-05-10T13:45:00,Vitiligo (Shwitra),White patches on the skin,Pitta,Pitta-Vata,9,,Patient presents with severe Vitiligo (Shwitra). Season: Grishma. Dosha predominant: Pitta-Vata.,{}
f7f421c6-d34d-409c-a21c-9e3f9c61bc5f,fb675350-88ef-4f41-b8b6-8b5e4f63d995,2025-05-10T14:15:00,Filariasis (Shlipada),"Swelling, fever, lymph node enlargement",Kapha,Kapha-Pitta,6,Obesity,Patient presents with moderate Filariasis (Shlipada). Season: Grishma. Dosha predominant: Kapha-Pitta.,{}
990ab7af-058d-48e3-b5f1-78015ae04a64,fe89faac-b42c-4ef1-beca-7f35770db8d2,2025-05-28T16:00:00,Stress (Manasika Tanava),"Anxiety, fatigue, headaches, irritability",Vata,Vata,6,,Patient presents with moderate Stress (Manasika Tanava). Season: Grishma. Dosha predominant: Vata.,{}
06327f8e-acaf-41fb-b61a-3cfc857a8032,dffadd63-56d7-4407-90bb-64b12273bfe7,2025-05-07T10:45:00,Irritable Bowel Syndrome (Grahani),"Abdominal cramps, bloating, alternating diarrhea and constipation",Vata,Vata,3,None,Patient presents with mild Irritable Bowel Syndrome (Grahani). Season: Grishma. Dosha predominant: Vata.,{}
83531cea-2055-447e-b503-5380e8933449,5d88a728-570d-4b0f-a63b-28efe8390b13,2025-06-17T10:45:00,Insomnia (Anidra),"Difficulty falling or staying asleep, daytime fatigue",Vata-Pitta,Vata,3,Hypertension,Patient presents with mild Insomnia (Anidra). Season: Grishma. Dosha predominant: Vata.,{}
5c46c9c9-a2bb-45d7-a700-5f878127819b,96f3965f-35b1-41f4-9439-58c245660cec,2025-06-24T14:15:00,Fever (Jwara),"High temperature, chills, body ache, fatigue, sweating",Pitta,Pitta,6,,Patient presents with moderate Fever (Jwara). Season: Grishma. Dosha predominant: Pitta.,{}
34809825-cfac-43d7-bc9a-a5b2686c4e54,01c540cd-b592-42bd-afc3-b9ec164ec439,2025-06-06T09:45:00,Acidity (Amlapitta),"Heartburn, sour belching, nausea, upper abdominal discomfort",Pitta,Pitta,6,,Patient presents with moderate Acidity (Amlapitta). Season: Grishma. Dosha predominant: Pitta.,{}
b272772b-da32-447c-915b-1a80d179c00e,d1922d18-a85a-4413-8f30-0a1e25b7dfb3,2025-06-04T18:45:00,Heat Stroke (Ushna Jwar),"High body temperature, dizziness, fainting, no sweating",Pitta,Pitta,9,Stress,Patient presents with severe Heat Stroke (Ushna Jwar). Season: Grishma. Dosha predominant: Pitta.,{}
4efa9acd-1661-4ec2-9022-359ac7f66ef5,f657c739-f37b-4e5d-9112-57df9d98b558,2025-06-21T16:15:00,Heat Stroke (Ushna Jwar),"High body temperature, dizziness, fainting, no sweating",Pitta,Pitta,9,None,Patient presents with severe Heat Stroke (Ushna Jwar). Season: Grishma. Dosha predominant: Pitta.,{}
da14bf02-b7ae-410b-839d-9de5dd0bb899,b123549f-3956-4693-9d04-dc2564515eb5,2025-06-04T11:30:00,Diarrhea (Atisara),"Loose watery stools, abdominal cramps, dehydration",Pitta,Pitta,6,Hypertension,Patient presents with moderate Diarrhea (Atisara). Season: Grishma. Dosha predominant: Pitta.,{}
7361ba5b-e20e-45ac-93b9-9ecd75296e99,ec2a5f5a-8f75-4def-819b-26cb5a3fe120,2025-06-15T11:30:00,Skin Rash (Kushtha),"Redness, itching, inflamed patches on skin",Pitta,Pitta,3,Stress,Patient presents with mild Skin Rash (Kushtha). Season: Grishma. Dosha predominant: Pitta.,{}
273b6694-8e9f-427d-82cc-0591001e4033,406c7e48-9304-446f-b8e1-725230853684,2025-06-13T17:15:00,Heat Stroke (Ushna Jwar),"High body temperature, dizziness, fainting, no sweating",Pitta,Pitta,9,None,Patient presents with severe Heat Stroke (Ushna Jwar). Season: Grishma. Dosha predominant: Pitta.,{}
62d2eb6e-03e2-46d8-8322-3841fbfa78c2,fbd6a056-a2ca-4b7e-bf5e-fba558452aa6,2025-06-27T10:00:00,Fever (Jwara),"High temperature, chills, body ache, fatigue, sweating",Pitta,Pitta,6,None,Patient presents with moderate Fever (Jwara). Season: Grishma. Dosha predominant: Pitta.,{}
a857e3d2-c489-4878-b08d-cf7f02dbf727,62a75794-ed38-4386-8e83-009037cf786a,2025-06-02T12:15:00,Diarrhea (Atisara),"Loose watery stools, abdominal cramps, dehydration",Pitta,Pitta,6,,Patient presents with moderate Diarrhea (Atisara). Season: Grishma. Dosha predominant: Pitta.,{}
6d7ee404-86cf-4206-a4f5-d8d829e9790e,3ee264d2-3372-43d3-9076-31f07e760024,2025-06-06T14:00:00,Acidity (Amlapitta),"Heartburn, sour belching, nausea, upper abdominal discomfort",Pitta,Pitta,6,Obesity,Patient presents with moderate Acidity (Amlapitta). Season: Grishma. Dosha predominant: Pitta.,{}
b46cc258-78c4-47f7-b174-dc353a65efe9,9a46f8cd-671d-4353-b092-2ace8727fcee,2025-06-03T15:00:00,Skin Rash (Kushtha),"Redness, itching, inflamed patches on skin",Pitta,Pitta,3,Hypertension,Patient presents with mild Skin Rash (Kushtha). Season: Grishma. Dosha predominant: Pitta.,{}
88eefdc6-2bde-43d0-ab71-b30d2f8e2f9f,f2b03105-b124-49bd-ab07-249f0413e859,2025-06-10T15:00:00,Heat Stroke (Ushna Jwar),"High body temperature, dizziness, fainting, no sweating",Pitta,Pitta,9,None,Patient presents with severe Heat Stroke (Ushna Jwar). Season: Grishma. Dosha predominant: Pitta.,{}
7a820de3-0927-4348-8335-0bb68a0a60bc,4122ef2e-ea21-4bdb-9f2b-d37d74748dde,2025-06-10T15:00:00,Insomnia (Anidra),"Difficulty falling or staying asleep, daytime fatigue",Vata-Pitta,Vata,3,Obesity,Patient presents with mild Insomnia (Anidra). Season: Grishma. Dosha predominant: Vata.,{}
66ff170e-6596-4151-ab62-c9f8b6f20d22,7cc5ac08-483b-4e54-8678-f323be76d462,2025-06-19T11:00:00,Skin Rash (Kushtha),"Redness, itching, inflamed patches on skin",Pitta,Pitta,3,Stress,Patient presents with mild Skin Rash (Kushtha). Season: Grishma. Dosha predominant: Pitta.,{}
fe70ff92-e86b-43db-8ffa-b01807aa3c6f,a33b9ff8-c6cc-4297-97b5-523bd7de72c8,2025-06-08T10:00:00,Fever (Jwara),"High temperature, chills, body ache, fatigue, sweating",Pitta,Pitta,6,None,Patient presents with moderate Fever (Jwara). Season: Grishma. Dosha predominant: Pitta.,{}
ffc6ba1e-8a9b-46f0-9e9e-52cbd913f577,45b8dab4-ecc9-4ee6-a1af-37d2f01132a9,2025-06-30T10:45:00,Insomnia (Anidra),"Difficulty falling or staying asleep, daytime fatigue",Vata-Pitta,Vata,3,Diabetes,Patient presents with mild Insomnia (Anidra). Season: Grishma. Dosha predominant: Vata.,{}
d1dea16b-c255-4d5f-a64d-35cc9f9fc207,1236d8c2-2a49-449b-a3e4-dd6ed2f707b7,2025-06-01T18:30:00,Fever (Jwara),"High temperature, chills, body ache, fatigue, sweating",Pitta,Pitta,6,Stress,Patient presents with moderate Fever (Jwara). Season: Grishma. Dosha predominant: Pitta.,{}
c612180e-313b-457a-bba8-895423f62468,d334836d-f7e8-4a2c-8348-0d18e7793074,2025-06-12T12:15:00,Fever (Jwara),"High temperature, chills, body ache, fatigue, sweating",Pitta,Pitta,6,Stress,Patient presents with moderate Fever (Jwara). Season: Grishma. Dosha predominant: Pitta.,{}
62997e70-fab0-4b42-9efb-6cdbfa95f55c,17aadfbf-c118-4eff-83ee-785fef98771a,2025-06-07T13:30:00,Insomnia (Anidra),"Difficulty falling or staying asleep, daytime fatigue",Vata-Pitta,Vata,3,,Patient presents with mild Insomnia (Anidra). Season: Grishma. Dosha predominant: Vata.,{}
3aa643cd-222a-4a61-ae09-6276107b1228,512ff615-7fc3-4c20-b3ab-ae3f16470b94,2025-06-13T08:30:00,Insomnia (Anidra),"Difficulty falling or staying asleep, daytime fatigue",Vata-Pitta,Vata,3,,Patient presents with mild Insomnia (Anidra). Season: Grishma. Dosha predominant: Vata.,{}
129db1d9-61e1-4133-9d80-a40782175bb8,9b81443e-70c0-4787-8d5f-9f3ee7afc7e1,2025-06-12T18:45:00,Heat Stroke (Ushna Jwar),"High body temperature, dizziness, fainting, no sweating",Pitta,Pitta,9,Obesity,Patient presents with severe Heat Stroke (Ushna Jwar). Season: Grishma. Dosha predominant: Pitta.,{}
7577dd40-9cad-41f0-b5f2-3a1b9c8f232f,ce00a5eb-eaa4-4054-92e5-eefb2944f120,2025-06-17T08:30:00,Skin Rash (Kushtha),"Redness, itching, inflamed patches on skin",Pitta,Pitta,3,Stress,Patient presents with mild Skin Rash (Kushtha). Season: Grishma. Dosha predominant: Pitta.,{}
4a55ecbd-4202-48d8-ade4-4d9425311ad6,7db6583d-a3d4-463c-8ace-7f7985ee6ddb,2025-06-04T18:15:00,Insomnia (Anidra),"Difficulty falling or staying asleep, daytime fatigue",Vata-Pitta,Vata,3,Hypertension,Patient presents with mild Insomnia (Anidra). Season: Grishma. Dosha predominant: Vata.,{}
b324aca3-521e-4167-a31a-d91fa1e2abf5,a265ce0b-ca57-415e-93d7-a18f14fc40d2,2025-06-26T16:15:00,Skin Rash (Kushtha),"Redness, itching, inflamed patches on skin",Pitta,Pitta,3,,Patient presents with mild Skin Rash (Kushtha). Season: Grishma. Dosha predominant: Pitta.,{}
980eee0e-30db-4c13-a467-1dd7cca89bc7,b5a20d52-826a-404a-98f2-1c7cc74afc03,2025-06-14T09:15:00,Diarrhea (Atisara),"Loose watery stools, abdominal cramps, dehydration",Pitta,Pitta,6,Hypertension,Patient presents with moderate Diarrhea (Atisara). Season: Grishma. Dosha predominant: Pitta.,{}
9e5e34e0-38c6-4366-ab53-d1d14573bca8,da119ab8-32bc-41cf-9c9b-61fa5b244629,2025-06-06T18:15:00,Skin Rash (Kushtha),"Redness, itching, inflamed patches on skin",Pitta,Pitta,3,None,Patient presents with mild Skin Rash (Kushtha). Season: Grishma. Dosha predominant: Pitta.,{}
76bd0b4e-6354-4d4b-8151-e236f45c6047,da107e8b-0fce-4d30-acb4-2d9b6cc0d44c,2025-06-23T16:15:00,Heat Stroke (Ushna Jwar),"High body temperature, dizziness, fainting, no sweating",Pitta,Pitta,9,None,Patient presents with severe Heat Stroke (Ushna Jwar). Season: Grishma. Dosha predominant: Pitta.,{}
922ecec7-1159-4738-a75c-9afd86f82d77,66f4a610-56d9-4a36-819f-96ceb1ebe9d0,2025-06-03T13:15:00,Acidity (Amlapitta),"Heartburn, sour belching, nausea, upper abdominal discomfort",Pitta,Pitta,6,Diabetes,Patient presents with moderate Acidity (Amlapitta). Season: Grishma. Dosha predominant: Pitta.,{}
393bae4a-a274-4096-aabf-f24c99d9218d,4a13bf4f-03a9-451f-ae11-e54a099b2603,2025-06-17T10:00:00,Insomnia (Anidra),"Difficulty falling or staying asleep, daytime fatigue",Vata-Pitta,Vata,3,,Patient presents with mild Insomnia (Anidra). Season: Grishma. Dosha predominant: Vata.,{}
efa94fc3-e4b0-4a8a-85b5-14031f444670,5d2a3a2d-a56d-4dd4-9fd6-13626df1bbec,2025-06-21T08:15:00,Diarrhea (Atisara),"Loose watery stools, abdominal cramps, dehydration",Pitta,Pitta,6,,Patient presents with moderate Diarrhea (Atisara). Season: Grishma. Dosha predominant: Pitta.,{}
46528bcc-a678-437c-8ffd-f5cfb8d99b7b,4653ebea-ed6a-4844-ada4-166a492e493f,2025-06-22T17:00:00,Acidity (Amlapitta),"Heartburn, sour belching, nausea, upper abdominal discomfort",Pitta,Pitta,6,Diabetes,Patient presents with moderate Acidity (Amlapitta). Season: Grishma. Dosha predominant: Pitta.,{}
9064a09c-d8e0-4ca2-9a12-c24080152a7a,908db5ac-d49c-4b57-ba9f-7139d55bebd0,2025-06-02T12:15:00,Insomnia (Anidra),"Difficulty falling or staying asleep, daytime fatigue",Vata-Pitta,Vata,3,Stress,Patient presents with mild Insomnia (Anidra). Season: Grishma. Dosha predominant: Vata.,{}
66b25017-d490-4b85-b832-2d4cfd406a52,81a48133-5ea2-4775-a92b-b173a78693b9,2025-06-19T16:45:00,Acidity (Amlapitta),"Heartburn, sour belching, nausea, upper abdominal discomfort",Pitta,Pitta,6,Obesity,Patient presents with moderate Acidity (Amlapitta). Season: Grishma. Dosha predominant: Pitta.,{}
023f37bd-9027-4e11-a998-f3e6e5bae340,88541d32-5fcf-4d73-893f-b3a3d4b1b707,2025-06-14T08:00:00,Fever (Jwara),"High temperature, chills, body ache, fatigue, sweating",Pitta,Pitta,6,None,Patient presents with moderate Fever (Jwara). Season: Grishma. Dosha predominant: Pitta.,{}
372d5f9b-fb9e-41f9-acad-4421176c0705,25458f40-d1e1-4834-91f1-67b8acd5acf6,2025-06-05T11:00:00,Diarrhea (Atisara),"Loose watery stools, abdominal cramps, dehydration",Pitta,Pitta,6,Stress,Patient presents with moderate Diarrhea (Atisara). Season: Grishma. Dosha predominant: Pitta.,{}
2299be99-0d98-4b77-97f0-952d98d0b1be,2d76ee07-67e2-4846-ac44-5d99079d88df,2025-06-26T10:30:00,Skin Rash (Kushtha),"Redness, itching, inflamed patches on skin",Pitta,Pitta,3,,Patient presents with mild Skin Rash (Kushtha). Season: Grishma. Dosha predominant: Pitta.,{}
73eb0c7f-b449-4c3d-8d3e-11862a92ed5a,4ebe7dd8-8503-47cb-9882-85dd218f2c2f,2025-06-01T08:30:00,Fever (Jwara),"High temperature, chills, body ache, fatigue, sweating",Pitta,Pitta,6,None,Patient presents with moderate Fever (Jwara). Season: Grishma. Dosha predominant: Pitta.,{}
dcb27a83-b240-4ef4-bf67-04347f6e66ff,256ca4a8-0cdf-4ad6-977e-4454c9605a71,2025-06-11T15:30:00,Fever (Jwara),"High temperature, chills, body ache, fatigue, sweating",Pitta,Pitta,6,Hypertension,Patient presents with moderate Fever (Jwara). Season: Grishma. Dosha predominant: Pitta.,{}
bc274404-6777-476b-8806-521f9fa2026b,add4d8f3-f252-4574-b078-08dec70d47b3,2025-06-14T11:15:00,Acidity (Amlapitta),"Heartburn, sour belching, nausea, upper abdominal discomfort",Pitta,Pitta,6,,Patient presents with moderate Acidity (Amlapitta). Season: Grishma. Dosha predominant: Pitta.,{}
f2a7edf5-b8af-4f33-804d-e2b56c010ec3,50552609-3deb-4af5-ade4-4a67aef0ce2e,2025-06-17T10:45:00,Fever (Jwara),"High temperature, chills, body ache, fatigue, sweating",Pitta,Pitta,6,Stress,Patient presents with moderate Fever (Jwara). Season: Grishma. Dosha predominant: Pitta.,{}
7fb9886a-93eb-4281-904c-2ff8b61f24b3,3f6f08a0-fd3c-4407-a86a-0d6b530ec7b3,2025-06-29T17:15:00,Skin Rash (Kushtha),"Redness, itching, inflamed patches on skin",Pitta,Pitta,3,Obesity,Patient presents with mild Skin Rash (Kushtha). Season: Grishma. Dosha predominant: Pitta.,{}
9aac618b-3d37-4533-a025-205a061de696,72e0e2e5-163e-471e-ace5-fbb417990dc5,2025-06-06T14:45:00,Acidity (Amlapitta),"Heartburn, sour belching, nausea, upper abdominal discomfort",Pitta,Pitta,6,Hypertension,Patient presents with moderate Acidity (Amlapitta). Season: Grishma. Dosha predominant: Pitta.,{}
35de7abd-79de-409b-bc21-55aba6f392a6,096ac027-c11d-48db-bd5c-a086d956f26c,2025-06-07T10:00:00,Heat Stroke (Ushna Jwar),"High body temperature, dizziness, fainting, no sweating",Pitta,Pitta,9,,Patient presents with severe Heat Stroke (Ushna Jwar). Season: Grishma. Dosha predominant: Pitta.,{}
3adbc8dc-6d20-41df-b889-7d6bd95e96ce,561498a7-3e94-47e1-96a6-42ee39b203ff,2025-06-07T17:15:00,Insomnia (Anidra),"Difficulty falling or staying asleep, daytime fatigue",Vata-Pitta,Vata,3,,Patient presents with mild Insomnia (Anidra). Season: Grishma. Dosha predominant: Vata.,{}
a763158a-c5b1-46af-b0cc-ffac08be18ce,8c14d334-d0a4-4123-8899-f6849369b3b1,2025-06-13T14:15:00,Insomnia (Anidra),"Difficulty falling or staying asleep, daytime fatigue",Vata-Pitta,Vata,3,Diabetes,Patient presents with mild Insomnia (Anidra). Season: Grishma. Dosha predominant: Vata.,{}
cc6b5dbb-eb37-4246-a55e-a00fc9108ff9,af1b036f-15ce-4bee-90c9-6f5c85362c5e,2025-06-23T17:15:00,Fever (Jwara),"High temperature, chills, body ache, fatigue, sweating",Pitta,Pitta,6,Hypertension,Patient presents with moderate Fever (Jwara). Season: Grishma. Dosha predominant: Pitta.,{}
13751f0a-1761-4f73-b2c8-81695caa9a6c,e8a1050b-c761-48ab-9b87-8a706f3b933f,2025-06-17T09:30:00,Skin Rash (Kushtha),"Redness, itching, inflamed patches on skin",Pitta,Pitta,3,Hypertension,Patient presents with mild Skin Rash (Kushtha). Season: Grishma. Dosha predominant: Pitta.,{}
72bc55fc-a250-4147-b0d5-62889e9a12b9,47858567-6aac-44d7-9781-0cc941cbdfe4,2025-06-21T09:00:00,Fever (Jwara),"High temperature, chills, body ache, fatigue, sweating",Pitta,Pitta,6,,Patient presents with moderate Fever (Jwara). Season: Grishma. Dosha predominant: Pitta.,{}
d30ffa86-0620-4be5-94ff-d7d7375f5efd,84cdf1ff-fdd5-4fe5-acc2-4e3ea3f03ad6,2025-06-13T10:00:00,Insomnia (Anidra),"Difficulty falling or staying asleep, daytime fatigue",Vata-Pitta,Vata,3,,Patient presents with mild Insomnia (Anidra). Season: Grishma. Dosha predominant: Vata.,{}
f46b3c7d-7f82-4c03-be67-a7a066dcb922,8e19d97b-7381-4316-8120-3e70a3e0fc81,2025-06-03T10:15:00,Insomnia (Anidra),"Difficulty falling or staying asleep, daytime fatigue",Vata-Pitta,Vata,3,,Patient presents with mild Insomnia (Anidra). Season: Grishma. Dosha predominant: Vata.,{}
9b2b4a64-8b42-4d52-b405-89fc13bdb37d,dce6d9e9-8a63-493d-af9b-a19b1aa39a95,2025-06-13T13:15:00,Skin Rash (Kushtha),"Redness, itching, inflamed patches on skin",Pitta,Pitta,3,None,Patient presents with mild Skin Rash (Kushtha). Season: Grishma. Dosha predominant: Pitta.,{}
f75cd4ad-d084-4844-9af6-b1013d1b6727,9b81443e-70c0-4787-8d5f-9f3ee7afc7e1,2025-06-19T12:30:00,Skin Rash (Kushtha),"Redness, itching, inflamed patches on skin",Pitta,Pitta,3,Diabetes,Patient presents with mild Skin Rash (Kushtha). Season: Grishma. Dosha predominant: Pitta.,{}
39e1b137-b332-4d93-9f1d-dbb8bd712f2a,9b81443e-70c0-4787-8d5f-9f3ee7afc7e1,2025-06-21T12:30:00,Skin Rash (Kushtha),"Redness, itching, inflamed patches on skin",Pitta,Pitta,3,,Follow-up visit for Skin Rash (Kushtha). Season: Grishma.,{}
313eb745-bd7b-4d1d-8515-a56b2fd92c94,1535ee5a-0d55-461c-b6a7-728d12046189,2025-06-14T13:15:00,Insomnia (Anidra),"Difficulty falling or staying asleep, daytime fatigue",Vata-Pitta,Vata,3,Hypertension,Patient presents with mild Insomnia (Anidra). Season: Grishma. Dosha predominant: Vata.,{}
b81fce72-741f-45f3-a8f7-13eeb2ec3a72,da107e8b-0fce-4d30-acb4-2d9b6cc0d44c,2025-06-20T16:45:00,Fever (Jwara),"High temperature, chills, body ache, fatigue, sweating",Pitta,Pitta,6,Stress,Patient presents with moderate Fever (Jwara). Season: Grishma. Dosha predominant: Pitta.,{}
f17f752a-4a4e-47f8-9132-424cddaeff12,8a0e1d5d-892e-434b-be04-bd0daf9dbb15,2025-06-13T17:00:00,Insomnia (Anidra),"Difficulty falling or staying asleep, daytime fatigue",Vata-Pitta,Vata,3,,Patient presents with mild Insomnia (Anidra). Season: Grishma. Dosha predominant: Vata.,{}
96c48bc5-1b66-4abc-9973-2bac5ef23316,bee20f11-3865-4feb-a005-871c0d584c67,2025-06-11T14:45:00,Skin Rash (Kushtha),"Redness, itching, inflamed patches on skin",Pitta,Pitta,3,,Patient presents with mild Skin Rash (Kushtha). Season: Grishma. Dosha predominant: Pitta.,{}
b1d32532-8548-478f-93e3-7a4bf87da638,15a49ab9-d04c-4a40-98d8-de6506297e69,2025-06-07T11:45:00,Fever (Jwara),"High temperature, chills, body ache, fatigue, sweating",Pitta,Pitta,6,Diabetes,Patient presents with moderate Fever (Jwara). Season: Grishma. Dosha predominant: Pitta.,{}
e9add8d9-f16a-4982-873e-f2f920ac641a,14a18b3c-01bd-4e37-92cb-b0298026958b,2025-06-10T14:15:00,Skin Rash (Kushtha),"Redness, itching, inflamed patches on skin",Pitta,Pitta,3,,Patient presents with mild Skin Rash (Kushtha). Season: Grishma. Dosha predominant: Pitta.,{}
3b56dacd-71ac-418d-9803-2c8a3475ab0d,14a18b3c-01bd-4e37-92cb-b0298026958b,2025-06-15T14:15:00,Skin Rash (Kushtha),"Redness, itching, inflamed patches on skin",Pitta,Pitta,3,,Follow-up visit for Skin Rash (Kushtha). Season: Grishma.,{}
68742b6b-69f8-4d49-82f8-0136d98f3a1d,47df3556-8d0c-47a3-a64f-0fb92dc22b50,2025-06-30T14:30:00,Diarrhea (Atisara),"Loose watery stools, abdominal cramps, dehydration",Pitta,Pitta,6,,Patient presents with moderate Diarrhea (Atisara). Season: Grishma. Dosha predominant: Pitta.,{}
61e668b9-775f-4c29-9b68-223ae80feb62,98f52e1c-8008-4eae-9c29-cdf54dcdc2f7,2025-06-06T11:30:00,Insomnia (Anidra),"Difficulty falling or staying asleep, daytime fatigue",Vata-Pitta,Vata,3,Hypertension,Patient presents with mild Insomnia (Anidra). Season: Grishma. Dosha predominant: Vata.,{}
faabeedd-dadd-4474-8c45-d5c75e77d7f4,66f4a610-56d9-4a36-819f-96ceb1ebe9d0,2025-06-14T18:30:00,Heat Stroke (Ushna Jwar),"High body temperature, dizziness, fainting, no sweating",Pitta,Pitta,9,Diabetes,Patient presents with severe Heat Stroke (Ushna Jwar). Season: Grishma. Dosha predominant: Pitta.,{}
2dea24fa-db55-4e18-a354-5fd69323790e,f05a9cb5-6110-4502-95e1-810ac6ab6b33,2025-06-18T10:30:00,Skin Rash (Kushtha),"Redness, itching, inflamed patches on skin",Pitta,Pitta,3,None,Patient presents with mild Skin Rash (Kushtha). Season: Grishma. Dosha predominant: Pitta.,{}
144fe665-4787-4c5b-b76e-980b059591cd,b3d50c10-33e4-4505-b573-db3b6ea8e33a,2025-06-10T16:15:00,Acidity (Amlapitta),"Heartburn, sour belching, nausea, upper abdominal discomfort",Pitta,Pitta,6,,Patient presents with moderate Acidity (Amlapitta). Season: Grishma. Dosha predominant: Pitta.,{}
4f009a97-9de3-483c-a6cc-efa2508587a2,6b34d482-464b-4342-8047-567d9d38c122,2025-06-03T14:45:00,Fever (Jwara),"High temperature, chills, body ache, fatigue, sweating",Pitta,Pitta,6,Obesity,Patient presents with moderate Fever (Jwara). Season: Grishma. Dosha predominant: Pitta.,{}
db3c1186-61eb-41e2-a6c1-d9f5bdc37411,d334836d-f7e8-4a2c-8348-0d18e7793074,2025-06-07T09:00:00,Diarrhea (Atisara),"Loose watery stools, abdominal cramps, dehydration",Pitta,Pitta,6,,Patient presents with moderate Diarrhea (Atisara). Season: Grishma. Dosha predominant: Pitta.,{}
ca269a48-55b0-4c02-8525-d59756614ac6,b70fedb3-9048-42f5-9ac3-63f66ecfb90a,2025-06-30T16:15:00,Fever (Jwara),"High temperature, chills, body ache, fatigue, sweating",Pitta,Pitta,6,,Patient presents with moderate Fever (Jwara). Season: Grishma. Dosha predominant: Pitta.,{}
d3ac4f3b-985e-48b9-a36f-48bb41ce6437,b593a2de-4dce-41fe-8df0-866da1496436,2025-06-22T18:00:00,Skin Rash (Kushtha),"Redness, itching, inflamed patches on skin",Pitta,Pitta,3,,Patient presents with mild Skin Rash (Kushtha). Season: Grishma. Dosha predominant: Pitta.,{}
c3920577-e5e1-4534-ba90-f0a968b3586d,9e56f17a-efee-4bef-a153-8a422c870e42,2025-06-02T13:45:00,Diarrhea (Atisara),"Loose watery stools, abdominal cramps, dehydration",Pitta,Pitta,6,Hypertension,Patient presents with moderate Diarrhea (Atisara). Season: Grishma. Dosha predominant: Pitta.,{}
b69eab6b-0f06-4e9e-902d-822abd236169,bc599ee1-0c6b-4fb8-ba60-a0ec12122c97,2025-06-02T18:00:00,Acidity (Amlapitta),"Heartburn, sour belching, nausea, upper abdominal discomfort",Pitta,Pitta,6,None,Patient presents with moderate Acidity (Amlapitta). Season: Grishma. Dosha predominant: Pitta.,{}
5540e0b0-5233-4361-9eba-f30a81d57714,93ce8258-f6c1-4a17-88c4-c6132b841341,2025-06-23T17:00:00,Acidity (Amlapitta),"Heartburn, sour belching, nausea, upper abdominal discomfort",Pitta,Pitta,6,,Patient presents with moderate Acidity (Amlapitta). Season: Grishma. Dosha predominant: Pitta.,{}
4f14dda9-df7e-4bdc-b902-d719fb5d9ea1,0607d575-d9a3-421c-aa70-86cbfe8b59f4,2025-06-03T11:30:00,Diarrhea (Atisara),"Loose watery stools, abdominal cramps, dehydration",Pitta,Pitta,6,Diabetes,Patient presents with moderate Diarrhea (Atisara). Season: Grishma. Dosha predominant: Pitta.,{}
bc9704c0-4d4d-4613-8046-3e79b7c57c4e,b8304e0a-3a8f-4b14-b867-3bd6e4ae8233,2025-06-19T08:00:00,Alopecia (Indralupta),"Hair loss, thinning of scalp",Pitta,Pitta,3,Diabetes,Patient presents with mild Alopecia (Indralupta). Season: Grishma. Dosha predominant: Pitta.,{}
046444d1-136f-4ef8-9c52-c1bb98364148,ecdf9681-f183-4da1-adfd-1362e48b0d74,2025-06-05T15:00:00,Peptic Ulcer (Parinama Shoola),"Burning stomach pain, bloating, nausea",Pitta,Pitta,9,,Patient presents with severe Peptic Ulcer (Parinama Shoola). Season: Grishma. Dosha predominant: Pitta.,{}
e38ccc91-273c-4d89-aee1-dc1ba5c8f447,20787549-8560-40a2-bef0-a262da1afedc,2025-06-30T16:45:00,Dandruff (Darunaka),"Scalp itchiness, flaking",Kapha,Kapha-Pitta,9,Obesity,Patient presents with severe Dandruff (Darunaka). Season: Grishma. Dosha predominant: Kapha-Pitta.,{}
240d8f83-fb52-46a7-8a2f-eb2014cda620,41e9605c-8948-4f5a-94d3-e43cb80d992f,2025-06-22T08:30:00,Warts (Charmakeela),Small rough skin growths,Kapha,Kapha,3,Hypertension,Patient presents with mild Warts (Charmakeela). Season: Grishma. Dosha predominant: Kapha.,{}
1bb204f0-03aa-41c8-ad8c-23d94d9d0fe6,e2149137-65cc-48e3-81d8-5226fe2dcfa1,2025-06-12T13:15:00,Acne (Yuvana Pidika),"Pimples, blackheads, oily skin",Pitta,Pitta-Kapha,6,Stress,Patient presents with moderate Acne (Yuvana Pidika). Season: Grishma. Dosha predominant: Pitta-Kapha.,{}
fece18ff-5be7-42e3-bc55-0a6153da4c68,c981ceb4-4da5-4b89-aeaf-50903cac3ced,2025-06-15T16:00:00,Peptic Ulcer (Parinama Shoola),"Burning stomach pain, bloating, nausea",Pitta,Pitta,9,Obesity,Patient presents with severe Peptic Ulcer (Parinama Shoola). Season: Grishma. Dosha predominant: Pitta.,{}
a2f42670-c1e2-416b-94f5-8748c39c3d06,ee3d5465-0411-435b-a456-b5d0cb633f0f,2025-06-16T11:15:00,Gingivitis (Danta Vidradhi),"Red, swollen gums, bleeding while brushing",Pitta,Pitta,3,Obesity,Patient presents with mild Gingivitis (Danta Vidradhi). Season: Grishma. Dosha predominant: Pitta.,{}
1cbf3af1-6cba-4e1a-9f4d-5852b8b74161,1a17d497-cd2e-42e9-b5b5-22873db11016,2025-06-03T13:15:00,Stress (Manasika Tanava),"Anxiety, fatigue, headaches, irritability",Vata,Vata,6,None,Patient presents with moderate Stress (Manasika Tanava). Season: Grishma. Dosha predominant: Vata.,{}
ae7c6b47-a298-4e1d-9a41-7ceb2bc7d921,86242747-35a0-458a-8c27-e3b4178c71ef,2025-06-04T08:45:00,Digestive Disorder (Vikara),"Bloating, nausea, indigestion, discomfort after eating",Pitta,Pitta-Vata,9,Obesity,Patient presents with severe Digestive Disorder (Vikara). Season: Grishma. Dosha predominant: Pitta-Vata.,{}
424a1213-3fce-4f1d-94e6-51b56f4bdbb9,3d6bbac1-1d74-4b9a-baee-90088c9f5ece,2025-06-10T13:15:00,Gastritis (Urdhva Amlapitta),"Stomach pain, bloating, nausea after meals",Pitta,Pitta,6,Obesity,Patient presents with moderate Gastritis (Urdhva Amlapitta). Season: Grishma. Dosha predominant: Pitta.,{}
c9bf43c9-40ea-4214-b14f-f9705c2a0bf8,657d2a40-8be6-4f0a-828b-592a173a22bd,2025-06-05T12:15:00,Worm Infection (Krimi Roga),"Abdominal pain, diarrhea, weight loss, bloating",Vata,Vata,3,Hypertension,Patient presents with mild Worm Infection (Krimi Roga). Season: Grishma. Dosha predominant: Vata.,{}
e2ca6476-726a-414c-bac8-742e2116d246,2d96f55d-53fe-4716-8195-be112cbad501,2025-06-30T09:45:00,Ear Infection (Karna Shoola),"Ear pain, discharge, mild fever",Kapha,Kapha-Vata,6,,Patient presents with moderate Ear Infection (Karna Shoola). Season: Grishma. Dosha predominant: Kapha-Vata.,{}
5d82b108-cd01-45e6-8305-40529f94c38c,4424bbef-e9cf-45b6-8f78-d9063f13c9f0,2025-06-14T12:00:00,Alopecia (Indralupta),"Hair loss, thinning of scalp",Pitta,Pitta,3,Stress,Patient presents with mild Alopecia (Indralupta). Season: Grishma. Dosha predominant: Pitta.,{}
01e1f7b7-2616-4a75-b2c8-30e1daa3c100,4424bbef-e9cf-45b6-8f78-d9063f13c9f0,2025-06-20T12:00:00,Alopecia (Indralupta),"Hair loss, thinning of scalp",Pitta,Pitta,3,,Follow-up visit for Alopecia (Indralupta). Season: Grishma.,{}
064a0b30-7687-43a8-9489-fdb74ab9350b,6222748a-8c13-4da6-b495-502fb6c512f4,2025-06-26T10:45:00,Vertigo (Bhrama),"Dizziness, spinning sensation, nausea",Vata,Vata-Pitta,3,Stress,Patient presents with mild Vertigo (Bhrama). Season: Grishma. Dosha predominant: Vata-Pitta.,{}
467a4e52-8fe8-4dca-aa09-97049ca66fea,561498a7-3e94-47e1-96a6-42ee39b203ff,2025-06-30T08:45:00,Hypertension (Raktachaapa Vriddhi),"Headache, dizziness, chest discomfort",Pitta,Pitta,9,,Patient presents with severe Hypertension (Raktachaapa Vriddhi). Season: Grishma. Dosha predominant: Pitta.,{}
62f1761c-9dba-41c8-941d-e506fc1ccf57,990bb1b9-acaa-42db-87d3-687436db2af3,2025-06-02T09:00:00,Stress (Manasika Tanava),"Anxiety, fatigue, headaches, irritability",Vata,Vata,3,,Patient presents with mild Stress (Manasika Tanava). Season: Grishma. Dosha predominant: Vata.,{}
e26a139a-162a-4cac-af4a-60ada8fe12fb,ddcc336f-74ea-4cb1-99ad-e7643ecb2c8b,2025-06-26T13:45:00,Hypertension (Raktachaapa Vriddhi),"Headache, dizziness, chest discomfort",Pitta,Pitta,3,Diabetes,Patient presents with mild Hypertension (Raktachaapa Vriddhi). Season: Grishma. Dosha predominant: Pitta.,{}
a89acc7f-70ee-4f91-9960-fda1770477ec,7561127b-05e2-43a8-b90f-290dcd643e62,2025-06-18T15:00:00,Peptic Ulcer (Parinama Shoola),"Burning stomach pain, bloating, nausea",Pitta,Pitta,3,Obesity,Patient presents with mild Peptic Ulcer (Parinama Shoola). Season: Grishma. Dosha predominant: Pitta.,{}
f5d117b2-067d-4d2b-ba34-12be86cb0ce2,e3f00da9-8434-49e0-a93d-7d984ea47e16,2025-06-04T15:15:00,Pharyngitis (Galashotha),"Sore throat, dry cough, hoarseness",Kapha,Kapha,3,Hypertension,Patient presents with mild Pharyngitis (Galashotha). Season: Grishma. Dosha predominant: Kapha.,{}
678e593e-9120-475d-9d06-bece5cfd4322,c537d593-0428-49b2-8591-d1d72fd039c9,2025-06-30T15:15:00,Spondylosis (Griva Sandhigata Vata),"Neck or back pain, stiffness, muscle weakness",Vata,Vata,9,,Patient presents with severe Spondylosis (Griva Sandhigata Vata). Season: Grishma. Dosha predominant: Vata.,{}
164c1389-a18b-4649-b828-e9f70767413d,a84d72aa-c022-4d0c-8052-df3f21270293,2025-06-02T09:00:00,Eczema (Vicharchika),"Itchy skin, red rashes, inflammation",Pitta,Pitta,6,Hypertension,Patient presents with moderate Eczema (Vicharchika). Season: Grishma. Dosha predominant: Pitta.,{}
2ed6e850-f5aa-4472-bed9-6b75b3139b2c,25e05cf7-fc80-44fe-a2ca-cfea25a2c514,2025-06-06T11:30:00,Amebiasis (Pittaja Atisara),"Abdominal pain, diarrhea, fever",Pitta,Pitta-Kapha,6,Stress,Patient presents with moderate Amebiasis (Pittaja Atisara). Season: Grishma. Dosha predominant: Pitta-Kapha.,{}
ce6991a0-5162-4256-acb5-4d02933a9d8e,ec81a18e-aa66-4f64-b030-15e9f6e1ef2f,2025-06-03T17:15:00,Amebiasis (Pittaja Atisara),"Abdominal pain, diarrhea, fever",Pitta,Pitta-Kapha,6,,Patient presents with moderate Amebiasis (Pittaja Atisara). Season: Grishma. Dosha predominant: Pitta-Kapha.,{}
373118df-6d59-474a-b7e0-84b7da849a40,4765c693-4fbd-46b9-9035-05882ba6c9c0,2025-06-29T09:30:00,Whooping Cough (Deergha Kasa),"Severe coughing fits, whooping sound, vomiting after cough",Kapha,Kapha,3,,Patient presents with mild Whooping Cough (Deergha Kasa). Season: Grishma. Dosha predominant: Kapha.,{}
408be87c-f734-4e35-b498-a034540f03d5,2b000529-c39a-466f-8e6b-8fbf79337cf9,2025-06-13T11:45:00,Vertigo (Bhrama),"Dizziness, spinning sensation, nausea",Vata,Vata-Pitta,6,Stress,Patient presents with moderate Vertigo (Bhrama). Season: Grishma. Dosha predominant: Vata-Pitta.,{}
dedee0c5-8a8e-4126-af78-3f036efc1301,6090d357-d298-457d-880c-1319f80a8bef,2025-06-30T17:30:00,Boils (Vidradhi),"Painful red lumps, pus formation",Pitta,Pitta-Kapha,3,None,Patient presents with mild Boils (Vidradhi). Season: Grishma. Dosha predominant: Pitta-Kapha.,{}
f9a1a0db-92ae-4f41-b4a0-fcfc08b07852,d1cf9352-15bd-4106-8051-f0e95268a154,2025-06-21T11:15:00,Menstrual Disorder (Artava Dushti),"Irregular periods, heavy bleeding, cramps",Vata,Vata-Pitta,3,Hypertension,Patient presents with mild Menstrual Disorder (Artava Dushti). Season: Grishma. Dosha predominant: Vata-Pitta.,{}
784f1115-cfa3-4aa5-ac06-3ba1ab69c7c2,fea594d1-51c1-49d5-b122-05b855ebd770,2025-06-05T14:15:00,Varicose Veins (Sira Granthi),"Swollen, twisted veins, pain, heaviness in legs",Vata,Vata,3,,Patient presents with mild Varicose Veins (Sira Granthi). Season: Grishma. Dosha predominant: Vata.,{}
717683f0-f339-4f8a-8706-ec7c76085627,9593b714-7242-45e1-9503-7a9047fbef78,2025-06-16T15:45:00,Warts (Charmakeela),Small rough skin growths,Kapha,Kapha,6,Stress,Patient presents with moderate Warts (Charmakeela). Season: Grishma. Dosha predominant: Kapha.,{}
a31d5ded-c1c4-4116-9061-0ace62fd7d81,284f2e04-052d-4688-b561-ec59b69c0c1e,2025-06-02T18:45:00,Metabolic Syndrome (Santarpana Janya Vikara),"Weight gain, fatigue, high blood sugar and cholesterol",Kapha,Kapha,6,Obesity,Patient presents with moderate Metabolic Syndrome (Santarpana Janya Vikara). Season: Grishma. Dosha predominant: Kapha.,{}
11b16abf-8f0a-4d08-a4a1-452e822c4c8b,a2d93dcf-4ebc-43f7-91fe-86fc2ed3431f,2025-06-01T11:45:00,Boils (Vidradhi),"Painful red lumps, pus formation",Pitta,Pitta-Kapha,6,Hypertension,Patient presents with moderate Boils (Vidradhi). Season: Grishma. Dosha predominant: Pitta-Kapha.,{}
b5d57d06-10a7-4184-87cb-2e51aa588bab,cad4ed56-d931-4721-be0b-2af961ae1931,2025-06-17T10:30:00,Varicose Veins (Sira Granthi),"Swollen, twisted veins, pain, heaviness in legs",Vata,Vata,6,Hypertension,Patient presents with moderate Varicose Veins (Sira Granthi). Season: Grishma. Dosha predominant: Vata.,{}
44045842-d019-452e-ab93-6754037c7fba,6e0cf555-9007-43cd-98eb-1e34d984c38b,2025-06-12T16:00:00,Heart Disease (Hridroga),"Chest pain, fatigue, shortness of breath",Vata,Vata-Pitta,6,None,Patient presents with moderate Heart Disease (Hridroga). Season: Grishma. Dosha predominant: Vata-Pitta.,{}
dbb9a7e7-0654-4cad-b645-4e6e799ddb49,ba3c405c-731e-415e-824c-0ba66784336d,2025-06-05T13:45:00,Varicose Veins (Sira Granthi),"Swollen, twisted veins, pain, heaviness in legs",Vata,Vata,3,,Patient presents with mild Varicose Veins (Sira Granthi). Season: Grishma. Dosha predominant: Vata.,{}
7a993b4c-bca9-4d1c-ba2e-aa9f5e80342f,2d76ee07-67e2-4846-ac44-5d99079d88df,2025-06-02T17:15:00,Ulcerative Colitis (Raktatisara),"Abdominal pain, diarrhea, blood in stool",Pitta,Vata-Pitta,9,Hypertension,Patient presents with severe Ulcerative Colitis (Raktatisara). Season: Grishma. Dosha predominant: Vata-Pitta.,{}
2b916c07-ee94-43e9-9314-5b32efaa9727,5d2a3a2d-a56d-4dd4-9fd6-13626df1bbec,2025-06-02T10:15:00,Mumps (Karnamoola Shotha),"Swollen salivary glands, fever, jaw pain",Kapha,Kapha,6,Diabetes,Patient presents with moderate Mumps (Karnamoola Shotha). Season: Grishma. Dosha predominant: Kapha.,{}
e41bcfde-3927-4c41-9c49-a5525371f680,5d2a3a2d-a56d-4dd4-9fd6-13626df1bbec,2025-06-06T10:15:00,Mumps (Karnamoola Shotha),"Swollen salivary glands, fever, jaw pain",Kapha,Kapha,6,,Follow-up visit for Mumps (Karnamoola Shotha). Season: Grishma.,{}
a33c5763-0b3e-47b9-9ec5-b88786ab4967,726a0544-9ef5-4fcc-a522-5ed2b32a0dd5,2025-06-13T18:30:00,Fatty Liver (Yakrit Meda Vriddhi),"Fatigue, mild abdominal discomfort",Kapha,Kapha-Pitta,6,Hypertension,Patient presents with moderate Fatty Liver (Yakrit Meda Vriddhi). Season: Grishma. Dosha predominant: Kapha-Pitta.,{}
85bd46c5-9d18-4698-88ca-70e6b00fd405,4571dd57-064d-4016-a800-f13c33ed96fa,2025-06-24T15:15:00,Vitiligo (Shwitra),White patches on the skin,Pitta,Pitta-Vata,9,Obesity,Patient presents with severe Vitiligo (Shwitra). Season: Grishma. Dosha predominant: Pitta-Vata.,{}
044ec3d4-3882-43cd-af63-a2ec0401f47c,68239268-dcce-424b-baf7-e0cd2c334c4e,2025-06-28T18:30:00,Hypertension (Raktachaapa Vriddhi),"Headache, dizziness, chest discomfort",Pitta,Pitta,6,,Patient presents with moderate Hypertension (Raktachaapa Vriddhi). Season: Grishma. Dosha predominant: Pitta.,{}
1bd40b32-aeeb-42d5-a9e0-d92e0ee3eb0b,ec172880-b527-4e7d-9613-65c2052cb9fe,2025-06-21T15:30:00,Tinnitus (Karnanada),"Ringing in the ears, hearing loss, ear fullness",Vata,Vata,3,Hypertension,Patient presents with mild Tinnitus (Karnanada). Season: Grishma. Dosha predominant: Vata.,{}
bdb6da56-829b-4242-a78d-ebf6d7f592d9,88641111-ea6f-4e88-b7b8-ee4f8ca972fc,2025-06-20T16:45:00,Acne (Yuvana Pidika),"Pimples, blackheads, oily skin",Pitta,Pitta-Kapha,3,,Patient presents with mild Acne (Yuvana Pidika). Season: Grishma. Dosha predominant: Pitta-Kapha.,{}
fa7a48fa-82f6-44e7-aede-2629603f4db9,0f9da008-7ad8-49b4-b821-7077961a2d89,2025-06-20T14:15:00,Menstrual Disorder (Artava Dushti),"Irregular periods, heavy bleeding, cramps",Vata,Vata-Pitta,6,Obesity,Patient presents with moderate Menstrual Disorder (Artava Dushti). Season: Grishma. Dosha predominant: Vata-Pitta.,{}
fb675254-1577-4057-8223-a30ebfa14fe7,4416e4b2-eeea-4b9f-98d0-0d23f89fcc80,2025-06-12T15:00:00,Menstrual Disorder (Artava Dushti),"Irregular periods, heavy bleeding, cramps",Vata,Vata-Pitta,9,Hypertension,Patient presents with severe Menstrual Disorder (Artava Dushti). Season: Grishma. Dosha predominant: Vata-Pitta.,{}
2a36986d-1b66-4ac3-a5ec-3d198996522b,3b33639f-c402-479e-985a-f9ef318ef8ed,2025-06-08T14:30:00,Epilepsy (Apasmara),"Seizures, confusion, loss of consciousness",Vata,Vata,9,,Patient presents with severe Epilepsy (Apasmara). Season: Grishma. Dosha predominant: Vata.,{}
f6a82cda-5c2b-4baa-8826-c001dc669051,20f81eb4-5a12-4a2b-912b-43f090504092,2025-07-06T12:45:00,Fever (Jwara),"High temperature, chills, body ache, fatigue, sweating",Pitta,Pitta,9,Obesity,Patient presents with severe Fever (Jwara). Season: Varsha. Dosha predominant: Pitta.,{}
29781d99-0987-4a8b-90a5-11fa16cae726,2d96f55d-53fe-4716-8195-be112cbad501,2025-07-08T15:15:00,Indigestion (Ajirna),"Bloating, heaviness, loss of appetite, belching",Vata,Vata,6,,Patient presents with moderate Indigestion (Ajirna). Season: Varsha. Dosha predominant: Vata.,{}
aad2c407-8e5a-4c11-8ac0-5bcfca9e424a,302816fc-58aa-4b96-b56b-f33f8ec63da7,2025-07-14T13:30:00,Fever (Jwara),"High temperature, chills, body ache, fatigue, sweating",Pitta,Pitta,9,,Patient presents with severe Fever (Jwara). Season: Varsha. Dosha predominant: Pitta.,{}
a75b7f3d-cbd4-4058-be85-7fcffa4e03d7,302816fc-58aa-4b96-b56b-f33f8ec63da7,2025-07-17T13:30:00,Fever (Jwara),"High temperature, chills, body ache, fatigue, sweating",Pitta,Pitta,9,,Follow-up visit for Fever (Jwara). Season: Varsha.,{}
e8acdde6-13dc-475d-aae6-4c21d207fc03,f8af0b06-2aa7-4127-9b25-329f239407ef,2025-07-10T13:15:00,Joint Pain (Amavata),"Morning stiffness, swelling in joints, pain on movement",Vata,Vata,6,Diabetes,Patient presents with moderate Joint Pain (Amavata). Season: Varsha. Dosha predominant: Vata.,{}
2229b1b6-127e-4ad5-851f-1ca2b186b126,a2863a16-b7d3-4555-af5e-b7b0d342a0b2,2025-07-26T13:15:00,Joint Pain (Amavata),"Morning stiffness, swelling in joints, pain on movement",Vata,Vata,6,None,Patient presents with moderate Joint Pain (Amavata). Season: Varsha. Dosha predominant: Vata.,{}
ecf769c6-517b-4e7e-8044-928038996e39,a2863a16-b7d3-4555-af5e-b7b0d342a0b2,2025-07-29T13:15:00,Joint Pain (Amavata),"Morning stiffness, swelling in joints, pain on movement",Vata,Vata,6,,Follow-up visit for Joint Pain (Amavata). Season: Varsha.,{}
39eeaceb-9c00-4a77-877f-246dffdd4f35,284f2e04-052d-4688-b561-ec59b69c0c1e,2025-07-06T15:30:00,Indigestion (Ajirna),"Bloating, heaviness, loss of appetite, belching",Vata,Vata,6,Hypertension,Patient presents with moderate Indigestion (Ajirna). Season: Varsha. Dosha predominant: Vata.,{}
7c6f80c1-f642-4bea-adb1-d72551c05120,d1bdd759-8b5f-4f83-87e5-b0ca4ce9b8e8,2025-07-07T11:30:00,Malaria (Vishama Jwara),"Cyclical fever with chills, headache, vomiting, sweating",Pitta,Pitta,9,,Patient presents with severe Malaria (Vishama Jwara). Season: Varsha. Dosha predominant: Pitta.,{}
2fcc9343-0b45-427b-ae7f-8b5d093b6735,3ddb3fa8-90c4-4e3c-81b8-1527608659f3,2025-07-15T12:30:00,Fever (Jwara),"High temperature, chills, body ache, fatigue, sweating",Pitta,Pitta,9,,Patient presents with severe Fever (Jwara). Season: Varsha. Dosha predominant: Pitta.,{}
fce0835d-70dd-4684-aa0f-c4b2d9ee8ba5,b19ef24e-6314-43ed-b37e-4259f2909819,2025-07-04T15:15:00,Joint Pain (Amavata),"Morning stiffness, swelling in joints, pain on movement",Vata,Vata,6,Hypertension,Patient presents with moderate Joint Pain (Amavata). Season: Varsha. Dosha predominant: Vata.,{}
572982ec-7da6-4663-8ec5-73e017a33299,23693197-f808-4c2b-b8d5-95c6ad1929cc,2025-07-23T10:45:00,Indigestion (Ajirna),"Bloating, heaviness, loss of appetite, belching",Vata,Vata,6,None,Patient presents with moderate Indigestion (Ajirna). Season: Varsha. Dosha predominant: Vata.,{}
7d07edf8-60e9-4b54-a491-f826705b4231,897987e2-558c-43d7-b337-52921e51c6af,2025-07-12T08:00:00,Skin Infection (Kushtha),"Redness, pus, swelling, localized pain",Kapha,Kapha,6,Obesity,Patient presents with moderate Skin Infection (Kushtha). Season: Varsha. Dosha predominant: Kapha.,{}
5494c1db-7e8f-4a28-a6df-f210a5b62525,eed344af-298a-43cd-a157-9004d7b63686,2025-07-24T08:30:00,Fever (Jwara),"High temperature, chills, body ache, fatigue, sweating",Pitta,Pitta,9,Stress,Patient presents with severe Fever (Jwara). Season: Varsha. Dosha predominant: Pitta.,{}
b8e25ecd-fc41-4745-a8d9-bd20ad0af149,555ab5cc-8c89-4fc3-93e0-b67a8d5cd78b,2025-07-08T09:15:00,Indigestion (Ajirna),"Bloating, heaviness, loss of appetite, belching",Vata,Vata,6,Stress,Patient presents with moderate Indigestion (Ajirna). Season: Varsha. Dosha predominant: Vata.,{}
b6ee1209-d576-4995-a496-1a19cea6cd21,bad51b0a-4a59-4e13-a60d-dc6c88ed0f3b,2025-07-21T18:15:00,Dengue (Dandashthaka Jwara),"High fever, severe headache, rash, retro-orbital pain, myalgia",Pitta,Pitta,9,Obesity,Patient presents with severe Dengue (Dandashthaka Jwara). Season: Varsha. Dosha predominant: Pitta.,{}
cf467b6b-14d5-479f-ba5a-46a514e7f1f3,6e84f7a6-eb67-48e5-9d55-6a4a09594123,2025-07-04T12:15:00,Skin Infection (Kushtha),"Redness, pus, swelling, localized pain",Kapha,Kapha,6,Obesity,Patient presents with moderate Skin Infection (Kushtha). Season: Varsha. Dosha predominant: Kapha.,{}
2ac75b7f-bf8f-4e11-b89b-15699bdeba6e,72e0e2e5-163e-471e-ace5-fbb417990dc5,2025-07-01T12:30:00,Malaria (Vishama Jwara),"Cyclical fever with chills, headache, vomiting, sweating",Pitta,Pitta,9,,Patient presents with severe Malaria (Vishama Jwara). Season: Varsha. Dosha predominant: Pitta.,{}
8ee38513-535e-4de5-9e99-64879fbca800,0e355b07-5976-4177-bc19-cc009bc22b31,2025-07-22T10:45:00,Fever (Jwara),"High temperature, chills, body ache, fatigue, sweating",Pitta,Pitta,9,,Patient presents with severe Fever (Jwara). Season: Varsha. Dosha predominant: Pitta.,{}
4bf06d69-dfe0-47bb-981c-e1091bd2aaa1,d1117b7d-b826-49ba-a204-890faeac4230,2025-07-12T13:00:00,Joint Pain (Amavata),"Morning stiffness, swelling in joints, pain on movement",Vata,Vata,6,None,Patient presents with moderate Joint Pain (Amavata). Season: Varsha. Dosha predominant: Vata.,{}
a274f90c-9e49-4361-b4c3-91fc2ff7f982,3b2b32e1-d89f-4be7-85a6-7f655317bb74,2025-07-08T17:15:00,Joint Pain (Amavata),"Morning stiffness, swelling in joints, pain on movement",Vata,Vata,6,Obesity,Patient presents with moderate Joint Pain (Amavata). Season: Varsha. Dosha predominant: Vata.,{}
39c19879-c4a7-4903-ad5d-ed3b769d120d,b021bb1e-6e42-419a-bcff-6dacfc1a7d5c,2025-07-25T09:00:00,Indigestion (Ajirna),"Bloating, heaviness, loss of appetite, belching",Vata,Vata,6,Obesity,Patient presents with moderate Indigestion (Ajirna). Season: Varsha. Dosha predominant: Vata.,{}
80ff49c6-008c-47c0-91f8-f230a1618a9c,b1ca24de-ff5e-404a-9172-20781fcaa50d,2025-07-26T09:30:00,Skin Infection (Kushtha),"Redness, pus, swelling, localized pain",Kapha,Kapha,6,,Patient presents with moderate Skin Infection (Kushtha). Season: Varsha. Dosha predominant: Kapha.,{}
2d595421-fb6b-4e26-8373-03a5485c2588,a208147f-d12d-4eb4-8b06-6dc44ee0c0d1,2025-07-24T16:15:00,Skin Infection (Kushtha),"Redness, pus, swelling, localized pain",Kapha,Kapha,6,Hypertension,Patient presents with moderate Skin Infection (Kushtha). Season: Varsha. Dosha predominant: Kapha.,{}
9b390688-fa0c-4eb3-8b9c-22b72b9a0a55,b30ca37b-a315-4855-83d7-b9eedff50f6d,2025-07-13T14:00:00,Malaria (Vishama Jwara),"Cyclical fever with chills, headache, vomiting, sweating",Pitta,Pitta,9,Stress,Patient presents with severe Malaria (Vishama Jwara). Season: Varsha. Dosha predominant: Pitta.,{}
50ab4c27-e451-48c8-aaf8-6f4dbc8d6025,1bd1a606-f0aa-477e-b5af-4465704114cb,2025-07-22T12:00:00,Skin Infection (Kushtha),"Redness, pus, swelling, localized pain",Kapha,Kapha,6,Obesity,Patient presents with moderate Skin Infection (Kushtha). Season: Varsha. Dosha predominant: Kapha.,{}
5f81e930-4425-4c1e-b85b-a14aba052315,d7f6b712-cbec-4b14-91a0-38a63d02a0ed,2025-07-21T15:15:00,Dengue (Dandashthaka Jwara),"High fever, severe headache, rash, retro-orbital pain, myalgia",Pitta,Pitta,9,Hypertension,Patient presents with severe Dengue (Dandashthaka Jwara). Season: Varsha. Dosha predominant: Pitta.,{}
c31a89b1-33c7-41f7-a5f2-de1265429c6b,af1b036f-15ce-4bee-90c9-6f5c85362c5e,2025-07-03T16:15:00,Diarrhea (Atisara),"Loose watery stools, abdominal cramps, dehydration",Pitta,Pitta,6,Stress,Patient presents with moderate Diarrhea (Atisara). Season: Varsha. Dosha predominant: Pitta.,{}
4fc9d198-0253-4f01-a73e-a4d1532c29af,1602ef2e-0031-469b-9a7f-6b4ad32085b6,2025-07-25T14:15:00,Fever (Jwara),"High temperature, chills, body ache, fatigue, sweating",Pitta,Pitta,9,Stress,Patient presents with severe Fever (Jwara). Season: Varsha. Dosha predominant: Pitta.,{}
d2143663-9bf4-4424-82a3-d60bcbb6b2a0,c3030c9a-00cc-4459-b859-fe10292f40d7,2025-07-23T17:00:00,Indigestion (Ajirna),"Bloating, heaviness, loss of appetite, belching",Vata,Vata,6,,Patient presents with moderate Indigestion (Ajirna). Season: Varsha. Dosha predominant: Vata.,{}
c225c3e8-01e7-428f-ad6c-ac65af7b38ff,47df3556-8d0c-47a3-a64f-0fb92dc22b50,2025-07-03T09:00:00,Malaria (Vishama Jwara),"Cyclical fever with chills, headache, vomiting, sweating",Pitta,Pitta,9,Obesity,Patient presents with severe Malaria (Vishama Jwara). Season: Varsha. Dosha predominant: Pitta.,{}
7432f8bd-4e46-44f7-9781-c1e726385980,cdf86a65-a462-4c63-979b-4ddbfa3f2d31,2025-07-26T13:00:00,Skin Infection (Kushtha),"Redness, pus, swelling, localized pain",Kapha,Kapha,6,,Patient presents with moderate Skin Infection (Kushtha). Season: Varsha. Dosha predominant: Kapha.,{}
6e074d30-8e33-4af6-ab5d-8843f5631764,a4bae99d-a610-40a8-a967-8710252abaee,2025-07-11T13:45:00,Skin Infection (Kushtha),"Redness, pus, swelling, localized pain",Kapha,Kapha,6,Diabetes,Patient presents with moderate Skin Infection (Kushtha). Season: Varsha. Dosha predominant: Kapha.,{}
a6e7245f-34f7-42bc-ad17-9dee94780b2c,b593a2de-4dce-41fe-8df0-866da1496436,2025-07-03T15:45:00,Indigestion (Ajirna),"Bloating, heaviness, loss of appetite, belching",Vata,Vata,6,Stress,Patient presents with moderate Indigestion (Ajirna). Season: Varsha. Dosha predominant: Vata.,{}
c4535ca1-3df1-4309-8321-1ced4d295893,6a0adaf9-d7f2-49eb-bf36-94ab8b287f72,2025-07-04T14:45:00,Malaria (Vishama Jwara),"Cyclical fever with chills, headache, vomiting, sweating",Pitta,Pitta,9,None,Patient presents with severe Malaria (Vishama Jwara). Season: Varsha. Dosha predominant: Pitta.,{}
a2b91955-9bdc-4e49-be73-b0a1256b8173,9794940b-e5ef-4b76-b611-e0a5df9ef8ec,2025-07-27T15:30:00,Joint Pain (Amavata),"Morning stiffness, swelling in joints, pain on movement",Vata,Vata,6,Hypertension,Patient presents with moderate Joint Pain (Amavata). Season: Varsha. Dosha predominant: Vata.,{}
2747a32c-3bfa-4705-a2d8-cdadc5c922e8,4ea275f1-c2f9-4bd0-945d-35e83e9ab232,2025-07-10T14:45:00,Fever (Jwara),"High temperature, chills, body ache, fatigue, sweating",Pitta,Pitta,9,None,Patient presents with severe Fever (Jwara). Season: Varsha. Dosha predominant: Pitta.,{}
62d4b452-5b8b-40dc-ac4e-45f21bec5ebd,6c3e91d7-4c5c-41e9-b04e-6118deaff127,2025-07-03T12:15:00,Indigestion (Ajirna),"Bloating, heaviness, loss of appetite, belching",Vata,Vata,6,Diabetes,Patient presents with moderate Indigestion (Ajirna). Season: Varsha. Dosha predominant: Vata.,{}
fd1489f9-1628-4e59-8894-30d75183a852,4caa8dca-1b4d-48d6-b86d-c781c6faf21d,2025-07-09T08:30:00,Diarrhea (Atisara),"Loose watery stools, abdominal cramps, dehydration",Pitta,Pitta,6,Obesity,Patient presents with moderate Diarrhea (Atisara). Season: Varsha. Dosha predominant: Pitta.,{}
af19d8fe-65fe-492a-902c-11d1d9fb0111,d86aac54-f472-4863-b75f-da024a0445c4,2025-07-30T08:00:00,Joint Pain (Amavata),"Morning stiffness, swelling in joints, pain on movement",Vata,Vata,6,Stress,Patient presents with moderate Joint Pain (Amavata). Season: Varsha. Dosha predominant: Vata.,{}
f5acfce1-a89d-44ab-b4ed-edbc0a3aca7b,3ddb3fa8-90c4-4e3c-81b8-1527608659f3,2025-07-24T17:15:00,Dengue (Dandashthaka Jwara),"High fever, severe headache, rash, retro-orbital pain, myalgia",Pitta,Pitta,9,None,Patient presents with severe Dengue (Dandashthaka Jwara). Season: Varsha. Dosha predominant: Pitta.,{}
900f7762-4b72-46b1-bcba-73f5a7ce67ee,5a57dd8f-085f-4867-9b4f-e61543fa2870,2025-07-09T08:30:00,Joint Pain (Amavata),"Morning stiffness, swelling in joints, pain on movement",Vata,Vata,6,,Patient presents with moderate Joint Pain (Amavata). Season: Varsha. Dosha predominant: Vata.,{}
154d7fa5-05e3-4081-9a90-f8464eabaa61,e726f11b-11bb-4f80-87b3-c554a5e81cee,2025-07-15T16:15:00,Diarrhea (Atisara),"Loose watery stools, abdominal cramps, dehydration",Pitta,Pitta,6,,Patient presents with moderate Diarrhea (Atisara). Season: Varsha. Dosha predominant: Pitta.,{}
e0481a9c-eb65-4597-b2b9-75044842e53b,3793ac91-3818-48db-914a-3e766d6aca47,2025-07-19T16:30:00,Indigestion (Ajirna),"Bloating, heaviness, loss of appetite, belching",Vata,Vata,6,Stress,Patient presents with moderate Indigestion (Ajirna). Season: Varsha. Dosha predominant: Vata.,{}
8836a072-4152-441a-97fc-97cdd35224c2,f2b03105-b124-49bd-ab07-249f0413e859,2025-07-04T09:00:00,Dengue (Dandashthaka Jwara),"High fever, severe headache, rash, retro-orbital pain, myalgia",Pitta,Pitta,9,Diabetes,Patient presents with severe Dengue (Dandashthaka Jwara). Season: Varsha. Dosha predominant: Pitta.,{}
1f71e46d-b123-4acd-b95d-afd01a88544c,14d6fe6c-251d-4094-a395-154f42ccae76,2025-07-20T18:30:00,Indigestion (Ajirna),"Bloating, heaviness, loss of appetite, belching",Vata,Vata,6,Hypertension,Patient presents with moderate Indigestion (Ajirna). Season: Varsha. Dosha predominant: Vata.,{}
83508387-8b48-4b35-8ef4-8c9f03daeb76,3730d8a1-557b-4224-9319-4901dc66ab18,2025-07-06T14:00:00,Indigestion (Ajirna),"Bloating, heaviness, loss of appetite, belching",Vata,Vata,6,Hypertension,Patient presents with moderate Indigestion (Ajirna). Season: Varsha. Dosha predominant: Vata.,{}
c1b78b16-4c59-454d-931f-8ee1fd0d2639,3793ac91-3818-48db-914a-3e766d6aca47,2025-07-27T17:00:00,Diarrhea (Atisara),"Loose watery stools, abdominal cramps, dehydration",Pitta,Pitta,6,None,Patient presents with moderate Diarrhea (Atisara). Season: Varsha. Dosha predominant: Pitta.,{}
ab7f916b-d758-4107-a989-603cc3884e4f,9e0d7b33-041b-4823-8f71-fecda4c7e0e0,2025-07-06T18:15:00,Indigestion (Ajirna),"Bloating, heaviness, loss of appetite, belching",Vata,Vata,6,Obesity,Patient presents with moderate Indigestion (Ajirna). Season: Varsha. Dosha predominant: Vata.,{}
089ee041-2b69-46dd-9d5b-b34abb7e6855,676649b4-f26d-4c6d-a756-5c3c7bb9e323,2025-07-11T17:00:00,Dengue (Dandashthaka Jwara),"High fever, severe headache, rash, retro-orbital pain, myalgia",Pitta,Pitta,9,None,Patient presents with severe Dengue (Dandashthaka Jwara). Season: Varsha. Dosha predominant: Pitta.,{}
2014b8ae-6c95-42bc-8a34-af383e4d78e8,88541d32-5fcf-4d73-893f-b3a3d4b1b707,2025-07-16T13:15:00,Malaria (Vishama Jwara),"Cyclical fever with chills, headache, vomiting, sweating",Pitta,Pitta,9,Stress,Patient presents with severe Malaria (Vishama Jwara). Season: Varsha. Dosha predominant: Pitta.,{}
9a2b0e87-3a36-4f61-989f-d4a831f365f3,40c8fdf4-e9a7-4a4f-8db2-d51ae882d4b1,2025-07-07T18:15:00,Malaria (Vishama Jwara),"Cyclical fever with chills, headache, vomiting, sweating",Pitta,Pitta,9,Obesity,Patient presents with severe Malaria (Vishama Jwara). Season: Varsha. Dosha predominant: Pitta.,{}
b6e4068f-4a14-4349-9607-b8c5dd421e43,70a0cfb7-ee40-4a08-bd6e-4e011a012e73,2025-07-23T12:45:00,Fever (Jwara),"High temperature, chills, body ache, fatigue, sweating",Pitta,Pitta,9,,Patient presents with severe Fever (Jwara). Season: Varsha. Dosha predominant: Pitta.,{}
d3691518-ac32-4108-b6b0-1b2cb3167b4e,05c5d18d-77f0-4ca4-b2cb-7190f17e2181,2025-07-18T12:30:00,Indigestion (Ajirna),"Bloating, heaviness, loss of appetite, belching",Vata,Vata,6,Diabetes,Patient presents with moderate Indigestion (Ajirna). Season: Varsha. Dosha predominant: Vata.,{}
a048322e-35b7-4ab2-9b5d-e6882eecd85c,f2459330-195c-4d73-9b9e-e1536291858a,2025-07-08T15:45:00,Fever (Jwara),"High temperature, chills, body ache, fatigue, sweating",Pitta,Pitta,9,None,Patient presents with severe Fever (Jwara). Season: Varsha. Dosha predominant: Pitta.,{}
fb419917-e290-460c-bbb1-747b25813911,18bfc77a-5e23-4708-ad36-1701cb9ee789,2025-07-15T18:30:00,Joint Pain (Amavata),"Morning stiffness, swelling in joints, pain on movement",Vata,Vata,6,Stress,Patient presents with moderate Joint Pain (Amavata). Season: Varsha. Dosha predominant: Vata.,{}
d87d1752-4779-499d-8a57-2aca0be5fa76,7cc5ac08-483b-4e54-8678-f323be76d462,2025-07-10T09:45:00,Dengue (Dandashthaka Jwara),"High fever, severe headache, rash, retro-orbital pain, myalgia",Pitta,Pitta,9,Hypertension,Patient presents with severe Dengue (Dandashthaka Jwara). Season: Varsha. Dosha predominant: Pitta.,{}
745bfc40-5634-4fe9-8c78-fc3e9a0fcfd8,fc6b9ba8-7c80-4764-8482-f20bc831c4e5,2025-07-04T15:15:00,Indigestion (Ajirna),"Bloating, heaviness, loss of appetite, belching",Vata,Vata,6,Diabetes,Patient presents with moderate Indigestion (Ajirna). Season: Varsha. Dosha predominant: Vata.,{}
ad9a1536-c87f-48ed-aa8d-0e22ad95f30f,f8af0b06-2aa7-4127-9b25-329f239407ef,2025-07-22T16:15:00,Malaria (Vishama Jwara),"Cyclical fever with chills, headache, vomiting, sweating",Pitta,Pitta,9,Hypertension,Patient presents with severe Malaria (Vishama Jwara). Season: Varsha. Dosha predominant: Pitta.,{}
4794bad3-bca0-4012-8b3a-aa226a43a82b,f8af0b06-2aa7-4127-9b25-329f239407ef,2025-07-28T09:30:00,Fever (Jwara),"High temperature, chills, body ache, fatigue, sweating",Pitta,Pitta,9,Diabetes,Patient presents with severe Fever (Jwara). Season: Varsha. Dosha predominant: Pitta.,{}
b5997691-30fc-428d-bbe4-3623659a08d6,cdff0861-7101-4d39-8c1a-38dbe3aded59,2025-07-26T13:00:00,Diarrhea (Atisara),"Loose watery stools, abdominal cramps, dehydration",Pitta,Pitta,6,Diabetes,Patient presents with moderate Diarrhea (Atisara). Season: Varsha. Dosha predominant: Pitta.,{}
a70f4c4c-fd4e-4b33-8172-a7e6f8262347,d3e9e3ed-00ef-4cd2-9ea2-5de5ff487ba3,2025-07-02T13:45:00,Indigestion (Ajirna),"Bloating, heaviness, loss of appetite, belching",Vata,Vata,6,Diabetes,Patient presents with moderate Indigestion (Ajirna). Season: Varsha. Dosha predominant: Vata.,{}
60ce7f2c-4f4e-4ad8-bb7f-9ce90343c366,81a9595e-f9fa-4798-b57a-6411305979d7,2025-07-02T11:45:00,Joint Pain (Amavata),"Morning stiffness, swelling in joints, pain on movement",Vata,Vata,6,Diabetes,Patient presents with moderate Joint Pain (Amavata). Season: Varsha. Dosha predominant: Vata.,{}
98b97017-4495-4357-b38e-4f259b0fe7d7,5f050a4d-2240-4de3-86ad-cf19f243d441,2025-07-27T18:00:00,Diarrhea (Atisara),"Loose watery stools, abdominal cramps, dehydration",Pitta,Pitta,6,Diabetes,Patient presents with moderate Diarrhea (Atisara). Season: Varsha. Dosha predominant: Pitta.,{}
94bba678-968f-4431-91a9-2e9c388926a0,154bbf2d-5368-4eeb-9ffa-33967d0ab6c6,2025-07-15T14:45:00,Diarrhea (Atisara),"Loose watery stools, abdominal cramps, dehydration",Pitta,Pitta,6,Hypertension,Patient presents with moderate Diarrhea (Atisara). Season: Varsha. Dosha predominant: Pitta.,{}
99e1bf62-3737-45cc-b8f6-dfb6e64c8af0,881dc7fa-c689-4a27-aa73-9fc771cc3859,2025-07-03T09:15:00,Joint Pain (Amavata),"Morning stiffness, swelling in joints, pain on movement",Vata,Vata,6,Diabetes,Patient presents with moderate Joint Pain (Amavata). Season: Varsha. Dosha predominant: Vata.,{}
6aa4b9d7-4752-4835-b014-7adc4a833c72,881dc7fa-c689-4a27-aa73-9fc771cc3859,2025-07-08T09:15:00,Joint Pain (Amavata),"Morning stiffness, swelling in joints, pain on movement",Vata,Vata,6,,Follow-up visit for Joint Pain (Amavata). Season: Varsha.,{}
7e9046f7-b24e-4fbb-a78f-5cbbd1aeb841,493ce533-a40e-41da-b998-80990e815203,2025-07-16T11:30:00,Skin Infection (Kushtha),"Redness, pus, swelling, localized pain",Kapha,Kapha,6,Stress,Patient presents with moderate Skin Infection (Kushtha). Season: Varsha. Dosha predominant: Kapha.,{}
91bb8e74-c2ee-4d41-a6a5-774abb6c19ad,a3d0adbd-0a8a-4458-b071-8ee03e1f452a,2025-07-30T16:45:00,Malaria (Vishama Jwara),"Cyclical fever with chills, headache, vomiting, sweating",Pitta,Pitta,9,Stress,Patient presents with severe Malaria (Vishama Jwara). Season: Varsha. Dosha predominant: Pitta.,{}
aba93929-400a-4a97-90aa-0c8584336955,5cec6846-ee26-4a02-8fb2-577ebb323eff,2025-07-18T14:15:00,Diarrhea (Atisara),"Loose watery stools, abdominal cramps, dehydration",Pitta,Pitta,6,Diabetes,Patient presents with moderate Diarrhea (Atisara). Season: Varsha. Dosha predominant: Pitta.,{}
6cf5d2e8-0d8d-41b6-a252-0f1cbd3126bb,84cdf1ff-fdd5-4fe5-acc2-4e3ea3f03ad6,2025-07-27T18:30:00,Diarrhea (Atisara),"Loose watery stools, abdominal cramps, dehydration",Pitta,Pitta,6,Hypertension,Patient presents with moderate Diarrhea (Atisara). Season: Varsha. Dosha predominant: Pitta.,{}
5c226028-e56f-4b03-b6ca-e2e94d27f750,6632d43c-3a96-476e-84b8-dcec0dde708c,2025-07-03T15:45:00,Malaria (Vishama Jwara),"Cyclical fever with chills, headache, vomiting, sweating",Pitta,Pitta,9,Stress,Patient presents with severe Malaria (Vishama Jwara). Season: Varsha. Dosha predominant: Pitta.,{}
8963525f-dec2-4a15-b5c1-248f2b1f96f4,9f8a98d2-a7aa-41a6-a9b6-3e052ae361b4,2025-07-04T16:45:00,Malaria (Vishama Jwara),"Cyclical fever with chills, headache, vomiting, sweating",Pitta,Pitta,9,,Patient presents with severe Malaria (Vishama Jwara). Season: Varsha. Dosha predominant: Pitta.,{}
893eddf3-6086-425d-895b-de3e372b378c,e1efcd00-e449-4ad3-9924-97ba721d96c1,2025-07-18T15:00:00,Joint Pain (Amavata),"Morning stiffness, swelling in joints, pain on movement",Vata,Vata,6,None,Patient presents with moderate Joint Pain (Amavata). Season: Varsha. Dosha predominant: Vata.,{}
65ebde47-db35-41c5-9f4d-6f5622e5c221,ddcc336f-74ea-4cb1-99ad-e7643ecb2c8b,2025-07-19T09:00:00,Dengue (Dandashthaka Jwara),"High fever, severe headache, rash, retro-orbital pain, myalgia",Pitta,Pitta,9,,Patient presents with severe Dengue (Dandashthaka Jwara). Season: Varsha. Dosha predominant: Pitta.,{}
55799607-3f87-4e5b-bec6-a528be86b53f,7fb71aa9-1172-43dd-901d-71c9308d0d5a,2025-07-14T13:00:00,Dengue (Dandashthaka Jwara),"High fever, severe headache, rash, retro-orbital pain, myalgia",Pitta,Pitta,9,Obesity,Patient presents with severe Dengue (Dandashthaka Jwara). Season: Varsha. Dosha predominant: Pitta.,{}
2af592ef-102c-44f0-8e3b-e91866b6ca13,ddcc336f-74ea-4cb1-99ad-e7643ecb2c8b,2025-07-18T18:15:00,Malaria (Vishama Jwara),"Cyclical fever with chills, headache, vomiting, sweating",Pitta,Pitta,9,Stress,Patient presents with severe Malaria (Vishama Jwara). Season: Varsha. Dosha predominant: Pitta.,{}
b61d3747-9a13-4c03-9549-312b9c0be488,fce7a316-7a3c-4e5c-a936-2bdfb6b526e5,2025-07-24T08:30:00,Malaria (Vishama Jwara),"Cyclical fever with chills, headache, vomiting, sweating",Pitta,Pitta,9,Hypertension,Patient presents with severe Malaria (Vishama Jwara). Season: Varsha. Dosha predominant: Pitta.,{}
fdaea991-23af-4a80-aac1-a826c311f13a,5b077a5a-6fe9-449a-b002-65fa60750bef,2025-07-29T16:45:00,Skin Infection (Kushtha),"Redness, pus, swelling, localized pain",Kapha,Kapha,6,Hypertension,Patient presents with moderate Skin Infection (Kushtha). Season: Varsha. Dosha predominant: Kapha.,{}
31a6a323-6646-42d4-a2bb-a07fa64d37b7,cef256de-7027-4c91-b77c-aeba646f95c2,2025-07-04T08:15:00,Fever (Jwara),"High temperature, chills, body ache, fatigue, sweating",Pitta,Pitta,9,,Patient presents with severe Fever (Jwara). Season: Varsha. Dosha predominant: Pitta.,{}
8c8e76a1-b7f1-47b0-881c-23bc76a11a0a,70a0cfb7-ee40-4a08-bd6e-4e011a012e73,2025-07-13T11:30:00,Fever (Jwara),"High temperature, chills, body ache, fatigue, sweating",Pitta,Pitta,9,None,Patient presents with severe Fever (Jwara). Season: Varsha. Dosha predominant: Pitta.,{}
e1881d22-e83b-47cd-8595-2dad665f0029,95a5c4de-24b2-4b6a-a372-c1a6092bc230,2025-07-26T08:00:00,Fever (Jwara),"High temperature, chills, body ache, fatigue, sweating",Pitta,Pitta,9,Stress,Patient presents with severe Fever (Jwara). Season: Varsha. Dosha predominant: Pitta.,{}
4a2386b1-d071-40ff-8096-14fd9012ab66,b30ca37b-a315-4855-83d7-b9eedff50f6d,2025-07-27T10:45:00,Digestive Disorder (Vikara),"Bloating, nausea, indigestion, discomfort after eating",Pitta,Pitta-Vata,3,None,Patient presents with mild Digestive Disorder (Vikara). Season: Varsha. Dosha predominant: Pitta-Vata.,{}
d96f2534-0a50-4fa0-b11c-419abf16f5ac,310f9b10-b619-47ee-b429-3e77ea1012c0,2025-07-08T18:30:00,Lymphadenopathy (Apachi),"Swollen lymph nodes, fever, night sweats",Pitta,Pitta,6,Stress,Patient presents with moderate Lymphadenopathy (Apachi). Season: Varsha. Dosha predominant: Pitta.,{}
66ff3adb-820a-476a-acaa-46e05602f316,47858567-6aac-44d7-9781-0cc941cbdfe4,2025-07-07T15:45:00,Worm Infection (Krimi Roga),"Abdominal pain, diarrhea, weight loss, bloating",Vata,Vata,9,Obesity,Patient presents with severe Worm Infection (Krimi Roga). Season: Varsha. Dosha predominant: Vata.,{}
d56990bc-9d04-4a37-93ce-ddb9632d1902,b24372cb-0bf9-463e-b70e-5cb1c24a300e,2025-07-05T14:15:00,Menstrual Disorder (Artava Dushti),"Irregular periods, heavy bleeding, cramps",Vata,Vata-Pitta,6,Diabetes,Patient presents with moderate Menstrual Disorder (Artava Dushti). Season: Varsha. Dosha predominant: Vata-Pitta.,{}
79a3a471-de38-4d6c-9dba-77bcd789fd80,bc599ee1-0c6b-4fb8-ba60-a0ec12122c97,2025-07-19T18:30:00,Hyperlipidemia (Medo Vriddhi),"Elevated cholesterol, fatigue, chest heaviness",Kapha,Kapha,6,Hypertension,Patient presents with moderate Hyperlipidemia (Medo Vriddhi). Season: Varsha. Dosha predominant: Kapha.,{}
0c9a4619-b845-495f-a903-ccfd0ff036a9,a437cbaa-d6ec-4051-b939-8cc1ce50c44c,2025-07-01T11:45:00,Gingivitis (Danta Vidradhi),"Red, swollen gums, bleeding while brushing",Pitta,Pitta,6,,Patient presents with moderate Gingivitis (Danta Vidradhi). Season: Varsha. Dosha predominant: Pitta.,{}
13b88d05-c07b-49d6-95e9-7f174a09f325,b8558f6b-1005-494c-9253-bafc46f9130b,2025-07-10T15:30:00,Goiter (Galaganda),"Swelling in the neck, difficulty swallowing",Kapha,Vata-Pitta,6,Obesity,Patient presents with moderate Goiter (Galaganda). Season: Varsha. Dosha predominant: Vata-Pitta.,{}
ae57e222-7965-4293-afcf-934eeec88b11,ccb0be9b-ffc4-41e2-aab9-f4cedef39498,2025-07-02T12:00:00,Amebiasis (Pittaja Atisara),"Abdominal pain, diarrhea, fever",Pitta,Pitta-Kapha,3,,Patient presents with mild Amebiasis (Pittaja Atisara). Season: Varsha. Dosha predominant: Pitta-Kapha.,{}
cce7cb31-78db-4194-b4a4-295db2d4758d,78b5103d-d013-4bf6-b81f-ece600e7fba4,2025-07-11T18:45:00,Back Pain (Prishtha Shoola),"Muscle stiffness, difficulty moving",Vata,Vata,9,,Patient presents with severe Back Pain (Prishtha Shoola). Season: Varsha. Dosha predominant: Vata.,{}
155b5d2b-1d15-4c4d-9e70-86b26d8be308,4571dd57-064d-4016-a800-f13c33ed96fa,2025-07-28T08:30:00,Prostate Enlargement (Vriddhi),"Frequent urination, difficulty urinating, weak stream",Vata,Vata,6,,Patient presents with moderate Prostate Enlargement (Vriddhi). Season: Varsha. Dosha predominant: Vata.,{}
170c5b15-bbe8-4682-a633-6f14d0660a2b,b8c2f23f-7205-4ce2-b408-163f542bd7b2,2025-07-03T17:45:00,Tinnitus (Karnanada),"Ringing in the ears, hearing loss, ear fullness",Vata,Vata,6,None,Patient presents with moderate Tinnitus (Karnanada). Season: Varsha. Dosha predominant: Vata.,{}
b10e5c73-00aa-42d4-bd11-58c89a786af1,d334836d-f7e8-4a2c-8348-0d18e7793074,2025-07-03T12:45:00,Gingivitis (Danta Vidradhi),"Red, swollen gums, bleeding while brushing",Pitta,Pitta,3,,Patient presents with mild Gingivitis (Danta Vidradhi). Season: Varsha. Dosha predominant: Pitta.,{}
76c72d90-e8db-4aba-a33e-d0e1e7d5ca14,ecdd2715-8870-4038-b792-8e16cdbef190,2025-07-21T14:15:00,Sinusitis (Apinasa),"Nasal congestion, facial pain, headaches",Kapha,Vata-Kapha,3,,Patient presents with mild Sinusitis (Apinasa). Season: Varsha. Dosha predominant: Vata-Kapha.,{}
94caf98e-b95a-4bdf-9dc1-9e411e6391ab,870d7afe-c6c2-4882-9958-af76ea166c67,2025-07-09T10:15:00,Digestive Disorder (Vikara),"Bloating, nausea, indigestion, discomfort after eating",Pitta,Pitta-Vata,6,Stress,Patient presents with moderate Digestive Disorder (Vikara). Season: Varsha. Dosha predominant: Pitta-Vata.,{}
16f8cc58-49f3-4617-8e71-e80c9ac5fb07,12825953-c5f2-4160-bc7f-c5997e75486e,2025-07-08T16:45:00,Acne (Yuvana Pidika),"Pimples, blackheads, oily skin",Pitta,Pitta-Kapha,6,None,Patient presents with moderate Acne (Yuvana Pidika). Season: Varsha. Dosha predominant: Pitta-Kapha.,{}
39d3e90f-06ab-4dbd-8c99-21631c0a973b,b9b2ef83-b99f-4e76-a2ab-5d183eebf521,2025-07-28T11:00:00,Irritable Bowel Syndrome (Grahani),"Abdominal cramps, bloating, alternating diarrhea and constipation",Vata,Vata,6,Diabetes,Patient presents with moderate Irritable Bowel Syndrome (Grahani). Season: Varsha. Dosha predominant: Vata.,{}
70b69a6a-07ce-4169-a8cb-6cef7961a4c4,0af349d2-942f-45d5-9bc2-64345d05fbea,2025-07-09T08:15:00,Digestive Disorder (Vikara),"Bloating, nausea, indigestion, discomfort after eating",Pitta,Pitta-Vata,6,,Patient presents with moderate Digestive Disorder (Vikara). Season: Varsha. Dosha predominant: Pitta-Vata.,{}
791ede7c-9a05-463f-ae41-1829b4b92cd9,236bd531-011b-4496-b852-939257e25773,2025-07-14T15:45:00,Burnout (Chitta Klama),"Fatigue, irritability, trouble sleeping, anxiety",Vata,Vata-Pitta,6,,Patient presents with moderate Burnout (Chitta Klama). Season: Varsha. Dosha predominant: Vata-Pitta.,{}
e32b4136-2e7f-4435-97a3-fee176c478f7,fb8f5ee9-eb28-49ae-9b13-1a79bfbe6552,2025-07-24T16:00:00,Metabolic Syndrome (Santarpana Janya Vikara),"Weight gain, fatigue, high blood sugar and cholesterol",Kapha,Kapha,3,Diabetes,Patient presents with mild Metabolic Syndrome (Santarpana Janya Vikara). Season: Varsha. Dosha predominant: Kapha.,{}
13338b82-1c13-4abb-b42b-9451789286ca,01d1fa93-bd3f-44b0-b8a1-81b87e0e7564,2025-07-19T17:30:00,Acne (Yuvana Pidika),"Pimples, blackheads, oily skin",Pitta,Pitta-Kapha,6,Stress,Patient presents with moderate Acne (Yuvana Pidika). Season: Varsha. Dosha predominant: Pitta-Kapha.,{}
bb5302b1-30ac-46b0-81f5-c825068bd8a5,1b8907f8-c801-4a84-bbb3-a6d21a4da257,2025-07-11T17:15:00,Chikungunya (Sandhi Jwara),"Joint pain, fever, rash",Pitta,Vata-Pitta,6,Hypertension,Patient presents with moderate Chikungunya (Sandhi Jwara). Season: Varsha. Dosha predominant: Vata-Pitta.,{}
a1dd4467-a150-4a02-9ed3-ed535a32e9df,47858567-6aac-44d7-9781-0cc941cbdfe4,2025-07-30T09:30:00,Conjunctivitis (Netra Abhishyanda),"Red eyes, itchy eyes, eye discharge",Pitta,Pitta,6,,Patient presents with moderate Conjunctivitis (Netra Abhishyanda). Season: Varsha. Dosha predominant: Pitta.,{}
ae1ba664-35db-48ae-89a5-bb3c37176e5c,e2e19b7c-867f-43b6-9141-af8b63dab285,2025-07-18T11:00:00,Peptic Ulcer (Parinama Shoola),"Burning stomach pain, bloating, nausea",Pitta,Pitta,6,None,Patient presents with moderate Peptic Ulcer (Parinama Shoola). Season: Varsha. Dosha predominant: Pitta.,{}
c16a8c69-733c-43e0-8bcb-a28073370a52,17aadfbf-c118-4eff-83ee-785fef98771a,2025-07-03T11:00:00,Mumps (Karnamoola Shotha),"Swollen salivary glands, fever, jaw pain",Kapha,Kapha,3,Hypertension,Patient presents with mild Mumps (Karnamoola Shotha). Season: Varsha. Dosha predominant: Kapha.,{}
8e4cc71a-7081-428e-95f9-dbb8c97dbeb5,17aadfbf-c118-4eff-83ee-785fef98771a,2025-07-05T11:00:00,Mumps (Karnamoola Shotha),"Swollen salivary glands, fever, jaw pain",Kapha,Kapha,3,,Follow-up visit for Mumps (Karnamoola Shotha). Season: Varsha.,{}
2eacd4ad-a42d-4fa2-ae01-26dc5316e3d0,d56a8d27-6a5a-4e28-a957-7d883cf46c3c,2025-07-14T09:00:00,Tonsillitis (Tundikeri),"Sore throat, difficulty swallowing, fever",Kapha,Kapha-Pitta,3,Diabetes,Patient presents with mild Tonsillitis (Tundikeri). Season: Varsha. Dosha predominant: Kapha-Pitta.,{}
9d51f589-77e0-439f-a838-0e1eb3d6bc09,6e84f7a6-eb67-48e5-9d55-6a4a09594123,2025-07-24T12:30:00,Sinusitis (Apinasa),"Nasal congestion, facial pain, headaches",Kapha,Vata-Kapha,6,,Patient presents with moderate Sinusitis (Apinasa). Season: Varsha. Dosha predominant: Vata-Kapha.,{}
dd2abfc6-e6ed-4b13-8e01-c86250198ea9,9daa4358-a717-447a-a1fb-171c97c752e5,2025-07-11T08:45:00,Depression (Vishada),"Sadness, loss of interest, fatigue",Vata,Vata-Pitta,9,None,Patient presents with severe Depression (Vishada). Season: Varsha. Dosha predominant: Vata-Pitta.,{}
f3433375-6e73-4232-b3ea-74ce8ffb9c34,879a6629-a37f-4da9-a046-c5ae1e31523e,2025-07-28T16:15:00,Depression (Vishada),"Sadness, loss of interest, fatigue",Vata,Vata-Pitta,3,Obesity,Patient presents with mild Depression (Vishada). Season: Varsha. Dosha predominant: Vata-Pitta.,{}
45d8979c-bc5d-49bb-baa7-89278e1449a3,aa15fab5-3ec4-43e0-8861-ea6a4a239468,2025-07-13T18:45:00,Stress (Manasika Tanava),"Anxiety, fatigue, headaches, irritability",Vata,Vata,3,None,Patient presents with mild Stress (Manasika Tanava). Season: Varsha. Dosha predominant: Vata.,{}
f53adb9f-2ae8-440f-8aca-75a8cb93d5ef,b246f2ff-847e-47c8-80eb-ce7edb739244,2025-07-01T17:15:00,Infertility (Vandhyatva),"Difficulty conceiving, irregular cycles",Vata,Vata-Pitta,3,Diabetes,Patient presents with mild Infertility (Vandhyatva). Season: Varsha. Dosha predominant: Vata-Pitta.,{}
54935a86-780f-4d03-bc7e-697916b06e23,da119ab8-32bc-41cf-9c9b-61fa5b244629,2025-07-01T18:45:00,Ulcerative Colitis (Raktatisara),"Abdominal pain, diarrhea, blood in stool",Pitta,Vata-Pitta,6,Stress,Patient presents with moderate Ulcerative Colitis (Raktatisara). Season: Varsha. Dosha predominant: Vata-Pitta.,{}
9314c1f9-09ed-40fb-93b8-f7faf7827b9a,5f999622-7d9c-4b02-b29b-67df78fc574e,2025-07-03T13:15:00,Infertility (Vandhyatva),"Difficulty conceiving, irregular cycles",Vata,Vata-Pitta,3,Stress,Patient presents with mild Infertility (Vandhyatva). Season: Varsha. Dosha predominant: Vata-Pitta.,{}
67b856a7-56b0-458e-8cd8-d1aa93d66fac,3da22f31-c409-48ac-b0b8-b418d1d428c6,2025-07-01T14:00:00,Prostate Enlargement (Vriddhi),"Frequent urination, difficulty urinating, weak stream",Vata,Vata,9,,Patient presents with severe Prostate Enlargement (Vriddhi). Season: Varsha. Dosha predominant: Vata.,{}
c872e534-6fd5-40bb-acb9-d76cb4cacc77,7a255235-be19-4fef-9cfa-dfe170fe6ff9,2025-07-22T17:30:00,Spondylosis (Griva Sandhigata Vata),"Neck or back pain, stiffness, muscle weakness",Vata,Vata,9,None,Patient presents with severe Spondylosis (Griva Sandhigata Vata). Season: Varsha. Dosha predominant: Vata.,{}
31ed699e-2ed6-45e8-982e-c42847526885,f8af0b06-2aa7-4127-9b25-329f239407ef,2025-07-29T13:30:00,Burnout (Chitta Klama),"Fatigue, irritability, trouble sleeping, anxiety",Vata,Vata-Pitta,3,Stress,Patient presents with mild Burnout (Chitta Klama). Season: Varsha. Dosha predominant: Vata-Pitta.,{}
08b2c085-c13c-44c0-b60c-15da3c91c7a9,33d39fd4-fa6f-496d-b800-e6575f4b54f4,2025-07-20T11:00:00,Alopecia (Indralupta),"Hair loss, thinning of scalp",Pitta,Pitta,6,,Patient presents with moderate Alopecia (Indralupta). Season: Varsha. Dosha predominant: Pitta.,{}
cb4cab06-f218-4b1e-8733-3ec764c4d86e,a56620ff-cd66-445a-9379-79b79f07ea11,2025-07-12T12:45:00,Tonsillitis (Tundikeri),"Sore throat, difficulty swallowing, fever",Kapha,Kapha-Pitta,6,None,Patient presents with moderate Tonsillitis (Tundikeri). Season: Varsha. Dosha predominant: Kapha-Pitta.,{}
bf07cebc-ccf4-4765-8efc-5c46cc5697d8,b132388d-0113-4aa6-9960-a5bebd09ad8c,2025-07-23T16:30:00,Gout (Vatarakta),"Joint pain, swelling, redness in the big toe",Pitta,Vata-Pitta,3,Diabetes,Patient presents with mild Gout (Vatarakta). Season: Varsha. Dosha predominant: Vata-Pitta.,{}
446c0b23-a0ac-40f8-b306-7415a27c28e8,512ff615-7fc3-4c20-b3ab-ae3f16470b94,2025-07-08T15:15:00,Hypertension (Raktachaapa Vriddhi),"Headache, dizziness, chest discomfort",Pitta,Pitta,3,,Patient presents with mild Hypertension (Raktachaapa Vriddhi). Season: Varsha. Dosha predominant: Pitta.,{}
7da26841-576c-4f6d-81f8-0f914d3b6c7f,278b17ed-0861-4cf5-b606-be2b5c4948f9,2025-07-16T16:30:00,Sciatica (Gridhrasi),"Lower back pain, pain radiating down the leg",Vata,Vata,6,Stress,Patient presents with moderate Sciatica (Gridhrasi). Season: Varsha. Dosha predominant: Vata.,{}
90f06a3c-9a4b-4171-9019-3bbc5b582e8a,61e13cea-61ab-4d3b-9aed-773ece96fa27,2025-07-24T18:15:00,Liver Disorder (Yakrit Vikara),"Fatigue, loss of appetite, yellowing of the skin",Pitta,Pitta-Kapha,9,,Patient presents with severe Liver Disorder (Yakrit Vikara). Season: Varsha. Dosha predominant: Pitta-Kapha.,{}
a18618ae-fe08-4c2c-9caf-3f98baa2e983,0f248608-b576-405c-8ef2-f4c93de4738f,2025-08-07T14:30:00,Dengue (Dandashthaka Jwara),"High fever, severe headache, rash, retro-orbital pain, myalgia",Pitta,Pitta,9,Obesity,Patient presents with severe Dengue (Dandashthaka Jwara). Season: Varsha. Dosha predominant: Pitta.,{}
52e0b4ed-86cd-4561-83aa-0cf22cfd0a5d,0f248608-b576-405c-8ef2-f4c93de4738f,2025-08-12T14:30:00,Dengue (Dandashthaka Jwara),"High fever, severe headache, rash, retro-orbital pain, myalgia",Pitta,Pitta,9,,Follow-up visit for Dengue (Dandashthaka Jwara). Season: Varsha.,{}
2b6d9418-6af6-4e7c-87cb-728de1238c97,fce7a316-7a3c-4e5c-a936-2bdfb6b526e5,2025-08-25T11:45:00,Dengue (Dandashthaka Jwara),"High fever, severe headache, rash, retro-orbital pain, myalgia",Pitta,Pitta,9,Diabetes,Patient presents with severe Dengue (Dandashthaka Jwara). Season: Varsha. Dosha predominant: Pitta.,{}
4591f8b1-8220-4715-b160-817475cac06e,ea26129d-95c5-47a2-b116-084b8b787324,2025-08-07T15:30:00,Dengue (Dandashthaka Jwara),"High fever, severe headache, rash, retro-orbital pain, myalgia",Pitta,Pitta,9,Stress,Patient presents with severe Dengue (Dandashthaka Jwara). Season: Varsha. Dosha predominant: Pitta.,{}
a83bd22a-7e67-4a5a-b1bc-b10f98b9478c,db501886-5f31-41c5-b8e9-e9d8b8dc433d,2025-08-04T18:00:00,Fever (Jwara),"High temperature, chills, body ache, fatigue, sweating",Pitta,Pitta,9,,Patient presents with severe Fever (Jwara). Season: Varsha. Dosha predominant: Pitta.,{}
95e1f4f8-d606-4da2-a7e6-c740f0218b1a,096ac027-c11d-48db-bd5c-a086d956f26c,2025-08-23T09:45:00,Dengue (Dandashthaka Jwara),"High fever, severe headache, rash, retro-orbital pain, myalgia",Pitta,Pitta,9,Stress,Patient presents with severe Dengue (Dandashthaka Jwara). Season: Varsha. Dosha predominant: Pitta.,{}
d03e7efa-3a7b-43c4-9512-6fcb917236a1,ec7594dd-41be-4a51-a36b-827e6f011660,2025-08-14T09:45:00,Indigestion (Ajirna),"Bloating, heaviness, loss of appetite, belching",Vata,Vata,3,,Patient presents with mild Indigestion (Ajirna). Season: Varsha. Dosha predominant: Vata.,{}
ecf292d4-11ec-44c6-8f85-3bfc9d2944dd,1888f6f7-5d27-4a5a-9f07-399bf5c9b2ed,2025-08-16T10:00:00,Dengue (Dandashthaka Jwara),"High fever, severe headache, rash, retro-orbital pain, myalgia",Pitta,Pitta,9,None,Patient presents with severe Dengue (Dandashthaka Jwara). Season: Varsha. Dosha predominant: Pitta.,{}
0c2d4877-be8a-44ce-adb2-0836b561c5bc,e726f11b-11bb-4f80-87b3-c554a5e81cee,2025-08-05T16:30:00,Dengue (Dandashthaka Jwara),"High fever, severe headache, rash, retro-orbital pain, myalgia",Pitta,Pitta,9,,Patient presents with severe Dengue (Dandashthaka Jwara). Season: Varsha. Dosha predominant: Pitta.,{}
04a7e55c-e2b8-460b-bce4-10efd906715d,8bbaaa32-f417-4c8e-b4ce-044046e2b7bf,2025-08-16T12:45:00,Diarrhea (Atisara),"Loose watery stools, abdominal cramps, dehydration",Pitta,Pitta,6,Stress,Patient presents with moderate Diarrhea (Atisara). Season: Varsha. Dosha predominant: Pitta.,{}
a68d0aa4-77ae-4477-9b74-4bc444f36ec0,e7621c85-6490-49b3-97e2-0736bf159cca,2025-08-01T13:15:00,Dengue (Dandashthaka Jwara),"High fever, severe headache, rash, retro-orbital pain, myalgia",Pitta,Pitta,9,Obesity,Patient presents with severe Dengue (Dandashthaka Jwara). Season: Varsha. Dosha predominant: Pitta.,{}
da6fbae9-79c6-4543-8a59-110de80e3cdc,ddcc336f-74ea-4cb1-99ad-e7643ecb2c8b,2025-08-09T08:30:00,Dengue (Dandashthaka Jwara),"High fever, severe headache, rash, retro-orbital pain, myalgia",Pitta,Pitta,9,Stress,Patient presents with severe Dengue (Dandashthaka Jwara). Season: Varsha. Dosha predominant: Pitta.,{}
e7ee2310-1da4-4007-8177-8a56a4cbd431,5f486f2c-66a3-4f11-9cd8-3a64bac4e545,2025-08-22T15:15:00,Fever (Jwara),"High temperature, chills, body ache, fatigue, sweating",Pitta,Pitta,9,Obesity,Patient presents with severe Fever (Jwara). Season: Varsha. Dosha predominant: Pitta.,{}
cb16d09c-105b-4ee3-b768-f37dcc6483f6,da107e8b-0fce-4d30-acb4-2d9b6cc0d44c,2025-08-22T16:30:00,Dengue (Dandashthaka Jwara),"High fever, severe headache, rash, retro-orbital pain, myalgia",Pitta,Pitta,9,Hypertension,Patient presents with severe Dengue (Dandashthaka Jwara). Season: Varsha. Dosha predominant: Pitta.,{}
27f9a53f-1a4f-4913-8e3b-4aa000da9dcf,9205ae42-b451-45be-8ede-80396a10ae1c,2025-08-23T18:15:00,Dengue (Dandashthaka Jwara),"High fever, severe headache, rash, retro-orbital pain, myalgia",Pitta,Pitta,9,Obesity,Patient presents with severe Dengue (Dandashthaka Jwara). Season: Varsha. Dosha predominant: Pitta.,{}
a8e95c48-a965-4baa-acd3-490588c7883b,5aed274c-93eb-4565-b320-83ac9ca24032,2025-08-13T11:30:00,Fever (Jwara),"High temperature, chills, body ache, fatigue, sweating",Pitta,Pitta,9,Diabetes,Patient presents with severe Fever (Jwara). Season: Varsha. Dosha predominant: Pitta.,{}
e40f43a3-394a-4f3c-9b9a-8830c206e223,d199c76c-07d4-4c34-8735-62c346a22643,2025-08-26T13:00:00,Indigestion (Ajirna),"Bloating, heaviness, loss of appetite, belching",Vata,Vata,3,None,Patient presents with mild Indigestion (Ajirna). Season: Varsha. Dosha predominant: Vata.,{}
5b24d193-ff0c-464f-83dc-abe9d92a4a6a,4e6f468d-6358-4376-aa1c-a68066dbebb8,2025-08-18T12:30:00,Dengue (Dandashthaka Jwara),"High fever, severe headache, rash, retro-orbital pain, myalgia",Pitta,Pitta,9,Diabetes,Patient presents with severe Dengue (Dandashthaka Jwara). Season: Varsha. Dosha predominant: Pitta.,{}
da62a2bc-6729-41cf-9df1-3594d7b70ffd,81a48133-5ea2-4775-a92b-b173a78693b9,2025-08-24T11:30:00,Dengue (Dandashthaka Jwara),"High fever, severe headache, rash, retro-orbital pain, myalgia",Pitta,Pitta,9,Obesity,Patient presents with severe Dengue (Dandashthaka Jwara). Season: Varsha. Dosha predominant: Pitta.,{}
e8b811b4-cbb3-43f1-9f5f-eecf585f034b,5d88a728-570d-4b0f-a63b-28efe8390b13,2025-08-12T12:30:00,Fever (Jwara),"High temperature, chills, body ache, fatigue, sweating",Pitta,Pitta,9,Diabetes,Patient presents with severe Fever (Jwara). Season: Varsha. Dosha predominant: Pitta.,{}
f3c37230-7f6d-4953-ab34-23460c8025ea,a3d0adbd-0a8a-4458-b071-8ee03e1f452a,2025-08-11T14:15:00,Fever (Jwara),"High temperature, chills, body ache, fatigue, sweating",Pitta,Pitta,9,Diabetes,Patient presents with severe Fever (Jwara). Season: Varsha. Dosha predominant: Pitta.,{}
49110474-42c9-4f44-9e33-b6bfe08a4abf,5b649c9e-2cf1-4dc6-ba33-7e996ad77ef6,2025-08-09T09:30:00,Malaria (Vishama Jwara),"Cyclical fever with chills, headache, vomiting, sweating",Pitta,Pitta,9,None,Patient presents with severe Malaria (Vishama Jwara). Season: Varsha. Dosha predominant: Pitta.,{}
79eca140-3700-41c9-a1bb-544bbb8f3bef,6e790b3b-331d-4e1f-9a80-897f720c0cd0,2025-08-08T15:15:00,Dengue (Dandashthaka Jwara),"High fever, severe headache, rash, retro-orbital pain, myalgia",Pitta,Pitta,9,,Patient presents with severe Dengue (Dandashthaka Jwara). Season: Varsha. Dosha predominant: Pitta.,{}
1a7a3cac-0efd-4f6d-822e-c9a37bb26032,1a991d8e-17de-4883-bfb3-86d4e97dc1ae,2025-08-12T13:45:00,Dengue (Dandashthaka Jwara),"High fever, severe headache, rash, retro-orbital pain, myalgia",Pitta,Pitta,9,None,Patient presents with severe Dengue (Dandashthaka Jwara). Season: Varsha. Dosha predominant: Pitta.,{}
7873c535-b713-4d3b-acfe-d7662ed93bc2,990bb1b9-acaa-42db-87d3-687436db2af3,2025-08-27T13:45:00,Diarrhea (Atisara),"Loose watery stools, abdominal cramps, dehydration",Pitta,Pitta,6,Hypertension,Patient presents with moderate Diarrhea (Atisara). Season: Varsha. Dosha predominant: Pitta.,{}
419f839d-9993-4442-a960-bf21afa44268,16a1de90-da6a-4cc1-9285-5b3be704c9df,2025-08-25T17:30:00,Dengue (Dandashthaka Jwara),"High fever, severe headache, rash, retro-orbital pain, myalgia",Pitta,Pitta,9,Diabetes,Patient presents with severe Dengue (Dandashthaka Jwara). Season: Varsha. Dosha predominant: Pitta.,{}
efc01f09-0ca5-49c9-8f87-4504cabc624f,b70b6866-fc93-49b0-82ff-5829d7478c5e,2025-08-25T12:00:00,Indigestion (Ajirna),"Bloating, heaviness, loss of appetite, belching",Vata,Vata,3,Hypertension,Patient presents with mild Indigestion (Ajirna). Season: Varsha. Dosha predominant: Vata.,{}
e633cbf1-e659-4374-9d51-84e86e535ff7,b70b6866-fc93-49b0-82ff-5829d7478c5e,2025-08-27T12:00:00,Indigestion (Ajirna),"Bloating, heaviness, loss of appetite, belching",Vata,Vata,3,,Follow-up visit for Indigestion (Ajirna). Season: Varsha.,{}
6d8210b6-de28-42e1-8daa-6a9b2099a55b,a3d0adbd-0a8a-4458-b071-8ee03e1f452a,2025-08-08T17:45:00,Fever (Jwara),"High temperature, chills, body ache, fatigue, sweating",Pitta,Pitta,9,,Patient presents with severe Fever (Jwara). Season: Varsha. Dosha predominant: Pitta.,{}
f64aab6a-99cd-4fc6-a582-9e5cd82d378c,b559e569-3c1c-4d8f-a9bf-e1d850987fba,2025-08-11T13:00:00,Dengue (Dandashthaka Jwara),"High fever, severe headache, rash, retro-orbital pain, myalgia",Pitta,Pitta,9,Diabetes,Patient presents with severe Dengue (Dandashthaka Jwara). Season: Varsha. Dosha predominant: Pitta.,{}
505af37a-4df2-49d8-aa4e-d07a269c9ced,e8fc7959-0c7d-4af4-a794-219eefc066e0,2025-08-26T09:00:00,Dengue (Dandashthaka Jwara),"High fever, severe headache, rash, retro-orbital pain, myalgia",Pitta,Pitta,9,None,Patient presents with severe Dengue (Dandashthaka Jwara). Season: Varsha. Dosha predominant: Pitta.,{}
e25ce362-d16b-417e-9774-f8f7f3f1d9ce,1b8907f8-c801-4a84-bbb3-a6d21a4da257,2025-08-18T18:30:00,Fever (Jwara),"High temperature, chills, body ache, fatigue, sweating",Pitta,Pitta,9,,Patient presents with severe Fever (Jwara). Season: Varsha. Dosha predominant: Pitta.,{}
6318ff17-4a51-4580-9be9-c5c74e335b3e,e5b79175-2950-45f6-9957-7fad88f7e4cb,2025-08-05T13:15:00,Fever (Jwara),"High temperature, chills, body ache, fatigue, sweating",Pitta,Pitta,9,Obesity,Patient presents with severe Fever (Jwara). Season: Varsha. Dosha predominant: Pitta.,{}
4675bba9-38d7-4990-b355-791ade343f47,61e13cea-61ab-4d3b-9aed-773ece96fa27,2025-08-28T13:45:00,Dengue (Dandashthaka Jwara),"High fever, severe headache, rash, retro-orbital pain, myalgia",Pitta,Pitta,9,Hypertension,Patient presents with severe Dengue (Dandashthaka Jwara). Season: Varsha. Dosha predominant: Pitta.,{}
a38622f4-ac1f-4cd6-bbdf-aa7dc8b5a33e,931f10ee-f204-4c0b-b769-d62524ea5c5a,2025-08-11T09:15:00,Dengue (Dandashthaka Jwara),"High fever, severe headache, rash, retro-orbital pain, myalgia",Pitta,Pitta,9,None,Patient presents with severe Dengue (Dandashthaka Jwara). Season: Varsha. Dosha predominant: Pitta.,{}
f3c034fb-ecb4-417c-a2cb-f9ecae0b5414,a5618e73-e168-44c8-ad7c-378dd674bfa5,2025-08-07T14:15:00,Dengue (Dandashthaka Jwara),"High fever, severe headache, rash, retro-orbital pain, myalgia",Pitta,Pitta,9,Obesity,Patient presents with severe Dengue (Dandashthaka Jwara). Season: Varsha. Dosha predominant: Pitta.,{}
e11d5b64-6cbf-4a03-9be9-b7bd8936c481,47858567-6aac-44d7-9781-0cc941cbdfe4,2025-08-22T18:00:00,Dengue (Dandashthaka Jwara),"High fever, severe headache, rash, retro-orbital pain, myalgia",Pitta,Pitta,9,Diabetes,Patient presents with severe Dengue (Dandashthaka Jwara). Season: Varsha. Dosha predominant: Pitta.,{}
cfa0c556-d91c-4d7f-9c00-9994bb460279,8fbbc541-4c1d-4549-9bf6-a39f3e4708e5,2025-08-01T10:30:00,Fever (Jwara),"High temperature, chills, body ache, fatigue, sweating",Pitta,Pitta,9,,Patient presents with severe Fever (Jwara). Season: Varsha. Dosha predominant: Pitta.,{}
106b719f-9a3b-453d-a459-e5b92404e70f,9200705b-2d04-4331-ae91-664b63fce28d,2025-08-28T16:45:00,Dengue (Dandashthaka Jwara),"High fever, severe headache, rash, retro-orbital pain, myalgia",Pitta,Pitta,9,Hypertension,Patient presents with severe Dengue (Dandashthaka Jwara). Season: Varsha. Dosha predominant: Pitta.,{}
0518c6ac-0334-40f3-b74c-ad50b1106370,c537d593-0428-49b2-8591-d1d72fd039c9,2025-08-11T10:45:00,Malaria (Vishama Jwara),"Cyclical fever with chills, headache, vomiting, sweating",Pitta,Pitta,9,,Patient presents with severe Malaria (Vishama Jwara). Season: Varsha. Dosha predominant: Pitta.,{}
9eae32a4-6349-427e-8983-eaeee7babfb9,b7f1bc96-2036-4120-8cc5-25476cd0dba9,2025-08-13T13:45:00,Indigestion (Ajirna),"Bloating, heaviness, loss of appetite, belching",Vata,Vata,3,Obesity,Patient presents with mild Indigestion (Ajirna). Season: Varsha. Dosha predominant: Vata.,{}
2f14a1ef-1eee-49bd-a6fd-2f156958946d,6b34d482-464b-4342-8047-567d9d38c122,2025-08-09T09:00:00,Indigestion (Ajirna),"Bloating, heaviness, loss of appetite, belching",Vata,Vata,3,,Patient presents with mild Indigestion (Ajirna). Season: Varsha. Dosha predominant: Vata.,{}
434130fb-8e12-4dd0-8243-d5c7a93a130f,4f59a5b0-1126-41ba-8f53-ddbaf28bd393,2025-08-11T08:15:00,Dengue (Dandashthaka Jwara),"High fever, severe headache, rash, retro-orbital pain, myalgia",Pitta,Pitta,9,None,Patient presents with severe Dengue (Dandashthaka Jwara). Season: Varsha. Dosha predominant: Pitta.,{}
885d22d6-fe1a-49c7-89d4-86a317fe56d6,b01c2f08-620e-4003-9146-b2bc5089f338,2025-08-04T12:45:00,Dengue (Dandashthaka Jwara),"High fever, severe headache, rash, retro-orbital pain, myalgia",Pitta,Pitta,9,Hypertension,Patient presents with severe Dengue (Dandashthaka Jwara). Season: Varsha. Dosha predominant: Pitta.,{}
9c0759b8-f068-4388-9877-34834a8f5dd6,f11f882e-26dd-41e5-87c1-1afec3409011,2025-08-11T08:00:00,Dengue (Dandashthaka Jwara),"High fever, severe headache, rash, retro-orbital pain, myalgia",Pitta,Pitta,9,Hypertension,Patient presents with severe Dengue (Dandashthaka Jwara). Season: Varsha. Dosha predominant: Pitta.,{}
0c6bf3be-bd20-4857-9e95-ade020769634,a4ce5ab1-b45b-4210-9ed4-3997ed6f12f7,2025-08-29T15:45:00,Indigestion (Ajirna),"Bloating, heaviness, loss of appetite, belching",Vata,Vata,3,,Patient presents with mild Indigestion (Ajirna). Season: Varsha. Dosha predominant: Vata.,{}
0cde6d4c-b28c-4bd5-a7f2-d8cacdf70bfa,a208147f-d12d-4eb4-8b06-6dc44ee0c0d1,2025-08-05T17:30:00,Fever (Jwara),"High temperature, chills, body ache, fatigue, sweating",Pitta,Pitta,9,,Patient presents with severe Fever (Jwara). Season: Varsha. Dosha predominant: Pitta.,{}
ba5dc092-da06-4663-8159-9d56fc0dbce8,08aa84de-e5ed-4482-8f62-08862965f54a,2025-08-02T16:45:00,Fever (Jwara),"High temperature, chills, body ache, fatigue, sweating",Pitta,Pitta,9,Stress,Patient presents with severe Fever (Jwara). Season: Varsha. Dosha predominant: Pitta.,{}
d8620d2a-26e6-4396-b544-b9260a115256,ecdd2715-8870-4038-b792-8e16cdbef190,2025-08-06T12:30:00,Indigestion (Ajirna),"Bloating, heaviness, loss of appetite, belching",Vata,Vata,3,Obesity,Patient presents with mild Indigestion (Ajirna). Season: Varsha. Dosha predominant: Vata.,{}
74a11e89-c311-40b4-929b-c63c3ebb3fbb,ecdd2715-8870-4038-b792-8e16cdbef190,2025-08-09T12:30:00,Indigestion (Ajirna),"Bloating, heaviness, loss of appetite, belching",Vata,Vata,3,,Follow-up visit for Indigestion (Ajirna). Season: Varsha.,{}
863154ec-03fc-4acb-ae0f-6205ae7b8bc9,ad7a75c7-29e5-41c7-b74c-f083a374960f,2025-08-01T12:00:00,Diarrhea (Atisara),"Loose watery stools, abdominal cramps, dehydration",Pitta,Pitta,6,,Patient presents with moderate Diarrhea (Atisara). Season: Varsha. Dosha predominant: Pitta.,{}
d6e0e0c7-fa8b-4f8f-b87c-211dd4b5c6dd,9b54c1cd-e8c9-4917-b1b1-0a2c9c5d851b,2025-08-30T15:00:00,Dengue (Dandashthaka Jwara),"High fever, severe headache, rash, retro-orbital pain, myalgia",Pitta,Pitta,9,Stress,Patient presents with severe Dengue (Dandashthaka Jwara). Season: Varsha. Dosha predominant: Pitta.,{}
49c64258-6ce6-4fd2-97f8-0e92b953c9b6,379584a5-8530-47b6-8104-98b0bbc9bda9,2025-08-30T15:30:00,Fever (Jwara),"High temperature, chills, body ache, fatigue, sweating",Pitta,Pitta,9,Stress,Patient presents with severe Fever (Jwara). Season: Varsha. Dosha predominant: Pitta.,{}
8a155e38-833d-4346-a909-c372613e667b,6171640b-b4da-4c73-ac9b-cb26cf602af2,2025-08-01T10:00:00,Fever (Jwara),"High temperature, chills, body ache, fatigue, sweating",Pitta,Pitta,9,,Patient presents with severe Fever (Jwara). Season: Varsha. Dosha predominant: Pitta.,{}
5bf2e62c-16cf-43fb-99d3-188163e19dc6,6171640b-b4da-4c73-ac9b-cb26cf602af2,2025-08-07T10:00:00,Fever (Jwara),"High temperature, chills, body ache, fatigue, sweating",Pitta,Pitta,9,,Follow-up visit for Fever (Jwara). Season: Varsha.,{}
ea83579a-6b66-4416-8769-49af5c2d006b,ea365643-5144-4395-959b-53649d2a3c81,2025-08-25T13:15:00,Dengue (Dandashthaka Jwara),"High fever, severe headache, rash, retro-orbital pain, myalgia",Pitta,Pitta,9,Stress,Patient presents with severe Dengue (Dandashthaka Jwara). Season: Varsha. Dosha predominant: Pitta.,{}
3b5338dc-0153-46de-b351-e960e692e3a9,a265ce0b-ca57-415e-93d7-a18f14fc40d2,2025-08-27T15:30:00,Indigestion (Ajirna),"Bloating, heaviness, loss of appetite, belching",Vata,Vata,3,Hypertension,Patient presents with mild Indigestion (Ajirna). Season: Varsha. Dosha predominant: Vata.,{}
d5844b09-61ee-4a76-a3f6-04135b5bddb8,a265ce0b-ca57-415e-93d7-a18f14fc40d2,2025-08-30T15:30:00,Indigestion (Ajirna),"Bloating, heaviness, loss of appetite, belching",Vata,Vata,3,,Follow-up visit for Indigestion (Ajirna). Season: Varsha.,{}
36fc15af-47a3-4c15-a1d3-f688486dfb66,f0755502-6c6b-43ea-92be-1e8fe6e8750c,2025-08-10T09:15:00,Malaria (Vishama Jwara),"Cyclical fever with chills, headache, vomiting, sweating",Pitta,Pitta,9,Stress,Patient presents with severe Malaria (Vishama Jwara). Season: Varsha. Dosha predominant: Pitta.,{}
b26feb76-fd38-4832-a557-e5db851a3544,cdc53634-b109-4a90-9e24-27af7ec732bd,2025-08-26T17:45:00,Dengue (Dandashthaka Jwara),"High fever, severe headache, rash, retro-orbital pain, myalgia",Pitta,Pitta,9,,Patient presents with severe Dengue (Dandashthaka Jwara). Season: Varsha. Dosha predominant: Pitta.,{}
b0c2bb9d-5b20-45a8-9f99-ffc079889ab9,af1ff92b-db40-4e77-8409-485ade2cbbbd,2025-08-10T10:30:00,Dengue (Dandashthaka Jwara),"High fever, severe headache, rash, retro-orbital pain, myalgia",Pitta,Pitta,9,,Patient presents with severe Dengue (Dandashthaka Jwara). Season: Varsha. Dosha predominant: Pitta.,{}
733a79f6-872c-4123-86d1-3d6e5beb953f,1e21e5fa-563d-446e-95f8-a369e03ffefb,2025-08-20T17:30:00,Indigestion (Ajirna),"Bloating, heaviness, loss of appetite, belching",Vata,Vata,3,Diabetes,Patient presents with mild Indigestion (Ajirna). Season: Varsha. Dosha predominant: Vata.,{}
6d4589fa-cdd8-4165-8389-a6439eb8f2a7,d1922d18-a85a-4413-8f30-0a1e25b7dfb3,2025-08-14T08:00:00,Indigestion (Ajirna),"Bloating, heaviness, loss of appetite, belching",Vata,Vata,3,,Patient presents with mild Indigestion (Ajirna). Season: Varsha. Dosha predominant: Vata.,{}
c72f0b88-f707-42a3-b0fb-21a56b50c4c3,05c5d18d-77f0-4ca4-b2cb-7190f17e2181,2025-08-26T18:45:00,Indigestion (Ajirna),"Bloating, heaviness, loss of appetite, belching",Vata,Vata,3,Hypertension,Patient presents with mild Indigestion (Ajirna). Season: Varsha. Dosha predominant: Vata.,{}
8f3d7a28-85fd-4c16-a87e-80e6e97db726,c549a658-4581-40d1-b0a2-3b3070b94950,2025-08-11T15:30:00,Malaria (Vishama Jwara),"Cyclical fever with chills, headache, vomiting, sweating",Pitta,Pitta,9,Diabetes,Patient presents with severe Malaria (Vishama Jwara). Season: Varsha. Dosha predominant: Pitta.,{}
b3f7f461-4672-4655-8a26-70bbb3c299e9,1895acd7-b472-439c-900f-868a68083e02,2025-08-23T11:00:00,Indigestion (Ajirna),"Bloating, heaviness, loss of appetite, belching",Vata,Vata,3,Diabetes,Patient presents with mild Indigestion (Ajirna). Season: Varsha. Dosha predominant: Vata.,{}
d068af81-8209-4bda-bbe2-093c99bfb881,c92e0fc7-3198-4532-b141-b1bbc2e34a9a,2025-08-19T13:30:00,Indigestion (Ajirna),"Bloating, heaviness, loss of appetite, belching",Vata,Vata,3,,Patient presents with mild Indigestion (Ajirna). Season: Varsha. Dosha predominant: Vata.,{}
101238c1-b266-4e82-b7e5-bab7e008e84f,512ff615-7fc3-4c20-b3ab-ae3f16470b94,2025-08-09T13:45:00,Fever (Jwara),"High temperature, chills, body ache, fatigue, sweating",Pitta,Pitta,9,Obesity,Patient presents with severe Fever (Jwara). Season: Varsha. Dosha predominant: Pitta.,{}
6a3d2cc5-d838-444a-b2ab-aa7312ea08f7,12825953-c5f2-4160-bc7f-c5997e75486e,2025-08-01T11:00:00,Dengue (Dandashthaka Jwara),"High fever, severe headache, rash, retro-orbital pain, myalgia",Pitta,Pitta,9,Stress,Patient presents with severe Dengue (Dandashthaka Jwara). Season: Varsha. Dosha predominant: Pitta.,{}
5607a0ef-95df-4f3d-b783-cbf4dc7693cf,f05a9cb5-6110-4502-95e1-810ac6ab6b33,2025-08-19T17:15:00,Fever (Jwara),"High temperature, chills, body ache, fatigue, sweating",Pitta,Pitta,9,None,Patient presents with severe Fever (Jwara). Season: Varsha. Dosha predominant: Pitta.,{}
a1bdfecd-9521-4a31-9987-18a73629fba0,f4d5afd4-e183-4732-a4a7-866f5f2c2fc2,2025-08-27T15:45:00,Diarrhea (Atisara),"Loose watery stools, abdominal cramps, dehydration",Pitta,Pitta,6,,Patient presents with moderate Diarrhea (Atisara). Season: Varsha. Dosha predominant: Pitta.,{}
e9cb54fc-e495-438d-8028-1b21111551fc,03bee406-a6c0-4dfb-b6e4-9f31eb880ec8,2025-08-19T15:00:00,Fever (Jwara),"High temperature, chills, body ache, fatigue, sweating",Pitta,Pitta,9,Hypertension,Patient presents with severe Fever (Jwara). Season: Varsha. Dosha predominant: Pitta.,{}
40d226a5-430e-4a37-a5a2-d7a22d5d88f7,a761cbf3-df21-4c28-9534-bc3dc2ee0a26,2025-08-21T08:45:00,Dengue (Dandashthaka Jwara),"High fever, severe headache, rash, retro-orbital pain, myalgia",Pitta,Pitta,9,Hypertension,Patient presents with severe Dengue (Dandashthaka Jwara). Season: Varsha. Dosha predominant: Pitta.,{}
442a5d1b-3bc6-47dd-8480-444411c4b04f,829ee37e-d343-4d04-b301-9b28e3c34115,2025-08-19T11:30:00,Dengue (Dandashthaka Jwara),"High fever, severe headache, rash, retro-orbital pain, myalgia",Pitta,Pitta,9,Obesity,Patient presents with severe Dengue (Dandashthaka Jwara). Season: Varsha. Dosha predominant: Pitta.,{}
d0dfd5f5-8990-4df4-b66f-c7e8d07aa06a,19dd4f5c-d541-4af3-9939-948007f8ee11,2025-08-11T10:15:00,Fever (Jwara),"High temperature, chills, body ache, fatigue, sweating",Pitta,Pitta,9,Hypertension,Patient presents with severe Fever (Jwara). Season: Varsha. Dosha predominant: Pitta.,{}
1081fe44-7296-475d-9540-a595654abb4d,92aa69d8-ae85-4a34-8377-635d97bb1551,2025-08-26T08:45:00,Fever (Jwara),"High temperature, chills, body ache, fatigue, sweating",Pitta,Pitta,9,Stress,Patient presents with severe Fever (Jwara). Season: Varsha. Dosha predominant: Pitta.,{}
fb4a675c-f17d-4efb-8939-fa2aa8912264,f881449d-440b-40b4-800a-69f2146a47b3,2025-08-20T16:00:00,Dengue (Dandashthaka Jwara),"High fever, severe headache, rash, retro-orbital pain, myalgia",Pitta,Pitta,9,Hypertension,Patient presents with severe Dengue (Dandashthaka Jwara). Season: Varsha. Dosha predominant: Pitta.,{}
2a2faf24-f90f-45c6-bb47-7eeff1d2ebdc,806ca4d6-2b2d-4cb2-be9a-2515a1e864d3,2025-08-31T10:30:00,Fever (Jwara),"High temperature, chills, body ache, fatigue, sweating",Pitta,Pitta,9,Obesity,Patient presents with severe Fever (Jwara). Season: Varsha. Dosha predominant: Pitta.,{}
04dacd39-5ebd-4abd-ba4e-30ad1d648e91,cd1ac773-4b49-4e76-8657-0099a1661789,2025-08-02T17:15:00,Malaria (Vishama Jwara),"Cyclical fever with chills, headache, vomiting, sweating",Pitta,Pitta,9,None,Patient presents with severe Malaria (Vishama Jwara). Season: Varsha. Dosha predominant: Pitta.,{}
851778e7-f202-4231-8a84-ae1f44c1c51e,5814e1dc-d0e2-4f4d-98ca-44720ea1c7f5,2025-08-30T17:15:00,Fever (Jwara),"High temperature, chills, body ache, fatigue, sweating",Pitta,Pitta,9,Obesity,Patient presents with severe Fever (Jwara). Season: Varsha. Dosha predominant: Pitta.,{}
7824369d-ebf5-4383-9480-9258e11f5bc3,785b9d7f-7d8b-40d6-8917-25f3954d63be,2025-08-08T10:30:00,Malaria (Vishama Jwara),"Cyclical fever with chills, headache, vomiting, sweating",Pitta,Pitta,9,None,Patient presents with severe Malaria (Vishama Jwara). Season: Varsha. Dosha predominant: Pitta.,{}
56e81645-381d-4e23-9828-afefcb4cb8b9,3e34aacc-e9f0-4706-a3b3-e518d3b39877,2025-08-08T10:00:00,Fever (Jwara),"High temperature, chills, body ache, fatigue, sweating",Pitta,Pitta,9,,Patient presents with severe Fever (Jwara). Season: Varsha. Dosha predominant: Pitta.,{}
35a04ca3-a52c-4871-9b34-087c067173e7,c93b4586-7c6e-4e7c-a468-e25f23527270,2025-08-29T10:15:00,Dengue (Dandashthaka Jwara),"High fever, severe headache, rash, retro-orbital pain, myalgia",Pitta,Pitta,9,,Patient presents with severe Dengue (Dandashthaka Jwara). Season: Varsha. Dosha predominant: Pitta.,{}
b2d68fe2-f025-41a9-a1e9-35d5127f1a95,8b08ffa4-3da5-4348-a84b-405c58ba4ab7,2025-08-09T15:15:00,Dengue (Dandashthaka Jwara),"High fever, severe headache, rash, retro-orbital pain, myalgia",Pitta,Pitta,9,Diabetes,Patient presents with severe Dengue (Dandashthaka Jwara). Season: Varsha. Dosha predominant: Pitta.,{}
db006e19-77be-4146-8386-18496a9d83e2,d86aac54-f472-4863-b75f-da024a0445c4,2025-08-04T10:45:00,Dengue (Dandashthaka Jwara),"High fever, severe headache, rash, retro-orbital pain, myalgia",Pitta,Pitta,9,Diabetes,Patient presents with severe Dengue (Dandashthaka Jwara). Season: Varsha. Dosha predominant: Pitta.,{}
69969ea9-3891-4d01-bfe7-c76ca7bfa760,256ca4a8-0cdf-4ad6-977e-4454c9605a71,2025-08-28T13:30:00,Fever (Jwara),"High temperature, chills, body ache, fatigue, sweating",Pitta,Pitta,9,Stress,Patient presents with severe Fever (Jwara). Season: Varsha. Dosha predominant: Pitta.,{}
8f5830f4-098c-4ac6-94ba-63e256cbe575,25b33d1e-384d-426f-85d8-6013c2a5dbb4,2025-08-07T16:00:00,Malaria (Vishama Jwara),"Cyclical fever with chills, headache, vomiting, sweating",Pitta,Pitta,9,Obesity,Patient presents with severe Malaria (Vishama Jwara). Season: Varsha. Dosha predominant: Pitta.,{}
3d495b29-63cc-4d36-976b-34f59700b254,b5a20d52-826a-404a-98f2-1c7cc74afc03,2025-08-23T16:30:00,Dengue (Dandashthaka Jwara),"High fever, severe headache, rash, retro-orbital pain, myalgia",Pitta,Pitta,9,,Patient presents with severe Dengue (Dandashthaka Jwara). Season: Varsha. Dosha predominant: Pitta.,{}
ccc95566-e081-4b3a-a609-2f7bbca58826,8a0e1d5d-892e-434b-be04-bd0daf9dbb15,2025-08-19T15:15:00,Fever (Jwara),"High temperature, chills, body ache, fatigue, sweating",Pitta,Pitta,9,Stress,Patient presents with severe Fever (Jwara). Season: Varsha. Dosha predominant: Pitta.,{}
713d358c-f805-44e6-90b6-f6cc91f4ab52,d1117b7d-b826-49ba-a204-890faeac4230,2025-08-08T10:45:00,Dengue (Dandashthaka Jwara),"High fever, severe headache, rash, retro-orbital pain, myalgia",Pitta,Pitta,9,Hypertension,Patient presents with severe Dengue (Dandashthaka Jwara). Season: Varsha. Dosha predominant: Pitta.,{}
2408dcf3-373a-49dd-aca2-d1052559c56e,022858d9-cc53-4068-8aab-09925dbcc4c6,2025-08-17T18:30:00,Dengue (Dandashthaka Jwara),"High fever, severe headache, rash, retro-orbital pain, myalgia",Pitta,Pitta,9,Hypertension,Patient presents with severe Dengue (Dandashthaka Jwara). Season: Varsha. Dosha predominant: Pitta.,{}
eaffbdb2-09cd-4fc3-8764-e6b06939fa1f,5d88a728-570d-4b0f-a63b-28efe8390b13,2025-08-28T15:30:00,Dengue (Dandashthaka Jwara),"High fever, severe headache, rash, retro-orbital pain, myalgia",Pitta,Pitta,9,Diabetes,Patient presents with severe Dengue (Dandashthaka Jwara). Season: Varsha. Dosha predominant: Pitta.,{}
dc229641-89a9-4b5a-b9b9-bee8cb6daa5f,5f050a4d-2240-4de3-86ad-cf19f243d441,2025-08-05T17:00:00,Dengue (Dandashthaka Jwara),"High fever, severe headache, rash, retro-orbital pain, myalgia",Pitta,Pitta,9,Hypertension,Patient presents with severe Dengue (Dandashthaka Jwara). Season: Varsha. Dosha predominant: Pitta.,{}
d7b50402-24dd-4074-8652-dea66d2bafad,fddd652b-0e02-426b-bb0d-2a92f9a6f39d,2025-08-14T15:45:00,Indigestion (Ajirna),"Bloating, heaviness, loss of appetite, belching",Vata,Vata,3,,Patient presents with mild Indigestion (Ajirna). Season: Varsha. Dosha predominant: Vata.,{}
38fbd3e5-8ede-4b31-82a9-0fb919f99a6e,ee8a5344-5c59-46af-bbc4-14de251c5771,2025-08-16T17:45:00,Fever (Jwara),"High temperature, chills, body ache, fatigue, sweating",Pitta,Pitta,9,,Patient presents with severe Fever (Jwara). Season: Varsha. Dosha predominant: Pitta.,{}
8a944868-076b-429d-bfb7-db6a0323c3ce,57ac687b-cfd1-4c26-a6ef-9ef9784fe7c1,2025-08-24T11:30:00,Diarrhea (Atisara),"Loose watery stools, abdominal cramps, dehydration",Pitta,Pitta,6,Diabetes,Patient presents with moderate Diarrhea (Atisara). Season: Varsha. Dosha predominant: Pitta.,{}
21d07305-d611-4445-a38a-11e35e8614ce,ae306701-4121-4429-9755-8aa83694a025,2025-08-18T08:00:00,Malaria (Vishama Jwara),"Cyclical fever with chills, headache, vomiting, sweating",Pitta,Pitta,9,Obesity,Patient presents with severe Malaria (Vishama Jwara). Season: Varsha. Dosha predominant: Pitta.,{}
46a93ed1-76cd-42eb-b791-39b3b220581d,b6ce1286-8f7d-41b3-8052-46b15da0f482,2025-08-26T10:30:00,Indigestion (Ajirna),"Bloating, heaviness, loss of appetite, belching",Vata,Vata,3,Obesity,Patient presents with mild Indigestion (Ajirna). Season: Varsha. Dosha predominant: Vata.,{}
2790f0f3-7225-44b3-9753-5859f7b3a380,b5a20d52-826a-404a-98f2-1c7cc74afc03,2025-08-29T18:00:00,Malaria (Vishama Jwara),"Cyclical fever with chills, headache, vomiting, sweating",Pitta,Pitta,9,Obesity,Patient presents with severe Malaria (Vishama Jwara). Season: Varsha. Dosha predominant: Pitta.,{}
f724e411-9747-43cf-9329-ad15e08ef4cd,ba6b11df-f10b-4b84-b644-570db0900c82,2025-08-10T09:30:00,Dengue (Dandashthaka Jwara),"High fever, severe headache, rash, retro-orbital pain, myalgia",Pitta,Pitta,9,None,Patient presents with severe Dengue (Dandashthaka Jwara). Season: Varsha. Dosha predominant: Pitta.,{}
dc8825d2-e682-45f4-92c1-b5fd6a33f626,d8409afe-4d08-4f6a-a5f3-83e9df67ff3b,2025-08-07T13:30:00,Diarrhea (Atisara),"Loose watery stools, abdominal cramps, dehydration",Pitta,Pitta,6,Stress,Patient presents with moderate Diarrhea (Atisara). Season: Varsha. Dosha predominant: Pitta.,{}
a74d980b-fd4a-436b-ae35-8de3989335fe,b6ce1286-8f7d-41b3-8052-46b15da0f482,2025-08-15T15:00:00,Fever (Jwara),"High temperature, chills, body ache, fatigue, sweating",Pitta,Pitta,9,Hypertension,Patient presents with severe Fever (Jwara). Season: Varsha. Dosha predominant: Pitta.,{}
570163b5-0797-46a8-9e24-33cd3310b8a3,d86aac54-f472-4863-b75f-da024a0445c4,2025-08-08T13:00:00,Malaria (Vishama Jwara),"Cyclical fever with chills, headache, vomiting, sweating",Pitta,Pitta,9,,Patient presents with severe Malaria (Vishama Jwara). Season: Varsha. Dosha predominant: Pitta.,{}
3dff1709-e3e6-476f-859e-6f7e4fd0f4e1,236bd531-011b-4496-b852-939257e25773,2025-08-02T18:30:00,Fever (Jwara),"High temperature, chills, body ache, fatigue, sweating",Pitta,Pitta,9,Hypertension,Patient presents with severe Fever (Jwara). Season: Varsha. Dosha predominant: Pitta.,{}
60af8b52-4eb8-4e23-a46e-c8180c7b8312,45a0893e-dabe-47bd-ae94-baa22ecb5e87,2025-08-29T10:15:00,Dengue (Dandashthaka Jwara),"High fever, severe headache, rash, retro-orbital pain, myalgia",Pitta,Pitta,9,Hypertension,Patient presents with severe Dengue (Dandashthaka Jwara). Season: Varsha. Dosha predominant: Pitta.,{}
573e8f78-113a-450c-a03a-05c81431dd9a,461ccfbd-7928-41e0-bc74-54e39824d9a7,2025-08-27T17:15:00,Dengue (Dandashthaka Jwara),"High fever, severe headache, rash, retro-orbital pain, myalgia",Pitta,Pitta,9,Stress,Patient presents with severe Dengue (Dandashthaka Jwara). Season: Varsha. Dosha predominant: Pitta.,{}
4b01bd1e-e744-4ff0-8528-4945f5bb8670,be9fa21a-efcd-4e4d-81a1-18296d7861e8,2025-08-21T10:30:00,Malaria (Vishama Jwara),"Cyclical fever with chills, headache, vomiting, sweating",Pitta,Pitta,9,Diabetes,Patient presents with severe Malaria (Vishama Jwara). Season: Varsha. Dosha predominant: Pitta.,{}
8a74fde4-c0ed-4699-8af4-d161119e804d,05c5d18d-77f0-4ca4-b2cb-7190f17e2181,2025-08-09T11:15:00,Fever (Jwara),"High temperature, chills, body ache, fatigue, sweating",Pitta,Pitta,9,None,Patient presents with severe Fever (Jwara). Season: Varsha. Dosha predominant: Pitta.,{}
a91bac39-9ad4-4c85-ab0f-6969302c68d5,5f486f2c-66a3-4f11-9cd8-3a64bac4e545,2025-08-18T13:15:00,Dengue (Dandashthaka Jwara),"High fever, severe headache, rash, retro-orbital pain, myalgia",Pitta,Pitta,9,Hypertension,Patient presents with severe Dengue (Dandashthaka Jwara). Season: Varsha. Dosha predominant: Pitta.,{}
3ac811fb-2615-4f9a-81c3-fb21c4f003ef,3b8fba31-663e-45b0-9e52-ecff95b0753b,2025-08-26T13:00:00,Dengue (Dandashthaka Jwara),"High fever, severe headache, rash, retro-orbital pain, myalgia",Pitta,Pitta,9,Diabetes,Patient presents with severe Dengue (Dandashthaka Jwara). Season: Varsha. Dosha predominant: Pitta.,{}
49b7a57b-9ed0-45b9-9db5-629fbdc35c8c,1e21e5fa-563d-446e-95f8-a369e03ffefb,2025-08-31T08:30:00,Dengue (Dandashthaka Jwara),"High fever, severe headache, rash, retro-orbital pain, myalgia",Pitta,Pitta,9,Diabetes,Patient presents with severe Dengue (Dandashthaka Jwara). Season: Varsha. Dosha predominant: Pitta.,{}
8af4babf-e83b-43ea-940c-acf81f8b40b5,c6dfcad8-0bc5-42a5-a9a9-11b726e64b66,2025-08-12T13:00:00,Diarrhea (Atisara),"Loose watery stools, abdominal cramps, dehydration",Pitta,Pitta,6,Obesity,Patient presents with moderate Diarrhea (Atisara). Season: Varsha. Dosha predominant: Pitta.,{}
8935c0f5-1c31-4be4-821f-bafd4ce1d190,15a49ab9-d04c-4a40-98d8-de6506297e69,2025-08-28T13:15:00,Malaria (Vishama Jwara),"Cyclical fever with chills, headache, vomiting, sweating",Pitta,Pitta,9,None,Patient presents with severe Malaria (Vishama Jwara). Season: Varsha. Dosha predominant: Pitta.,{}
124f45ce-c162-49e2-9510-445700c81c25,f68a4b14-46bc-4566-ba9e-6a61ad229b86,2025-08-23T13:45:00,Fever (Jwara),"High temperature, chills, body ache, fatigue, sweating",Pitta,Pitta,9,Hypertension,Patient presents with severe Fever (Jwara). Season: Varsha. Dosha predominant: Pitta.,{}
660d60a1-6389-441b-8a94-62e33b44dc30,c98d9525-5790-4c35-8d42-af901e41cee7,2025-08-25T09:45:00,Dengue (Dandashthaka Jwara),"High fever, severe headache, rash, retro-orbital pain, myalgia",Pitta,Pitta,9,Stress,Patient presents with severe Dengue (Dandashthaka Jwara). Season: Varsha. Dosha predominant: Pitta.,{}
5296eb84-b94e-4e46-8e06-88df12a4cdfd,02bfaedc-0b49-4b81-9cab-de576f27cf9b,2025-08-25T15:45:00,Dengue (Dandashthaka Jwara),"High fever, severe headache, rash, retro-orbital pain, myalgia",Pitta,Pitta,9,,Patient presents with severe Dengue (Dandashthaka Jwara). Season: Varsha. Dosha predominant: Pitta.,{}
ca4fb362-42cf-4fb6-a60c-bde7cc88fbee,831377bd-c805-4dc2-8ad9-463f41aaa542,2025-08-13T15:45:00,Malaria (Vishama Jwara),"Cyclical fever with chills, headache, vomiting, sweating",Pitta,Pitta,9,Hypertension,Patient presents with severe Malaria (Vishama Jwara). Season: Varsha. Dosha predominant: Pitta.,{}
22004fa7-a857-4291-8097-4b3823fea592,92f8cdae-cf48-466a-af51-a5305a3e2151,2025-08-02T08:00:00,Indigestion (Ajirna),"Bloating, heaviness, loss of appetite, belching",Vata,Vata,3,None,Patient presents with mild Indigestion (Ajirna). Season: Varsha. Dosha predominant: Vata.,{}
7f60a599-d342-4866-b738-46966e0803ed,65428551-34a8-4aee-b697-5a7143551ac9,2025-08-18T16:15:00,Diarrhea (Atisara),"Loose watery stools, abdominal cramps, dehydration",Pitta,Pitta,6,Obesity,Patient presents with moderate Diarrhea (Atisara). Season: Varsha. Dosha predominant: Pitta.,{}
b73dca7a-db8e-4376-b187-991087d00a2e,905be3a3-b1cd-47bd-b340-895f43f17ec0,2025-08-17T13:00:00,Fever (Jwara),"High temperature, chills, body ache, fatigue, sweating",Pitta,Pitta,9,,Patient presents with severe Fever (Jwara). Season: Varsha. Dosha predominant: Pitta.,{}
4e36c553-5996-4e78-8806-903b4d8ea1db,3da22f31-c409-48ac-b0b8-b418d1d428c6,2025-08-24T16:15:00,Dengue (Dandashthaka Jwara),"High fever, severe headache, rash, retro-orbital pain, myalgia",Pitta,Pitta,9,None,Patient presents with severe Dengue (Dandashthaka Jwara). Season: Varsha. Dosha predominant: Pitta.,{}
d5fcad0f-f9af-4d46-950e-70f7c373e96d,aa15fab5-3ec4-43e0-8861-ea6a4a239468,2025-08-30T09:30:00,Malaria (Vishama Jwara),"Cyclical fever with chills, headache, vomiting, sweating",Pitta,Pitta,9,Hypertension,Patient presents with severe Malaria (Vishama Jwara). Season: Varsha. Dosha predominant: Pitta.,{}
b70b88c0-1327-462e-aa1b-ce8f6b1b79e5,1602ef2e-0031-469b-9a7f-6b4ad32085b6,2025-08-22T08:15:00,Malaria (Vishama Jwara),"Cyclical fever with chills, headache, vomiting, sweating",Pitta,Pitta,9,Stress,Patient presents with severe Malaria (Vishama Jwara). Season: Varsha. Dosha predominant: Pitta.,{}
a081f8ed-36c2-44db-9f2b-31d4e1e88cb9,7561127b-05e2-43a8-b90f-290dcd643e62,2025-08-19T11:45:00,Dengue (Dandashthaka Jwara),"High fever, severe headache, rash, retro-orbital pain, myalgia",Pitta,Pitta,9,Obesity,Patient presents with severe Dengue (Dandashthaka Jwara). Season: Varsha. Dosha predominant: Pitta.,{}
e981f388-6e70-48e3-8bea-53131b18e32b,2b000529-c39a-466f-8e6b-8fbf79337cf9,2025-08-14T09:30:00,Malaria (Vishama Jwara),"Cyclical fever with chills, headache, vomiting, sweating",Pitta,Pitta,9,Diabetes,Patient presents with severe Malaria (Vishama Jwara). Season: Varsha. Dosha predominant: Pitta.,{}
46bd2345-bac9-4b95-bdd0-37a15feac3ef,4509f805-7e61-4658-9f69-2b3d8206ae47,2025-08-13T12:15:00,Dengue (Dandashthaka Jwara),"High fever, severe headache, rash, retro-orbital pain, myalgia",Pitta,Pitta,9,,Patient presents with severe Dengue (Dandashthaka Jwara). Season: Varsha. Dosha predominant: Pitta.,{}
eac431a5-c87c-444d-99b4-46054e158c2c,d1cf9352-15bd-4106-8051-f0e95268a154,2025-08-17T13:45:00,Dengue (Dandashthaka Jwara),"High fever, severe headache, rash, retro-orbital pain, myalgia",Pitta,Pitta,9,,Patient presents with severe Dengue (Dandashthaka Jwara). Season: Varsha. Dosha predominant: Pitta.,{}
9b1f6d4e-4eb1-476b-b4a7-5c55c74207b4,fcee5e65-2a2a-4aa5-a030-c4ed9c3894de,2025-08-16T16:45:00,Dengue (Dandashthaka Jwara),"High fever, severe headache, rash, retro-orbital pain, myalgia",Pitta,Pitta,9,Diabetes,Patient presents with severe Dengue (Dandashthaka Jwara). Season: Varsha. Dosha predominant: Pitta.,{}
e16788b5-d112-4826-a6c3-34c201376085,0af349d2-942f-45d5-9bc2-64345d05fbea,2025-08-21T10:30:00,Dengue (Dandashthaka Jwara),"High fever, severe headache, rash, retro-orbital pain, myalgia",Pitta,Pitta,9,None,Patient presents with severe Dengue (Dandashthaka Jwara). Season: Varsha. Dosha predominant: Pitta.,{}
fd4ddd68-8ea2-442a-8b93-226d6f249a78,92e32fac-d315-482c-af8e-ef0f587a8747,2025-08-22T18:15:00,Diarrhea (Atisara),"Loose watery stools, abdominal cramps, dehydration",Pitta,Pitta,6,Obesity,Patient presents with moderate Diarrhea (Atisara). Season: Varsha. Dosha predominant: Pitta.,{}
8c90dd48-3689-47a0-9cac-fc90264849fe,6129e829-2b57-4c53-b92e-0e6ae50ded4e,2025-08-07T11:30:00,Dengue (Dandashthaka Jwara),"High fever, severe headache, rash, retro-orbital pain, myalgia",Pitta,Pitta,9,,Patient presents with severe Dengue (Dandashthaka Jwara). Season: Varsha. Dosha predominant: Pitta.,{}
743401bd-ef14-4ce5-a2ae-bd33244e45c1,8707153e-3729-465e-b0fc-85d925e65aa9,2025-08-20T11:00:00,Diarrhea (Atisara),"Loose watery stools, abdominal cramps, dehydration",Pitta,Pitta,6,Obesity,Patient presents with moderate Diarrhea (Atisara). Season: Varsha. Dosha predominant: Pitta.,{}
3b40bb2e-bfed-4dd7-b415-9ad301f27d5f,5669592f-aef4-459e-a409-d6f5b51ee158,2025-08-13T16:45:00,Fever (Jwara),"High temperature, chills, body ache, fatigue, sweating",Pitta,Pitta,9,Stress,Patient presents with severe Fever (Jwara). Season: Varsha. Dosha predominant: Pitta.,{}
e3f01cdb-c993-40d9-9b13-c11c5d797393,aec2efec-f3f5-41b2-9577-f1bc6f1bca95,2025-08-20T08:00:00,Indigestion (Ajirna),"Bloating, heaviness, loss of appetite, belching",Vata,Vata,3,Hypertension,Patient presents with mild Indigestion (Ajirna). Season: Varsha. Dosha predominant: Vata.,{}
0d56bea0-a3fd-42a6-9ba3-a37a766ace79,c549a658-4581-40d1-b0a2-3b3070b94950,2025-08-27T09:15:00,Fever (Jwara),"High temperature, chills, body ache, fatigue, sweating",Pitta,Pitta,9,Stress,Patient presents with severe Fever (Jwara). Season: Varsha. Dosha predominant: Pitta.,{}
da15fc0b-bff2-4420-a127-e597d038addf,70a0cfb7-ee40-4a08-bd6e-4e011a012e73,2025-08-06T16:00:00,Indigestion (Ajirna),"Bloating, heaviness, loss of appetite, belching",Vata,Vata,3,None,Patient presents with mild Indigestion (Ajirna). Season: Varsha. Dosha predominant: Vata.,{}
4381c4eb-29f8-4e51-b60b-1a401d441ea9,3ce2ae1c-e79e-45a8-874a-e3e1d7b5ce42,2025-08-16T12:30:00,Dengue (Dandashthaka Jwara),"High fever, severe headache, rash, retro-orbital pain, myalgia",Pitta,Pitta,9,Stress,Patient presents with severe Dengue (Dandashthaka Jwara). Season: Varsha. Dosha predominant: Pitta.,{}
39da3720-dad7-426b-bbec-2dfffb9fb43f,d3a42e34-143f-433d-b339-bd249843ad50,2025-08-19T16:30:00,Fever (Jwara),"High temperature, chills, body ache, fatigue, sweating",Pitta,Pitta,9,Hypertension,Patient presents with severe Fever (Jwara). Season: Varsha. Dosha predominant: Pitta.,{}
58d2af25-befa-4ae2-bfba-d280f83d2b00,0eb78130-992f-4dc9-9eb4-5405ddeb8065,2025-08-06T09:15:00,Indigestion (Ajirna),"Bloating, heaviness, loss of appetite, belching",Vata,Vata,3,Diabetes,Patient presents with mild Indigestion (Ajirna). Season: Varsha. Dosha predominant: Vata.,{}
2f2c1798-d29a-4a3e-96bb-3e13f819a04f,fbdbd9c2-c61b-491a-b6cd-4d56a1ac14b0,2025-08-05T18:45:00,Dengue (Dandashthaka Jwara),"High fever, severe headache, rash, retro-orbital pain, myalgia",Pitta,Pitta,9,Stress,Patient presents with severe Dengue (Dandashthaka Jwara). Season: Varsha. Dosha predominant: Pitta.,{}
b3be8047-c5e6-4f8e-8e4d-ae38a3807b03,5b077a5a-6fe9-449a-b002-65fa60750bef,2025-08-14T09:00:00,Dengue (Dandashthaka Jwara),"High fever, severe headache, rash, retro-orbital pain, myalgia",Pitta,Pitta,9,,Patient presents with severe Dengue (Dandashthaka Jwara). Season: Varsha. Dosha predominant: Pitta.,{}
a6f679f5-b16e-4156-bc02-b3a4419ebe80,ebcf1eab-c3a5-45b0-9b04-1d1a7b0a7c2b,2025-08-18T11:30:00,Fever (Jwara),"High temperature, chills, body ache, fatigue, sweating",Pitta,Pitta,9,None,Patient presents with severe Fever (Jwara). Season: Varsha. Dosha predominant: Pitta.,{}
a3ab7b3e-7c47-4745-8806-79b539ae0c28,c2bd62d4-1a44-40d8-8141-8e1efbfebfd1,2025-08-18T09:30:00,Indigestion (Ajirna),"Bloating, heaviness, loss of appetite, belching",Vata,Vata,3,Hypertension,Patient presents with mild Indigestion (Ajirna). Season: Varsha. Dosha predominant: Vata.,{}
6e3acb70-6263-4e36-b0b0-bc37ec8d7969,a380d836-e795-4f24-8593-5f7a891c14e2,2025-08-14T16:30:00,Dengue (Dandashthaka Jwara),"High fever, severe headache, rash, retro-orbital pain, myalgia",Pitta,Pitta,9,None,Patient presents with severe Dengue (Dandashthaka Jwara). Season: Varsha. Dosha predominant: Pitta.,{}
70b24704-94ab-4cd0-bd2b-51bdd925d732,3ea89f94-59ec-477d-9e5f-8aaddc6e6e04,2025-08-02T11:00:00,Pharyngitis (Galashotha),"Sore throat, dry cough, hoarseness",Kapha,Kapha,3,Diabetes,Patient presents with mild Pharyngitis (Galashotha). Season: Varsha. Dosha predominant: Kapha.,{}
f5bb4eba-4769-4588-a31a-7564a7134dd5,f9e21173-1112-4f40-b874-349b656a8df2,2025-08-02T12:00:00,Chikungunya (Sandhi Jwara),"Joint pain, fever, rash",Pitta,Vata-Pitta,9,Stress,Patient presents with severe Chikungunya (Sandhi Jwara). Season: Varsha. Dosha predominant: Vata-Pitta.,{}
87e7cbe6-0664-4792-91e3-323d3d2c4d2b,919dd9fe-8727-4be0-b1d9-605ec59b16a6,2025-08-08T17:30:00,Sciatica (Gridhrasi),"Lower back pain, pain radiating down the leg",Vata,Vata,6,,Patient presents with moderate Sciatica (Gridhrasi). Season: Varsha. Dosha predominant: Vata.,{}
c117fc18-3597-4779-b746-563bb8ad9852,ea025677-cdc6-4561-9b4b-acf2a691b67e,2025-08-29T18:00:00,Conjunctivitis (Netra Abhishyanda),"Red eyes, itchy eyes, eye discharge",Pitta,Pitta,3,,Patient presents with mild Conjunctivitis (Netra Abhishyanda). Season: Varsha. Dosha predominant: Pitta.,{}
f80e5472-404c-4ef8-b492-577d05ab811f,d65f2d2d-1292-4806-944f-83f3098f056f,2025-08-04T13:15:00,Stress (Manasika Tanava),"Anxiety, fatigue, headaches, irritability",Vata,Vata,3,None,Patient presents with mild Stress (Manasika Tanava). Season: Varsha. Dosha predominant: Vata.,{}
d2be8dd8-49ff-4dbb-916f-5f623316c649,0444f304-d2d5-4eef-9df4-4b38f0712c46,2025-08-20T16:30:00,Cystitis (Mutrakrichra),"Painful urination, frequent urge to urinate",Vata,Vata,3,None,Patient presents with mild Cystitis (Mutrakrichra). Season: Varsha. Dosha predominant: Vata.,{}
170114a1-2a66-4670-bdfb-900261c06853,0444f304-d2d5-4eef-9df4-4b38f0712c46,2025-08-22T16:30:00,Cystitis (Mutrakrichra),"Painful urination, frequent urge to urinate",Vata,Vata,3,,Follow-up visit for Cystitis (Mutrakrichra). Season: Varsha.,{}
50a1ed2c-dd5f-4ca3-9399-eaaf974b6ff0,03bee406-a6c0-4dfb-b6e4-9f31eb880ec8,2025-08-01T09:45:00,Polycystic Kidney Disease (Vrikka Roga),"Abdominal pain, high blood pressure, kidney enlargement",Vata,Vata-Pitta,9,Diabetes,Patient presents with severe Polycystic Kidney Disease (Vrikka Roga). Season: Varsha. Dosha predominant: Vata-Pitta.,{}
c59f9107-a568-4cde-8414-9fafff44ff71,b7b3f2ca-7786-42cd-b1d9-c40140828041,2025-08-04T09:45:00,Infertility (Vandhyatva),"Difficulty conceiving, irregular cycles",Vata,Vata-Pitta,6,None,Patient presents with moderate Infertility (Vandhyatva). Season: Varsha. Dosha predominant: Vata-Pitta.,{}
3aedd9eb-c9d8-479b-b6f9-c800dc0c18f2,f5943915-4cea-43b8-84d3-254eacf72596,2025-08-12T17:45:00,Psoriasis (Kitibha Kushtha),"Red, inflamed skin, scales, itching",Pitta,Pitta,9,,Patient presents with severe Psoriasis (Kitibha Kushtha). Season: Varsha. Dosha predominant: Pitta.,{}
2668f017-711e-4f84-98c8-69bcf4a64072,df2cf24b-adbd-4f50-b1b4-f23619cec2b6,2025-08-30T15:00:00,Dandruff (Darunaka),"Scalp itchiness, flaking",Kapha,Kapha-Pitta,3,Hypertension,Patient presents with mild Dandruff (Darunaka). Season: Varsha. Dosha predominant: Kapha-Pitta.,{}
a3caee51-d68d-44be-8ab5-9d5e82824f75,db0de662-dbfb-4d5c-82a8-4c023a91c8a4,2025-08-20T13:15:00,Tonsillitis (Tundikeri),"Sore throat, difficulty swallowing, fever",Kapha,Kapha-Pitta,3,Obesity,Patient presents with mild Tonsillitis (Tundikeri). Season: Varsha. Dosha predominant: Kapha-Pitta.,{}
d6e87a2c-7e5b-4d8a-9da2-4eb7d1b0126d,c0d5c8c9-3c2d-4bc9-a784-25abb9ed17be,2025-08-24T10:30:00,Osteoporosis (Asthi Kshaya),"Fragile bones, fractures, height loss",Vata,Vata,6,Hypertension,Patient presents with moderate Osteoporosis (Asthi Kshaya). Season: Varsha. Dosha predominant: Vata.,{}
d74b568f-738f-4a14-8ebf-62cc65d56bc9,6598fb6f-29d4-4b13-ad62-0f18e98871d0,2025-08-20T15:45:00,Acne (Yuvana Pidika),"Pimples, blackheads, oily skin",Pitta,Pitta-Kapha,6,,Patient presents with moderate Acne (Yuvana Pidika). Season: Varsha. Dosha predominant: Pitta-Kapha.,{}
44f6928d-340a-4c7a-9413-482cf1cda704,e8fc7959-0c7d-4af4-a794-219eefc066e0,2025-08-13T08:45:00,Gastritis (Urdhva Amlapitta),"Stomach pain, bloating, nausea after meals",Pitta,Pitta,6,None,Patient presents with moderate Gastritis (Urdhva Amlapitta). Season: Varsha. Dosha predominant: Pitta.,{}
fdcfe2bd-9bf3-437d-bfb1-a4bbb9e4c616,bf741850-6488-4b26-ae22-4b833e9aee2a,2025-08-05T08:45:00,Gastritis (Urdhva Amlapitta),"Stomach pain, bloating, nausea after meals",Pitta,Pitta,6,Hypertension,Patient presents with moderate Gastritis (Urdhva Amlapitta). Season: Varsha. Dosha predominant: Pitta.,{}
48b54bfe-3ed7-4608-90fa-c2856171477e,b6ce1286-8f7d-41b3-8052-46b15da0f482,2025-08-19T08:00:00,Gout (Vatarakta),"Joint pain, swelling, redness in the big toe",Pitta,Vata-Pitta,6,Diabetes,Patient presents with moderate Gout (Vatarakta). Season: Varsha. Dosha predominant: Vata-Pitta.,{}
13835394-4ea5-40fd-94f9-aefe76c5ed5f,fbdbd9c2-c61b-491a-b6cd-4d56a1ac14b0,2025-08-26T09:45:00,Back Pain (Prishtha Shoola),"Muscle stiffness, difficulty moving",Vata,Vata,3,Diabetes,Patient presents with mild Back Pain (Prishtha Shoola). Season: Varsha. Dosha predominant: Vata.,{}
2de54e83-c0b4-4c54-807f-1dc420c64625,fbdbd9c2-c61b-491a-b6cd-4d56a1ac14b0,2025-08-29T09:45:00,Back Pain (Prishtha Shoola),"Muscle stiffness, difficulty moving",Vata,Vata,3,,Follow-up visit for Back Pain (Prishtha Shoola). Season: Varsha.,{}
e6c00f53-23dc-43be-a3bd-103833812d42,da99b674-4d79-4e03-8869-ecdcce4d9b81,2025-08-21T09:00:00,Vitiligo (Shwitra),White patches on the skin,Pitta,Pitta-Vata,3,,Patient presents with mild Vitiligo (Shwitra). Season: Varsha. Dosha predominant: Pitta-Vata.,{}
f36302cb-a240-449e-a67a-0191a7f4d4a6,ef288a4a-96e6-4c3e-94f5-96bc406e0134,2025-08-20T16:00:00,Gingivitis (Danta Vidradhi),"Red, swollen gums, bleeding while brushing",Pitta,Pitta,9,None,Patient presents with severe Gingivitis (Danta Vidradhi). Season: Varsha. Dosha predominant: Pitta.,{}
c7ed87ee-8c1b-4057-a7f6-e40bb4692be2,9d39dbb9-bc52-4d73-9cac-f2382b1f0eae,2025-08-26T17:00:00,Metabolic Syndrome (Santarpana Janya Vikara),"Weight gain, fatigue, high blood sugar and cholesterol",Kapha,Kapha,3,Obesity,Patient presents with mild Metabolic Syndrome (Santarpana Janya Vikara). Season: Varsha. Dosha predominant: Kapha.,{}
d1c5ff64-09ae-453d-9f04-f02b6874d05e,184a4d1c-1311-401f-8313-623bcba5847d,2025-08-21T15:15:00,Tinnitus (Karnanada),"Ringing in the ears, hearing loss, ear fullness",Vata,Vata,3,,Patient presents with mild Tinnitus (Karnanada). Season: Varsha. Dosha predominant: Vata.,{}
dcac8471-03c1-4f98-89c4-6a2105503650,b04a2d73-1fa1-4be0-95bc-c1de06279db2,2025-08-28T08:45:00,Gingivitis (Danta Vidradhi),"Red, swollen gums, bleeding while brushing",Pitta,Pitta,3,Diabetes,Patient presents with mild Gingivitis (Danta Vidradhi). Season: Varsha. Dosha predominant: Pitta.,{}
f9afde78-0a6b-4294-ad54-b7fe85ace50a,2e151f74-fbb2-4edd-83d4-c5b7c85791c5,2025-08-05T14:30:00,Chikungunya (Sandhi Jwara),"Joint pain, fever, rash",Pitta,Vata-Pitta,6,Stress,Patient presents with moderate Chikungunya (Sandhi Jwara). Season: Varsha. Dosha predominant: Vata-Pitta.,{}
1e2e9bba-359d-458f-baf9-7cf0f2e499b0,b56996c2-8d55-43ee-a273-08fb3b9a9e41,2025-08-15T12:00:00,Anemia (Pandu Roga),"Fatigue, pale skin, shortness of breath",Pitta,Pitta,3,,Patient presents with mild Anemia (Pandu Roga). Season: Varsha. Dosha predominant: Pitta.,{}
2d918e11-9873-4d46-a053-dd5ab8810d40,96e34006-b83d-4ed5-873a-ba11cd16085d,2025-08-05T18:45:00,Alopecia (Indralupta),"Hair loss, thinning of scalp",Pitta,Pitta,6,Stress,Patient presents with moderate Alopecia (Indralupta). Season: Varsha. Dosha predominant: Pitta.,{}
6bfa6373-b8c8-452f-b78b-c20ae0a983fe,dd6e8020-d86b-4d96-bd46-95f11d7b4265,2025-08-29T13:15:00,Hypertension (Raktachaapa Vriddhi),"Headache, dizziness, chest discomfort",Pitta,Pitta,9,Diabetes,Patient presents with severe Hypertension (Raktachaapa Vriddhi). Season: Varsha. Dosha predominant: Pitta.,{}
c0d6af09-191d-4ce4-8985-ce3ab5d92f4c,b021bb1e-6e42-419a-bcff-6dacfc1a7d5c,2025-08-16T09:00:00,Conjunctivitis (Netra Abhishyanda),"Red eyes, itchy eyes, eye discharge",Pitta,Pitta,6,Obesity,Patient presents with moderate Conjunctivitis (Netra Abhishyanda). Season: Varsha. Dosha predominant: Pitta.,{}
370b95d1-cfc9-4980-923b-a279cb811a7a,6b34d482-464b-4342-8047-567d9d38c122,2025-08-22T17:00:00,Goiter (Galaganda),"Swelling in the neck, difficulty swallowing",Kapha,Vata-Pitta,9,Obesity,Patient presents with severe Goiter (Galaganda). Season: Varsha. Dosha predominant: Vata-Pitta.,{}
2546aa17-740a-4c4b-bd1e-818beb0b5745,2080eba4-fd00-4c33-9228-ff92981a6306,2025-08-22T12:45:00,Hypertension (Raktachaapa Vriddhi),"Headache, dizziness, chest discomfort",Pitta,Pitta,6,Obesity,Patient presents with moderate Hypertension (Raktachaapa Vriddhi). Season: Varsha. Dosha predominant: Pitta.,{}
8bcaad3d-bb19-4989-b824-66ac06397d6a,b5baa886-12fe-4c5c-8151-6c2f72c3c2b1,2025-08-09T16:00:00,Osteoporosis (Asthi Kshaya),"Fragile bones, fractures, height loss",Vata,Vata,3,Stress,Patient presents with mild Osteoporosis (Asthi Kshaya). Season: Varsha. Dosha predominant: Vata.,{}
c50be116-a896-41d8-ba81-438d107f7bdf,47858567-6aac-44d7-9781-0cc941cbdfe4,2025-08-19T13:45:00,Chikungunya (Sandhi Jwara),"Joint pain, fever, rash",Pitta,Vata-Pitta,9,Stress,Patient presents with severe Chikungunya (Sandhi Jwara). Season: Varsha. Dosha predominant: Vata-Pitta.,{}
aa8d9c8c-7b7f-498f-a64e-5f3cccbe948e,938cff92-e5a8-4ae9-8423-235d185ac7e7,2025-08-15T11:45:00,Frozen Shoulder (Avabahuka),"Shoulder stiffness, restricted movement, pain",Vata,Vata,3,,Patient presents with mild Frozen Shoulder (Avabahuka). Season: Varsha. Dosha predominant: Vata.,{}
7cd5abdd-bcd3-4e71-8017-7b8777f0d6a8,b7b3f2ca-7786-42cd-b1d9-c40140828041,2025-08-06T16:30:00,Thyroid Disorder (Galaganda Vikara),"Fatigue, weight changes, mood swings, hair loss",Vata,Vata-Pitta,6,None,Patient presents with moderate Thyroid Disorder (Galaganda Vikara). Season: Varsha. Dosha predominant: Vata-Pitta.,{}
d3823391-16d5-4958-aaae-6e89e9047ca9,b5baa886-12fe-4c5c-8151-6c2f72c3c2b1,2025-08-22T17:15:00,Back Pain (Prishtha Shoola),"Muscle stiffness, difficulty moving",Vata,Vata,6,Stress,Patient presents with moderate Back Pain (Prishtha Shoola). Season: Varsha. Dosha predominant: Vata.,{}
a3f9c3da-d50c-4e31-b4ba-fa53ce8431b6,b5baa886-12fe-4c5c-8151-6c2f72c3c2b1,2025-08-27T17:15:00,Back Pain (Prishtha Shoola),"Muscle stiffness, difficulty moving",Vata,Vata,6,,Follow-up visit for Back Pain (Prishtha Shoola). Season: Varsha.,{}
2e04059a-8486-4af7-8861-864a6feb9f6c,7765e897-4d14-423e-b0ec-e49d2287ba05,2025-08-03T18:45:00,Burnout (Chitta Klama),"Fatigue, irritability, trouble sleeping, anxiety",Vata,Vata-Pitta,3,Stress,Patient presents with mild Burnout (Chitta Klama). Season: Varsha. Dosha predominant: Vata-Pitta.,{}
9c1a4a01-70f7-42a9-b866-d9fd5fe2d330,726a0544-9ef5-4fcc-a522-5ed2b32a0dd5,2025-08-18T10:45:00,Amebiasis (Pittaja Atisara),"Abdominal pain, diarrhea, fever",Pitta,Pitta-Kapha,6,,Patient presents with moderate Amebiasis (Pittaja Atisara). Season: Varsha. Dosha predominant: Pitta-Kapha.,{}
ae2562da-7f8c-4ba3-94be-1aad20b5cae3,72b2881a-bcb0-4a20-84c1-3648ac2e2c49,2025-09-05T13:30:00,Acidity (Amlapitta),"Heartburn, sour belching, nausea, upper abdominal discomfort",Pitta,Pitta,6,None,Patient presents with moderate Acidity (Amlapitta). Season: Sharad. Dosha predominant: Pitta.,{}
0637f8ae-da28-48cb-9d7c-4f2be720c853,693f23cc-b396-429b-b9d3-46f02c8637b4,2025-09-17T12:15:00,Acidity (Amlapitta),"Heartburn, sour belching, nausea, upper abdominal discomfort",Pitta,Pitta,6,None,Patient presents with moderate Acidity (Amlapitta). Season: Sharad. Dosha predominant: Pitta.,{}
b4d16c62-8700-46a0-beb8-29891dd30f17,0e355b07-5976-4177-bc19-cc009bc22b31,2025-09-05T18:15:00,Acidity (Amlapitta),"Heartburn, sour belching, nausea, upper abdominal discomfort",Pitta,Pitta,6,,Patient presents with moderate Acidity (Amlapitta). Season: Sharad. Dosha predominant: Pitta.,{}
497aa7fb-7d92-4ebd-a1be-09edd76504b6,01d1fa93-bd3f-44b0-b8a1-81b87e0e7564,2025-09-06T09:45:00,Acidity (Amlapitta),"Heartburn, sour belching, nausea, upper abdominal discomfort",Pitta,Pitta,6,Stress,Patient presents with moderate Acidity (Amlapitta). Season: Sharad. Dosha predominant: Pitta.,{}
8b9cbac7-1409-4a16-bb3d-5b7cd32d7052,19dd4f5c-d541-4af3-9939-948007f8ee11,2025-09-12T16:45:00,Fever (Jwara),"High temperature, chills, body ache, fatigue, sweating",Pitta,Pitta,6,Hypertension,Patient presents with moderate Fever (Jwara). Season: Sharad. Dosha predominant: Pitta.,{}
5ef91933-f111-4620-8020-0703d381b263,5d88a728-570d-4b0f-a63b-28efe8390b13,2025-09-12T14:45:00,Dengue (Dandashthaka Jwara),"High fever, severe headache, rash, retro-orbital pain, myalgia",Pitta,Pitta,9,,Patient presents with severe Dengue (Dandashthaka Jwara). Season: Sharad. Dosha predominant: Pitta.,{}
22f92085-f178-47a9-8852-c90af22dfc5b,5d88a728-570d-4b0f-a63b-28efe8390b13,2025-09-16T14:45:00,Dengue (Dandashthaka Jwara),"High fever, severe headache, rash, retro-orbital pain, myalgia",Pitta,Pitta,9,,Follow-up visit for Dengue (Dandashthaka Jwara). Season: Sharad.,{}
c8b8855f-2de8-40ab-83c7-084f74da04cd,fbd6a056-a2ca-4b7e-bf5e-fba558452aa6,2025-09-03T14:30:00,Diarrhea (Atisara),"Loose watery stools, abdominal cramps, dehydration",Pitta,Pitta,3,,Patient presents with mild Diarrhea (Atisara). Season: Sharad. Dosha predominant: Pitta.,{}
a53ab376-a99f-4020-b0fd-a4781679789f,e233cc94-8c91-4284-b394-aabbbc20ed73,2025-09-25T18:45:00,Dengue (Dandashthaka Jwara),"High fever, severe headache, rash, retro-orbital pain, myalgia",Pitta,Pitta,9,,Patient presents with severe Dengue (Dandashthaka Jwara). Season: Sharad. Dosha predominant: Pitta.,{}
194bf11e-5f52-43fb-8ec1-fe6d4ebf31dc,4b8eae49-83ec-44b2-b597-3655b945c1f1,2025-09-11T11:15:00,Diarrhea (Atisara),"Loose watery stools, abdominal cramps, dehydration",Pitta,Pitta,3,Stress,Patient presents with mild Diarrhea (Atisara). Season: Sharad. Dosha predominant: Pitta.,{}
44cb151b-dfbe-43ea-aaaa-458d097b181b,8fc7efec-f525-4ece-94f6-0f21afc8d133,2025-09-11T12:00:00,Acidity (Amlapitta),"Heartburn, sour belching, nausea, upper abdominal discomfort",Pitta,Pitta,6,Obesity,Patient presents with moderate Acidity (Amlapitta). Season: Sharad. Dosha predominant: Pitta.,{}
20c6d45a-f29b-4737-b252-b2d8c479d047,b6700f93-77b3-472a-99d1-0f5aa02f4a8c,2025-09-04T13:15:00,Dengue (Dandashthaka Jwara),"High fever, severe headache, rash, retro-orbital pain, myalgia",Pitta,Pitta,9,Obesity,Patient presents with severe Dengue (Dandashthaka Jwara). Season: Sharad. Dosha predominant: Pitta.,{}
4fad2186-6bd0-46c6-b768-09f291940594,493ce533-a40e-41da-b998-80990e815203,2025-09-12T11:00:00,Skin Disorder (Kushtha),"Itching, rash, discoloration, scaling of skin",Pitta,Pitta,6,None,Patient presents with moderate Skin Disorder (Kushtha). Season: Sharad. Dosha predominant: Pitta.,{}
7bb9d0c0-d51c-4514-aeb2-d58584f7ce20,d8409afe-4d08-4f6a-a5f3-83e9df67ff3b,2025-09-16T17:45:00,Skin Disorder (Kushtha),"Itching, rash, discoloration, scaling of skin",Pitta,Pitta,6,Diabetes,Patient presents with moderate Skin Disorder (Kushtha). Season: Sharad. Dosha predominant: Pitta.,{}
cd3f90ab-76c5-4109-8d74-02260ab7bf2c,61e13cea-61ab-4d3b-9aed-773ece96fa27,2025-09-29T13:30:00,Eye Disorder (Netra Roga),"Eye irritation, redness, blurred vision, discharge",Pitta,Pitta,3,None,Patient presents with mild Eye Disorder (Netra Roga). Season: Sharad. Dosha predominant: Pitta.,{}
57ecf6cf-de24-4f0a-b682-de6783674716,fd38fd08-0888-49fe-a87d-1e8a5ceac484,2025-09-15T17:00:00,Acidity (Amlapitta),"Heartburn, sour belching, nausea, upper abdominal discomfort",Pitta,Pitta,6,Stress,Patient presents with moderate Acidity (Amlapitta). Season: Sharad. Dosha predominant: Pitta.,{}
eecee146-d690-4d1e-a4b4-74c859487b3b,897987e2-558c-43d7-b337-52921e51c6af,2025-09-26T13:00:00,Eye Disorder (Netra Roga),"Eye irritation, redness, blurred vision, discharge",Pitta,Pitta,3,Stress,Patient presents with mild Eye Disorder (Netra Roga). Season: Sharad. Dosha predominant: Pitta.,{}
608d29bb-079a-4450-bc1b-44f1ce9cbbc8,7fe7668f-ef3d-4bc2-8b4b-183240e39098,2025-09-23T13:15:00,Dengue (Dandashthaka Jwara),"High fever, severe headache, rash, retro-orbital pain, myalgia",Pitta,Pitta,9,,Patient presents with severe Dengue (Dandashthaka Jwara). Season: Sharad. Dosha predominant: Pitta.,{}
8dba85f7-090c-484b-8332-52ddfc01b0d0,7fe7668f-ef3d-4bc2-8b4b-183240e39098,2025-09-29T13:15:00,Dengue (Dandashthaka Jwara),"High fever, severe headache, rash, retro-orbital pain, myalgia",Pitta,Pitta,9,,Follow-up visit for Dengue (Dandashthaka Jwara). Season: Sharad.,{}
c162bb54-2258-4752-a2d3-6c7941a5779d,4f048eaf-3e00-4fad-a583-8453c8594b6b,2025-09-14T18:00:00,Eye Disorder (Netra Roga),"Eye irritation, redness, blurred vision, discharge",Pitta,Pitta,3,Stress,Patient presents with mild Eye Disorder (Netra Roga). Season: Sharad. Dosha predominant: Pitta.,{}
df8c6724-2fb9-4b9b-b6c3-d83ddb05b1bb,e726f11b-11bb-4f80-87b3-c554a5e81cee,2025-09-12T09:00:00,Fever (Jwara),"High temperature, chills, body ache, fatigue, sweating",Pitta,Pitta,6,,Patient presents with moderate Fever (Jwara). Season: Sharad. Dosha predominant: Pitta.,{}
35914d13-d6aa-4346-b737-227be8a103d7,fbdbd9c2-c61b-491a-b6cd-4d56a1ac14b0,2025-09-12T08:15:00,Acidity (Amlapitta),"Heartburn, sour belching, nausea, upper abdominal discomfort",Pitta,Pitta,6,Stress,Patient presents with moderate Acidity (Amlapitta). Season: Sharad. Dosha predominant: Pitta.,{}
57bd2394-a737-4ae8-9ae3-16d1fbee832f,094db29e-90a4-4da0-b3c1-9dc7c1041600,2025-09-26T16:45:00,Diarrhea (Atisara),"Loose watery stools, abdominal cramps, dehydration",Pitta,Pitta,3,Hypertension,Patient presents with mild Diarrhea (Atisara). Season: Sharad. Dosha predominant: Pitta.,{}
39e70cb4-aa94-44ba-b061-5ddf26e615fc,dd9f868e-94ed-4d40-bd6a-72521f13f9b0,2025-09-01T08:45:00,Diarrhea (Atisara),"Loose watery stools, abdominal cramps, dehydration",Pitta,Pitta,3,Stress,Patient presents with mild Diarrhea (Atisara). Season: Sharad. Dosha predominant: Pitta.,{}
1dd84706-fa11-4dcf-a9c4-9f2f4f63c5ad,5d2a3a2d-a56d-4dd4-9fd6-13626df1bbec,2025-09-20T12:30:00,Diarrhea (Atisara),"Loose watery stools, abdominal cramps, dehydration",Pitta,Pitta,3,Stress,Patient presents with mild Diarrhea (Atisara). Season: Sharad. Dosha predominant: Pitta.,{}
5fc90a70-596e-4869-b5e1-a465b7600bbe,9a019980-cab9-41b9-9e34-9c900834d9b8,2025-09-20T12:45:00,Acidity (Amlapitta),"Heartburn, sour belching, nausea, upper abdominal discomfort",Pitta,Pitta,6,None,Patient presents with moderate Acidity (Amlapitta). Season: Sharad. Dosha predominant: Pitta.,{}
f04c6af0-5d32-41d7-84e5-e830c539d9d4,a2d93dcf-4ebc-43f7-91fe-86fc2ed3431f,2025-09-06T17:30:00,Diarrhea (Atisara),"Loose watery stools, abdominal cramps, dehydration",Pitta,Pitta,3,,Patient presents with mild Diarrhea (Atisara). Season: Sharad. Dosha predominant: Pitta.,{}
3916c20a-e390-4155-a325-7a4b189b0dc4,b9b2ef83-b99f-4e76-a2ab-5d183eebf521,2025-09-16T11:45:00,Acidity (Amlapitta),"Heartburn, sour belching, nausea, upper abdominal discomfort",Pitta,Pitta,6,Obesity,Patient presents with moderate Acidity (Amlapitta). Season: Sharad. Dosha predominant: Pitta.,{}
0675507e-2ad6-40c3-a441-1a22929946fa,1f2497b9-e133-4306-9fc4-af604096d6ef,2025-09-29T11:00:00,Fever (Jwara),"High temperature, chills, body ache, fatigue, sweating",Pitta,Pitta,6,,Patient presents with moderate Fever (Jwara). Season: Sharad. Dosha predominant: Pitta.,{}
0ed26b1c-b176-46e6-839b-7846ef1ffdf6,887c2549-d782-46e3-864c-ebfe36d81f69,2025-09-26T13:00:00,Diarrhea (Atisara),"Loose watery stools, abdominal cramps, dehydration",Pitta,Pitta,3,Stress,Patient presents with mild Diarrhea (Atisara). Season: Sharad. Dosha predominant: Pitta.,{}
819f3229-a5b0-4a5a-a303-dec99396a8e3,e6205465-cf51-49a7-aecf-7e8e67bdcfe5,2025-09-16T12:00:00,Diarrhea (Atisara),"Loose watery stools, abdominal cramps, dehydration",Pitta,Pitta,3,Stress,Patient presents with mild Diarrhea (Atisara). Season: Sharad. Dosha predominant: Pitta.,{}
7db7d8b5-c4e6-40a1-b7b0-bd8ca56e753d,a761cbf3-df21-4c28-9534-bc3dc2ee0a26,2025-09-07T10:45:00,Diarrhea (Atisara),"Loose watery stools, abdominal cramps, dehydration",Pitta,Pitta,3,Diabetes,Patient presents with mild Diarrhea (Atisara). Season: Sharad. Dosha predominant: Pitta.,{}
2a1c8c7d-afb8-45d7-a5a9-1456187105dd,fceb3277-55c1-4e8c-a70e-e6dbb57d54f8,2025-09-08T08:15:00,Fever (Jwara),"High temperature, chills, body ache, fatigue, sweating",Pitta,Pitta,6,Obesity,Patient presents with moderate Fever (Jwara). Season: Sharad. Dosha predominant: Pitta.,{}
bd66f76b-4110-45e8-a83c-8593e1a86953,40b5a9ae-90a4-4f6c-a098-b31928f94be8,2025-09-08T13:30:00,Dengue (Dandashthaka Jwara),"High fever, severe headache, rash, retro-orbital pain, myalgia",Pitta,Pitta,9,,Patient presents with severe Dengue (Dandashthaka Jwara). Season: Sharad. Dosha predominant: Pitta.,{}
0a3924d6-c931-4bb1-96a5-6c2aaeb42c81,fb8f5ee9-eb28-49ae-9b13-1a79bfbe6552,2025-09-30T12:30:00,Eye Disorder (Netra Roga),"Eye irritation, redness, blurred vision, discharge",Pitta,Pitta,3,Hypertension,Patient presents with mild Eye Disorder (Netra Roga). Season: Sharad. Dosha predominant: Pitta.,{}
dfdafbd8-621f-4be5-95ff-ba1f5c7dbeda,7928e7cf-c449-4d7e-8c10-9a404c9dda75,2025-09-15T08:45:00,Diarrhea (Atisara),"Loose watery stools, abdominal cramps, dehydration",Pitta,Pitta,3,None,Patient presents with mild Diarrhea (Atisara). Season: Sharad. Dosha predominant: Pitta.,{}
140d2d99-5fcb-472e-85ae-d835cb820f95,1a17d497-cd2e-42e9-b5b5-22873db11016,2025-09-19T13:45:00,Diarrhea (Atisara),"Loose watery stools, abdominal cramps, dehydration",Pitta,Pitta,3,Hypertension,Patient presents with mild Diarrhea (Atisara). Season: Sharad. Dosha predominant: Pitta.,{}
bb8d4aa7-aa69-447c-9bc3-ba664dd25301,5b489b04-54a8-468d-ac4f-159c8d84ccbc,2025-09-10T10:45:00,Acidity (Amlapitta),"Heartburn, sour belching, nausea, upper abdominal discomfort",Pitta,Pitta,6,Obesity,Patient presents with moderate Acidity (Amlapitta). Season: Sharad. Dosha predominant: Pitta.,{}
02ad7ea6-620f-4dd1-b284-97c47be92a4e,3ce2ae1c-e79e-45a8-874a-e3e1d7b5ce42,2025-09-12T11:00:00,Eye Disorder (Netra Roga),"Eye irritation, redness, blurred vision, discharge",Pitta,Pitta,3,Stress,Patient presents with mild Eye Disorder (Netra Roga). Season: Sharad. Dosha predominant: Pitta.,{}
9896e47a-7124-43a2-9228-bbb7cdfc7e5d,c2e5783b-b4d6-4e56-8b7b-b65f60e7b690,2025-09-30T10:45:00,Diarrhea (Atisara),"Loose watery stools, abdominal cramps, dehydration",Pitta,Pitta,3,,Patient presents with mild Diarrhea (Atisara). Season: Sharad. Dosha predominant: Pitta.,{}
ea71e5ed-0abd-4e70-bf1b-8912a03a207b,726a0544-9ef5-4fcc-a522-5ed2b32a0dd5,2025-09-12T15:00:00,Diarrhea (Atisara),"Loose watery stools, abdominal cramps, dehydration",Pitta,Pitta,3,Diabetes,Patient presents with mild Diarrhea (Atisara). Season: Sharad. Dosha predominant: Pitta.,{}
10f43d69-6fec-4064-9d75-14b929fa21ee,8f3eb98a-2fdd-47ca-85be-184337957e4d,2025-09-10T08:45:00,Eye Disorder (Netra Roga),"Eye irritation, redness, blurred vision, discharge",Pitta,Pitta,3,Obesity,Patient presents with mild Eye Disorder (Netra Roga). Season: Sharad. Dosha predominant: Pitta.,{}
ee958329-ef69-43f4-8de1-0a66267cf894,3730d8a1-557b-4224-9319-4901dc66ab18,2025-09-07T18:00:00,Diarrhea (Atisara),"Loose watery stools, abdominal cramps, dehydration",Pitta,Pitta,3,,Patient presents with mild Diarrhea (Atisara). Season: Sharad. Dosha predominant: Pitta.,{}
515c7c4b-8fb0-4d12-80b1-a9725940772b,3de1091e-220d-4434-ae97-b9e9a079b027,2025-09-05T14:00:00,Fever (Jwara),"High temperature, chills, body ache, fatigue, sweating",Pitta,Pitta,6,Stress,Patient presents with moderate Fever (Jwara). Season: Sharad. Dosha predominant: Pitta.,{}
4c0308a4-8255-4fb1-aee5-47e9f61ee242,d86aac54-f472-4863-b75f-da024a0445c4,2025-09-02T12:30:00,Fever (Jwara),"High temperature, chills, body ache, fatigue, sweating",Pitta,Pitta,6,Hypertension,Patient presents with moderate Fever (Jwara). Season: Sharad. Dosha predominant: Pitta.,{}
3dfb7fa6-4181-4f8c-909c-ff6bd4920750,fc6b9ba8-7c80-4764-8482-f20bc831c4e5,2025-09-20T08:00:00,Eye Disorder (Netra Roga),"Eye irritation, redness, blurred vision, discharge",Pitta,Pitta,3,,Patient presents with mild Eye Disorder (Netra Roga). Season: Sharad. Dosha predominant: Pitta.,{}
17accf1c-41da-4445-be0f-3567f82960e9,b30ca37b-a315-4855-83d7-b9eedff50f6d,2025-09-18T10:30:00,Acidity (Amlapitta),"Heartburn, sour belching, nausea, upper abdominal discomfort",Pitta,Pitta,6,,Patient presents with moderate Acidity (Amlapitta). Season: Sharad. Dosha predominant: Pitta.,{}
31454b6b-3096-419e-bad9-15d8528e48b8,71ea6e60-7682-4ad2-bcdb-684c24439b95,2025-09-08T13:15:00,Diarrhea (Atisara),"Loose watery stools, abdominal cramps, dehydration",Pitta,Pitta,3,Obesity,Patient presents with mild Diarrhea (Atisara). Season: Sharad. Dosha predominant: Pitta.,{}
68dc7cfb-dd61-4aba-bd31-c1ed759ff30c,96cd86af-a011-409e-8853-55cf183fc03d,2025-09-13T17:30:00,Acidity (Amlapitta),"Heartburn, sour belching, nausea, upper abdominal discomfort",Pitta,Pitta,6,None,Patient presents with moderate Acidity (Amlapitta). Season: Sharad. Dosha predominant: Pitta.,{}
83ade991-19a7-488d-8897-ba36784c0e07,809d0f5a-db30-4e49-b921-50b7688e7258,2025-09-29T10:30:00,Skin Disorder (Kushtha),"Itching, rash, discoloration, scaling of skin",Pitta,Pitta,6,Hypertension,Patient presents with moderate Skin Disorder (Kushtha). Season: Sharad. Dosha predominant: Pitta.,{}
d4340070-04ca-4a94-b958-cc3acf2645f7,d1caf30c-327f-455f-9e93-16f6ae872161,2025-09-23T12:00:00,Diarrhea (Atisara),"Loose watery stools, abdominal cramps, dehydration",Pitta,Pitta,3,,Patient presents with mild Diarrhea (Atisara). Season: Sharad. Dosha predominant: Pitta.,{}
d25abdae-8d2c-47d8-8047-ee2266af3c02,ccb0be9b-ffc4-41e2-aab9-f4cedef39498,2025-09-12T16:00:00,Diarrhea (Atisara),"Loose watery stools, abdominal cramps, dehydration",Pitta,Pitta,3,Obesity,Patient presents with mild Diarrhea (Atisara). Season: Sharad. Dosha predominant: Pitta.,{}
1c78673a-c7e4-4b51-a581-9625846ea6fa,ea941aad-c397-4656-bd2d-d1e4ca74eec0,2025-09-16T09:15:00,Fever (Jwara),"High temperature, chills, body ache, fatigue, sweating",Pitta,Pitta,6,,Patient presents with moderate Fever (Jwara). Season: Sharad. Dosha predominant: Pitta.,{}
696fbd31-ebf8-4398-ba15-906331d86a52,3786e287-1e22-487b-810b-e4f4384d94b0,2025-09-18T09:30:00,Dengue (Dandashthaka Jwara),"High fever, severe headache, rash, retro-orbital pain, myalgia",Pitta,Pitta,9,,Patient presents with severe Dengue (Dandashthaka Jwara). Season: Sharad. Dosha predominant: Pitta.,{}
cef7e570-1c06-441e-b01d-e1d1e49ba034,2c5b6ca1-118c-45a7-88db-09aa4fea866c,2025-09-05T15:45:00,Dengue (Dandashthaka Jwara),"High fever, severe headache, rash, retro-orbital pain, myalgia",Pitta,Pitta,9,,Patient presents with severe Dengue (Dandashthaka Jwara). Season: Sharad. Dosha predominant: Pitta.,{}
669ab4e4-5d59-45cf-a1a7-2c066c6b5536,433745ec-d4b7-4131-81ac-776e3c533b33,2025-09-23T17:45:00,Skin Disorder (Kushtha),"Itching, rash, discoloration, scaling of skin",Pitta,Pitta,6,,Patient presents with moderate Skin Disorder (Kushtha). Season: Sharad. Dosha predominant: Pitta.,{}
07bc02df-62aa-4cef-a5b5-85d7b50ef809,ef6c6dc4-469f-45fc-b6ee-ef7991a2fccc,2025-09-02T15:00:00,Skin Disorder (Kushtha),"Itching, rash, discoloration, scaling of skin",Pitta,Pitta,6,None,Patient presents with moderate Skin Disorder (Kushtha). Season: Sharad. Dosha predominant: Pitta.,{}
4d091671-733d-4ed6-ae52-2f3b1b0a1fad,0bf61ee8-167a-4e36-be1d-fb01c6def3b6,2025-09-17T10:15:00,Diarrhea (Atisara),"Loose watery stools, abdominal cramps, dehydration",Pitta,Pitta,3,,Patient presents with mild Diarrhea (Atisara). Season: Sharad. Dosha predominant: Pitta.,{}
1f2577af-06b0-4e99-b093-3010a44bde5f,2ad5cc12-77b7-451a-8dcc-a41f1444db32,2025-09-27T17:45:00,Fever (Jwara),"High temperature, chills, body ache, fatigue, sweating",Pitta,Pitta,6,,Patient presents with moderate Fever (Jwara). Season: Sharad. Dosha predominant: Pitta.,{}
b5f72e9a-619e-42cb-8e87-4d3be44956b3,d31d254c-6cfa-4441-b2eb-6b7271754bcb,2025-09-23T15:30:00,Skin Disorder (Kushtha),"Itching, rash, discoloration, scaling of skin",Pitta,Pitta,6,Obesity,Patient presents with moderate Skin Disorder (Kushtha). Season: Sharad. Dosha predominant: Pitta.,{}
450c9131-0479-4583-9587-dd6b9c376567,c21971e9-6486-4962-adde-b835629f6a01,2025-09-03T12:00:00,Dengue (Dandashthaka Jwara),"High fever, severe headache, rash, retro-orbital pain, myalgia",Pitta,Pitta,9,,Patient presents with severe Dengue (Dandashthaka Jwara). Season: Sharad. Dosha predominant: Pitta.,{}
3e63a3af-1f26-467e-b246-655ca68b871a,6b85b7de-73ea-4d5e-9f33-658dad3fbfb2,2025-09-14T17:15:00,Eye Disorder (Netra Roga),"Eye irritation, redness, blurred vision, discharge",Pitta,Pitta,3,,Patient presents with mild Eye Disorder (Netra Roga). Season: Sharad. Dosha predominant: Pitta.,{}
b1a90e5b-615b-45a8-9370-1e3a8a7effe9,f4d5afd4-e183-4732-a4a7-866f5f2c2fc2,2025-09-28T16:30:00,Fever (Jwara),"High temperature, chills, body ache, fatigue, sweating",Pitta,Pitta,6,Stress,Patient presents with moderate Fever (Jwara). Season: Sharad. Dosha predominant: Pitta.,{}
7262dbb7-459f-444e-bd0e-01bdd4dca182,d3a42e34-143f-433d-b339-bd249843ad50,2025-09-16T09:30:00,Diarrhea (Atisara),"Loose watery stools, abdominal cramps, dehydration",Pitta,Pitta,3,None,Patient presents with mild Diarrhea (Atisara). Season: Sharad. Dosha predominant: Pitta.,{}
c4bfc97e-e529-431e-ba17-fc7424e4560c,7b081731-f6e6-4bc0-92e7-0926927197f2,2025-09-02T13:45:00,Acidity (Amlapitta),"Heartburn, sour belching, nausea, upper abdominal discomfort",Pitta,Pitta,6,Stress,Patient presents with moderate Acidity (Amlapitta). Season: Sharad. Dosha predominant: Pitta.,{}
8a45a5e7-2c69-48df-a1ff-07f17ede292f,6b34d482-464b-4342-8047-567d9d38c122,2025-09-05T15:00:00,Eye Disorder (Netra Roga),"Eye irritation, redness, blurred vision, discharge",Pitta,Pitta,3,,Patient presents with mild Eye Disorder (Netra Roga). Season: Sharad. Dosha predominant: Pitta.,{}
4f90163e-49ce-42b2-b1bf-6a78aaa74902,20787549-8560-40a2-bef0-a262da1afedc,2025-09-27T17:30:00,Diarrhea (Atisara),"Loose watery stools, abdominal cramps, dehydration",Pitta,Pitta,3,Diabetes,Patient presents with mild Diarrhea (Atisara). Season: Sharad. Dosha predominant: Pitta.,{}
e9d8396f-0cd4-45ec-a1c9-14b863883e08,9b81443e-70c0-4787-8d5f-9f3ee7afc7e1,2025-09-20T11:30:00,Dengue (Dandashthaka Jwara),"High fever, severe headache, rash, retro-orbital pain, myalgia",Pitta,Pitta,9,Hypertension,Patient presents with severe Dengue (Dandashthaka Jwara). Season: Sharad. Dosha predominant: Pitta.,{}
195787bd-05c1-46e2-8fa0-8465a03a998b,d1bdd759-8b5f-4f83-87e5-b0ca4ce9b8e8,2025-09-20T10:00:00,Skin Disorder (Kushtha),"Itching, rash, discoloration, scaling of skin",Pitta,Pitta,6,Hypertension,Patient presents with moderate Skin Disorder (Kushtha). Season: Sharad. Dosha predominant: Pitta.,{}
a99a89b8-c676-4b90-a0f2-849bcd626d02,9027b642-6669-4e5d-9de9-6197e231bf03,2025-09-04T09:30:00,Diarrhea (Atisara),"Loose watery stools, abdominal cramps, dehydration",Pitta,Pitta,3,,Patient presents with mild Diarrhea (Atisara). Season: Sharad. Dosha predominant: Pitta.,{}
ec86f82f-0dfc-45f3-b0ba-f7f45b78adbc,9027b642-6669-4e5d-9de9-6197e231bf03,2025-09-07T09:30:00,Diarrhea (Atisara),"Loose watery stools, abdominal cramps, dehydration",Pitta,Pitta,3,,Follow-up visit for Diarrhea (Atisara). Season: Sharad.,{}
5db2b0b8-8ab4-4f02-8e98-f602da2ca43f,7c68fc39-17fe-480d-8e3d-5f5c1b3ffcc0,2025-09-29T09:45:00,Skin Disorder (Kushtha),"Itching, rash, discoloration, scaling of skin",Pitta,Pitta,6,,Patient presents with moderate Skin Disorder (Kushtha). Season: Sharad. Dosha predominant: Pitta.,{}
41b2bf23-b094-4346-a6dc-91c655662950,4563d3b6-d896-46ac-a1ca-dee38c51265f,2025-09-02T12:30:00,Acidity (Amlapitta),"Heartburn, sour belching, nausea, upper abdominal discomfort",Pitta,Pitta,6,Obesity,Patient presents with moderate Acidity (Amlapitta). Season: Sharad. Dosha predominant: Pitta.,{}
e3393422-5511-4032-b04d-8d30e2374076,d53538f7-b819-4bb2-9ca1-2ed43062ad1e,2025-09-19T17:45:00,Skin Disorder (Kushtha),"Itching, rash, discoloration, scaling of skin",Pitta,Pitta,6,Diabetes,Patient presents with moderate Skin Disorder (Kushtha). Season: Sharad. Dosha predominant: Pitta.,{}
2134c7c7-b03a-4e82-a672-c03c8aea3856,6bdf1d70-531f-44b3-b456-2544d6fc76f9,2025-09-28T10:15:00,Dengue (Dandashthaka Jwara),"High fever, severe headache, rash, retro-orbital pain, myalgia",Pitta,Pitta,9,Stress,Patient presents with severe Dengue (Dandashthaka Jwara). Season: Sharad. Dosha predominant: Pitta.,{}
93633048-b1da-407f-837f-e0cf20a9752f,4765c693-4fbd-46b9-9035-05882ba6c9c0,2025-09-18T12:45:00,Dengue (Dandashthaka Jwara),"High fever, severe headache, rash, retro-orbital pain, myalgia",Pitta,Pitta,9,None,Patient presents with severe Dengue (Dandashthaka Jwara). Season: Sharad. Dosha predominant: Pitta.,{}
3e95d671-4f97-4d8e-b5b9-c6772e86b4aa,bd4edcfc-e63c-453c-8f52-da5b28ca241f,2025-09-22T18:30:00,Eye Disorder (Netra Roga),"Eye irritation, redness, blurred vision, discharge",Pitta,Pitta,3,Stress,Patient presents with mild Eye Disorder (Netra Roga). Season: Sharad. Dosha predominant: Pitta.,{}
fd01e2df-1608-48cc-aae9-db640c191e30,461ccfbd-7928-41e0-bc74-54e39824d9a7,2025-09-15T18:45:00,Dengue (Dandashthaka Jwara),"High fever, severe headache, rash, retro-orbital pain, myalgia",Pitta,Pitta,9,Diabetes,Patient presents with severe Dengue (Dandashthaka Jwara). Season: Sharad. Dosha predominant: Pitta.,{}
3f9a888b-eed1-45d9-94bd-c8664ade431f,d56a8d27-6a5a-4e28-a957-7d883cf46c3c,2025-09-19T12:15:00,Eye Disorder (Netra Roga),"Eye irritation, redness, blurred vision, discharge",Pitta,Pitta,3,Hypertension,Patient presents with mild Eye Disorder (Netra Roga). Season: Sharad. Dosha predominant: Pitta.,{}
b8af4705-ae18-4f51-84d0-8d9f4ec44f1c,d53538f7-b819-4bb2-9ca1-2ed43062ad1e,2025-09-05T12:45:00,Diarrhea (Atisara),"Loose watery stools, abdominal cramps, dehydration",Pitta,Pitta,3,None,Patient presents with mild Diarrhea (Atisara). Season: Sharad. Dosha predominant: Pitta.,{}
5571e170-6199-4cc0-8a8e-4dab9b2d9a67,4765c693-4fbd-46b9-9035-05882ba6c9c0,2025-09-01T16:15:00,Skin Disorder (Kushtha),"Itching, rash, discoloration, scaling of skin",Pitta,Pitta,6,Obesity,Patient presents with moderate Skin Disorder (Kushtha). Season: Sharad. Dosha predominant: Pitta.,{}
1ba45763-2ab2-43a4-b8bb-9550bcdb12d1,4b8eae49-83ec-44b2-b597-3655b945c1f1,2025-09-16T14:15:00,Skin Disorder (Kushtha),"Itching, rash, discoloration, scaling of skin",Pitta,Pitta,6,None,Patient presents with moderate Skin Disorder (Kushtha). Season: Sharad. Dosha predominant: Pitta.,{}
c23f81fe-129f-4107-a9e3-ecbf2116eb29,731d9945-c268-42d9-9fc7-b573b49d96cc,2025-09-05T10:00:00,Diarrhea (Atisara),"Loose watery stools, abdominal cramps, dehydration",Pitta,Pitta,3,Obesity,Patient presents with mild Diarrhea (Atisara). Season: Sharad. Dosha predominant: Pitta.,{}
d58bdefc-1ec1-41a0-9907-a7c749174e17,45a0893e-dabe-47bd-ae94-baa22ecb5e87,2025-09-18T12:15:00,Skin Disorder (Kushtha),"Itching, rash, discoloration, scaling of skin",Pitta,Pitta,6,Diabetes,Patient presents with moderate Skin Disorder (Kushtha). Season: Sharad. Dosha predominant: Pitta.,{}
2818ef60-143b-4f3b-a18a-7fb3831c7cfc,1c1ced8e-3f9e-4ab9-9c10-f62a266ef8a5,2025-09-07T18:15:00,Dengue (Dandashthaka Jwara),"High fever, severe headache, rash, retro-orbital pain, myalgia",Pitta,Pitta,9,None,Patient presents with severe Dengue (Dandashthaka Jwara). Season: Sharad. Dosha predominant: Pitta.,{}
2590b127-66e3-4d29-97cb-5d780eda6f73,e3f00da9-8434-49e0-a93d-7d984ea47e16,2025-09-26T14:45:00,Dengue (Dandashthaka Jwara),"High fever, severe headache, rash, retro-orbital pain, myalgia",Pitta,Pitta,9,Stress,Patient presents with severe Dengue (Dandashthaka Jwara). Season: Sharad. Dosha predominant: Pitta.,{}
0688b5c9-a2f2-4834-a4bc-331432699b6a,fd0d50f0-aca2-4154-beba-a56f799fe71e,2025-09-23T08:15:00,Skin Disorder (Kushtha),"Itching, rash, discoloration, scaling of skin",Pitta,Pitta,6,Stress,Patient presents with moderate Skin Disorder (Kushtha). Season: Sharad. Dosha predominant: Pitta.,{}
9e4f931e-e2c3-4f83-a670-72e4448f006e,236bd531-011b-4496-b852-939257e25773,2025-09-06T16:15:00,Dengue (Dandashthaka Jwara),"High fever, severe headache, rash, retro-orbital pain, myalgia",Pitta,Pitta,9,Diabetes,Patient presents with severe Dengue (Dandashthaka Jwara). Season: Sharad. Dosha predominant: Pitta.,{}
5d4fd625-7175-429f-b9b6-67f4b588d22f,1a991d8e-17de-4883-bfb3-86d4e97dc1ae,2025-09-06T18:15:00,Fever (Jwara),"High temperature, chills, body ache, fatigue, sweating",Pitta,Pitta,6,,Patient presents with moderate Fever (Jwara). Season: Sharad. Dosha predominant: Pitta.,{}
7720954e-aa8f-40fc-9a5f-5b88e87d6172,8655f250-2245-4b6c-b7a0-bc009c5fd906,2025-09-22T15:15:00,Skin Disorder (Kushtha),"Itching, rash, discoloration, scaling of skin",Pitta,Pitta,6,,Patient presents with moderate Skin Disorder (Kushtha). Season: Sharad. Dosha predominant: Pitta.,{}
2e182f96-a007-4a06-86e4-cc453e3c4694,726a0544-9ef5-4fcc-a522-5ed2b32a0dd5,2025-09-10T10:30:00,Fever (Jwara),"High temperature, chills, body ache, fatigue, sweating",Pitta,Pitta,6,Diabetes,Patient presents with moderate Fever (Jwara). Season: Sharad. Dosha predominant: Pitta.,{}
17447a21-8db2-432c-85c4-cb647fb4300d,d53538f7-b819-4bb2-9ca1-2ed43062ad1e,2025-09-02T09:00:00,Fever (Jwara),"High temperature, chills, body ache, fatigue, sweating",Pitta,Pitta,6,Diabetes,Patient presents with moderate Fever (Jwara). Season: Sharad. Dosha predominant: Pitta.,{}
e4fa3caf-4fd4-4ac6-965d-41388ed0de3d,05c5d18d-77f0-4ca4-b2cb-7190f17e2181,2025-09-16T13:45:00,Fever (Jwara),"High temperature, chills, body ache, fatigue, sweating",Pitta,Pitta,6,,Patient presents with moderate Fever (Jwara). Season: Sharad. Dosha predominant: Pitta.,{}
a22a6c75-b0f3-41b5-aea9-2f4ff2800cf6,a761cbf3-df21-4c28-9534-bc3dc2ee0a26,2025-09-22T17:00:00,Eye Disorder (Netra Roga),"Eye irritation, redness, blurred vision, discharge",Pitta,Pitta,3,Stress,Patient presents with mild Eye Disorder (Netra Roga). Season: Sharad. Dosha predominant: Pitta.,{}
7c9efe9d-e4f2-4ce9-a08f-379b888d131e,09e9310f-703f-4138-9a6a-a567754bc701,2025-09-26T10:15:00,Dengue (Dandashthaka Jwara),"High fever, severe headache, rash, retro-orbital pain, myalgia",Pitta,Pitta,9,Stress,Patient presents with severe Dengue (Dandashthaka Jwara). Season: Sharad. Dosha predominant: Pitta.,{}
3dcdc6af-0171-4213-81d8-a1ffa56b6eb7,9f848fca-57e9-4bea-80b2-27b3643ba6a3,2025-09-01T16:30:00,Fever (Jwara),"High temperature, chills, body ache, fatigue, sweating",Pitta,Pitta,6,Hypertension,Patient presents with moderate Fever (Jwara). Season: Sharad. Dosha predominant: Pitta.,{}
2d2e71f8-7b05-4941-b859-249eaea9727f,e34b7b05-0c12-49e2-9709-9ac30c8e5086,2025-09-15T14:15:00,Diarrhea (Atisara),"Loose watery stools, abdominal cramps, dehydration",Pitta,Pitta,3,Stress,Patient presents with mild Diarrhea (Atisara). Season: Sharad. Dosha predominant: Pitta.,{}
70ed01e7-8205-4a2c-9cc1-d4ec83d1f9af,b9cc8b32-8d6f-49dc-ad9a-1c8db1abe0b7,2025-09-11T11:15:00,Dengue (Dandashthaka Jwara),"High fever, severe headache, rash, retro-orbital pain, myalgia",Pitta,Pitta,9,,Patient presents with severe Dengue (Dandashthaka Jwara). Season: Sharad. Dosha predominant: Pitta.,{}
56ef8f17-2190-4dd8-8ab0-62c9c0ced2b2,89aa83fd-f4dc-4e74-8281-e6948797557f,2025-09-30T14:30:00,Fever (Jwara),"High temperature, chills, body ache, fatigue, sweating",Pitta,Pitta,6,Obesity,Patient presents with moderate Fever (Jwara). Season: Sharad. Dosha predominant: Pitta.,{}
c608cf32-6a95-4b8e-929e-14434d3439a1,df2cf24b-adbd-4f50-b1b4-f23619cec2b6,2025-09-11T17:30:00,Acidity (Amlapitta),"Heartburn, sour belching, nausea, upper abdominal discomfort",Pitta,Pitta,6,,Patient presents with moderate Acidity (Amlapitta). Season: Sharad. Dosha predominant: Pitta.,{}
64bb6a60-0e42-42b0-8d9d-ed2a679fab34,e9c5a634-5480-410c-baab-abecf9ea6734,2025-09-13T12:30:00,Diarrhea (Atisara),"Loose watery stools, abdominal cramps, dehydration",Pitta,Pitta,3,Hypertension,Patient presents with mild Diarrhea (Atisara). Season: Sharad. Dosha predominant: Pitta.,{}
52186b65-4dbc-4047-aeb7-b71de387f6a8,2c5b6ca1-118c-45a7-88db-09aa4fea866c,2025-09-04T08:45:00,Diarrhea (Atisara),"Loose watery stools, abdominal cramps, dehydration",Pitta,Pitta,3,Hypertension,Patient presents with mild Diarrhea (Atisara). Season: Sharad. Dosha predominant: Pitta.,{}
ecb2beda-582e-4d45-a9b4-ee6cae3879bb,9027b642-6669-4e5d-9de9-6197e231bf03,2025-09-19T10:00:00,Dengue (Dandashthaka Jwara),"High fever, severe headache, rash, retro-orbital pain, myalgia",Pitta,Pitta,9,,Patient presents with severe Dengue (Dandashthaka Jwara). Season: Sharad. Dosha predominant: Pitta.,{}
d533971e-1075-43ff-a878-7fb6fac38ac7,f2b03105-b124-49bd-ab07-249f0413e859,2025-09-15T14:30:00,Diarrhea (Atisara),"Loose watery stools, abdominal cramps, dehydration",Pitta,Pitta,3,Hypertension,Patient presents with mild Diarrhea (Atisara). Season: Sharad. Dosha predominant: Pitta.,{}
a039695b-b87d-4a35-a0f7-832e79bff478,de8c425a-ae57-449d-b012-9de69e1d4432,2025-09-24T12:30:00,Menstrual Disorder (Artava Dushti),"Irregular periods, heavy bleeding, cramps",Vata,Vata-Pitta,3,Hypertension,Patient presents with mild Menstrual Disorder (Artava Dushti). Season: Sharad. Dosha predominant: Vata-Pitta.,{}
e4c0556d-4d8e-4d40-a007-4076b9ab822e,881dc7fa-c689-4a27-aa73-9fc771cc3859,2025-09-03T09:00:00,Tonsillitis (Tundikeri),"Sore throat, difficulty swallowing, fever",Kapha,Kapha-Pitta,3,Obesity,Patient presents with mild Tonsillitis (Tundikeri). Season: Sharad. Dosha predominant: Kapha-Pitta.,{}
97aa2d94-865e-4fe1-959c-93c057c0c628,881dc7fa-c689-4a27-aa73-9fc771cc3859,2025-09-08T09:00:00,Tonsillitis (Tundikeri),"Sore throat, difficulty swallowing, fever",Kapha,Kapha-Pitta,3,,Follow-up visit for Tonsillitis (Tundikeri). Season: Sharad.,{}
4a2227df-3b7d-4f7d-8fca-3f6ab4fa1407,b04a2d73-1fa1-4be0-95bc-c1de06279db2,2025-09-24T18:15:00,Anemia (Pandu Roga),"Fatigue, pale skin, shortness of breath",Pitta,Pitta,3,,Patient presents with mild Anemia (Pandu Roga). Season: Sharad. Dosha predominant: Pitta.,{}
46cc7b00-86d4-43f5-ae8e-140694502f12,05c5d18d-77f0-4ca4-b2cb-7190f17e2181,2025-09-08T16:30:00,Eczema (Vicharchika),"Itchy skin, red rashes, inflammation",Pitta,Pitta,9,,Patient presents with severe Eczema (Vicharchika). Season: Sharad. Dosha predominant: Pitta.,{}
a9add33b-27e9-43ab-b986-b84757e00b91,6b85b7de-73ea-4d5e-9f33-658dad3fbfb2,2025-09-09T10:00:00,Warts (Charmakeela),Small rough skin growths,Kapha,Kapha,3,,Patient presents with mild Warts (Charmakeela). Season: Sharad. Dosha predominant: Kapha.,{}
a36ac60d-f372-4d5c-bae2-fa376ae476ed,0bda3cac-f391-4f5b-829a-12354617b820,2025-09-26T16:00:00,Sciatica (Gridhrasi),"Lower back pain, pain radiating down the leg",Vata,Vata,3,Stress,Patient presents with mild Sciatica (Gridhrasi). Season: Sharad. Dosha predominant: Vata.,{}
cd9035a9-5322-4af4-8482-ea77c7a605e6,23017af6-e0b1-43ce-9ee4-3828ed8551f8,2025-09-06T17:00:00,Warts (Charmakeela),Small rough skin growths,Kapha,Kapha,6,,Patient presents with moderate Warts (Charmakeela). Season: Sharad. Dosha predominant: Kapha.,{}
11aacf92-9496-40bc-bd1b-9c3b9bcb7cdd,397debef-5867-4bca-b342-bacff63be257,2025-09-03T10:15:00,Angina (Hrit Shoola),"Chest pain, shortness of breath, dizziness",Vata,Vata-Kapha,9,None,Patient presents with severe Angina (Hrit Shoola). Season: Sharad. Dosha predominant: Vata-Kapha.,{}
37ac2f20-3404-4c69-9784-0d6dad98ce14,fb675350-88ef-4f41-b8b6-8b5e4f63d995,2025-09-27T09:00:00,Menstrual Disorder (Artava Dushti),"Irregular periods, heavy bleeding, cramps",Vata,Vata-Pitta,3,Diabetes,Patient presents with mild Menstrual Disorder (Artava Dushti). Season: Sharad. Dosha predominant: Vata-Pitta.,{}
b57574cb-45a8-47d4-9a26-c18f28ae763b,3b8fba31-663e-45b0-9e52-ecff95b0753b,2025-09-09T12:30:00,Gingivitis (Danta Vidradhi),"Red, swollen gums, bleeding while brushing",Pitta,Pitta,3,Stress,Patient presents with mild Gingivitis (Danta Vidradhi). Season: Sharad. Dosha predominant: Pitta.,{}
b27187f4-0f24-40bf-ab1a-837505848501,e5b79175-2950-45f6-9957-7fad88f7e4cb,2025-09-05T18:45:00,Hyperlipidemia (Medo Vriddhi),"Elevated cholesterol, fatigue, chest heaviness",Kapha,Kapha,3,None,Patient presents with mild Hyperlipidemia (Medo Vriddhi). Season: Sharad. Dosha predominant: Kapha.,{}
188848cb-1dfa-4130-bf7a-c0abe67a84bd,b3d50c10-33e4-4505-b573-db3b6ea8e33a,2025-09-20T18:00:00,Stress (Manasika Tanava),"Anxiety, fatigue, headaches, irritability",Vata,Vata,6,Hypertension,Patient presents with moderate Stress (Manasika Tanava). Season: Sharad. Dosha predominant: Vata.,{}
b54eb165-8ae8-45ca-b83e-34d8524bab7b,4571dd57-064d-4016-a800-f13c33ed96fa,2025-09-11T17:30:00,Chickenpox (Laghu Masurika),"Itchy rashes, fever, tiredness",Pitta,Pitta,6,,Patient presents with moderate Chickenpox (Laghu Masurika). Season: Sharad. Dosha predominant: Pitta.,{}
ce80b4b0-b128-4046-b153-33cd6c061c5b,2589d831-e7cc-469a-bf77-5811b3aadc1c,2025-09-23T13:00:00,Thyroid Disorder (Galaganda Vikara),"Fatigue, weight changes, mood swings, hair loss",Vata,Vata-Pitta,3,Diabetes,Patient presents with mild Thyroid Disorder (Galaganda Vikara). Season: Sharad. Dosha predominant: Vata-Pitta.,{}
aaaedf7c-44f7-48ca-a25b-d2eb38e8578f,10dc5e3a-46a4-4748-9ef8-18299079c01f,2025-09-24T14:30:00,Osteoporosis (Asthi Kshaya),"Fragile bones, fractures, height loss",Vata,Vata,3,,Patient presents with mild Osteoporosis (Asthi Kshaya). Season: Sharad. Dosha predominant: Vata.,{}
9381eeda-6ea2-4290-8435-62e04889267e,4fb8e2f3-b4bd-4a81-a9f5-3a342b15155c,2025-09-23T17:45:00,Fatty Liver (Yakrit Meda Vriddhi),"Fatigue, mild abdominal discomfort",Kapha,Kapha-Pitta,3,,Patient presents with mild Fatty Liver (Yakrit Meda Vriddhi). Season: Sharad. Dosha predominant: Kapha-Pitta.,{}
8d47d7a7-896b-4d4c-a1ee-98f954f40c01,14d6fe6c-251d-4094-a395-154f42ccae76,2025-09-19T09:45:00,Acne (Yuvana Pidika),"Pimples, blackheads, oily skin",Pitta,Pitta-Kapha,6,Hypertension,Patient presents with moderate Acne (Yuvana Pidika). Season: Sharad. Dosha predominant: Pitta-Kapha.,{}
069d9155-dbca-45bd-bcb5-e47ceda7b2cf,3b2b32e1-d89f-4be7-85a6-7f655317bb74,2025-09-06T17:15:00,Urinary Tract Infection (Mutradaha),"Burning urination, frequent urge, lower abdomen pain",Pitta,Pitta,3,None,Patient presents with mild Urinary Tract Infection (Mutradaha). Season: Sharad. Dosha predominant: Pitta.,{}
0b828bc7-de81-4e55-8ed8-e19f8b9cc752,9d26ec89-f36f-41cc-8de7-30f32000dd52,2025-09-09T14:45:00,Metabolic Syndrome (Santarpana Janya Vikara),"Weight gain, fatigue, high blood sugar and cholesterol",Kapha,Kapha,3,Hypertension,Patient presents with mild Metabolic Syndrome (Santarpana Janya Vikara). Season: Sharad. Dosha predominant: Kapha.,{}
a1660e7e-8371-4c2d-9e03-109745762e30,b5d01b23-061c-4ee4-a549-940e0ed09b00,2025-09-18T15:45:00,Gastritis (Urdhva Amlapitta),"Stomach pain, bloating, nausea after meals",Pitta,Pitta,3,,Patient presents with mild Gastritis (Urdhva Amlapitta). Season: Sharad. Dosha predominant: Pitta.,{}
5d9028e1-b40d-4f7d-893a-911260e0a5a4,1895acd7-b472-439c-900f-868a68083e02,2025-09-05T09:30:00,Back Pain (Prishtha Shoola),"Muscle stiffness, difficulty moving",Vata,Vata,3,None,Patient presents with mild Back Pain (Prishtha Shoola). Season: Sharad. Dosha predominant: Vata.,{}
d874092d-f6da-423c-b416-13b649ab2a99,35a938c1-45df-43f5-9185-b86a99fae957,2025-09-11T09:15:00,Prostate Enlargement (Vriddhi),"Frequent urination, difficulty urinating, weak stream",Vata,Vata,9,Diabetes,Patient presents with severe Prostate Enlargement (Vriddhi). Season: Sharad. Dosha predominant: Vata.,{}
aa5d5b46-a692-4b59-81d3-499431328e29,8b08ffa4-3da5-4348-a84b-405c58ba4ab7,2025-09-16T11:45:00,Urinary Tract Infection (Mutradaha),"Burning urination, frequent urge, lower abdomen pain",Pitta,Pitta,3,,Patient presents with mild Urinary Tract Infection (Mutradaha). Season: Sharad. Dosha predominant: Pitta.,{}
a7319c81-54b2-4168-a544-e64b161f63aa,82fd2aa3-4018-46d4-9ab4-a58fb220efa7,2025-09-10T13:30:00,Tonsillitis (Tundikeri),"Sore throat, difficulty swallowing, fever",Kapha,Kapha-Pitta,3,Hypertension,Patient presents with mild Tonsillitis (Tundikeri). Season: Sharad. Dosha predominant: Kapha-Pitta.,{}
df768cdb-81f3-4b18-a8e1-4541e60d8949,4fb9fb01-2835-4f9b-ad64-f9f690562be8,2025-09-15T10:15:00,Warts (Charmakeela),Small rough skin growths,Kapha,Kapha,9,Diabetes,Patient presents with severe Warts (Charmakeela). Season: Sharad. Dosha predominant: Kapha.,{}
90456bb4-d5a1-47a2-bef4-4caee97461b2,4c61e122-6f1f-4f63-b29f-83610ff915d5,2025-09-24T14:15:00,Typhoid (Antrika Jwara),"Prolonged fever, weakness, abdominal pain",Pitta,Pitta,6,Diabetes,Patient presents with moderate Typhoid (Antrika Jwara). Season: Sharad. Dosha predominant: Pitta.,{}
342d0619-d1be-4753-850e-980bf73349ae,b01c2f08-620e-4003-9146-b2bc5089f338,2025-09-22T17:00:00,Varicose Veins (Sira Granthi),"Swollen, twisted veins, pain, heaviness in legs",Vata,Vata,3,,Patient presents with mild Varicose Veins (Sira Granthi). Season: Sharad. Dosha predominant: Vata.,{}
f6d70b31-e39c-483a-8e6b-695204123e7a,1ecaa841-42a0-4b76-a889-9e88fa40d43d,2025-09-09T15:45:00,Pharyngitis (Galashotha),"Sore throat, dry cough, hoarseness",Kapha,Kapha,6,Obesity,Patient presents with moderate Pharyngitis (Galashotha). Season: Sharad. Dosha predominant: Kapha.,{}
8a96745a-3aed-4489-82c9-52d2631234cd,7405f515-8d14-4922-85b9-32970e01833d,2025-09-08T17:45:00,Tonsillitis (Tundikeri),"Sore throat, difficulty swallowing, fever",Kapha,Kapha-Pitta,3,None,Patient presents with mild Tonsillitis (Tundikeri). Season: Sharad. Dosha predominant: Kapha-Pitta.,{}
485bd680-ace5-48bd-be96-8da7cf2a1f02,defaf406-3b3a-4970-90de-7f0c4793377e,2025-09-11T16:00:00,Alopecia (Indralupta),"Hair loss, thinning of scalp",Pitta,Pitta,3,,Patient presents with mild Alopecia (Indralupta). Season: Sharad. Dosha predominant: Pitta.,{}
654dfada-cafa-472f-8d1e-58e62b0eac03,6d24b306-4259-41cd-ade2-c841be7f108b,2025-09-10T10:15:00,Tinnitus (Karnanada),"Ringing in the ears, hearing loss, ear fullness",Vata,Vata,3,Stress,Patient presents with mild Tinnitus (Karnanada). Season: Sharad. Dosha predominant: Vata.,{}
95145063-3fc1-479a-9537-0c1822ed9a7d,de8c425a-ae57-449d-b012-9de69e1d4432,2025-09-21T18:00:00,Metabolic Syndrome (Santarpana Janya Vikara),"Weight gain, fatigue, high blood sugar and cholesterol",Kapha,Kapha,3,Stress,Patient presents with mild Metabolic Syndrome (Santarpana Janya Vikara). Season: Sharad. Dosha predominant: Kapha.,{}
f21ad472-3492-45b5-9f5b-d66224503af9,206f1ad5-f9e8-456a-b1a9-31c02dd82240,2025-09-12T09:15:00,Tennis Elbow (Kurpara Shoola),"Elbow pain, weak grip",Vata,Vata,6,Stress,Patient presents with moderate Tennis Elbow (Kurpara Shoola). Season: Sharad. Dosha predominant: Vata.,{}
d77fb6bf-973a-47ca-a768-5cd59d339590,78b5103d-d013-4bf6-b81f-ece600e7fba4,2025-09-08T13:15:00,Cystitis (Mutrakrichra),"Painful urination, frequent urge to urinate",Vata,Vata,6,Hypertension,Patient presents with moderate Cystitis (Mutrakrichra). Season: Sharad. Dosha predominant: Vata.,{}
5060488d-4aff-42fa-968e-1affa0820ec4,25b33d1e-384d-426f-85d8-6013c2a5dbb4,2025-09-04T11:00:00,Measles (Romantika),"Fever, cough, runny nose, red eyes, skin rash",Pitta,Pitta,6,Diabetes,Patient presents with moderate Measles (Romantika). Season: Sharad. Dosha predominant: Pitta.,{}
eb1d5b66-e8d6-4a81-b95b-112e3f940d6f,c00e0328-4da5-463d-ab77-57effef4188b,2025-09-22T09:45:00,Alopecia (Indralupta),"Hair loss, thinning of scalp",Pitta,Pitta,3,,Patient presents with mild Alopecia (Indralupta). Season: Sharad. Dosha predominant: Pitta.,{}
bc08e361-1792-4323-994a-3db15d6de110,b268a2c7-3a80-441a-be31-71d95b6cd810,2025-09-03T14:30:00,Gastritis (Urdhva Amlapitta),"Stomach pain, bloating, nausea after meals",Pitta,Pitta,9,None,Patient presents with severe Gastritis (Urdhva Amlapitta). Season: Sharad. Dosha predominant: Pitta.,{}
78e1f29f-cfad-4585-9f24-11fa80d3915d,4ec8a664-7ac6-4a20-9858-da1eecb4efa0,2025-09-22T12:45:00,Thyroid Disorder (Galaganda Vikara),"Fatigue, weight changes, mood swings, hair loss",Vata,Vata-Pitta,9,Stress,Patient presents with severe Thyroid Disorder (Galaganda Vikara). Season: Sharad. Dosha predominant: Vata-Pitta.,{}
2614d21a-afd6-4422-8a7f-ac9002a752c9,a6593654-1c00-458a-b45b-f60b44fe0196,2025-09-30T16:45:00,Hyperlipidemia (Medo Vriddhi),"Elevated cholesterol, fatigue, chest heaviness",Kapha,Kapha,6,Stress,Patient presents with moderate Hyperlipidemia (Medo Vriddhi). Season: Sharad. Dosha predominant: Kapha.,{}
b97ecf18-65ca-45bf-acf3-593486a92585,18271fe2-5d27-45cf-9548-026c078dd1e7,2025-09-23T16:00:00,Acne (Yuvana Pidika),"Pimples, blackheads, oily skin",Pitta,Pitta-Kapha,3,Obesity,Patient presents with mild Acne (Yuvana Pidika). Season: Sharad. Dosha predominant: Pitta-Kapha.,{}
a6536961-6403-4b41-a35f-7eb87c64b9e6,7928e7cf-c449-4d7e-8c10-9a404c9dda75,2025-09-17T13:15:00,Measles (Romantika),"Fever, cough, runny nose, red eyes, skin rash",Pitta,Pitta,6,Diabetes,Patient presents with moderate Measles (Romantika). Season: Sharad. Dosha predominant: Pitta.,{}
760731d8-abf1-4b1b-a101-a62839aac7aa,4fb5f8e9-de14-4ad2-a28d-8eb25e69f54a,2025-09-24T08:00:00,Tinnitus (Karnanada),"Ringing in the ears, hearing loss, ear fullness",Vata,Vata,3,,Patient presents with mild Tinnitus (Karnanada). Season: Sharad. Dosha predominant: Vata.,{}
29dff7f2-5fe5-4698-b83d-26aae872e2dc,e4c092fd-7494-4f8f-bec2-f0fbc3c2a22f,2025-09-19T14:45:00,Hyperlipidemia (Medo Vriddhi),"Elevated cholesterol, fatigue, chest heaviness",Kapha,Kapha,6,None,Patient presents with moderate Hyperlipidemia (Medo Vriddhi). Season: Sharad. Dosha predominant: Kapha.,{}
80ae8733-9e57-463a-8420-c31bb96853a7,e34b7b05-0c12-49e2-9709-9ac30c8e5086,2025-09-09T10:45:00,Cystitis (Mutrakrichra),"Painful urination, frequent urge to urinate",Vata,Vata,3,Obesity,Patient presents with mild Cystitis (Mutrakrichra). Season: Sharad. Dosha predominant: Vata.,{}
8b0d9878-2ee9-4454-af48-09c70f890007,7fe7668f-ef3d-4bc2-8b4b-183240e39098,2025-10-09T12:30:00,Anxiety (Chittodvega),"Restlessness, palpitations, sleeplessness, excessive worry",Vata,Vata,6,Obesity,Patient presents with moderate Anxiety (Chittodvega). Season: Sharad. Dosha predominant: Vata.,{}
3a1c97b9-871e-4cdc-a175-b07e6c1e1776,351f7f25-20cf-4bcf-9e12-059d834615fe,2025-10-16T15:30:00,Acidity (Amlapitta),"Heartburn, sour belching, nausea, upper abdominal discomfort",Pitta,Pitta,3,None,Patient presents with mild Acidity (Amlapitta). Season: Sharad. Dosha predominant: Pitta.,{}
03383430-b77f-4a6b-bb39-30b1add53111,53c3f738-6b98-489e-92c1-a6d016489237,2025-10-13T11:00:00,Anxiety (Chittodvega),"Restlessness, palpitations, sleeplessness, excessive worry",Vata,Vata,6,Diabetes,Patient presents with moderate Anxiety (Chittodvega). Season: Sharad. Dosha predominant: Vata.,{}
52cc52ff-f590-4756-89af-e1a529c69376,92aa69d8-ae85-4a34-8377-635d97bb1551,2025-10-24T15:30:00,Acidity (Amlapitta),"Heartburn, sour belching, nausea, upper abdominal discomfort",Pitta,Pitta,3,Hypertension,Patient presents with mild Acidity (Amlapitta). Season: Sharad. Dosha predominant: Pitta.,{}
2e063a4d-3815-4607-8c4a-2a74e9e34561,cbc84ee4-8a30-4494-9307-55ea27bf446f,2025-10-13T15:30:00,Eye Disorder (Netra Roga),"Eye irritation, redness, blurred vision, discharge",Pitta,Pitta,3,Hypertension,Patient presents with mild Eye Disorder (Netra Roga). Season: Sharad. Dosha predominant: Pitta.,{}
6f8c150c-bb02-45b1-b12d-d0a1b0ee829a,c98d9525-5790-4c35-8d42-af901e41cee7,2025-10-27T11:45:00,Eye Disorder (Netra Roga),"Eye irritation, redness, blurred vision, discharge",Pitta,Pitta,3,Hypertension,Patient presents with mild Eye Disorder (Netra Roga). Season: Sharad. Dosha predominant: Pitta.,{}
735d69b8-7289-4358-9fc2-ebfe3c22badd,c93b4586-7c6e-4e7c-a468-e25f23527270,2025-10-17T13:45:00,Obesity (Sthoulya),"Excess weight, lethargy, breathlessness on exertion",Kapha,Kapha,6,Hypertension,Patient presents with moderate Obesity (Sthoulya). Season: Sharad. Dosha predominant: Kapha.,{}
b5ac6e8a-a531-4855-b25d-0e34d3c7f88f,163e0183-bfb1-43bb-9212-092dd539ed04,2025-10-24T11:00:00,Obesity (Sthoulya),"Excess weight, lethargy, breathlessness on exertion",Kapha,Kapha,6,,Patient presents with moderate Obesity (Sthoulya). Season: Sharad. Dosha predominant: Kapha.,{}
faa6039e-2f74-489f-9802-b811b0b7a194,83dacb16-5e0b-4d52-8df6-19f9ab44dcde,2025-10-21T12:00:00,Eye Disorder (Netra Roga),"Eye irritation, redness, blurred vision, discharge",Pitta,Pitta,3,Hypertension,Patient presents with mild Eye Disorder (Netra Roga). Season: Sharad. Dosha predominant: Pitta.,{}
820fbe38-acfc-4e93-b707-92a4e6985771,f86e7fbe-d8a2-4d1c-8e4e-f2cdce46a9b1,2025-10-28T16:15:00,Migraine (Ardhavabhedaka),"One-sided throbbing headache, nausea, photophobia",Vata,Vata,6,None,Patient presents with moderate Migraine (Ardhavabhedaka). Season: Sharad. Dosha predominant: Vata.,{}
f4cfe6bc-f2d6-4034-92af-76a2d9bf4351,daf9b6c7-3958-4620-b9c6-fbad55c01da3,2025-10-15T15:00:00,Diabetes (Madhumeha),"Excessive thirst, frequent urination, fatigue, blurred vision",Kapha,Kapha,6,Diabetes,Patient presents with moderate Diabetes (Madhumeha). Season: Sharad. Dosha predominant: Kapha.,{}
7565feed-e676-4afe-83bd-50daac527201,c040c651-cba9-404b-a576-b9bd313a0b46,2025-10-13T08:45:00,Acidity (Amlapitta),"Heartburn, sour belching, nausea, upper abdominal discomfort",Pitta,Pitta,3,Diabetes,Patient presents with mild Acidity (Amlapitta). Season: Sharad. Dosha predominant: Pitta.,{}
620c20ff-6cf3-418d-b0e1-d3fb87fe2d34,730f5850-f761-4c04-abed-139771f29ace,2025-10-17T11:45:00,Migraine (Ardhavabhedaka),"One-sided throbbing headache, nausea, photophobia",Vata,Vata,6,None,Patient presents with moderate Migraine (Ardhavabhedaka). Season: Sharad. Dosha predominant: Vata.,{}
63b38256-f115-4c60-b57a-cc3b177bfb6f,b06ccf5e-882a-4bed-86d7-0ffbe31ddc55,2025-10-31T17:45:00,Obesity (Sthoulya),"Excess weight, lethargy, breathlessness on exertion",Kapha,Kapha,6,Diabetes,Patient presents with moderate Obesity (Sthoulya). Season: Sharad. Dosha predominant: Kapha.,{}
61d9e838-16ec-4995-af1f-35550ac5c32e,29edb466-275b-4138-a1e7-983e323e7c7e,2025-10-20T17:45:00,Diabetes (Madhumeha),"Excessive thirst, frequent urination, fatigue, blurred vision",Kapha,Kapha,6,Hypertension,Patient presents with moderate Diabetes (Madhumeha). Season: Sharad. Dosha predominant: Kapha.,{}
a4593499-a63e-4eee-8017-dc82f392a16f,cd154569-9040-423e-886b-b5ad3cfd07d4,2025-10-16T17:45:00,Diabetes (Madhumeha),"Excessive thirst, frequent urination, fatigue, blurred vision",Kapha,Kapha,6,,Patient presents with moderate Diabetes (Madhumeha). Season: Sharad. Dosha predominant: Kapha.,{}
685c5415-0762-4381-8f3c-44c62939eee5,6ecc6b13-3f95-49c6-a022-e43e247b6561,2025-10-29T18:45:00,Anxiety (Chittodvega),"Restlessness, palpitations, sleeplessness, excessive worry",Vata,Vata,6,Obesity,Patient presents with moderate Anxiety (Chittodvega). Season: Sharad. Dosha predominant: Vata.,{}
eb339864-9840-4e4a-aba1-87f25b5ad8de,46c4e687-61b8-489b-8723-776e0e98d312,2025-10-18T18:45:00,Eye Disorder (Netra Roga),"Eye irritation, redness, blurred vision, discharge",Pitta,Pitta,3,,Patient presents with mild Eye Disorder (Netra Roga). Season: Sharad. Dosha predominant: Pitta.,{}
68964fb6-109b-49c5-bae0-0ede7922878c,253e0962-942e-4fc2-a7a4-e7ad779e0ac5,2025-10-05T15:45:00,Obesity (Sthoulya),"Excess weight, lethargy, breathlessness on exertion",Kapha,Kapha,6,Stress,Patient presents with moderate Obesity (Sthoulya). Season: Sharad. Dosha predominant: Kapha.,{}
92b62ae3-7f8a-4075-8f6f-b478df22f0a1,f6b7380f-2a17-403a-ba0e-4fd6d89f8a89,2025-10-08T17:30:00,Migraine (Ardhavabhedaka),"One-sided throbbing headache, nausea, photophobia",Vata,Vata,6,Hypertension,Patient presents with moderate Migraine (Ardhavabhedaka). Season: Sharad. Dosha predominant: Vata.,{}
8e086cca-e301-41c5-bd39-15541095884e,b021bb1e-6e42-419a-bcff-6dacfc1a7d5c,2025-10-25T18:30:00,Eye Disorder (Netra Roga),"Eye irritation, redness, blurred vision, discharge",Pitta,Pitta,3,Obesity,Patient presents with mild Eye Disorder (Netra Roga). Season: Sharad. Dosha predominant: Pitta.,{}
166ce257-216e-426d-801c-0107e4c4560d,4085f456-9147-4126-a499-3e59fcebe6a2,2025-10-05T15:15:00,Diabetes (Madhumeha),"Excessive thirst, frequent urination, fatigue, blurred vision",Kapha,Kapha,6,,Patient presents with moderate Diabetes (Madhumeha). Season: Sharad. Dosha predominant: Kapha.,{}
d0bdbacd-9176-4824-8627-3e64f5026043,95a5c4de-24b2-4b6a-a372-c1a6092bc230,2025-10-22T10:15:00,Obesity (Sthoulya),"Excess weight, lethargy, breathlessness on exertion",Kapha,Kapha,6,Obesity,Patient presents with moderate Obesity (Sthoulya). Season: Sharad. Dosha predominant: Kapha.,{}
0e930842-afc8-4f7f-afe6-62f001053454,d8409afe-4d08-4f6a-a5f3-83e9df67ff3b,2025-10-03T09:00:00,Diabetes (Madhumeha),"Excessive thirst, frequent urination, fatigue, blurred vision",Kapha,Kapha,6,Obesity,Patient presents with moderate Diabetes (Madhumeha). Season: Sharad. Dosha predominant: Kapha.,{}
bcf987bb-254e-4e88-8e3e-0a8f5927e793,b93d6a58-c904-47be-8757-39fbcc2ba754,2025-10-14T12:45:00,Migraine (Ardhavabhedaka),"One-sided throbbing headache, nausea, photophobia",Vata,Vata,6,,Patient presents with moderate Migraine (Ardhavabhedaka). Season: Sharad. Dosha predominant: Vata.,{}
b91b7024-58d2-435b-9503-bd5f7521dc74,de8c425a-ae57-449d-b012-9de69e1d4432,2025-10-16T14:00:00,Eye Disorder (Netra Roga),"Eye irritation, redness, blurred vision, discharge",Pitta,Pitta,3,Stress,Patient presents with mild Eye Disorder (Netra Roga). Season: Sharad. Dosha predominant: Pitta.,{}
020a4eee-d507-4791-903a-785859335df7,6e61c4d6-37e1-48eb-b390-4e989d4a5a91,2025-10-21T18:00:00,Migraine (Ardhavabhedaka),"One-sided throbbing headache, nausea, photophobia",Vata,Vata,6,,Patient presents with moderate Migraine (Ardhavabhedaka). Season: Sharad. Dosha predominant: Vata.,{}
fb4f8245-20f8-4516-a61b-687ae53bc800,693f23cc-b396-429b-b9d3-46f02c8637b4,2025-10-30T11:45:00,Obesity (Sthoulya),"Excess weight, lethargy, breathlessness on exertion",Kapha,Kapha,6,Hypertension,Patient presents with moderate Obesity (Sthoulya). Season: Sharad. Dosha predominant: Kapha.,{}
949b6024-ec7f-4bf0-9afd-d3b2d61d8164,15a49ab9-d04c-4a40-98d8-de6506297e69,2025-10-29T09:15:00,Anxiety (Chittodvega),"Restlessness, palpitations, sleeplessness, excessive worry",Vata,Vata,6,,Patient presents with moderate Anxiety (Chittodvega). Season: Sharad. Dosha predominant: Vata.,{}
ff0727ab-bd5b-4a9b-8e0f-c219249935cc,7405f515-8d14-4922-85b9-32970e01833d,2025-10-02T14:30:00,Eye Disorder (Netra Roga),"Eye irritation, redness, blurred vision, discharge",Pitta,Pitta,3,Hypertension,Patient presents with mild Eye Disorder (Netra Roga). Season: Sharad. Dosha predominant: Pitta.,{}
1aca3f55-ed15-4633-99df-692745a2beb7,11178a9b-1366-455e-8156-aa1a7d5b0005,2025-10-19T18:45:00,Acidity (Amlapitta),"Heartburn, sour belching, nausea, upper abdominal discomfort",Pitta,Pitta,3,Diabetes,Patient presents with mild Acidity (Amlapitta). Season: Sharad. Dosha predominant: Pitta.,{}
0665be9b-7c10-432f-97f9-26ad64c4c96f,86db459b-e385-44a5-9643-f2b1ebc9c0fc,2025-10-11T09:15:00,Anxiety (Chittodvega),"Restlessness, palpitations, sleeplessness, excessive worry",Vata,Vata,6,None,Patient presents with moderate Anxiety (Chittodvega). Season: Sharad. Dosha predominant: Vata.,{}
45343188-455e-4a2f-9e60-7a4c2b362caf,86db459b-e385-44a5-9643-f2b1ebc9c0fc,2025-10-17T09:15:00,Anxiety (Chittodvega),"Restlessness, palpitations, sleeplessness, excessive worry",Vata,Vata,6,,Follow-up visit for Anxiety (Chittodvega). Season: Sharad.,{}
a8be34ab-2d04-43bc-bfb7-c969dc2b4cd7,5dedd30d-4536-42d5-b657-352f2ab2ec79,2025-10-11T12:45:00,Diabetes (Madhumeha),"Excessive thirst, frequent urination, fatigue, blurred vision",Kapha,Kapha,6,Diabetes,Patient presents with moderate Diabetes (Madhumeha). Season: Sharad. Dosha predominant: Kapha.,{}
ed615cc0-4d55-4262-87b7-c41908890156,3fd4acc7-a233-4f2b-a3a5-f68015c85aa6,2025-10-15T17:00:00,Anxiety (Chittodvega),"Restlessness, palpitations, sleeplessness, excessive worry",Vata,Vata,6,Hypertension,Patient presents with moderate Anxiety (Chittodvega). Season: Sharad. Dosha predominant: Vata.,{}
f2546e0f-a955-4f01-be33-a9a4de450a8a,5cec6846-ee26-4a02-8fb2-577ebb323eff,2025-10-18T18:45:00,Obesity (Sthoulya),"Excess weight, lethargy, breathlessness on exertion",Kapha,Kapha,6,,Patient presents with moderate Obesity (Sthoulya). Season: Sharad. Dosha predominant: Kapha.,{}
51c96f8e-5c25-485d-957d-acee4e218ab0,3cd98ca7-8078-45cd-825d-9e94d41e7673,2025-10-02T12:00:00,Migraine (Ardhavabhedaka),"One-sided throbbing headache, nausea, photophobia",Vata,Vata,6,Hypertension,Patient presents with moderate Migraine (Ardhavabhedaka). Season: Sharad. Dosha predominant: Vata.,{}
7d263375-75dc-4c1b-9d7a-0b2f48949915,e2e7ef21-a5dd-4765-903d-770a6aa7b5b8,2025-10-03T11:30:00,Anxiety (Chittodvega),"Restlessness, palpitations, sleeplessness, excessive worry",Vata,Vata,6,Stress,Patient presents with moderate Anxiety (Chittodvega). Season: Sharad. Dosha predominant: Vata.,{}
ca828598-e5d9-4aa5-b7c1-b36c9d289ec0,98321cdc-abcd-42c7-9f17-b906cbfb79f8,2025-10-31T08:00:00,Diabetes (Madhumeha),"Excessive thirst, frequent urination, fatigue, blurred vision",Kapha,Kapha,6,None,Patient presents with moderate Diabetes (Madhumeha). Season: Sharad. Dosha predominant: Kapha.,{}
a877093d-c0bd-460b-ae6c-986bf5ed47df,4ea26a91-81f4-4484-8b88-1d9fab2d4d07,2025-10-25T17:30:00,Migraine (Ardhavabhedaka),"One-sided throbbing headache, nausea, photophobia",Vata,Vata,6,Obesity,Patient presents with moderate Migraine (Ardhavabhedaka). Season: Sharad. Dosha predominant: Vata.,{}
853405ed-1ebc-4dc0-9525-b0f94cd9d811,8dd249f2-8b35-4257-a69e-d11b40d353a2,2025-10-18T18:15:00,Eye Disorder (Netra Roga),"Eye irritation, redness, blurred vision, discharge",Pitta,Pitta,3,,Patient presents with mild Eye Disorder (Netra Roga). Season: Sharad. Dosha predominant: Pitta.,{}
a5e59b76-b033-493c-ae14-bba0f1b8233f,c9ff9487-d56b-4bf5-b1e8-2ba406c244c1,2025-10-21T17:15:00,Acidity (Amlapitta),"Heartburn, sour belching, nausea, upper abdominal discomfort",Pitta,Pitta,3,Stress,Patient presents with mild Acidity (Amlapitta). Season: Sharad. Dosha predominant: Pitta.,{}
62f2a4b9-d22c-4076-a55c-d0c461b3f769,24f4365a-6bad-4f55-a9d4-85cfb50c6344,2025-10-19T09:15:00,Migraine (Ardhavabhedaka),"One-sided throbbing headache, nausea, photophobia",Vata,Vata,6,None,Patient presents with moderate Migraine (Ardhavabhedaka). Season: Sharad. Dosha predominant: Vata.,{}
3f195e32-a24e-4482-958a-138a8754855b,57320573-a73d-43f2-88f3-ca2732a6465b,2025-10-28T12:00:00,Diabetes (Madhumeha),"Excessive thirst, frequent urination, fatigue, blurred vision",Kapha,Kapha,6,None,Patient presents with moderate Diabetes (Madhumeha). Season: Sharad. Dosha predominant: Kapha.,{}
ccbb8d1d-8ee6-4ca7-aa9c-ba107d1aa83a,5f050a4d-2240-4de3-86ad-cf19f243d441,2025-10-06T15:30:00,Eye Disorder (Netra Roga),"Eye irritation, redness, blurred vision, discharge",Pitta,Pitta,3,None,Patient presents with mild Eye Disorder (Netra Roga). Season: Sharad. Dosha predominant: Pitta.,{}
315ed2da-bb86-4d7d-b668-f35c51b353e6,4a6e076e-dcef-4104-b594-a9deef576cfe,2025-10-08T08:45:00,Diabetes (Madhumeha),"Excessive thirst, frequent urination, fatigue, blurred vision",Kapha,Kapha,6,Diabetes,Patient presents with moderate Diabetes (Madhumeha). Season: Sharad. Dosha predominant: Kapha.,{}
eb686604-4952-4907-b292-c73911c8ee67,da99b674-4d79-4e03-8869-ecdcce4d9b81,2025-10-27T09:00:00,Anxiety (Chittodvega),"Restlessness, palpitations, sleeplessness, excessive worry",Vata,Vata,6,,Patient presents with moderate Anxiety (Chittodvega). Season: Sharad. Dosha predominant: Vata.,{}
bfc84a90-3e2b-4068-ae28-1fd9d6b38eb2,29edb466-275b-4138-a1e7-983e323e7c7e,2025-10-07T10:30:00,Acidity (Amlapitta),"Heartburn, sour belching, nausea, upper abdominal discomfort",Pitta,Pitta,3,Stress,Patient presents with mild Acidity (Amlapitta). Season: Sharad. Dosha predominant: Pitta.,{}
25caa445-eb5c-41ad-bf15-7bce961544fb,9e5c2e10-0b35-4031-80d7-6b41a8a7eb71,2025-10-25T18:30:00,Obesity (Sthoulya),"Excess weight, lethargy, breathlessness on exertion",Kapha,Kapha,6,,Patient presents with moderate Obesity (Sthoulya). Season: Sharad. Dosha predominant: Kapha.,{}
d6396cfe-cd37-4d50-a90f-95d7f3cfb4f9,8bc6c086-aab1-46c5-a26f-81589f7e2b14,2025-10-20T17:45:00,Migraine (Ardhavabhedaka),"One-sided throbbing headache, nausea, photophobia",Vata,Vata,6,None,Patient presents with moderate Migraine (Ardhavabhedaka). Season: Sharad. Dosha predominant: Vata.,{}
84c1a535-b89a-4217-916c-6bd31b221b39,8c4b76c3-ac41-41c5-aaac-20fc1393c550,2025-10-14T16:00:00,Obesity (Sthoulya),"Excess weight, lethargy, breathlessness on exertion",Kapha,Kapha,6,None,Patient presents with moderate Obesity (Sthoulya). Season: Sharad. Dosha predominant: Kapha.,{}
3a4c72dc-d7e0-4a88-b9e0-6b2eb8246f3d,db2fbf21-0495-47dd-a488-fffad8688fa2,2025-10-22T15:00:00,Migraine (Ardhavabhedaka),"One-sided throbbing headache, nausea, photophobia",Vata,Vata,6,Obesity,Patient presents with moderate Migraine (Ardhavabhedaka). Season: Sharad. Dosha predominant: Vata.,{}
c8d0d4f6-a156-46b6-8075-6f295a5a18ea,241e65cf-ac9d-4b5a-af47-b8641a48d384,2025-10-13T17:30:00,Diabetes (Madhumeha),"Excessive thirst, frequent urination, fatigue, blurred vision",Kapha,Kapha,6,Hypertension,Patient presents with moderate Diabetes (Madhumeha). Season: Sharad. Dosha predominant: Kapha.,{}
768dd53e-157d-4518-b88c-4e45bde404c8,6e0cf555-9007-43cd-98eb-1e34d984c38b,2025-10-07T17:30:00,Acidity (Amlapitta),"Heartburn, sour belching, nausea, upper abdominal discomfort",Pitta,Pitta,3,Hypertension,Patient presents with mild Acidity (Amlapitta). Season: Sharad. Dosha predominant: Pitta.,{}
62f0ef42-092c-4055-b775-8cfc504588ab,d3e9e3ed-00ef-4cd2-9ea2-5de5ff487ba3,2025-10-01T17:30:00,Acidity (Amlapitta),"Heartburn, sour belching, nausea, upper abdominal discomfort",Pitta,Pitta,3,Hypertension,Patient presents with mild Acidity (Amlapitta). Season: Sharad. Dosha predominant: Pitta.,{}
f76c742c-883a-429d-9b46-5c08672b055a,4fb8e2f3-b4bd-4a81-a9f5-3a342b15155c,2025-10-25T11:00:00,Vitiligo (Shwitra),White patches on the skin,Pitta,Pitta-Vata,3,Stress,Patient presents with mild Vitiligo (Shwitra). Season: Sharad. Dosha predominant: Pitta-Vata.,{}
3dc8c0c7-39ec-44ab-a081-4f10cb6bf318,ee8a5344-5c59-46af-bbc4-14de251c5771,2025-10-10T08:15:00,Burnout (Chitta Klama),"Fatigue, irritability, trouble sleeping, anxiety",Vata,Vata-Pitta,3,Stress,Patient presents with mild Burnout (Chitta Klama). Season: Sharad. Dosha predominant: Vata-Pitta.,{}
55cfbce9-0901-4bfa-a0c8-2dc9657cecf4,6b9fb090-091c-4629-b48a-908b23dd480a,2025-10-13T08:15:00,Vitiligo (Shwitra),White patches on the skin,Pitta,Pitta-Vata,9,Obesity,Patient presents with severe Vitiligo (Shwitra). Season: Sharad. Dosha predominant: Pitta-Vata.,{}
65873487-2f39-462c-80fb-1f3235c31160,23017af6-e0b1-43ce-9ee4-3828ed8551f8,2025-10-27T15:30:00,Gastritis (Urdhva Amlapitta),"Stomach pain, bloating, nausea after meals",Pitta,Pitta,3,Hypertension,Patient presents with mild Gastritis (Urdhva Amlapitta). Season: Sharad. Dosha predominant: Pitta.,{}
70566671-3c9a-4bbe-b741-23443d9823d8,4fb9fb01-2835-4f9b-ad64-f9f690562be8,2025-10-11T14:00:00,Fatty Liver (Yakrit Meda Vriddhi),"Fatigue, mild abdominal discomfort",Kapha,Kapha-Pitta,3,Stress,Patient presents with mild Fatty Liver (Yakrit Meda Vriddhi). Season: Sharad. Dosha predominant: Kapha-Pitta.,{}
4a4fbedf-2374-4931-af29-bcae6381b005,cdc53634-b109-4a90-9e24-27af7ec732bd,2025-10-24T08:30:00,Dandruff (Darunaka),"Scalp itchiness, flaking",Kapha,Kapha-Pitta,6,None,Patient presents with moderate Dandruff (Darunaka). Season: Sharad. Dosha predominant: Kapha-Pitta.,{}
b5634b91-21d2-4c41-857b-400aa4077bce,9e5f785c-3141-4090-a6e1-31f242f07355,2025-10-20T12:15:00,Digestive Disorder (Vikara),"Bloating, nausea, indigestion, discomfort after eating",Pitta,Pitta-Vata,6,None,Patient presents with moderate Digestive Disorder (Vikara). Season: Sharad. Dosha predominant: Pitta-Vata.,{}
92be9def-714c-4984-b669-0d6a123be20d,b16790cc-1c02-4203-b2c9-7bf3bbc6dce8,2025-10-09T18:00:00,Sciatica (Gridhrasi),"Lower back pain, pain radiating down the leg",Vata,Vata,3,Stress,Patient presents with mild Sciatica (Gridhrasi). Season: Sharad. Dosha predominant: Vata.,{}
7101712f-75ae-4df1-a23e-383de5d12d68,e4826804-30c0-4271-aba9-f0fa47a4d295,2025-10-24T10:30:00,Thyroid Disorder (Galaganda Vikara),"Fatigue, weight changes, mood swings, hair loss",Vata,Vata-Pitta,9,Obesity,Patient presents with severe Thyroid Disorder (Galaganda Vikara). Season: Sharad. Dosha predominant: Vata-Pitta.,{}
4aeec75f-c029-4ab8-94d6-05d772c500d9,b0bb2b40-4f60-4e5f-a5bc-7f95a5826ba8,2025-10-29T16:00:00,Depression (Vishada),"Sadness, loss of interest, fatigue",Vata,Vata-Pitta,6,,Patient presents with moderate Depression (Vishada). Season: Sharad. Dosha predominant: Vata-Pitta.,{}
288ef4a7-9c53-4d38-a3a6-fd7f617ae217,1ceb4c9c-c535-4693-a6af-7c095a76efeb,2025-10-20T14:15:00,Alopecia (Indralupta),"Hair loss, thinning of scalp",Pitta,Pitta,3,Obesity,Patient presents with mild Alopecia (Indralupta). Season: Sharad. Dosha predominant: Pitta.,{}
a166034d-a809-47de-b2f3-97f4bf2309c1,ed4afae7-e3c6-465c-9cfe-456ec694f253,2025-10-30T10:15:00,Conjunctivitis (Netra Abhishyanda),"Red eyes, itchy eyes, eye discharge",Pitta,Pitta,3,Diabetes,Patient presents with mild Conjunctivitis (Netra Abhishyanda). Season: Sharad. Dosha predominant: Pitta.,{}
9994585f-1f74-4f08-a5d9-d1ac437ccd17,31632b7e-f0fb-4bf2-9b6f-694303d8c48c,2025-10-31T18:15:00,Gout (Vatarakta),"Joint pain, swelling, redness in the big toe",Pitta,Vata-Pitta,3,Diabetes,Patient presents with mild Gout (Vatarakta). Season: Sharad. Dosha predominant: Vata-Pitta.,{}
72f6c2b6-14bd-4a91-998b-f35a7a25af50,555ab5cc-8c89-4fc3-93e0-b67a8d5cd78b,2025-10-13T14:45:00,Hepatitis (Kamala),"Yellowing of skin, fatigue, loss of appetite",Pitta,Pitta,9,Hypertension,Patient presents with severe Hepatitis (Kamala). Season: Sharad. Dosha predominant: Pitta.,{}
e507878d-665a-448f-add2-382614a92f86,f05a9cb5-6110-4502-95e1-810ac6ab6b33,2025-10-21T08:45:00,Pharyngitis (Galashotha),"Sore throat, dry cough, hoarseness",Kapha,Kapha,3,,Patient presents with mild Pharyngitis (Galashotha). Season: Sharad. Dosha predominant: Kapha.,{}
22e46dfe-35e8-415e-899e-c13606fe517f,b04a2d73-1fa1-4be0-95bc-c1de06279db2,2025-10-13T09:00:00,Dandruff (Darunaka),"Scalp itchiness, flaking",Kapha,Kapha-Pitta,6,Diabetes,Patient presents with moderate Dandruff (Darunaka). Season: Sharad. Dosha predominant: Kapha-Pitta.,{}
60c953df-8375-459f-bdaf-80072a0f1321,f0755502-6c6b-43ea-92be-1e8fe6e8750c,2025-10-09T12:30:00,Gastritis (Urdhva Amlapitta),"Stomach pain, bloating, nausea after meals",Pitta,Pitta,6,Diabetes,Patient presents with moderate Gastritis (Urdhva Amlapitta). Season: Sharad. Dosha predominant: Pitta.,{}
5972f3a3-cf42-4097-a455-fd1918d38d68,543d091d-7553-4dd7-821c-36cf4f8c98e2,2025-10-03T09:30:00,Anemia (Pandu Roga),"Fatigue, pale skin, shortness of breath",Pitta,Pitta,6,Obesity,Patient presents with moderate Anemia (Pandu Roga). Season: Sharad. Dosha predominant: Pitta.,{}
24be8a61-13fb-40a9-841b-aeb6063e7bcc,d3576797-5424-453b-a494-48892044246a,2025-10-20T11:30:00,Conjunctivitis (Netra Abhishyanda),"Red eyes, itchy eyes, eye discharge",Pitta,Pitta,6,,Patient presents with moderate Conjunctivitis (Netra Abhishyanda). Season: Sharad. Dosha predominant: Pitta.,{}
a1ee5ad0-5edf-4a8a-829e-593580918455,93ce8258-f6c1-4a17-88c4-c6132b841341,2025-10-16T15:45:00,Depression (Vishada),"Sadness, loss of interest, fatigue",Vata,Vata-Pitta,6,Diabetes,Patient presents with moderate Depression (Vishada). Season: Sharad. Dosha predominant: Vata-Pitta.,{}
64aaec4c-d3d0-4fa2-99ba-df2c34f3f671,7cd9c8b8-4769-4f43-ae3b-2ef1c8f18928,2025-10-16T15:30:00,Hyperthyroidism (Atisweda),"Weight loss, anxiety, tremors, rapid heartbeat",Pitta,Pitta,9,None,Patient presents with severe Hyperthyroidism (Atisweda). Season: Sharad. Dosha predominant: Pitta.,{}
1510b690-60d8-4fe0-9c99-68528c274fc6,1895acd7-b472-439c-900f-868a68083e02,2025-10-01T15:15:00,Angina (Hrit Shoola),"Chest pain, shortness of breath, dizziness",Vata,Vata-Kapha,9,Hypertension,Patient presents with severe Angina (Hrit Shoola). Season: Sharad. Dosha predominant: Vata-Kapha.,{}
0e084886-03ca-4263-b919-a437a6f0d1b1,32fb151f-1500-4802-bf2e-a28569bca551,2025-10-15T11:45:00,Chronic Fatigue Syndrome (Klama),"Persistent fatigue, weakness, poor concentration",Vata,Vata-Kapha,6,None,Patient presents with moderate Chronic Fatigue Syndrome (Klama). Season: Sharad. Dosha predominant: Vata-Kapha.,{}
4e52c91a-1925-47e6-9b05-fa947c9c5aa6,d5a4ac87-cd1f-4adc-bdd0-22a28ea02722,2025-10-04T10:15:00,Menstrual Disorder (Artava Dushti),"Irregular periods, heavy bleeding, cramps",Vata,Vata-Pitta,6,Stress,Patient presents with moderate Menstrual Disorder (Artava Dushti). Season: Sharad. Dosha predominant: Vata-Pitta.,{}
e9a473a9-417d-43f6-a374-0b8334de2c94,da107e8b-0fce-4d30-acb4-2d9b6cc0d44c,2025-10-07T08:30:00,Spondylosis (Griva Sandhigata Vata),"Neck or back pain, stiffness, muscle weakness",Vata,Vata,9,Obesity,Patient presents with severe Spondylosis (Griva Sandhigata Vata). Season: Sharad. Dosha predominant: Vata.,{}
1d9daf72-a7ea-4f49-a747-9109ddb3c4c4,b8f984da-629d-4075-80f8-a3e0653300a9,2025-10-17T11:00:00,Typhoid (Antrika Jwara),"Prolonged fever, weakness, abdominal pain",Pitta,Pitta,3,Hypertension,Patient presents with mild Typhoid (Antrika Jwara). Season: Sharad. Dosha predominant: Pitta.,{}
fa2fca8a-f148-4241-acc0-0d8c41816e26,36f87c44-6ddc-4e07-95ba-aeac7ef1173d,2025-10-21T14:30:00,Hypertension (Raktachaapa Vriddhi),"Headache, dizziness, chest discomfort",Pitta,Pitta,3,None,Patient presents with mild Hypertension (Raktachaapa Vriddhi). Season: Sharad. Dosha predominant: Pitta.,{}
10ecc8ae-f2d0-43fc-a201-a64886fc8889,5d88a728-570d-4b0f-a63b-28efe8390b13,2025-10-10T11:45:00,Peptic Ulcer (Parinama Shoola),"Burning stomach pain, bloating, nausea",Pitta,Pitta,9,,Patient presents with severe Peptic Ulcer (Parinama Shoola). Season: Sharad. Dosha predominant: Pitta.,{}
fb82220d-3a03-41df-a7ec-fc60abab149c,0b4e2fc4-5466-4165-86ed-37639ebad97c,2025-10-12T12:15:00,Pharyngitis (Galashotha),"Sore throat, dry cough, hoarseness",Kapha,Kapha,6,Hypertension,Patient presents with moderate Pharyngitis (Galashotha). Season: Sharad. Dosha predominant: Kapha.,{}
208b9e34-8d99-44d9-8f63-58c76c3e5651,493ce533-a40e-41da-b998-80990e815203,2025-10-16T15:45:00,Chickenpox (Laghu Masurika),"Itchy rashes, fever, tiredness",Pitta,Pitta,6,Stress,Patient presents with moderate Chickenpox (Laghu Masurika). Season: Sharad. Dosha predominant: Pitta.,{}
a0a1bee5-53d1-46c7-bfb0-750887ef50ca,99d9b857-938b-4b16-845a-1f6b0d26d32c,2025-10-31T09:30:00,Gingivitis (Danta Vidradhi),"Red, swollen gums, bleeding while brushing",Pitta,Pitta,3,,Patient presents with mild Gingivitis (Danta Vidradhi). Season: Sharad. Dosha predominant: Pitta.,{}
d51d20ea-c980-4ff5-9351-104d9da57c4a,ed58e6bd-cecb-4775-9d05-fb746eca2b0d,2025-10-20T18:45:00,Menstrual Disorder (Artava Dushti),"Irregular periods, heavy bleeding, cramps",Vata,Vata-Pitta,3,,Patient presents with mild Menstrual Disorder (Artava Dushti). Season: Sharad. Dosha predominant: Vata-Pitta.,{}
a8ee7128-9ef8-4395-8108-0dbe7f792e6b,fea594d1-51c1-49d5-b122-05b855ebd770,2025-10-09T11:45:00,Eczema (Vicharchika),"Itchy skin, red rashes, inflammation",Pitta,Pitta,9,None,Patient presents with severe Eczema (Vicharchika). Season: Sharad. Dosha predominant: Pitta.,{}
3891980f-ca2d-4f69-b76d-256a1b4b7f5c,fea594d1-51c1-49d5-b122-05b855ebd770,2025-10-15T11:45:00,Eczema (Vicharchika),"Itchy skin, red rashes, inflammation",Pitta,Pitta,9,,Follow-up visit for Eczema (Vicharchika). Season: Sharad.,{}
e6a8b2cc-1ca2-4a25-a749-99fa28ad95e9,db0de662-dbfb-4d5c-82a8-4c023a91c8a4,2025-10-25T12:45:00,Typhoid (Antrika Jwara),"Prolonged fever, weakness, abdominal pain",Pitta,Pitta,3,,Patient presents with mild Typhoid (Antrika Jwara). Season: Sharad. Dosha predominant: Pitta.,{}
5d6616e3-bfbc-47ff-8db5-5a4948b91e2b,be26446d-93d6-4805-ab7c-cdeeb20a2eb4,2025-10-20T17:45:00,Tinnitus (Karnanada),"Ringing in the ears, hearing loss, ear fullness",Vata,Vata,3,Hypertension,Patient presents with mild Tinnitus (Karnanada). Season: Sharad. Dosha predominant: Vata.,{}
14c32aa1-bf87-4ab0-80b3-3a69e0ed1f97,defdd252-abe9-4855-92cd-b1f0337e9437,2025-10-14T11:15:00,Fatty Liver (Yakrit Meda Vriddhi),"Fatigue, mild abdominal discomfort",Kapha,Kapha-Pitta,3,Stress,Patient presents with mild Fatty Liver (Yakrit Meda Vriddhi). Season: Sharad. Dosha predominant: Kapha-Pitta.,{}
bf618f90-4d51-4709-95fc-d0042b0aab41,fe89faac-b42c-4ef1-beca-7f35770db8d2,2025-10-21T13:45:00,Thyroid Disorder (Galaganda Vikara),"Fatigue, weight changes, mood swings, hair loss",Vata,Vata-Pitta,6,None,Patient presents with moderate Thyroid Disorder (Galaganda Vikara). Season: Sharad. Dosha predominant: Vata-Pitta.,{}
4149d816-b4c3-45bb-838f-32463204b55a,56aa1c89-a115-47e1-a6e4-fe255a78cc27,2025-10-16T18:15:00,Peptic Ulcer (Parinama Shoola),"Burning stomach pain, bloating, nausea",Pitta,Pitta,9,Obesity,Patient presents with severe Peptic Ulcer (Parinama Shoola). Season: Sharad. Dosha predominant: Pitta.,{}
8f02f32f-fc45-4e21-b869-3ed8197f601d,56aa1c89-a115-47e1-a6e4-fe255a78cc27,2025-10-22T18:15:00,Peptic Ulcer (Parinama Shoola),"Burning stomach pain, bloating, nausea",Pitta,Pitta,9,,Follow-up visit for Peptic Ulcer (Parinama Shoola). Season: Sharad.,{}
0c09385f-d3ec-4ca9-9b1d-7f96a081812b,32bafd96-edb2-4e9a-989a-77aede454a3a,2025-10-30T16:45:00,Alopecia (Indralupta),"Hair loss, thinning of scalp",Pitta,Pitta,6,Hypertension,Patient presents with moderate Alopecia (Indralupta). Season: Sharad. Dosha predominant: Pitta.,{}
76208dc8-9a68-4d18-ade2-f86839ec81c0,32bafd96-edb2-4e9a-989a-77aede454a3a,2025-10-05T14:45:00,Hyperlipidemia (Medo Vriddhi),"Elevated cholesterol, fatigue, chest heaviness",Kapha,Kapha,3,Diabetes,Patient presents with mild Hyperlipidemia (Medo Vriddhi). Season: Sharad. Dosha predominant: Kapha.,{}
96595658-93ae-4ac4-a82d-03385c7fb4f2,ecc67b78-7069-4509-8a49-77213e4d7b60,2025-10-20T15:00:00,Vitiligo (Shwitra),White patches on the skin,Pitta,Pitta-Vata,3,Diabetes,Patient presents with mild Vitiligo (Shwitra). Season: Sharad. Dosha predominant: Pitta-Vata.,{}
abfca6c9-f9a7-465a-a7ac-d3649c2f1dc8,ecc67b78-7069-4509-8a49-77213e4d7b60,2025-10-23T15:00:00,Vitiligo (Shwitra),White patches on the skin,Pitta,Pitta-Vata,3,,Follow-up visit for Vitiligo (Shwitra). Season: Sharad.,{}
7e5aed49-93d9-424d-9001-2571f789edca,154bbf2d-5368-4eeb-9ffa-33967d0ab6c6,2025-10-14T10:00:00,Back Pain (Prishtha Shoola),"Muscle stiffness, difficulty moving",Vata,Vata,6,Stress,Patient presents with moderate Back Pain (Prishtha Shoola). Season: Sharad. Dosha predominant: Vata.,{}
733659c7-f781-45c2-b918-16cf0d64ed6b,d1cf9352-15bd-4106-8051-f0e95268a154,2025-10-09T08:45:00,Sciatica (Gridhrasi),"Lower back pain, pain radiating down the leg",Vata,Vata,9,Hypertension,Patient presents with severe Sciatica (Gridhrasi). Season: Sharad. Dosha predominant: Vata.,{}
5349f479-ff1a-4936-8438-2509e00fc54c,7c68fc39-17fe-480d-8e3d-5f5c1b3ffcc0,2025-10-13T14:30:00,Osteoarthritis (Sandhivata),"Joint pain, swelling, stiffness",Vata,Vata-Kapha,6,None,Patient presents with moderate Osteoarthritis (Sandhivata). Season: Sharad. Dosha predominant: Vata-Kapha.,{}
56a8532f-749b-4a5e-a69c-7bd4d462e758,e2e7ef21-a5dd-4765-903d-770a6aa7b5b8,2025-10-23T14:15:00,Cystitis (Mutrakrichra),"Painful urination, frequent urge to urinate",Vata,Vata,3,Diabetes,Patient presents with mild Cystitis (Mutrakrichra). Season: Sharad. Dosha predominant: Vata.,{}
d1453de7-71e2-4856-9e65-9584501bfc18,f63d7a99-d9a3-4001-815a-e87596bbdf9e,2025-10-18T11:15:00,Sciatica (Gridhrasi),"Lower back pain, pain radiating down the leg",Vata,Vata,6,,Patient presents with moderate Sciatica (Gridhrasi). Season: Sharad. Dosha predominant: Vata.,{}
f58792b3-9ef6-4d98-a058-d9948ed2feec,b04a2d73-1fa1-4be0-95bc-c1de06279db2,2025-10-29T11:45:00,Back Pain (Prishtha Shoola),"Muscle stiffness, difficulty moving",Vata,Vata,6,None,Patient presents with moderate Back Pain (Prishtha Shoola). Season: Sharad. Dosha predominant: Vata.,{}
9bd2aa60-46b5-47cc-9f23-dfed5385c587,3b2b32e1-d89f-4be7-85a6-7f655317bb74,2025-10-14T15:00:00,Peptic Ulcer (Parinama Shoola),"Burning stomach pain, bloating, nausea",Pitta,Pitta,3,Obesity,Patient presents with mild Peptic Ulcer (Parinama Shoola). Season: Sharad. Dosha predominant: Pitta.,{}
2932d647-c0dc-499c-acfa-98015503c52a,7765e897-4d14-423e-b0ec-e49d2287ba05,2025-10-17T11:00:00,Thyroid Disorder (Galaganda Vikara),"Fatigue, weight changes, mood swings, hair loss",Vata,Vata-Pitta,6,Diabetes,Patient presents with moderate Thyroid Disorder (Galaganda Vikara). Season: Sharad. Dosha predominant: Vata-Pitta.,{}
c68f5d41-fb6e-4323-a0ab-af163b3b1074,c2bd62d4-1a44-40d8-8141-8e1efbfebfd1,2025-10-11T13:15:00,Thyroid Disorder (Galaganda Vikara),"Fatigue, weight changes, mood swings, hair loss",Vata,Vata-Pitta,6,,Patient presents with moderate Thyroid Disorder (Galaganda Vikara). Season: Sharad. Dosha predominant: Vata-Pitta.,{}
6d96d116-18dc-4c9d-832d-55ea7ddab342,ea26129d-95c5-47a2-b116-084b8b787324,2025-10-27T16:00:00,Thyroid Disorder (Galaganda Vikara),"Fatigue, weight changes, mood swings, hair loss",Vata,Vata-Pitta,6,,Patient presents with moderate Thyroid Disorder (Galaganda Vikara). Season: Sharad. Dosha predominant: Vata-Pitta.,{}
d511e52a-c4cc-4f8a-9f9f-e7cfa740816f,2face8de-5c80-4720-95a1-87f466a8f3ff,2025-10-19T17:30:00,Osteoarthritis (Sandhivata),"Joint pain, swelling, stiffness",Vata,Vata-Kapha,6,Hypertension,Patient presents with moderate Osteoarthritis (Sandhivata). Season: Sharad. Dosha predominant: Vata-Kapha.,{}
e044d621-143c-4348-a65d-dc8b451d1ba1,0ec0b0fa-49cc-4628-aefa-69bd71e5cbfe,2025-11-24T08:45:00,Anxiety (Chittodvega),"Restlessness, palpitations, sleeplessness, excessive worry",Vata,Vata,6,,Patient presents with moderate Anxiety (Chittodvega). Season: Hemanta. Dosha predominant: Vata.,{}
151719ff-d69b-4c27-b9fd-c9c83d7bda82,be26446d-93d6-4805-ab7c-cdeeb20a2eb4,2025-11-17T16:30:00,Bronchitis (Kasa),"Productive cough, mucus, chest congestion, low-grade fever",Kapha,Kapha,6,Hypertension,Patient presents with moderate Bronchitis (Kasa). Season: Hemanta. Dosha predominant: Kapha.,{}
b56ee117-4d10-46c7-8b86-28ac9c8bd12d,fd0d50f0-aca2-4154-beba-a56f799fe71e,2025-11-07T13:30:00,Diabetes (Madhumeha),"Excessive thirst, frequent urination, fatigue, blurred vision",Kapha,Kapha,6,Stress,Patient presents with moderate Diabetes (Madhumeha). Season: Hemanta. Dosha predominant: Kapha.,{}
fe9945b7-3222-40b4-94a7-84b93420038a,fd0d50f0-aca2-4154-beba-a56f799fe71e,2025-11-09T13:30:00,Diabetes (Madhumeha),"Excessive thirst, frequent urination, fatigue, blurred vision",Kapha,Kapha,6,,Follow-up visit for Diabetes (Madhumeha). Season: Hemanta.,{}
291ff007-c0e7-4cfc-ae42-ac90563fff2d,78acf6f5-f8f3-4120-8ea2-b8d4746670b9,2025-11-26T16:15:00,Obesity (Sthoulya),"Excess weight, lethargy, breathlessness on exertion",Kapha,Kapha,6,,Patient presents with moderate Obesity (Sthoulya). Season: Hemanta. Dosha predominant: Kapha.,{}
61102fb2-2a55-4445-b95f-59d66db674c8,8e19d97b-7381-4316-8120-3e70a3e0fc81,2025-11-15T12:30:00,Anxiety (Chittodvega),"Restlessness, palpitations, sleeplessness, excessive worry",Vata,Vata,6,,Patient presents with moderate Anxiety (Chittodvega). Season: Hemanta. Dosha predominant: Vata.,{}
c01d075b-af06-4bf1-aea5-dbdd5d96531c,2859a253-a766-4e3d-b8eb-8a952727637b,2025-11-01T18:30:00,Cough (Kasa),"Persistent cough, throat irritation, breathlessness",Kapha,Kapha,3,Obesity,Patient presents with mild Cough (Kasa). Season: Hemanta. Dosha predominant: Kapha.,{}
1005c5e0-f4fc-42c1-b649-04f2a861809e,397debef-5867-4bca-b342-bacff63be257,2025-11-25T18:00:00,Cough (Kasa),"Persistent cough, throat irritation, breathlessness",Kapha,Kapha,3,Stress,Patient presents with mild Cough (Kasa). Season: Hemanta. Dosha predominant: Kapha.,{}
228c6fc6-5fb0-4cef-9855-2bfae6e08bfd,c3030c9a-00cc-4459-b859-fe10292f40d7,2025-11-11T14:30:00,Cough (Kasa),"Persistent cough, throat irritation, breathlessness",Kapha,Kapha,3,Obesity,Patient presents with mild Cough (Kasa). Season: Hemanta. Dosha predominant: Kapha.,{}
243faf15-18a2-4909-bc3e-02b1a39dc9a9,bee20f11-3865-4feb-a005-871c0d584c67,2025-11-06T15:15:00,Bronchitis (Kasa),"Productive cough, mucus, chest congestion, low-grade fever",Kapha,Kapha,6,,Patient presents with moderate Bronchitis (Kasa). Season: Hemanta. Dosha predominant: Kapha.,{}
0eaae0b4-1731-4436-8da0-541de689ea75,4afead81-0af3-456f-ae1d-9696a439c45a,2025-11-01T10:15:00,Diabetes (Madhumeha),"Excessive thirst, frequent urination, fatigue, blurred vision",Kapha,Kapha,6,,Patient presents with moderate Diabetes (Madhumeha). Season: Hemanta. Dosha predominant: Kapha.,{}
0f1c851a-70a4-4bb3-a54d-a5d67d157cda,e8a1050b-c761-48ab-9b87-8a706f3b933f,2025-11-21T17:15:00,Bronchitis (Kasa),"Productive cough, mucus, chest congestion, low-grade fever",Kapha,Kapha,6,Stress,Patient presents with moderate Bronchitis (Kasa). Season: Hemanta. Dosha predominant: Kapha.,{}
0d32c7f6-dbe6-4881-9e48-ba0086a5cd2b,4fb8e2f3-b4bd-4a81-a9f5-3a342b15155c,2025-11-14T11:15:00,Obesity (Sthoulya),"Excess weight, lethargy, breathlessness on exertion",Kapha,Kapha,6,,Patient presents with moderate Obesity (Sthoulya). Season: Hemanta. Dosha predominant: Kapha.,{}
4861023d-4a81-441e-8a89-723173eb5213,c6dfcad8-0bc5-42a5-a9a9-11b726e64b66,2025-11-15T18:15:00,Constipation (Vibandha),"Infrequent stools, hard stools, bloating, discomfort",Vata,Vata,3,Hypertension,Patient presents with mild Constipation (Vibandha). Season: Hemanta. Dosha predominant: Vata.,{}
7f7b9ffb-c90c-4cc5-9138-3a1d8e10a7f7,2ad5cc12-77b7-451a-8dcc-a41f1444db32,2025-11-20T18:45:00,Diabetes (Madhumeha),"Excessive thirst, frequent urination, fatigue, blurred vision",Kapha,Kapha,6,Diabetes,Patient presents with moderate Diabetes (Madhumeha). Season: Hemanta. Dosha predominant: Kapha.,{}
3cf230b5-a0a7-4350-a84a-12711f3070c0,3cca0873-c067-40c9-9ae5-f986a02e95d1,2025-11-18T17:30:00,Constipation (Vibandha),"Infrequent stools, hard stools, bloating, discomfort",Vata,Vata,3,Obesity,Patient presents with mild Constipation (Vibandha). Season: Hemanta. Dosha predominant: Vata.,{}
53163a3e-9a77-4e55-99bf-ee20ef1d0ce2,4ebe7dd8-8503-47cb-9882-85dd218f2c2f,2025-11-17T17:00:00,Diabetes (Madhumeha),"Excessive thirst, frequent urination, fatigue, blurred vision",Kapha,Kapha,6,Stress,Patient presents with moderate Diabetes (Madhumeha). Season: Hemanta. Dosha predominant: Kapha.,{}
52ea1b2f-11a1-44b5-8b64-02b35b1da406,41e9605c-8948-4f5a-94d3-e43cb80d992f,2025-11-08T13:00:00,Diabetes (Madhumeha),"Excessive thirst, frequent urination, fatigue, blurred vision",Kapha,Kapha,6,Diabetes,Patient presents with moderate Diabetes (Madhumeha). Season: Hemanta. Dosha predominant: Kapha.,{}
20d51300-b173-43a2-947f-a6c051613b2b,14a18b3c-01bd-4e37-92cb-b0298026958b,2025-11-03T08:15:00,Constipation (Vibandha),"Infrequent stools, hard stools, bloating, discomfort",Vata,Vata,3,Diabetes,Patient presents with mild Constipation (Vibandha). Season: Hemanta. Dosha predominant: Vata.,{}
f19bb538-bd2b-40ac-b9d9-fdaff2511203,4f048eaf-3e00-4fad-a583-8453c8594b6b,2025-11-12T10:30:00,Obesity (Sthoulya),"Excess weight, lethargy, breathlessness on exertion",Kapha,Kapha,6,Hypertension,Patient presents with moderate Obesity (Sthoulya). Season: Hemanta. Dosha predominant: Kapha.,{}
2859c0e6-39df-4bb9-84d4-de6c2b1346a5,a6593654-1c00-458a-b45b-f60b44fe0196,2025-11-18T17:00:00,Cough (Kasa),"Persistent cough, throat irritation, breathlessness",Kapha,Kapha,3,Diabetes,Patient presents with mild Cough (Kasa). Season: Hemanta. Dosha predominant: Kapha.,{}
b92719b5-3453-4e17-80f6-ad7ce76e03ba,29c10c90-8823-43f7-b9eb-e94f5a23f4c0,2025-11-22T15:30:00,Constipation (Vibandha),"Infrequent stools, hard stools, bloating, discomfort",Vata,Vata,3,Hypertension,Patient presents with mild Constipation (Vibandha). Season: Hemanta. Dosha predominant: Vata.,{}
20f49568-be1e-4a1c-a71c-19db70975d7f,936e7eea-1b7f-448d-808d-f30f1a0daf00,2025-11-05T13:15:00,Obesity (Sthoulya),"Excess weight, lethargy, breathlessness on exertion",Kapha,Kapha,6,Obesity,Patient presents with moderate Obesity (Sthoulya). Season: Hemanta. Dosha predominant: Kapha.,{}
ebd2d567-27ad-4fda-b3e2-fd1fe3665119,ba5ad147-af95-4763-9c85-609bb2d20d41,2025-11-30T15:15:00,Cough (Kasa),"Persistent cough, throat irritation, breathlessness",Kapha,Kapha,3,None,Patient presents with mild Cough (Kasa). Season: Hemanta. Dosha predominant: Kapha.,{}
49f28195-9593-4086-935c-4e5b96e04543,3fd4acc7-a233-4f2b-a3a5-f68015c85aa6,2025-11-04T18:00:00,Cough (Kasa),"Persistent cough, throat irritation, breathlessness",Kapha,Kapha,3,Stress,Patient presents with mild Cough (Kasa). Season: Hemanta. Dosha predominant: Kapha.,{}
a9b1e4fc-0b5f-430a-a070-eab6f2424965,d6c60be3-cff8-42f5-8e07-ad4b145e5b4f,2025-11-12T14:15:00,Diabetes (Madhumeha),"Excessive thirst, frequent urination, fatigue, blurred vision",Kapha,Kapha,6,Hypertension,Patient presents with moderate Diabetes (Madhumeha). Season: Hemanta. Dosha predominant: Kapha.,{}
1321f2b9-76b1-40d3-a4ff-533e54d946b6,f6b7380f-2a17-403a-ba0e-4fd6d89f8a89,2025-11-15T16:30:00,Obesity (Sthoulya),"Excess weight, lethargy, breathlessness on exertion",Kapha,Kapha,6,,Patient presents with moderate Obesity (Sthoulya). Season: Hemanta. Dosha predominant: Kapha.,{}
73285001-ded9-4eac-b087-bc5ede2e1641,b36e596f-035d-4084-9bf4-359f8f0ba914,2025-11-12T13:45:00,Obesity (Sthoulya),"Excess weight, lethargy, breathlessness on exertion",Kapha,Kapha,6,,Patient presents with moderate Obesity (Sthoulya). Season: Hemanta. Dosha predominant: Kapha.,{}
af9221df-dd1b-4262-a3b5-948f88bd1b26,ef4e3f5f-47e3-4556-beb8-81780a68ca4e,2025-11-24T17:15:00,Obesity (Sthoulya),"Excess weight, lethargy, breathlessness on exertion",Kapha,Kapha,6,None,Patient presents with moderate Obesity (Sthoulya). Season: Hemanta. Dosha predominant: Kapha.,{}
99d2e2e7-fa14-4e10-b988-a1703081eb36,37349495-b504-4d21-bb22-c1a99e1770d8,2025-11-12T16:15:00,Bronchitis (Kasa),"Productive cough, mucus, chest congestion, low-grade fever",Kapha,Kapha,6,Hypertension,Patient presents with moderate Bronchitis (Kasa). Season: Hemanta. Dosha predominant: Kapha.,{}
2a1fafa2-c37f-46f5-8b23-9311a0e19b8f,919dd9fe-8727-4be0-b1d9-605ec59b16a6,2025-11-06T18:15:00,Constipation (Vibandha),"Infrequent stools, hard stools, bloating, discomfort",Vata,Vata,3,Obesity,Patient presents with mild Constipation (Vibandha). Season: Hemanta. Dosha predominant: Vata.,{}
e8dcb41b-0764-494a-9d70-ff2b989ba01e,acc4fb54-6be4-46f2-968e-124ddf2e629c,2025-11-17T15:15:00,Cough (Kasa),"Persistent cough, throat irritation, breathlessness",Kapha,Kapha,3,Stress,Patient presents with mild Cough (Kasa). Season: Hemanta. Dosha predominant: Kapha.,{}
a9ba1f66-5ff8-4811-9cfc-a1c030771ef5,b70fedb3-9048-42f5-9ac3-63f66ecfb90a,2025-11-14T14:15:00,Obesity (Sthoulya),"Excess weight, lethargy, breathlessness on exertion",Kapha,Kapha,6,Stress,Patient presents with moderate Obesity (Sthoulya). Season: Hemanta. Dosha predominant: Kapha.,{}
466cd702-907e-49d8-9f8f-028a1d8fbd34,0c8dbd35-7068-4ff5-80cc-a3bed539f2fe,2025-11-13T12:45:00,Anxiety (Chittodvega),"Restlessness, palpitations, sleeplessness, excessive worry",Vata,Vata,6,Diabetes,Patient presents with moderate Anxiety (Chittodvega). Season: Hemanta. Dosha predominant: Vata.,{}
f4edff7b-6db1-462d-83ff-d02e3aa02317,81b3c23b-0b00-4108-b678-09d3590a26ff,2025-11-06T15:45:00,Anxiety (Chittodvega),"Restlessness, palpitations, sleeplessness, excessive worry",Vata,Vata,6,Diabetes,Patient presents with moderate Anxiety (Chittodvega). Season: Hemanta. Dosha predominant: Vata.,{}
63560e2e-c0cb-4335-b827-37778a030beb,b8f984da-629d-4075-80f8-a3e0653300a9,2025-11-19T10:30:00,Diabetes (Madhumeha),"Excessive thirst, frequent urination, fatigue, blurred vision",Kapha,Kapha,6,Diabetes,Patient presents with moderate Diabetes (Madhumeha). Season: Hemanta. Dosha predominant: Kapha.,{}
e9d7fc76-0f87-429f-bb5e-2e8ecb995796,829ee37e-d343-4d04-b301-9b28e3c34115,2025-11-21T11:00:00,Constipation (Vibandha),"Infrequent stools, hard stools, bloating, discomfort",Vata,Vata,3,Diabetes,Patient presents with mild Constipation (Vibandha). Season: Hemanta. Dosha predominant: Vata.,{}
9c30062a-ca13-4a4a-a34b-cd81297523f3,fcee5e65-2a2a-4aa5-a030-c4ed9c3894de,2025-11-24T17:00:00,Anxiety (Chittodvega),"Restlessness, palpitations, sleeplessness, excessive worry",Vata,Vata,6,Stress,Patient presents with moderate Anxiety (Chittodvega). Season: Hemanta. Dosha predominant: Vata.,{}
1ad77b70-61dd-4e97-bbe4-ebd868961e45,5aed274c-93eb-4565-b320-83ac9ca24032,2025-11-26T17:15:00,Constipation (Vibandha),"Infrequent stools, hard stools, bloating, discomfort",Vata,Vata,3,Hypertension,Patient presents with mild Constipation (Vibandha). Season: Hemanta. Dosha predominant: Vata.,{}
31c75c91-0e27-4770-86b2-b380e98432fb,cb9309c9-4524-4b09-84cf-1f651ce4bb3d,2025-11-14T11:45:00,Bronchitis (Kasa),"Productive cough, mucus, chest congestion, low-grade fever",Kapha,Kapha,6,,Patient presents with moderate Bronchitis (Kasa). Season: Hemanta. Dosha predominant: Kapha.,{}
9bf6f217-c5e6-4562-a875-ffd9c1fd8023,36f87c44-6ddc-4e07-95ba-aeac7ef1173d,2025-11-29T15:15:00,Anxiety (Chittodvega),"Restlessness, palpitations, sleeplessness, excessive worry",Vata,Vata,6,Stress,Patient presents with moderate Anxiety (Chittodvega). Season: Hemanta. Dosha predominant: Vata.,{}
b6b05f4c-19a2-4d5f-9cf5-a634dd471a34,7a255235-be19-4fef-9cfa-dfe170fe6ff9,2025-11-20T18:30:00,Anxiety (Chittodvega),"Restlessness, palpitations, sleeplessness, excessive worry",Vata,Vata,6,Stress,Patient presents with moderate Anxiety (Chittodvega). Season: Hemanta. Dosha predominant: Vata.,{}
60da4fbe-a058-4323-9a39-ec8caa226a3e,88f1a3b6-14f2-4aa7-a7bc-4e5575714874,2025-11-28T18:45:00,Anxiety (Chittodvega),"Restlessness, palpitations, sleeplessness, excessive worry",Vata,Vata,6,Stress,Patient presents with moderate Anxiety (Chittodvega). Season: Hemanta. Dosha predominant: Vata.,{}
c5efef04-c4d3-4508-87c2-6a1bd68a6e2c,8a353a2d-fb96-4f8e-bc81-d2f296f19176,2025-11-04T14:30:00,Diabetes (Madhumeha),"Excessive thirst, frequent urination, fatigue, blurred vision",Kapha,Kapha,6,,Patient presents with moderate Diabetes (Madhumeha). Season: Hemanta. Dosha predominant: Kapha.,{}
ea448f43-a448-4d95-8c18-661e07540293,881dc7fa-c689-4a27-aa73-9fc771cc3859,2025-11-14T09:30:00,Obesity (Sthoulya),"Excess weight, lethargy, breathlessness on exertion",Kapha,Kapha,6,,Patient presents with moderate Obesity (Sthoulya). Season: Hemanta. Dosha predominant: Kapha.,{}
6b473198-9738-437d-a5cc-946354630cd6,bee20f11-3865-4feb-a005-871c0d584c67,2025-11-11T13:00:00,Bronchitis (Kasa),"Productive cough, mucus, chest congestion, low-grade fever",Kapha,Kapha,6,None,Patient presents with moderate Bronchitis (Kasa). Season: Hemanta. Dosha predominant: Kapha.,{}
63ec9056-fcc6-4817-b6ef-04e612fe2028,0b4e2fc4-5466-4165-86ed-37639ebad97c,2025-11-17T15:45:00,Cough (Kasa),"Persistent cough, throat irritation, breathlessness",Kapha,Kapha,3,,Patient presents with mild Cough (Kasa). Season: Hemanta. Dosha predominant: Kapha.,{}
167313a3-c7d7-4402-b0a6-e74456eeef46,fb675350-88ef-4f41-b8b6-8b5e4f63d995,2025-11-04T14:00:00,Cough (Kasa),"Persistent cough, throat irritation, breathlessness",Kapha,Kapha,3,None,Patient presents with mild Cough (Kasa). Season: Hemanta. Dosha predominant: Kapha.,{}
42413756-64b2-4c51-b8f4-b0e0cd815992,f2459330-195c-4d73-9b9e-e1536291858a,2025-11-03T12:30:00,Cough (Kasa),"Persistent cough, throat irritation, breathlessness",Kapha,Kapha,3,Obesity,Patient presents with mild Cough (Kasa). Season: Hemanta. Dosha predominant: Kapha.,{}
dd8cad38-4633-419f-8b8a-aaa6d13fec14,5d88a728-570d-4b0f-a63b-28efe8390b13,2025-11-21T13:45:00,Obesity (Sthoulya),"Excess weight, lethargy, breathlessness on exertion",Kapha,Kapha,6,Diabetes,Patient presents with moderate Obesity (Sthoulya). Season: Hemanta. Dosha predominant: Kapha.,{}
b6c95845-eb0d-4a69-a0d6-d4d0a4462686,71ea6e60-7682-4ad2-bcdb-684c24439b95,2025-11-15T13:00:00,Bronchitis (Kasa),"Productive cough, mucus, chest congestion, low-grade fever",Kapha,Kapha,6,Stress,Patient presents with moderate Bronchitis (Kasa). Season: Hemanta. Dosha predominant: Kapha.,{}
ca2c448c-e147-4689-bdc6-04775bee4bb4,e2351bf1-8d50-4812-87ef-383a8a0e3b77,2025-11-11T11:45:00,Obesity (Sthoulya),"Excess weight, lethargy, breathlessness on exertion",Kapha,Kapha,6,None,Patient presents with moderate Obesity (Sthoulya). Season: Hemanta. Dosha predominant: Kapha.,{}
553bdeed-e6d4-4be0-adcf-7b5d686d6714,53c3f738-6b98-489e-92c1-a6d016489237,2025-11-13T14:30:00,Bronchitis (Kasa),"Productive cough, mucus, chest congestion, low-grade fever",Kapha,Kapha,6,Hypertension,Patient presents with moderate Bronchitis (Kasa). Season: Hemanta. Dosha predominant: Kapha.,{}
d03b9ea7-d9f4-4533-b1aa-616fe87da2e3,2fc48019-75bf-4f30-9116-6666c30599c4,2025-11-05T15:30:00,Obesity (Sthoulya),"Excess weight, lethargy, breathlessness on exertion",Kapha,Kapha,6,Hypertension,Patient presents with moderate Obesity (Sthoulya). Season: Hemanta. Dosha predominant: Kapha.,{}
eae4eea2-42c4-43db-9af5-282efed67e81,0f543e82-e146-4e55-af75-f2ed42614578,2025-11-03T15:30:00,Obesity (Sthoulya),"Excess weight, lethargy, breathlessness on exertion",Kapha,Kapha,6,Obesity,Patient presents with moderate Obesity (Sthoulya). Season: Hemanta. Dosha predominant: Kapha.,{}
80a2af48-20b1-4394-a539-43bbd05a3d37,0f543e82-e146-4e55-af75-f2ed42614578,2025-11-08T15:30:00,Obesity (Sthoulya),"Excess weight, lethargy, breathlessness on exertion",Kapha,Kapha,6,,Follow-up visit for Obesity (Sthoulya). Season: Hemanta.,{}
3ba909b3-80c6-4604-a1cd-0c390f36192c,b70fedb3-9048-42f5-9ac3-63f66ecfb90a,2025-11-03T10:00:00,Bronchitis (Kasa),"Productive cough, mucus, chest congestion, low-grade fever",Kapha,Kapha,6,,Patient presents with moderate Bronchitis (Kasa). Season: Hemanta. Dosha predominant: Kapha.,{}
ec04a693-2385-4a15-943b-a8170fe4d0bf,13f53412-f4f1-4ec6-b2a0-a129b3d306b2,2025-11-25T11:00:00,Cough (Kasa),"Persistent cough, throat irritation, breathlessness",Kapha,Kapha,3,Diabetes,Patient presents with mild Cough (Kasa). Season: Hemanta. Dosha predominant: Kapha.,{}
b14e1fc3-306f-499b-85ec-57737a8586c3,32d20d68-3081-4cf4-8b7f-6071d93a2cc5,2025-11-14T08:45:00,Obesity (Sthoulya),"Excess weight, lethargy, breathlessness on exertion",Kapha,Kapha,6,,Patient presents with moderate Obesity (Sthoulya). Season: Hemanta. Dosha predominant: Kapha.,{}
a427b6ed-38df-4852-af8d-c644de6a4632,46a77e6b-5f8d-4c15-90f9-b457ebbd9c27,2025-11-24T18:30:00,Burnout (Chitta Klama),"Fatigue, irritability, trouble sleeping, anxiety",Vata,Vata-Pitta,3,,Patient presents with mild Burnout (Chitta Klama). Season: Hemanta. Dosha predominant: Vata-Pitta.,{}
515040fd-252d-47a2-a8a8-f479a7a810ad,de2279cc-2c48-43b0-9931-88f87e54fc6c,2025-11-04T17:15:00,Heart Disease (Hridroga),"Chest pain, fatigue, shortness of breath",Vata,Vata-Pitta,3,Hypertension,Patient presents with mild Heart Disease (Hridroga). Season: Hemanta. Dosha predominant: Vata-Pitta.,{}
0921a0e3-447e-4d21-8177-4e025344e3c7,4ea275f1-c2f9-4bd0-945d-35e83e9ab232,2025-11-06T08:00:00,Vertigo (Bhrama),"Dizziness, spinning sensation, nausea",Vata,Vata-Pitta,3,Obesity,Patient presents with mild Vertigo (Bhrama). Season: Hemanta. Dosha predominant: Vata-Pitta.,{}
70073301-c70c-4b2a-b90d-7f0b8a287c13,89c1e550-fada-48c7-b73d-a9fcb1f25ffd,2025-11-24T08:30:00,Irritable Bowel Syndrome (Grahani),"Abdominal cramps, bloating, alternating diarrhea and constipation",Vata,Vata,6,,Patient presents with moderate Irritable Bowel Syndrome (Grahani). Season: Hemanta. Dosha predominant: Vata.,{}
9fe85f3a-4c9e-4b61-9989-e91549452680,3ea89f94-59ec-477d-9e5f-8aaddc6e6e04,2025-11-28T18:45:00,Ear Infection (Karna Shoola),"Ear pain, discharge, mild fever",Kapha,Kapha-Vata,3,Obesity,Patient presents with mild Ear Infection (Karna Shoola). Season: Hemanta. Dosha predominant: Kapha-Vata.,{}
cbc0709a-64b5-44f2-b7fd-97c4425932ec,184a4d1c-1311-401f-8313-623bcba5847d,2025-11-29T11:15:00,Irritable Bowel Syndrome (Grahani),"Abdominal cramps, bloating, alternating diarrhea and constipation",Vata,Vata,6,,Patient presents with moderate Irritable Bowel Syndrome (Grahani). Season: Hemanta. Dosha predominant: Vata.,{}
fbb5530e-8fb9-4bfa-80ff-5560785290f9,60c98316-c9d5-47f2-ae1a-f237f0e057c9,2025-11-03T17:15:00,Heart Disease (Hridroga),"Chest pain, fatigue, shortness of breath",Vata,Vata-Pitta,6,,Patient presents with moderate Heart Disease (Hridroga). Season: Hemanta. Dosha predominant: Vata-Pitta.,{}
09f88425-9fd3-4bd7-beeb-5fef09819528,931f10ee-f204-4c0b-b769-d62524ea5c5a,2025-11-19T13:15:00,Vitiligo (Shwitra),White patches on the skin,Pitta,Pitta-Vata,6,Diabetes,Patient presents with moderate Vitiligo (Shwitra). Season: Hemanta. Dosha predominant: Pitta-Vata.,{}
988817fc-e3ba-4196-8c4b-b9d7382d67be,cd1ac773-4b49-4e76-8657-0099a1661789,2025-11-26T15:30:00,Digestive Disorder (Vikara),"Bloating, nausea, indigestion, discomfort after eating",Pitta,Pitta-Vata,3,Obesity,Patient presents with mild Digestive Disorder (Vikara). Season: Hemanta. Dosha predominant: Pitta-Vata.,{}
46de6455-2cf5-42e3-a5f4-e843f8fb0b18,cd1ac773-4b49-4e76-8657-0099a1661789,2025-11-29T15:30:00,Digestive Disorder (Vikara),"Bloating, nausea, indigestion, discomfort after eating",Pitta,Pitta-Vata,3,,Follow-up visit for Digestive Disorder (Vikara). Season: Hemanta.,{}
d0fc1016-422b-4034-86a6-6040657ae94d,d3e9e3ed-00ef-4cd2-9ea2-5de5ff487ba3,2025-11-12T09:00:00,Whooping Cough (Deergha Kasa),"Severe coughing fits, whooping sound, vomiting after cough",Kapha,Kapha,9,None,Patient presents with severe Whooping Cough (Deergha Kasa). Season: Hemanta. Dosha predominant: Kapha.,{}
0e18841e-5f31-469d-bc85-745ac22aeaea,2823a9a6-c335-4e0b-be69-9e8659688f17,2025-11-26T08:00:00,Varicose Veins (Sira Granthi),"Swollen, twisted veins, pain, heaviness in legs",Vata,Vata,3,Hypertension,Patient presents with mild Varicose Veins (Sira Granthi). Season: Hemanta. Dosha predominant: Vata.,{}
f697b92b-4f11-452c-8ac8-3b4e2d9691fe,20331df7-0754-45ff-80e8-a441eef41dc7,2025-11-15T08:00:00,Thyroid Disorder (Galaganda Vikara),"Fatigue, weight changes, mood swings, hair loss",Vata,Vata-Pitta,9,,Patient presents with severe Thyroid Disorder (Galaganda Vikara). Season: Hemanta. Dosha predominant: Vata-Pitta.,{}
ccc9fb09-4588-4242-a42d-0b729da13a56,7b081731-f6e6-4bc0-92e7-0926927197f2,2025-11-18T14:30:00,Warts (Charmakeela),Small rough skin growths,Kapha,Kapha,6,,Patient presents with moderate Warts (Charmakeela). Season: Hemanta. Dosha predominant: Kapha.,{}
b49e5c26-8dc7-4a3b-b885-c31f7133400c,92f8cdae-cf48-466a-af51-a5305a3e2151,2025-11-25T10:00:00,Hypertension (Raktachaapa Vriddhi),"Headache, dizziness, chest discomfort",Pitta,Pitta,3,Obesity,Patient presents with mild Hypertension (Raktachaapa Vriddhi). Season: Hemanta. Dosha predominant: Pitta.,{}
6654b2c7-e1fc-4a75-abf7-aa8a255e7c2d,94ce8fb4-a39a-4b37-a1d2-bbf79febbbc1,2025-11-02T15:30:00,Gingivitis (Danta Vidradhi),"Red, swollen gums, bleeding while brushing",Pitta,Pitta,6,,Patient presents with moderate Gingivitis (Danta Vidradhi). Season: Hemanta. Dosha predominant: Pitta.,{}
297ca6d3-f77a-4c5a-b911-e188c3481791,bd87b187-e30f-49f6-a0fd-8b49bcd8cf0e,2025-11-15T15:30:00,Gastritis (Urdhva Amlapitta),"Stomach pain, bloating, nausea after meals",Pitta,Pitta,3,Stress,Patient presents with mild Gastritis (Urdhva Amlapitta). Season: Hemanta. Dosha predominant: Pitta.,{}
d466ef3f-2f03-4bc8-aa7f-f64cefd91811,68ac414e-d32a-4b9e-a78f-1c82961510fa,2025-11-19T17:45:00,Osteoporosis (Asthi Kshaya),"Fragile bones, fractures, height loss",Vata,Vata,3,None,Patient presents with mild Osteoporosis (Asthi Kshaya). Season: Hemanta. Dosha predominant: Vata.,{}
5029f9c4-521f-479a-94e1-c4483b5a012c,b99aeef8-fcfe-4464-8d48-4a1d862871d6,2025-11-04T14:45:00,Cystitis (Mutrakrichra),"Painful urination, frequent urge to urinate",Vata,Vata,3,Stress,Patient presents with mild Cystitis (Mutrakrichra). Season: Hemanta. Dosha predominant: Vata.,{}
b67e06b4-a771-41d1-941d-9bb8fb287f4c,81b3c23b-0b00-4108-b678-09d3590a26ff,2025-11-17T16:15:00,Osteoporosis (Asthi Kshaya),"Fragile bones, fractures, height loss",Vata,Vata,3,Hypertension,Patient presents with mild Osteoporosis (Asthi Kshaya). Season: Hemanta. Dosha predominant: Vata.,{}
9a4190ab-cc95-4ebe-a0c5-1201c3ad9a16,e1cee793-006f-47b4-9577-96447819dc3b,2025-11-21T08:15:00,Acne (Yuvana Pidika),"Pimples, blackheads, oily skin",Pitta,Pitta-Kapha,3,Diabetes,Patient presents with mild Acne (Yuvana Pidika). Season: Hemanta. Dosha predominant: Pitta-Kapha.,{}
9f539634-2bf7-4354-b7c2-7a5c86f50c82,ec81a18e-aa66-4f64-b030-15e9f6e1ef2f,2025-11-06T13:00:00,Measles (Romantika),"Fever, cough, runny nose, red eyes, skin rash",Pitta,Pitta,9,Hypertension,Patient presents with severe Measles (Romantika). Season: Hemanta. Dosha predominant: Pitta.,{}
38281f6d-d59c-4291-b184-b4f5e2f631e2,3e34aacc-e9f0-4706-a3b3-e518d3b39877,2025-11-24T17:30:00,Boils (Vidradhi),"Painful red lumps, pus formation",Pitta,Pitta-Kapha,9,,Patient presents with severe Boils (Vidradhi). Season: Hemanta. Dosha predominant: Pitta-Kapha.,{}
379d144a-a8ed-41ee-bf6a-184fd76d090a,57320573-a73d-43f2-88f3-ca2732a6465b,2025-11-03T12:15:00,Chronic Fatigue Syndrome (Klama),"Persistent fatigue, weakness, poor concentration",Vata,Vata-Kapha,9,Hypertension,Patient presents with severe Chronic Fatigue Syndrome (Klama). Season: Hemanta. Dosha predominant: Vata-Kapha.,{}
45759195-fe90-4304-a11b-9872b6d27b80,2647f102-7112-46dd-b7d9-de7ebcdaec36,2025-11-11T13:00:00,Chronic Kidney Disease (Vrikka Vaikalya),"Fatigue, swelling, reduced urination",Vata,Vata-Pitta,3,None,Patient presents with mild Chronic Kidney Disease (Vrikka Vaikalya). Season: Hemanta. Dosha predominant: Vata-Pitta.,{}
38050f36-ba87-40f1-83ac-99cb19cc7123,0f248608-b576-405c-8ef2-f4c93de4738f,2025-11-14T13:45:00,Contact Dermatitis (Sparshaja Kushtha),"Redness, itching, swelling",Pitta,Pitta,6,Hypertension,Patient presents with moderate Contact Dermatitis (Sparshaja Kushtha). Season: Hemanta. Dosha predominant: Pitta.,{}
b0eb91a3-7f76-448f-9870-721517e15e8b,1874156a-6013-44a9-8704-1c2cc2682f19,2025-11-01T17:30:00,Tonsillitis (Tundikeri),"Sore throat, difficulty swallowing, fever",Kapha,Kapha-Pitta,3,Diabetes,Patient presents with mild Tonsillitis (Tundikeri). Season: Hemanta. Dosha predominant: Kapha-Pitta.,{}
98a08cd3-ed0b-4b7e-adc2-2db4c70c14ed,92f8cdae-cf48-466a-af51-a5305a3e2151,2025-11-14T17:15:00,Menstrual Disorder (Artava Dushti),"Irregular periods, heavy bleeding, cramps",Vata,Vata-Pitta,9,None,Patient presents with severe Menstrual Disorder (Artava Dushti). Season: Hemanta. Dosha predominant: Vata-Pitta.,{}
72c7cd76-0e20-4d75-862f-5ea6f181559d,3c692c45-3ea3-48a5-b49d-a253ec2a185a,2025-11-20T11:15:00,Stress (Manasika Tanava),"Anxiety, fatigue, headaches, irritability",Vata,Vata,3,Diabetes,Patient presents with mild Stress (Manasika Tanava). Season: Hemanta. Dosha predominant: Vata.,{}
1a5ae4df-fa63-470c-98ea-85cd0a601420,24f4365a-6bad-4f55-a9d4-85cfb50c6344,2025-11-04T15:00:00,Hyperlipidemia (Medo Vriddhi),"Elevated cholesterol, fatigue, chest heaviness",Kapha,Kapha,6,,Patient presents with moderate Hyperlipidemia (Medo Vriddhi). Season: Hemanta. Dosha predominant: Kapha.,{}
6c9f5c52-8222-4d00-b7f9-d9dec07db778,a761cbf3-df21-4c28-9534-bc3dc2ee0a26,2025-11-10T13:30:00,Cystitis (Mutrakrichra),"Painful urination, frequent urge to urinate",Vata,Vata,3,None,Patient presents with mild Cystitis (Mutrakrichra). Season: Hemanta. Dosha predominant: Vata.,{}
8a2b0baa-6749-452a-b94d-658eaa7f360e,52e1a46d-546d-4797-81e2-e55ca99b5e34,2025-11-18T08:45:00,Sleep Apnea (Nidra Vaishamya),"Loud snoring, choking during sleep, daytime fatigue",Kapha,Vata-Kapha,3,,Patient presents with mild Sleep Apnea (Nidra Vaishamya). Season: Hemanta. Dosha predominant: Vata-Kapha.,{}
08b6b370-bfc5-44bd-9807-bfd01b713bf0,0607d575-d9a3-421c-aa70-86cbfe8b59f4,2025-11-25T12:45:00,Prostate Enlargement (Vriddhi),"Frequent urination, difficulty urinating, weak stream",Vata,Vata,9,,Patient presents with severe Prostate Enlargement (Vriddhi). Season: Hemanta. Dosha predominant: Vata.,{}
84db3e82-f2c3-4578-a171-5e9310d24d85,b99aeef8-fcfe-4464-8d48-4a1d862871d6,2025-11-30T13:00:00,Whooping Cough (Deergha Kasa),"Severe coughing fits, whooping sound, vomiting after cough",Kapha,Kapha,3,Diabetes,Patient presents with mild Whooping Cough (Deergha Kasa). Season: Hemanta. Dosha predominant: Kapha.,{}
4ae8d108-e031-4997-bd4a-1ae84c3bcb45,5f486f2c-66a3-4f11-9cd8-3a64bac4e545,2025-11-04T13:45:00,Urinary Tract Infection (Mutradaha),"Burning urination, frequent urge, lower abdomen pain",Pitta,Pitta,3,Diabetes,Patient presents with mild Urinary Tract Infection (Mutradaha). Season: Hemanta. Dosha predominant: Pitta.,{}
d9acc725-1e82-41c3-96a7-fcc565be7695,3f14a281-95de-4e41-a0d0-48c329c09fd3,2025-11-07T11:45:00,Urinary Tract Infection (Mutradaha),"Burning urination, frequent urge, lower abdomen pain",Pitta,Pitta,3,Stress,Patient presents with mild Urinary Tract Infection (Mutradaha). Season: Hemanta. Dosha predominant: Pitta.,{}
87c5bd6b-0d01-4fc6-ac17-a25bcd953a6f,acb6a8a1-ec1a-44ff-8b74-60c5816b414c,2025-11-04T18:00:00,Sleep Apnea (Nidra Vaishamya),"Loud snoring, choking during sleep, daytime fatigue",Kapha,Vata-Kapha,9,Hypertension,Patient presents with severe Sleep Apnea (Nidra Vaishamya). Season: Hemanta. Dosha predominant: Vata-Kapha.,{}
a6b203a6-3888-4651-8ced-2e7153695eaa,3de1091e-220d-4434-ae97-b9e9a079b027,2025-11-25T09:00:00,Eczema (Vicharchika),"Itchy skin, red rashes, inflammation",Pitta,Pitta,3,Stress,Patient presents with mild Eczema (Vicharchika). Season: Hemanta. Dosha predominant: Pitta.,{}
0d815c14-2e0d-485f-a65d-50d61e9c2ac0,d6d252ef-f22c-4d03-90dd-ca02623c5093,2025-11-29T14:15:00,Conjunctivitis (Netra Abhishyanda),"Red eyes, itchy eyes, eye discharge",Pitta,Pitta,3,Diabetes,Patient presents with mild Conjunctivitis (Netra Abhishyanda). Season: Hemanta. Dosha predominant: Pitta.,{}
c350f6a5-054e-4a7a-afc6-b3329eb09364,a1d5c02f-867a-4252-898e-d2989030ad57,2025-11-19T16:30:00,Eczema (Vicharchika),"Itchy skin, red rashes, inflammation",Pitta,Pitta,3,Stress,Patient presents with mild Eczema (Vicharchika). Season: Hemanta. Dosha predominant: Pitta.,{}
0cb4cfa7-bb27-4189-a5b4-7d4337e29014,08aa84de-e5ed-4482-8f62-08862965f54a,2025-11-14T17:00:00,Heart Disease (Hridroga),"Chest pain, fatigue, shortness of breath",Vata,Vata-Pitta,9,Diabetes,Patient presents with severe Heart Disease (Hridroga). Season: Hemanta. Dosha predominant: Vata-Pitta.,{}
39025946-6bd7-4eba-af9c-9bf47565254c,cc3c611e-8fad-423d-9d7b-2ba115c4a103,2025-11-06T10:00:00,Sleep Apnea (Nidra Vaishamya),"Loud snoring, choking during sleep, daytime fatigue",Kapha,Vata-Kapha,6,,Patient presents with moderate Sleep Apnea (Nidra Vaishamya). Season: Hemanta. Dosha predominant: Vata-Kapha.,{}
18c80146-7d9d-4130-bdb1-7b606678ea80,f4d5afd4-e183-4732-a4a7-866f5f2c2fc2,2025-11-06T11:30:00,Measles (Romantika),"Fever, cough, runny nose, red eyes, skin rash",Pitta,Pitta,9,,Patient presents with severe Measles (Romantika). Season: Hemanta. Dosha predominant: Pitta.,{}
450c21bb-3c3a-42e0-bdd1-8cf0d3137113,70a0cfb7-ee40-4a08-bd6e-4e011a012e73,2025-11-08T10:00:00,Chickenpox (Laghu Masurika),"Itchy rashes, fever, tiredness",Pitta,Pitta,9,Hypertension,Patient presents with severe Chickenpox (Laghu Masurika). Season: Hemanta. Dosha predominant: Pitta.,{}
6c30c0f4-03c2-41a5-9e5a-43d73bf407f0,b70fedb3-9048-42f5-9ac3-63f66ecfb90a,2025-11-05T11:45:00,Thyroid Disorder (Galaganda Vikara),"Fatigue, weight changes, mood swings, hair loss",Vata,Vata-Pitta,3,Obesity,Patient presents with mild Thyroid Disorder (Galaganda Vikara). Season: Hemanta. Dosha predominant: Vata-Pitta.,{}
d25990aa-0ee9-41d4-9480-1019d56e887e,47b82b89-25d8-4641-82db-29c85c78a0a8,2025-11-06T12:00:00,Worm Infection (Krimi Roga),"Abdominal pain, diarrhea, weight loss, bloating",Vata,Vata,3,Diabetes,Patient presents with mild Worm Infection (Krimi Roga). Season: Hemanta. Dosha predominant: Vata.,{}
2102e1c0-025a-4937-99f9-5700b34d7df4,0c432ad7-b431-48ed-b676-fa7f34476ccf,2025-11-09T14:30:00,Thyroid Disorder (Galaganda Vikara),"Fatigue, weight changes, mood swings, hair loss",Vata,Vata-Pitta,9,Stress,Patient presents with severe Thyroid Disorder (Galaganda Vikara). Season: Hemanta. Dosha predominant: Vata-Pitta.,{}
84cfad61-56cc-4f87-bcaa-11eedc6a7c4a,879a6629-a37f-4da9-a046-c5ae1e31523e,2025-11-21T11:30:00,Boils (Vidradhi),"Painful red lumps, pus formation",Pitta,Pitta-Kapha,6,None,Patient presents with moderate Boils (Vidradhi). Season: Hemanta. Dosha predominant: Pitta-Kapha.,{}
f0e9e622-0d40-4822-ac55-f58468c0a187,5a5097b9-2292-4b42-b98d-1154994ce7da,2025-11-25T16:45:00,Chikungunya (Sandhi Jwara),"Joint pain, fever, rash",Pitta,Vata-Pitta,9,Diabetes,Patient presents with severe Chikungunya (Sandhi Jwara). Season: Hemanta. Dosha predominant: Vata-Pitta.,{}
9b87c45b-75b8-4ce0-8182-88344b61113e,62a75794-ed38-4386-8e83-009037cf786a,2025-11-12T11:00:00,Sciatica (Gridhrasi),"Lower back pain, pain radiating down the leg",Vata,Vata,6,Stress,Patient presents with moderate Sciatica (Gridhrasi). Season: Hemanta. Dosha predominant: Vata.,{}
4438c8e7-bbf0-4005-bed3-b5d6da8b6940,a380d836-e795-4f24-8593-5f7a891c14e2,2025-12-23T08:30:00,Asthma (Tamaka Shwasa),"Wheezing, breathlessness, chest tightness, cough at night",Kapha,Kapha,9,Obesity,Patient presents with severe Asthma (Tamaka Shwasa). Season: Hemanta. Dosha predominant: Kapha.,{}
8b8d4937-9674-4b54-b0e2-0955c93df67d,9027b642-6669-4e5d-9de9-6197e231bf03,2025-12-19T14:15:00,Constipation (Vibandha),"Infrequent stools, hard stools, bloating, discomfort",Vata,Vata,3,Obesity,Patient presents with mild Constipation (Vibandha). Season: Hemanta. Dosha predominant: Vata.,{}
b917c977-bf36-4dc4-ac3d-bda30652b0fb,44246d2e-2fe5-46fa-b539-43a8454cdebe,2025-12-10T17:30:00,Cough (Kasa),"Persistent cough, throat irritation, breathlessness",Kapha,Kapha,6,,Patient presents with moderate Cough (Kasa). Season: Hemanta. Dosha predominant: Kapha.,{}
537d2d3a-363a-4032-a746-fe039d52103d,7dbccdcf-3e29-46bc-8d3f-590228136f0d,2025-12-11T11:15:00,Constipation (Vibandha),"Infrequent stools, hard stools, bloating, discomfort",Vata,Vata,3,None,Patient presents with mild Constipation (Vibandha). Season: Hemanta. Dosha predominant: Vata.,{}
1086447b-0c71-4b35-a532-5fa6fc01b64f,4b309685-da7c-4650-8978-63651a8d5879,2025-12-29T09:00:00,Joint Pain (Amavata),"Morning stiffness, swelling in joints, pain on movement",Vata,Vata,6,None,Patient presents with moderate Joint Pain (Amavata). Season: Hemanta. Dosha predominant: Vata.,{}
b6e053b6-66f4-4c3a-a9e0-8a5754cf6c4c,6c5b4adc-74b6-4673-8ff7-34b070518821,2025-12-19T13:00:00,Joint Pain (Amavata),"Morning stiffness, swelling in joints, pain on movement",Vata,Vata,6,Hypertension,Patient presents with moderate Joint Pain (Amavata). Season: Hemanta. Dosha predominant: Vata.,{}
58a6cc3c-ec55-4f2c-a6d1-98e06aa8d29e,22cb4b29-5434-4218-9fc7-40b74f753a06,2025-12-16T15:00:00,Rhinitis (Pratishyaya),"Runny nose, blocked nose, sneezing, post-nasal drip",Kapha,Kapha,3,Hypertension,Patient presents with mild Rhinitis (Pratishyaya). Season: Hemanta. Dosha predominant: Kapha.,{}
96588ad5-2997-49ff-b13a-ce1d2192f017,302816fc-58aa-4b96-b56b-f33f8ec63da7,2025-12-28T16:15:00,Rhinitis (Pratishyaya),"Runny nose, blocked nose, sneezing, post-nasal drip",Kapha,Kapha,3,,Patient presents with mild Rhinitis (Pratishyaya). Season: Hemanta. Dosha predominant: Kapha.,{}
8bfcbfd5-b081-4ba2-8636-887913e539d7,89aa83fd-f4dc-4e74-8281-e6948797557f,2025-12-29T15:30:00,Cough (Kasa),"Persistent cough, throat irritation, breathlessness",Kapha,Kapha,6,,Patient presents with moderate Cough (Kasa). Season: Hemanta. Dosha predominant: Kapha.,{}
b02b2570-0b95-4bc6-8742-58f1acb6866d,2080eba4-fd00-4c33-9228-ff92981a6306,2025-12-31T16:45:00,Cough (Kasa),"Persistent cough, throat irritation, breathlessness",Kapha,Kapha,6,,Patient presents with moderate Cough (Kasa). Season: Hemanta. Dosha predominant: Kapha.,{}
f4cae087-cb51-48b2-9df8-4998f3c25510,8fc7efec-f525-4ece-94f6-0f21afc8d133,2025-12-26T16:00:00,Cough (Kasa),"Persistent cough, throat irritation, breathlessness",Kapha,Kapha,6,Diabetes,Patient presents with moderate Cough (Kasa). Season: Hemanta. Dosha predominant: Kapha.,{}
dcd13ee7-7d49-443f-9641-7bfae55c6553,8fc7efec-f525-4ece-94f6-0f21afc8d133,2025-12-28T16:00:00,Cough (Kasa),"Persistent cough, throat irritation, breathlessness",Kapha,Kapha,6,,Follow-up visit for Cough (Kasa). Season: Hemanta.,{}
424c1a89-e238-4d8f-aa91-9101471af49f,870d7afe-c6c2-4882-9958-af76ea166c67,2025-12-16T12:00:00,Asthma (Tamaka Shwasa),"Wheezing, breathlessness, chest tightness, cough at night",Kapha,Kapha,9,,Patient presents with severe Asthma (Tamaka Shwasa). Season: Hemanta. Dosha predominant: Kapha.,{}
fbe42803-299e-4848-8254-5f5cf3b020ab,80d77ae8-8006-4812-acc6-d96a9f20540b,2025-12-15T15:15:00,Diabetes (Madhumeha),"Excessive thirst, frequent urination, fatigue, blurred vision",Kapha,Kapha,6,Stress,Patient presents with moderate Diabetes (Madhumeha). Season: Hemanta. Dosha predominant: Kapha.,{}
e038ebde-10f7-4a4e-8560-7af08f1a7af1,82b3f3e1-dcaa-4889-b2c5-b2c6cf0dce4e,2025-12-06T12:45:00,Cough (Kasa),"Persistent cough, throat irritation, breathlessness",Kapha,Kapha,6,Diabetes,Patient presents with moderate Cough (Kasa). Season: Hemanta. Dosha predominant: Kapha.,{}
f27334eb-24b2-49ad-ab7c-7aaed6ab1533,82129659-a2bc-45e8-b145-d604b3235ba1,2025-12-01T14:00:00,Cough (Kasa),"Persistent cough, throat irritation, breathlessness",Kapha,Kapha,6,Hypertension,Patient presents with moderate Cough (Kasa). Season: Hemanta. Dosha predominant: Kapha.,{}
256b9f1a-2919-4747-80cf-46ba20333c5d,403b3e0c-1b71-459d-98a9-05873fe0b5b1,2025-12-10T08:45:00,Rhinitis (Pratishyaya),"Runny nose, blocked nose, sneezing, post-nasal drip",Kapha,Kapha,3,Hypertension,Patient presents with mild Rhinitis (Pratishyaya). Season: Hemanta. Dosha predominant: Kapha.,{}
1c5fabb0-9e92-4382-9386-32ceaf566018,379584a5-8530-47b6-8104-98b0bbc9bda9,2025-12-04T09:45:00,Diabetes (Madhumeha),"Excessive thirst, frequent urination, fatigue, blurred vision",Kapha,Kapha,6,Stress,Patient presents with moderate Diabetes (Madhumeha). Season: Hemanta. Dosha predominant: Kapha.,{}
2bea7758-fe38-4035-8c95-c69b9b2a16c3,a91c5d1d-124c-4eaa-a906-a0b3a7f20bd6,2025-12-13T15:30:00,Rhinitis (Pratishyaya),"Runny nose, blocked nose, sneezing, post-nasal drip",Kapha,Kapha,3,Obesity,Patient presents with mild Rhinitis (Pratishyaya). Season: Hemanta. Dosha predominant: Kapha.,{}
ff3bb2cd-3a43-4e81-8054-4912d7f22ede,17889c42-57f5-4de2-b1dd-54dd00b2ec77,2025-12-07T15:15:00,Constipation (Vibandha),"Infrequent stools, hard stools, bloating, discomfort",Vata,Vata,3,None,Patient presents with mild Constipation (Vibandha). Season: Hemanta. Dosha predominant: Vata.,{}
4c7b543c-d137-462e-9fe7-e485f94c9c9b,6da99084-4470-4909-bb26-eeb306139244,2025-12-29T09:45:00,Constipation (Vibandha),"Infrequent stools, hard stools, bloating, discomfort",Vata,Vata,3,Stress,Patient presents with mild Constipation (Vibandha). Season: Hemanta. Dosha predominant: Vata.,{}
599646c3-19a7-490f-98b7-26ed069a40a7,d3e9e3ed-00ef-4cd2-9ea2-5de5ff487ba3,2025-12-13T12:00:00,Constipation (Vibandha),"Infrequent stools, hard stools, bloating, discomfort",Vata,Vata,3,Obesity,Patient presents with mild Constipation (Vibandha). Season: Hemanta. Dosha predominant: Vata.,{}
6fa51181-4f01-4bf5-8117-5493a7a33bb3,98321cdc-abcd-42c7-9f17-b906cbfb79f8,2025-12-24T16:30:00,Constipation (Vibandha),"Infrequent stools, hard stools, bloating, discomfort",Vata,Vata,3,None,Patient presents with mild Constipation (Vibandha). Season: Hemanta. Dosha predominant: Vata.,{}
de5086b5-01cf-44b3-b301-9250e7176ab6,ecc67b78-7069-4509-8a49-77213e4d7b60,2025-12-06T09:30:00,Asthma (Tamaka Shwasa),"Wheezing, breathlessness, chest tightness, cough at night",Kapha,Kapha,9,Diabetes,Patient presents with severe Asthma (Tamaka Shwasa). Season: Hemanta. Dosha predominant: Kapha.,{}
0296bc7b-e954-4c9e-918f-2b34f134974a,03bee406-a6c0-4dfb-b6e4-9f31eb880ec8,2025-12-30T09:30:00,Diabetes (Madhumeha),"Excessive thirst, frequent urination, fatigue, blurred vision",Kapha,Kapha,6,,Patient presents with moderate Diabetes (Madhumeha). Season: Hemanta. Dosha predominant: Kapha.,{}
50aebd85-fde3-4f06-a6df-115c7325dec3,1572a1aa-b834-4a99-b93e-90463e7d1865,2025-12-24T18:30:00,Diabetes (Madhumeha),"Excessive thirst, frequent urination, fatigue, blurred vision",Kapha,Kapha,6,,Patient presents with moderate Diabetes (Madhumeha). Season: Hemanta. Dosha predominant: Kapha.,{}
54accb38-495e-4b2e-bd3f-ff7c3f56dc9f,1d00dc35-fc33-470a-be8d-e14e80b17e40,2025-12-17T17:15:00,Constipation (Vibandha),"Infrequent stools, hard stools, bloating, discomfort",Vata,Vata,3,None,Patient presents with mild Constipation (Vibandha). Season: Hemanta. Dosha predominant: Vata.,{}
06b1074e-2c60-43cd-9b8f-a12255f165f5,d199c76c-07d4-4c34-8735-62c346a22643,2025-12-24T17:30:00,Joint Pain (Amavata),"Morning stiffness, swelling in joints, pain on movement",Vata,Vata,6,Diabetes,Patient presents with moderate Joint Pain (Amavata). Season: Hemanta. Dosha predominant: Vata.,{}
6ecdd158-ff19-4472-a267-a74eeec37646,fc6b9ba8-7c80-4764-8482-f20bc831c4e5,2025-12-01T12:00:00,Constipation (Vibandha),"Infrequent stools, hard stools, bloating, discomfort",Vata,Vata,3,Stress,Patient presents with mild Constipation (Vibandha). Season: Hemanta. Dosha predominant: Vata.,{}
d1f55c0d-af5a-4eee-b74a-d1caf06690ab,b5d01393-4378-456b-9b32-6254c0583269,2025-12-30T10:30:00,Joint Pain (Amavata),"Morning stiffness, swelling in joints, pain on movement",Vata,Vata,6,Stress,Patient presents with moderate Joint Pain (Amavata). Season: Hemanta. Dosha predominant: Vata.,{}
653fee3f-5026-433e-8666-bd341bac432c,4653b874-76ef-4791-bf8b-2d45a80ce416,2025-12-15T08:15:00,Cough (Kasa),"Persistent cough, throat irritation, breathlessness",Kapha,Kapha,6,,Patient presents with moderate Cough (Kasa). Season: Hemanta. Dosha predominant: Kapha.,{}
bc6bef03-cdb5-4673-8a6d-89a62e138e5e,fea594d1-51c1-49d5-b122-05b855ebd770,2025-12-26T18:45:00,Asthma (Tamaka Shwasa),"Wheezing, breathlessness, chest tightness, cough at night",Kapha,Kapha,9,,Patient presents with severe Asthma (Tamaka Shwasa). Season: Hemanta. Dosha predominant: Kapha.,{}
2426172f-060c-48ec-86b7-69c186e34334,ddcc336f-74ea-4cb1-99ad-e7643ecb2c8b,2025-12-25T11:00:00,Cough (Kasa),"Persistent cough, throat irritation, breathlessness",Kapha,Kapha,6,,Patient presents with moderate Cough (Kasa). Season: Hemanta. Dosha predominant: Kapha.,{}
b9739715-043e-4df5-a61b-a0d833c7c78d,351f7f25-20cf-4bcf-9e12-059d834615fe,2025-12-09T08:30:00,Constipation (Vibandha),"Infrequent stools, hard stools, bloating, discomfort",Vata,Vata,3,,Patient presents with mild Constipation (Vibandha). Season: Hemanta. Dosha predominant: Vata.,{}
c1f44335-e0fe-4ff2-91c6-25b5a7bceca1,17af5d75-7eeb-4eb5-8fc1-cfe96a5c829f,2025-12-26T13:45:00,Asthma (Tamaka Shwasa),"Wheezing, breathlessness, chest tightness, cough at night",Kapha,Kapha,9,Hypertension,Patient presents with severe Asthma (Tamaka Shwasa). Season: Hemanta. Dosha predominant: Kapha.,{}
9d2c896c-ecd0-486b-9590-0630a39a40da,4947f6ec-50be-4c70-af2e-95eecf006144,2025-12-08T15:30:00,Asthma (Tamaka Shwasa),"Wheezing, breathlessness, chest tightness, cough at night",Kapha,Kapha,9,,Patient presents with severe Asthma (Tamaka Shwasa). Season: Hemanta. Dosha predominant: Kapha.,{}
47b75dea-bc51-4428-82e2-d52f9bd3e62c,de8c425a-ae57-449d-b012-9de69e1d4432,2025-12-27T18:15:00,Joint Pain (Amavata),"Morning stiffness, swelling in joints, pain on movement",Vata,Vata,6,None,Patient presents with moderate Joint Pain (Amavata). Season: Hemanta. Dosha predominant: Vata.,{}
9ac756ec-6eee-4e10-a11d-fda89cd453d4,c9ff9487-d56b-4bf5-b1e8-2ba406c244c1,2025-12-16T11:45:00,Rhinitis (Pratishyaya),"Runny nose, blocked nose, sneezing, post-nasal drip",Kapha,Kapha,3,Diabetes,Patient presents with mild Rhinitis (Pratishyaya). Season: Hemanta. Dosha predominant: Kapha.,{}
2adc403e-6db9-405a-8530-8fb87d8ee3f1,070a34c1-7203-4021-8ce6-5ae03fdb9e35,2025-12-27T15:15:00,Asthma (Tamaka Shwasa),"Wheezing, breathlessness, chest tightness, cough at night",Kapha,Kapha,9,Diabetes,Patient presents with severe Asthma (Tamaka Shwasa). Season: Hemanta. Dosha predominant: Kapha.,{}
b31cc75c-575e-4d1e-90d7-99f7672eb839,4fb5f8e9-de14-4ad2-a28d-8eb25e69f54a,2025-12-30T13:30:00,Rhinitis (Pratishyaya),"Runny nose, blocked nose, sneezing, post-nasal drip",Kapha,Kapha,3,Stress,Patient presents with mild Rhinitis (Pratishyaya). Season: Hemanta. Dosha predominant: Kapha.,{}
6a477300-5683-40ad-a937-092a10f72456,4563d3b6-d896-46ac-a1ca-dee38c51265f,2025-12-31T14:15:00,Joint Pain (Amavata),"Morning stiffness, swelling in joints, pain on movement",Vata,Vata,6,Stress,Patient presents with moderate Joint Pain (Amavata). Season: Hemanta. Dosha predominant: Vata.,{}
17e99c32-3158-47f9-88d2-84cf7b5dfd2d,9e56f17a-efee-4bef-a153-8a422c870e42,2025-12-06T16:30:00,Asthma (Tamaka Shwasa),"Wheezing, breathlessness, chest tightness, cough at night",Kapha,Kapha,9,,Patient presents with severe Asthma (Tamaka Shwasa). Season: Hemanta. Dosha predominant: Kapha.,{}
9ff9062f-deb9-4623-ae03-7a119474e8ff,20e3faa4-c35f-4b69-b0cc-33fb8d47f6c5,2025-12-11T15:30:00,Constipation (Vibandha),"Infrequent stools, hard stools, bloating, discomfort",Vata,Vata,3,,Patient presents with mild Constipation (Vibandha). Season: Hemanta. Dosha predominant: Vata.,{}
f4ff5c70-0c5f-4f46-a915-668b69e24229,88f1a3b6-14f2-4aa7-a7bc-4e5575714874,2025-12-11T12:45:00,Joint Pain (Amavata),"Morning stiffness, swelling in joints, pain on movement",Vata,Vata,6,Diabetes,Patient presents with moderate Joint Pain (Amavata). Season: Hemanta. Dosha predominant: Vata.,{}
5bd010ce-6dea-4b54-9148-fae8e2cf7d9e,01d1fa93-bd3f-44b0-b8a1-81b87e0e7564,2025-12-02T14:00:00,Joint Pain (Amavata),"Morning stiffness, swelling in joints, pain on movement",Vata,Vata,6,Obesity,Patient presents with moderate Joint Pain (Amavata). Season: Hemanta. Dosha predominant: Vata.,{}
2226e37e-2628-41e6-9283-092f4969e835,dffadd63-56d7-4407-90bb-64b12273bfe7,2025-12-12T11:45:00,Joint Pain (Amavata),"Morning stiffness, swelling in joints, pain on movement",Vata,Vata,6,,Patient presents with moderate Joint Pain (Amavata). Season: Hemanta. Dosha predominant: Vata.,{}
1ed6013a-87e0-4458-b770-21d844c52c6f,0b0708a7-1619-4ab8-b644-5989c81ac785,2025-12-01T12:00:00,Asthma (Tamaka Shwasa),"Wheezing, breathlessness, chest tightness, cough at night",Kapha,Kapha,9,,Patient presents with severe Asthma (Tamaka Shwasa). Season: Hemanta. Dosha predominant: Kapha.,{}
46b33a54-007b-4e20-9a93-7a676869a15e,17889c42-57f5-4de2-b1dd-54dd00b2ec77,2025-12-26T17:15:00,Cough (Kasa),"Persistent cough, throat irritation, breathlessness",Kapha,Kapha,6,,Patient presents with moderate Cough (Kasa). Season: Hemanta. Dosha predominant: Kapha.,{}
8df1970d-01bd-4034-8955-ba62bd0e40cf,2dc0f63b-f679-4db9-a8de-41852307529b,2025-12-30T09:45:00,Joint Pain (Amavata),"Morning stiffness, swelling in joints, pain on movement",Vata,Vata,6,None,Patient presents with moderate Joint Pain (Amavata). Season: Hemanta. Dosha predominant: Vata.,{}
d0d253e8-0868-433c-b6ce-91fb93feb9dd,12825953-c5f2-4160-bc7f-c5997e75486e,2025-12-31T17:30:00,Diabetes (Madhumeha),"Excessive thirst, frequent urination, fatigue, blurred vision",Kapha,Kapha,6,Stress,Patient presents with moderate Diabetes (Madhumeha). Season: Hemanta. Dosha predominant: Kapha.,{}
296fcb88-5c8b-4fee-86be-f0f652ad6d1b,fceb3277-55c1-4e8c-a70e-e6dbb57d54f8,2025-12-22T11:45:00,Joint Pain (Amavata),"Morning stiffness, swelling in joints, pain on movement",Vata,Vata,6,Stress,Patient presents with moderate Joint Pain (Amavata). Season: Hemanta. Dosha predominant: Vata.,{}
e26db041-41b6-4087-9fda-e1c8091891aa,ee7fff89-d270-47a1-bca2-ea620d09864f,2025-12-23T13:45:00,Diabetes (Madhumeha),"Excessive thirst, frequent urination, fatigue, blurred vision",Kapha,Kapha,6,,Patient presents with moderate Diabetes (Madhumeha). Season: Hemanta. Dosha predominant: Kapha.,{}
ffae60e5-014e-4add-8023-eb1810a28fbf,b687b973-650a-4855-a244-72d985e9433d,2025-12-27T10:45:00,Diabetes (Madhumeha),"Excessive thirst, frequent urination, fatigue, blurred vision",Kapha,Kapha,6,Hypertension,Patient presents with moderate Diabetes (Madhumeha). Season: Hemanta. Dosha predominant: Kapha.,{}
cddfca88-0ca3-4203-912d-f8b1f434358a,278b17ed-0861-4cf5-b606-be2b5c4948f9,2025-12-27T10:45:00,Asthma (Tamaka Shwasa),"Wheezing, breathlessness, chest tightness, cough at night",Kapha,Kapha,9,,Patient presents with severe Asthma (Tamaka Shwasa). Season: Hemanta. Dosha predominant: Kapha.,{}
d0060f32-fdd6-40db-a5a2-439653bf8a83,1572a1aa-b834-4a99-b93e-90463e7d1865,2025-12-21T09:00:00,Rhinitis (Pratishyaya),"Runny nose, blocked nose, sneezing, post-nasal drip",Kapha,Kapha,3,None,Patient presents with mild Rhinitis (Pratishyaya). Season: Hemanta. Dosha predominant: Kapha.,{}
e79aacb0-140b-4d62-a8f7-8e512ca94cb5,a437cbaa-d6ec-4051-b939-8cc1ce50c44c,2025-12-25T16:15:00,Diabetes (Madhumeha),"Excessive thirst, frequent urination, fatigue, blurred vision",Kapha,Kapha,6,,Patient presents with moderate Diabetes (Madhumeha). Season: Hemanta. Dosha predominant: Kapha.,{}
2fbdf966-7553-4211-b9cd-b2cd046bc23d,897987e2-558c-43d7-b337-52921e51c6af,2025-12-25T14:45:00,Asthma (Tamaka Shwasa),"Wheezing, breathlessness, chest tightness, cough at night",Kapha,Kapha,9,Stress,Patient presents with severe Asthma (Tamaka Shwasa). Season: Hemanta. Dosha predominant: Kapha.,{}
e3e194d2-10f6-4c8c-9ead-3534f0f9bcb4,241e65cf-ac9d-4b5a-af47-b8641a48d384,2025-12-20T15:15:00,Asthma (Tamaka Shwasa),"Wheezing, breathlessness, chest tightness, cough at night",Kapha,Kapha,9,Stress,Patient presents with severe Asthma (Tamaka Shwasa). Season: Hemanta. Dosha predominant: Kapha.,{}
5257533b-abd1-4cc1-ac12-dc4d27c35b98,b268a2c7-3a80-441a-be31-71d95b6cd810,2025-12-02T10:45:00,Worm Infection (Krimi Roga),"Abdominal pain, diarrhea, weight loss, bloating",Vata,Vata,9,Diabetes,Patient presents with severe Worm Infection (Krimi Roga). Season: Hemanta. Dosha predominant: Vata.,{}
b70bbbc7-98f4-44e2-9c09-bcf3040f1596,53db3cd7-08f8-47a6-b232-e756d58e049e,2025-12-12T13:15:00,Typhoid (Antrika Jwara),"Prolonged fever, weakness, abdominal pain",Pitta,Pitta,9,Obesity,Patient presents with severe Typhoid (Antrika Jwara). Season: Hemanta. Dosha predominant: Pitta.,{}
c94e3b05-8ffd-4e1a-a2fd-fa633e2bbcbf,53db3cd7-08f8-47a6-b232-e756d58e049e,2025-12-18T13:15:00,Typhoid (Antrika Jwara),"Prolonged fever, weakness, abdominal pain",Pitta,Pitta,9,,Follow-up visit for Typhoid (Antrika Jwara). Season: Hemanta.,{}
b0e0ff84-a6ec-4fdd-b719-0343dadb6e31,809d0f5a-db30-4e49-b921-50b7688e7258,2025-12-07T18:30:00,Angina (Hrit Shoola),"Chest pain, shortness of breath, dizziness",Vata,Vata-Kapha,3,Obesity,Patient presents with mild Angina (Hrit Shoola). Season: Hemanta. Dosha predominant: Vata-Kapha.,{}
637f208e-999a-4b0d-ac5e-3e3c6a244379,42204eb4-4390-4347-8a57-ce00f60804a5,2025-12-30T12:30:00,Depression (Vishada),"Sadness, loss of interest, fatigue",Vata,Vata-Pitta,9,,Patient presents with severe Depression (Vishada). Season: Hemanta. Dosha predominant: Vata-Pitta.,{}
9447972a-f8e7-4a47-b69a-e6e6a99b61cd,ed58e6bd-cecb-4775-9d05-fb746eca2b0d,2025-12-02T10:15:00,Heart Disease (Hridroga),"Chest pain, fatigue, shortness of breath",Vata,Vata-Pitta,3,None,Patient presents with mild Heart Disease (Hridroga). Season: Hemanta. Dosha predominant: Vata-Pitta.,{}
d969eb4a-11f3-4000-bc42-1b23856dd9e6,cd1ac773-4b49-4e76-8657-0099a1661789,2025-12-08T18:30:00,Conjunctivitis (Netra Abhishyanda),"Red eyes, itchy eyes, eye discharge",Pitta,Pitta,3,,Patient presents with mild Conjunctivitis (Netra Abhishyanda). Season: Hemanta. Dosha predominant: Pitta.,{}
de485be2-b46b-4d65-963c-04473353f1a9,20e3faa4-c35f-4b69-b0cc-33fb8d47f6c5,2025-12-06T11:00:00,Dandruff (Darunaka),"Scalp itchiness, flaking",Kapha,Kapha-Pitta,6,None,Patient presents with moderate Dandruff (Darunaka). Season: Hemanta. Dosha predominant: Kapha-Pitta.,{}
28401a01-6b06-4fac-bc2f-f16cf162a371,a33b9ff8-c6cc-4297-97b5-523bd7de72c8,2025-12-30T12:00:00,Worm Infection (Krimi Roga),"Abdominal pain, diarrhea, weight loss, bloating",Vata,Vata,3,Stress,Patient presents with mild Worm Infection (Krimi Roga). Season: Hemanta. Dosha predominant: Vata.,{}
ee2de864-ae8a-4ae6-ad6d-4854c1ba9d53,0607d575-d9a3-421c-aa70-86cbfe8b59f4,2025-12-22T13:00:00,Vertigo (Bhrama),"Dizziness, spinning sensation, nausea",Vata,Vata-Pitta,3,,Patient presents with mild Vertigo (Bhrama). Season: Hemanta. Dosha predominant: Vata-Pitta.,{}
1c0a7d93-266e-4122-9bb8-aa6a04ee2a60,3a3fa97c-75f2-4fb5-bcc0-c0ef111757fc,2025-12-12T15:15:00,Vitiligo (Shwitra),White patches on the skin,Pitta,Pitta-Vata,6,None,Patient presents with moderate Vitiligo (Shwitra). Season: Hemanta. Dosha predominant: Pitta-Vata.,{}
c49cd089-adce-4984-befb-92580148f10f,e7621c85-6490-49b3-97e2-0736bf159cca,2025-12-09T18:30:00,Typhoid (Antrika Jwara),"Prolonged fever, weakness, abdominal pain",Pitta,Pitta,6,Obesity,Patient presents with moderate Typhoid (Antrika Jwara). Season: Hemanta. Dosha predominant: Pitta.,{}
94023d48-5322-42e0-9dd7-920a8245e2b3,ad67c592-f178-4087-bf63-49d39917d684,2025-12-27T12:00:00,Chronic Kidney Disease (Vrikka Vaikalya),"Fatigue, swelling, reduced urination",Vata,Vata-Pitta,9,Diabetes,Patient presents with severe Chronic Kidney Disease (Vrikka Vaikalya). Season: Hemanta. Dosha predominant: Vata-Pitta.,{}
bab1a96a-70bc-4e20-8731-5885f8fbafa6,6598fb6f-29d4-4b13-ad62-0f18e98871d0,2025-12-30T16:30:00,Ear Infection (Karna Shoola),"Ear pain, discharge, mild fever",Kapha,Kapha-Vata,9,None,Patient presents with severe Ear Infection (Karna Shoola). Season: Hemanta. Dosha predominant: Kapha-Vata.,{}
6114e24d-fc70-4fff-a832-6be301c6436c,de8c425a-ae57-449d-b012-9de69e1d4432,2025-12-16T17:15:00,Whooping Cough (Deergha Kasa),"Severe coughing fits, whooping sound, vomiting after cough",Kapha,Kapha,3,Diabetes,Patient presents with mild Whooping Cough (Deergha Kasa). Season: Hemanta. Dosha predominant: Kapha.,{}
bdb54ed7-698d-4d1e-8a89-a87813f54085,22cb4b29-5434-4218-9fc7-40b74f753a06,2025-12-04T12:30:00,Tennis Elbow (Kurpara Shoola),"Elbow pain, weak grip",Vata,Vata,3,Diabetes,Patient presents with mild Tennis Elbow (Kurpara Shoola). Season: Hemanta. Dosha predominant: Vata.,{}
e4ffe68f-b68c-431a-8bf1-cffe600cf421,ec81a18e-aa66-4f64-b030-15e9f6e1ef2f,2025-12-06T13:00:00,Psoriasis (Kitibha Kushtha),"Red, inflamed skin, scales, itching",Pitta,Pitta,6,Stress,Patient presents with moderate Psoriasis (Kitibha Kushtha). Season: Hemanta. Dosha predominant: Pitta.,{}
a57c20e5-119f-4d45-bff2-92b6836c90e0,9e41afc4-d4c9-47d4-ab3b-dc6cadb1a142,2025-12-21T10:45:00,Gingivitis (Danta Vidradhi),"Red, swollen gums, bleeding while brushing",Pitta,Pitta,9,Hypertension,Patient presents with severe Gingivitis (Danta Vidradhi). Season: Hemanta. Dosha predominant: Pitta.,{}
3d108e11-9aba-420f-9d68-f50d0a22d392,b01c2f08-620e-4003-9146-b2bc5089f338,2025-12-11T18:30:00,Back Pain (Prishtha Shoola),"Muscle stiffness, difficulty moving",Vata,Vata,3,Hypertension,Patient presents with mild Back Pain (Prishtha Shoola). Season: Hemanta. Dosha predominant: Vata.,{}
34b91b77-a26f-40da-bdae-326e5a1073f3,1602ef2e-0031-469b-9a7f-6b4ad32085b6,2025-12-27T13:45:00,Digestive Disorder (Vikara),"Bloating, nausea, indigestion, discomfort after eating",Pitta,Pitta-Vata,6,,Patient presents with moderate Digestive Disorder (Vikara). Season: Hemanta. Dosha predominant: Pitta-Vata.,{}
45cc4c86-eee0-4515-94a3-393d65a763b2,c3030c9a-00cc-4459-b859-fe10292f40d7,2025-12-26T14:30:00,Scoliosis (Kubjata),"Uneven shoulders, back pain, difficulty standing straight",Vata,Vata,9,Diabetes,Patient presents with severe Scoliosis (Kubjata). Season: Hemanta. Dosha predominant: Vata.,{}
5d10b95b-04c5-4eb7-b203-03592863dd05,58306d0e-cb85-40eb-8a2b-c0a098128210,2025-12-23T15:00:00,Anemia (Pandu Roga),"Fatigue, pale skin, shortness of breath",Pitta,Pitta,9,None,Patient presents with severe Anemia (Pandu Roga). Season: Hemanta. Dosha predominant: Pitta.,{}
1f835c6e-0183-4236-bba6-82b82351e894,a1d5c02f-867a-4252-898e-d2989030ad57,2025-12-25T17:00:00,Back Pain (Prishtha Shoola),"Muscle stiffness, difficulty moving",Vata,Vata,3,Diabetes,Patient presents with mild Back Pain (Prishtha Shoola). Season: Hemanta. Dosha predominant: Vata.,{}
99681053-8e26-4fd8-a574-18245996bee4,46e46bdf-2bc4-4d53-9a51-6d108fe6f84b,2025-12-08T15:45:00,Stress (Manasika Tanava),"Anxiety, fatigue, headaches, irritability",Vata,Vata,6,,Patient presents with moderate Stress (Manasika Tanava). Season: Hemanta. Dosha predominant: Vata.,{}
3e254bfc-6f41-4c3a-8d0f-e423a9e6e6c8,b38f1913-34e8-405b-902f-623c470764bf,2025-12-13T16:15:00,Chikungunya (Sandhi Jwara),"Joint pain, fever, rash",Pitta,Vata-Pitta,9,,Patient presents with severe Chikungunya (Sandhi Jwara). Season: Hemanta. Dosha predominant: Vata-Pitta.,{}
8502a6e6-aef3-4604-bb22-778446fdd8f1,4fb5f8e9-de14-4ad2-a28d-8eb25e69f54a,2025-12-23T17:45:00,Sciatica (Gridhrasi),"Lower back pain, pain radiating down the leg",Vata,Vata,3,,Patient presents with mild Sciatica (Gridhrasi). Season: Hemanta. Dosha predominant: Vata.,{}
33fc117b-43a1-4cd9-8098-3ea7e754db7c,16a1de90-da6a-4cc1-9285-5b3be704c9df,2025-12-25T10:00:00,Sciatica (Gridhrasi),"Lower back pain, pain radiating down the leg",Vata,Vata,9,,Patient presents with severe Sciatica (Gridhrasi). Season: Hemanta. Dosha predominant: Vata.,{}
8b162c9c-6e52-4472-a23f-77f03e13aa09,14a18b3c-01bd-4e37-92cb-b0298026958b,2025-12-08T13:45:00,Psoriasis (Kitibha Kushtha),"Red, inflamed skin, scales, itching",Pitta,Pitta,3,,Patient presents with mild Psoriasis (Kitibha Kushtha). Season: Hemanta. Dosha predominant: Pitta.,{}
82dd3b64-0dd7-431b-b9f6-66b14c999f26,2b000529-c39a-466f-8e6b-8fbf79337cf9,2025-12-17T11:00:00,Vitiligo (Shwitra),White patches on the skin,Pitta,Pitta-Vata,3,Diabetes,Patient presents with mild Vitiligo (Shwitra). Season: Hemanta. Dosha predominant: Pitta-Vata.,{}
53d2eb74-5d1c-44cf-b635-7962f9706041,433745ec-d4b7-4131-81ac-776e3c533b33,2025-12-26T14:45:00,Conjunctivitis (Netra Abhishyanda),"Red eyes, itchy eyes, eye discharge",Pitta,Pitta,3,None,Patient presents with mild Conjunctivitis (Netra Abhishyanda). Season: Hemanta. Dosha predominant: Pitta.,{}
10fceffd-0e2a-4076-a1e2-ce856934f40d,f2dfafab-2d92-4755-ba87-5604820b334a,2025-12-18T12:30:00,Chronic Kidney Disease (Vrikka Vaikalya),"Fatigue, swelling, reduced urination",Vata,Vata-Pitta,9,,Patient presents with severe Chronic Kidney Disease (Vrikka Vaikalya). Season: Hemanta. Dosha predominant: Vata-Pitta.,{}
3d48c79b-d771-471a-bb55-1313f3160f26,7ea137f7-1782-473a-86f5-541ea492fa88,2025-12-15T12:30:00,Angina (Hrit Shoola),"Chest pain, shortness of breath, dizziness",Vata,Vata-Kapha,9,,Patient presents with severe Angina (Hrit Shoola). Season: Hemanta. Dosha predominant: Vata-Kapha.,{}
5986368a-fdef-4769-9694-0d1d281f9ec1,a22600b0-f263-4da1-898f-23ceca553d2a,2025-12-25T11:45:00,Fatty Liver (Yakrit Meda Vriddhi),"Fatigue, mild abdominal discomfort",Kapha,Kapha-Pitta,6,Obesity,Patient presents with moderate Fatty Liver (Yakrit Meda Vriddhi). Season: Hemanta. Dosha predominant: Kapha-Pitta.,{}
6e678633-3d0e-43fe-a16d-14c23e24b220,c3030c9a-00cc-4459-b859-fe10292f40d7,2025-12-05T09:30:00,Boils (Vidradhi),"Painful red lumps, pus formation",Pitta,Pitta-Kapha,3,,Patient presents with mild Boils (Vidradhi). Season: Hemanta. Dosha predominant: Pitta-Kapha.,{}
aa6ac8f2-6801-44fa-b236-dfab1c3442f0,f12f6830-837f-4ddc-a09f-d362e7963e46,2025-12-25T16:30:00,Urinary Tract Infection (Mutradaha),"Burning urination, frequent urge, lower abdomen pain",Pitta,Pitta,3,Stress,Patient presents with mild Urinary Tract Infection (Mutradaha). Season: Hemanta. Dosha predominant: Pitta.,{}
c1e01369-d7ba-4999-8f7b-b50f2c49b381,88bbc328-212d-4766-8274-cb8fbab426f0,2025-12-12T13:00:00,Sleep Apnea (Nidra Vaishamya),"Loud snoring, choking during sleep, daytime fatigue",Kapha,Vata-Kapha,6,Diabetes,Patient presents with moderate Sleep Apnea (Nidra Vaishamya). Season: Hemanta. Dosha predominant: Vata-Kapha.,{}
16c0f7b7-e414-41c9-81c1-95d3a19555de,238fd634-88bd-43cc-9426-ecd5dd6df426,2025-12-06T16:45:00,Hyperthyroidism (Atisweda),"Weight loss, anxiety, tremors, rapid heartbeat",Pitta,Pitta,6,Diabetes,Patient presents with moderate Hyperthyroidism (Atisweda). Season: Hemanta. Dosha predominant: Pitta.,{}
9f796244-b201-43f3-befe-784aefaa8fc4,e3a8b40e-104d-49b5-b1fb-9c95e5efd9be,2025-12-25T16:30:00,Cystitis (Mutrakrichra),"Painful urination, frequent urge to urinate",Vata,Vata,6,,Patient presents with moderate Cystitis (Mutrakrichra). Season: Hemanta. Dosha predominant: Vata.,{}
e99b9f32-977b-4d29-84b1-14eb26792f22,2d06814c-d663-4758-9fe6-5eeb4e3b82aa,2025-12-19T17:00:00,Vitiligo (Shwitra),White patches on the skin,Pitta,Pitta-Vata,3,Diabetes,Patient presents with mild Vitiligo (Shwitra). Season: Hemanta. Dosha predominant: Pitta-Vata.,{}
afb87296-18f9-483d-82fd-e5ea96ed56c7,47858567-6aac-44d7-9781-0cc941cbdfe4,2025-12-12T18:30:00,Vertigo (Bhrama),"Dizziness, spinning sensation, nausea",Vata,Vata-Pitta,3,Obesity,Patient presents with mild Vertigo (Bhrama). Season: Hemanta. Dosha predominant: Vata-Pitta.,{}
b3948e88-2e61-4918-a049-3e1dd096e05f,da99b674-4d79-4e03-8869-ecdcce4d9b81,2025-12-03T08:15:00,Sinusitis (Apinasa),"Nasal congestion, facial pain, headaches",Kapha,Vata-Kapha,6,None,Patient presents with moderate Sinusitis (Apinasa). Season: Hemanta. Dosha predominant: Vata-Kapha.,{}
05ae59c3-641e-40b8-b14b-61a4168c0730,7cc5ac08-483b-4e54-8678-f323be76d462,2025-12-17T18:45:00,Menstrual Disorder (Artava Dushti),"Irregular periods, heavy bleeding, cramps",Vata,Vata-Pitta,9,,Patient presents with severe Menstrual Disorder (Artava Dushti). Season: Hemanta. Dosha predominant: Vata-Pitta.,{}
7cad0d23-c431-4642-859e-a59de3190c69,01c540cd-b592-42bd-afc3-b9ec164ec439,2025-12-31T12:45:00,Contact Dermatitis (Sparshaja Kushtha),"Redness, itching, swelling",Pitta,Pitta,6,Obesity,Patient presents with moderate Contact Dermatitis (Sparshaja Kushtha). Season: Hemanta. Dosha predominant: Pitta.,{}
f08ff58b-aa67-455e-98de-8ad2419485cd,0f9da008-7ad8-49b4-b821-7077961a2d89,2025-12-02T10:30:00,Anemia (Pandu Roga),"Fatigue, pale skin, shortness of breath",Pitta,Pitta,9,Diabetes,Patient presents with severe Anemia (Pandu Roga). Season: Hemanta. Dosha predominant: Pitta.,{}
21cd9719-ffba-4039-9f39-fd0978abd67a,0f9da008-7ad8-49b4-b821-7077961a2d89,2025-12-04T10:30:00,Anemia (Pandu Roga),"Fatigue, pale skin, shortness of breath",Pitta,Pitta,9,,Follow-up visit for Anemia (Pandu Roga). Season: Hemanta.,{}
934d4272-7662-461f-be52-1aecd8a7be13,c2bd62d4-1a44-40d8-8141-8e1efbfebfd1,2025-12-19T16:30:00,Stress (Manasika Tanava),"Anxiety, fatigue, headaches, irritability",Vata,Vata,3,Hypertension,Patient presents with mild Stress (Manasika Tanava). Season: Hemanta. Dosha predominant: Vata.,{}
d52261e1-a699-4a0b-a6a9-545ae831ebf1,add4d8f3-f252-4574-b078-08dec70d47b3,2025-12-01T17:15:00,Alopecia (Indralupta),"Hair loss, thinning of scalp",Pitta,Pitta,3,None,Patient presents with mild Alopecia (Indralupta). Season: Hemanta. Dosha predominant: Pitta.,{}
715d9ba4-b7b1-41aa-8859-24ce401a3c78,53db3cd7-08f8-47a6-b232-e756d58e049e,2025-12-06T08:00:00,Frozen Shoulder (Avabahuka),"Shoulder stiffness, restricted movement, pain",Vata,Vata,6,Hypertension,Patient presents with moderate Frozen Shoulder (Avabahuka). Season: Hemanta. Dosha predominant: Vata.,{}
fec0a745-086b-4c36-9c19-79340e4b2aaf,9e41afc4-d4c9-47d4-ab3b-dc6cadb1a142,2025-12-16T13:30:00,Hyperlipidemia (Medo Vriddhi),"Elevated cholesterol, fatigue, chest heaviness",Kapha,Kapha,6,Hypertension,Patient presents with moderate Hyperlipidemia (Medo Vriddhi). Season: Hemanta. Dosha predominant: Kapha.,{}
04c61592-0362-40ed-a80c-00615c2404ec,03bee406-a6c0-4dfb-b6e4-9f31eb880ec8,2025-12-30T10:45:00,Angina (Hrit Shoola),"Chest pain, shortness of breath, dizziness",Vata,Vata-Kapha,6,Hypertension,Patient presents with moderate Angina (Hrit Shoola). Season: Hemanta. Dosha predominant: Vata-Kapha.,{}
53b266ce-db60-476d-8506-37951368a10f,bc05d0f9-c1e1-4e7d-a91a-ff6443a4b966,2025-12-30T13:00:00,Thyroid Disorder (Galaganda Vikara),"Fatigue, weight changes, mood swings, hair loss",Vata,Vata-Pitta,3,Hypertension,Patient presents with mild Thyroid Disorder (Galaganda Vikara). Season: Hemanta. Dosha predominant: Vata-Pitta.,{}
bc3746ea-2b7c-4633-8cce-349b30e37c98,6da786f7-fb9b-4c33-9de1-6b08575ccad3,2025-12-20T13:15:00,Depression (Vishada),"Sadness, loss of interest, fatigue",Vata,Vata-Pitta,6,Hypertension,Patient presents with moderate Depression (Vishada). Season: Hemanta. Dosha predominant: Vata-Pitta.,{}
13fb6447-375d-47bf-8fe0-52c535f8d8a7,d56a8d27-6a5a-4e28-a957-7d883cf46c3c,2025-12-29T17:00:00,Anemia (Pandu Roga),"Fatigue, pale skin, shortness of breath",Pitta,Pitta,3,Hypertension,Patient presents with mild Anemia (Pandu Roga). Season: Hemanta. Dosha predominant: Pitta.,{}
e95b351b-56a7-449b-a719-560cd2b8d62a,7b2929b3-4baf-4ca3-b9da-56df7d7ca10c,2025-07-06T11:06:56.260011,Fever (Jwara),"High temperature, chills, body ache, fatigue, sweating",Pitta,Vata,Mild,,"Weekly-seed record (v2, organic) - week 1/52",{}
d5e8c69f-3c82-4c4f-ae3e-d01e0b50c091,1888f6f7-5d27-4a5a-9f07-399bf5c9b2ed,2025-07-04T11:06:56.260011,Fever (Jwara),"High temperature, chills, body ache, fatigue, sweating",Pitta-Kapha,Vata,Severe,,"Weekly-seed record (v2, organic) - week 1/52",{}
68b2fc03-228e-4c53-b5ee-d29870c87eea,bd4edcfc-e63c-453c-8f52-da5b28ca241f,2025-07-04T11:06:56.260011,Fever (Jwara),"High temperature, chills, body ache, fatigue, sweating",Vata,Vata,Mild,,"Weekly-seed record (v2, organic) - week 1/52",{}
4c3c184d-82e8-4b93-939a-a38e9297d842,05c5d18d-77f0-4ca4-b2cb-7190f17e2181,2025-07-08T11:06:56.260011,Fever (Jwara),"High temperature, chills, body ache, fatigue, sweating",Pitta-Kapha,Vata,Severe,,"Weekly-seed record (v2, organic) - week 1/52",{}
48cc336a-ce5c-40ce-b5a2-0dd49c72dfee,ea365643-5144-4395-959b-53649d2a3c81,2025-07-16T11:06:56.260011,Fever (Jwara),"High temperature, chills, body ache, fatigue, sweating",Pitta-Kapha,Pitta,Mild,,"Weekly-seed record (v2, organic) - week 2/52",{}
777179aa-98bc-42f2-9594-19b6f8dc15b8,206f1ad5-f9e8-456a-b1a9-31c02dd82240,2025-07-15T11:06:56.260011,Fever (Jwara),"High temperature, chills, body ache, fatigue, sweating",Kapha,Vata,Mild,,"Weekly-seed record (v2, organic) - week 2/52",{}
c3e7c5c3-84ad-4443-a6f0-c9d14bd49aa2,30fffb9a-8b9f-43d0-951f-ded1ffe7927f,2025-07-14T11:06:56.260011,Fever (Jwara),"High temperature, chills, body ache, fatigue, sweating",Kapha,Pitta,Mild,,"Weekly-seed record (v2, organic) - week 2/52",{}
5235c2f0-12e0-4f74-8f0f-f9b9862756db,310f9b10-b619-47ee-b429-3e77ea1012c0,2025-07-24T11:06:56.260011,Fever (Jwara),"High temperature, chills, body ache, fatigue, sweating",Kapha,Vata,Mild,,"Weekly-seed record (v2, organic) - week 3/52",{}
c5a9dd67-1360-4974-a4dc-a83a66f4cba9,88641111-ea6f-4e88-b7b8-ee4f8ca972fc,2025-07-25T11:06:56.260011,Fever (Jwara),"High temperature, chills, body ache, fatigue, sweating",Kapha,Pitta,Severe,,"Weekly-seed record (v2, organic) - week 4/52",{}
8cadde01-7133-4e61-b542-a8efa921c7c5,5b077a5a-6fe9-449a-b002-65fa60750bef,2025-07-31T11:06:56.260011,Fever (Jwara),"High temperature, chills, body ache, fatigue, sweating",Vata,Kapha,Moderate,,"Weekly-seed record (v2, organic) - week 4/52",{}
f3bb89a3-970b-409b-802e-83b715debe04,91a480dd-a69f-46da-b123-1aa2299411b5,2025-07-25T11:06:56.260011,Fever (Jwara),"High temperature, chills, body ache, fatigue, sweating",Vata-Pitta,Vata,Severe,,"Weekly-seed record (v2, organic) - week 4/52",{}
4e4eab1f-3f0a-42ed-9819-bd098b21a46b,d6179aa1-4fd3-497b-8a02-57c8a3180ac7,2025-07-31T11:06:56.260011,Fever (Jwara),"High temperature, chills, body ache, fatigue, sweating",Pitta-Kapha,Pitta,Severe,,"Weekly-seed record (v2, organic) - week 4/52",{}
3a917e9a-f5ca-4436-9928-d60499defc6a,3f14a281-95de-4e41-a0d0-48c329c09fd3,2025-08-06T11:06:56.260011,Fever (Jwara),"High temperature, chills, body ache, fatigue, sweating",Vata,Vata,Severe,,"Weekly-seed record (v2, organic) - week 5/52",{}
5d75e97d-a92b-4d79-954d-2cb87b3dcfd2,110486cb-89d7-4fc5-9304-4fd3c9a914d9,2025-08-14T11:06:56.260011,Fever (Jwara),"High temperature, chills, body ache, fatigue, sweating",Kapha,Vata,Mild,,"Weekly-seed record (v2, organic) - week 6/52",{}
f1714463-e51c-41f5-b8b8-4a90860ff524,d31d254c-6cfa-4441-b2eb-6b7271754bcb,2025-08-08T11:06:56.260011,Fever (Jwara),"High temperature, chills, body ache, fatigue, sweating",Vata-Pitta,Pitta,Moderate,,"Weekly-seed record (v2, organic) - week 6/52",{}
fbb15cdb-2ae1-45d4-adcf-16b99fabf598,0444f304-d2d5-4eef-9df4-4b38f0712c46,2025-08-14T11:06:56.260011,Fever (Jwara),"High temperature, chills, body ache, fatigue, sweating",Kapha,Vata,Moderate,,"Weekly-seed record (v2, organic) - week 6/52",{}
aed0043a-8ca5-454c-8c5a-8f50ae1ab35e,7405f515-8d14-4922-85b9-32970e01833d,2025-08-16T11:06:56.260011,Fever (Jwara),"High temperature, chills, body ache, fatigue, sweating",Kapha,Kapha,Severe,,"Weekly-seed record (v2, organic) - week 7/52",{}
1f5cd3e9-ca3d-4d85-86a4-5ca6aad75470,b06ccf5e-882a-4bed-86d7-0ffbe31ddc55,2025-08-15T11:06:56.260011,Fever (Jwara),"High temperature, chills, body ache, fatigue, sweating",Pitta-Kapha,Kapha,Mild,,"Weekly-seed record (v2, organic) - week 7/52",{}
46574b54-7abd-4ef1-bdf9-97902ceb1c1f,96e34006-b83d-4ed5-873a-ba11cd16085d,2025-08-20T11:06:56.260011,Fever (Jwara),"High temperature, chills, body ache, fatigue, sweating",Pitta,Vata,Moderate,,"Weekly-seed record (v2, organic) - week 7/52",{}
a7e387ab-b6ee-48e7-896f-659d76470e43,84b3d9b8-1061-4fd3-a3c1-ed87d0a9f2ce,2025-08-24T11:06:56.260011,Fever (Jwara),"High temperature, chills, body ache, fatigue, sweating",Pitta-Kapha,Vata,Severe,,"Weekly-seed record (v2, organic) - week 8/52",{}
1745f7ae-f91a-474d-9691-e38bff1c52fb,1874156a-6013-44a9-8704-1c2cc2682f19,2025-09-11T11:06:56.260011,Fever (Jwara),"High temperature, chills, body ache, fatigue, sweating",Vata,Vata,Mild,,"Weekly-seed record (v2, organic) - week 10/52",{}
cacebe8a-6264-4be3-b386-6b951335bb7c,82129659-a2bc-45e8-b145-d604b3235ba1,2025-09-07T11:06:56.260011,Fever (Jwara),"High temperature, chills, body ache, fatigue, sweating",Vata-Pitta,Pitta,Mild,,"Weekly-seed record (v2, organic) - week 10/52",{}
8e97841c-7cfe-4461-b1b9-335e808c1a62,14d6fe6c-251d-4094-a395-154f42ccae76,2025-09-09T11:06:56.260011,Fever (Jwara),"High temperature, chills, body ache, fatigue, sweating",Kapha,Vata,Severe,,"Weekly-seed record (v2, organic) - week 10/52",{}
5052abdd-d68b-4662-b2c2-53a349c1880c,4aa261c2-0f23-4652-a36b-e3e337f22bc0,2025-09-15T11:06:56.260011,Fever (Jwara),"High temperature, chills, body ache, fatigue, sweating",Vata-Pitta,Vata,Moderate,,"Weekly-seed record (v2, organic) - week 11/52",{}
873ad331-34ea-4058-bfd3-419051eb8b3f,bc05d0f9-c1e1-4e7d-a91a-ff6443a4b966,2025-09-20T11:06:56.260011,Fever (Jwara),"High temperature, chills, body ache, fatigue, sweating",Pitta-Kapha,Kapha,Moderate,,"Weekly-seed record (v2, organic) - week 12/52",{}
0f1296cf-f896-4d8c-9f79-660a6486ec0b,ef288a4a-96e6-4c3e-94f5-96bc406e0134,2025-09-30T11:06:56.260011,Fever (Jwara),"High temperature, chills, body ache, fatigue, sweating",Vata-Pitta,Kapha,Moderate,,"Weekly-seed record (v2, organic) - week 13/52",{}
30ddf882-a0bc-49ce-9302-1667629d8b8a,512ff615-7fc3-4c20-b3ab-ae3f16470b94,2025-10-04T11:06:56.260011,Fever (Jwara),"High temperature, chills, body ache, fatigue, sweating",Pitta,Kapha,Moderate,,"Weekly-seed record (v2, organic) - week 14/52",{}
b72f4179-da8f-4481-a800-0044b5cce07d,de8c425a-ae57-449d-b012-9de69e1d4432,2025-10-09T11:06:56.260011,Fever (Jwara),"High temperature, chills, body ache, fatigue, sweating",Vata,Vata,Mild,,"Weekly-seed record (v2, organic) - week 14/52",{}
3d9c80e5-4ba9-471a-af91-6f2f9ddab9a3,71ea6e60-7682-4ad2-bcdb-684c24439b95,2025-10-04T11:06:56.260011,Fever (Jwara),"High temperature, chills, body ache, fatigue, sweating",Vata-Pitta,Kapha,Mild,,"Weekly-seed record (v2, organic) - week 14/52",{}
02b2b069-fdf7-421f-b293-c490e4e41b11,5f050a4d-2240-4de3-86ad-cf19f243d441,2025-10-13T11:06:56.260011,Fever (Jwara),"High temperature, chills, body ache, fatigue, sweating",Pitta-Kapha,Pitta,Severe,,"Weekly-seed record (v2, organic) - week 15/52",{}
140718a4-ea2f-4d76-af25-7305a1dc99a5,a2d405ec-bdfc-4233-bb30-6efca2da2d9e,2025-10-14T11:06:56.260011,Fever (Jwara),"High temperature, chills, body ache, fatigue, sweating",Vata,Kapha,Severe,,"Weekly-seed record (v2, organic) - week 15/52",{}
784f902f-b22d-4465-a01a-d0d37ad20cfb,9e5c2e10-0b35-4031-80d7-6b41a8a7eb71,2025-10-15T11:06:56.260011,Fever (Jwara),"High temperature, chills, body ache, fatigue, sweating",Pitta-Kapha,Pitta,Severe,,"Weekly-seed record (v2, organic) - week 15/52",{}
45be058b-cd1d-495b-936d-0d2be2e5e489,0607d575-d9a3-421c-aa70-86cbfe8b59f4,2025-10-17T11:06:56.260011,Fever (Jwara),"High temperature, chills, body ache, fatigue, sweating",Kapha,Pitta,Mild,,"Weekly-seed record (v2, organic) - week 16/52",{}
d410572a-af99-4a2c-8796-b207da629f58,809d0f5a-db30-4e49-b921-50b7688e7258,2025-10-17T11:06:56.260011,Fever (Jwara),"High temperature, chills, body ache, fatigue, sweating",Kapha,Kapha,Mild,,"Weekly-seed record (v2, organic) - week 16/52",{}
24add382-2140-48a4-bf9c-765b791b1f70,2a0f500f-084e-4f26-a3bd-84c6460e3142,2025-10-24T11:06:56.260011,Fever (Jwara),"High temperature, chills, body ache, fatigue, sweating",Kapha,Kapha,Severe,,"Weekly-seed record (v2, organic) - week 17/52",{}
79863906-e3c5-4d8c-aae7-d9f2d8c26f1c,e8fc7959-0c7d-4af4-a794-219eefc066e0,2025-11-01T11:06:56.260011,Fever (Jwara),"High temperature, chills, body ache, fatigue, sweating",Pitta,Pitta,Mild,,"Weekly-seed record (v2, organic) - week 18/52",{}
bf55cb6e-b6b5-4948-a733-72e71650e18a,5d06de21-5511-4e3a-91bc-0f208f29439b,2025-11-06T11:06:56.260011,Fever (Jwara),"High temperature, chills, body ache, fatigue, sweating",Pitta-Kapha,Vata,Severe,,"Weekly-seed record (v2, organic) - week 18/52",{}
c2e83b0f-0130-4f86-aba2-3a53c2911c83,fce7a316-7a3c-4e5c-a936-2bdfb6b526e5,2025-11-03T11:06:56.260011,Fever (Jwara),"High temperature, chills, body ache, fatigue, sweating",Vata,Vata,Moderate,,"Weekly-seed record (v2, organic) - week 18/52",{}
b6053cd6-71a1-4045-a185-ec5df3e570b4,70011745-1ada-4382-993a-94af2f6eb587,2025-11-06T11:06:56.260011,Fever (Jwara),"High temperature, chills, body ache, fatigue, sweating",Kapha,Vata,Mild,,"Weekly-seed record (v2, organic) - week 18/52",{}
3288a2e6-0157-40ac-94d2-164eeea3c22e,5b649c9e-2cf1-4dc6-ba33-7e996ad77ef6,2025-11-11T11:06:56.260011,Fever (Jwara),"High temperature, chills, body ache, fatigue, sweating",Vata,Vata,Severe,,"Weekly-seed record (v2, organic) - week 19/52",{}
673f1f6b-ea1c-4a48-9589-5f28fa5e4814,9d059f9d-dc90-46b8-92bd-4a294d0300d0,2025-11-27T11:06:56.260011,Fever (Jwara),"High temperature, chills, body ache, fatigue, sweating",Vata,Kapha,Mild,,"Weekly-seed record (v2, organic) - week 21/52",{}
c99480e0-e395-435f-9f87-46d9f5722149,4a13bf4f-03a9-451f-ae11-e54a099b2603,2025-11-26T11:06:56.260011,Fever (Jwara),"High temperature, chills, body ache, fatigue, sweating",Vata-Pitta,Kapha,Mild,,"Weekly-seed record (v2, organic) - week 21/52",{}
72cb0ad3-856c-4af1-a44c-ea9c23ea3469,12598192-23f4-4589-8394-9cb8dd1c3e61,2025-12-02T11:06:56.260011,Fever (Jwara),"High temperature, chills, body ache, fatigue, sweating",Pitta-Kapha,Pitta,Mild,,"Weekly-seed record (v2, organic) - week 22/52",{}
73b15b89-3b1f-433e-95db-38efbda25b54,5d06de21-5511-4e3a-91bc-0f208f29439b,2025-12-04T11:06:56.260011,Fever (Jwara),"High temperature, chills, body ache, fatigue, sweating",Pitta,Kapha,Moderate,,"Weekly-seed record (v2, organic) - week 22/52",{}
c09d69b9-f240-488a-9821-79f149534804,7a255235-be19-4fef-9cfa-dfe170fe6ff9,2025-12-03T11:06:56.260011,Fever (Jwara),"High temperature, chills, body ache, fatigue, sweating",Kapha,Pitta,Severe,,"Weekly-seed record (v2, organic) - week 22/52",{}
3f806b56-a266-49d0-8553-769fd01211ee,c549a658-4581-40d1-b0a2-3b3070b94950,2025-12-05T11:06:56.260011,Fever (Jwara),"High temperature, chills, body ache, fatigue, sweating",Pitta,Vata,Mild,,"Weekly-seed record (v2, organic) - week 23/52",{}
54db4405-f04d-48d7-9701-5d0fa93cab25,47b82b89-25d8-4641-82db-29c85c78a0a8,2025-12-12T11:06:56.260011,Fever (Jwara),"High temperature, chills, body ache, fatigue, sweating",Pitta-Kapha,Kapha,Mild,,"Weekly-seed record (v2, organic) - week 24/52",{}
9300e1fa-d110-44a3-bebe-bdf29e50ecd3,11bf2eac-aa7a-4ba7-bbce-d04555359cd7,2025-12-20T11:06:56.260011,Fever (Jwara),"High temperature, chills, body ache, fatigue, sweating",Vata,Vata,Severe,,"Weekly-seed record (v2, organic) - week 25/52",{}
7c4668bc-26b5-4874-98c8-ce26b1e09d1c,f63d7a99-d9a3-4001-815a-e87596bbdf9e,2025-12-19T11:06:56.260011,Fever (Jwara),"High temperature, chills, body ache, fatigue, sweating",Pitta,Vata,Mild,,"Weekly-seed record (v2, organic) - week 25/52",{}
23ddbf8c-b853-4a7e-8e1e-4c79ae61499b,ed68d180-35ef-42c4-9fb5-95ca08981a13,2026-01-04T11:06:56.260011,Fever (Jwara),"High temperature, chills, body ache, fatigue, sweating",Vata,Kapha,Mild,,"Weekly-seed record (v2, organic) - week 27/52",{}
a179e565-b4ae-4bfa-a7b8-3f475087a7a2,2823a9a6-c335-4e0b-be69-9e8659688f17,2026-01-14T11:06:56.260011,Fever (Jwara),"High temperature, chills, body ache, fatigue, sweating",Vata-Pitta,Vata,Severe,,"Weekly-seed record (v2, organic) - week 28/52",{}
983b1009-ae55-419c-9858-b7337fa5d5b3,cc7d2039-de65-4375-81ea-5c175caa1724,2026-01-14T11:06:56.260011,Fever (Jwara),"High temperature, chills, body ache, fatigue, sweating",Pitta-Kapha,Kapha,Moderate,,"Weekly-seed record (v2, organic) - week 28/52",{}
2353048c-3b7f-41cf-aef9-ca94b2f7d39f,f11f882e-26dd-41e5-87c1-1afec3409011,2026-01-15T11:06:56.260011,Fever (Jwara),"High temperature, chills, body ache, fatigue, sweating",Vata-Pitta,Pitta,Mild,,"Weekly-seed record (v2, organic) - week 28/52",{}
5136bea2-fa1a-467f-a7f6-8b1e4a5f44e7,f8af0b06-2aa7-4127-9b25-329f239407ef,2026-01-09T11:06:56.260011,Fever (Jwara),"High temperature, chills, body ache, fatigue, sweating",Vata-Pitta,Pitta,Moderate,,"Weekly-seed record (v2, organic) - week 28/52",{}
4603cd5f-1145-44d4-9718-f6960c49f357,8a353a2d-fb96-4f8e-bc81-d2f296f19176,2026-01-19T11:06:56.260011,Fever (Jwara),"High temperature, chills, body ache, fatigue, sweating",Vata,Kapha,Severe,,"Weekly-seed record (v2, organic) - week 29/52",{}
52fb6c6b-f814-42ea-a18a-598d750d9bd0,fddd652b-0e02-426b-bb0d-2a92f9a6f39d,2026-02-06T11:06:56.260011,Fever (Jwara),"High temperature, chills, body ache, fatigue, sweating",Vata,Pitta,Severe,,"Weekly-seed record (v2, organic) - week 32/52",{}
ab5853f1-2c56-45c8-803d-cc7a7aba6bd7,cdc53634-b109-4a90-9e24-27af7ec732bd,2026-02-12T11:06:56.260011,Fever (Jwara),"High temperature, chills, body ache, fatigue, sweating",Vata,Vata,Mild,,"Weekly-seed record (v2, organic) - week 32/52",{}
50e7f766-a007-4a3f-a27a-ba591a809e32,7508f0b0-2fd4-41c9-90c3-68a5827679d9,2026-02-17T11:06:56.260011,Fever (Jwara),"High temperature, chills, body ache, fatigue, sweating",Vata-Pitta,Vata,Moderate,,"Weekly-seed record (v2, organic) - week 33/52",{}
8fe380d3-dd44-4aa6-a024-e240deed5ea1,bec8f8dc-8bc0-4e66-8d58-6217912f5434,2026-02-22T11:06:56.260011,Fever (Jwara),"High temperature, chills, body ache, fatigue, sweating",Vata-Pitta,Vata,Mild,,"Weekly-seed record (v2, organic) - week 34/52",{}
bbaad3f9-9025-4d18-97cf-149786dec7db,76eba188-faa0-49cd-9906-612cdc7d866c,2026-02-26T11:06:56.260011,Fever (Jwara),"High temperature, chills, body ache, fatigue, sweating",Pitta-Kapha,Vata,Mild,,"Weekly-seed record (v2, organic) - week 34/52",{}
1799ea3d-3cd0-4940-a9b5-c0adaf63a054,831377bd-c805-4dc2-8ad9-463f41aaa542,2026-03-03T11:06:56.260011,Fever (Jwara),"High temperature, chills, body ache, fatigue, sweating",Vata,Vata,Mild,,"Weekly-seed record (v2, organic) - week 35/52",{}
dad44c44-8ece-4fc9-bb92-4160e89633f6,c537d593-0428-49b2-8591-d1d72fd039c9,2026-03-02T11:06:56.260011,Fever (Jwara),"High temperature, chills, body ache, fatigue, sweating",Vata-Pitta,Pitta,Mild,,"Weekly-seed record (v2, organic) - week 35/52",{}
b6a8b6b7-320c-446f-820d-5f3e7caf7dc5,406c7e48-9304-446f-b8e1-725230853684,2026-03-23T11:06:56.260011,Fever (Jwara),"High temperature, chills, body ache, fatigue, sweating",Vata,Vata,Moderate,,"Weekly-seed record (v2, organic) - week 38/52",{}
298a0303-48aa-4d1b-9c0d-fedbb90aa1f9,af1b036f-15ce-4bee-90c9-6f5c85362c5e,2026-03-23T11:06:56.260011,Fever (Jwara),"High temperature, chills, body ache, fatigue, sweating",Kapha,Pitta,Moderate,,"Weekly-seed record (v2, organic) - week 38/52",{}
4f706110-8185-4e76-a635-e5396f9647d0,e1cee793-006f-47b4-9577-96447819dc3b,2026-03-25T11:06:56.260011,Fever (Jwara),"High temperature, chills, body ache, fatigue, sweating",Pitta-Kapha,Kapha,Severe,,"Weekly-seed record (v2, organic) - week 38/52",{}
07205dce-368a-48ae-a3d9-84d124e17694,a8875edb-f381-4a2e-be33-fbaa2694b26f,2026-03-28T11:06:56.260011,Fever (Jwara),"High temperature, chills, body ache, fatigue, sweating",Pitta,Pitta,Mild,,"Weekly-seed record (v2, organic) - week 39/52",{}
6e92679b-9bb1-4880-9e75-26605648d43e,25458f40-d1e1-4834-91f1-67b8acd5acf6,2026-03-31T11:06:56.260011,Fever (Jwara),"High temperature, chills, body ache, fatigue, sweating",Pitta-Kapha,Vata,Severe,,"Weekly-seed record (v2, organic) - week 39/52",{}
5fd7bb00-1815-4bf8-9eb6-56660f59abe1,f7eb68cd-37f7-4230-acc4-08fe206e93f8,2026-03-27T11:06:56.260011,Fever (Jwara),"High temperature, chills, body ache, fatigue, sweating",Vata,Kapha,Moderate,,"Weekly-seed record (v2, organic) - week 39/52",{}
2fe4e203-00c4-4703-a736-0cf9202ce4b8,4653b874-76ef-4791-bf8b-2d45a80ce416,2026-04-02T11:06:56.260011,Fever (Jwara),"High temperature, chills, body ache, fatigue, sweating",Pitta-Kapha,Vata,Mild,,"Weekly-seed record (v2, organic) - week 39/52",{}
83b6f431-edbb-4d2a-bad3-f46b7ed436d6,b5baa886-12fe-4c5c-8151-6c2f72c3c2b1,2026-04-10T11:06:56.260011,Fever (Jwara),"High temperature, chills, body ache, fatigue, sweating",Pitta,Vata,Severe,,"Weekly-seed record (v2, organic) - week 41/52",{}
c2169a25-23b0-4472-8faa-9a3708aaeda9,870d7afe-c6c2-4882-9958-af76ea166c67,2026-04-15T11:06:56.260011,Fever (Jwara),"High temperature, chills, body ache, fatigue, sweating",Pitta,Pitta,Mild,,"Weekly-seed record (v2, organic) - week 41/52",{}
70dbb81a-f405-4fc6-a6c3-04422455bafd,88bbc328-212d-4766-8274-cb8fbab426f0,2026-04-18T11:06:56.260011,Fever (Jwara),"High temperature, chills, body ache, fatigue, sweating",Pitta-Kapha,Kapha,Mild,,"Weekly-seed record (v2, organic) - week 42/52",{}
4dbd922f-73eb-403e-82a5-b8dca1a302f3,bd0e5a8b-16d4-4f02-aa4f-c54dc2d79ba8,2026-05-01T11:06:56.260011,Fever (Jwara),"High temperature, chills, body ache, fatigue, sweating",Vata-Pitta,Kapha,Severe,,"Weekly-seed record (v2, organic) - week 44/52",{}
6cc72f0f-222b-4fb0-b4d8-9eee2bedaa01,17562084-958d-47fa-9dc6-e2b6ad96a638,2026-05-05T11:06:56.260011,Fever (Jwara),"High temperature, chills, body ache, fatigue, sweating",Kapha,Pitta,Mild,,"Weekly-seed record (v2, organic) - week 44/52",{}
1a715b3e-019b-4d86-a68c-44882592e3f3,1c1ced8e-3f9e-4ab9-9c10-f62a266ef8a5,2026-05-06T11:06:56.260011,Fever (Jwara),"High temperature, chills, body ache, fatigue, sweating",Kapha,Vata,Moderate,,"Weekly-seed record (v2, organic) - week 44/52",{}
53765677-e338-4132-8c9f-9a8e44f6bd08,ba6b11df-f10b-4b84-b644-570db0900c82,2026-05-02T11:06:56.260011,Fever (Jwara),"High temperature, chills, body ache, fatigue, sweating",Kapha,Pitta,Moderate,,"Weekly-seed record (v2, organic) - week 44/52",{}
7b207547-ae8a-4d94-b229-3b492d5dd45a,6d24b306-4259-41cd-ade2-c841be7f108b,2026-05-08T11:06:56.260011,Fever (Jwara),"High temperature, chills, body ache, fatigue, sweating",Vata,Pitta,Severe,,"Weekly-seed record (v2, organic) - week 45/52",{}
d99a6f50-f4d2-43d6-aa50-7debf8772cda,57320573-a73d-43f2-88f3-ca2732a6465b,2026-05-08T11:06:56.260011,Fever (Jwara),"High temperature, chills, body ache, fatigue, sweating",Vata,Kapha,Mild,,"Weekly-seed record (v2, organic) - week 45/52",{}
f87c9d4e-2375-4775-8572-9779ba5dc951,2cc5a09b-75f3-42dd-a323-981481ada4e4,2026-05-17T11:06:56.260011,Fever (Jwara),"High temperature, chills, body ache, fatigue, sweating",Pitta,Pitta,Mild,,"Weekly-seed record (v2, organic) - week 46/52",{}
fcda2219-e9b7-4139-9f14-8e632cdb5867,1535ee5a-0d55-461c-b6a7-728d12046189,2026-05-24T11:06:56.260011,Fever (Jwara),"High temperature, chills, body ache, fatigue, sweating",Kapha,Vata,Moderate,,"Weekly-seed record (v2, organic) - week 47/52",{}
1732fff7-2d24-40ea-b7e8-5fdd7df81110,ec2a5f5a-8f75-4def-819b-26cb5a3fe120,2026-06-16T11:06:56.260011,Fever (Jwara),"High temperature, chills, body ache, fatigue, sweating",Kapha,Kapha,Severe,,"Weekly-seed record (v2, organic) - week 50/52",{}
aca2c9e1-f1a2-43d1-84bf-d26150c02639,46a77e6b-5f8d-4c15-90f9-b457ebbd9c27,2026-06-19T11:06:56.260011,Fever (Jwara),"High temperature, chills, body ache, fatigue, sweating",Pitta-Kapha,Pitta,Severe,,"Weekly-seed record (v2, organic) - week 51/52",{}
433e1cbc-c155-4ab5-90ef-7f0f8afeac36,f412905e-0312-4275-bead-fe190253ba3d,2026-06-20T11:06:56.260011,Fever (Jwara),"High temperature, chills, body ache, fatigue, sweating",Kapha,Vata,Mild,,"Weekly-seed record (v2, organic) - week 51/52",{}
30778c09-bebd-4d65-8744-f4b9a4664d08,b45a0641-3cff-4e1a-8bce-40a8df3fa799,2026-06-30T11:06:56.260011,Fever (Jwara),"High temperature, chills, body ache, fatigue, sweating",Pitta,Pitta,Moderate,,"Weekly-seed record (v2, organic) - week 52/52",{}
1f7e93d2-b5a0-46ba-8c2f-fe93efca3d7f,022858d9-cc53-4068-8aab-09925dbcc4c6,2025-07-05T11:06:56.260011,Rhinitis (Pratishyaya),"Runny nose, blocked nose, sneezing, post-nasal drip",Kapha,Kapha,Moderate,,"Weekly-seed record (v2, organic) - week 1/52",{}
ba78459a-7839-4949-b44e-38e32648f2cc,a2d405ec-bdfc-4233-bb30-6efca2da2d9e,2025-07-10T11:06:56.260011,Rhinitis (Pratishyaya),"Runny nose, blocked nose, sneezing, post-nasal drip",Vata,Vata,Severe,,"Weekly-seed record (v2, organic) - week 1/52",{}
063488ee-c352-4a9a-a1a9-37757952f403,e1cee793-006f-47b4-9577-96447819dc3b,2025-07-10T11:06:56.260011,Rhinitis (Pratishyaya),"Runny nose, blocked nose, sneezing, post-nasal drip",Kapha,Vata,Mild,,"Weekly-seed record (v2, organic) - week 1/52",{}
89348024-5a4c-49ee-a697-e4b36351dd54,9509f19c-cdfa-4a37-99e0-58e973943b77,2025-07-17T11:06:56.260011,Rhinitis (Pratishyaya),"Runny nose, blocked nose, sneezing, post-nasal drip",Pitta,Kapha,Moderate,,"Weekly-seed record (v2, organic) - week 2/52",{}
3b3c5d5f-2815-491b-900d-be405b32bee7,4d737da3-8995-44ba-ae7f-adf70b4741c7,2025-07-16T11:06:56.260011,Rhinitis (Pratishyaya),"Runny nose, blocked nose, sneezing, post-nasal drip",Vata-Pitta,Kapha,Severe,,"Weekly-seed record (v2, organic) - week 2/52",{}
ef5af400-e187-4582-8b1e-41eb11014d75,51041b61-94a8-4639-9097-492d572b5ce4,2025-07-15T11:06:56.260011,Rhinitis (Pratishyaya),"Runny nose, blocked nose, sneezing, post-nasal drip",Vata,Vata,Mild,,"Weekly-seed record (v2, organic) - week 2/52",{}
bd0c0243-5d40-4099-b91e-23f7422cbd19,7c807a94-9bea-4a7a-9ef2-4a4c33a61949,2025-07-19T11:06:56.260011,Rhinitis (Pratishyaya),"Runny nose, blocked nose, sneezing, post-nasal drip",Pitta-Kapha,Vata,Moderate,,"Weekly-seed record (v2, organic) - week 3/52",{}
f6c92675-f4e9-456d-9858-f182aaf7bf9b,ea941aad-c397-4656-bd2d-d1e4ca74eec0,2025-07-29T11:06:56.260011,Rhinitis (Pratishyaya),"Runny nose, blocked nose, sneezing, post-nasal drip",Pitta,Pitta,Mild,,"Weekly-seed record (v2, organic) - week 4/52",{}
540fee30-074c-4da3-94e4-9e64f26eca12,41e9605c-8948-4f5a-94d3-e43cb80d992f,2025-07-27T11:06:56.260011,Rhinitis (Pratishyaya),"Runny nose, blocked nose, sneezing, post-nasal drip",Kapha,Vata,Moderate,,"Weekly-seed record (v2, organic) - week 4/52",{}
c0c3dc37-56b0-49f4-9dd0-848e75ffdc65,8c9458b8-cff3-418f-8352-96195cf3aa24,2025-08-13T11:06:56.260011,Rhinitis (Pratishyaya),"Runny nose, blocked nose, sneezing, post-nasal drip",Pitta,Kapha,Mild,,"Weekly-seed record (v2, organic) - week 6/52",{}
aa33ddee-1c68-4654-9b7a-45fa7ea8021b,ee7fff89-d270-47a1-bca2-ea620d09864f,2025-08-14T11:06:56.260011,Rhinitis (Pratishyaya),"Runny nose, blocked nose, sneezing, post-nasal drip",Pitta-Kapha,Pitta,Severe,,"Weekly-seed record (v2, organic) - week 6/52",{}
94849d55-2a45-49f5-9b9a-9a6537bd2283,105a5b65-a437-464b-8446-7d83959cbb15,2025-08-16T11:06:56.260011,Rhinitis (Pratishyaya),"Runny nose, blocked nose, sneezing, post-nasal drip",Pitta,Vata,Mild,,"Weekly-seed record (v2, organic) - week 7/52",{}
a39818d6-e680-425a-89a6-50fedeeb3ab1,9f848fca-57e9-4bea-80b2-27b3643ba6a3,2025-08-22T11:06:56.260011,Rhinitis (Pratishyaya),"Runny nose, blocked nose, sneezing, post-nasal drip",Pitta,Kapha,Moderate,,"Weekly-seed record (v2, organic) - week 8/52",{}
2386342a-f8cd-484f-b154-1d93fde1b29c,96f3965f-35b1-41f4-9439-58c245660cec,2025-08-25T11:06:56.260011,Rhinitis (Pratishyaya),"Runny nose, blocked nose, sneezing, post-nasal drip",Pitta,Pitta,Mild,,"Weekly-seed record (v2, organic) - week 8/52",{}
28b7ecb4-20de-4ff3-acec-d572564d4b35,53db3cd7-08f8-47a6-b232-e756d58e049e,2025-09-03T11:06:56.260011,Rhinitis (Pratishyaya),"Runny nose, blocked nose, sneezing, post-nasal drip",Vata,Pitta,Mild,,"Weekly-seed record (v2, organic) - week 9/52",{}
a13ac400-45c4-4014-bf8e-b2f575230e33,a2863a16-b7d3-4555-af5e-b7b0d342a0b2,2025-09-01T11:06:56.260011,Rhinitis (Pratishyaya),"Runny nose, blocked nose, sneezing, post-nasal drip",Pitta,Vata,Moderate,,"Weekly-seed record (v2, organic) - week 9/52",{}
e3fe2c6a-030e-413c-a8b8-5db21a164a72,5f999622-7d9c-4b02-b29b-67df78fc574e,2025-09-07T11:06:56.260011,Rhinitis (Pratishyaya),"Runny nose, blocked nose, sneezing, post-nasal drip",Pitta,Vata,Mild,,"Weekly-seed record (v2, organic) - week 10/52",{}
13fff584-2d97-4d2e-9606-afb517efae59,09e9310f-703f-4138-9a6a-a567754bc701,2025-09-06T11:06:56.260011,Rhinitis (Pratishyaya),"Runny nose, blocked nose, sneezing, post-nasal drip",Vata-Pitta,Pitta,Moderate,,"Weekly-seed record (v2, organic) - week 10/52",{}
4d4d2834-a189-4e8c-8587-8f271f25bc15,406c7e48-9304-446f-b8e1-725230853684,2025-09-12T11:06:56.260011,Rhinitis (Pratishyaya),"Runny nose, blocked nose, sneezing, post-nasal drip",Kapha,Pitta,Severe,,"Weekly-seed record (v2, organic) - week 11/52",{}
1b418bc5-2251-4eb7-9e72-69683910aa40,4dd3be8c-41fa-44a5-9b76-7699fb405460,2025-09-15T11:06:56.260011,Rhinitis (Pratishyaya),"Runny nose, blocked nose, sneezing, post-nasal drip",Pitta-Kapha,Pitta,Mild,,"Weekly-seed record (v2, organic) - week 11/52",{}
f645b1c1-8334-4a6f-9f53-1b626a328050,6bdf1d70-531f-44b3-b456-2544d6fc76f9,2025-09-14T11:06:56.260011,Rhinitis (Pratishyaya),"Runny nose, blocked nose, sneezing, post-nasal drip",Pitta,Kapha,Moderate,,"Weekly-seed record (v2, organic) - week 11/52",{}
08731fcb-1433-4d7f-895c-8bf1284ef382,0e355b07-5976-4177-bc19-cc009bc22b31,2025-09-19T11:06:56.260011,Rhinitis (Pratishyaya),"Runny nose, blocked nose, sneezing, post-nasal drip",Pitta-Kapha,Pitta,Moderate,,"Weekly-seed record (v2, organic) - week 12/52",{}
39316b15-e56a-44a8-9d90-f58d115e6237,c00e0328-4da5-463d-ab77-57effef4188b,2025-09-25T11:06:56.260011,Rhinitis (Pratishyaya),"Runny nose, blocked nose, sneezing, post-nasal drip",Kapha,Pitta,Severe,,"Weekly-seed record (v2, organic) - week 12/52",{}
4ac5bc31-180b-42af-bdde-e34920b6f0b3,14a18b3c-01bd-4e37-92cb-b0298026958b,2025-09-26T11:06:56.260011,Rhinitis (Pratishyaya),"Runny nose, blocked nose, sneezing, post-nasal drip",Vata-Pitta,Kapha,Mild,,"Weekly-seed record (v2, organic) - week 13/52",{}
cf85a0f2-01b0-44ee-b13d-9372445e4f9f,46bd71d5-b6ec-41ce-9c66-44ba18b33e6e,2025-10-03T11:06:56.260011,Rhinitis (Pratishyaya),"Runny nose, blocked nose, sneezing, post-nasal drip",Vata-Pitta,Vata,Severe,,"Weekly-seed record (v2, organic) - week 14/52",{}
05c235b4-e186-4154-97e6-eab9bfc6a446,dffadd63-56d7-4407-90bb-64b12273bfe7,2025-10-21T11:06:56.260011,Rhinitis (Pratishyaya),"Runny nose, blocked nose, sneezing, post-nasal drip",Pitta,Pitta,Moderate,,"Weekly-seed record (v2, organic) - week 16/52",{}
936d7f9a-4c0f-4baa-9207-78f039f95858,19b86c81-ec50-4631-8408-187b3b18bab6,2025-10-22T11:06:56.260011,Rhinitis (Pratishyaya),"Runny nose, blocked nose, sneezing, post-nasal drip",Kapha,Kapha,Moderate,,"Weekly-seed record (v2, organic) - week 16/52",{}
f08ac177-9e72-4e12-8798-27ba375fac21,3fa4f696-45a6-4092-9948-d0e22d2b549a,2025-10-23T11:06:56.260011,Rhinitis (Pratishyaya),"Runny nose, blocked nose, sneezing, post-nasal drip",Vata,Kapha,Moderate,,"Weekly-seed record (v2, organic) - week 16/52",{}
1770dda9-6d5c-4956-8287-2c846a0cd0ca,2a0f500f-084e-4f26-a3bd-84c6460e3142,2025-10-19T11:06:56.260011,Rhinitis (Pratishyaya),"Runny nose, blocked nose, sneezing, post-nasal drip",Vata-Pitta,Pitta,Moderate,,"Weekly-seed record (v2, organic) - week 16/52",{}
2ed95f94-a08f-4f50-b470-ea324ac52ed1,730f5850-f761-4c04-abed-139771f29ace,2025-10-19T11:06:56.260011,Rhinitis (Pratishyaya),"Runny nose, blocked nose, sneezing, post-nasal drip",Pitta-Kapha,Vata,Mild,,"Weekly-seed record (v2, organic) - week 16/52",{}
0b6e54f1-8504-4a34-93e7-cdfe8e5a70dd,f010ef5f-b7cb-49e1-96d5-8adb1422546b,2025-10-22T11:06:56.260011,Rhinitis (Pratishyaya),"Runny nose, blocked nose, sneezing, post-nasal drip",Vata-Pitta,Kapha,Severe,,"Weekly-seed record (v2, organic) - week 16/52",{}
9464f7cb-b1ea-44bd-a713-6ff2b1e1e2bc,93a36dc2-fb5a-44e0-8afd-6c2d4f297d27,2025-10-28T11:06:56.260011,Rhinitis (Pratishyaya),"Runny nose, blocked nose, sneezing, post-nasal drip",Pitta-Kapha,Pitta,Moderate,,"Weekly-seed record (v2, organic) - week 17/52",{}
3a4a3844-4f43-455d-8ee6-d4937fe1495d,fb675350-88ef-4f41-b8b6-8b5e4f63d995,2025-10-30T11:06:56.260011,Rhinitis (Pratishyaya),"Runny nose, blocked nose, sneezing, post-nasal drip",Vata,Pitta,Moderate,,"Weekly-seed record (v2, organic) - week 17/52",{}
092c4282-2422-4bdb-984f-b154dfa7febc,8c9458b8-cff3-418f-8352-96195cf3aa24,2025-11-03T11:06:56.260011,Rhinitis (Pratishyaya),"Runny nose, blocked nose, sneezing, post-nasal drip",Pitta-Kapha,Kapha,Severe,,"Weekly-seed record (v2, organic) - week 18/52",{}
37e0d961-403b-4da3-8d41-406d3edf55e6,d41e7c32-1817-4d39-ac7f-627362a28d5e,2025-11-10T11:06:56.260011,Rhinitis (Pratishyaya),"Runny nose, blocked nose, sneezing, post-nasal drip",Vata-Pitta,Pitta,Severe,,"Weekly-seed record (v2, organic) - week 19/52",{}
1517f5a9-3e1f-44a9-914a-c749a5be1476,cd904409-24fc-4557-b82d-c5c3e8daede2,2025-11-11T11:06:56.260011,Rhinitis (Pratishyaya),"Runny nose, blocked nose, sneezing, post-nasal drip",Vata-Pitta,Kapha,Mild,,"Weekly-seed record (v2, organic) - week 19/52",{}
93347f7c-23ca-48e1-a0db-94ce17b8d23f,c040c651-cba9-404b-a576-b9bd313a0b46,2025-11-07T11:06:56.260011,Rhinitis (Pratishyaya),"Runny nose, blocked nose, sneezing, post-nasal drip",Kapha,Kapha,Severe,,"Weekly-seed record (v2, organic) - week 19/52",{}
7d627403-f8ed-4e92-a4f0-22ebd7300ff4,5f486f2c-66a3-4f11-9cd8-3a64bac4e545,2025-11-25T11:06:56.260011,Rhinitis (Pratishyaya),"Runny nose, blocked nose, sneezing, post-nasal drip",Kapha,Vata,Mild,,"Weekly-seed record (v2, organic) - week 21/52",{}
8c3dccc2-7b42-42df-8dc1-96795ee8f71d,d36c8e09-0c63-4591-a848-c212732eee35,2025-11-30T11:06:56.260011,Rhinitis (Pratishyaya),"Runny nose, blocked nose, sneezing, post-nasal drip",Pitta,Vata,Mild,,"Weekly-seed record (v2, organic) - week 22/52",{}
b6993ad5-d2e6-4617-a1d7-c478cecfbef3,f734514d-2f8a-481f-844a-56162a508263,2025-12-05T11:06:56.260011,Rhinitis (Pratishyaya),"Runny nose, blocked nose, sneezing, post-nasal drip",Pitta,Pitta,Severe,,"Weekly-seed record (v2, organic) - week 23/52",{}
799f7a67-2b4c-4d5d-b887-78e6647faa78,dcbb6106-5659-40ed-9091-5097c7586407,2025-12-11T11:06:56.260011,Rhinitis (Pratishyaya),"Runny nose, blocked nose, sneezing, post-nasal drip",Vata,Pitta,Moderate,,"Weekly-seed record (v2, organic) - week 23/52",{}
125be2b2-27b6-4891-a432-e492d2957df7,70a0cfb7-ee40-4a08-bd6e-4e011a012e73,2025-12-16T11:06:56.260011,Rhinitis (Pratishyaya),"Runny nose, blocked nose, sneezing, post-nasal drip",Pitta,Kapha,Severe,,"Weekly-seed record (v2, organic) - week 24/52",{}
152afe46-2d24-4e69-9f8f-076a430620a7,db0de662-dbfb-4d5c-82a8-4c023a91c8a4,2025-12-15T11:06:56.260011,Rhinitis (Pratishyaya),"Runny nose, blocked nose, sneezing, post-nasal drip",Vata-Pitta,Vata,Mild,,"Weekly-seed record (v2, organic) - week 24/52",{}
d0d20189-b822-4b50-b3fa-69d73d7124c6,fbd6a056-a2ca-4b7e-bf5e-fba558452aa6,2025-12-17T11:06:56.260011,Rhinitis (Pratishyaya),"Runny nose, blocked nose, sneezing, post-nasal drip",Vata,Vata,Moderate,,"Weekly-seed record (v2, organic) - week 24/52",{}
f105cf72-6ab8-42cd-9a04-2d2673199443,7cd9c8b8-4769-4f43-ae3b-2ef1c8f18928,2025-12-27T11:06:56.260011,Rhinitis (Pratishyaya),"Runny nose, blocked nose, sneezing, post-nasal drip",Pitta-Kapha,Pitta,Mild,,"Weekly-seed record (v2, organic) - week 26/52",{}
76c0a127-7a84-4af3-a642-ce48534e1358,6e0cf555-9007-43cd-98eb-1e34d984c38b,2026-01-03T11:06:56.260011,Rhinitis (Pratishyaya),"Runny nose, blocked nose, sneezing, post-nasal drip",Vata,Pitta,Mild,,"Weekly-seed record (v2, organic) - week 27/52",{}
d9670f65-96f2-4bc4-87a4-8097a6b4d6de,931f10ee-f204-4c0b-b769-d62524ea5c5a,2026-01-12T11:06:56.260011,Rhinitis (Pratishyaya),"Runny nose, blocked nose, sneezing, post-nasal drip",Pitta-Kapha,Kapha,Severe,,"Weekly-seed record (v2, organic) - week 28/52",{}
d32aca4f-1623-4277-aaac-3ad0505b947d,6b34d482-464b-4342-8047-567d9d38c122,2026-01-15T11:06:56.260011,Rhinitis (Pratishyaya),"Runny nose, blocked nose, sneezing, post-nasal drip",Vata-Pitta,Kapha,Severe,,"Weekly-seed record (v2, organic) - week 28/52",{}
9adcc50d-7d30-4db0-906d-4a23efe45bba,e34b7b05-0c12-49e2-9709-9ac30c8e5086,2026-01-12T11:06:56.260011,Rhinitis (Pratishyaya),"Runny nose, blocked nose, sneezing, post-nasal drip",Pitta-Kapha,Pitta,Mild,,"Weekly-seed record (v2, organic) - week 28/52",{}
4b710556-a599-4de3-959c-d0b0a7bc0133,d7fdd245-9ad2-4115-9ad7-03544324ce32,2026-01-22T11:06:56.260011,Rhinitis (Pratishyaya),"Runny nose, blocked nose, sneezing, post-nasal drip",Vata-Pitta,Pitta,Moderate,,"Weekly-seed record (v2, organic) - week 29/52",{}
5c03bc7d-2dce-4310-8310-96d5d2dc9037,6d24b306-4259-41cd-ade2-c841be7f108b,2026-01-17T11:06:56.260011,Rhinitis (Pratishyaya),"Runny nose, blocked nose, sneezing, post-nasal drip",Kapha,Kapha,Moderate,,"Weekly-seed record (v2, organic) - week 29/52",{}
37270874-61ea-422f-b6e5-e983494b7eb6,3c687bce-33cc-4b0c-891d-283dce9cc7a1,2026-01-17T11:06:56.260011,Rhinitis (Pratishyaya),"Runny nose, blocked nose, sneezing, post-nasal drip",Kapha,Pitta,Mild,,"Weekly-seed record (v2, organic) - week 29/52",{}
b53e890f-a0f1-406b-9298-a72bba69e789,b559e569-3c1c-4d8f-a9bf-e1d850987fba,2026-02-01T11:06:56.260011,Rhinitis (Pratishyaya),"Runny nose, blocked nose, sneezing, post-nasal drip",Pitta,Pitta,Moderate,,"Weekly-seed record (v2, organic) - week 31/52",{}
155de6a4-ab3b-4f2d-be73-3fc3d93dc5a5,b9bc0d2f-9272-4718-91da-b4e3e690c7f9,2026-02-03T11:06:56.260011,Rhinitis (Pratishyaya),"Runny nose, blocked nose, sneezing, post-nasal drip",Vata,Vata,Mild,,"Weekly-seed record (v2, organic) - week 31/52",{}
105d6bce-1bf6-4a37-9c36-f3a53c542fee,5fce2dfb-d904-4006-a732-b1b329f37c35,2026-02-09T11:06:56.260011,Rhinitis (Pratishyaya),"Runny nose, blocked nose, sneezing, post-nasal drip",Pitta,Kapha,Mild,,"Weekly-seed record (v2, organic) - week 32/52",{}
8f9b222b-e7ac-4786-804d-06d4a068b385,938cff92-e5a8-4ae9-8423-235d185ac7e7,2026-02-09T11:06:56.260011,Rhinitis (Pratishyaya),"Runny nose, blocked nose, sneezing, post-nasal drip",Vata-Pitta,Pitta,Severe,,"Weekly-seed record (v2, organic) - week 32/52",{}
046c5751-43b3-4c81-b0c2-4b786da5be16,31632b7e-f0fb-4bf2-9b6f-694303d8c48c,2026-02-09T11:06:56.260011,Rhinitis (Pratishyaya),"Runny nose, blocked nose, sneezing, post-nasal drip",Vata,Vata,Moderate,,"Weekly-seed record (v2, organic) - week 32/52",{}
498d145d-ccc6-4e0d-adfc-42365a5ab169,6d861f09-0077-420a-9c25-d085b2b7a889,2026-02-19T11:06:56.260011,Rhinitis (Pratishyaya),"Runny nose, blocked nose, sneezing, post-nasal drip",Pitta-Kapha,Kapha,Mild,,"Weekly-seed record (v2, organic) - week 33/52",{}
ab31a858-2cbf-4332-92f3-5b387d3fdc80,31151023-318e-4802-a780-9bcd462c1b96,2026-02-26T11:06:56.260011,Rhinitis (Pratishyaya),"Runny nose, blocked nose, sneezing, post-nasal drip",Pitta-Kapha,Pitta,Moderate,,"Weekly-seed record (v2, organic) - week 34/52",{}
d54afca2-48ad-4373-8a68-854f96514043,32fb151f-1500-4802-bf2e-a28569bca551,2026-02-22T11:06:56.260011,Rhinitis (Pratishyaya),"Runny nose, blocked nose, sneezing, post-nasal drip",Kapha,Pitta,Moderate,,"Weekly-seed record (v2, organic) - week 34/52",{}
22e0aefd-12df-4eed-95b4-19ac65087547,18bfc77a-5e23-4708-ad36-1701cb9ee789,2026-03-11T11:06:56.260011,Rhinitis (Pratishyaya),"Runny nose, blocked nose, sneezing, post-nasal drip",Pitta-Kapha,Kapha,Mild,,"Weekly-seed record (v2, organic) - week 36/52",{}
87708d97-99fc-4e89-9c37-3fa7ce7b37c3,3ce2ae1c-e79e-45a8-874a-e3e1d7b5ce42,2026-03-07T11:06:56.260011,Rhinitis (Pratishyaya),"Runny nose, blocked nose, sneezing, post-nasal drip",Kapha,Pitta,Moderate,,"Weekly-seed record (v2, organic) - week 36/52",{}
8756523d-6769-4188-bb39-6c652c0cc87b,2e151f74-fbb2-4edd-83d4-c5b7c85791c5,2026-03-09T11:06:56.260011,Rhinitis (Pratishyaya),"Runny nose, blocked nose, sneezing, post-nasal drip",Kapha,Kapha,Severe,,"Weekly-seed record (v2, organic) - week 36/52",{}
b35f8095-dc3c-42a3-bd9e-34e6d6c9392a,7fe7668f-ef3d-4bc2-8b4b-183240e39098,2026-03-09T11:06:56.260011,Rhinitis (Pratishyaya),"Runny nose, blocked nose, sneezing, post-nasal drip",Pitta,Pitta,Mild,,"Weekly-seed record (v2, organic) - week 36/52",{}
de56d255-881e-45c2-b578-c6e60c42bb8a,3c692c45-3ea3-48a5-b49d-a253ec2a185a,2026-03-10T11:06:56.260011,Rhinitis (Pratishyaya),"Runny nose, blocked nose, sneezing, post-nasal drip",Vata,Pitta,Severe,,"Weekly-seed record (v2, organic) - week 36/52",{}
8851b8cb-0887-45bd-a07c-6385ef7596fd,6a627237-5674-4a07-94bd-f01bda4d24ad,2026-03-18T11:06:56.260011,Rhinitis (Pratishyaya),"Runny nose, blocked nose, sneezing, post-nasal drip",Vata,Vata,Severe,,"Weekly-seed record (v2, organic) - week 37/52",{}
d75c7b58-a7c8-4980-8fd6-3f5fc0a5a479,b24372cb-0bf9-463e-b70e-5cb1c24a300e,2026-03-28T11:06:56.260011,Rhinitis (Pratishyaya),"Runny nose, blocked nose, sneezing, post-nasal drip",Vata-Pitta,Vata,Mild,,"Weekly-seed record (v2, organic) - week 39/52",{}
7a885c63-63e2-4d43-ab51-c272a596f61d,f6517584-6f16-454e-90ae-41945f4791bc,2026-03-30T11:06:56.260011,Rhinitis (Pratishyaya),"Runny nose, blocked nose, sneezing, post-nasal drip",Kapha,Vata,Moderate,,"Weekly-seed record (v2, organic) - week 39/52",{}
0095d655-954e-441d-bfd8-fbdd64d02995,a265ce0b-ca57-415e-93d7-a18f14fc40d2,2026-04-05T11:06:56.260011,Rhinitis (Pratishyaya),"Runny nose, blocked nose, sneezing, post-nasal drip",Vata-Pitta,Pitta,Moderate,,"Weekly-seed record (v2, organic) - week 40/52",{}
1c7dedff-06b7-4e9f-ab04-f1bfc2b5262a,8f3eb98a-2fdd-47ca-85be-184337957e4d,2026-04-09T11:06:56.260011,Rhinitis (Pratishyaya),"Runny nose, blocked nose, sneezing, post-nasal drip",Vata,Pitta,Mild,,"Weekly-seed record (v2, organic) - week 40/52",{}
4b4d2084-92f5-4e6d-ab1d-7597ce245601,105a5b65-a437-464b-8446-7d83959cbb15,2026-04-07T11:06:56.260011,Rhinitis (Pratishyaya),"Runny nose, blocked nose, sneezing, post-nasal drip",Vata,Pitta,Mild,,"Weekly-seed record (v2, organic) - week 40/52",{}
f2c417c9-2785-4e22-81ee-19eb787d9785,4a6e076e-dcef-4104-b594-a9deef576cfe,2026-04-03T11:06:56.260011,Rhinitis (Pratishyaya),"Runny nose, blocked nose, sneezing, post-nasal drip",Vata,Vata,Mild,,"Weekly-seed record (v2, organic) - week 40/52",{}
759ba3d2-7f61-42fb-80c5-af83eb7efc36,1bfbfcd9-05b1-46ba-8309-16ef439660ff,2026-04-16T11:06:56.260011,Rhinitis (Pratishyaya),"Runny nose, blocked nose, sneezing, post-nasal drip",Vata,Kapha,Mild,,"Weekly-seed record (v2, organic) - week 41/52",{}
d2f2f8cf-44c3-4492-a315-765bc03cadf9,6b85b7de-73ea-4d5e-9f33-658dad3fbfb2,2026-04-18T11:06:56.260011,Rhinitis (Pratishyaya),"Runny nose, blocked nose, sneezing, post-nasal drip",Vata-Pitta,Kapha,Mild,,"Weekly-seed record (v2, organic) - week 42/52",{}
e04c360f-b7ab-435e-8f8b-0815b91b17f9,6a627237-5674-4a07-94bd-f01bda4d24ad,2026-04-18T11:06:56.260011,Rhinitis (Pratishyaya),"Runny nose, blocked nose, sneezing, post-nasal drip",Vata-Pitta,Kapha,Moderate,,"Weekly-seed record (v2, organic) - week 42/52",{}
31b66e81-e2e3-4f42-a86f-51554f5df151,f4d5afd4-e183-4732-a4a7-866f5f2c2fc2,2026-04-19T11:06:56.260011,Rhinitis (Pratishyaya),"Runny nose, blocked nose, sneezing, post-nasal drip",Pitta,Kapha,Severe,,"Weekly-seed record (v2, organic) - week 42/52",{}
750884e2-da7f-447b-8eec-ba3bc6e44467,0f543e82-e146-4e55-af75-f2ed42614578,2026-04-29T11:06:56.260011,Rhinitis (Pratishyaya),"Runny nose, blocked nose, sneezing, post-nasal drip",Vata,Vata,Moderate,,"Weekly-seed record (v2, organic) - week 43/52",{}
7c208659-f018-4fac-a5db-931cd540cc2d,2589d831-e7cc-469a-bf77-5811b3aadc1c,2026-04-28T11:06:56.260011,Rhinitis (Pratishyaya),"Runny nose, blocked nose, sneezing, post-nasal drip",Vata,Pitta,Severe,,"Weekly-seed record (v2, organic) - week 43/52",{}
b82d3a55-fd95-4b19-af36-2732e529d073,3a3fa97c-75f2-4fb5-bcc0-c0ef111757fc,2026-05-18T11:06:56.260011,Rhinitis (Pratishyaya),"Runny nose, blocked nose, sneezing, post-nasal drip",Vata-Pitta,Kapha,Mild,,"Weekly-seed record (v2, organic) - week 46/52",{}
710bcba5-5599-4ba6-9208-eed699464422,db2fbf21-0495-47dd-a488-fffad8688fa2,2026-05-26T11:06:56.260011,Rhinitis (Pratishyaya),"Runny nose, blocked nose, sneezing, post-nasal drip",Pitta,Vata,Severe,,"Weekly-seed record (v2, organic) - week 47/52",{}
ceee2b2d-e163-4add-ab98-8132ee7f3235,b70fedb3-9048-42f5-9ac3-63f66ecfb90a,2026-05-24T11:06:56.260011,Rhinitis (Pratishyaya),"Runny nose, blocked nose, sneezing, post-nasal drip",Pitta-Kapha,Vata,Severe,,"Weekly-seed record (v2, organic) - week 47/52",{}
6e1feabb-ac98-402e-85fe-26004415c8fd,96f3965f-35b1-41f4-9439-58c245660cec,2026-05-29T11:06:56.260011,Rhinitis (Pratishyaya),"Runny nose, blocked nose, sneezing, post-nasal drip",Kapha,Kapha,Moderate,,"Weekly-seed record (v2, organic) - week 48/52",{}
9dd5e9aa-a4e1-4a0f-a1aa-81720ba69a8c,e99d80b7-18a0-4f14-8e4b-67310934d00d,2026-06-07T11:06:56.260011,Rhinitis (Pratishyaya),"Runny nose, blocked nose, sneezing, post-nasal drip",Vata,Kapha,Severe,,"Weekly-seed record (v2, organic) - week 49/52",{}
856cadb7-2f64-4d38-9df6-35e8a4c48ecc,f010ef5f-b7cb-49e1-96d5-8adb1422546b,2025-07-24T11:06:56.260011,Asthma (Tamaka Shwasa),"Wheezing, breathlessness, chest tightness, cough at night",Vata-Pitta,Vata,Moderate,,"Weekly-seed record (v2, organic) - week 3/52",{}
4b016408-d5bd-4ebd-9a53-3c86b303ee33,512ff615-7fc3-4c20-b3ab-ae3f16470b94,2025-07-23T11:06:56.260011,Asthma (Tamaka Shwasa),"Wheezing, breathlessness, chest tightness, cough at night",Vata-Pitta,Kapha,Mild,,"Weekly-seed record (v2, organic) - week 3/52",{}
968fab97-21ff-491d-b752-d1abc244360c,b021bb1e-6e42-419a-bcff-6dacfc1a7d5c,2025-07-26T11:06:56.260011,Asthma (Tamaka Shwasa),"Wheezing, breathlessness, chest tightness, cough at night",Pitta-Kapha,Kapha,Moderate,,"Weekly-seed record (v2, organic) - week 4/52",{}
2891d7d3-2ca1-4eae-8af8-650d8b9de574,212916b9-2f01-4407-9ea0-649aa37a1407,2025-08-07T11:06:56.260011,Asthma (Tamaka Shwasa),"Wheezing, breathlessness, chest tightness, cough at night",Pitta-Kapha,Pitta,Moderate,,"Weekly-seed record (v2, organic) - week 5/52",{}
c4fcd124-4451-42a9-99fb-20e29b42cfbb,eed344af-298a-43cd-a157-9004d7b63686,2025-08-07T11:06:56.260011,Asthma (Tamaka Shwasa),"Wheezing, breathlessness, chest tightness, cough at night",Pitta-Kapha,Pitta,Moderate,,"Weekly-seed record (v2, organic) - week 5/52",{}
61996e98-7145-44f1-856c-ffec3e19e3e9,96662633-21fc-4411-804d-419b305215e4,2025-08-16T11:06:56.260011,Asthma (Tamaka Shwasa),"Wheezing, breathlessness, chest tightness, cough at night",Vata,Pitta,Moderate,,"Weekly-seed record (v2, organic) - week 7/52",{}
b5edebf5-e1aa-4d1e-b578-fd1756378ff5,561498a7-3e94-47e1-96a6-42ee39b203ff,2025-08-28T11:06:56.260011,Asthma (Tamaka Shwasa),"Wheezing, breathlessness, chest tightness, cough at night",Vata-Pitta,Kapha,Severe,,"Weekly-seed record (v2, organic) - week 8/52",{}
c1762c08-4014-4e57-a639-bcbe1344b0ba,2dc0f63b-f679-4db9-a8de-41852307529b,2025-08-25T11:06:56.260011,Asthma (Tamaka Shwasa),"Wheezing, breathlessness, chest tightness, cough at night",Kapha,Vata,Moderate,,"Weekly-seed record (v2, organic) - week 8/52",{}
c95670d1-77b9-47ff-a739-7ae11ae15011,20331df7-0754-45ff-80e8-a441eef41dc7,2025-08-31T11:06:56.260011,Asthma (Tamaka Shwasa),"Wheezing, breathlessness, chest tightness, cough at night",Pitta,Pitta,Mild,,"Weekly-seed record (v2, organic) - week 9/52",{}
95f657db-aee7-4d14-9efb-766e468a4157,7405f515-8d14-4922-85b9-32970e01833d,2025-09-18T11:06:56.260011,Asthma (Tamaka Shwasa),"Wheezing, breathlessness, chest tightness, cough at night",Kapha,Pitta,Moderate,,"Weekly-seed record (v2, organic) - week 11/52",{}
0fa78cc4-5539-42f4-91f8-3048dcf552ce,20f81eb4-5a12-4a2b-912b-43f090504092,2025-09-24T11:06:56.260011,Asthma (Tamaka Shwasa),"Wheezing, breathlessness, chest tightness, cough at night",Kapha,Kapha,Mild,,"Weekly-seed record (v2, organic) - week 12/52",{}
ec92be0a-724a-4c5c-96bc-9223950fc733,ad7b524a-9dd3-45eb-9771-274ba04318dc,2025-09-27T11:06:56.260011,Asthma (Tamaka Shwasa),"Wheezing, breathlessness, chest tightness, cough at night",Vata,Vata,Severe,,"Weekly-seed record (v2, organic) - week 13/52",{}
79ef2bd5-12a8-409b-a169-ed795290dae5,236bd531-011b-4496-b852-939257e25773,2025-09-29T11:06:56.260011,Asthma (Tamaka Shwasa),"Wheezing, breathlessness, chest tightness, cough at night",Pitta-Kapha,Vata,Severe,,"Weekly-seed record (v2, organic) - week 13/52",{}
390f3515-90c8-4fc7-8a42-91c529f4fc85,0dfd82a9-ecaf-4280-b4a0-1eef964457dd,2025-10-01T11:06:56.260011,Asthma (Tamaka Shwasa),"Wheezing, breathlessness, chest tightness, cough at night",Vata-Pitta,Pitta,Mild,,"Weekly-seed record (v2, organic) - week 13/52",{}
566f980f-5af4-436a-a7ee-79028e0a3f1c,b3d50c10-33e4-4505-b573-db3b6ea8e33a,2025-09-28T11:06:56.260011,Asthma (Tamaka Shwasa),"Wheezing, breathlessness, chest tightness, cough at night",Pitta,Pitta,Severe,,"Weekly-seed record (v2, organic) - week 13/52",{}
cfb7404e-11f6-43aa-a92d-049c276dde73,561498a7-3e94-47e1-96a6-42ee39b203ff,2025-09-28T11:06:56.260011,Asthma (Tamaka Shwasa),"Wheezing, breathlessness, chest tightness, cough at night",Pitta-Kapha,Pitta,Moderate,,"Weekly-seed record (v2, organic) - week 13/52",{}
a6baddab-018a-40ec-818c-a5e40fb0f08b,e7621c85-6490-49b3-97e2-0736bf159cca,2025-09-30T11:06:56.260011,Asthma (Tamaka Shwasa),"Wheezing, breathlessness, chest tightness, cough at night",Kapha,Pitta,Severe,,"Weekly-seed record (v2, organic) - week 13/52",{}
1c5838f2-3d58-4ba7-8ca2-bebdaabcf46a,80d77ae8-8006-4812-acc6-d96a9f20540b,2025-09-28T11:06:56.260011,Asthma (Tamaka Shwasa),"Wheezing, breathlessness, chest tightness, cough at night",Kapha,Kapha,Moderate,,"Weekly-seed record (v2, organic) - week 13/52",{}
898bd4bc-829c-4e7a-97f0-69f3327a49e5,4947f6ec-50be-4c70-af2e-95eecf006144,2025-10-05T11:06:56.260011,Asthma (Tamaka Shwasa),"Wheezing, breathlessness, chest tightness, cough at night",Kapha,Vata,Mild,,"Weekly-seed record (v2, organic) - week 14/52",{}
73a9a9fe-3f8c-46fc-8cd5-6e82cf4668b0,b132388d-0113-4aa6-9960-a5bebd09ad8c,2025-10-04T11:06:56.260011,Asthma (Tamaka Shwasa),"Wheezing, breathlessness, chest tightness, cough at night",Kapha,Vata,Severe,,"Weekly-seed record (v2, organic) - week 14/52",{}
ac254c77-dc12-42f3-bd7f-98fa4862b8a4,4563d3b6-d896-46ac-a1ca-dee38c51265f,2025-10-09T11:06:56.260011,Asthma (Tamaka Shwasa),"Wheezing, breathlessness, chest tightness, cough at night",Pitta,Vata,Mild,,"Weekly-seed record (v2, organic) - week 14/52",{}
ffcce3c5-71aa-4efc-88b0-75288ee489bf,31744a7f-b6c2-49d0-8e82-4d5227c06185,2025-10-13T11:06:56.260011,Asthma (Tamaka Shwasa),"Wheezing, breathlessness, chest tightness, cough at night",Kapha,Kapha,Severe,,"Weekly-seed record (v2, organic) - week 15/52",{}
71fc0d2c-95e6-478d-8022-4ace4ee3adfa,806ca4d6-2b2d-4cb2-be9a-2515a1e864d3,2025-10-14T11:06:56.260011,Asthma (Tamaka Shwasa),"Wheezing, breathlessness, chest tightness, cough at night",Pitta-Kapha,Pitta,Mild,,"Weekly-seed record (v2, organic) - week 15/52",{}
ffbd12ba-c0ca-4f2a-824e-673e41307b0d,a78ffa73-a072-4202-9c2e-ce7e16a15ccd,2025-10-25T11:06:56.260011,Asthma (Tamaka Shwasa),"Wheezing, breathlessness, chest tightness, cough at night",Kapha,Vata,Moderate,,"Weekly-seed record (v2, organic) - week 17/52",{}
9079764b-09b1-4d21-a4bf-6f654e21f47a,53c3f738-6b98-489e-92c1-a6d016489237,2025-11-02T11:06:56.260011,Asthma (Tamaka Shwasa),"Wheezing, breathlessness, chest tightness, cough at night",Vata,Kapha,Severe,,"Weekly-seed record (v2, organic) - week 18/52",{}
71cdae4a-0317-4dde-8132-350e66751659,d1117b7d-b826-49ba-a204-890faeac4230,2025-11-09T11:06:56.260011,Asthma (Tamaka Shwasa),"Wheezing, breathlessness, chest tightness, cough at night",Vata,Vata,Severe,,"Weekly-seed record (v2, organic) - week 19/52",{}
70507900-1d70-4a3e-a064-f15669bcc8ca,fc545c3c-e005-4c08-a38d-0bf097af1e84,2025-11-19T11:06:56.260011,Asthma (Tamaka Shwasa),"Wheezing, breathlessness, chest tightness, cough at night",Pitta,Kapha,Moderate,,"Weekly-seed record (v2, organic) - week 20/52",{}
c27de64f-5c82-4584-9980-801b5530e0ef,b7b3f2ca-7786-42cd-b1d9-c40140828041,2025-11-20T11:06:56.260011,Asthma (Tamaka Shwasa),"Wheezing, breathlessness, chest tightness, cough at night",Vata,Kapha,Moderate,,"Weekly-seed record (v2, organic) - week 20/52",{}
36f2fa1e-ccff-482c-807e-364cf6af1a09,68239268-dcce-424b-baf7-e0cd2c334c4e,2025-11-24T11:06:56.260011,Asthma (Tamaka Shwasa),"Wheezing, breathlessness, chest tightness, cough at night",Vata-Pitta,Pitta,Mild,,"Weekly-seed record (v2, organic) - week 21/52",{}
8162e197-233e-45b8-b0bb-499fc62b47bb,a1d5c02f-867a-4252-898e-d2989030ad57,2025-11-23T11:06:56.260011,Asthma (Tamaka Shwasa),"Wheezing, breathlessness, chest tightness, cough at night",Vata-Pitta,Vata,Mild,,"Weekly-seed record (v2, organic) - week 21/52",{}
1fd2781c-e6d4-4bfd-bc3e-b61576ef15ae,6a0adaf9-d7f2-49eb-bf36-94ab8b287f72,2025-11-24T11:06:56.260011,Asthma (Tamaka Shwasa),"Wheezing, breathlessness, chest tightness, cough at night",Vata,Kapha,Severe,,"Weekly-seed record (v2, organic) - week 21/52",{}
7814214c-1fa7-4803-a88d-d7c13a79ccb2,82fd2aa3-4018-46d4-9ab4-a58fb220efa7,2025-11-28T11:06:56.260011,Asthma (Tamaka Shwasa),"Wheezing, breathlessness, chest tightness, cough at night",Pitta,Vata,Severe,,"Weekly-seed record (v2, organic) - week 22/52",{}
a91ebcc4-ef52-481e-81ac-098d39d0168e,a4bae99d-a610-40a8-a967-8710252abaee,2025-11-28T11:06:56.260011,Asthma (Tamaka Shwasa),"Wheezing, breathlessness, chest tightness, cough at night",Pitta,Vata,Severe,,"Weekly-seed record (v2, organic) - week 22/52",{}
9788793e-bab3-4909-b7e2-99d08472f240,6184736c-c7e8-41a2-8f83-628c0c474acd,2025-12-01T11:06:56.260011,Asthma (Tamaka Shwasa),"Wheezing, breathlessness, chest tightness, cough at night",Pitta-Kapha,Kapha,Severe,,"Weekly-seed record (v2, organic) - week 22/52",{}
23df3988-b0db-4caf-af07-2270fb5ec3c2,cb9309c9-4524-4b09-84cf-1f651ce4bb3d,2025-12-04T11:06:56.260011,Asthma (Tamaka Shwasa),"Wheezing, breathlessness, chest tightness, cough at night",Pitta-Kapha,Pitta,Moderate,,"Weekly-seed record (v2, organic) - week 22/52",{}
ebdee3cf-61a1-4c10-994a-ef6f17483a77,76eba188-faa0-49cd-9906-612cdc7d866c,2025-12-07T11:06:56.260011,Asthma (Tamaka Shwasa),"Wheezing, breathlessness, chest tightness, cough at night",Pitta-Kapha,Pitta,Moderate,,"Weekly-seed record (v2, organic) - week 23/52",{}
bf3dae2a-370f-4859-a4eb-5be8902c3c1f,dd9f868e-94ed-4d40-bd6a-72521f13f9b0,2025-12-16T11:06:56.260011,Asthma (Tamaka Shwasa),"Wheezing, breathlessness, chest tightness, cough at night",Vata,Kapha,Severe,,"Weekly-seed record (v2, organic) - week 24/52",{}
5a9068d3-93eb-4734-9d48-e606391e157a,b090dcec-dc65-48cd-8bb3-e10ba922eed2,2025-12-25T11:06:56.260011,Asthma (Tamaka Shwasa),"Wheezing, breathlessness, chest tightness, cough at night",Pitta,Kapha,Mild,,"Weekly-seed record (v2, organic) - week 25/52",{}
8cffa24a-7b17-4762-b8f2-7076ee542704,5b077a5a-6fe9-449a-b002-65fa60750bef,2025-12-24T11:06:56.260011,Asthma (Tamaka Shwasa),"Wheezing, breathlessness, chest tightness, cough at night",Vata,Vata,Mild,,"Weekly-seed record (v2, organic) - week 25/52",{}
d3d6f628-785c-4c66-8b0e-cffc6b7e7748,1a991d8e-17de-4883-bfb3-86d4e97dc1ae,2025-12-30T11:06:56.260011,Asthma (Tamaka Shwasa),"Wheezing, breathlessness, chest tightness, cough at night",Vata,Vata,Mild,,"Weekly-seed record (v2, organic) - week 26/52",{}
56df5da0-748b-4d5a-b997-8867d8396113,ce00a5eb-eaa4-4054-92e5-eefb2944f120,2026-01-05T11:06:56.260011,Asthma (Tamaka Shwasa),"Wheezing, breathlessness, chest tightness, cough at night",Pitta-Kapha,Pitta,Moderate,,"Weekly-seed record (v2, organic) - week 27/52",{}
19531ed0-f336-4aed-8da5-93b6d8ca5b34,3afcba49-65dd-46f8-9fa0-7013e56af098,2026-01-10T11:06:56.260011,Asthma (Tamaka Shwasa),"Wheezing, breathlessness, chest tightness, cough at night",Kapha,Kapha,Moderate,,"Weekly-seed record (v2, organic) - week 28/52",{}
2a508c5b-ffc4-4e16-9ca1-5fc73e6fb0fd,1aaee3a0-3ba5-406f-baec-2ea62e2b56f3,2026-01-22T11:06:56.260011,Asthma (Tamaka Shwasa),"Wheezing, breathlessness, chest tightness, cough at night",Vata-Pitta,Vata,Severe,,"Weekly-seed record (v2, organic) - week 29/52",{}
3b436113-2cdb-46d7-aba7-b242be1efe5f,ea025677-cdc6-4561-9b4b-acf2a691b67e,2026-01-18T11:06:56.260011,Asthma (Tamaka Shwasa),"Wheezing, breathlessness, chest tightness, cough at night",Pitta-Kapha,Kapha,Mild,,"Weekly-seed record (v2, organic) - week 29/52",{}
51445536-3ffb-4a6a-a07a-ad7ff6286e24,cb847133-7382-4518-9918-c5ad3c54080e,2026-01-16T11:06:56.260011,Asthma (Tamaka Shwasa),"Wheezing, breathlessness, chest tightness, cough at night",Pitta-Kapha,Vata,Severe,,"Weekly-seed record (v2, organic) - week 29/52",{}
fbb0828c-f192-41be-af2a-c32c84610bc8,b5d01393-4378-456b-9b32-6254c0583269,2026-01-18T11:06:56.260011,Asthma (Tamaka Shwasa),"Wheezing, breathlessness, chest tightness, cough at night",Pitta,Vata,Mild,,"Weekly-seed record (v2, organic) - week 29/52",{}
6669b29c-a834-4ed9-b8c5-7a23108f8ae4,dd6e8020-d86b-4d96-bd46-95f11d7b4265,2026-01-22T11:06:56.260011,Asthma (Tamaka Shwasa),"Wheezing, breathlessness, chest tightness, cough at night",Kapha,Kapha,Severe,,"Weekly-seed record (v2, organic) - week 29/52",{}
3c7a5b29-0729-42a9-860e-3a71d82af05f,8fbbc541-4c1d-4549-9bf6-a39f3e4708e5,2026-01-20T11:06:56.260011,Asthma (Tamaka Shwasa),"Wheezing, breathlessness, chest tightness, cough at night",Kapha,Pitta,Mild,,"Weekly-seed record (v2, organic) - week 29/52",{}
54eb06ac-0477-4e1d-9d4c-e86719bffdb9,03bee406-a6c0-4dfb-b6e4-9f31eb880ec8,2026-01-28T11:06:56.260011,Asthma (Tamaka Shwasa),"Wheezing, breathlessness, chest tightness, cough at night",Kapha,Kapha,Moderate,,"Weekly-seed record (v2, organic) - week 30/52",{}
40140901-838b-467b-a868-744713f7997d,4f048eaf-3e00-4fad-a583-8453c8594b6b,2026-02-03T11:06:56.260011,Asthma (Tamaka Shwasa),"Wheezing, breathlessness, chest tightness, cough at night",Pitta-Kapha,Pitta,Moderate,,"Weekly-seed record (v2, organic) - week 31/52",{}
a95e0be6-4f88-4c9b-9c1e-5af3adec7c10,b8558f6b-1005-494c-9253-bafc46f9130b,2026-02-10T11:06:56.260011,Asthma (Tamaka Shwasa),"Wheezing, breathlessness, chest tightness, cough at night",Vata,Pitta,Severe,,"Weekly-seed record (v2, organic) - week 32/52",{}
65c72f47-9dd7-4d71-93c5-33cef69486ee,83af8f69-d87d-4b95-b40b-e21bc1fd10da,2026-02-10T11:06:56.260011,Asthma (Tamaka Shwasa),"Wheezing, breathlessness, chest tightness, cough at night",Kapha,Vata,Mild,,"Weekly-seed record (v2, organic) - week 32/52",{}
aea32884-e41d-4d9f-95cb-5b21bad9ad32,20e5c1c6-84f8-4f04-b46f-738fe8e65411,2026-02-18T11:06:56.260011,Asthma (Tamaka Shwasa),"Wheezing, breathlessness, chest tightness, cough at night",Pitta-Kapha,Kapha,Mild,,"Weekly-seed record (v2, organic) - week 33/52",{}
072c6d9a-361b-4cd8-b009-4f83d85ab0f2,81b3c23b-0b00-4108-b678-09d3590a26ff,2026-02-18T11:06:56.260011,Asthma (Tamaka Shwasa),"Wheezing, breathlessness, chest tightness, cough at night",Kapha,Kapha,Mild,,"Weekly-seed record (v2, organic) - week 33/52",{}
0cb49693-b1e1-41ad-b9cc-233d433b9fde,2fc48019-75bf-4f30-9116-6666c30599c4,2026-02-19T11:06:56.260011,Asthma (Tamaka Shwasa),"Wheezing, breathlessness, chest tightness, cough at night",Pitta,Pitta,Severe,,"Weekly-seed record (v2, organic) - week 33/52",{}
ba20aa9d-7ea7-4595-8dc1-4071cc9eddaf,831377bd-c805-4dc2-8ad9-463f41aaa542,2026-02-23T11:06:56.260011,Asthma (Tamaka Shwasa),"Wheezing, breathlessness, chest tightness, cough at night",Kapha,Vata,Severe,,"Weekly-seed record (v2, organic) - week 34/52",{}
f5efa4a0-1c20-4f95-865f-82e2ed8ee326,eed344af-298a-43cd-a157-9004d7b63686,2026-02-25T11:06:56.260011,Asthma (Tamaka Shwasa),"Wheezing, breathlessness, chest tightness, cough at night",Vata-Pitta,Vata,Moderate,,"Weekly-seed record (v2, organic) - week 34/52",{}
0c490148-4c81-4d81-ad7f-337c7a9d13b8,9e0d7b33-041b-4823-8f71-fecda4c7e0e0,2026-03-16T11:06:56.260011,Asthma (Tamaka Shwasa),"Wheezing, breathlessness, chest tightness, cough at night",Kapha,Pitta,Severe,,"Weekly-seed record (v2, organic) - week 37/52",{}
68f4ed14-b448-4c39-8f19-42499c4b589f,81115e80-f80c-43a6-b720-642f06c24ea9,2026-03-19T11:06:56.260011,Asthma (Tamaka Shwasa),"Wheezing, breathlessness, chest tightness, cough at night",Pitta,Pitta,Moderate,,"Weekly-seed record (v2, organic) - week 37/52",{}
e3139bc8-18ab-445f-abbf-1be2b056442e,b6ce1286-8f7d-41b3-8052-46b15da0f482,2026-03-23T11:06:56.260011,Asthma (Tamaka Shwasa),"Wheezing, breathlessness, chest tightness, cough at night",Kapha,Kapha,Moderate,,"Weekly-seed record (v2, organic) - week 38/52",{}
594e1c6e-2e3f-4b6e-b594-20d49a92d743,b16790cc-1c02-4203-b2c9-7bf3bbc6dce8,2026-03-26T11:06:56.260011,Asthma (Tamaka Shwasa),"Wheezing, breathlessness, chest tightness, cough at night",Pitta-Kapha,Vata,Moderate,,"Weekly-seed record (v2, organic) - week 38/52",{}
a77539e2-cf9b-46c5-814a-39bf673d9bff,b36e596f-035d-4084-9bf4-359f8f0ba914,2026-03-29T11:06:56.260011,Asthma (Tamaka Shwasa),"Wheezing, breathlessness, chest tightness, cough at night",Kapha,Pitta,Mild,,"Weekly-seed record (v2, organic) - week 39/52",{}
f0553332-c6dd-4c09-a017-1c3308e2be59,b70fedb3-9048-42f5-9ac3-63f66ecfb90a,2026-04-06T11:06:56.260011,Asthma (Tamaka Shwasa),"Wheezing, breathlessness, chest tightness, cough at night",Pitta-Kapha,Vata,Severe,,"Weekly-seed record (v2, organic) - week 40/52",{}
a3b6d6cd-ce8e-411a-9072-718250a85648,a437cbaa-d6ec-4051-b939-8cc1ce50c44c,2026-04-28T11:06:56.260011,Asthma (Tamaka Shwasa),"Wheezing, breathlessness, chest tightness, cough at night",Vata-Pitta,Pitta,Mild,,"Weekly-seed record (v2, organic) - week 43/52",{}
d8b5b8f6-2fe5-4353-be32-61f7ebda009a,7cc5ac08-483b-4e54-8678-f323be76d462,2026-04-28T11:06:56.260011,Asthma (Tamaka Shwasa),"Wheezing, breathlessness, chest tightness, cough at night",Kapha,Kapha,Moderate,,"Weekly-seed record (v2, organic) - week 43/52",{}
6412f1d1-b176-4928-809b-7cc02df15fb5,2859a253-a766-4e3d-b8eb-8a952727637b,2026-05-04T11:06:56.260011,Asthma (Tamaka Shwasa),"Wheezing, breathlessness, chest tightness, cough at night",Vata,Vata,Moderate,,"Weekly-seed record (v2, organic) - week 44/52",{}
e9baef7c-438b-4370-ad7e-56f30552e99d,d7f6b712-cbec-4b14-91a0-38a63d02a0ed,2026-05-02T11:06:56.260011,Asthma (Tamaka Shwasa),"Wheezing, breathlessness, chest tightness, cough at night",Kapha,Pitta,Severe,,"Weekly-seed record (v2, organic) - week 44/52",{}
cf46514b-bb9f-4852-be88-e487de231d24,3b6a48b0-f031-49bc-808a-b87c877de3f6,2026-05-01T11:06:56.260011,Asthma (Tamaka Shwasa),"Wheezing, breathlessness, chest tightness, cough at night",Vata,Kapha,Severe,,"Weekly-seed record (v2, organic) - week 44/52",{}
39f628d9-f76f-4338-aa47-9c3da90ce417,9d26ec89-f36f-41cc-8de7-30f32000dd52,2026-05-02T11:06:56.260011,Asthma (Tamaka Shwasa),"Wheezing, breathlessness, chest tightness, cough at night",Pitta,Pitta,Severe,,"Weekly-seed record (v2, organic) - week 44/52",{}
8ce53557-8f00-445b-bf15-7a1a1b6b02be,96cd86af-a011-409e-8853-55cf183fc03d,2026-05-12T11:06:56.260011,Asthma (Tamaka Shwasa),"Wheezing, breathlessness, chest tightness, cough at night",Vata-Pitta,Vata,Mild,,"Weekly-seed record (v2, organic) - week 45/52",{}
d8454278-59ea-492d-a409-2cdd46ddce92,1f2497b9-e133-4306-9fc4-af604096d6ef,2026-05-08T11:06:56.260011,Asthma (Tamaka Shwasa),"Wheezing, breathlessness, chest tightness, cough at night",Vata-Pitta,Vata,Severe,,"Weekly-seed record (v2, organic) - week 45/52",{}
cfe8f58c-a1e0-46f2-a644-7d934d62d0a7,a78ffa73-a072-4202-9c2e-ce7e16a15ccd,2026-05-09T11:06:56.260011,Asthma (Tamaka Shwasa),"Wheezing, breathlessness, chest tightness, cough at night",Vata-Pitta,Kapha,Moderate,,"Weekly-seed record (v2, organic) - week 45/52",{}
8946fb3b-7334-4459-b022-063555bbc064,4dd3be8c-41fa-44a5-9b76-7699fb405460,2026-05-13T11:06:56.260011,Asthma (Tamaka Shwasa),"Wheezing, breathlessness, chest tightness, cough at night",Kapha,Pitta,Moderate,,"Weekly-seed record (v2, organic) - week 45/52",{}
b55388d5-8f9b-450b-9336-c46baa594c4b,86242747-35a0-458a-8c27-e3b4178c71ef,2026-05-16T11:06:56.260011,Asthma (Tamaka Shwasa),"Wheezing, breathlessness, chest tightness, cough at night",Vata-Pitta,Kapha,Mild,,"Weekly-seed record (v2, organic) - week 46/52",{}
294b1e61-b9e3-4269-859c-7fc7a64589c5,77e0261b-d462-40a6-9715-fb5dbf204533,2026-05-16T11:06:56.260011,Asthma (Tamaka Shwasa),"Wheezing, breathlessness, chest tightness, cough at night",Pitta-Kapha,Kapha,Severe,,"Weekly-seed record (v2, organic) - week 46/52",{}
1b53a64d-8545-4b77-af49-9dc99a81a26e,b04a2d73-1fa1-4be0-95bc-c1de06279db2,2026-05-28T11:06:56.260011,Asthma (Tamaka Shwasa),"Wheezing, breathlessness, chest tightness, cough at night",Vata,Pitta,Moderate,,"Weekly-seed record (v2, organic) - week 47/52",{}
d5c00e64-48dc-496c-a586-d77466f97caa,0607d575-d9a3-421c-aa70-86cbfe8b59f4,2026-05-28T11:06:56.260011,Asthma (Tamaka Shwasa),"Wheezing, breathlessness, chest tightness, cough at night",Pitta-Kapha,Pitta,Mild,,"Weekly-seed record (v2, organic) - week 47/52",{}
8609c392-108f-4de6-80df-d69402d4fdb5,a73ae9f9-de66-4bed-b723-c250ab73a65c,2026-06-03T11:06:56.260011,Asthma (Tamaka Shwasa),"Wheezing, breathlessness, chest tightness, cough at night",Kapha,Kapha,Severe,,"Weekly-seed record (v2, organic) - week 48/52",{}
fcaf642c-eb7b-4e13-a2bc-6c285c69b30a,09e9310f-703f-4138-9a6a-a567754bc701,2026-06-01T11:06:56.260011,Asthma (Tamaka Shwasa),"Wheezing, breathlessness, chest tightness, cough at night",Pitta,Pitta,Severe,,"Weekly-seed record (v2, organic) - week 48/52",{}
3130f70c-f488-4ee5-b7f3-eb433c7dc575,441f1874-a9fd-4f31-9e85-d4112f97f7a7,2026-06-07T11:06:56.260011,Asthma (Tamaka Shwasa),"Wheezing, breathlessness, chest tightness, cough at night",Kapha,Kapha,Severe,,"Weekly-seed record (v2, organic) - week 49/52",{}
616b81ea-2308-4bc1-b1e4-16ddaf9fcba9,a208147f-d12d-4eb4-8b06-6dc44ee0c0d1,2026-06-15T11:06:56.260011,Asthma (Tamaka Shwasa),"Wheezing, breathlessness, chest tightness, cough at night",Kapha,Vata,Severe,,"Weekly-seed record (v2, organic) - week 50/52",{}
e1f0e1db-12d5-4cf9-a53e-33628f1c71bb,6b85b7de-73ea-4d5e-9f33-658dad3fbfb2,2026-06-16T11:06:56.260011,Asthma (Tamaka Shwasa),"Wheezing, breathlessness, chest tightness, cough at night",Vata-Pitta,Vata,Moderate,,"Weekly-seed record (v2, organic) - week 50/52",{}
cc689a9a-7d6b-43cd-9c86-db06dae9b104,6815d93a-0eb2-4754-af80-4ca8e423fce7,2026-06-28T11:06:56.260011,Asthma (Tamaka Shwasa),"Wheezing, breathlessness, chest tightness, cough at night",Vata-Pitta,Kapha,Moderate,,"Weekly-seed record (v2, organic) - week 52/52",{}
b9321ac3-58b9-4baa-8044-dcbc7104f164,68ac414e-d32a-4b9e-a78f-1c82961510fa,2026-07-01T11:06:56.260011,Asthma (Tamaka Shwasa),"Wheezing, breathlessness, chest tightness, cough at night",Pitta,Pitta,Mild,,"Weekly-seed record (v2, organic) - week 52/52",{}
cd45e809-f0a1-45fa-a9b8-442fcf8e989b,d1117b7d-b826-49ba-a204-890faeac4230,2026-06-30T11:06:56.260011,Asthma (Tamaka Shwasa),"Wheezing, breathlessness, chest tightness, cough at night",Pitta-Kapha,Pitta,Mild,,"Weekly-seed record (v2, organic) - week 52/52",{}
105f3368-da2a-4a5d-b568-0c4f34ea6fc5,b41f8f15-7d78-4d16-9e4e-2e3d0ba431d1,2025-07-11T11:06:56.260011,Dengue (Dandashthaka Jwara),"High fever, severe headache, rash, retro-orbital pain, myalgia",Pitta,Pitta,Severe,,"Weekly-seed record (v2, organic) - week 2/52",{}
0d9be1aa-dcf7-46dd-a0b3-28510bf67b48,d5a4ac87-cd1f-4adc-bdd0-22a28ea02722,2025-07-11T11:06:56.260011,Dengue (Dandashthaka Jwara),"High fever, severe headache, rash, retro-orbital pain, myalgia",Vata-Pitta,Pitta,Moderate,,"Weekly-seed record (v2, organic) - week 2/52",{}
33beb1e4-ca35-4e04-ae99-03d2da810921,2378b028-0a37-4a86-8390-fb7f6510c202,2025-07-16T11:06:56.260011,Dengue (Dandashthaka Jwara),"High fever, severe headache, rash, retro-orbital pain, myalgia",Vata-Pitta,Kapha,Mild,,"Weekly-seed record (v2, organic) - week 2/52",{}
5b944cbe-eadc-42d4-a469-2a0a3f0e502e,96662633-21fc-4411-804d-419b305215e4,2025-07-20T11:06:56.260011,Dengue (Dandashthaka Jwara),"High fever, severe headache, rash, retro-orbital pain, myalgia",Pitta-Kapha,Pitta,Moderate,,"Weekly-seed record (v2, organic) - week 3/52",{}
5f7be90b-4af7-4e98-a2fa-f7e2be82f762,3c687bce-33cc-4b0c-891d-283dce9cc7a1,2025-07-30T11:06:56.260011,Dengue (Dandashthaka Jwara),"High fever, severe headache, rash, retro-orbital pain, myalgia",Vata-Pitta,Kapha,Mild,,"Weekly-seed record (v2, organic) - week 4/52",{}
37668f29-1ed5-47ef-9f11-91215394ac58,a666ad21-189d-4cce-a30f-ff27a979820a,2025-08-01T11:06:56.260011,Dengue (Dandashthaka Jwara),"High fever, severe headache, rash, retro-orbital pain, myalgia",Pitta,Kapha,Severe,,"Weekly-seed record (v2, organic) - week 5/52",{}
9229a277-9133-48ed-ba11-b3b7ab43c99b,e2351bf1-8d50-4812-87ef-383a8a0e3b77,2025-08-09T11:06:56.260011,Dengue (Dandashthaka Jwara),"High fever, severe headache, rash, retro-orbital pain, myalgia",Vata,Pitta,Mild,,"Weekly-seed record (v2, organic) - week 6/52",{}
97b2fded-8d58-4a99-a72c-5f696b438738,806ca4d6-2b2d-4cb2-be9a-2515a1e864d3,2025-08-13T11:06:56.260011,Dengue (Dandashthaka Jwara),"High fever, severe headache, rash, retro-orbital pain, myalgia",Vata,Pitta,Mild,,"Weekly-seed record (v2, organic) - week 6/52",{}
622572f9-d6f4-40dd-8668-f59066675474,b6ce1286-8f7d-41b3-8052-46b15da0f482,2025-08-31T11:06:56.260011,Dengue (Dandashthaka Jwara),"High fever, severe headache, rash, retro-orbital pain, myalgia",Vata,Vata,Moderate,,"Weekly-seed record (v2, organic) - week 9/52",{}
979ae85a-61f9-41b6-9d3e-b606094e91c1,8ced71fb-9c50-48c6-8e7f-2eda2abad6e3,2025-08-29T11:06:56.260011,Dengue (Dandashthaka Jwara),"High fever, severe headache, rash, retro-orbital pain, myalgia",Kapha,Pitta,Moderate,,"Weekly-seed record (v2, organic) - week 9/52",{}
b9ab423d-bbaf-4a45-b163-1098b808ae77,98e6ba41-b762-4752-aa46-66120355f8de,2025-09-06T11:06:56.260011,Dengue (Dandashthaka Jwara),"High fever, severe headache, rash, retro-orbital pain, myalgia",Pitta,Kapha,Moderate,,"Weekly-seed record (v2, organic) - week 10/52",{}
ab14146a-948b-4a27-bf40-b224ed54e133,cad4ed56-d931-4721-be0b-2af961ae1931,2025-09-17T11:06:56.260011,Dengue (Dandashthaka Jwara),"High fever, severe headache, rash, retro-orbital pain, myalgia",Pitta,Vata,Mild,,"Weekly-seed record (v2, organic) - week 11/52",{}
153d8830-97a7-440b-9acb-4132b96a6d84,3ddb3fa8-90c4-4e3c-81b8-1527608659f3,2025-09-16T11:06:56.260011,Dengue (Dandashthaka Jwara),"High fever, severe headache, rash, retro-orbital pain, myalgia",Vata-Pitta,Kapha,Severe,,"Weekly-seed record (v2, organic) - week 11/52",{}
2f0a5fc3-a340-44b8-9ff2-54c119445dd0,5b649c9e-2cf1-4dc6-ba33-7e996ad77ef6,2025-09-15T11:06:56.260011,Dengue (Dandashthaka Jwara),"High fever, severe headache, rash, retro-orbital pain, myalgia",Pitta-Kapha,Vata,Mild,,"Weekly-seed record (v2, organic) - week 11/52",{}
b3600547-5775-4c04-9818-88997e8f2e8c,32d695c7-d917-4fac-9b01-2a5e14ebc7ac,2025-09-17T11:06:56.260011,Dengue (Dandashthaka Jwara),"High fever, severe headache, rash, retro-orbital pain, myalgia",Kapha,Pitta,Moderate,,"Weekly-seed record (v2, organic) - week 11/52",{}
aa9d9829-5fd0-447f-a000-4c5247f46f35,abd81e42-eef4-49a8-a27d-37a25f1c35bc,2025-09-12T11:06:56.260011,Dengue (Dandashthaka Jwara),"High fever, severe headache, rash, retro-orbital pain, myalgia",Vata-Pitta,Pitta,Severe,,"Weekly-seed record (v2, organic) - week 11/52",{}
e68dcc88-012b-4c55-a09f-acf4b49003d2,238fd634-88bd-43cc-9426-ecd5dd6df426,2025-09-20T11:06:56.260011,Dengue (Dandashthaka Jwara),"High fever, severe headache, rash, retro-orbital pain, myalgia",Vata,Pitta,Moderate,,"Weekly-seed record (v2, organic) - week 12/52",{}
8d126059-db2f-4384-9a38-83726e0d432c,40c1fd73-fb27-47f2-9b77-1eb961f88bd2,2025-09-28T11:06:56.260011,Dengue (Dandashthaka Jwara),"High fever, severe headache, rash, retro-orbital pain, myalgia",Vata-Pitta,Kapha,Moderate,,"Weekly-seed record (v2, organic) - week 13/52",{}
318900a4-7f34-465d-ab6d-db3d15f17848,b41f8f15-7d78-4d16-9e4e-2e3d0ba431d1,2025-10-02T11:06:56.260011,Dengue (Dandashthaka Jwara),"High fever, severe headache, rash, retro-orbital pain, myalgia",Kapha,Vata,Moderate,,"Weekly-seed record (v2, organic) - week 13/52",{}
0fddff39-b4f8-4380-8556-e76b335504bf,6090d357-d298-457d-880c-1319f80a8bef,2025-09-29T11:06:56.260011,Dengue (Dandashthaka Jwara),"High fever, severe headache, rash, retro-orbital pain, myalgia",Vata,Vata,Moderate,,"Weekly-seed record (v2, organic) - week 13/52",{}
f4382469-7d01-49cb-85fd-39bc4a463fec,2653d3be-d693-4c17-9efa-d30bc7dff65f,2025-09-28T11:06:56.260011,Dengue (Dandashthaka Jwara),"High fever, severe headache, rash, retro-orbital pain, myalgia",Pitta-Kapha,Pitta,Severe,,"Weekly-seed record (v2, organic) - week 13/52",{}
334556de-2da9-4e98-ad95-d98e563e2710,3f6f08a0-fd3c-4407-a86a-0d6b530ec7b3,2025-10-03T11:06:56.260011,Dengue (Dandashthaka Jwara),"High fever, severe headache, rash, retro-orbital pain, myalgia",Vata-Pitta,Pitta,Mild,,"Weekly-seed record (v2, organic) - week 14/52",{}
ab38359b-a6fd-4c02-80de-3e0eb4bc7feb,cad4ed56-d931-4721-be0b-2af961ae1931,2025-10-16T11:06:56.260011,Dengue (Dandashthaka Jwara),"High fever, severe headache, rash, retro-orbital pain, myalgia",Vata,Kapha,Severe,,"Weekly-seed record (v2, organic) - week 15/52",{}
43c5e9d7-e40c-47eb-b0f2-302e368f64ad,8a0e1d5d-892e-434b-be04-bd0daf9dbb15,2025-10-16T11:06:56.260011,Dengue (Dandashthaka Jwara),"High fever, severe headache, rash, retro-orbital pain, myalgia",Kapha,Vata,Severe,,"Weekly-seed record (v2, organic) - week 15/52",{}
09470af1-1f9d-4bda-b328-381f38cf611a,41aca0e8-bdc9-4079-ae6f-3c98a3b3864a,2025-10-19T11:06:56.260011,Dengue (Dandashthaka Jwara),"High fever, severe headache, rash, retro-orbital pain, myalgia",Pitta,Kapha,Mild,,"Weekly-seed record (v2, organic) - week 16/52",{}
4b9dd5ca-21e7-437c-9842-0bd4d185c741,6eb80f72-69a8-4ef5-b7e7-838d5c1d3ed7,2025-10-26T11:06:56.260011,Dengue (Dandashthaka Jwara),"High fever, severe headache, rash, retro-orbital pain, myalgia",Pitta,Kapha,Mild,,"Weekly-seed record (v2, organic) - week 17/52",{}
8e4ec18e-a2f8-4b33-acf7-0e9c34ec649a,71ea6e60-7682-4ad2-bcdb-684c24439b95,2025-11-05T11:06:56.260011,Dengue (Dandashthaka Jwara),"High fever, severe headache, rash, retro-orbital pain, myalgia",Vata,Pitta,Moderate,,"Weekly-seed record (v2, organic) - week 18/52",{}
9baf49df-9d6a-4fe9-9452-01e1a7eea199,37349495-b504-4d21-bb22-c1a99e1770d8,2025-11-04T11:06:56.260011,Dengue (Dandashthaka Jwara),"High fever, severe headache, rash, retro-orbital pain, myalgia",Kapha,Kapha,Mild,,"Weekly-seed record (v2, organic) - week 18/52",{}
e8d2b148-e7db-49ef-942b-ebcf4098a37b,bad51b0a-4a59-4e13-a60d-dc6c88ed0f3b,2025-11-23T11:06:56.260011,Dengue (Dandashthaka Jwara),"High fever, severe headache, rash, retro-orbital pain, myalgia",Kapha,Kapha,Moderate,,"Weekly-seed record (v2, organic) - week 21/52",{}
71913faf-44f3-4d60-b2e2-7da2fc517285,7cb54c5c-ca4c-4ab1-81a6-4a4f702bafb4,2025-11-22T11:06:56.260011,Dengue (Dandashthaka Jwara),"High fever, severe headache, rash, retro-orbital pain, myalgia",Pitta,Kapha,Moderate,,"Weekly-seed record (v2, organic) - week 21/52",{}
14ca8bf9-4277-4edd-97fe-9e01a18192c6,b70b6866-fc93-49b0-82ff-5829d7478c5e,2025-11-25T11:06:56.260011,Dengue (Dandashthaka Jwara),"High fever, severe headache, rash, retro-orbital pain, myalgia",Kapha,Vata,Moderate,,"Weekly-seed record (v2, organic) - week 21/52",{}
d0d2170a-f772-43b2-9f0e-d3f673a08069,8fbbc541-4c1d-4549-9bf6-a39f3e4708e5,2025-11-24T11:06:56.260011,Dengue (Dandashthaka Jwara),"High fever, severe headache, rash, retro-orbital pain, myalgia",Kapha,Kapha,Moderate,,"Weekly-seed record (v2, organic) - week 21/52",{}
4ee68a23-5d0f-40a4-8c33-55e4a9912afc,bee20f11-3865-4feb-a005-871c0d584c67,2025-12-05T11:06:56.260011,Dengue (Dandashthaka Jwara),"High fever, severe headache, rash, retro-orbital pain, myalgia",Vata-Pitta,Vata,Mild,,"Weekly-seed record (v2, organic) - week 23/52",{}
698cc9d7-a539-4f41-82b7-b7933dfc6ae3,5669592f-aef4-459e-a409-d6f5b51ee158,2025-12-06T11:06:56.260011,Dengue (Dandashthaka Jwara),"High fever, severe headache, rash, retro-orbital pain, myalgia",Vata-Pitta,Kapha,Moderate,,"Weekly-seed record (v2, organic) - week 23/52",{}
f353255a-fbca-493a-94d7-1e2fdde0b004,bad51b0a-4a59-4e13-a60d-dc6c88ed0f3b,2025-12-18T11:06:56.260011,Dengue (Dandashthaka Jwara),"High fever, severe headache, rash, retro-orbital pain, myalgia",Vata-Pitta,Vata,Moderate,,"Weekly-seed record (v2, organic) - week 24/52",{}
f0d52a4a-41b0-4e61-ac8e-3c07f502561f,91a480dd-a69f-46da-b123-1aa2299411b5,2025-12-12T11:06:56.260011,Dengue (Dandashthaka Jwara),"High fever, severe headache, rash, retro-orbital pain, myalgia",Vata-Pitta,Pitta,Severe,,"Weekly-seed record (v2, organic) - week 24/52",{}
64cac619-a84b-4d49-ab06-e782fc7b48ac,f263d9a3-18d3-4610-89ea-4409e1efdf2b,2025-12-17T11:06:56.260011,Dengue (Dandashthaka Jwara),"High fever, severe headache, rash, retro-orbital pain, myalgia",Kapha,Kapha,Moderate,,"Weekly-seed record (v2, organic) - week 24/52",{}
ac34c216-e30e-44f3-a58e-14479ad5c493,ba3c405c-731e-415e-824c-0ba66784336d,2025-12-24T11:06:56.260011,Dengue (Dandashthaka Jwara),"High fever, severe headache, rash, retro-orbital pain, myalgia",Kapha,Vata,Severe,,"Weekly-seed record (v2, organic) - week 25/52",{}
ec2c322a-72f2-448b-9e8d-568abf509539,ea025677-cdc6-4561-9b4b-acf2a691b67e,2025-12-22T11:06:56.260011,Dengue (Dandashthaka Jwara),"High fever, severe headache, rash, retro-orbital pain, myalgia",Vata,Kapha,Severe,,"Weekly-seed record (v2, organic) - week 25/52",{}
1d1ba1a9-f0e9-478d-8e58-31906d7a47da,aec2efec-f3f5-41b2-9577-f1bc6f1bca95,2026-01-13T11:06:56.260011,Dengue (Dandashthaka Jwara),"High fever, severe headache, rash, retro-orbital pain, myalgia",Pitta,Kapha,Mild,,"Weekly-seed record (v2, organic) - week 28/52",{}
0933eb70-4851-4703-96a1-3713570e2fd3,0444f304-d2d5-4eef-9df4-4b38f0712c46,2026-01-22T11:06:56.260011,Dengue (Dandashthaka Jwara),"High fever, severe headache, rash, retro-orbital pain, myalgia",Vata-Pitta,Kapha,Moderate,,"Weekly-seed record (v2, organic) - week 29/52",{}
31ce8c5a-644b-4958-b1d3-d5cb43587a6b,d53538f7-b819-4bb2-9ca1-2ed43062ad1e,2026-01-19T11:06:56.260011,Dengue (Dandashthaka Jwara),"High fever, severe headache, rash, retro-orbital pain, myalgia",Vata,Vata,Mild,,"Weekly-seed record (v2, organic) - week 29/52",{}
5fe52e83-64b5-4389-94b5-35c4a8ad7721,ecdf9681-f183-4da1-adfd-1362e48b0d74,2026-01-25T11:06:56.260011,Dengue (Dandashthaka Jwara),"High fever, severe headache, rash, retro-orbital pain, myalgia",Vata-Pitta,Vata,Mild,,"Weekly-seed record (v2, organic) - week 30/52",{}
00983790-d5c3-4df7-9c70-a59f35e6218c,8fc7efec-f525-4ece-94f6-0f21afc8d133,2026-02-03T11:06:56.260011,Dengue (Dandashthaka Jwara),"High fever, severe headache, rash, retro-orbital pain, myalgia",Pitta,Pitta,Moderate,,"Weekly-seed record (v2, organic) - week 31/52",{}
788054b1-ce86-4fc2-91b6-c87f4f596fca,9a72e043-3f74-4f90-a110-a5800b9b8323,2026-02-11T11:06:56.260011,Dengue (Dandashthaka Jwara),"High fever, severe headache, rash, retro-orbital pain, myalgia",Pitta-Kapha,Pitta,Severe,,"Weekly-seed record (v2, organic) - week 32/52",{}
0a606bf2-7ecf-4ad3-b4a0-b25c4dca69e8,b45a0641-3cff-4e1a-8bce-40a8df3fa799,2026-02-18T11:06:56.260011,Dengue (Dandashthaka Jwara),"High fever, severe headache, rash, retro-orbital pain, myalgia",Pitta,Pitta,Severe,,"Weekly-seed record (v2, organic) - week 33/52",{}
308554fd-48c9-4615-8eec-546af167bd65,b090dcec-dc65-48cd-8bb3-e10ba922eed2,2026-02-19T11:06:56.260011,Dengue (Dandashthaka Jwara),"High fever, severe headache, rash, retro-orbital pain, myalgia",Vata-Pitta,Kapha,Moderate,,"Weekly-seed record (v2, organic) - week 33/52",{}
2af6d0b1-da8b-4a02-b9f0-1d04a6404c78,82b3f3e1-dcaa-4889-b2c5-b2c6cf0dce4e,2026-02-20T11:06:56.260011,Dengue (Dandashthaka Jwara),"High fever, severe headache, rash, retro-orbital pain, myalgia",Kapha,Vata,Moderate,,"Weekly-seed record (v2, organic) - week 34/52",{}
cee02db8-03b1-42bd-8682-65d7e053d2dd,fd38fd08-0888-49fe-a87d-1e8a5ceac484,2026-02-21T11:06:56.260011,Dengue (Dandashthaka Jwara),"High fever, severe headache, rash, retro-orbital pain, myalgia",Kapha,Vata,Severe,,"Weekly-seed record (v2, organic) - week 34/52",{}
c65ab2a3-5498-45f6-88b6-80276c22f4a7,61e13cea-61ab-4d3b-9aed-773ece96fa27,2026-02-24T11:06:56.260011,Dengue (Dandashthaka Jwara),"High fever, severe headache, rash, retro-orbital pain, myalgia",Kapha,Vata,Moderate,,"Weekly-seed record (v2, organic) - week 34/52",{}
81795153-c163-4ec1-8bd9-91f041ff4411,3fd4acc7-a233-4f2b-a3a5-f68015c85aa6,2026-02-28T11:06:56.260011,Dengue (Dandashthaka Jwara),"High fever, severe headache, rash, retro-orbital pain, myalgia",Vata,Pitta,Mild,,"Weekly-seed record (v2, organic) - week 35/52",{}
49a31caa-8115-4cd3-a204-e5c52b6098d8,4085f456-9147-4126-a499-3e59fcebe6a2,2026-02-28T11:06:56.260011,Dengue (Dandashthaka Jwara),"High fever, severe headache, rash, retro-orbital pain, myalgia",Pitta-Kapha,Vata,Mild,,"Weekly-seed record (v2, organic) - week 35/52",{}
d260f107-3ebb-4e3e-81c6-b528cb7851dc,d65f2d2d-1292-4806-944f-83f3098f056f,2026-03-08T11:06:56.260011,Dengue (Dandashthaka Jwara),"High fever, severe headache, rash, retro-orbital pain, myalgia",Pitta,Vata,Severe,,"Weekly-seed record (v2, organic) - week 36/52",{}
10f30398-9088-41dd-81a3-a2868de330fa,e3df459c-3bd3-4032-a484-eebe1a01f251,2026-03-06T11:06:56.260011,Dengue (Dandashthaka Jwara),"High fever, severe headache, rash, retro-orbital pain, myalgia",Pitta-Kapha,Vata,Severe,,"Weekly-seed record (v2, organic) - week 36/52",{}
1701c5d9-dbbc-49a9-b9f4-5d43d836359f,222fda28-a937-4d34-9297-045360ff2bc2,2026-03-19T11:06:56.260011,Dengue (Dandashthaka Jwara),"High fever, severe headache, rash, retro-orbital pain, myalgia",Pitta,Pitta,Mild,,"Weekly-seed record (v2, organic) - week 37/52",{}
a9985541-5cb0-4bb4-8eb3-7c49278dfd46,ee3d5465-0411-435b-a456-b5d0cb633f0f,2026-03-24T11:06:56.260011,Dengue (Dandashthaka Jwara),"High fever, severe headache, rash, retro-orbital pain, myalgia",Vata,Pitta,Mild,,"Weekly-seed record (v2, organic) - week 38/52",{}
77414a75-ee77-4771-8e87-413676323b4c,3c074679-e282-4ed6-9283-aaab4cc4cc30,2026-03-24T11:06:56.260011,Dengue (Dandashthaka Jwara),"High fever, severe headache, rash, retro-orbital pain, myalgia",Kapha,Vata,Mild,,"Weekly-seed record (v2, organic) - week 38/52",{}
f53ee018-60ad-420e-8c53-13b12cfb434a,c2e5783b-b4d6-4e56-8b7b-b65f60e7b690,2026-03-26T11:06:56.260011,Dengue (Dandashthaka Jwara),"High fever, severe headache, rash, retro-orbital pain, myalgia",Vata,Vata,Mild,,"Weekly-seed record (v2, organic) - week 38/52",{}
8dfc8329-a9f6-4b6a-9d72-cfe086ed3cdc,284f2e04-052d-4688-b561-ec59b69c0c1e,2026-03-26T11:06:56.260011,Dengue (Dandashthaka Jwara),"High fever, severe headache, rash, retro-orbital pain, myalgia",Pitta,Kapha,Moderate,,"Weekly-seed record (v2, organic) - week 38/52",{}
29842a58-4e09-429e-981d-3184dee26f39,2080eba4-fd00-4c33-9228-ff92981a6306,2026-03-28T11:06:56.260011,Dengue (Dandashthaka Jwara),"High fever, severe headache, rash, retro-orbital pain, myalgia",Kapha,Vata,Mild,,"Weekly-seed record (v2, organic) - week 39/52",{}
6c1dfb84-03ec-4492-a65c-94ef6e5c42c0,7b2929b3-4baf-4ca3-b9da-56df7d7ca10c,2026-03-30T11:06:56.260011,Dengue (Dandashthaka Jwara),"High fever, severe headache, rash, retro-orbital pain, myalgia",Pitta-Kapha,Vata,Severe,,"Weekly-seed record (v2, organic) - week 39/52",{}
93714d36-8888-4318-b70e-42ba753c3fd7,938cff92-e5a8-4ae9-8423-235d185ac7e7,2026-03-30T11:06:56.260011,Dengue (Dandashthaka Jwara),"High fever, severe headache, rash, retro-orbital pain, myalgia",Vata-Pitta,Pitta,Severe,,"Weekly-seed record (v2, organic) - week 39/52",{}
681f51c5-c771-445a-8881-cbd0a13ad9be,92f8cdae-cf48-466a-af51-a5305a3e2151,2026-04-17T11:06:56.260011,Dengue (Dandashthaka Jwara),"High fever, severe headache, rash, retro-orbital pain, myalgia",Vata-Pitta,Kapha,Mild,,"Weekly-seed record (v2, organic) - week 42/52",{}
df217f56-73df-4e38-893b-0cadd038c03d,a5618e73-e168-44c8-ad7c-378dd674bfa5,2026-04-24T11:06:56.260011,Dengue (Dandashthaka Jwara),"High fever, severe headache, rash, retro-orbital pain, myalgia",Pitta-Kapha,Pitta,Moderate,,"Weekly-seed record (v2, organic) - week 43/52",{}
8ae3da87-d354-4fa0-8d44-d80ab20e8753,6e790b3b-331d-4e1f-9a80-897f720c0cd0,2026-05-08T11:06:56.260011,Dengue (Dandashthaka Jwara),"High fever, severe headache, rash, retro-orbital pain, myalgia",Vata,Pitta,Moderate,,"Weekly-seed record (v2, organic) - week 45/52",{}
00729ca8-e6bf-405e-8447-ca0921ec580c,d334836d-f7e8-4a2c-8348-0d18e7793074,2026-05-13T11:06:56.260011,Dengue (Dandashthaka Jwara),"High fever, severe headache, rash, retro-orbital pain, myalgia",Vata,Pitta,Severe,,"Weekly-seed record (v2, organic) - week 45/52",{}
e4666151-4cf5-4bce-8b67-f9a96789089b,25392ce8-e91c-4bb6-99b1-e982ecd496a9,2026-05-15T11:06:56.260011,Dengue (Dandashthaka Jwara),"High fever, severe headache, rash, retro-orbital pain, myalgia",Vata,Pitta,Severe,,"Weekly-seed record (v2, organic) - week 46/52",{}
ceea793a-03ab-4433-9ef9-8d97abd85e3f,7928e7cf-c449-4d7e-8c10-9a404c9dda75,2026-05-15T11:06:56.260011,Dengue (Dandashthaka Jwara),"High fever, severe headache, rash, retro-orbital pain, myalgia",Pitta,Pitta,Severe,,"Weekly-seed record (v2, organic) - week 46/52",{}
6bd31bb3-6d35-4181-9acb-b5f3a46adaaf,5f486f2c-66a3-4f11-9cd8-3a64bac4e545,2026-05-19T11:06:56.260011,Dengue (Dandashthaka Jwara),"High fever, severe headache, rash, retro-orbital pain, myalgia",Pitta-Kapha,Kapha,Moderate,,"Weekly-seed record (v2, organic) - week 46/52",{}
1053b7a6-321a-4804-a9fb-07e4bdd808ca,46e46bdf-2bc4-4d53-9a51-6d108fe6f84b,2026-05-26T11:06:56.260011,Dengue (Dandashthaka Jwara),"High fever, severe headache, rash, retro-orbital pain, myalgia",Pitta-Kapha,Pitta,Moderate,,"Weekly-seed record (v2, organic) - week 47/52",{}
76138b0c-567d-4f21-9b12-60b190bbdc9f,0ec0b0fa-49cc-4628-aefa-69bd71e5cbfe,2026-06-02T11:06:56.260011,Dengue (Dandashthaka Jwara),"High fever, severe headache, rash, retro-orbital pain, myalgia",Vata-Pitta,Vata,Severe,,"Weekly-seed record (v2, organic) - week 48/52",{}
9b270b60-d34a-48a0-bf3b-c23da35ce214,9e5c2e10-0b35-4031-80d7-6b41a8a7eb71,2026-06-04T11:06:56.260011,Dengue (Dandashthaka Jwara),"High fever, severe headache, rash, retro-orbital pain, myalgia",Pitta-Kapha,Kapha,Mild,,"Weekly-seed record (v2, organic) - week 48/52",{}
f814e968-8525-4c2b-827d-733b2e375333,626610a1-24f8-4529-85fc-53e8ca66fe23,2026-06-01T11:06:56.260011,Dengue (Dandashthaka Jwara),"High fever, severe headache, rash, retro-orbital pain, myalgia",Pitta,Pitta,Moderate,,"Weekly-seed record (v2, organic) - week 48/52",{}
b748abdf-ad79-4b37-9174-5311e7f715dc,657d2a40-8be6-4f0a-828b-592a173a22bd,2026-06-01T11:06:56.260011,Dengue (Dandashthaka Jwara),"High fever, severe headache, rash, retro-orbital pain, myalgia",Vata-Pitta,Pitta,Severe,,"Weekly-seed record (v2, organic) - week 48/52",{}
98cecd18-5858-4159-8775-d87ce0ea42ba,023dc9bc-0a47-4053-80d0-34c0fc765d8e,2026-06-07T11:06:56.260011,Dengue (Dandashthaka Jwara),"High fever, severe headache, rash, retro-orbital pain, myalgia",Vata-Pitta,Pitta,Severe,,"Weekly-seed record (v2, organic) - week 49/52",{}
d041333e-eeb3-46c6-8ba2-e8a33cbd5014,bb650585-b1a0-4158-88d7-52614c0e3584,2026-06-07T11:06:56.260011,Dengue (Dandashthaka Jwara),"High fever, severe headache, rash, retro-orbital pain, myalgia",Pitta,Kapha,Moderate,,"Weekly-seed record (v2, organic) - week 49/52",{}
574795b9-1d3d-4608-a78f-17baa36d0821,353c10f6-6135-4ead-be34-e2f54be8ed7b,2026-06-12T11:06:56.260011,Dengue (Dandashthaka Jwara),"High fever, severe headache, rash, retro-orbital pain, myalgia",Vata,Vata,Moderate,,"Weekly-seed record (v2, organic) - week 50/52",{}
79daaedf-0be1-415f-9ad2-7658137dd832,89c1e550-fada-48c7-b73d-a9fcb1f25ffd,2026-06-24T11:06:56.260011,Dengue (Dandashthaka Jwara),"High fever, severe headache, rash, retro-orbital pain, myalgia",Kapha,Vata,Severe,,"Weekly-seed record (v2, organic) - week 51/52",{}
21e02607-3fac-4845-ae32-e95c85174ba1,1ecaa841-42a0-4b76-a889-9e88fa40d43d,2025-07-08T11:06:56.260011,Cough (Kasa),"Persistent cough, throat irritation, breathlessness",Kapha,Kapha,Mild,,"Weekly-seed record (v2, organic) - week 1/52",{}
9b045056-9720-455e-b227-33d74ebca993,8a353a2d-fb96-4f8e-bc81-d2f296f19176,2025-07-06T11:06:56.260011,Cough (Kasa),"Persistent cough, throat irritation, breathlessness",Vata-Pitta,Kapha,Mild,,"Weekly-seed record (v2, organic) - week 1/52",{}
9d23dfb9-130c-434b-b2ff-ebcbff88e798,e2351bf1-8d50-4812-87ef-383a8a0e3b77,2025-07-08T11:06:56.260011,Cough (Kasa),"Persistent cough, throat irritation, breathlessness",Kapha,Pitta,Mild,,"Weekly-seed record (v2, organic) - week 1/52",{}
f5038a88-8fbb-46d0-9d19-bd85bb52fabc,b99aeef8-fcfe-4464-8d48-4a1d862871d6,2025-07-15T11:06:56.260011,Cough (Kasa),"Persistent cough, throat irritation, breathlessness",Pitta,Vata,Severe,,"Weekly-seed record (v2, organic) - week 2/52",{}
92caef64-faf7-47b8-bd90-c3d4a88c084d,578cf7d9-1928-43c4-849f-04df9b9550cf,2025-07-12T11:06:56.260011,Cough (Kasa),"Persistent cough, throat irritation, breathlessness",Vata,Pitta,Severe,,"Weekly-seed record (v2, organic) - week 2/52",{}
7e559dcc-f8ef-4aff-9074-d286182b8ef9,61e13cea-61ab-4d3b-9aed-773ece96fa27,2025-07-11T11:06:56.260011,Cough (Kasa),"Persistent cough, throat irritation, breathlessness",Kapha,Kapha,Mild,,"Weekly-seed record (v2, organic) - week 2/52",{}
5339190c-5eda-4705-8016-51c71b6d9c98,01d1fa93-bd3f-44b0-b8a1-81b87e0e7564,2025-07-21T11:06:56.260011,Cough (Kasa),"Persistent cough, throat irritation, breathlessness",Pitta-Kapha,Kapha,Severe,,"Weekly-seed record (v2, organic) - week 3/52",{}
7943b7b8-4392-40e9-bfc5-cd63267c27de,8051f6aa-6334-49c8-a895-c9e2d9fe6d6f,2025-07-30T11:06:56.260011,Cough (Kasa),"Persistent cough, throat irritation, breathlessness",Pitta-Kapha,Vata,Severe,,"Weekly-seed record (v2, organic) - week 4/52",{}
8899e843-8fc5-43df-a570-d6ae5f1c7a96,d3e9e3ed-00ef-4cd2-9ea2-5de5ff487ba3,2025-07-31T11:06:56.260011,Cough (Kasa),"Persistent cough, throat irritation, breathlessness",Kapha,Vata,Mild,,"Weekly-seed record (v2, organic) - week 4/52",{}
26087ff9-4dc2-4d5b-b51e-2933ddd1bce1,b8f984da-629d-4075-80f8-a3e0653300a9,2025-07-30T11:06:56.260011,Cough (Kasa),"Persistent cough, throat irritation, breathlessness",Kapha,Pitta,Moderate,,"Weekly-seed record (v2, organic) - week 4/52",{}
5c41fc5e-75bf-40b9-a12a-6f20874ba71a,32fb151f-1500-4802-bf2e-a28569bca551,2025-08-02T11:06:56.260011,Cough (Kasa),"Persistent cough, throat irritation, breathlessness",Pitta,Kapha,Severe,,"Weekly-seed record (v2, organic) - week 5/52",{}
8551317e-1621-4dbc-9553-8bc4c1f21933,6a0adaf9-d7f2-49eb-bf36-94ab8b287f72,2025-08-01T11:06:56.260011,Cough (Kasa),"Persistent cough, throat irritation, breathlessness",Pitta,Kapha,Severe,,"Weekly-seed record (v2, organic) - week 5/52",{}
90edd9fc-9ebc-4678-bd4f-1b8033ad9a61,10dc5e3a-46a4-4748-9ef8-18299079c01f,2025-08-08T11:06:56.260011,Cough (Kasa),"Persistent cough, throat irritation, breathlessness",Pitta-Kapha,Vata,Moderate,,"Weekly-seed record (v2, organic) - week 6/52",{}
8b336411-e73e-47e2-8aa0-623fc373f9c6,bdbf00c7-5d65-4415-92d3-73dd94986254,2025-08-18T11:06:56.260011,Cough (Kasa),"Persistent cough, throat irritation, breathlessness",Kapha,Vata,Moderate,,"Weekly-seed record (v2, organic) - week 7/52",{}
4327d0c6-fd91-4293-8ec2-6132a623e955,a380d836-e795-4f24-8593-5f7a891c14e2,2025-08-20T11:06:56.260011,Cough (Kasa),"Persistent cough, throat irritation, breathlessness",Kapha,Kapha,Severe,,"Weekly-seed record (v2, organic) - week 7/52",{}
1ed08d27-f8a6-4388-a832-1d5996d60f20,3786e287-1e22-487b-810b-e4f4384d94b0,2025-08-15T11:06:56.260011,Cough (Kasa),"Persistent cough, throat irritation, breathlessness",Pitta,Vata,Severe,,"Weekly-seed record (v2, organic) - week 7/52",{}
d40f6ce4-3703-4fc3-8796-de31e86075b2,bdbd75f9-e153-40b1-a2cb-71f24ef4cd3f,2025-08-27T11:06:56.260011,Cough (Kasa),"Persistent cough, throat irritation, breathlessness",Vata,Pitta,Moderate,,"Weekly-seed record (v2, organic) - week 8/52",{}
ea71b860-0ee3-457e-ad76-47a9d07f4f64,e99d80b7-18a0-4f14-8e4b-67310934d00d,2025-08-25T11:06:56.260011,Cough (Kasa),"Persistent cough, throat irritation, breathlessness",Vata-Pitta,Kapha,Moderate,,"Weekly-seed record (v2, organic) - week 8/52",{}
e84c924d-015e-43b4-b0b3-6e332e709e6d,f6b7380f-2a17-403a-ba0e-4fd6d89f8a89,2025-08-24T11:06:56.260011,Cough (Kasa),"Persistent cough, throat irritation, breathlessness",Pitta,Kapha,Mild,,"Weekly-seed record (v2, organic) - week 8/52",{}
2c5488e1-fe16-4cbc-b4a9-9bba09345d4c,15a49ab9-d04c-4a40-98d8-de6506297e69,2025-09-01T11:06:56.260011,Cough (Kasa),"Persistent cough, throat irritation, breathlessness",Vata,Pitta,Severe,,"Weekly-seed record (v2, organic) - week 9/52",{}
d1181b15-dd46-40b3-be39-39afd0e53c65,80321479-9b6a-4c02-98ad-27cf0728784c,2025-09-02T11:06:56.260011,Cough (Kasa),"Persistent cough, throat irritation, breathlessness",Vata-Pitta,Kapha,Severe,,"Weekly-seed record (v2, organic) - week 9/52",{}
eefed710-8873-468c-9283-5f1c76859e32,fea594d1-51c1-49d5-b122-05b855ebd770,2025-09-05T11:06:56.260011,Cough (Kasa),"Persistent cough, throat irritation, breathlessness",Pitta,Pitta,Severe,,"Weekly-seed record (v2, organic) - week 10/52",{}
59ecf604-73ab-474c-a3c2-1e3b4f216ccf,faa77aee-10ad-49a8-a252-63e2f908b841,2025-09-05T11:06:56.260011,Cough (Kasa),"Persistent cough, throat irritation, breathlessness",Pitta,Pitta,Mild,,"Weekly-seed record (v2, organic) - week 10/52",{}
d394b2c8-c991-4c43-a2f8-f379ab82533d,f4d5afd4-e183-4732-a4a7-866f5f2c2fc2,2025-09-13T11:06:56.260011,Cough (Kasa),"Persistent cough, throat irritation, breathlessness",Kapha,Pitta,Moderate,,"Weekly-seed record (v2, organic) - week 11/52",{}
b525f120-e979-4655-99be-831233a3e0a6,b268a2c7-3a80-441a-be31-71d95b6cd810,2025-09-12T11:06:56.260011,Cough (Kasa),"Persistent cough, throat irritation, breathlessness",Vata-Pitta,Kapha,Moderate,,"Weekly-seed record (v2, organic) - week 11/52",{}
33375509-4f37-469f-82d2-7655b0d781d3,7cb54c5c-ca4c-4ab1-81a6-4a4f702bafb4,2025-09-13T11:06:56.260011,Cough (Kasa),"Persistent cough, throat irritation, breathlessness",Vata-Pitta,Kapha,Severe,,"Weekly-seed record (v2, organic) - week 11/52",{}
8ef94e18-a510-46cd-9361-0e0f4bc33ff4,b146c3c0-2321-4718-9b71-917dbe9758a8,2025-09-16T11:06:56.260011,Cough (Kasa),"Persistent cough, throat irritation, breathlessness",Pitta-Kapha,Kapha,Moderate,,"Weekly-seed record (v2, organic) - week 11/52",{}
0cbbee3d-80ca-4d7c-bb41-cfae1669da1d,3c434fcd-f07c-4c86-b880-afaf2747cbff,2025-09-15T11:06:56.260011,Cough (Kasa),"Persistent cough, throat irritation, breathlessness",Vata,Pitta,Mild,,"Weekly-seed record (v2, organic) - week 11/52",{}
0b98d1e7-9c1b-43be-a8bd-35f27b0a66d4,1bd1a606-f0aa-477e-b5af-4465704114cb,2025-09-12T11:06:56.260011,Cough (Kasa),"Persistent cough, throat irritation, breathlessness",Kapha,Kapha,Moderate,,"Weekly-seed record (v2, organic) - week 11/52",{}
50a37c10-3d3a-45ed-842e-f5af598ba76c,17889c42-57f5-4de2-b1dd-54dd00b2ec77,2025-09-22T11:06:56.260011,Cough (Kasa),"Persistent cough, throat irritation, breathlessness",Vata-Pitta,Pitta,Mild,,"Weekly-seed record (v2, organic) - week 12/52",{}
fbe97361-992d-498f-82bc-c9a2b2a41a27,38ca548e-e80b-41b8-9799-2e6f865d2302,2025-09-19T11:06:56.260011,Cough (Kasa),"Persistent cough, throat irritation, breathlessness",Kapha,Vata,Severe,,"Weekly-seed record (v2, organic) - week 12/52",{}
00d08bd4-46d0-49d6-aa4b-80264c054c9f,1b8907f8-c801-4a84-bbb3-a6d21a4da257,2025-09-25T11:06:56.260011,Cough (Kasa),"Persistent cough, throat irritation, breathlessness",Kapha,Vata,Moderate,,"Weekly-seed record (v2, organic) - week 12/52",{}
5c1e4ca5-2ec2-4304-bdc6-e25f01e69884,cef256de-7027-4c91-b77c-aeba646f95c2,2025-09-26T11:06:56.260011,Cough (Kasa),"Persistent cough, throat irritation, breathlessness",Pitta,Pitta,Severe,,"Weekly-seed record (v2, organic) - week 13/52",{}
90b13f7f-e457-4b27-bc22-91c05b75503d,6a0adaf9-d7f2-49eb-bf36-94ab8b287f72,2025-10-07T11:06:56.260011,Cough (Kasa),"Persistent cough, throat irritation, breathlessness",Vata,Pitta,Moderate,,"Weekly-seed record (v2, organic) - week 14/52",{}
7d336dc9-c42e-44c7-9106-be2f15389e9a,c428e24c-ef1d-42a0-a616-2b815fe2f8d3,2025-10-05T11:06:56.260011,Cough (Kasa),"Persistent cough, throat irritation, breathlessness",Pitta,Pitta,Mild,,"Weekly-seed record (v2, organic) - week 14/52",{}
3ae137d6-46c8-445f-a4a2-e381b1c6f894,785b9d7f-7d8b-40d6-8917-25f3954d63be,2025-10-07T11:06:56.260011,Cough (Kasa),"Persistent cough, throat irritation, breathlessness",Vata,Kapha,Severe,,"Weekly-seed record (v2, organic) - week 14/52",{}
8a666a39-a400-431d-8506-bc3363b606de,4f17519f-35af-4605-a20f-cba0dae2ee59,2025-10-16T11:06:56.260011,Cough (Kasa),"Persistent cough, throat irritation, breathlessness",Kapha,Pitta,Severe,,"Weekly-seed record (v2, organic) - week 15/52",{}
cc9e6318-428c-4c06-9640-3109f0c4a635,9b81443e-70c0-4787-8d5f-9f3ee7afc7e1,2025-10-22T11:06:56.260011,Cough (Kasa),"Persistent cough, throat irritation, breathlessness",Pitta,Vata,Mild,,"Weekly-seed record (v2, organic) - week 16/52",{}
aea6ea25-26f7-42d9-90e3-9717f0d6302c,da119ab8-32bc-41cf-9c9b-61fa5b244629,2025-10-19T11:06:56.260011,Cough (Kasa),"Persistent cough, throat irritation, breathlessness",Pitta,Vata,Severe,,"Weekly-seed record (v2, organic) - week 16/52",{}
f309b6c2-0da3-4360-8f24-d1754a06fb60,4e6f468d-6358-4376-aa1c-a68066dbebb8,2025-10-23T11:06:56.260011,Cough (Kasa),"Persistent cough, throat irritation, breathlessness",Vata,Vata,Severe,,"Weekly-seed record (v2, organic) - week 16/52",{}
361ac3ff-9ef9-40ae-aea3-08b16ffcb4a0,184a4d1c-1311-401f-8313-623bcba5847d,2025-11-03T11:06:56.260011,Cough (Kasa),"Persistent cough, throat irritation, breathlessness",Pitta-Kapha,Kapha,Moderate,,"Weekly-seed record (v2, organic) - week 18/52",{}
a808a821-5a9a-45ae-84af-0a4c05d13055,b0bb2b40-4f60-4e5f-a5bc-7f95a5826ba8,2025-11-04T11:06:56.260011,Cough (Kasa),"Persistent cough, throat irritation, breathlessness",Pitta-Kapha,Pitta,Severe,,"Weekly-seed record (v2, organic) - week 18/52",{}
7811110f-8642-460b-a649-c1149dff32bd,de2279cc-2c48-43b0-9931-88f87e54fc6c,2025-11-01T11:06:56.260011,Cough (Kasa),"Persistent cough, throat irritation, breathlessness",Vata-Pitta,Vata,Moderate,,"Weekly-seed record (v2, organic) - week 18/52",{}
3bc9df63-e548-4c65-9fab-b9569e3e7aa1,897987e2-558c-43d7-b337-52921e51c6af,2025-11-05T11:06:56.260011,Cough (Kasa),"Persistent cough, throat irritation, breathlessness",Kapha,Pitta,Severe,,"Weekly-seed record (v2, organic) - week 18/52",{}
5260359c-eeca-4854-8c74-828b1088084d,04861c3e-de0e-4263-b490-019e3dbe8518,2025-11-09T11:06:56.260011,Cough (Kasa),"Persistent cough, throat irritation, breathlessness",Pitta-Kapha,Vata,Moderate,,"Weekly-seed record (v2, organic) - week 19/52",{}
0a1b9cd5-40f4-4be1-b4f6-c1ba3ce80454,32d695c7-d917-4fac-9b01-2a5e14ebc7ac,2025-11-10T11:06:56.260011,Cough (Kasa),"Persistent cough, throat irritation, breathlessness",Vata,Vata,Moderate,,"Weekly-seed record (v2, organic) - week 19/52",{}
55528714-c979-4e9e-b58d-0bfed709b97e,5a4729a5-b64f-405f-b900-2d70a2ff1c66,2025-11-09T11:06:56.260011,Cough (Kasa),"Persistent cough, throat irritation, breathlessness",Vata,Kapha,Mild,,"Weekly-seed record (v2, organic) - week 19/52",{}
6d1b8302-50ae-476a-9295-d1c9e3bdb657,a5618e73-e168-44c8-ad7c-378dd674bfa5,2025-11-11T11:06:56.260011,Cough (Kasa),"Persistent cough, throat irritation, breathlessness",Pitta-Kapha,Pitta,Moderate,,"Weekly-seed record (v2, organic) - week 19/52",{}
f972e17f-3523-4299-82ef-d984f974f893,5b489b04-54a8-468d-ac4f-159c8d84ccbc,2025-11-11T11:06:56.260011,Cough (Kasa),"Persistent cough, throat irritation, breathlessness",Vata,Pitta,Severe,,"Weekly-seed record (v2, organic) - week 19/52",{}
f77d3b7c-6834-465d-bae4-86737b3e013d,831377bd-c805-4dc2-8ad9-463f41aaa542,2025-11-08T11:06:56.260011,Cough (Kasa),"Persistent cough, throat irritation, breathlessness",Kapha,Kapha,Moderate,,"Weekly-seed record (v2, organic) - week 19/52",{}
ea67ffb0-9729-463d-845f-9b0cf66acdcf,3d6bbac1-1d74-4b9a-baee-90088c9f5ece,2025-11-08T11:06:56.260011,Cough (Kasa),"Persistent cough, throat irritation, breathlessness",Vata,Pitta,Mild,,"Weekly-seed record (v2, organic) - week 19/52",{}
17f47c61-65d6-48ec-af6a-662fcf1504e1,461ccfbd-7928-41e0-bc74-54e39824d9a7,2025-11-20T11:06:56.260011,Cough (Kasa),"Persistent cough, throat irritation, breathlessness",Kapha,Kapha,Mild,,"Weekly-seed record (v2, organic) - week 20/52",{}
7f2d5170-fece-4eb5-90e7-c52d3285964e,e34b7b05-0c12-49e2-9709-9ac30c8e5086,2025-11-19T11:06:56.260011,Cough (Kasa),"Persistent cough, throat irritation, breathlessness",Pitta,Vata,Mild,,"Weekly-seed record (v2, organic) - week 20/52",{}
acd9134a-88b4-4a7d-9be8-b4ce53706ca1,905be3a3-b1cd-47bd-b340-895f43f17ec0,2025-11-17T11:06:56.260011,Cough (Kasa),"Persistent cough, throat irritation, breathlessness",Vata-Pitta,Kapha,Severe,,"Weekly-seed record (v2, organic) - week 20/52",{}
eb3863c7-6f19-4325-a441-12b1734bec04,9027b642-6669-4e5d-9de9-6197e231bf03,2025-11-15T11:06:56.260011,Cough (Kasa),"Persistent cough, throat irritation, breathlessness",Kapha,Pitta,Moderate,,"Weekly-seed record (v2, organic) - week 20/52",{}
ae557411-ab76-40e0-943f-ed5d1c55d117,8bc6c086-aab1-46c5-a26f-81589f7e2b14,2025-11-17T11:06:56.260011,Cough (Kasa),"Persistent cough, throat irritation, breathlessness",Kapha,Kapha,Severe,,"Weekly-seed record (v2, organic) - week 20/52",{}
672db72f-0eef-4384-af5a-bbeff7f9429d,bc314a3b-2960-47cc-9949-f4b294cb4853,2025-11-20T11:06:56.260011,Cough (Kasa),"Persistent cough, throat irritation, breathlessness",Kapha,Vata,Moderate,,"Weekly-seed record (v2, organic) - week 20/52",{}
ee8f11de-9a20-4055-9a91-92bc1948f0e2,f8af0b06-2aa7-4127-9b25-329f239407ef,2025-11-25T11:06:56.260011,Cough (Kasa),"Persistent cough, throat irritation, breathlessness",Vata-Pitta,Pitta,Moderate,,"Weekly-seed record (v2, organic) - week 21/52",{}
0fc93aa5-295c-4ab0-a9bc-cc50087ac1c3,1602ef2e-0031-469b-9a7f-6b4ad32085b6,2025-11-27T11:06:56.260011,Cough (Kasa),"Persistent cough, throat irritation, breathlessness",Pitta-Kapha,Vata,Moderate,,"Weekly-seed record (v2, organic) - week 21/52",{}
78b4cf77-ee46-4b90-81b3-812d7b3d0cc3,f0755502-6c6b-43ea-92be-1e8fe6e8750c,2025-11-25T11:06:56.260011,Cough (Kasa),"Persistent cough, throat irritation, breathlessness",Pitta,Pitta,Moderate,,"Weekly-seed record (v2, organic) - week 21/52",{}
6719a306-d8d5-444a-81c1-c3aae390cda6,fbd6a056-a2ca-4b7e-bf5e-fba558452aa6,2025-12-10T11:06:56.260011,Cough (Kasa),"Persistent cough, throat irritation, breathlessness",Vata-Pitta,Vata,Severe,,"Weekly-seed record (v2, organic) - week 23/52",{}
9a055590-1658-47af-a3cc-62def372d7f5,919dd9fe-8727-4be0-b1d9-605ec59b16a6,2025-12-05T11:06:56.260011,Cough (Kasa),"Persistent cough, throat irritation, breathlessness",Kapha,Kapha,Moderate,,"Weekly-seed record (v2, organic) - week 23/52",{}
232d7d9e-9682-4387-b84a-d29ea6dea02f,6e790b3b-331d-4e1f-9a80-897f720c0cd0,2025-12-11T11:06:56.260011,Cough (Kasa),"Persistent cough, throat irritation, breathlessness",Kapha,Vata,Severe,,"Weekly-seed record (v2, organic) - week 23/52",{}
4304e96b-dc7d-4b91-a4a4-12eb9b8395c9,1aaee3a0-3ba5-406f-baec-2ea62e2b56f3,2025-12-11T11:06:56.260011,Cough (Kasa),"Persistent cough, throat irritation, breathlessness",Pitta-Kapha,Vata,Severe,,"Weekly-seed record (v2, organic) - week 23/52",{}
2304c9a5-5a40-4434-b175-5a7544971b2b,033c7bd7-ecda-442d-8df0-3c01783751c7,2025-12-08T11:06:56.260011,Cough (Kasa),"Persistent cough, throat irritation, breathlessness",Pitta-Kapha,Pitta,Mild,,"Weekly-seed record (v2, organic) - week 23/52",{}
fcf2a77c-76b4-4aa5-b30f-734ffcd6633f,9e273c84-b6ab-427f-9bf4-2e37c579965c,2025-12-14T11:06:56.260011,Cough (Kasa),"Persistent cough, throat irritation, breathlessness",Pitta,Vata,Moderate,,"Weekly-seed record (v2, organic) - week 24/52",{}
8bc1d1c2-5a74-4b48-89d2-f74d2f03d69e,0c8dbd35-7068-4ff5-80cc-a3bed539f2fe,2025-12-22T11:06:56.260011,Cough (Kasa),"Persistent cough, throat irritation, breathlessness",Pitta,Vata,Mild,,"Weekly-seed record (v2, organic) - week 25/52",{}
569aa68c-9d18-40b5-8abd-51742bd15591,d5a4ac87-cd1f-4adc-bdd0-22a28ea02722,2025-12-19T11:06:56.260011,Cough (Kasa),"Persistent cough, throat irritation, breathlessness",Kapha,Vata,Severe,,"Weekly-seed record (v2, organic) - week 25/52",{}
42e7b128-9ec5-4df2-85a3-86265e2ab246,682ecf68-4a6f-4a27-a27a-76b66545f78a,2025-12-23T11:06:56.260011,Cough (Kasa),"Persistent cough, throat irritation, breathlessness",Pitta-Kapha,Vata,Severe,,"Weekly-seed record (v2, organic) - week 25/52",{}
03838b2b-fd3b-4009-993e-5cb19e985445,1572a1aa-b834-4a99-b93e-90463e7d1865,2025-12-25T11:06:56.260011,Cough (Kasa),"Persistent cough, throat irritation, breathlessness",Pitta-Kapha,Vata,Severe,,"Weekly-seed record (v2, organic) - week 25/52",{}
90f9808e-c7cc-431b-8f30-29fb16f33e60,dc0c1a22-90ca-42f0-ab8a-39cfd955526f,2025-12-27T11:06:56.260011,Cough (Kasa),"Persistent cough, throat irritation, breathlessness",Pitta,Vata,Severe,,"Weekly-seed record (v2, organic) - week 26/52",{}
8390a975-2358-4b46-97ed-19389a0f0152,682ecf68-4a6f-4a27-a27a-76b66545f78a,2026-01-06T11:06:56.260011,Cough (Kasa),"Persistent cough, throat irritation, breathlessness",Pitta,Kapha,Moderate,,"Weekly-seed record (v2, organic) - week 27/52",{}
dad60041-bc7a-4e3b-a999-27c538f1f2e3,6815d93a-0eb2-4754-af80-4ca8e423fce7,2026-01-12T11:06:56.260011,Cough (Kasa),"Persistent cough, throat irritation, breathlessness",Kapha,Kapha,Severe,,"Weekly-seed record (v2, organic) - week 28/52",{}
ddccb557-de5d-49b6-93d0-50be99122c5c,6e84f7a6-eb67-48e5-9d55-6a4a09594123,2026-01-12T11:06:56.260011,Cough (Kasa),"Persistent cough, throat irritation, breathlessness",Pitta-Kapha,Pitta,Severe,,"Weekly-seed record (v2, organic) - week 28/52",{}
13adbcda-4ab3-4b64-b8ec-b5dfd6f7b1f6,5bfd7492-c854-41c0-93df-57389c318952,2026-01-12T11:06:56.260011,Cough (Kasa),"Persistent cough, throat irritation, breathlessness",Pitta,Kapha,Mild,,"Weekly-seed record (v2, organic) - week 28/52",{}
d51ad1c2-1dd0-4806-bd42-485e9463f0ef,0b20ba30-3a67-4d64-994e-d51dedd67492,2026-01-15T11:06:56.260011,Cough (Kasa),"Persistent cough, throat irritation, breathlessness",Vata-Pitta,Vata,Moderate,,"Weekly-seed record (v2, organic) - week 28/52",{}
a7bc970e-474a-4197-a814-0ce9be4f9bd5,80321479-9b6a-4c02-98ad-27cf0728784c,2026-01-13T11:06:56.260011,Cough (Kasa),"Persistent cough, throat irritation, breathlessness",Vata-Pitta,Pitta,Moderate,,"Weekly-seed record (v2, organic) - week 28/52",{}
d906028c-b34d-4ed7-a880-5e26594c682c,be9fa21a-efcd-4e4d-81a1-18296d7861e8,2026-01-19T11:06:56.260011,Cough (Kasa),"Persistent cough, throat irritation, breathlessness",Pitta-Kapha,Kapha,Moderate,,"Weekly-seed record (v2, organic) - week 29/52",{}
b000e628-c933-4032-b9b1-ecc2bb154d38,4d737da3-8995-44ba-ae7f-adf70b4741c7,2026-01-22T11:06:56.260011,Cough (Kasa),"Persistent cough, throat irritation, breathlessness",Pitta,Kapha,Mild,,"Weekly-seed record (v2, organic) - week 29/52",{}
7dfd527c-de3e-4258-a393-2537e1206227,4c61e122-6f1f-4f63-b29f-83610ff915d5,2026-01-18T11:06:56.260011,Cough (Kasa),"Persistent cough, throat irritation, breathlessness",Vata,Kapha,Moderate,,"Weekly-seed record (v2, organic) - week 29/52",{}
5add7e15-2bb2-486c-87d1-8e2bd8f2a033,1d00dc35-fc33-470a-be8d-e14e80b17e40,2026-01-25T11:06:56.260011,Cough (Kasa),"Persistent cough, throat irritation, breathlessness",Pitta-Kapha,Vata,Severe,,"Weekly-seed record (v2, organic) - week 30/52",{}
66f4e5fe-c741-4981-aa20-a53d568af9ee,9794940b-e5ef-4b76-b611-e0a5df9ef8ec,2026-01-27T11:06:56.260011,Cough (Kasa),"Persistent cough, throat irritation, breathlessness",Vata,Pitta,Mild,,"Weekly-seed record (v2, organic) - week 30/52",{}
ef6356a9-d7d7-467d-9e2e-e16ddd02d4ab,2fc48019-75bf-4f30-9116-6666c30599c4,2026-01-31T11:06:56.260011,Cough (Kasa),"Persistent cough, throat irritation, breathlessness",Kapha,Pitta,Severe,,"Weekly-seed record (v2, organic) - week 31/52",{}
d3006629-69b0-4e15-96b7-00af491e63e2,08aa84de-e5ed-4482-8f62-08862965f54a,2026-02-05T11:06:56.260011,Cough (Kasa),"Persistent cough, throat irritation, breathlessness",Vata-Pitta,Vata,Mild,,"Weekly-seed record (v2, organic) - week 31/52",{}
a996801a-d411-46e9-9745-869e4854774b,4228045e-21df-4026-be8a-75897d5fdc33,2026-02-02T11:06:56.260011,Cough (Kasa),"Persistent cough, throat irritation, breathlessness",Kapha,Vata,Moderate,,"Weekly-seed record (v2, organic) - week 31/52",{}
3511931c-ea98-4f9d-aab8-3a17de177657,c3034117-47a1-4672-83d5-7060a68f63f2,2026-02-09T11:06:56.260011,Cough (Kasa),"Persistent cough, throat irritation, breathlessness",Pitta-Kapha,Pitta,Mild,,"Weekly-seed record (v2, organic) - week 32/52",{}
82bbae7f-b556-4121-9079-03583c7a0e3c,68ac414e-d32a-4b9e-a78f-1c82961510fa,2026-02-06T11:06:56.260011,Cough (Kasa),"Persistent cough, throat irritation, breathlessness",Kapha,Vata,Mild,,"Weekly-seed record (v2, organic) - week 32/52",{}
074d315a-615b-44d9-b706-fb4ec4aebcdf,3ee264d2-3372-43d3-9076-31f07e760024,2026-02-06T11:06:56.260011,Cough (Kasa),"Persistent cough, throat irritation, breathlessness",Kapha,Vata,Mild,,"Weekly-seed record (v2, organic) - week 32/52",{}
c4cb8ed4-bc53-4b8c-a68e-f10cbca6c19c,0e355b07-5976-4177-bc19-cc009bc22b31,2026-02-15T11:06:56.260011,Cough (Kasa),"Persistent cough, throat irritation, breathlessness",Vata-Pitta,Kapha,Mild,,"Weekly-seed record (v2, organic) - week 33/52",{}
3990c854-4ac1-45b0-84a6-58003f310224,84cdf1ff-fdd5-4fe5-acc2-4e3ea3f03ad6,2026-02-18T11:06:56.260011,Cough (Kasa),"Persistent cough, throat irritation, breathlessness",Vata-Pitta,Pitta,Severe,,"Weekly-seed record (v2, organic) - week 33/52",{}
0912dbfa-d111-4140-b041-8e273a353e01,4c783e9d-495d-4c4d-a0f4-6f5ad0de5fba,2026-02-20T11:06:56.260011,Cough (Kasa),"Persistent cough, throat irritation, breathlessness",Vata,Pitta,Mild,,"Weekly-seed record (v2, organic) - week 34/52",{}
f99cb2f9-9c38-45d2-98f1-c1f8c0a14de5,6598fb6f-29d4-4b13-ad62-0f18e98871d0,2026-02-21T11:06:56.260011,Cough (Kasa),"Persistent cough, throat irritation, breathlessness",Pitta-Kapha,Kapha,Severe,,"Weekly-seed record (v2, organic) - week 34/52",{}
b6f6096b-176d-434d-a728-fb44c6c1afd3,e4c092fd-7494-4f8f-bec2-f0fbc3c2a22f,2026-03-02T11:06:56.260011,Cough (Kasa),"Persistent cough, throat irritation, breathlessness",Vata,Pitta,Mild,,"Weekly-seed record (v2, organic) - week 35/52",{}
c3b4ea3f-046e-4d91-bc81-761af8a64a25,66f4a610-56d9-4a36-819f-96ceb1ebe9d0,2026-02-27T11:06:56.260011,Cough (Kasa),"Persistent cough, throat irritation, breathlessness",Vata,Vata,Moderate,,"Weekly-seed record (v2, organic) - week 35/52",{}
2553aeea-c501-4b54-9a77-8cad885b4a2c,956a1aea-8acc-4487-8829-408896c8dc40,2026-03-05T11:06:56.260011,Cough (Kasa),"Persistent cough, throat irritation, breathlessness",Pitta-Kapha,Pitta,Mild,,"Weekly-seed record (v2, organic) - week 35/52",{}
1542c3f3-73e5-4114-9d0a-ee9ca37529a7,7db6583d-a3d4-463c-8ace-7f7985ee6ddb,2026-03-05T11:06:56.260011,Cough (Kasa),"Persistent cough, throat irritation, breathlessness",Vata-Pitta,Kapha,Severe,,"Weekly-seed record (v2, organic) - week 35/52",{}
2778f7c7-d310-4d40-bdf9-b15cad528586,2080eba4-fd00-4c33-9228-ff92981a6306,2026-03-11T11:06:56.260011,Cough (Kasa),"Persistent cough, throat irritation, breathlessness",Pitta-Kapha,Kapha,Mild,,"Weekly-seed record (v2, organic) - week 36/52",{}
dbdb2104-00b8-4163-b736-8b31d81adaff,3962e922-1632-4b57-ac0b-1f6499bb3715,2026-03-14T11:06:56.260011,Cough (Kasa),"Persistent cough, throat irritation, breathlessness",Kapha,Pitta,Mild,,"Weekly-seed record (v2, organic) - week 37/52",{}
7376ea67-677b-4a1d-bfd7-55c2d56a8c94,a5618e73-e168-44c8-ad7c-378dd674bfa5,2026-03-15T11:06:56.260011,Cough (Kasa),"Persistent cough, throat irritation, breathlessness",Pitta,Kapha,Moderate,,"Weekly-seed record (v2, organic) - week 37/52",{}
3afe02b5-3ab9-4a60-9f7c-8d405ef6b919,a761cbf3-df21-4c28-9534-bc3dc2ee0a26,2026-03-18T11:06:56.260011,Cough (Kasa),"Persistent cough, throat irritation, breathlessness",Vata,Kapha,Moderate,,"Weekly-seed record (v2, organic) - week 37/52",{}
8a2c6ba8-ec7f-402d-b763-c1a101a9e525,870d7afe-c6c2-4882-9958-af76ea166c67,2026-03-17T11:06:56.260011,Cough (Kasa),"Persistent cough, throat irritation, breathlessness",Pitta-Kapha,Kapha,Severe,,"Weekly-seed record (v2, organic) - week 37/52",{}
6f6dbc18-592c-425c-8cd7-e01c0c71f1ac,78acf6f5-f8f3-4120-8ea2-b8d4746670b9,2026-03-13T11:06:56.260011,Cough (Kasa),"Persistent cough, throat irritation, breathlessness",Vata-Pitta,Pitta,Mild,,"Weekly-seed record (v2, organic) - week 37/52",{}
e065bae4-44b8-43f5-896d-bce585373265,0444f304-d2d5-4eef-9df4-4b38f0712c46,2026-03-23T11:06:56.260011,Cough (Kasa),"Persistent cough, throat irritation, breathlessness",Kapha,Pitta,Severe,,"Weekly-seed record (v2, organic) - week 38/52",{}
073fc67c-e0ef-41ec-8fdb-80203ad0729d,2080eba4-fd00-4c33-9228-ff92981a6306,2026-03-29T11:06:56.260011,Cough (Kasa),"Persistent cough, throat irritation, breathlessness",Vata,Pitta,Mild,,"Weekly-seed record (v2, organic) - week 39/52",{}
7a0ef2d6-577b-4621-b036-b12252f039e3,40c8fdf4-e9a7-4a4f-8db2-d51ae882d4b1,2026-04-08T11:06:56.260011,Cough (Kasa),"Persistent cough, throat irritation, breathlessness",Vata,Kapha,Severe,,"Weekly-seed record (v2, organic) - week 40/52",{}
e33c814c-6b90-497c-be57-34355f52d6fa,6897e984-4cd6-4ac7-958a-1b2c0e21ead6,2026-04-12T11:06:56.260011,Cough (Kasa),"Persistent cough, throat irritation, breathlessness",Pitta,Vata,Moderate,,"Weekly-seed record (v2, organic) - week 41/52",{}
e10ac9dc-51ba-4319-965d-1e920465f5bb,238fd634-88bd-43cc-9426-ecd5dd6df426,2026-04-12T11:06:56.260011,Cough (Kasa),"Persistent cough, throat irritation, breathlessness",Pitta,Kapha,Moderate,,"Weekly-seed record (v2, organic) - week 41/52",{}
6469e856-aad8-4ea6-99ed-030cb9cd7913,fbdbd9c2-c61b-491a-b6cd-4d56a1ac14b0,2026-04-13T11:06:56.260011,Cough (Kasa),"Persistent cough, throat irritation, breathlessness",Pitta,Vata,Mild,,"Weekly-seed record (v2, organic) - week 41/52",{}
842f59e2-13fc-43d3-819c-09d1591978dd,4d68af35-eafe-4b0a-9ece-0d6def3e9ef5,2026-04-23T11:06:56.260011,Cough (Kasa),"Persistent cough, throat irritation, breathlessness",Vata-Pitta,Vata,Moderate,,"Weekly-seed record (v2, organic) - week 42/52",{}
ed4e86c6-8e28-4f64-95d1-56b6b6ba1098,ad67c592-f178-4087-bf63-49d39917d684,2026-04-17T11:06:56.260011,Cough (Kasa),"Persistent cough, throat irritation, breathlessness",Pitta,Vata,Moderate,,"Weekly-seed record (v2, organic) - week 42/52",{}
12dbb5c7-5985-4e0c-b623-c6153a661d35,253e0962-942e-4fc2-a7a4-e7ad779e0ac5,2026-04-21T11:06:56.260011,Cough (Kasa),"Persistent cough, throat irritation, breathlessness",Vata-Pitta,Kapha,Moderate,,"Weekly-seed record (v2, organic) - week 42/52",{}
e233a319-ef5d-4d87-aebd-4bb09cbfed04,10792a5b-0d46-4b38-a9bb-b2f2efa7f10e,2026-04-17T11:06:56.260011,Cough (Kasa),"Persistent cough, throat irritation, breathlessness",Pitta,Pitta,Moderate,,"Weekly-seed record (v2, organic) - week 42/52",{}
4b01e2df-57a2-4c2a-82f4-8aa12029636a,55527f2c-6a58-4f92-a2ea-208a7f3bb5aa,2026-04-23T11:06:56.260011,Cough (Kasa),"Persistent cough, throat irritation, breathlessness",Vata,Kapha,Moderate,,"Weekly-seed record (v2, organic) - week 42/52",{}
7685b4fc-1d32-4a70-a0a4-95dd587c06d5,b8f984da-629d-4075-80f8-a3e0653300a9,2026-04-24T11:06:56.260011,Cough (Kasa),"Persistent cough, throat irritation, breathlessness",Kapha,Pitta,Moderate,,"Weekly-seed record (v2, organic) - week 43/52",{}
742ee2da-9aaa-4b6a-b56e-65d9494f4527,d7fdd245-9ad2-4115-9ad7-03544324ce32,2026-04-27T11:06:56.260011,Cough (Kasa),"Persistent cough, throat irritation, breathlessness",Vata-Pitta,Pitta,Mild,,"Weekly-seed record (v2, organic) - week 43/52",{}
b9871ed6-c478-4210-b54d-f5d2eee06c86,8a0e1d5d-892e-434b-be04-bd0daf9dbb15,2026-04-29T11:06:56.260011,Cough (Kasa),"Persistent cough, throat irritation, breathlessness",Vata-Pitta,Pitta,Severe,,"Weekly-seed record (v2, organic) - week 43/52",{}
90f87854-dc75-429b-8c22-91c7eb54bc41,9daa4358-a717-447a-a1fb-171c97c752e5,2026-04-30T11:06:56.260011,Cough (Kasa),"Persistent cough, throat irritation, breathlessness",Vata,Kapha,Moderate,,"Weekly-seed record (v2, organic) - week 43/52",{}
59f41e6c-2fb5-47ad-a252-b66d4a884efc,3ddb3fa8-90c4-4e3c-81b8-1527608659f3,2026-05-04T11:06:56.260011,Cough (Kasa),"Persistent cough, throat irritation, breathlessness",Pitta-Kapha,Vata,Severe,,"Weekly-seed record (v2, organic) - week 44/52",{}
daad7a53-5069-4421-bdf7-21d81c5f73f2,d6179aa1-4fd3-497b-8a02-57c8a3180ac7,2026-05-03T11:06:56.260011,Cough (Kasa),"Persistent cough, throat irritation, breathlessness",Vata,Vata,Moderate,,"Weekly-seed record (v2, organic) - week 44/52",{}
ad71a8f9-5c73-4af7-a4a2-00400e4742f5,c2e5783b-b4d6-4e56-8b7b-b65f60e7b690,2026-05-10T11:06:56.260011,Cough (Kasa),"Persistent cough, throat irritation, breathlessness",Kapha,Pitta,Severe,,"Weekly-seed record (v2, organic) - week 45/52",{}
55a596fc-fd1b-4654-bd3a-7510eb920a3f,ccb0be9b-ffc4-41e2-aab9-f4cedef39498,2026-05-18T11:06:56.260011,Cough (Kasa),"Persistent cough, throat irritation, breathlessness",Pitta,Kapha,Moderate,,"Weekly-seed record (v2, organic) - week 46/52",{}
0db1703d-db90-4e96-a2d9-0ac3f3face39,91b9aece-5bd4-457d-b372-57be098c4289,2026-05-18T11:06:56.260011,Cough (Kasa),"Persistent cough, throat irritation, breathlessness",Vata,Kapha,Moderate,,"Weekly-seed record (v2, organic) - week 46/52",{}
b0e24d9d-178c-4f93-b19b-74142fb60f84,a5618e73-e168-44c8-ad7c-378dd674bfa5,2026-05-18T11:06:56.260011,Cough (Kasa),"Persistent cough, throat irritation, breathlessness",Kapha,Kapha,Mild,,"Weekly-seed record (v2, organic) - week 46/52",{}
6c529ef4-d781-4248-88d8-f4c48b2fb708,1236d8c2-2a49-449b-a3e4-dd6ed2f707b7,2026-05-20T11:06:56.260011,Cough (Kasa),"Persistent cough, throat irritation, breathlessness",Vata-Pitta,Pitta,Severe,,"Weekly-seed record (v2, organic) - week 46/52",{}
56523880-70ae-499e-aaa3-6c3f8c75a03e,931f10ee-f204-4c0b-b769-d62524ea5c5a,2026-05-27T11:06:56.260011,Cough (Kasa),"Persistent cough, throat irritation, breathlessness",Pitta,Vata,Mild,,"Weekly-seed record (v2, organic) - week 47/52",{}
f2baeeaa-0017-4224-bc3f-a4b5cc5511fd,c92e0fc7-3198-4532-b141-b1bbc2e34a9a,2026-05-26T11:06:56.260011,Cough (Kasa),"Persistent cough, throat irritation, breathlessness",Vata-Pitta,Vata,Mild,,"Weekly-seed record (v2, organic) - week 47/52",{}
e27aa24a-c676-4667-b82a-fa3f7d03d59b,353c10f6-6135-4ead-be34-e2f54be8ed7b,2026-05-23T11:06:56.260011,Cough (Kasa),"Persistent cough, throat irritation, breathlessness",Kapha,Pitta,Moderate,,"Weekly-seed record (v2, organic) - week 47/52",{}
4c56f243-f6d0-49f5-ad48-cdeae2da544e,e6aaf6b0-8c8c-4125-b15c-de9f34dda81e,2026-05-22T11:06:56.260011,Cough (Kasa),"Persistent cough, throat irritation, breathlessness",Pitta-Kapha,Vata,Severe,,"Weekly-seed record (v2, organic) - week 47/52",{}
bc998ae3-58be-4ce0-a52a-be68bc9ffdc8,d56a8d27-6a5a-4e28-a957-7d883cf46c3c,2026-05-24T11:06:56.260011,Cough (Kasa),"Persistent cough, throat irritation, breathlessness",Kapha,Pitta,Mild,,"Weekly-seed record (v2, organic) - week 47/52",{}
a7dd1838-5676-46c5-a8f0-b2080f5acf6e,17889c42-57f5-4de2-b1dd-54dd00b2ec77,2026-05-23T11:06:56.260011,Cough (Kasa),"Persistent cough, throat irritation, breathlessness",Pitta-Kapha,Pitta,Moderate,,"Weekly-seed record (v2, organic) - week 47/52",{}
2f943661-57f0-4d0c-8b0a-7d0556b4f9f0,f7eb68cd-37f7-4230-acc4-08fe206e93f8,2026-06-03T11:06:56.260011,Cough (Kasa),"Persistent cough, throat irritation, breathlessness",Kapha,Vata,Mild,,"Weekly-seed record (v2, organic) - week 48/52",{}
0cf632c6-564d-4afb-8ccc-1b53ca1701e4,1ccba005-d6a7-4608-86ff-b0eaa8675169,2026-06-03T11:06:56.260011,Cough (Kasa),"Persistent cough, throat irritation, breathlessness",Pitta,Pitta,Severe,,"Weekly-seed record (v2, organic) - week 48/52",{}
b2d59f0e-b525-4725-a104-6454b993fec8,8bc6c086-aab1-46c5-a26f-81589f7e2b14,2026-06-09T11:06:56.260011,Cough (Kasa),"Persistent cough, throat irritation, breathlessness",Vata,Pitta,Moderate,,"Weekly-seed record (v2, organic) - week 49/52",{}
9d77597f-ddbd-49e3-8cf8-ed44ddb91e81,e5b79175-2950-45f6-9957-7fad88f7e4cb,2026-06-08T11:06:56.260011,Cough (Kasa),"Persistent cough, throat irritation, breathlessness",Pitta,Kapha,Moderate,,"Weekly-seed record (v2, organic) - week 49/52",{}
36cd9f23-249e-4eb8-a2e0-08cbda301da6,b6ce1286-8f7d-41b3-8052-46b15da0f482,2026-06-08T11:06:56.260011,Cough (Kasa),"Persistent cough, throat irritation, breathlessness",Pitta,Vata,Mild,,"Weekly-seed record (v2, organic) - week 49/52",{}
1fb17830-8a1b-43e4-b9d9-880d76b14c9e,6090d357-d298-457d-880c-1319f80a8bef,2026-06-05T11:06:56.260011,Cough (Kasa),"Persistent cough, throat irritation, breathlessness",Vata-Pitta,Vata,Severe,,"Weekly-seed record (v2, organic) - week 49/52",{}
da4dbcfe-4819-40f0-90eb-273cbaec92da,fd38fd08-0888-49fe-a87d-1e8a5ceac484,2026-06-12T11:06:56.260011,Cough (Kasa),"Persistent cough, throat irritation, breathlessness",Kapha,Kapha,Moderate,,"Weekly-seed record (v2, organic) - week 50/52",{}
b2915958-c067-46b1-a2cb-db62d109a0bf,0b4e2fc4-5466-4165-86ed-37639ebad97c,2026-06-12T11:06:56.260011,Cough (Kasa),"Persistent cough, throat irritation, breathlessness",Pitta-Kapha,Kapha,Moderate,,"Weekly-seed record (v2, organic) - week 50/52",{}
12c43471-01e7-4691-9927-ffd57eb3b290,3b33639f-c402-479e-985a-f9ef318ef8ed,2026-06-25T11:06:56.260011,Cough (Kasa),"Persistent cough, throat irritation, breathlessness",Pitta,Kapha,Severe,,"Weekly-seed record (v2, organic) - week 51/52",{}
2168baae-290c-4a33-a21b-7a2da447056f,c981ceb4-4da5-4b89-aeaf-50903cac3ced,2026-07-01T11:06:56.260011,Cough (Kasa),"Persistent cough, throat irritation, breathlessness",Pitta,Pitta,Severe,,"Weekly-seed record (v2, organic) - week 52/52",{}
feba89ac-008f-41bc-a716-5f26bc50d7d0,e5c3032d-9884-4779-a577-8c0bc29ce0c7,2026-06-26T11:06:56.260011,Cough (Kasa),"Persistent cough, throat irritation, breathlessness",Pitta,Vata,Mild,,"Weekly-seed record (v2, organic) - week 52/52",{}
34428d0b-1eea-410e-bf97-ab118708a669,78acf6f5-f8f3-4120-8ea2-b8d4746670b9,2025-07-22T11:06:56.260011,Diarrhea (Atisara),"Loose watery stools, abdominal cramps, dehydration",Kapha,Pitta,Severe,,"Weekly-seed record (v2, organic) - week 3/52",{}
57c917e2-4376-464e-a827-537741a71dee,47df3556-8d0c-47a3-a64f-0fb92dc22b50,2025-07-29T11:06:56.260011,Diarrhea (Atisara),"Loose watery stools, abdominal cramps, dehydration",Vata,Vata,Moderate,,"Weekly-seed record (v2, organic) - week 4/52",{}
a13ec742-e37e-4d3f-9be9-4e92f97776e0,8b08ffa4-3da5-4348-a84b-405c58ba4ab7,2025-08-06T11:06:56.260011,Diarrhea (Atisara),"Loose watery stools, abdominal cramps, dehydration",Vata-Pitta,Kapha,Moderate,,"Weekly-seed record (v2, organic) - week 5/52",{}
9a0ff752-211a-4ceb-9f81-9600a25a7da8,bb563702-f3df-484d-a6f9-18ed83aa691e,2025-08-11T11:06:56.260011,Diarrhea (Atisara),"Loose watery stools, abdominal cramps, dehydration",Pitta-Kapha,Vata,Mild,,"Weekly-seed record (v2, organic) - week 6/52",{}
3d919d92-1ba8-45cd-9a7d-e9de11d89aef,6b34d482-464b-4342-8047-567d9d38c122,2025-08-27T11:06:56.260011,Diarrhea (Atisara),"Loose watery stools, abdominal cramps, dehydration",Vata,Pitta,Moderate,,"Weekly-seed record (v2, organic) - week 8/52",{}
f66f4589-e3e5-4e62-b4bf-d4cf8f27c3f8,12825953-c5f2-4160-bc7f-c5997e75486e,2025-09-02T11:06:56.260011,Diarrhea (Atisara),"Loose watery stools, abdominal cramps, dehydration",Kapha,Vata,Severe,,"Weekly-seed record (v2, organic) - week 9/52",{}
0545698e-6e21-46b8-989d-90da95c4dcc1,50552609-3deb-4af5-ade4-4a67aef0ce2e,2025-09-02T11:06:56.260011,Diarrhea (Atisara),"Loose watery stools, abdominal cramps, dehydration",Pitta,Vata,Moderate,,"Weekly-seed record (v2, organic) - week 9/52",{}
52f5b443-4bf1-4ddb-ae10-2476e9e2100c,4653b874-76ef-4791-bf8b-2d45a80ce416,2025-09-11T11:06:56.260011,Diarrhea (Atisara),"Loose watery stools, abdominal cramps, dehydration",Vata,Vata,Severe,,"Weekly-seed record (v2, organic) - week 10/52",{}
9736e712-6b47-42e1-a4e7-5c7f49a97d90,4e6f468d-6358-4376-aa1c-a68066dbebb8,2025-09-07T11:06:56.260011,Diarrhea (Atisara),"Loose watery stools, abdominal cramps, dehydration",Pitta,Vata,Moderate,,"Weekly-seed record (v2, organic) - week 10/52",{}
c5119a2c-f177-4bca-b0af-767c206e304c,0b4e2fc4-5466-4165-86ed-37639ebad97c,2025-09-06T11:06:56.260011,Diarrhea (Atisara),"Loose watery stools, abdominal cramps, dehydration",Kapha,Kapha,Moderate,,"Weekly-seed record (v2, organic) - week 10/52",{}
32b52d8f-beb5-45ea-9a3c-a12e980f5afb,9794940b-e5ef-4b76-b611-e0a5df9ef8ec,2025-09-12T11:06:56.260011,Diarrhea (Atisara),"Loose watery stools, abdominal cramps, dehydration",Kapha,Vata,Severe,,"Weekly-seed record (v2, organic) - week 11/52",{}
cca1f58a-8ffa-48e9-bf98-3151cfd33a9c,715978e0-4565-45f5-9f67-7e3ea24febcf,2025-09-21T11:06:56.260011,Diarrhea (Atisara),"Loose watery stools, abdominal cramps, dehydration",Pitta,Kapha,Moderate,,"Weekly-seed record (v2, organic) - week 12/52",{}
3d11ec2f-6a03-4713-805d-d358409c0f06,a5618e73-e168-44c8-ad7c-378dd674bfa5,2025-09-23T11:06:56.260011,Diarrhea (Atisara),"Loose watery stools, abdominal cramps, dehydration",Vata,Kapha,Severe,,"Weekly-seed record (v2, organic) - week 12/52",{}
52d4e189-7c86-4083-adb3-02e270bb65ae,b5d01b23-061c-4ee4-a549-940e0ed09b00,2025-09-30T11:06:56.260011,Diarrhea (Atisara),"Loose watery stools, abdominal cramps, dehydration",Pitta-Kapha,Vata,Mild,,"Weekly-seed record (v2, organic) - week 13/52",{}
d6816dbb-fd75-4469-baa2-679067e0b882,c040c651-cba9-404b-a576-b9bd313a0b46,2025-09-30T11:06:56.260011,Diarrhea (Atisara),"Loose watery stools, abdominal cramps, dehydration",Pitta-Kapha,Pitta,Severe,,"Weekly-seed record (v2, organic) - week 13/52",{}
ec7a336e-9251-4d90-8918-55f06f7f88b4,41e9605c-8948-4f5a-94d3-e43cb80d992f,2025-10-09T11:06:56.260011,Diarrhea (Atisara),"Loose watery stools, abdominal cramps, dehydration",Vata,Vata,Mild,,"Weekly-seed record (v2, organic) - week 14/52",{}
51a49f8a-081e-4838-a76f-a0eaa76b9bae,ec7594dd-41be-4a51-a36b-827e6f011660,2025-10-09T11:06:56.260011,Diarrhea (Atisara),"Loose watery stools, abdominal cramps, dehydration",Pitta-Kapha,Pitta,Severe,,"Weekly-seed record (v2, organic) - week 14/52",{}
6da5cf6b-624a-4d21-8f76-f9d230896940,8c9458b8-cff3-418f-8352-96195cf3aa24,2025-10-30T11:06:56.260011,Diarrhea (Atisara),"Loose watery stools, abdominal cramps, dehydration",Pitta-Kapha,Pitta,Severe,,"Weekly-seed record (v2, organic) - week 17/52",{}
7a72f9db-f345-44f2-a814-a35208d80977,956a1aea-8acc-4487-8829-408896c8dc40,2025-11-21T11:06:56.260011,Diarrhea (Atisara),"Loose watery stools, abdominal cramps, dehydration",Vata-Pitta,Kapha,Severe,,"Weekly-seed record (v2, organic) - week 21/52",{}
30fa1254-842b-45e3-b39d-c38acb8eea2d,dbaa5adf-4132-483f-9a8e-5529eed11b3a,2025-12-03T11:06:56.260011,Diarrhea (Atisara),"Loose watery stools, abdominal cramps, dehydration",Kapha,Pitta,Mild,,"Weekly-seed record (v2, organic) - week 22/52",{}
576d4b2e-9ea1-4239-a8a9-84c763d27619,82129659-a2bc-45e8-b145-d604b3235ba1,2025-12-04T11:06:56.260011,Diarrhea (Atisara),"Loose watery stools, abdominal cramps, dehydration",Vata-Pitta,Pitta,Moderate,,"Weekly-seed record (v2, organic) - week 22/52",{}
b3fa90a9-7059-4198-af3a-fa806e08e787,a371c2fc-29d8-47d1-9248-ce4a29739f12,2025-12-03T11:06:56.260011,Diarrhea (Atisara),"Loose watery stools, abdominal cramps, dehydration",Vata,Vata,Moderate,,"Weekly-seed record (v2, organic) - week 22/52",{}
eee6c662-ddb9-4226-b545-1fb775571bc0,4caa8dca-1b4d-48d6-b86d-c781c6faf21d,2025-12-08T11:06:56.260011,Diarrhea (Atisara),"Loose watery stools, abdominal cramps, dehydration",Vata-Pitta,Vata,Moderate,,"Weekly-seed record (v2, organic) - week 23/52",{}
71093ef5-7b7b-40fe-927d-80fd90ca8bd1,af6dd495-ab97-433a-a1ea-dcda48793ca9,2025-12-06T11:06:56.260011,Diarrhea (Atisara),"Loose watery stools, abdominal cramps, dehydration",Kapha,Kapha,Moderate,,"Weekly-seed record (v2, organic) - week 23/52",{}
52a6a9c6-6bba-447b-8379-12c9b7c66829,6c5b4adc-74b6-4673-8ff7-34b070518821,2025-12-18T11:06:56.260011,Diarrhea (Atisara),"Loose watery stools, abdominal cramps, dehydration",Kapha,Pitta,Mild,,"Weekly-seed record (v2, organic) - week 24/52",{}
67aad774-2810-43b1-a9b6-5591f6c5872e,806ca4d6-2b2d-4cb2-be9a-2515a1e864d3,2025-12-14T11:06:56.260011,Diarrhea (Atisara),"Loose watery stools, abdominal cramps, dehydration",Pitta-Kapha,Kapha,Mild,,"Weekly-seed record (v2, organic) - week 24/52",{}
fb3f1874-37f6-47d1-850e-4b91ff843ecd,3ee264d2-3372-43d3-9076-31f07e760024,2025-12-20T11:06:56.260011,Diarrhea (Atisara),"Loose watery stools, abdominal cramps, dehydration",Vata-Pitta,Vata,Moderate,,"Weekly-seed record (v2, organic) - week 25/52",{}
6af5a249-0595-4469-934b-17a196887cde,d56a8d27-6a5a-4e28-a957-7d883cf46c3c,2025-12-20T11:06:56.260011,Diarrhea (Atisara),"Loose watery stools, abdominal cramps, dehydration",Pitta,Vata,Mild,,"Weekly-seed record (v2, organic) - week 25/52",{}
fcad6c24-1361-4736-a843-fa58608c62bc,cdf5b4d5-c6c0-4180-b71b-10b99ce24cf1,2025-12-22T11:06:56.260011,Diarrhea (Atisara),"Loose watery stools, abdominal cramps, dehydration",Pitta-Kapha,Pitta,Mild,,"Weekly-seed record (v2, organic) - week 25/52",{}
e468ec6d-7465-481c-9415-85bb1f92edaa,58306d0e-cb85-40eb-8a2b-c0a098128210,2025-12-20T11:06:56.260011,Diarrhea (Atisara),"Loose watery stools, abdominal cramps, dehydration",Kapha,Kapha,Severe,,"Weekly-seed record (v2, organic) - week 25/52",{}
661a1f8d-5c9b-45b8-be0a-85b3cbdfcb85,cc3c611e-8fad-423d-9d7b-2ba115c4a103,2025-12-27T11:06:56.260011,Diarrhea (Atisara),"Loose watery stools, abdominal cramps, dehydration",Pitta,Pitta,Severe,,"Weekly-seed record (v2, organic) - week 26/52",{}
cbec8730-a72c-4639-b109-4efc8873c0c9,a22600b0-f263-4da1-898f-23ceca553d2a,2025-12-29T11:06:56.260011,Diarrhea (Atisara),"Loose watery stools, abdominal cramps, dehydration",Kapha,Pitta,Mild,,"Weekly-seed record (v2, organic) - week 26/52",{}
4058bfb0-11ef-4409-a699-9db688f8b802,bad51b0a-4a59-4e13-a60d-dc6c88ed0f3b,2026-01-05T11:06:56.260011,Diarrhea (Atisara),"Loose watery stools, abdominal cramps, dehydration",Pitta-Kapha,Pitta,Mild,,"Weekly-seed record (v2, organic) - week 27/52",{}
8ceda3ba-dcf4-48e8-ab31-e4fd8ff4196b,310f9b10-b619-47ee-b429-3e77ea1012c0,2026-01-13T11:06:56.260011,Diarrhea (Atisara),"Loose watery stools, abdominal cramps, dehydration",Kapha,Vata,Mild,,"Weekly-seed record (v2, organic) - week 28/52",{}
fd985e9c-16f7-4326-b4b9-d7ba75cab2c6,c21971e9-6486-4962-adde-b835629f6a01,2026-02-02T11:06:56.260011,Diarrhea (Atisara),"Loose watery stools, abdominal cramps, dehydration",Pitta-Kapha,Kapha,Severe,,"Weekly-seed record (v2, organic) - week 31/52",{}
0f9ed9bd-5467-4aef-9c5b-f7d7f0c6a106,0c05ef4e-15ef-4587-aba1-16d856ef0c96,2026-02-15T11:06:56.260011,Diarrhea (Atisara),"Loose watery stools, abdominal cramps, dehydration",Pitta-Kapha,Vata,Mild,,"Weekly-seed record (v2, organic) - week 33/52",{}
23311ac0-2b32-4a61-a962-4c87cffb88c2,98e6ba41-b762-4752-aa46-66120355f8de,2026-02-14T11:06:56.260011,Diarrhea (Atisara),"Loose watery stools, abdominal cramps, dehydration",Kapha,Kapha,Moderate,,"Weekly-seed record (v2, organic) - week 33/52",{}
5081c962-53fa-4c88-a423-619119373e7a,6184736c-c7e8-41a2-8f83-628c0c474acd,2026-02-16T11:06:56.260011,Diarrhea (Atisara),"Loose watery stools, abdominal cramps, dehydration",Kapha,Vata,Moderate,,"Weekly-seed record (v2, organic) - week 33/52",{}
c2f90867-eb7b-4f6f-9406-3499e5f4be8f,a1d5c02f-867a-4252-898e-d2989030ad57,2026-02-24T11:06:56.260011,Diarrhea (Atisara),"Loose watery stools, abdominal cramps, dehydration",Pitta-Kapha,Vata,Moderate,,"Weekly-seed record (v2, organic) - week 34/52",{}
90fd69c3-959a-4cb2-8c30-ab5dcff34956,e7621c85-6490-49b3-97e2-0736bf159cca,2026-02-22T11:06:56.260011,Diarrhea (Atisara),"Loose watery stools, abdominal cramps, dehydration",Vata,Pitta,Severe,,"Weekly-seed record (v2, organic) - week 34/52",{}
00f8d4e6-500e-406b-a705-9f904b188cce,b9b2ef83-b99f-4e76-a2ab-5d183eebf521,2026-03-12T11:06:56.260011,Diarrhea (Atisara),"Loose watery stools, abdominal cramps, dehydration",Pitta-Kapha,Pitta,Severe,,"Weekly-seed record (v2, organic) - week 36/52",{}
e4430971-2fd3-4383-a656-e1125c9a0d15,12825953-c5f2-4160-bc7f-c5997e75486e,2026-03-17T11:06:56.260011,Diarrhea (Atisara),"Loose watery stools, abdominal cramps, dehydration",Vata,Vata,Mild,,"Weekly-seed record (v2, organic) - week 37/52",{}
85fe315d-b3b3-4f90-a426-bc9487978f2d,278b17ed-0861-4cf5-b606-be2b5c4948f9,2026-03-15T11:06:56.260011,Diarrhea (Atisara),"Loose watery stools, abdominal cramps, dehydration",Kapha,Kapha,Moderate,,"Weekly-seed record (v2, organic) - week 37/52",{}
8c0be8df-38ba-4be1-b42d-94b05e96bc46,4f861f57-659b-45cd-9876-4a0257c3bdb9,2026-03-28T11:06:56.260011,Diarrhea (Atisara),"Loose watery stools, abdominal cramps, dehydration",Pitta,Kapha,Severe,,"Weekly-seed record (v2, organic) - week 39/52",{}
86b51971-e57e-400d-8375-55cb38beab08,17aadfbf-c118-4eff-83ee-785fef98771a,2026-03-31T11:06:56.260011,Diarrhea (Atisara),"Loose watery stools, abdominal cramps, dehydration",Vata,Vata,Mild,,"Weekly-seed record (v2, organic) - week 39/52",{}
318e491b-c792-416f-aca8-8c72c80ebf29,a2640157-0d6c-4073-b19b-d9968ab32ccd,2026-04-08T11:06:56.260011,Diarrhea (Atisara),"Loose watery stools, abdominal cramps, dehydration",Kapha,Pitta,Severe,,"Weekly-seed record (v2, organic) - week 40/52",{}
a7056668-b47d-42f2-95f3-3a0d22ec1687,b41f8f15-7d78-4d16-9e4e-2e3d0ba431d1,2026-04-04T11:06:56.260011,Diarrhea (Atisara),"Loose watery stools, abdominal cramps, dehydration",Pitta-Kapha,Kapha,Mild,,"Weekly-seed record (v2, organic) - week 40/52",{}
e9ea7be1-50c8-4e43-8f3c-ac6ef9c3962d,aec2efec-f3f5-41b2-9577-f1bc6f1bca95,2026-04-07T11:06:56.260011,Diarrhea (Atisara),"Loose watery stools, abdominal cramps, dehydration",Kapha,Vata,Moderate,,"Weekly-seed record (v2, organic) - week 40/52",{}
5fabfc52-a4fe-4cf9-ac8f-db10b8deca18,829ee37e-d343-4d04-b301-9b28e3c34115,2026-04-08T11:06:56.260011,Diarrhea (Atisara),"Loose watery stools, abdominal cramps, dehydration",Kapha,Kapha,Moderate,,"Weekly-seed record (v2, organic) - week 40/52",{}
4c4d8001-7246-471e-bc88-27ed37211845,2a0f500f-084e-4f26-a3bd-84c6460e3142,2026-04-23T11:06:56.260011,Diarrhea (Atisara),"Loose watery stools, abdominal cramps, dehydration",Pitta-Kapha,Kapha,Moderate,,"Weekly-seed record (v2, organic) - week 42/52",{}
54d25463-b4ab-47a6-b8b5-3a63d4c166d1,919dd9fe-8727-4be0-b1d9-605ec59b16a6,2026-04-28T11:06:56.260011,Diarrhea (Atisara),"Loose watery stools, abdominal cramps, dehydration",Kapha,Pitta,Mild,,"Weekly-seed record (v2, organic) - week 43/52",{}
1cd8b2b3-9f67-42c9-b9bf-25753a3e5a3a,add4d8f3-f252-4574-b078-08dec70d47b3,2026-04-26T11:06:56.260011,Diarrhea (Atisara),"Loose watery stools, abdominal cramps, dehydration",Vata,Pitta,Severe,,"Weekly-seed record (v2, organic) - week 43/52",{}
b8de5f6c-ffc8-4334-b23b-edc8b6694a1d,fea594d1-51c1-49d5-b122-05b855ebd770,2026-05-07T11:06:56.260011,Diarrhea (Atisara),"Loose watery stools, abdominal cramps, dehydration",Vata,Kapha,Moderate,,"Weekly-seed record (v2, organic) - week 44/52",{}
ba3f0fda-a801-4acc-86b4-3fb17d28b9a5,12598192-23f4-4589-8394-9cb8dd1c3e61,2026-05-13T11:06:56.260011,Diarrhea (Atisara),"Loose watery stools, abdominal cramps, dehydration",Pitta-Kapha,Kapha,Mild,,"Weekly-seed record (v2, organic) - week 45/52",{}
503a3cdc-42ee-4aae-ae07-3ca029b6e619,b132388d-0113-4aa6-9960-a5bebd09ad8c,2026-05-08T11:06:56.260011,Diarrhea (Atisara),"Loose watery stools, abdominal cramps, dehydration",Pitta-Kapha,Pitta,Mild,,"Weekly-seed record (v2, organic) - week 45/52",{}
d208ffc8-7e27-47a4-8b52-b3597352eafa,93ce8258-f6c1-4a17-88c4-c6132b841341,2026-05-20T11:06:56.260011,Diarrhea (Atisara),"Loose watery stools, abdominal cramps, dehydration",Pitta-Kapha,Pitta,Mild,,"Weekly-seed record (v2, organic) - week 46/52",{}
652d8020-79d8-4326-b3b3-9df248d14cac,4653ebea-ed6a-4844-ada4-166a492e493f,2026-05-20T11:06:56.260011,Diarrhea (Atisara),"Loose watery stools, abdominal cramps, dehydration",Pitta,Vata,Severe,,"Weekly-seed record (v2, organic) - week 46/52",{}
55c97aac-4eb1-41ce-bd16-d89a44075107,c981ceb4-4da5-4b89-aeaf-50903cac3ced,2026-05-22T11:06:56.260011,Diarrhea (Atisara),"Loose watery stools, abdominal cramps, dehydration",Pitta,Vata,Moderate,,"Weekly-seed record (v2, organic) - week 47/52",{}
fef9175b-7d40-43ab-b44e-1978d3343349,f7eb68cd-37f7-4230-acc4-08fe206e93f8,2026-05-25T11:06:56.260011,Diarrhea (Atisara),"Loose watery stools, abdominal cramps, dehydration",Pitta,Pitta,Severe,,"Weekly-seed record (v2, organic) - week 47/52",{}
b5474e01-6c11-4d30-8e12-f325bca0a508,e3a8b40e-104d-49b5-b1fb-9c95e5efd9be,2026-05-25T11:06:56.260011,Diarrhea (Atisara),"Loose watery stools, abdominal cramps, dehydration",Pitta-Kapha,Kapha,Moderate,,"Weekly-seed record (v2, organic) - week 47/52",{}
e255db35-51bb-4ad9-9f6f-912520d4c3e8,4c61e122-6f1f-4f63-b29f-83610ff915d5,2026-05-28T11:06:56.260011,Diarrhea (Atisara),"Loose watery stools, abdominal cramps, dehydration",Vata,Kapha,Mild,,"Weekly-seed record (v2, organic) - week 47/52",{}
c77dda0d-8fc6-44b9-b15e-02656c67b116,ee8a5344-5c59-46af-bbc4-14de251c5771,2026-05-30T11:06:56.260011,Diarrhea (Atisara),"Loose watery stools, abdominal cramps, dehydration",Pitta-Kapha,Pitta,Severe,,"Weekly-seed record (v2, organic) - week 48/52",{}
fdab6ce8-ed59-42a2-a81e-cba02b3746d1,802e48c6-0dbc-460b-a0e5-64d9eea7fc53,2026-06-09T11:06:56.260011,Diarrhea (Atisara),"Loose watery stools, abdominal cramps, dehydration",Vata-Pitta,Pitta,Mild,,"Weekly-seed record (v2, organic) - week 49/52",{}
b04e47eb-dd9e-4904-b1a4-718f7c926ea7,1bd1a606-f0aa-477e-b5af-4465704114cb,2026-06-09T11:06:56.260011,Diarrhea (Atisara),"Loose watery stools, abdominal cramps, dehydration",Kapha,Kapha,Moderate,,"Weekly-seed record (v2, organic) - week 49/52",{}
44fa277a-436c-43d0-baf7-f562b0721da6,56aa1c89-a115-47e1-a6e4-fe255a78cc27,2026-06-25T11:06:56.260011,Diarrhea (Atisara),"Loose watery stools, abdominal cramps, dehydration",Kapha,Kapha,Moderate,,"Weekly-seed record (v2, organic) - week 51/52",{}
81aa2c24-f13f-4ad3-a7bf-741f98485697,3f14a281-95de-4e41-a0d0-48c329c09fd3,2026-06-20T11:06:56.260011,Diarrhea (Atisara),"Loose watery stools, abdominal cramps, dehydration",Kapha,Kapha,Moderate,,"Weekly-seed record (v2, organic) - week 51/52",{}
75199dbe-187e-425f-af42-69fe91765c33,d50f4a03-782e-4ef3-b89f-306027a66775,2026-06-21T11:06:56.260011,Diarrhea (Atisara),"Loose watery stools, abdominal cramps, dehydration",Kapha,Kapha,Mild,,"Weekly-seed record (v2, organic) - week 51/52",{}
14f5c931-a749-45e9-8c3a-8a4440bb3084,2647f102-7112-46dd-b7d9-de7ebcdaec36,2026-07-01T11:06:56.260011,Diarrhea (Atisara),"Loose watery stools, abdominal cramps, dehydration",Vata-Pitta,Pitta,Moderate,,"Weekly-seed record (v2, organic) - week 52/52",{}
170f6557-fa13-4c5b-8edd-48a39f29b8cd,6171640b-b4da-4c73-ac9b-cb26cf602af2,2025-07-09T11:06:56.260011,Acidity (Amlapitta),"Heartburn, sour belching, nausea, upper abdominal discomfort",Kapha,Pitta,Mild,,"Weekly-seed record (v2, organic) - week 1/52",{}
a1715a1b-f9ca-4a54-a7e3-6037587c1a8c,17889c42-57f5-4de2-b1dd-54dd00b2ec77,2025-07-09T11:06:56.260011,Acidity (Amlapitta),"Heartburn, sour belching, nausea, upper abdominal discomfort",Pitta-Kapha,Pitta,Moderate,,"Weekly-seed record (v2, organic) - week 1/52",{}
1fd5c740-f0cc-4ee0-b172-09c6ad92dfb7,9b81443e-70c0-4787-8d5f-9f3ee7afc7e1,2025-07-06T11:06:56.260011,Acidity (Amlapitta),"Heartburn, sour belching, nausea, upper abdominal discomfort",Pitta,Pitta,Mild,,"Weekly-seed record (v2, organic) - week 1/52",{}
a357c801-02f7-41a5-b53b-3b1cb67b9c5a,e2351bf1-8d50-4812-87ef-383a8a0e3b77,2025-07-16T11:06:56.260011,Acidity (Amlapitta),"Heartburn, sour belching, nausea, upper abdominal discomfort",Vata,Pitta,Moderate,,"Weekly-seed record (v2, organic) - week 2/52",{}
706142a2-cfc3-4365-99d8-75ba800c21c3,fbd6a056-a2ca-4b7e-bf5e-fba558452aa6,2025-07-13T11:06:56.260011,Acidity (Amlapitta),"Heartburn, sour belching, nausea, upper abdominal discomfort",Vata-Pitta,Vata,Mild,,"Weekly-seed record (v2, organic) - week 2/52",{}
2aad3209-55bf-4139-91ac-d8a0921fdb17,657d2a40-8be6-4f0a-828b-592a173a22bd,2025-07-15T11:06:56.260011,Acidity (Amlapitta),"Heartburn, sour belching, nausea, upper abdominal discomfort",Kapha,Kapha,Severe,,"Weekly-seed record (v2, organic) - week 2/52",{}
bc522b14-0d54-44e5-a04c-0ecbbbaed7e6,4f048eaf-3e00-4fad-a583-8453c8594b6b,2025-07-12T11:06:56.260011,Acidity (Amlapitta),"Heartburn, sour belching, nausea, upper abdominal discomfort",Vata,Kapha,Severe,,"Weekly-seed record (v2, organic) - week 2/52",{}
ff2efc6a-6eed-4f04-ae57-429bcbde0f89,1f81f015-ef0e-4b84-bc60-420f86d4281b,2025-07-19T11:06:56.260011,Acidity (Amlapitta),"Heartburn, sour belching, nausea, upper abdominal discomfort",Pitta,Vata,Severe,,"Weekly-seed record (v2, organic) - week 3/52",{}
81cce16c-6308-4d2a-bd3b-ae77ac9af9f4,b70b6866-fc93-49b0-82ff-5829d7478c5e,2025-07-19T11:06:56.260011,Acidity (Amlapitta),"Heartburn, sour belching, nausea, upper abdominal discomfort",Pitta,Vata,Mild,,"Weekly-seed record (v2, organic) - week 3/52",{}
92b86d7e-6757-4b7e-a2c1-ef7a12650e5a,efaae104-995f-4f1c-950e-2c3be2c75237,2025-07-20T11:06:56.260011,Acidity (Amlapitta),"Heartburn, sour belching, nausea, upper abdominal discomfort",Vata-Pitta,Vata,Severe,,"Weekly-seed record (v2, organic) - week 3/52",{}
0cf98487-b3bd-413a-8f21-fde40b783085,682ecf68-4a6f-4a27-a27a-76b66545f78a,2025-07-19T11:06:56.260011,Acidity (Amlapitta),"Heartburn, sour belching, nausea, upper abdominal discomfort",Vata,Kapha,Mild,,"Weekly-seed record (v2, organic) - week 3/52",{}
87352322-008e-4aba-a18d-52e62d4310cc,236bd531-011b-4496-b852-939257e25773,2025-07-30T11:06:56.260011,Acidity (Amlapitta),"Heartburn, sour belching, nausea, upper abdominal discomfort",Vata-Pitta,Pitta,Severe,,"Weekly-seed record (v2, organic) - week 4/52",{}
0294b645-7214-4fab-a60e-dbbb02be44b9,1bfbfcd9-05b1-46ba-8309-16ef439660ff,2025-07-31T11:06:56.260011,Acidity (Amlapitta),"Heartburn, sour belching, nausea, upper abdominal discomfort",Kapha,Pitta,Moderate,,"Weekly-seed record (v2, organic) - week 4/52",{}
e6fe5c00-e609-400a-b4d2-62a08006c95a,fddd652b-0e02-426b-bb0d-2a92f9a6f39d,2025-07-25T11:06:56.260011,Acidity (Amlapitta),"Heartburn, sour belching, nausea, upper abdominal discomfort",Vata,Kapha,Severe,,"Weekly-seed record (v2, organic) - week 4/52",{}
14f108e1-9589-4023-8812-e375a843bbab,3c3466f4-08d2-4863-904d-68d5fb43a558,2025-08-05T11:06:56.260011,Acidity (Amlapitta),"Heartburn, sour belching, nausea, upper abdominal discomfort",Vata,Vata,Moderate,,"Weekly-seed record (v2, organic) - week 5/52",{}
d21e56c2-8263-43fa-9a0a-8d63d0e4ee80,9a7c3a9f-6688-4f36-a0c5-a0c643f86397,2025-08-02T11:06:56.260011,Acidity (Amlapitta),"Heartburn, sour belching, nausea, upper abdominal discomfort",Vata,Pitta,Moderate,,"Weekly-seed record (v2, organic) - week 5/52",{}
1b0b5c6c-c23c-43c9-8061-db673784264b,1e7ff456-61fb-46a3-b39d-5bab6ad372b3,2025-08-13T11:06:56.260011,Acidity (Amlapitta),"Heartburn, sour belching, nausea, upper abdominal discomfort",Kapha,Vata,Mild,,"Weekly-seed record (v2, organic) - week 6/52",{}
15400497-edf3-4ef3-9911-b81b04d71d24,3a327c93-4fc0-46b9-b640-0e78ce6054dd,2025-08-12T11:06:56.260011,Acidity (Amlapitta),"Heartburn, sour belching, nausea, upper abdominal discomfort",Pitta-Kapha,Vata,Moderate,,"Weekly-seed record (v2, organic) - week 6/52",{}
a97e3eff-844d-4e37-a4b8-c242248ddb97,9a019980-cab9-41b9-9e34-9c900834d9b8,2025-08-11T11:06:56.260011,Acidity (Amlapitta),"Heartburn, sour belching, nausea, upper abdominal discomfort",Pitta-Kapha,Kapha,Moderate,,"Weekly-seed record (v2, organic) - week 6/52",{}
852ac09b-86a4-43e1-81d2-3a746fe301f9,e4ad632f-3dbe-4377-ac80-6dfee47ad1c8,2025-08-14T11:06:56.260011,Acidity (Amlapitta),"Heartburn, sour belching, nausea, upper abdominal discomfort",Pitta-Kapha,Pitta,Moderate,,"Weekly-seed record (v2, organic) - week 6/52",{}
e5f60aef-7cad-4d90-a565-b51acba022be,302906d3-0ade-4767-8d45-f76e65a497dc,2025-08-21T11:06:56.260011,Acidity (Amlapitta),"Heartburn, sour belching, nausea, upper abdominal discomfort",Vata,Pitta,Mild,,"Weekly-seed record (v2, organic) - week 7/52",{}
1ffdc49d-f7c9-40d4-b875-cf995e337d04,02db718f-3410-417e-b244-4a5af9357b24,2025-08-18T11:06:56.260011,Acidity (Amlapitta),"Heartburn, sour belching, nausea, upper abdominal discomfort",Kapha,Kapha,Mild,,"Weekly-seed record (v2, organic) - week 7/52",{}
ccafc21c-b1ac-46a7-9a38-f0a56b02fc1c,96cd86af-a011-409e-8853-55cf183fc03d,2025-08-20T11:06:56.260011,Acidity (Amlapitta),"Heartburn, sour belching, nausea, upper abdominal discomfort",Kapha,Pitta,Severe,,"Weekly-seed record (v2, organic) - week 7/52",{}
a0112746-13df-456a-83f1-d49ffdddd793,ce660c61-3a43-416d-97ea-38320d61464b,2025-08-28T11:06:56.260011,Acidity (Amlapitta),"Heartburn, sour belching, nausea, upper abdominal discomfort",Pitta,Vata,Severe,,"Weekly-seed record (v2, organic) - week 8/52",{}
b98257ca-824b-4151-acdc-c78ab4eebf46,97db3500-3e60-4c91-a461-a1befdc5de8e,2025-08-27T11:06:56.260011,Acidity (Amlapitta),"Heartburn, sour belching, nausea, upper abdominal discomfort",Vata-Pitta,Pitta,Severe,,"Weekly-seed record (v2, organic) - week 8/52",{}
4e34a4c8-e207-4504-8219-25e0eac09c1a,aec2efec-f3f5-41b2-9577-f1bc6f1bca95,2025-08-22T11:06:56.260011,Acidity (Amlapitta),"Heartburn, sour belching, nausea, upper abdominal discomfort",Vata-Pitta,Kapha,Mild,,"Weekly-seed record (v2, organic) - week 8/52",{}
5d5ef6ad-9cdb-4852-b972-f6f3922636d2,3d0247b2-e0a0-43a9-9b08-fd32d80c51c4,2025-08-30T11:06:56.260011,Acidity (Amlapitta),"Heartburn, sour belching, nausea, upper abdominal discomfort",Vata-Pitta,Pitta,Mild,,"Weekly-seed record (v2, organic) - week 9/52",{}
2f8cf24a-9be8-4023-8438-ac2cc602bdcc,32fb151f-1500-4802-bf2e-a28569bca551,2025-08-31T11:06:56.260011,Acidity (Amlapitta),"Heartburn, sour belching, nausea, upper abdominal discomfort",Vata-Pitta,Vata,Moderate,,"Weekly-seed record (v2, organic) - week 9/52",{}
fa0b738d-d22f-49ce-810e-29be0634993e,879a6629-a37f-4da9-a046-c5ae1e31523e,2025-09-07T11:06:56.260011,Acidity (Amlapitta),"Heartburn, sour belching, nausea, upper abdominal discomfort",Kapha,Pitta,Severe,,"Weekly-seed record (v2, organic) - week 10/52",{}
94ba58a1-7433-49d1-96c6-4853da85864b,f05a9cb5-6110-4502-95e1-810ac6ab6b33,2025-09-09T11:06:56.260011,Acidity (Amlapitta),"Heartburn, sour belching, nausea, upper abdominal discomfort",Vata,Pitta,Severe,,"Weekly-seed record (v2, organic) - week 10/52",{}
2cd93ac3-a545-46ff-9727-71e9e110252f,7041757d-496f-4e08-83a8-a5274d88878e,2025-09-17T11:06:56.260011,Acidity (Amlapitta),"Heartburn, sour belching, nausea, upper abdominal discomfort",Pitta,Vata,Severe,,"Weekly-seed record (v2, organic) - week 11/52",{}
a28a6292-4f9d-4b7c-8627-bb48b0abcc2f,f73e2468-4692-4fa3-b5b6-10c0c1a076a5,2025-09-15T11:06:56.260011,Acidity (Amlapitta),"Heartburn, sour belching, nausea, upper abdominal discomfort",Kapha,Vata,Moderate,,"Weekly-seed record (v2, organic) - week 11/52",{}
783915ba-5192-4769-8820-6b61e4494cf9,82fd2aa3-4018-46d4-9ab4-a58fb220efa7,2025-09-23T11:06:56.260011,Acidity (Amlapitta),"Heartburn, sour belching, nausea, upper abdominal discomfort",Kapha,Kapha,Mild,,"Weekly-seed record (v2, organic) - week 12/52",{}
745a766e-a5ad-4f7e-bcb8-80b25e84514f,956a1aea-8acc-4487-8829-408896c8dc40,2025-09-21T11:06:56.260011,Acidity (Amlapitta),"Heartburn, sour belching, nausea, upper abdominal discomfort",Kapha,Kapha,Mild,,"Weekly-seed record (v2, organic) - week 12/52",{}
3d40088a-d9d6-4c34-9f2c-83dc15733aa5,7cd9c8b8-4769-4f43-ae3b-2ef1c8f18928,2025-09-20T11:06:56.260011,Acidity (Amlapitta),"Heartburn, sour belching, nausea, upper abdominal discomfort",Vata-Pitta,Vata,Moderate,,"Weekly-seed record (v2, organic) - week 12/52",{}
22ee09fd-4842-4fc4-8a2a-353ad916c360,0f543e82-e146-4e55-af75-f2ed42614578,2025-09-30T11:06:56.260011,Acidity (Amlapitta),"Heartburn, sour belching, nausea, upper abdominal discomfort",Kapha,Pitta,Severe,,"Weekly-seed record (v2, organic) - week 13/52",{}
7da12196-9733-4e1c-bc30-d65ccd69f41b,d7f6b712-cbec-4b14-91a0-38a63d02a0ed,2025-09-29T11:06:56.260011,Acidity (Amlapitta),"Heartburn, sour belching, nausea, upper abdominal discomfort",Pitta-Kapha,Kapha,Mild,,"Weekly-seed record (v2, organic) - week 13/52",{}
759de731-c3e7-491d-98f3-4a7855053dac,dc52a8c6-7aeb-4577-b889-6b2aa43f3cc6,2025-10-04T11:06:56.260011,Acidity (Amlapitta),"Heartburn, sour belching, nausea, upper abdominal discomfort",Pitta-Kapha,Vata,Severe,,"Weekly-seed record (v2, organic) - week 14/52",{}
780142a2-4ff2-494f-8a7e-462468014eee,2d96f55d-53fe-4716-8195-be112cbad501,2025-10-14T11:06:56.260011,Acidity (Amlapitta),"Heartburn, sour belching, nausea, upper abdominal discomfort",Kapha,Vata,Severe,,"Weekly-seed record (v2, organic) - week 15/52",{}
3644c4fe-8511-4af5-b1da-c9674b73b6a4,f12f6830-837f-4ddc-a09f-d362e7963e46,2025-10-10T11:06:56.260011,Acidity (Amlapitta),"Heartburn, sour belching, nausea, upper abdominal discomfort",Pitta-Kapha,Kapha,Mild,,"Weekly-seed record (v2, organic) - week 15/52",{}
1e92a5d9-d17d-43f4-bb6e-17eee7f0283d,af1ff92b-db40-4e77-8409-485ade2cbbbd,2025-10-14T11:06:56.260011,Acidity (Amlapitta),"Heartburn, sour belching, nausea, upper abdominal discomfort",Pitta,Vata,Moderate,,"Weekly-seed record (v2, organic) - week 15/52",{}
7ea95254-c7fb-4e22-a08a-af0870ed9b79,67f9ca74-b4a0-4a09-9a53-4c8cf7641101,2025-10-14T11:06:56.260011,Acidity (Amlapitta),"Heartburn, sour belching, nausea, upper abdominal discomfort",Vata-Pitta,Vata,Severe,,"Weekly-seed record (v2, organic) - week 15/52",{}
a8b8b42f-5371-45c4-b8e6-04919eaec87a,e3df459c-3bd3-4032-a484-eebe1a01f251,2025-10-22T11:06:56.260011,Acidity (Amlapitta),"Heartburn, sour belching, nausea, upper abdominal discomfort",Pitta-Kapha,Pitta,Mild,,"Weekly-seed record (v2, organic) - week 16/52",{}
17f68b1e-346a-4080-8bb3-eb370be8bfad,c5833f55-e6bc-4e1c-a70c-c1b3af128c5c,2025-10-27T11:06:56.260011,Acidity (Amlapitta),"Heartburn, sour belching, nausea, upper abdominal discomfort",Vata,Pitta,Mild,,"Weekly-seed record (v2, organic) - week 17/52",{}
6c7f5773-fb80-4d30-a48e-f7f19c00bb66,d6d252ef-f22c-4d03-90dd-ca02623c5093,2025-10-27T11:06:56.260011,Acidity (Amlapitta),"Heartburn, sour belching, nausea, upper abdominal discomfort",Vata-Pitta,Kapha,Mild,,"Weekly-seed record (v2, organic) - week 17/52",{}
c42a20bd-e6fa-454f-b271-b9b459c76c83,b52365ac-85c7-4b18-8fcc-3607507bc422,2025-10-27T11:06:56.260011,Acidity (Amlapitta),"Heartburn, sour belching, nausea, upper abdominal discomfort",Kapha,Kapha,Mild,,"Weekly-seed record (v2, organic) - week 17/52",{}
072cefa4-3f66-43ee-b248-cd8963feb10a,ba6b11df-f10b-4b84-b644-570db0900c82,2025-10-26T11:06:56.260011,Acidity (Amlapitta),"Heartburn, sour belching, nausea, upper abdominal discomfort",Vata,Kapha,Mild,,"Weekly-seed record (v2, organic) - week 17/52",{}
2d1c8832-e846-46ec-bffb-59c36c44ed2e,f881449d-440b-40b4-800a-69f2146a47b3,2025-10-24T11:06:56.260011,Acidity (Amlapitta),"Heartburn, sour belching, nausea, upper abdominal discomfort",Vata,Pitta,Moderate,,"Weekly-seed record (v2, organic) - week 17/52",{}
f364947f-5447-4262-a89c-c8292258ecac,c981ceb4-4da5-4b89-aeaf-50903cac3ced,2025-10-24T11:06:56.260011,Acidity (Amlapitta),"Heartburn, sour belching, nausea, upper abdominal discomfort",Pitta-Kapha,Vata,Mild,,"Weekly-seed record (v2, organic) - week 17/52",{}
166e0a77-8b91-4846-9800-a838f654d71c,86242747-35a0-458a-8c27-e3b4178c71ef,2025-10-31T11:06:56.260011,Acidity (Amlapitta),"Heartburn, sour belching, nausea, upper abdominal discomfort",Kapha,Pitta,Mild,,"Weekly-seed record (v2, organic) - week 18/52",{}
e7f14f66-c3d1-4398-bccf-dd6d2eaafe00,bb563702-f3df-484d-a6f9-18ed83aa691e,2025-11-08T11:06:56.260011,Acidity (Amlapitta),"Heartburn, sour belching, nausea, upper abdominal discomfort",Vata-Pitta,Pitta,Moderate,,"Weekly-seed record (v2, organic) - week 19/52",{}
9274b8fb-4f3b-4115-a7e7-9c9b38e44da9,206f1ad5-f9e8-456a-b1a9-31c02dd82240,2025-11-20T11:06:56.260011,Acidity (Amlapitta),"Heartburn, sour belching, nausea, upper abdominal discomfort",Vata-Pitta,Pitta,Mild,,"Weekly-seed record (v2, organic) - week 20/52",{}
d49fa6dd-138f-4d62-beb8-ca9a4ed39cf0,9fd0404f-3a5b-47cd-8f23-7a38da6ec1e1,2025-11-19T11:06:56.260011,Acidity (Amlapitta),"Heartburn, sour belching, nausea, upper abdominal discomfort",Pitta-Kapha,Vata,Severe,,"Weekly-seed record (v2, organic) - week 20/52",{}
2e0ea900-74a1-4bef-9f78-6aa93e9ed6eb,ed68d180-35ef-42c4-9fb5-95ca08981a13,2025-11-16T11:06:56.260011,Acidity (Amlapitta),"Heartburn, sour belching, nausea, upper abdominal discomfort",Vata,Vata,Severe,,"Weekly-seed record (v2, organic) - week 20/52",{}
8a28dcd1-6768-4f06-9efd-c2c812211090,0eb78130-992f-4dc9-9eb4-5405ddeb8065,2025-11-25T11:06:56.260011,Acidity (Amlapitta),"Heartburn, sour belching, nausea, upper abdominal discomfort",Pitta,Kapha,Mild,,"Weekly-seed record (v2, organic) - week 21/52",{}
3f443dce-d92d-4442-b12c-8de5419b1f11,16a1de90-da6a-4cc1-9285-5b3be704c9df,2025-11-28T11:06:56.260011,Acidity (Amlapitta),"Heartburn, sour belching, nausea, upper abdominal discomfort",Vata,Pitta,Moderate,,"Weekly-seed record (v2, organic) - week 22/52",{}
4fc22ecb-3813-434d-9333-bd389d5bef69,ec150a89-88a1-4497-94d1-797adb15f393,2025-12-03T11:06:56.260011,Acidity (Amlapitta),"Heartburn, sour belching, nausea, upper abdominal discomfort",Pitta-Kapha,Pitta,Severe,,"Weekly-seed record (v2, organic) - week 22/52",{}
47b09de6-091a-4739-8a25-bedf87a1f908,84b3d9b8-1061-4fd3-a3c1-ed87d0a9f2ce,2025-12-04T11:06:56.260011,Acidity (Amlapitta),"Heartburn, sour belching, nausea, upper abdominal discomfort",Pitta,Vata,Moderate,,"Weekly-seed record (v2, organic) - week 22/52",{}
4ed2e6d7-06d0-4b05-9656-b3dff7ec29d1,35935672-32f0-4cd7-8955-a662bfa0cb39,2025-11-29T11:06:56.260011,Acidity (Amlapitta),"Heartburn, sour belching, nausea, upper abdominal discomfort",Kapha,Vata,Severe,,"Weekly-seed record (v2, organic) - week 22/52",{}
21437610-b568-4e79-96a9-e4c23fe8cc3f,81b3c23b-0b00-4108-b678-09d3590a26ff,2025-12-05T11:06:56.260011,Acidity (Amlapitta),"Heartburn, sour belching, nausea, upper abdominal discomfort",Vata,Kapha,Moderate,,"Weekly-seed record (v2, organic) - week 23/52",{}
6ffa8149-6499-477e-9cea-62cff8614b68,a5618e73-e168-44c8-ad7c-378dd674bfa5,2025-12-11T11:06:56.260011,Acidity (Amlapitta),"Heartburn, sour belching, nausea, upper abdominal discomfort",Vata,Vata,Mild,,"Weekly-seed record (v2, organic) - week 23/52",{}
5f0d289d-c7f2-4ddb-a08f-5307e5041cac,353c10f6-6135-4ead-be34-e2f54be8ed7b,2025-12-05T11:06:56.260011,Acidity (Amlapitta),"Heartburn, sour belching, nausea, upper abdominal discomfort",Pitta-Kapha,Vata,Moderate,,"Weekly-seed record (v2, organic) - week 23/52",{}
3367f70c-d4e1-41c4-bc52-663a00c36acf,417eee7f-0b21-4936-84f5-6f8572472cb9,2025-12-17T11:06:56.260011,Acidity (Amlapitta),"Heartburn, sour belching, nausea, upper abdominal discomfort",Vata,Vata,Severe,,"Weekly-seed record (v2, organic) - week 24/52",{}
98825e96-4368-4b33-bb11-292cd14a7ecb,3cd98ca7-8078-45cd-825d-9e94d41e7673,2025-12-15T11:06:56.260011,Acidity (Amlapitta),"Heartburn, sour belching, nausea, upper abdominal discomfort",Vata-Pitta,Vata,Severe,,"Weekly-seed record (v2, organic) - week 24/52",{}
065cad19-6102-4e30-8e1e-f9755df13d0a,3b511629-4b22-41fc-8fda-af3784437f59,2025-12-18T11:06:56.260011,Acidity (Amlapitta),"Heartburn, sour belching, nausea, upper abdominal discomfort",Vata,Vata,Severe,,"Weekly-seed record (v2, organic) - week 24/52",{}
ac210a3a-7ede-44b2-86f7-8783bec43965,dbaa5adf-4132-483f-9a8e-5529eed11b3a,2025-12-20T11:06:56.260011,Acidity (Amlapitta),"Heartburn, sour belching, nausea, upper abdominal discomfort",Pitta-Kapha,Pitta,Severe,,"Weekly-seed record (v2, organic) - week 25/52",{}
e1961d62-a330-4e04-9f24-94a3e91aa170,417eee7f-0b21-4936-84f5-6f8572472cb9,2025-12-25T11:06:56.260011,Acidity (Amlapitta),"Heartburn, sour belching, nausea, upper abdominal discomfort",Kapha,Vata,Moderate,,"Weekly-seed record (v2, organic) - week 25/52",{}
f44b54a1-58d3-4d53-a2a3-e8be68adea69,6ecc6b13-3f95-49c6-a022-e43e247b6561,2025-12-27T11:06:56.260011,Acidity (Amlapitta),"Heartburn, sour belching, nausea, upper abdominal discomfort",Pitta-Kapha,Vata,Moderate,,"Weekly-seed record (v2, organic) - week 26/52",{}
8ba92134-675b-4e16-ab99-374267dd3c02,3b33639f-c402-479e-985a-f9ef318ef8ed,2025-12-28T11:06:56.260011,Acidity (Amlapitta),"Heartburn, sour belching, nausea, upper abdominal discomfort",Vata,Kapha,Severe,,"Weekly-seed record (v2, organic) - week 26/52",{}
d8653b3b-29a1-4944-834f-8231e0eccce4,7b081731-f6e6-4bc0-92e7-0926927197f2,2026-01-03T11:06:56.260011,Acidity (Amlapitta),"Heartburn, sour belching, nausea, upper abdominal discomfort",Vata-Pitta,Kapha,Moderate,,"Weekly-seed record (v2, organic) - week 27/52",{}
11f9c59b-dcd4-4b6a-a4df-11c9009961b9,57ac687b-cfd1-4c26-a6ef-9ef9784fe7c1,2026-01-04T11:06:56.260011,Acidity (Amlapitta),"Heartburn, sour belching, nausea, upper abdominal discomfort",Vata-Pitta,Kapha,Moderate,,"Weekly-seed record (v2, organic) - week 27/52",{}
235432b4-c8c4-403d-ae22-9b8e0431b08e,730f5850-f761-4c04-abed-139771f29ace,2026-01-05T11:06:56.260011,Acidity (Amlapitta),"Heartburn, sour belching, nausea, upper abdominal discomfort",Vata-Pitta,Vata,Moderate,,"Weekly-seed record (v2, organic) - week 27/52",{}
b6ae44df-576c-452b-85f9-1acd250ff34e,dc0c1a22-90ca-42f0-ab8a-39cfd955526f,2026-01-03T11:06:56.260011,Acidity (Amlapitta),"Heartburn, sour belching, nausea, upper abdominal discomfort",Pitta-Kapha,Pitta,Mild,,"Weekly-seed record (v2, organic) - week 27/52",{}
95f3c308-f58f-4cb6-a151-cd4b80cc7ce3,c92e0fc7-3198-4532-b141-b1bbc2e34a9a,2026-01-10T11:06:56.260011,Acidity (Amlapitta),"Heartburn, sour belching, nausea, upper abdominal discomfort",Kapha,Kapha,Mild,,"Weekly-seed record (v2, organic) - week 28/52",{}
7a6d2c37-f229-4637-ad14-c5951c7bf8a9,dffadd63-56d7-4407-90bb-64b12273bfe7,2026-01-19T11:06:56.260011,Acidity (Amlapitta),"Heartburn, sour belching, nausea, upper abdominal discomfort",Vata,Kapha,Moderate,,"Weekly-seed record (v2, organic) - week 29/52",{}
69478055-665a-42ee-a64c-083eca2ef251,28bee51e-7241-4401-a304-809cb3d7e240,2026-01-20T11:06:56.260011,Acidity (Amlapitta),"Heartburn, sour belching, nausea, upper abdominal discomfort",Pitta-Kapha,Vata,Moderate,,"Weekly-seed record (v2, organic) - week 29/52",{}
3252a823-7862-4ad2-b55e-c4d7c94d8f24,f11f882e-26dd-41e5-87c1-1afec3409011,2026-01-18T11:06:56.260011,Acidity (Amlapitta),"Heartburn, sour belching, nausea, upper abdominal discomfort",Pitta,Pitta,Severe,,"Weekly-seed record (v2, organic) - week 29/52",{}
c5fe40c7-f2fd-432b-9ff0-9e553bd11eba,3ddb3fa8-90c4-4e3c-81b8-1527608659f3,2026-01-19T11:06:56.260011,Acidity (Amlapitta),"Heartburn, sour belching, nausea, upper abdominal discomfort",Kapha,Vata,Severe,,"Weekly-seed record (v2, organic) - week 29/52",{}
0d6351c8-5b7f-4f5f-83eb-a261a1b31a58,1602ef2e-0031-469b-9a7f-6b4ad32085b6,2026-01-29T11:06:56.260011,Acidity (Amlapitta),"Heartburn, sour belching, nausea, upper abdominal discomfort",Pitta,Vata,Moderate,,"Weekly-seed record (v2, organic) - week 30/52",{}
94e5a6d2-4cb0-40aa-ab8f-2d4db621c1cf,a208147f-d12d-4eb4-8b06-6dc44ee0c0d1,2026-01-28T11:06:56.260011,Acidity (Amlapitta),"Heartburn, sour belching, nausea, upper abdominal discomfort",Pitta-Kapha,Kapha,Mild,,"Weekly-seed record (v2, organic) - week 30/52",{}
c0f85257-f2d4-402c-a76f-e79174fc8ce4,02bfaedc-0b49-4b81-9cab-de576f27cf9b,2026-01-23T11:06:56.260011,Acidity (Amlapitta),"Heartburn, sour belching, nausea, upper abdominal discomfort",Pitta,Kapha,Severe,,"Weekly-seed record (v2, organic) - week 30/52",{}
8b04e09f-ec72-4ecc-ab74-21897f071636,ecdd2715-8870-4038-b792-8e16cdbef190,2026-02-03T11:06:56.260011,Acidity (Amlapitta),"Heartburn, sour belching, nausea, upper abdominal discomfort",Pitta,Pitta,Mild,,"Weekly-seed record (v2, organic) - week 31/52",{}
18440270-8d12-4652-a1dd-e8ebfcc4e869,a437cbaa-d6ec-4051-b939-8cc1ce50c44c,2026-02-08T11:06:56.260011,Acidity (Amlapitta),"Heartburn, sour belching, nausea, upper abdominal discomfort",Kapha,Vata,Mild,,"Weekly-seed record (v2, organic) - week 32/52",{}
d98b13ac-1e54-4936-b293-25f83e2186da,7508f0b0-2fd4-41c9-90c3-68a5827679d9,2026-02-11T11:06:56.260011,Acidity (Amlapitta),"Heartburn, sour belching, nausea, upper abdominal discomfort",Vata,Kapha,Moderate,,"Weekly-seed record (v2, organic) - week 32/52",{}
7725de6d-a1f6-4c41-91cd-e9d4217d3894,f11f882e-26dd-41e5-87c1-1afec3409011,2026-02-11T11:06:56.260011,Acidity (Amlapitta),"Heartburn, sour belching, nausea, upper abdominal discomfort",Pitta-Kapha,Kapha,Mild,,"Weekly-seed record (v2, organic) - week 32/52",{}
d5b4aa81-f7f6-4688-aaa3-98a2acfe7933,d7366770-54a3-4b26-a110-f15da44cfec0,2026-02-14T11:06:56.260011,Acidity (Amlapitta),"Heartburn, sour belching, nausea, upper abdominal discomfort",Pitta-Kapha,Pitta,Moderate,,"Weekly-seed record (v2, organic) - week 33/52",{}
08aab11d-c8c1-49bb-acb4-f900f5d30d76,88641111-ea6f-4e88-b7b8-ee4f8ca972fc,2026-02-16T11:06:56.260011,Acidity (Amlapitta),"Heartburn, sour belching, nausea, upper abdominal discomfort",Pitta-Kapha,Kapha,Moderate,,"Weekly-seed record (v2, organic) - week 33/52",{}
2199c4d3-69e2-42c9-8cb9-36086d1d698a,fea594d1-51c1-49d5-b122-05b855ebd770,2026-03-01T11:06:56.260011,Acidity (Amlapitta),"Heartburn, sour belching, nausea, upper abdominal discomfort",Kapha,Kapha,Moderate,,"Weekly-seed record (v2, organic) - week 35/52",{}
20617967-923c-4f4f-8a1f-5d220542b858,31632b7e-f0fb-4bf2-9b6f-694303d8c48c,2026-02-27T11:06:56.260011,Acidity (Amlapitta),"Heartburn, sour belching, nausea, upper abdominal discomfort",Vata-Pitta,Pitta,Mild,,"Weekly-seed record (v2, organic) - week 35/52",{}
cc13b56c-f26e-4b6c-9ade-85df49ac89d0,9a72e043-3f74-4f90-a110-a5800b9b8323,2026-03-08T11:06:56.260011,Acidity (Amlapitta),"Heartburn, sour belching, nausea, upper abdominal discomfort",Vata-Pitta,Vata,Severe,,"Weekly-seed record (v2, organic) - week 36/52",{}
3115623c-d8d9-4425-8ba9-c3c0a20354fa,0c4d3f77-ebdc-4966-9513-0ded71e853ec,2026-03-07T11:06:56.260011,Acidity (Amlapitta),"Heartburn, sour belching, nausea, upper abdominal discomfort",Pitta,Vata,Moderate,,"Weekly-seed record (v2, organic) - week 36/52",{}
b625ac06-54f0-438e-8fb8-71dc5ec01d50,e7621c85-6490-49b3-97e2-0736bf159cca,2026-03-10T11:06:56.260011,Acidity (Amlapitta),"Heartburn, sour belching, nausea, upper abdominal discomfort",Pitta-Kapha,Kapha,Moderate,,"Weekly-seed record (v2, organic) - week 36/52",{}
d5e005d6-b257-4d14-82ac-ff7871a16507,3f6f08a0-fd3c-4407-a86a-0d6b530ec7b3,2026-03-14T11:06:56.260011,Acidity (Amlapitta),"Heartburn, sour belching, nausea, upper abdominal discomfort",Pitta,Pitta,Mild,,"Weekly-seed record (v2, organic) - week 37/52",{}
eb3efad5-874d-460e-a9ea-b8b19db874f2,84b3d9b8-1061-4fd3-a3c1-ed87d0a9f2ce,2026-03-17T11:06:56.260011,Acidity (Amlapitta),"Heartburn, sour belching, nausea, upper abdominal discomfort",Pitta,Pitta,Severe,,"Weekly-seed record (v2, organic) - week 37/52",{}
6d489ee4-62c9-450f-94e7-0a7246420b44,8022ad34-47ee-43fc-8e67-dae64c97a128,2026-03-18T11:06:56.260011,Acidity (Amlapitta),"Heartburn, sour belching, nausea, upper abdominal discomfort",Kapha,Pitta,Moderate,,"Weekly-seed record (v2, organic) - week 37/52",{}
a4252e0b-edf5-4ad5-82e4-18f21670f79f,f05a9cb5-6110-4502-95e1-810ac6ab6b33,2026-03-18T11:06:56.260011,Acidity (Amlapitta),"Heartburn, sour belching, nausea, upper abdominal discomfort",Vata-Pitta,Pitta,Mild,,"Weekly-seed record (v2, organic) - week 37/52",{}
f10ad66b-93a5-49c6-8a83-5e864af0f733,40c8fdf4-e9a7-4a4f-8db2-d51ae882d4b1,2026-03-26T11:06:56.260011,Acidity (Amlapitta),"Heartburn, sour belching, nausea, upper abdominal discomfort",Kapha,Vata,Mild,,"Weekly-seed record (v2, organic) - week 38/52",{}
c58e941b-4942-4722-a6df-d761a02d2ea7,95a5c4de-24b2-4b6a-a372-c1a6092bc230,2026-03-24T11:06:56.260011,Acidity (Amlapitta),"Heartburn, sour belching, nausea, upper abdominal discomfort",Vata-Pitta,Vata,Severe,,"Weekly-seed record (v2, organic) - week 38/52",{}
528d6de5-2fc5-48d4-890a-601a6e94f8c3,5d2a3a2d-a56d-4dd4-9fd6-13626df1bbec,2026-04-03T11:06:56.260011,Acidity (Amlapitta),"Heartburn, sour belching, nausea, upper abdominal discomfort",Pitta-Kapha,Vata,Mild,,"Weekly-seed record (v2, organic) - week 40/52",{}
6f279af3-f891-477a-b6d3-69acbaf4d6ab,3730d8a1-557b-4224-9319-4901dc66ab18,2026-04-08T11:06:56.260011,Acidity (Amlapitta),"Heartburn, sour belching, nausea, upper abdominal discomfort",Vata,Vata,Moderate,,"Weekly-seed record (v2, organic) - week 40/52",{}
c46e99f2-9224-4b7e-ac4a-5ab7240b96a8,a2640157-0d6c-4073-b19b-d9968ab32ccd,2026-04-09T11:06:56.260011,Acidity (Amlapitta),"Heartburn, sour belching, nausea, upper abdominal discomfort",Pitta,Vata,Severe,,"Weekly-seed record (v2, organic) - week 40/52",{}
ebde64ed-3466-4e51-93dc-56513b80eae6,5c81d240-7588-4bdd-aefe-8662ce026c82,2026-04-03T11:06:56.260011,Acidity (Amlapitta),"Heartburn, sour belching, nausea, upper abdominal discomfort",Pitta,Kapha,Moderate,,"Weekly-seed record (v2, organic) - week 40/52",{}
0b1ff718-9734-4d4b-a17b-95bc9836b875,0f248608-b576-405c-8ef2-f4c93de4738f,2026-04-03T11:06:56.260011,Acidity (Amlapitta),"Heartburn, sour belching, nausea, upper abdominal discomfort",Pitta-Kapha,Kapha,Severe,,"Weekly-seed record (v2, organic) - week 40/52",{}
fa32bfc6-2a58-4a8c-b8a7-8c78190f76f6,829ee37e-d343-4d04-b301-9b28e3c34115,2026-04-13T11:06:56.260011,Acidity (Amlapitta),"Heartburn, sour belching, nausea, upper abdominal discomfort",Vata-Pitta,Vata,Mild,,"Weekly-seed record (v2, organic) - week 41/52",{}
2763c950-05c4-4be7-a50b-158ae4946dcd,f52e044c-b681-43ee-96aa-8b7da5f57eb6,2026-04-14T11:06:56.260011,Acidity (Amlapitta),"Heartburn, sour belching, nausea, upper abdominal discomfort",Vata-Pitta,Vata,Mild,,"Weekly-seed record (v2, organic) - week 41/52",{}
d21117e1-1ac5-46e3-83f2-089aaccc1503,a1d7bdd7-a857-45f6-98d8-6a864a0f401a,2026-04-15T11:06:56.260011,Acidity (Amlapitta),"Heartburn, sour belching, nausea, upper abdominal discomfort",Kapha,Kapha,Moderate,,"Weekly-seed record (v2, organic) - week 41/52",{}
ddca32de-8880-4910-85eb-abcf71300a47,4ffe3b34-8f11-4b68-b9e1-58c7cfd63905,2026-04-21T11:06:56.260011,Acidity (Amlapitta),"Heartburn, sour belching, nausea, upper abdominal discomfort",Vata-Pitta,Vata,Mild,,"Weekly-seed record (v2, organic) - week 42/52",{}
5ed03e97-13bf-4968-9bb4-1cfadd369b49,89c1e550-fada-48c7-b73d-a9fcb1f25ffd,2026-04-21T11:06:56.260011,Acidity (Amlapitta),"Heartburn, sour belching, nausea, upper abdominal discomfort",Pitta,Vata,Mild,,"Weekly-seed record (v2, organic) - week 42/52",{}
2f194173-c723-4d78-9bab-0d5d62458b77,bd0e5a8b-16d4-4f02-aa4f-c54dc2d79ba8,2026-04-28T11:06:56.260011,Acidity (Amlapitta),"Heartburn, sour belching, nausea, upper abdominal discomfort",Kapha,Pitta,Moderate,,"Weekly-seed record (v2, organic) - week 43/52",{}
eb7a2793-c83a-444a-86ab-dcbfb8552f81,6171640b-b4da-4c73-ac9b-cb26cf602af2,2026-05-04T11:06:56.260011,Acidity (Amlapitta),"Heartburn, sour belching, nausea, upper abdominal discomfort",Vata,Pitta,Moderate,,"Weekly-seed record (v2, organic) - week 44/52",{}
a6e71058-f909-4def-afc3-3fa955364443,1bd1a606-f0aa-477e-b5af-4465704114cb,2026-05-05T11:06:56.260011,Acidity (Amlapitta),"Heartburn, sour belching, nausea, upper abdominal discomfort",Pitta,Kapha,Mild,,"Weekly-seed record (v2, organic) - week 44/52",{}
34652c94-355a-4448-985e-c10c615a60f1,3b33639f-c402-479e-985a-f9ef318ef8ed,2026-05-13T11:06:56.260011,Acidity (Amlapitta),"Heartburn, sour belching, nausea, upper abdominal discomfort",Vata,Kapha,Severe,,"Weekly-seed record (v2, organic) - week 45/52",{}
df94f39d-0676-469a-990b-71774e024ea4,84cdf1ff-fdd5-4fe5-acc2-4e3ea3f03ad6,2026-05-08T11:06:56.260011,Acidity (Amlapitta),"Heartburn, sour belching, nausea, upper abdominal discomfort",Vata,Pitta,Moderate,,"Weekly-seed record (v2, organic) - week 45/52",{}
e83f66c5-697d-45dd-ab2f-04f1b7a38d2c,a208147f-d12d-4eb4-8b06-6dc44ee0c0d1,2026-05-12T11:06:56.260011,Acidity (Amlapitta),"Heartburn, sour belching, nausea, upper abdominal discomfort",Vata-Pitta,Vata,Severe,,"Weekly-seed record (v2, organic) - week 45/52",{}
f3a520d0-834f-4c56-9bde-73522edcd18a,4cb06b73-eabf-4bdc-9bf1-94bba6b9c057,2026-05-13T11:06:56.260011,Acidity (Amlapitta),"Heartburn, sour belching, nausea, upper abdominal discomfort",Pitta,Vata,Moderate,,"Weekly-seed record (v2, organic) - week 45/52",{}
26008977-511f-4f5f-8f69-429f211b6a5c,b19ef24e-6314-43ed-b37e-4259f2909819,2026-05-18T11:06:56.260011,Acidity (Amlapitta),"Heartburn, sour belching, nausea, upper abdominal discomfort",Kapha,Kapha,Mild,,"Weekly-seed record (v2, organic) - week 46/52",{}
313072c2-9bf1-4a0e-8ba5-23f40fc48142,e4c092fd-7494-4f8f-bec2-f0fbc3c2a22f,2026-05-15T11:06:56.260011,Acidity (Amlapitta),"Heartburn, sour belching, nausea, upper abdominal discomfort",Pitta,Vata,Severe,,"Weekly-seed record (v2, organic) - week 46/52",{}
27e71726-0ef4-45f9-93ad-a247525c8987,e6aaf6b0-8c8c-4125-b15c-de9f34dda81e,2026-05-18T11:06:56.260011,Acidity (Amlapitta),"Heartburn, sour belching, nausea, upper abdominal discomfort",Kapha,Vata,Mild,,"Weekly-seed record (v2, organic) - week 46/52",{}
7f05df29-d3b4-4db5-b02d-acc33d8316e0,6cfbd37b-ad2a-4f67-a530-e92b1c3f95a3,2026-05-24T11:06:56.260011,Acidity (Amlapitta),"Heartburn, sour belching, nausea, upper abdominal discomfort",Pitta-Kapha,Kapha,Severe,,"Weekly-seed record (v2, organic) - week 47/52",{}
cd3cc047-e359-4989-850f-a56e4c7e1fde,3afcba49-65dd-46f8-9fa0-7013e56af098,2026-05-23T11:06:56.260011,Acidity (Amlapitta),"Heartburn, sour belching, nausea, upper abdominal discomfort",Kapha,Vata,Mild,,"Weekly-seed record (v2, organic) - week 47/52",{}
1138e112-e17f-4b25-b6ac-e991807b8633,40c1fd73-fb27-47f2-9b77-1eb961f88bd2,2026-05-23T11:06:56.260011,Acidity (Amlapitta),"Heartburn, sour belching, nausea, upper abdominal discomfort",Vata-Pitta,Vata,Moderate,,"Weekly-seed record (v2, organic) - week 47/52",{}
58c64212-6537-4d2b-8154-fc8b55c64c2a,329eec71-6983-4994-bc45-9aac9ba8e8b8,2026-06-02T11:06:56.260011,Acidity (Amlapitta),"Heartburn, sour belching, nausea, upper abdominal discomfort",Pitta,Kapha,Moderate,,"Weekly-seed record (v2, organic) - week 48/52",{}
97494a7c-da81-4cca-9a2a-105de35553ee,3a3fa97c-75f2-4fb5-bcc0-c0ef111757fc,2026-06-02T11:06:56.260011,Acidity (Amlapitta),"Heartburn, sour belching, nausea, upper abdominal discomfort",Kapha,Pitta,Severe,,"Weekly-seed record (v2, organic) - week 48/52",{}
9b5baa85-e7e2-44ff-a49b-e71ae0ce8968,f2dfafab-2d92-4755-ba87-5604820b334a,2026-06-04T11:06:56.260011,Acidity (Amlapitta),"Heartburn, sour belching, nausea, upper abdominal discomfort",Vata,Kapha,Severe,,"Weekly-seed record (v2, organic) - week 48/52",{}
73e44965-af59-4ff1-af1e-57b73e334952,35935672-32f0-4cd7-8955-a662bfa0cb39,2026-05-29T11:06:56.260011,Acidity (Amlapitta),"Heartburn, sour belching, nausea, upper abdominal discomfort",Vata,Pitta,Mild,,"Weekly-seed record (v2, organic) - week 48/52",{}
187f0031-20e8-4378-b03c-a03e3180a663,a08915ae-c731-4c86-b6f4-4bf5081c5bc5,2026-05-29T11:06:56.260011,Acidity (Amlapitta),"Heartburn, sour belching, nausea, upper abdominal discomfort",Kapha,Kapha,Severe,,"Weekly-seed record (v2, organic) - week 48/52",{}
cbd7a14e-7a71-45fa-9cb1-4b2575bb2b3e,86db459b-e385-44a5-9643-f2b1ebc9c0fc,2026-06-01T11:06:56.260011,Acidity (Amlapitta),"Heartburn, sour belching, nausea, upper abdominal discomfort",Kapha,Vata,Severe,,"Weekly-seed record (v2, organic) - week 48/52",{}
c66813dc-a212-4888-bfd6-2fc2d6cb0582,b8f984da-629d-4075-80f8-a3e0653300a9,2026-06-11T11:06:56.260011,Acidity (Amlapitta),"Heartburn, sour belching, nausea, upper abdominal discomfort",Vata-Pitta,Pitta,Mild,,"Weekly-seed record (v2, organic) - week 49/52",{}
de487212-0942-4cf9-a89e-40fbd371432a,630b9fef-df01-4af7-973a-7eebe696b45c,2026-06-09T11:06:56.260011,Acidity (Amlapitta),"Heartburn, sour belching, nausea, upper abdominal discomfort",Vata-Pitta,Pitta,Mild,,"Weekly-seed record (v2, organic) - week 49/52",{}
24313453-8bfe-4a51-a34b-bdebc12b7f71,12825953-c5f2-4160-bc7f-c5997e75486e,2026-06-09T11:06:56.260011,Acidity (Amlapitta),"Heartburn, sour belching, nausea, upper abdominal discomfort",Vata-Pitta,Vata,Severe,,"Weekly-seed record (v2, organic) - week 49/52",{}
7d7ae7f0-84a8-49de-9aa2-d0533760c3ac,3f6f08a0-fd3c-4407-a86a-0d6b530ec7b3,2026-06-11T11:06:56.260011,Acidity (Amlapitta),"Heartburn, sour belching, nausea, upper abdominal discomfort",Pitta,Kapha,Mild,,"Weekly-seed record (v2, organic) - week 49/52",{}
a0f12992-9661-48df-b3ef-52a2d6adc526,e9c5a634-5480-410c-baab-abecf9ea6734,2026-06-14T11:06:56.260011,Acidity (Amlapitta),"Heartburn, sour belching, nausea, upper abdominal discomfort",Pitta,Pitta,Severe,,"Weekly-seed record (v2, organic) - week 50/52",{}
119645b6-089b-479c-abe7-eb28e6b447bd,5bfd7492-c854-41c0-93df-57389c318952,2026-06-17T11:06:56.260011,Acidity (Amlapitta),"Heartburn, sour belching, nausea, upper abdominal discomfort",Pitta,Kapha,Moderate,,"Weekly-seed record (v2, organic) - week 50/52",{}
c8c5f04d-b827-47c6-b7fc-e3adacc233ea,6b34d482-464b-4342-8047-567d9d38c122,2026-06-14T11:06:56.260011,Acidity (Amlapitta),"Heartburn, sour belching, nausea, upper abdominal discomfort",Vata,Vata,Mild,,"Weekly-seed record (v2, organic) - week 50/52",{}
5c7470ee-01a5-4f00-a5a8-9e808ef311af,fea594d1-51c1-49d5-b122-05b855ebd770,2026-06-15T11:06:56.260011,Acidity (Amlapitta),"Heartburn, sour belching, nausea, upper abdominal discomfort",Kapha,Pitta,Mild,,"Weekly-seed record (v2, organic) - week 50/52",{}
9ea772c9-fbd4-47cf-8b53-6f322bad5471,cc7d2039-de65-4375-81ea-5c175caa1724,2026-06-19T11:06:56.260011,Acidity (Amlapitta),"Heartburn, sour belching, nausea, upper abdominal discomfort",Pitta,Pitta,Moderate,,"Weekly-seed record (v2, organic) - week 51/52",{}
221e4ef9-560b-47c5-97e4-a4380662e8d5,6e0cf555-9007-43cd-98eb-1e34d984c38b,2026-06-23T11:06:56.260011,Acidity (Amlapitta),"Heartburn, sour belching, nausea, upper abdominal discomfort",Pitta-Kapha,Pitta,Mild,,"Weekly-seed record (v2, organic) - week 51/52",{}
3418e5bd-4c13-43dd-a485-4af4921e74ba,1ccba005-d6a7-4608-86ff-b0eaa8675169,2026-06-26T11:06:56.260011,Acidity (Amlapitta),"Heartburn, sour belching, nausea, upper abdominal discomfort",Kapha,Kapha,Mild,,"Weekly-seed record (v2, organic) - week 52/52",{}
40e9fae9-cc38-48b3-8969-1e4f5e32f3a5,1874156a-6013-44a9-8704-1c2cc2682f19,2025-07-10T11:06:56.260011,Joint Pain (Amavata),"Morning stiffness, swelling in joints, pain on movement",Vata-Pitta,Vata,Moderate,,"Weekly-seed record (v2, organic) - week 1/52",{}
9a83071f-c6ab-498f-9d8e-cec11b7e16bd,efaae104-995f-4f1c-950e-2c3be2c75237,2025-07-07T11:06:56.260011,Joint Pain (Amavata),"Morning stiffness, swelling in joints, pain on movement",Vata,Kapha,Severe,,"Weekly-seed record (v2, organic) - week 1/52",{}
1f907226-7059-46c1-913f-7260ee17be10,f11f882e-26dd-41e5-87c1-1afec3409011,2025-07-08T11:06:56.260011,Joint Pain (Amavata),"Morning stiffness, swelling in joints, pain on movement",Pitta-Kapha,Vata,Severe,,"Weekly-seed record (v2, organic) - week 1/52",{}
fde78761-5ba0-4223-a2f6-79196a9294db,88641111-ea6f-4e88-b7b8-ee4f8ca972fc,2025-07-12T11:06:56.260011,Joint Pain (Amavata),"Morning stiffness, swelling in joints, pain on movement",Pitta,Pitta,Moderate,,"Weekly-seed record (v2, organic) - week 2/52",{}
b0c53faf-2e49-42f9-8982-6c86be64b0c3,b5a20d52-826a-404a-98f2-1c7cc74afc03,2025-07-21T11:06:56.260011,Joint Pain (Amavata),"Morning stiffness, swelling in joints, pain on movement",Pitta,Vata,Mild,,"Weekly-seed record (v2, organic) - week 3/52",{}
ec8ea34d-a3b4-4e2c-bbe5-cdaa1ac94633,b021bb1e-6e42-419a-bcff-6dacfc1a7d5c,2025-07-20T11:06:56.260011,Joint Pain (Amavata),"Morning stiffness, swelling in joints, pain on movement",Vata-Pitta,Pitta,Moderate,,"Weekly-seed record (v2, organic) - week 3/52",{}
325ff08b-b71a-47f2-96ce-36527e608f88,96f3965f-35b1-41f4-9439-58c245660cec,2025-07-18T11:06:56.260011,Joint Pain (Amavata),"Morning stiffness, swelling in joints, pain on movement",Kapha,Pitta,Mild,,"Weekly-seed record (v2, organic) - week 3/52",{}
8e0dc192-1d68-4c40-ae88-ac94a1cfff14,b132388d-0113-4aa6-9960-a5bebd09ad8c,2025-07-23T11:06:56.260011,Joint Pain (Amavata),"Morning stiffness, swelling in joints, pain on movement",Vata-Pitta,Kapha,Severe,,"Weekly-seed record (v2, organic) - week 3/52",{}
8b6bf2c4-00f9-4299-a5be-e904efe472d4,47858567-6aac-44d7-9781-0cc941cbdfe4,2025-07-28T11:06:56.260011,Joint Pain (Amavata),"Morning stiffness, swelling in joints, pain on movement",Vata,Vata,Moderate,,"Weekly-seed record (v2, organic) - week 4/52",{}
6dc781d4-6293-4cd2-b73b-a5f6374b9a14,32fb151f-1500-4802-bf2e-a28569bca551,2025-08-04T11:06:56.260011,Joint Pain (Amavata),"Morning stiffness, swelling in joints, pain on movement",Kapha,Kapha,Moderate,,"Weekly-seed record (v2, organic) - week 5/52",{}
ead55968-4103-46ef-adac-556238fd88d4,bee20f11-3865-4feb-a005-871c0d584c67,2025-08-07T11:06:56.260011,Joint Pain (Amavata),"Morning stiffness, swelling in joints, pain on movement",Kapha,Pitta,Moderate,,"Weekly-seed record (v2, organic) - week 5/52",{}
c3a8e7fc-c0bc-4c0b-ab62-c1e8b5aff518,626610a1-24f8-4529-85fc-53e8ca66fe23,2025-08-07T11:06:56.260011,Joint Pain (Amavata),"Morning stiffness, swelling in joints, pain on movement",Pitta-Kapha,Vata,Moderate,,"Weekly-seed record (v2, organic) - week 5/52",{}
f4d62b16-eda0-434d-903d-3f11be32a088,9205ae42-b451-45be-8ede-80396a10ae1c,2025-08-12T11:06:56.260011,Joint Pain (Amavata),"Morning stiffness, swelling in joints, pain on movement",Pitta,Pitta,Moderate,,"Weekly-seed record (v2, organic) - week 6/52",{}
e26deeb6-1e19-4956-88a1-608b3d098d82,493ce533-a40e-41da-b998-80990e815203,2025-08-11T11:06:56.260011,Joint Pain (Amavata),"Morning stiffness, swelling in joints, pain on movement",Kapha,Pitta,Severe,,"Weekly-seed record (v2, organic) - week 6/52",{}
5ecb3a44-1b58-4d7d-ab58-6878e3c97ab1,76609f2a-22ce-4d20-aebf-1cc021eab18e,2025-08-13T11:06:56.260011,Joint Pain (Amavata),"Morning stiffness, swelling in joints, pain on movement",Vata-Pitta,Kapha,Mild,,"Weekly-seed record (v2, organic) - week 6/52",{}
28581272-2ffb-4746-8118-74f06bb6fa87,5ac0ad97-4dc8-4c19-ace3-23cbee554c88,2025-08-11T11:06:56.260011,Joint Pain (Amavata),"Morning stiffness, swelling in joints, pain on movement",Kapha,Pitta,Moderate,,"Weekly-seed record (v2, organic) - week 6/52",{}
0051e921-f9d4-4083-a649-c6b9f6a087e3,baf801db-e72c-419d-9b34-35b34ab9a72f,2025-08-19T11:06:56.260011,Joint Pain (Amavata),"Morning stiffness, swelling in joints, pain on movement",Pitta,Kapha,Severe,,"Weekly-seed record (v2, organic) - week 7/52",{}
abbf5783-9d3f-436d-be3f-11190ef50590,cd1ac773-4b49-4e76-8657-0099a1661789,2025-08-20T11:06:56.260011,Joint Pain (Amavata),"Morning stiffness, swelling in joints, pain on movement",Pitta-Kapha,Vata,Severe,,"Weekly-seed record (v2, organic) - week 7/52",{}
36c60890-02fe-43cb-9561-1c12d95bdc1c,32d695c7-d917-4fac-9b01-2a5e14ebc7ac,2025-08-20T11:06:56.260011,Joint Pain (Amavata),"Morning stiffness, swelling in joints, pain on movement",Pitta,Pitta,Moderate,,"Weekly-seed record (v2, organic) - week 7/52",{}
15636d64-9f8f-444a-affa-a6ac1079d342,5a4729a5-b64f-405f-b900-2d70a2ff1c66,2025-08-27T11:06:56.260011,Joint Pain (Amavata),"Morning stiffness, swelling in joints, pain on movement",Vata,Pitta,Severe,,"Weekly-seed record (v2, organic) - week 8/52",{}
8b87e3fc-91bc-4324-bb36-8b29baf1dc2d,4aa261c2-0f23-4652-a36b-e3e337f22bc0,2025-08-30T11:06:56.260011,Joint Pain (Amavata),"Morning stiffness, swelling in joints, pain on movement",Kapha,Vata,Moderate,,"Weekly-seed record (v2, organic) - week 9/52",{}
6b734b17-f4f1-47c1-be3c-a9ae4755882b,c040c651-cba9-404b-a576-b9bd313a0b46,2025-08-30T11:06:56.260011,Joint Pain (Amavata),"Morning stiffness, swelling in joints, pain on movement",Vata-Pitta,Pitta,Mild,,"Weekly-seed record (v2, organic) - week 9/52",{}
25c6f6c9-20a1-433b-b3b3-1797cacfffcb,206f1ad5-f9e8-456a-b1a9-31c02dd82240,2025-09-02T11:06:56.260011,Joint Pain (Amavata),"Morning stiffness, swelling in joints, pain on movement",Vata-Pitta,Kapha,Moderate,,"Weekly-seed record (v2, organic) - week 9/52",{}
d8fbd39c-bb67-4812-88b4-d51b4eb82f7c,256ca4a8-0cdf-4ad6-977e-4454c9605a71,2025-09-02T11:06:56.260011,Joint Pain (Amavata),"Morning stiffness, swelling in joints, pain on movement",Vata-Pitta,Kapha,Mild,,"Weekly-seed record (v2, organic) - week 9/52",{}
e29a9291-3401-4618-a18d-b943e61bffd3,f9e21173-1112-4f40-b874-349b656a8df2,2025-09-07T11:06:56.260011,Joint Pain (Amavata),"Morning stiffness, swelling in joints, pain on movement",Pitta-Kapha,Kapha,Severe,,"Weekly-seed record (v2, organic) - week 10/52",{}
be79169f-d83a-4a1b-99de-d6fe6f162aa4,3de1091e-220d-4434-ae97-b9e9a079b027,2025-09-05T11:06:56.260011,Joint Pain (Amavata),"Morning stiffness, swelling in joints, pain on movement",Pitta,Kapha,Severe,,"Weekly-seed record (v2, organic) - week 10/52",{}
2fa1db0d-57b4-4ca1-8467-a298c050159c,7405f515-8d14-4922-85b9-32970e01833d,2025-09-06T11:06:56.260011,Joint Pain (Amavata),"Morning stiffness, swelling in joints, pain on movement",Pitta-Kapha,Vata,Severe,,"Weekly-seed record (v2, organic) - week 10/52",{}
cfa6b4db-89ea-4fff-9841-2dfa7c477b82,11178a9b-1366-455e-8156-aa1a7d5b0005,2025-09-17T11:06:56.260011,Joint Pain (Amavata),"Morning stiffness, swelling in joints, pain on movement",Vata-Pitta,Pitta,Moderate,,"Weekly-seed record (v2, organic) - week 11/52",{}
9e404278-3fb1-4f4d-b84a-160bf79d992b,98321cdc-abcd-42c7-9f17-b906cbfb79f8,2025-09-12T11:06:56.260011,Joint Pain (Amavata),"Morning stiffness, swelling in joints, pain on movement",Vata,Pitta,Mild,,"Weekly-seed record (v2, organic) - week 11/52",{}
6ed478a2-309b-49ed-9190-07ce5c8a624b,c5833f55-e6bc-4e1c-a70c-c1b3af128c5c,2025-09-24T11:06:56.260011,Joint Pain (Amavata),"Morning stiffness, swelling in joints, pain on movement",Pitta-Kapha,Kapha,Severe,,"Weekly-seed record (v2, organic) - week 12/52",{}
d328d8a1-7b4c-4def-8705-638d570b0848,29c10c90-8823-43f7-b9eb-e94f5a23f4c0,2025-09-23T11:06:56.260011,Joint Pain (Amavata),"Morning stiffness, swelling in joints, pain on movement",Pitta,Pitta,Moderate,,"Weekly-seed record (v2, organic) - week 12/52",{}
a4d8781b-462a-45b0-95b6-6b283a6ea3aa,d3a42e34-143f-433d-b339-bd249843ad50,2025-09-22T11:06:56.260011,Joint Pain (Amavata),"Morning stiffness, swelling in joints, pain on movement",Pitta-Kapha,Kapha,Severe,,"Weekly-seed record (v2, organic) - week 12/52",{}
4e9a3f03-2e17-4893-80eb-7773a852a2c3,5c81d240-7588-4bdd-aefe-8662ce026c82,2025-09-21T11:06:56.260011,Joint Pain (Amavata),"Morning stiffness, swelling in joints, pain on movement",Vata,Pitta,Mild,,"Weekly-seed record (v2, organic) - week 12/52",{}
c1e231e7-5998-43e8-9cf7-55beb3efdf1d,3f6f08a0-fd3c-4407-a86a-0d6b530ec7b3,2025-09-22T11:06:56.260011,Joint Pain (Amavata),"Morning stiffness, swelling in joints, pain on movement",Vata,Vata,Severe,,"Weekly-seed record (v2, organic) - week 12/52",{}
d6fbf206-4432-4297-a383-b09b3df3a7e3,83dacb16-5e0b-4d52-8df6-19f9ab44dcde,2025-09-21T11:06:56.260011,Joint Pain (Amavata),"Morning stiffness, swelling in joints, pain on movement",Kapha,Pitta,Moderate,,"Weekly-seed record (v2, organic) - week 12/52",{}
b6312729-ed9e-469a-a6e4-7015cc90f153,b36b73ab-1d49-42a8-a722-17bba794a733,2025-09-20T11:06:56.260011,Joint Pain (Amavata),"Morning stiffness, swelling in joints, pain on movement",Pitta-Kapha,Pitta,Moderate,,"Weekly-seed record (v2, organic) - week 12/52",{}
27e0683e-1870-4708-b71f-50cd855fbcb6,0dfd82a9-ecaf-4280-b4a0-1eef964457dd,2025-09-19T11:06:56.260011,Joint Pain (Amavata),"Morning stiffness, swelling in joints, pain on movement",Vata-Pitta,Kapha,Severe,,"Weekly-seed record (v2, organic) - week 12/52",{}
43254c66-b16e-4362-b220-0070e85d03ea,a80db866-6770-4279-8184-56069f3773ee,2025-09-28T11:06:56.260011,Joint Pain (Amavata),"Morning stiffness, swelling in joints, pain on movement",Vata,Pitta,Mild,,"Weekly-seed record (v2, organic) - week 13/52",{}
ad7f29fa-ba63-4c5e-8828-82579f7edb9f,f5943915-4cea-43b8-84d3-254eacf72596,2025-10-01T11:06:56.260011,Joint Pain (Amavata),"Morning stiffness, swelling in joints, pain on movement",Vata,Vata,Moderate,,"Weekly-seed record (v2, organic) - week 13/52",{}
832436c0-0046-431b-a4d0-1013ff6ec19c,b06ccf5e-882a-4bed-86d7-0ffbe31ddc55,2025-10-03T11:06:56.260011,Joint Pain (Amavata),"Morning stiffness, swelling in joints, pain on movement",Pitta,Kapha,Mild,,"Weekly-seed record (v2, organic) - week 14/52",{}
722d9d51-0de2-4232-bfbe-d0e9645795cb,ac587c97-703e-47e7-bcbe-83c8666e0de3,2025-10-04T11:06:56.260011,Joint Pain (Amavata),"Morning stiffness, swelling in joints, pain on movement",Pitta-Kapha,Vata,Moderate,,"Weekly-seed record (v2, organic) - week 14/52",{}
894f811a-542f-4b07-b248-7f64123c4c88,ebcf1eab-c3a5-45b0-9b04-1d1a7b0a7c2b,2025-10-13T11:06:56.260011,Joint Pain (Amavata),"Morning stiffness, swelling in joints, pain on movement",Vata-Pitta,Vata,Moderate,,"Weekly-seed record (v2, organic) - week 15/52",{}
3101b27b-3cc9-4df3-a676-9e6dcb083a67,70a0cfb7-ee40-4a08-bd6e-4e011a012e73,2025-10-11T11:06:56.260011,Joint Pain (Amavata),"Morning stiffness, swelling in joints, pain on movement",Pitta,Kapha,Severe,,"Weekly-seed record (v2, organic) - week 15/52",{}
993f1ea6-bb0e-4603-a25e-8618aff6dcbd,fea3e936-a928-49a8-9361-8f4085d3dbf3,2025-10-13T11:06:56.260011,Joint Pain (Amavata),"Morning stiffness, swelling in joints, pain on movement",Vata,Kapha,Severe,,"Weekly-seed record (v2, organic) - week 15/52",{}
68288184-6b93-447b-95b8-516afafefb9c,ff00749e-2ae0-428b-a85a-adebe54613eb,2025-10-27T11:06:56.260011,Joint Pain (Amavata),"Morning stiffness, swelling in joints, pain on movement",Pitta-Kapha,Pitta,Moderate,,"Weekly-seed record (v2, organic) - week 17/52",{}
61fd341f-136c-41ee-a897-d864b2d6323b,4afead81-0af3-456f-ae1d-9696a439c45a,2025-10-29T11:06:56.260011,Joint Pain (Amavata),"Morning stiffness, swelling in joints, pain on movement",Pitta,Vata,Moderate,,"Weekly-seed record (v2, organic) - week 17/52",{}
23b2089a-9e46-4870-943a-56c6ad15bf8e,fe89faac-b42c-4ef1-beca-7f35770db8d2,2025-10-29T11:06:56.260011,Joint Pain (Amavata),"Morning stiffness, swelling in joints, pain on movement",Vata,Kapha,Mild,,"Weekly-seed record (v2, organic) - week 17/52",{}
c1af0d3d-9b96-4a0e-8370-b8e7328407c2,9d26ec89-f36f-41cc-8de7-30f32000dd52,2025-11-06T11:06:56.260011,Joint Pain (Amavata),"Morning stiffness, swelling in joints, pain on movement",Pitta-Kapha,Vata,Moderate,,"Weekly-seed record (v2, organic) - week 18/52",{}
5b69b6bb-4245-406a-84e6-3e98cdec955b,5ac0ad97-4dc8-4c19-ace3-23cbee554c88,2025-11-08T11:06:56.260011,Joint Pain (Amavata),"Morning stiffness, swelling in joints, pain on movement",Vata-Pitta,Vata,Moderate,,"Weekly-seed record (v2, organic) - week 19/52",{}
d4b66378-093a-4789-9fd7-d7fa4bf64a8f,033c7bd7-ecda-442d-8df0-3c01783751c7,2025-11-13T11:06:56.260011,Joint Pain (Amavata),"Morning stiffness, swelling in joints, pain on movement",Vata-Pitta,Kapha,Severe,,"Weekly-seed record (v2, organic) - week 19/52",{}
f01e40a8-61df-45f5-ae26-b4cc09e10b6a,cc3c611e-8fad-423d-9d7b-2ba115c4a103,2025-11-18T11:06:56.260011,Joint Pain (Amavata),"Morning stiffness, swelling in joints, pain on movement",Vata-Pitta,Kapha,Moderate,,"Weekly-seed record (v2, organic) - week 20/52",{}
b05a62ec-7b31-46cb-9573-2e5ce9d61156,40c1fd73-fb27-47f2-9b77-1eb961f88bd2,2025-11-21T11:06:56.260011,Joint Pain (Amavata),"Morning stiffness, swelling in joints, pain on movement",Kapha,Pitta,Moderate,,"Weekly-seed record (v2, organic) - week 21/52",{}
fd32b488-f951-4f0c-b237-2f11776b2d28,a666ad21-189d-4cce-a30f-ff27a979820a,2025-11-22T11:06:56.260011,Joint Pain (Amavata),"Morning stiffness, swelling in joints, pain on movement",Kapha,Kapha,Severe,,"Weekly-seed record (v2, organic) - week 21/52",{}
20830efa-f037-4477-80f6-5f43b9c755ec,3786e287-1e22-487b-810b-e4f4384d94b0,2025-11-26T11:06:56.260011,Joint Pain (Amavata),"Morning stiffness, swelling in joints, pain on movement",Pitta,Pitta,Mild,,"Weekly-seed record (v2, organic) - week 21/52",{}
86a0ce17-b277-431e-8507-5a183f6093f2,6b85b7de-73ea-4d5e-9f33-658dad3fbfb2,2025-11-30T11:06:56.260011,Joint Pain (Amavata),"Morning stiffness, swelling in joints, pain on movement",Vata,Vata,Moderate,,"Weekly-seed record (v2, organic) - week 22/52",{}
d5690f56-be79-4a9d-9a2f-ed8e5b5bc2a7,b6ce1286-8f7d-41b3-8052-46b15da0f482,2025-11-29T11:06:56.260011,Joint Pain (Amavata),"Morning stiffness, swelling in joints, pain on movement",Pitta-Kapha,Pitta,Moderate,,"Weekly-seed record (v2, organic) - week 22/52",{}
4e034206-fe28-4368-a7ff-ae0e16331eef,20f81eb4-5a12-4a2b-912b-43f090504092,2025-12-06T11:06:56.260011,Joint Pain (Amavata),"Morning stiffness, swelling in joints, pain on movement",Pitta-Kapha,Pitta,Moderate,,"Weekly-seed record (v2, organic) - week 23/52",{}
b65547a0-483e-409c-b4cb-f490f92cdc91,1e7ff456-61fb-46a3-b39d-5bab6ad372b3,2025-12-08T11:06:56.260011,Joint Pain (Amavata),"Morning stiffness, swelling in joints, pain on movement",Pitta-Kapha,Kapha,Severe,,"Weekly-seed record (v2, organic) - week 23/52",{}
daa756c3-367f-46cc-bb9e-31848aa6ce0d,1a991d8e-17de-4883-bfb3-86d4e97dc1ae,2025-12-16T11:06:56.260011,Joint Pain (Amavata),"Morning stiffness, swelling in joints, pain on movement",Pitta,Pitta,Moderate,,"Weekly-seed record (v2, organic) - week 24/52",{}
0aa724f8-b196-4247-8414-988cd3f87c55,f2dfafab-2d92-4755-ba87-5604820b334a,2025-12-13T11:06:56.260011,Joint Pain (Amavata),"Morning stiffness, swelling in joints, pain on movement",Kapha,Pitta,Severe,,"Weekly-seed record (v2, organic) - week 24/52",{}
5f167a86-62f9-42e0-aacf-f409018b6585,c3034117-47a1-4672-83d5-7060a68f63f2,2025-12-25T11:06:56.260011,Joint Pain (Amavata),"Morning stiffness, swelling in joints, pain on movement",Kapha,Vata,Moderate,,"Weekly-seed record (v2, organic) - week 25/52",{}
b1809fc4-0197-40ed-ad70-8af8902d71c7,b04a2d73-1fa1-4be0-95bc-c1de06279db2,2025-12-20T11:06:56.260011,Joint Pain (Amavata),"Morning stiffness, swelling in joints, pain on movement",Vata-Pitta,Kapha,Severe,,"Weekly-seed record (v2, organic) - week 25/52",{}
8af01e5a-12cc-42db-a5aa-0af419a95e1d,91a24ece-afbc-4ba8-952f-8dd6097940f2,2025-12-22T11:06:56.260011,Joint Pain (Amavata),"Morning stiffness, swelling in joints, pain on movement",Vata-Pitta,Kapha,Moderate,,"Weekly-seed record (v2, organic) - week 25/52",{}
09a0a8b9-d267-4cc4-83ef-2c4b8c3abccf,4caa8dca-1b4d-48d6-b86d-c781c6faf21d,2025-12-24T11:06:56.260011,Joint Pain (Amavata),"Morning stiffness, swelling in joints, pain on movement",Vata-Pitta,Pitta,Mild,,"Weekly-seed record (v2, organic) - week 25/52",{}
c29803e4-90b1-4db3-8b33-d621edf07555,e9c5a634-5480-410c-baab-abecf9ea6734,2025-12-23T11:06:56.260011,Joint Pain (Amavata),"Morning stiffness, swelling in joints, pain on movement",Vata,Vata,Moderate,,"Weekly-seed record (v2, organic) - week 25/52",{}
98ebb88e-81a1-444e-8fa7-7948f103f4e8,3afcba49-65dd-46f8-9fa0-7013e56af098,2025-12-21T11:06:56.260011,Joint Pain (Amavata),"Morning stiffness, swelling in joints, pain on movement",Pitta,Kapha,Moderate,,"Weekly-seed record (v2, organic) - week 25/52",{}
4abb6481-3ba3-45c9-aeba-40484efdaf71,b5d01b23-061c-4ee4-a549-940e0ed09b00,2026-01-01T11:06:56.260011,Joint Pain (Amavata),"Morning stiffness, swelling in joints, pain on movement",Vata-Pitta,Kapha,Severe,,"Weekly-seed record (v2, organic) - week 26/52",{}
a017fa40-a3fc-4903-a4ba-24a2bfdbf47c,b70fedb3-9048-42f5-9ac3-63f66ecfb90a,2026-01-08T11:06:56.260011,Joint Pain (Amavata),"Morning stiffness, swelling in joints, pain on movement",Vata-Pitta,Kapha,Severe,,"Weekly-seed record (v2, organic) - week 27/52",{}
8a5afd97-3746-4c72-9c99-9bc52172689a,bd87b187-e30f-49f6-a0fd-8b49bcd8cf0e,2026-01-06T11:06:56.260011,Joint Pain (Amavata),"Morning stiffness, swelling in joints, pain on movement",Vata,Pitta,Severe,,"Weekly-seed record (v2, organic) - week 27/52",{}
d3d90e7e-5bc7-4ae6-a8a6-c59abacce1c0,6222748a-8c13-4da6-b495-502fb6c512f4,2026-01-04T11:06:56.260011,Joint Pain (Amavata),"Morning stiffness, swelling in joints, pain on movement",Pitta-Kapha,Vata,Severe,,"Weekly-seed record (v2, organic) - week 27/52",{}
50128eaf-bd75-4939-9efd-6e54038c523a,555ab5cc-8c89-4fc3-93e0-b67a8d5cd78b,2026-01-20T11:06:56.260011,Joint Pain (Amavata),"Morning stiffness, swelling in joints, pain on movement",Pitta,Pitta,Mild,,"Weekly-seed record (v2, organic) - week 29/52",{}
f1029b3a-f7e2-4527-9d02-92a9d95a7782,a1761075-7bb0-4967-99ab-1d6c9feac16c,2026-01-22T11:06:56.260011,Joint Pain (Amavata),"Morning stiffness, swelling in joints, pain on movement",Pitta,Pitta,Mild,,"Weekly-seed record (v2, organic) - week 29/52",{}
cad5b64e-61ad-417d-87c5-1086923815f2,d56a8d27-6a5a-4e28-a957-7d883cf46c3c,2026-01-18T11:06:56.260011,Joint Pain (Amavata),"Morning stiffness, swelling in joints, pain on movement",Kapha,Vata,Moderate,,"Weekly-seed record (v2, organic) - week 29/52",{}
872dcfcd-47c7-4d0e-8c4a-732f9889c7b1,58306d0e-cb85-40eb-8a2b-c0a098128210,2026-01-16T11:06:56.260011,Joint Pain (Amavata),"Morning stiffness, swelling in joints, pain on movement",Pitta,Vata,Severe,,"Weekly-seed record (v2, organic) - week 29/52",{}
2f90e8dc-d81b-47d8-9895-4ac820524741,11bf2eac-aa7a-4ba7-bbce-d04555359cd7,2026-01-21T11:06:56.260011,Joint Pain (Amavata),"Morning stiffness, swelling in joints, pain on movement",Kapha,Kapha,Severe,,"Weekly-seed record (v2, organic) - week 29/52",{}
4d94b616-b889-46ae-a4c5-49f91263ff15,dce6d9e9-8a63-493d-af9b-a19b1aa39a95,2026-01-26T11:06:56.260011,Joint Pain (Amavata),"Morning stiffness, swelling in joints, pain on movement",Pitta,Kapha,Mild,,"Weekly-seed record (v2, organic) - week 30/52",{}
2803455f-0a60-40a9-913b-d4e94b51f20b,b36b73ab-1d49-42a8-a722-17bba794a733,2026-01-24T11:06:56.260011,Joint Pain (Amavata),"Morning stiffness, swelling in joints, pain on movement",Pitta,Vata,Severe,,"Weekly-seed record (v2, organic) - week 30/52",{}
fdf01083-e8f9-4827-8649-2ddd8369f2a0,91b9aece-5bd4-457d-b372-57be098c4289,2026-01-27T11:06:56.260011,Joint Pain (Amavata),"Morning stiffness, swelling in joints, pain on movement",Kapha,Kapha,Severe,,"Weekly-seed record (v2, organic) - week 30/52",{}
7fea9c04-5f46-48c3-9fb1-44cd654948ac,b5d01b23-061c-4ee4-a549-940e0ed09b00,2026-01-25T11:06:56.260011,Joint Pain (Amavata),"Morning stiffness, swelling in joints, pain on movement",Kapha,Pitta,Severe,,"Weekly-seed record (v2, organic) - week 30/52",{}
cad5eb35-5673-4000-a40f-b98d78e610f5,9daa4358-a717-447a-a1fb-171c97c752e5,2026-02-05T11:06:56.260011,Joint Pain (Amavata),"Morning stiffness, swelling in joints, pain on movement",Pitta-Kapha,Kapha,Mild,,"Weekly-seed record (v2, organic) - week 31/52",{}
56a5c1ca-7d85-4ca0-9d24-2852826be609,f2b03105-b124-49bd-ab07-249f0413e859,2026-02-05T11:06:56.260011,Joint Pain (Amavata),"Morning stiffness, swelling in joints, pain on movement",Vata-Pitta,Vata,Moderate,,"Weekly-seed record (v2, organic) - week 31/52",{}
c5fd741f-8362-40cb-9c0d-1e3748ad1b19,d31d254c-6cfa-4441-b2eb-6b7271754bcb,2026-02-11T11:06:56.260011,Joint Pain (Amavata),"Morning stiffness, swelling in joints, pain on movement",Pitta,Kapha,Mild,,"Weekly-seed record (v2, organic) - week 32/52",{}
d2fd2753-d8f9-4997-bebb-82d497b1feba,52e1a46d-546d-4797-81e2-e55ca99b5e34,2026-03-07T11:06:56.260011,Joint Pain (Amavata),"Morning stiffness, swelling in joints, pain on movement",Kapha,Vata,Severe,,"Weekly-seed record (v2, organic) - week 36/52",{}
006f3e07-0bf0-4b25-a92d-32861abdd71a,0eb78130-992f-4dc9-9eb4-5405ddeb8065,2026-03-09T11:06:56.260011,Joint Pain (Amavata),"Morning stiffness, swelling in joints, pain on movement",Pitta,Kapha,Severe,,"Weekly-seed record (v2, organic) - week 36/52",{}
2a8f9e4e-fedd-425c-a33f-0d833a35008e,daf9b6c7-3958-4620-b9c6-fbad55c01da3,2026-03-18T11:06:56.260011,Joint Pain (Amavata),"Morning stiffness, swelling in joints, pain on movement",Vata-Pitta,Pitta,Moderate,,"Weekly-seed record (v2, organic) - week 37/52",{}
2cfad305-ac7b-4b1d-a809-82df6a89b4b6,db2fbf21-0495-47dd-a488-fffad8688fa2,2026-03-18T11:06:56.260011,Joint Pain (Amavata),"Morning stiffness, swelling in joints, pain on movement",Vata,Pitta,Severe,,"Weekly-seed record (v2, organic) - week 37/52",{}
1c8530a7-9e23-4ff6-b301-77cb602676b1,105a5b65-a437-464b-8446-7d83959cbb15,2026-03-22T11:06:56.260011,Joint Pain (Amavata),"Morning stiffness, swelling in joints, pain on movement",Kapha,Pitta,Moderate,,"Weekly-seed record (v2, organic) - week 38/52",{}
a6f5ff88-ee82-4c52-88e5-0419565ac29f,aec2efec-f3f5-41b2-9577-f1bc6f1bca95,2026-03-24T11:06:56.260011,Joint Pain (Amavata),"Morning stiffness, swelling in joints, pain on movement",Vata,Kapha,Mild,,"Weekly-seed record (v2, organic) - week 38/52",{}
6841456c-103c-417b-8caa-c93ca3f0145f,02db718f-3410-417e-b244-4a5af9357b24,2026-03-23T11:06:56.260011,Joint Pain (Amavata),"Morning stiffness, swelling in joints, pain on movement",Kapha,Vata,Severe,,"Weekly-seed record (v2, organic) - week 38/52",{}
8fa18b1d-2e5d-4499-b3a3-8cca3c43ee6a,8b08ffa4-3da5-4348-a84b-405c58ba4ab7,2026-03-28T11:06:56.260011,Joint Pain (Amavata),"Morning stiffness, swelling in joints, pain on movement",Vata-Pitta,Vata,Moderate,,"Weekly-seed record (v2, organic) - week 39/52",{}
ab6ecf5a-4c42-4e85-8f09-d6d0acbf1d23,b5a20d52-826a-404a-98f2-1c7cc74afc03,2026-04-05T11:06:56.260011,Joint Pain (Amavata),"Morning stiffness, swelling in joints, pain on movement",Kapha,Pitta,Severe,,"Weekly-seed record (v2, organic) - week 40/52",{}
a16e65cc-6c34-4ed0-aa9b-d611d6b0554e,b99aeef8-fcfe-4464-8d48-4a1d862871d6,2026-04-04T11:06:56.260011,Joint Pain (Amavata),"Morning stiffness, swelling in joints, pain on movement",Pitta-Kapha,Pitta,Moderate,,"Weekly-seed record (v2, organic) - week 40/52",{}
906beeb8-17e4-4111-81fd-1ba63ebaeb12,ad7a75c7-29e5-41c7-b74c-f083a374960f,2026-04-16T11:06:56.260011,Joint Pain (Amavata),"Morning stiffness, swelling in joints, pain on movement",Vata,Vata,Mild,,"Weekly-seed record (v2, organic) - week 41/52",{}
7babb165-5c68-4ec0-a50c-5a2312f9f822,3c687bce-33cc-4b0c-891d-283dce9cc7a1,2026-04-16T11:06:56.260011,Joint Pain (Amavata),"Morning stiffness, swelling in joints, pain on movement",Vata-Pitta,Vata,Mild,,"Weekly-seed record (v2, organic) - week 41/52",{}
213cc484-e3a4-4d7d-8ff9-303b68bf6dd1,f68a4b14-46bc-4566-ba9e-6a61ad229b86,2026-04-11T11:06:56.260011,Joint Pain (Amavata),"Morning stiffness, swelling in joints, pain on movement",Vata-Pitta,Pitta,Mild,,"Weekly-seed record (v2, organic) - week 41/52",{}
2a05ca08-f8a9-40ca-8396-bad23fb081e2,b24372cb-0bf9-463e-b70e-5cb1c24a300e,2026-04-11T11:06:56.260011,Joint Pain (Amavata),"Morning stiffness, swelling in joints, pain on movement",Pitta,Kapha,Moderate,,"Weekly-seed record (v2, organic) - week 41/52",{}
0a4a70ee-9776-4c17-a3e9-d51ef78427a2,a7300bff-1982-4807-88cb-50c788756f59,2026-04-23T11:06:56.260011,Joint Pain (Amavata),"Morning stiffness, swelling in joints, pain on movement",Kapha,Vata,Severe,,"Weekly-seed record (v2, organic) - week 42/52",{}
c6fba34f-a92b-4cdb-9001-ef44edd2db3d,9a6b03db-77e4-4cd2-811c-1abab5b663c7,2026-04-26T11:06:56.260011,Joint Pain (Amavata),"Morning stiffness, swelling in joints, pain on movement",Vata,Pitta,Severe,,"Weekly-seed record (v2, organic) - week 43/52",{}
7c62894f-8b99-43c7-85db-4b7c9516d57e,d53538f7-b819-4bb2-9ca1-2ed43062ad1e,2026-05-09T11:06:56.260011,Joint Pain (Amavata),"Morning stiffness, swelling in joints, pain on movement",Vata,Pitta,Severe,,"Weekly-seed record (v2, organic) - week 45/52",{}
2ee95008-b6df-4982-850b-255cf97b7cc9,7eea4e0e-f569-48fe-9a20-87d4b9880548,2026-05-20T11:06:56.260011,Joint Pain (Amavata),"Morning stiffness, swelling in joints, pain on movement",Pitta,Pitta,Severe,,"Weekly-seed record (v2, organic) - week 46/52",{}
64f06ca5-6ce6-410e-9d46-f7abf0ae075b,de8c425a-ae57-449d-b012-9de69e1d4432,2026-05-20T11:06:56.260011,Joint Pain (Amavata),"Morning stiffness, swelling in joints, pain on movement",Vata,Vata,Mild,,"Weekly-seed record (v2, organic) - week 46/52",{}
72d9d8dd-9f12-426c-b660-9185fcd7104c,4cf52daa-099b-4a17-819a-e5b6b7c4782a,2026-05-15T11:06:56.260011,Joint Pain (Amavata),"Morning stiffness, swelling in joints, pain on movement",Pitta,Kapha,Mild,,"Weekly-seed record (v2, organic) - week 46/52",{}
22a6f2c4-7ba0-4ddd-884c-3aee268a39cc,ee8a5344-5c59-46af-bbc4-14de251c5771,2026-05-27T11:06:56.260011,Joint Pain (Amavata),"Morning stiffness, swelling in joints, pain on movement",Vata-Pitta,Vata,Mild,,"Weekly-seed record (v2, organic) - week 47/52",{}
52585485-f360-440a-a29d-c820de180326,fbdbd9c2-c61b-491a-b6cd-4d56a1ac14b0,2026-05-24T11:06:56.260011,Joint Pain (Amavata),"Morning stiffness, swelling in joints, pain on movement",Vata,Pitta,Severe,,"Weekly-seed record (v2, organic) - week 47/52",{}
b7429802-349b-4450-b2cc-16bfaa8757c5,cc7d2039-de65-4375-81ea-5c175caa1724,2026-05-25T11:06:56.260011,Joint Pain (Amavata),"Morning stiffness, swelling in joints, pain on movement",Vata,Vata,Moderate,,"Weekly-seed record (v2, organic) - week 47/52",{}
1ef2cc01-9d72-4456-bc6e-36b476631b8c,734352d8-dc34-4cdf-98ba-4cda7e566c6f,2026-05-27T11:06:56.260011,Joint Pain (Amavata),"Morning stiffness, swelling in joints, pain on movement",Vata,Vata,Moderate,,"Weekly-seed record (v2, organic) - week 47/52",{}
af8ba477-70b8-4a34-87f0-9d69ddfa3756,61e13cea-61ab-4d3b-9aed-773ece96fa27,2026-05-24T11:06:56.260011,Joint Pain (Amavata),"Morning stiffness, swelling in joints, pain on movement",Pitta,Pitta,Mild,,"Weekly-seed record (v2, organic) - week 47/52",{}
9fad1257-fbf2-4444-a347-c6a632818238,ec7594dd-41be-4a51-a36b-827e6f011660,2026-06-03T11:06:56.260011,Joint Pain (Amavata),"Morning stiffness, swelling in joints, pain on movement",Pitta,Vata,Severe,,"Weekly-seed record (v2, organic) - week 48/52",{}
7f2d2f94-35f4-496c-9e8f-3317b3b074af,57320573-a73d-43f2-88f3-ca2732a6465b,2026-06-05T11:06:56.260011,Joint Pain (Amavata),"Morning stiffness, swelling in joints, pain on movement",Pitta-Kapha,Kapha,Mild,,"Weekly-seed record (v2, organic) - week 49/52",{}
c5009d86-f2a1-44bf-9712-3c8480bc335e,1e7e45e5-0133-4392-a3e7-a694d154a73b,2026-06-07T11:06:56.260011,Joint Pain (Amavata),"Morning stiffness, swelling in joints, pain on movement",Pitta,Kapha,Severe,,"Weekly-seed record (v2, organic) - week 49/52",{}
5be54a70-5d84-49fa-bf8d-8f12c73b8eab,4fb9fb01-2835-4f9b-ad64-f9f690562be8,2026-06-08T11:06:56.260011,Joint Pain (Amavata),"Morning stiffness, swelling in joints, pain on movement",Pitta-Kapha,Kapha,Moderate,,"Weekly-seed record (v2, organic) - week 49/52",{}
7e4260df-4a09-4b8e-84fa-ca2753a7438e,ed68d180-35ef-42c4-9fb5-95ca08981a13,2026-06-13T11:06:56.260011,Joint Pain (Amavata),"Morning stiffness, swelling in joints, pain on movement",Vata,Vata,Mild,,"Weekly-seed record (v2, organic) - week 50/52",{}
60749f97-3f9a-4013-9b52-1a25a0707e7b,fe89faac-b42c-4ef1-beca-7f35770db8d2,2026-06-12T11:06:56.260011,Joint Pain (Amavata),"Morning stiffness, swelling in joints, pain on movement",Pitta-Kapha,Kapha,Moderate,,"Weekly-seed record (v2, organic) - week 50/52",{}
b9e36ac8-9e9c-429b-a1c7-9587c4fa13bb,91b9aece-5bd4-457d-b372-57be098c4289,2026-06-15T11:06:56.260011,Joint Pain (Amavata),"Morning stiffness, swelling in joints, pain on movement",Kapha,Vata,Mild,,"Weekly-seed record (v2, organic) - week 50/52",{}
6dca07f6-7393-4df5-b610-305a920565e9,db501886-5f31-41c5-b8e9-e9d8b8dc433d,2026-07-01T11:06:56.260011,Joint Pain (Amavata),"Morning stiffness, swelling in joints, pain on movement",Vata,Vata,Severe,,"Weekly-seed record (v2, organic) - week 52/52",{}
a8e26b49-7b32-459f-b504-7a107e3c2814,6632d43c-3a96-476e-84b8-dcec0dde708c,2026-06-30T11:06:56.260011,Joint Pain (Amavata),"Morning stiffness, swelling in joints, pain on movement",Pitta-Kapha,Pitta,Severe,,"Weekly-seed record (v2, organic) - week 52/52",{}
