id,first_name,last_name,gender,age,marital_status,mobile,address,city,state,pincode,blood_group,occupation,id_type,id_number,diagnosis_done,created_at,updated_at
c19c3dd1-f0ad-4b2b-a9fa-e6c556d51321,Dinesh,Sekhon,Male,18,Single,6734036506,"433, Nehru Nagar",Delhi,Delhi,110004,O+,,Aadhaar,886833016361,True,2026-07-04T06:08:37.946738,2026-07-04T06:08:37.946738
b864fed6-dcbf-4880-9709-df3149112769,Deepali,Pandya,Female,35,Widowed,7331191390,"981, Old Bazaar",Aurangabad,Maharashtra,406699,O+,Clerk,Aadhaar,150711229823,True,2026-07-04T06:08:37.946738,2026-07-04T06:08:37.946738
a566abef-0c4f-4b87-ab05-208919a60ca3,Krupa,Kelkar,Female,87,Widowed,7856528252,"72, Nehru Nagar",Surat,Gujarat,374936,A+,Labourer,Aadhaar,406575307735,True,2026-07-04T06:08:37.946738,2026-07-04T06:08:37.946738
3fe964eb-41d8-4dd7-ad5d-9f6c965450f2,Pallavi,Trivedi,Female,30,Married,7673528321,"747, Civil Lines",Bhopal,Madhya Pradesh,460709,B+,Priest,Aadhaar,852562516774,True,2026-07-04T06:08:37.946738,2026-07-04T06:08:37.946738
a5b48b1e-f547-4695-ad5f-55bef42236ac,Bandana,Ghosh,Female,48,Single,8328306011,"672, Green Park",Kolkata,West Bengal,725929,AB+,Business,Aadhaar,917103043320,True,2026-07-04T06:08:37.946738,2026-07-04T06:08:37.946738
2c40c66b-de31-401e-8815-85dedd46e208,Geeta,Amin,Female,34,Divorced,6911514914,"49, Ambedkar Marg",Bareilly,Uttar Pradesh,221034,B+,Nurse,Aadhaar,518264390725,True,2026-07-04T06:08:37.946738,2026-07-04T06:08:37.946738
d2e9ed97-e76e-4b9d-8554-244a69055874,Sonali,Bhagat,Female,75,Widowed,8219778234,"301, College Road",Surat,Gujarat,370366,B+,Fisherman,Aadhaar,939668623711,True,2026-07-04T06:08:37.946738,2026-07-04T06:08:37.946738
0a0a9a50-1240-4e8f-b44b-740fcb3ffd8f,Jayesh,Deshmukh,Male,9,Single,8918739736,"166, Hill Colony",Ahmedabad,Gujarat,394758,AB+,,Aadhaar,499127439409,True,2026-07-04T06:08:37.946738,2026-07-04T06:08:37.946738
48d685be-e9c5-4bc7-839b-484a24a240f9,Jaspreet Kaur,Bhagat,Female,24,Single,7808402051,"487, Hill Colony",Kolhapur,Maharashtra,410822,O+,Nurse,Aadhaar,696695139934,True,2026-07-04T06:08:37.946738,2026-07-04T06:08:37.946738
a4981018-03a3-42fe-bd96-def3fdb8aa8e,Manpreet,Rawat,Male,30,Single,6463016614,"22, River Side",Agra,Uttar Pradesh,273604,O+,Engineer,Aadhaar,349360964064,True,2026-07-04T06:08:37.946738,2026-07-04T06:08:37.946738
78466bbd-4552-4056-852e-cd5bd4685e97,Ashok,Yadav,Male,56,Single,9360916298,"804, Green Park",Amritsar,Punjab,153339,O+,Nurse,Aadhaar,612866779068,True,2026-07-04T06:08:37.946738,2026-07-04T06:08:37.946738
130987aa-4000-474e-bed4-ab1615777eed,Naresh,Tiwari,Male,78,Single,7304235259,"550, Market Yard",Bhilai,Chhattisgarh,491149,B+,Labourer,Aadhaar,585655080082,True,2026-07-04T06:08:37.946738,2026-07-04T06:08:37.946738
eba68c66-6a34-4fa6-9ec6-87756005ca02,Kishor,Sandhu,Male,75,Single,9162959284,"169, Temple Road",Gurugram,Haryana,121036,A-,Tailor,Aadhaar,713249868174,True,2026-07-04T06:08:37.946738,2026-07-04T06:08:37.946738
06946435-dc74-44c0-9ff7-4bfcd78f8deb,Rutuja,Vora,Female,15,Single,6153839920,"599, Green Park",Pune,Maharashtra,432955,AB+,Teacher,Aadhaar,173812556182,True,2026-07-04T06:08:37.946738,2026-07-04T06:08:37.946738
3690412d-e758-4240-a045-072cad2656ea,Hiranya,Verma,Male,16,Single,6550139320,"674, River Side",Bhilai,Chhattisgarh,494631,B+,Housewife,Aadhaar,363342414490,True,2026-07-04T06:08:37.946738,2026-07-04T06:08:37.946738
741f5c2f-3b9c-4da4-840a-82a35b3a3418,Priyanka,Reddiar,Female,49,Married,6677280546,"219, Lake View",Thiruvananthapuram,Kerala,678691,O+,Engineer,Aadhaar,410824752082,True,2026-07-04T06:08:37.946738,2026-07-04T06:08:37.946738
39386a56-d86c-4692-92bf-34a3cc26b475,Muthukumar,Achari,Male,39,Widowed,6244193987,"271, Ambedkar Marg",Vijayawada,Andhra Pradesh,518508,A+,Shopkeeper,Aadhaar,476744275623,True,2026-07-04T06:08:37.946738,2026-07-04T06:08:37.946738
9e3d4f50-bd7c-4695-9c6d-a92c9f6cbe1a,Suresh,Ahluwalia,Male,63,Widowed,6103807155,"342, Shivaji Nagar",Lucknow,Uttar Pradesh,284508,A-,Tailor,Aadhaar,716017224649,True,2026-07-04T06:08:37.946738,2026-07-04T06:08:37.946738
92a4cb9e-c495-453b-a4da-c59cccc8589f,Nirav,Deshmukh,Male,79,Divorced,7144913399,"316, Church Street",Mumbai,Maharashtra,402615,AB+,Labourer,Aadhaar,956217530058,True,2026-07-04T06:08:37.946738,2026-07-04T06:08:37.946738
72fa05d5-e74f-499b-a3fc-44218b90d216,Kajal,Chopra,Female,48,Divorced,7386480450,"164, Ambedkar Marg",Srinagar,Jammu and Kashmir,186268,AB+,Labourer,Aadhaar,606455894514,True,2026-07-04T06:08:37.946738,2026-07-04T06:08:37.946738
11c1bf4c-aeba-4fe4-a9fa-6f043e1fb6c1,Sujatha,Subramaniam,Female,58,Married,8477040284,"657, Lake View",Mangalore,Karnataka,573097,A+,Driver,Aadhaar,387635680418,True,2026-07-04T06:08:37.946738,2026-07-04T06:08:37.946738
09f7dbd3-e6ec-40b7-b890-3b0a2901f2fa,Mehul,Vora,Male,76,Divorced,6513600440,"922, River Side",Jaipur,Rajasthan,313458,O+,Farmer,Aadhaar,691874457344,True,2026-07-04T06:08:37.946738,2026-07-04T06:08:37.946738
956da97d-4d27-48a4-a250-158e8a4161d6,Elango,Raman,Male,10,Single,8816070802,"419, Old Bazaar",Tiruchirappalli,Tamil Nadu,626372,A+,Housewife,Aadhaar,520650658919,True,2026-07-04T06:08:37.946738,2026-07-04T06:08:37.946738
6b06593a-b38e-460b-845f-b381bd64d7a3,Girish,Ahluwalia,Male,23,Widowed,9574364121,"453, Model Town",Indore,Madhya Pradesh,483501,B+,Fisherman,Aadhaar,409601839368,True,2026-07-04T06:08:37.946738,2026-07-04T06:08:37.946738
4d8c370c-0678-4612-a108-82c49a489fd9,Geeta,Agarwal,Female,82,Married,6362897676,"487, New Colony",Noida,Uttar Pradesh,210546,B+,Software Engineer,Aadhaar,523897613735,True,2026-07-04T06:08:37.946738,2026-07-04T06:08:37.946738
ca54bedd-dc93-4dd4-b3b7-b6fdb1621ad9,Simran,Ganapathy,Female,5,Single,9153921577,"571, Civil Lines",Thiruvananthapuram,Kerala,673977,B+,Carpenter,Aadhaar,755235594840,True,2026-07-04T06:08:37.946738,2026-07-04T06:08:37.946738
b480b6d8-511f-4df3-8e3a-a2f0649e5709,Tulika,Sema,Female,74,Divorced,7898493949,"883, Green Park",Shillong,Meghalaya,793922,O+,Priest,Aadhaar,674570738361,True,2026-07-04T06:08:37.946738,2026-07-04T06:08:37.946738
2695d88c-7b85-49e1-9e4a-5bd14a7059c2,Lata,Khanna,Female,16,Single,6248578017,"155, Civil Lines",Indore,Madhya Pradesh,475103,A+,Engineer,Aadhaar,694126611586,True,2026-07-04T06:08:37.946738,2026-07-04T06:08:37.946738
3ed7f51d-c4e8-4989-8a74-ae0d0e4b35ce,Nithya,Kalra,Female,21,Divorced,9106330865,"966, Church Street",Kollam,Kerala,679785,A+,Nurse,Aadhaar,700155683410,True,2026-07-04T06:08:37.946738,2026-07-04T06:08:37.946738
d8be1c34-f6ab-4204-942f-bc1071587336,Rajagopal,Namboothiri,Male,22,Single,9237039296,"638, Hill Colony",Warangal,Telangana,500442,AB+,,Aadhaar,570912023998,True,2026-07-04T06:08:37.946738,2026-07-04T06:08:37.946738
bc65fa3a-b9aa-49da-b09a-47252ded0b9a,Chandan,Halder,Male,19,Single,9398775766,"771, College Road",Siliguri,West Bengal,716533,A+,Fisherman,Aadhaar,346316204099,True,2026-07-04T06:08:37.946738,2026-07-04T06:08:37.946738
1f8723c5-57f4-46ed-9312-8b134ab6583d,Rahul,Choudhury,Male,35,Single,9818825964,"118, River Side",Patna,Bihar,814285,B+,Clerk,Aadhaar,889191331391,True,2026-07-04T06:08:37.946738,2026-07-04T06:08:37.946738
044b8817-7305-4b33-9210-1bc4158751ba,Debashish,Marbaniang,Male,9,Single,9867741192,"204, Gandhi Chowk",Patna,Bihar,838804,A+,Doctor,Aadhaar,760068866484,True,2026-07-04T06:08:37.946738,2026-07-04T06:08:37.946738
11a1e7dd-3169-4a49-9a5c-d94fc2a93168,Ranjit,Ghosh,Male,35,Widowed,6551034639,"843, Green Park",Purnia,Bihar,806917,B+,Tailor,Aadhaar,295143931370,True,2026-07-04T06:08:37.946738,2026-07-04T06:08:37.946738
0f0f9092-b8b0-4a64-86ac-bd8529885a20,Renu,Rawat,Female,72,Married,8584044963,"250, Market Yard",Indore,Madhya Pradesh,487346,B+,Farmer,Aadhaar,298964420838,True,2026-07-04T06:08:37.946738,2026-07-04T06:08:37.946738
d5a29003-cf87-4af8-b5f2-95d7101ede1c,Sarika,Rane,Female,60,Married,7191926217,"248, College Road",Nashik,Maharashtra,432020,B+,Electrician,Aadhaar,591734333317,True,2026-07-04T06:08:37.946738,2026-07-04T06:08:37.946738
066ca597-0713-4794-a5c5-6a0d1218e65d,Yashpal,Chahal,Male,18,Single,8556881239,"764, Hill Colony",Noida,Uttar Pradesh,244358,B+,Shopkeeper,Aadhaar,890792195524,True,2026-07-04T06:08:37.946738,2026-07-04T06:08:37.946738
a7589baa-b42b-4cad-ab74-51af831ce1a3,Arjun,Ganapathy,Male,47,Widowed,6994027897,"199, Ring Road",Davanagere,Karnataka,567455,B+,Weaver,Aadhaar,148422798459,True,2026-07-04T06:08:37.946738,2026-07-04T06:08:37.946738
d0ed23d2-c9b5-4211-998a-cb5cc103eb5f,Vipul,Patel,Male,47,Widowed,9614015466,"452, Old Bazaar",Rajkot,Gujarat,372083,B-,Electrician,Aadhaar,538367312099,True,2026-07-04T06:08:37.946738,2026-07-04T06:08:37.946738
87a55fe1-34b1-4507-b2aa-3a1b85e5299e,Savita,Rawat,Female,35,Married,9751028618,"611, New Colony",Faridabad,Haryana,124698,A+,Tailor,Aadhaar,436849259207,True,2026-07-04T06:08:37.946738,2026-07-04T06:08:37.946738
964b9cf2-5c36-45b9-a170-34aae34ee381,Uday,Jadhav,Male,48,Single,7692697161,"77, Station Road",Ajmer,Rajasthan,301176,B+,Electrician,Aadhaar,414526795461,True,2026-07-04T06:08:37.946738,2026-07-04T06:08:37.946738
352b7c7c-f586-4678-8779-057f5e59d8e6,Mousumi,Bhatt,Female,28,Divorced,6684719405,"231, Shivaji Nagar",Kanpur,Uttar Pradesh,235817,A+,Student,Aadhaar,922894448206,True,2026-07-04T06:08:37.946738,2026-07-04T06:08:37.946738
06738db3-5f33-4940-b300-cc5824a9fa5c,Chitra,Chettiar,Female,29,Divorced,6742136977,"41, College Road",Vijayawada,Andhra Pradesh,525562,,Labourer,Aadhaar,746715555757,True,2026-07-04T06:08:37.946738,2026-07-04T06:08:37.946738
ea16eed3-8759-4532-b736-06c50e3ec355,Raghavan,Nambiar,Male,49,Widowed,7728492896,"447, Green Park",Puducherry,Puducherry,605094,B+,Driver,Aadhaar,279777594736,True,2026-07-04T06:08:37.946738,2026-07-04T06:08:37.946738
508ef33a-ef53-48e3-992c-3f0f2bd81e1e,Janaki,Reddy,Female,31,Widowed,8447112584,"119, Temple Road",Thrissur,Kerala,686863,,Accountant,Aadhaar,306391234982,True,2026-07-04T06:08:37.946738,2026-07-04T06:08:37.946738
e3236233-7b81-4a3a-9603-7cfb2191416b,Anita,Pandey,Female,32,Widowed,9849740261,"497, Ambedkar Marg",Indore,Madhya Pradesh,451892,B-,Labourer,Aadhaar,706925050424,True,2026-07-04T06:08:37.946738,2026-07-04T06:08:37.946738
f41ecae7-7ae5-4a60-bbbc-abaac08f33c8,Sandip,Deshmukh,Male,6,Single,9869446962,"299, Lake View",Rajkot,Gujarat,377920,B+,Electrician,Aadhaar,261281455424,True,2026-07-04T06:08:37.946738,2026-07-04T06:08:37.946738
b5231f02-3fe1-4e8d-839e-82709675cfc9,Suganya,Amin,Female,37,Widowed,6403696046,"744, Ring Road",Thane,Maharashtra,438466,B+,Business,Aadhaar,480037352466,True,2026-07-04T06:08:37.946738,2026-07-04T06:08:37.946738
8e5e314f-a0ec-47b5-a2e5-c85a4dc1a92a,Falguni,Kadam,Female,42,Divorced,6441639230,"763, Green Park",Rajkot,Gujarat,384985,B+,Priest,Aadhaar,237597951504,True,2026-07-04T06:08:37.946738,2026-07-04T06:08:37.946738
7cae08be-8ee0-40c6-9b48-fb08914a6869,Namrata,Chakraborty,Female,72,Divorced,7180346223,"481, Sector 12",Kharagpur,West Bengal,722188,B+,Engineer,Aadhaar,842395153057,True,2026-07-04T06:08:37.946738,2026-07-04T06:08:37.946738
0c303920-1182-43f8-8a15-0b210f6a3efc,Rajni,Tanti,Female,42,Widowed,7901834280,"93, College Road",Aizawl,Mizoram,796101,A+,Doctor,Aadhaar,429398226794,True,2026-07-04T06:08:37.946738,2026-07-04T06:08:37.946738
ac82ae69-8b0b-4f15-af9b-ed6afcfaa36d,Mohan,Sidhu,Male,59,Divorced,7282518553,"180, Gandhi Chowk",Gurugram,Haryana,130986,AB+,Labourer,Aadhaar,257123463473,True,2026-07-04T06:08:37.946738,2026-07-04T06:08:37.946738
3f074a8d-2a95-43f5-bb9e-08eeb1dc7bfd,Velmurugan,Boruah,Male,19,Single,6574303740,"968, Church Street",Hyderabad,Telangana,504902,B+,Government Employee,Aadhaar,316045967488,True,2026-07-04T06:08:37.946738,2026-07-04T06:08:37.946738
c7613d18-2648-4104-ae8c-7df87c68626d,Debolina,Nandi,Female,11,Single,6991246046,"675, Temple Road",Howrah,West Bengal,717989,O+,Potter,Aadhaar,918648282301,True,2026-07-04T06:08:37.946738,2026-07-04T06:08:37.946738
4a5e02b3-1524-4f77-928b-71418ff765a3,Dipa,Mitra,Female,68,Widowed,7774576271,"100, Nehru Nagar",Kolkata,West Bengal,720247,,Clerk,Aadhaar,457749775324,True,2026-07-04T06:08:37.946738,2026-07-04T06:08:37.946738
e5f986e0-3120-429f-a8e8-a8485b09c170,Geetha,Rane,Female,13,Single,7375919523,"936, Green Park",Nagpur,Maharashtra,419343,A+,Doctor,Aadhaar,254942230953,True,2026-07-04T06:08:37.946738,2026-07-04T06:08:37.946738
a1b0ed19-e084-4b87-920e-068ae2c23f99,Sarat,Dey,Male,51,Married,8676140134,"127, Market Yard",Asansol,West Bengal,724156,A+,Software Engineer,Aadhaar,217559584131,True,2026-07-04T06:08:37.946738,2026-07-04T06:08:37.946738
d3952754-dbd9-4f5f-ad3c-4d027ec885f3,Rajesh Kanna,Pillai,Male,43,Divorced,8797115550,"419, Ambedkar Marg",Hyderabad,Telangana,502291,,Electrician,Aadhaar,248337633154,True,2026-07-04T06:08:37.946738,2026-07-04T06:08:37.946738
cf49f1e5-f7c8-497a-8e7f-1a8d16727ea0,Vasantha,Dhillon,Female,53,Divorced,8135128844,"707, Church Street",Tirupati,Andhra Pradesh,522120,B+,Clerk,Aadhaar,506671900140,True,2026-07-04T06:08:37.946738,2026-07-04T06:08:37.946738
6c3b6448-e702-443b-89a6-c5a05ba596ed,Bidisha,Trivedi,Female,16,Single,6154308262,"806, Old Bazaar",Gurugram,Haryana,124991,A-,Housewife,Aadhaar,708876714629,True,2026-07-04T06:08:37.946738,2026-07-04T06:08:37.946738
2a492318-e47c-4995-81ae-35097b12c0f0,Chetan,Vaidya,Male,58,Married,8255357534,"134, Hill Colony",Jaipur,Rajasthan,317427,A+,Farmer,Aadhaar,969122032652,True,2026-07-04T06:08:37.946738,2026-07-04T06:08:37.946738
b1a90de1-a70b-4c27-947c-56150b5a253b,Paresh,Joshi,Male,9,Single,9581331845,"797, Church Street",Jodhpur,Rajasthan,334636,B+,Labourer,Aadhaar,899050168462,True,2026-07-04T06:08:37.946738,2026-07-04T06:08:37.946738
4d7f75d3-144c-4f86-b69b-703192d24d4b,Kabita,Chettiar,Female,76,Divorced,6186748119,"330, New Colony",Kurnool,Andhra Pradesh,519861,O+,Priest,Aadhaar,459540958538,True,2026-07-04T06:08:37.946738,2026-07-04T06:08:37.946738
8b5bda66-0f7c-47a9-b4cb-1f1cf201eb0f,Komal,Patil,Female,42,Single,9584853393,"910, Civil Lines",Panaji,Goa,403424,O+,Nurse,Aadhaar,569493820213,True,2026-07-04T06:08:37.946738,2026-07-04T06:08:37.946738
5e6896b0-9e3e-4b12-84f7-a60b322fec57,Amandeep Kaur,Chauhan,Female,27,Married,9203685265,"763, Church Street",Raipur,Chhattisgarh,496651,O+,Accountant,Aadhaar,236021671257,True,2026-07-04T06:08:37.946738,2026-07-04T06:08:37.946738
0f94a0dd-0096-4a1f-b553-a62d41609671,Archana,Ramanathan,Female,51,Married,7266140258,"673, Green Park",Coimbatore,Tamil Nadu,614697,A+,Accountant,Aadhaar,408218044268,True,2026-07-04T06:08:37.946738,2026-07-04T06:08:37.946738
a107afd5-b674-4cbe-ab4c-849e2d693334,Provat,Kar,Male,64,Married,7393421844,"720, Ring Road",Jamshedpur,Jharkhand,824136,B+,Business,Aadhaar,174735799705,True,2026-07-04T06:08:37.946738,2026-07-04T06:08:37.946738
5dd63b9f-0800-4ace-acf6-57c7b72ced55,Kiran,Brar,Male,77,Widowed,7497341481,"320, Old Bazaar",Prayagraj,Uttar Pradesh,275396,B+,Business,Aadhaar,154193202348,True,2026-07-04T06:08:37.946738,2026-07-04T06:08:37.946738
05d894ab-117a-4091-b1dd-1822bb9e116b,Jayaraman,Mudaliar,Male,52,Married,8561616250,"114, Ring Road",Bangalore,Karnataka,582224,A+,Carpenter,Aadhaar,534738816383,True,2026-07-04T06:08:37.946738,2026-07-04T06:08:37.946738
1daa088b-1614-408f-8774-cf4b521cc26a,Vivek,Mishra,Male,18,Single,6634063428,"765, College Road",Delhi,Delhi,110023,O+,Labourer,Aadhaar,838018636669,True,2026-07-04T06:08:37.946738,2026-07-04T06:08:37.946738
84e2b645-e987-4658-8265-8e6a1fefd61d,Harpreet Kaur,Reddiar,Female,55,Divorced,9861818706,"656, College Road",Faridabad,Haryana,125744,,Driver,Aadhaar,782674805232,True,2026-07-04T06:08:37.946738,2026-07-04T06:08:37.946738
324c81a9-01d3-4e51-8649-98a94ddad685,Chandrima,Rout,Female,66,Divorced,6524951250,"892, Ring Road",Kolkata,West Bengal,722251,O+,Engineer,Aadhaar,680310325648,True,2026-07-04T06:08:37.946738,2026-07-04T06:08:37.946738
74ae18b9-d9e1-4f0c-b253-d6d7e0dadcb7,Ajay,Dubey,Male,17,Single,7916274954,"778, Gandhi Chowk",Amritsar,Punjab,145805,O-,Tailor,Aadhaar,738918807302,True,2026-07-04T06:08:37.946738,2026-07-04T06:08:37.946738
1fa8106e-b6a7-45d2-bd60-e003b0ff6111,Manisha,Kumar,Female,74,Divorced,9777944609,"311, Sector 12",Lucknow,Uttar Pradesh,278519,O+,Shopkeeper,Aadhaar,160291064054,True,2026-07-04T06:08:37.946738,2026-07-04T06:08:37.946738
91853b1e-67c7-4ec5-8c04-3d608509549f,Sagarika,Rout,Female,6,Single,6582897882,"931, River Side",Kolkata,West Bengal,742719,O+,Plumber,Aadhaar,594186984574,True,2026-07-04T06:08:37.946738,2026-07-04T06:08:37.946738
0f47ad37-4a6c-4301-a903-5b030a47fca0,Anirban,Lahiri,Male,56,Divorced,7490732457,"382, Ring Road",Jamshedpur,Jharkhand,825695,B+,,Aadhaar,811379241054,True,2026-07-04T06:08:37.946738,2026-07-04T06:08:37.946738
aa29091a-8edc-43a9-83a1-0a1f24c77277,Poonam,Reddy,Female,11,Single,7475617211,"318, Temple Road",Faridabad,Haryana,123113,B+,Shopkeeper,Aadhaar,970347176290,True,2026-07-04T06:08:37.946738,2026-07-04T06:08:37.946738
bbc3a7ab-07e1-4ad5-aa7b-954dcb2b24a3,Kabita,Mukherjee,Female,53,Widowed,8293555835,"974, Model Town",Dhanbad,Jharkhand,824198,O-,Labourer,Aadhaar,182269863100,True,2026-07-04T06:08:37.946738,2026-07-04T06:08:37.946738
b54c7b69-9b81-49d5-9e98-929f851b6f52,Tripti,Halder,Female,13,Single,7741288486,"386, Shivaji Nagar",Kolkata,West Bengal,710634,O+,Homemaker,Aadhaar,890984967762,True,2026-07-04T06:08:37.946738,2026-07-04T06:08:37.946738
18b0495d-8446-4d43-af0a-cb059d68161e,Urvashi,Sodhi,Female,28,Single,7432288618,"989, Green Park",Delhi,Delhi,110025,B+,Tailor,Aadhaar,955908692256,True,2026-07-04T06:08:37.946738,2026-07-04T06:08:37.946738
62028b89-e088-45cb-a586-fd06447e99d3,Sarika,Naik,Female,27,Married,9498585961,"568, Ambedkar Marg",Ahmedabad,Gujarat,393811,A+,Potter,Aadhaar,261118623175,True,2026-07-04T06:08:37.946738,2026-07-04T06:08:37.946738
a1ddaf78-3f83-45ef-92b7-d9c58ea76292,Sarita,Gill,Female,72,Widowed,7514642708,"84, Church Street",Noida,Uttar Pradesh,230431,O+,Weaver,Aadhaar,262312743925,True,2026-07-04T06:08:37.946738,2026-07-04T06:08:37.946738
7dabd65a-938d-48e2-96d2-63afd71d1feb,Anil,Sandhu,Male,72,Divorced,6185068029,"20, Sector 12",Delhi,Delhi,110028,A+,Fisherman,Aadhaar,222076949651,True,2026-07-04T06:08:37.946738,2026-07-04T06:08:37.946738
67302747-0b43-4188-9b01-b1748d428a41,Meenakshi,Lodha,Female,8,Single,6778556450,"528, River Side",Kolhapur,Maharashtra,415856,A+,Farmer,Aadhaar,728098440767,True,2026-07-04T06:08:37.946738,2026-07-04T06:08:37.946738
69bf3829-8fb4-45d4-bee3-cc7399d64afb,Sudesh,Amin,Female,53,Married,9604803700,"45, Temple Road",Thane,Maharashtra,424465,,Engineer,Aadhaar,824702463434,True,2026-07-04T06:08:37.946738,2026-07-04T06:08:37.946738
7f46d773-3179-43cf-be29-86682e1f3a65,Tanmoy,Bhattacharya,Male,50,Divorced,9778321204,"187, Shivaji Nagar",Patna,Bihar,804136,A+,Teacher,Aadhaar,967771540310,True,2026-07-04T06:08:37.946738,2026-07-04T06:08:37.946738
5ad1fafc-9d3b-4cbf-8a66-7fb429a2178a,Mrinal Kanti,Chatterjee,Male,19,Single,7407209235,"366, Nehru Nagar",Rourkela,Odisha,761877,O+,Nurse,Aadhaar,584228819436,True,2026-07-04T06:08:37.946738,2026-07-04T06:08:37.946738
913f8381-08ad-4be4-ba7c-596766e707cb,Geetha,Reddy,Female,22,Divorced,6562360908,"617, Station Road",Chennai,Tamil Nadu,635749,O+,Driver,Aadhaar,590942661434,True,2026-07-04T06:08:37.946738,2026-07-04T06:08:37.946738
28f2c210-432f-4b43-8ea0-9f9ff695d47f,Heena,Rathi,Female,32,Widowed,6180574838,"688, Temple Road",Pune,Maharashtra,423810,B+,Student,Aadhaar,845638847947,True,2026-07-04T06:08:37.946738,2026-07-04T06:08:37.946738
60ca7b4c-4afa-438d-a1bb-9d707c9ea7ae,Savita,Agarwal,Female,10,Single,9498320110,"381, Market Yard",Delhi,Delhi,110010,B+,Retired,Aadhaar,371779903099,True,2026-07-04T06:08:37.946738,2026-07-04T06:08:37.946738
f314815e-fd74-4bbf-af7f-bb3b16c1b4f4,Surinder,Bisht,Male,23,Divorced,7756998124,"293, Green Park",Delhi,Delhi,110026,O+,Tailor,Aadhaar,588395204803,True,2026-07-04T06:08:37.946738,2026-07-04T06:08:37.946738
2c922f84-4cbc-401c-806f-04728586d4a3,Ashoke,Nandi,Male,85,Widowed,7864299201,"727, Station Road",Jamshedpur,Jharkhand,824846,B+,Housewife,Aadhaar,968600167952,True,2026-07-04T06:08:37.946738,2026-07-04T06:08:37.946738
f651882f-6eec-419c-b0a1-f80eec1725a4,Vimla,Chauhan,Female,40,Married,8527521016,"735, Green Park",Delhi,Delhi,110068,B+,Software Engineer,Aadhaar,452068690122,True,2026-07-04T06:08:37.946738,2026-07-04T06:08:37.946738
e1e3eb47-72c2-4c81-a1c7-1a4286e10768,Praveen Kumar,Bhat,Male,50,Single,9639945876,"933, Nehru Nagar",Nellore,Andhra Pradesh,519069,B+,Student,Aadhaar,347859694204,True,2026-07-04T06:08:37.946738,2026-07-04T06:08:37.946738
8848d6e3-e9c1-40ae-b714-a52022ba1803,Sangeeta,Sema,Female,29,Widowed,7771112648,"311, New Colony",Imphal,Manipur,795137,O+,Software Engineer,Aadhaar,285345853061,True,2026-07-04T06:08:37.946738,2026-07-04T06:08:37.946738
a947ebf7-3349-4057-b1dc-58af4cefa933,Debolina,Pal,Female,35,Divorced,6634764290,"911, Hill Colony",Kolkata,West Bengal,718984,B+,Labourer,Aadhaar,545323644743,True,2026-07-04T06:08:37.946738,2026-07-04T06:08:37.946738
55b0b23a-1800-4068-bb3e-5a6189e3673e,Anitha,Balakrishnan,Female,47,Single,8871336275,"327, Church Street",Tirupati,Andhra Pradesh,528066,O+,Accountant,Aadhaar,612139364441,True,2026-07-04T06:08:37.946738,2026-07-04T06:08:37.946738
0aadc2a4-30e6-4516-b6c7-d0f080fa94a5,Kumaresan,Choudhury,Male,16,Single,7973465185,"336, River Side",Bangalore,Karnataka,583630,O+,Electrician,Aadhaar,647465802270,True,2026-07-04T06:08:37.946738,2026-07-04T06:08:37.946738
5444e3df-3545-453c-852f-339007e8ebeb,Falguni,Parekh,Female,11,Single,6154267347,"289, Green Park",Ahmedabad,Gujarat,390841,,Doctor,Aadhaar,391552927358,True,2026-07-04T06:08:37.946738,2026-07-04T06:08:37.946738
1f4b4b54-5815-47ad-9a11-f73538774194,Vimla,Chahal,Female,31,Widowed,6514838889,"517, Market Yard",Jhansi,Uttar Pradesh,273071,O+,Carpenter,Aadhaar,529911973419,True,2026-07-04T06:08:37.946738,2026-07-04T06:08:37.946738
6d4d7512-39ba-4a2d-9698-5ce37afd6a0a,Mahua,Dey,Female,20,Single,6148644109,"40, Shivaji Nagar",Darbhanga,Bihar,846766,O+,Tailor,Aadhaar,666476687180,True,2026-07-04T06:08:37.946738,2026-07-04T06:08:37.946738
807eafb8-d3fe-4e47-b908-5c023d21ada5,Rajesh Kanna,Raman,Male,37,Widowed,9861003571,"577, Ring Road",Chennai,Tamil Nadu,631123,A+,Carpenter,Aadhaar,741739153942,True,2026-07-04T06:08:37.946738,2026-07-04T06:08:37.946738
8a690843-def7-4b42-87a8-dc062ee134e0,Rina,Yimchunger,Female,45,Single,6726553348,"492, Station Road",Purnia,Bihar,834357,B+,Retired,Aadhaar,369211672097,True,2026-07-04T06:08:37.946738,2026-07-04T06:08:37.946738
780154ed-584f-4b0a-b655-c734be8a07e0,Jignesh,Gandhi,Male,48,Single,9638824588,"794, New Colony",Jaipur,Rajasthan,331908,AB+,Teacher,Aadhaar,329860994118,True,2026-07-04T06:08:37.946738,2026-07-04T06:08:37.946738
e60ac2ec-2317-49af-987b-4eda32a8af98,Rajeshwari,Ramamurthy,Female,31,Widowed,8825708356,"791, Sector 12",Puducherry,Puducherry,605496,O+,Accountant,Aadhaar,430636290339,True,2026-07-04T06:08:37.946738,2026-07-04T06:08:37.946738
43218db9-8c3e-405e-93ce-8b58ce32d91f,Usha,Bhandari,Female,52,Widowed,6715766024,"693, Hill Colony",Kanpur,Uttar Pradesh,250768,AB+,Clerk,Aadhaar,262369588665,True,2026-07-04T06:08:37.946738,2026-07-04T06:08:37.946738
f1ff40c8-6786-4993-a6b7-ef9a87efd49e,Gurmeet Kaur,Sandhu,Female,77,Single,7989006374,"552, Sector 12",Delhi,Delhi,110072,A+,Homemaker,Aadhaar,367315681022,True,2026-07-04T06:08:37.946738,2026-07-04T06:08:37.946738
3472995d-472e-4297-b2be-c6f759a07c4a,Arun,Sandhu,Male,38,Married,7105563528,"988, Hill Colony",Raipur,Chhattisgarh,497612,O+,Electrician,Aadhaar,929785344993,True,2026-07-04T06:08:37.946738,2026-07-04T06:08:37.946738
88d57734-96a1-44a1-9b6a-81f062ce950b,Uma,Nair,Female,36,Single,9999371401,"181, Nehru Nagar",Chennai,Tamil Nadu,626018,A+,Fisherman,Aadhaar,421804890116,True,2026-07-04T06:08:37.946738,2026-07-04T06:08:37.946738
0f39ab7b-9d57-4371-8343-697808851d36,Srinivasan,Trivedi,Male,36,Divorced,7641394238,"480, Sector 12",Delhi,Delhi,110025,A+,Fisherman,Aadhaar,887083959392,True,2026-07-04T06:08:37.946738,2026-07-04T06:08:37.946738
d09cf88f-1179-4ce3-a9db-f4812b23904d,Nitin,Saxena,Male,19,Single,9987973565,"438, Lake View",Delhi,Delhi,110042,O+,Student,Aadhaar,454237968022,True,2026-07-04T06:08:37.946738,2026-07-04T06:08:37.946738
a3604c86-9224-41bb-aa34-a00138f03f28,Naresh,Kalra,Male,32,Married,8801887172,"369, Civil Lines",Delhi,Delhi,110008,B+,Student,Aadhaar,949130311759,True,2026-07-04T06:08:37.946738,2026-07-04T06:08:37.946738
1acd9fc9-0cb6-472e-b40a-c1775e6f3b00,Geeta,Pandey,Female,39,Divorced,7588529624,"766, New Colony",Lucknow,Uttar Pradesh,249972,B+,Electrician,Aadhaar,833588982571,True,2026-07-04T06:08:37.946738,2026-07-04T06:08:37.946738
8a69fe63-ebb7-4050-a4b6-d88c1d2f5929,Manpreet,Bedi,Male,54,Married,6166312199,"849, Hill Colony",Saharanpur,Uttar Pradesh,267256,O+,Student,Aadhaar,587566154345,True,2026-07-04T06:08:37.946738,2026-07-04T06:08:37.946738
157827f7-3c0c-43f2-9fdc-fb340449dc21,Kuldeep,Singh,Male,52,Divorced,7651095672,"426, Market Yard",Korba,Chhattisgarh,494620,O+,Shopkeeper,Aadhaar,380873461000,True,2026-07-04T06:08:37.946738,2026-07-04T06:08:37.946738
f3af0a3a-bc0f-4bf1-8885-3deb12cf80a6,Pradeep,Singh,Male,35,Married,9134075063,"294, College Road",Bareilly,Uttar Pradesh,224591,A+,Fisherman,Aadhaar,509827333916,True,2026-07-04T06:08:37.946738,2026-07-04T06:08:37.946738
92a60e7f-6101-40f5-af86-8c6eb6e7deb2,Hema,Ramanathan,Female,71,Married,7676876906,"403, Lake View",Guntur,Andhra Pradesh,519173,A+,Farmer,Aadhaar,430620099988,True,2026-07-04T06:08:37.946738,2026-07-04T06:08:37.946738
d61c7359-0164-4fc8-bbf4-0c4409574271,Geeta,Anand,Female,43,Single,8302379343,"960, Ambedkar Marg",Bhilai,Chhattisgarh,490264,A+,Potter,Aadhaar,120998272699,True,2026-07-04T06:08:37.946738,2026-07-04T06:08:37.946738
bb66bc6a-6344-4a56-9308-3410529c2495,Sameer,Desai,Male,5,Single,9571332733,"240, Hill Colony",Navi Mumbai,Maharashtra,414239,A+,Business,Aadhaar,354645447539,True,2026-07-04T06:08:37.946738,2026-07-04T06:08:37.946738
eda2c566-3001-4c70-bde7-98ba28adc4f0,Shilpa,Konwar,Female,50,Divorced,8395444277,"63, Hill Colony",Jaipur,Rajasthan,339776,AB+,Priest,Aadhaar,643553239733,True,2026-07-04T06:08:37.946738,2026-07-04T06:08:37.946738
cb336128-0cdb-4d2c-86df-202364ee05bd,Hemant,Grover,Male,87,Single,8504221050,"189, Hill Colony",Dharamshala,Himachal Pradesh,174880,O+,Weaver,Aadhaar,714427816253,True,2026-07-04T06:08:37.946738,2026-07-04T06:08:37.946738
5288dfe0-28e3-49fc-ad80-e65d4e0af833,Nisha,Trivedi,Female,37,Married,9498441427,"95, Hill Colony",Haridwar,Uttarakhand,250242,O+,Homemaker,Aadhaar,181061582626,True,2026-07-04T06:08:37.946738,2026-07-04T06:08:37.946738
8c51ee9a-4f3f-4370-9ed0-49e3cec21f16,Chandan,Raman,Male,43,Married,7304036387,"986, Ambedkar Marg",Ranchi,Jharkhand,828694,AB+,Weaver,Aadhaar,365923443265,True,2026-07-04T06:08:37.946738,2026-07-04T06:08:37.946738
208b9a48-3e14-4f21-a354-794c44b085cb,Urmi,Patra,Female,33,Divorced,9205879779,"823, Green Park",Patna,Bihar,849915,A+,Clerk,Aadhaar,718671636967,True,2026-07-04T06:08:37.946738,2026-07-04T06:08:37.946738
40cb0cd8-f078-4f74-8d46-5cfac7f05430,Diganta,Bhatt,Male,13,Single,8346980616,"389, River Side",Prayagraj,Uttar Pradesh,233209,B+,Carpenter,Aadhaar,807482294267,True,2026-07-04T06:08:37.946738,2026-07-04T06:08:37.946738
93d78646-e0ac-4a90-b945-09e8f45123ce,Hema,Ramamurthy,Female,50,Married,6179811669,"968, Nehru Nagar",Hyderabad,Telangana,500105,B+,Labourer,Aadhaar,109238601984,True,2026-07-04T06:08:37.946738,2026-07-04T06:08:37.946738
d7cb7be2-c2d1-4a5e-8940-00040dc93f5c,Sadanand,Mukherjee,Male,34,Married,9112724887,"18, Lake View",Ahmedabad,Gujarat,378006,B+,Plumber,Aadhaar,575341352061,True,2026-07-04T06:08:37.946738,2026-07-04T06:08:37.946738
89c67e15-f7a9-4367-8b91-375441f7aa76,Sadanand,Parekh,Male,7,Single,8953556386,"407, Gandhi Chowk",Mumbai,Maharashtra,424449,O-,Labourer,Aadhaar,427387564031,True,2026-07-04T06:08:37.946738,2026-07-04T06:08:37.946738
84cec46e-09d0-4f7b-8757-1bcdeee37f5f,Ravi,Sandhu,Male,55,Married,6854674236,"176, Gandhi Chowk",Gwalior,Madhya Pradesh,482759,A+,Driver,Aadhaar,349290861585,True,2026-07-04T06:08:37.946738,2026-07-04T06:08:37.946738
98bd397c-28ac-429b-996e-a39874453904,Vikram,Ramamurthy,Male,54,Married,7437675369,"17, Model Town",Ludhiana,Punjab,159236,O+,Retired,Aadhaar,277379043591,True,2026-07-04T06:08:37.946738,2026-07-04T06:08:37.946738
5389f90e-d9ef-4b43-ac5d-469c0708f48a,Milind,Pawar,Male,63,Widowed,6204889313,"448, Civil Lines",Jamnagar,Gujarat,364982,O+,Homemaker,Aadhaar,459804678633,True,2026-07-04T06:08:37.946738,2026-07-04T06:08:37.946738
1d2b060b-775f-4f95-ac36-e5f1292b6128,Santosh,Sethi,Male,62,Divorced,7829816799,"600, Temple Road",Bhopal,Madhya Pradesh,455617,A+,Labourer,Aadhaar,392410126704,True,2026-07-04T06:08:37.946738,2026-07-04T06:08:37.946738
ebb6d065-96a3-42ae-9938-d7314ab146b8,Padmanabhan,Reddy,Male,57,Married,8577531502,"369, Sector 12",Erode,Tamil Nadu,606700,O+,Tailor,Aadhaar,548877515460,True,2026-07-04T06:08:37.946738,2026-07-04T06:08:37.946738
cb169176-3d15-4101-85ec-23c4deb45482,Hemant,Malhotra,Male,26,Divorced,9936626463,"87, Hill Colony",Delhi,Delhi,110032,B+,Retired,Aadhaar,431867479962,True,2026-07-04T06:08:37.946738,2026-07-04T06:08:37.946738
c18b4df1-a154-4caf-847c-cb20a336684e,Jayanthi,Pillai,Female,11,Single,8370260533,"967, Civil Lines",Nizamabad,Telangana,508124,B+,Doctor,Aadhaar,466771704281,True,2026-07-04T06:08:37.946738,2026-07-04T06:08:37.946738
17bbe1ba-2c97-42ae-be52-bd8a31c349b9,Ipsita,Pradhan,Female,20,Single,7614332794,"322, Station Road",Ranchi,Jharkhand,826050,B-,Weaver,Aadhaar,735516703300,True,2026-07-04T06:08:37.946738,2026-07-04T06:08:37.946738
210f0e05-9dcd-47e6-928f-72db30b717bd,Suresh Kumar,Ramamurthy,Male,21,Single,6880839406,"473, Model Town",Chennai,Tamil Nadu,628735,A+,Engineer,Aadhaar,975295681163,True,2026-07-04T06:08:37.946738,2026-07-04T06:08:37.946738
d1d79529-7526-4dd1-923e-df686ab4d519,Anjali,Sethi,Female,9,Single,6582181718,"613, Green Park",Bhilai,Chhattisgarh,494770,B+,Weaver,Aadhaar,967741298945,True,2026-07-04T06:08:37.946738,2026-07-04T06:08:37.946738
612ce1b9-a50d-4cc2-85cb-27ca496203d1,Asha,Rawat,Female,64,Widowed,7794710793,"628, Nehru Nagar",Kanpur,Uttar Pradesh,274823,A-,Retired,Aadhaar,575866188934,True,2026-07-04T06:08:37.946738,2026-07-04T06:08:37.946738
6099f180-f074-41d9-a7ad-269b7fcc5897,Surinder,Kalra,Male,23,Single,9501707828,"401, Market Yard",Delhi,Delhi,110087,B+,Clerk,Aadhaar,213742635729,True,2026-07-04T06:08:37.946738,2026-07-04T06:08:37.946738
9d0da480-72cf-4e6e-ac19-78da3fe266df,Vasantha,Balakrishnan,Female,78,Divorced,7659542785,"495, Church Street",Kollam,Kerala,685603,O+,Tailor,Aadhaar,148534264683,True,2026-07-04T06:08:37.946738,2026-07-04T06:08:37.946738
b7b9794f-3869-4f5e-ba3a-0ad82ea5a5fc,Sanjay,Nanda,Male,16,Single,7692609167,"164, Old Bazaar",Delhi,Delhi,110072,B+,Retired,Aadhaar,800880194987,True,2026-07-04T06:08:37.946738,2026-07-04T06:08:37.946738
3ba78b20-37ba-4d7e-af15-665f5a992c70,Swathi,Kamath,Female,48,Single,8907803348,"721, Gandhi Chowk",Thiruvananthapuram,Kerala,688919,O+,Student,Aadhaar,603357601215,True,2026-07-04T06:08:37.946738,2026-07-04T06:08:37.946738
ef3a0692-0cce-4ddb-9485-d9ef06fe3e86,Vijayan,Namboothiri,Male,63,Married,8477940931,"866, Market Yard",Bangalore,Karnataka,580230,O+,Shopkeeper,Aadhaar,192729067059,True,2026-07-04T06:08:37.946738,2026-07-04T06:08:37.946738
3a642064-c99b-45d4-b54a-f04c8307ac52,Krishnamurthy,Panicker,Male,16,Single,7717193289,"393, College Road",Davanagere,Karnataka,566087,B+,Priest,Aadhaar,710629393832,True,2026-07-04T06:08:37.946738,2026-07-04T06:08:37.946738
b89ddac8-28a3-4305-a39f-9e006f3075ee,Rajesh Kanna,Ramanathan,Male,10,Single,6620344871,"140, Model Town",Warangal,Telangana,506291,B-,Electrician,Aadhaar,557378479965,True,2026-07-04T06:08:37.946738,2026-07-04T06:08:37.946738
eba0d96f-ddcd-4428-8b8c-c76fb7fceb44,Uma,Subramaniam,Female,5,Single,7677252858,"296, Station Road",Warangal,Telangana,507493,B+,Electrician,Aadhaar,727551462751,True,2026-07-04T06:08:37.946738,2026-07-04T06:08:37.946738
52ea25bb-fb56-4125-ad93-56769a9503fc,Vijay Kumar,Nambiar,Male,40,Single,9209968815,"754, Civil Lines",Bangalore,Karnataka,569756,,Government Employee,Aadhaar,197997103103,True,2026-07-04T06:08:37.946738,2026-07-04T06:08:37.946738
f8caa9ae-24c4-4f0d-8b7e-08cd0e0d682e,Moushumi,Sahu,Female,8,Single,9278221407,"631, Shivaji Nagar",Siliguri,West Bengal,713542,A+,Software Engineer,Aadhaar,754042279961,True,2026-07-04T06:08:37.946738,2026-07-04T06:08:37.946738
b35346fe-b68e-47e0-827a-53af0e37206c,Ganesan,Pandey,Male,49,Divorced,6397773877,"888, Shivaji Nagar",Chennai,Tamil Nadu,608697,O+,Labourer,Aadhaar,532401134903,True,2026-07-04T06:08:37.946738,2026-07-04T06:08:37.946738
697e1245-7c58-4375-97fa-136a8ded41a7,Vaishali,Pawar,Female,41,Divorced,8845932321,"959, Church Street",Mumbai,Maharashtra,429799,O-,Farmer,Aadhaar,906797440309,True,2026-07-04T06:08:37.946738,2026-07-04T06:08:37.946738
aeb36c19-7c6a-4742-9d1d-ec09b62e0bb9,Bhupen,Ahluwalia,Male,30,Single,9388339233,"331, Ring Road",Meerut,Uttar Pradesh,245271,B+,Electrician,Aadhaar,851164674526,True,2026-07-04T06:08:37.946738,2026-07-04T06:08:37.946738
4522d1ef-a491-4cfb-b4b7-01bfb1b9a880,Sanjay,Sharma,Male,42,Divorced,7839369897,"932, Shivaji Nagar",Gurugram,Haryana,135454,B+,Government Employee,Aadhaar,376425965133,True,2026-07-04T06:08:37.946738,2026-07-04T06:08:37.946738
67fca52a-3094-4526-90c2-cb5b5c9835e9,Gopalakrishnan,Pai,Male,67,Divorced,6855590022,"98, MG Road",Salem,Tamil Nadu,613987,B+,Labourer,Aadhaar,110501482282,True,2026-07-04T06:08:37.946738,2026-07-04T06:08:37.946738
c8729568-c10c-4e76-aa1b-ba46008157b9,Jaspreet,Sethi,Male,61,Married,6210811807,"321, Church Street",Lucknow,Uttar Pradesh,240224,O+,Potter,Aadhaar,257527104283,True,2026-07-04T06:08:37.946738,2026-07-04T06:08:37.946738
50aa7850-a9ba-4046-b317-9cfd84a3f091,Rajendra,Deshmukh,Male,7,Single,9761506578,"704, Market Yard",Surat,Gujarat,374238,O+,Potter,Aadhaar,524042160439,True,2026-07-04T06:08:37.946738,2026-07-04T06:08:37.946738
c900cd65-0453-4c93-b904-19a58e055728,Asha,Bansal,Female,17,Single,8936412291,"964, MG Road",Dehradun,Uttarakhand,253885,O+,Housewife,Aadhaar,809938947274,True,2026-07-04T06:08:37.946738,2026-07-04T06:08:37.946738
d0e7e76b-7a2d-47d7-bd3b-28bbdc2668b5,Bimal,Pradhan,Male,58,Married,6487726245,"957, Old Bazaar",Gaya,Bihar,808650,B+,Nurse,Aadhaar,291911774790,True,2026-07-04T06:08:37.946738,2026-07-04T06:08:37.946738
ba5f451d-eb29-48c9-8212-d289a75bebd2,Anamika,Bora,Female,45,Married,9643968992,"294, Lake View",Aizawl,Mizoram,796786,B+,Engineer,Aadhaar,776619077649,True,2026-07-04T06:08:37.946738,2026-07-04T06:08:37.946738
030157f9-44db-4cc7-b40e-7c153b8fee11,Bharat,Pillai,Male,23,Widowed,9883786839,"977, Civil Lines",Bangalore,Karnataka,561898,O+,Doctor,Aadhaar,162744457425,True,2026-07-04T06:08:37.946738,2026-07-04T06:08:37.946738
5f370360-969b-48e8-87b2-d858b95b8b26,Sonal,Srivastava,Female,37,Divorced,8661572729,"530, Sector 12",Raipur,Chhattisgarh,491368,B+,Government Employee,Aadhaar,946615607057,True,2026-07-04T06:08:37.946738,2026-07-04T06:08:37.946738
5279624c-c526-4af5-876a-0776fce7fe9c,Suresh Kumar,Chettiar,Male,33,Divorced,8159527291,"512, River Side",Chennai,Tamil Nadu,610937,B+,Doctor,Aadhaar,897464274970,True,2026-07-04T06:08:37.946738,2026-07-04T06:08:37.946738
0a0361ea-154d-46ea-a29c-2d2d76f8b3b2,Deepak,Modi,Male,25,Divorced,7292157835,"954, Nehru Nagar",Kalyan,Maharashtra,436233,A+,Priest,Aadhaar,371965068780,True,2026-07-04T06:08:37.946738,2026-07-04T06:08:37.946738
23aae432-46df-45fa-a753-d840cd7c8d64,Pooja,Singh,Female,16,Single,7339643129,"824, Lake View",Jalandhar,Punjab,141505,O-,Tailor,Aadhaar,457816722354,True,2026-07-04T06:08:37.946738,2026-07-04T06:08:37.946738
f922d044-2afa-4649-be65-04bd7c14ea90,Prashant,Sawant,Male,8,Single,9495430792,"606, Green Park",Rajkot,Gujarat,372808,A+,Labourer,Aadhaar,550681215698,True,2026-07-04T06:08:37.946738,2026-07-04T06:08:37.946738
3105af8e-f0df-4c9e-88b7-e4599a07cdfd,Ravi,Thakur,Male,15,Single,6320325776,"543, Civil Lines",Solapur,Maharashtra,427514,B+,Business,Aadhaar,147644186640,True,2026-07-04T06:08:37.946738,2026-07-04T06:08:37.946738
a44fa825-a267-4a5c-a1fe-5e99dcf058d8,Manoj,Gill,Male,30,Single,9180348617,"607, River Side",Ludhiana,Punjab,142041,B+,Labourer,Aadhaar,447252030210,True,2026-07-04T06:08:37.946738,2026-07-04T06:08:37.946738
9d90d225-1a5c-422b-aa89-44e6c438ad4a,Geeta,Bhatt,Female,50,Single,6266870811,"109, Station Road",Kanpur,Uttar Pradesh,259926,B+,Accountant,Aadhaar,330941837832,True,2026-07-04T06:08:37.946738,2026-07-04T06:08:37.946738
6216d358-cd92-4599-9c35-a328f8510cff,Jayanthi,Nair,Female,16,Single,7997567367,"878, Old Bazaar",Belgaum,Karnataka,564861,O+,Clerk,Aadhaar,843239583508,True,2026-07-04T06:08:37.946738,2026-07-04T06:08:37.946738
166c3fa3-dd4c-4ce7-a7e1-853c891f75aa,Chhaya,Acharya,Female,75,Married,9209422179,"824, Shivaji Nagar",Bangalore,Karnataka,563980,O+,Labourer,Aadhaar,541624314568,True,2026-07-04T06:08:37.946738,2026-07-04T06:08:37.946738
2cc9d0fa-b5ff-4cae-b4f5-e3897b53b0db,Nisha,Gupta,Female,66,Married,7793623149,"455, Shivaji Nagar",Lucknow,Uttar Pradesh,213056,AB+,Driver,Aadhaar,610853205564,True,2026-07-04T06:08:37.946738,2026-07-04T06:08:37.946738
f91c93aa-8a84-4eb3-98d3-ddb5728a5d6b,Rakesh,Chavan,Male,41,Widowed,7300951978,"282, Sector 12",Pune,Maharashtra,429230,,Homemaker,Aadhaar,424902586755,True,2026-07-04T06:08:37.946738,2026-07-04T06:08:37.946738
4ea950c6-06d3-4db4-a124-e784b461dada,Revathi,Hegde,Female,35,Single,6510704185,"801, Church Street",Thrissur,Kerala,685719,B+,Software Engineer,Aadhaar,398020828313,True,2026-07-04T06:08:37.946738,2026-07-04T06:08:37.946738
3c268d91-04fc-4e28-a233-b7622d9cd2d0,Ramesh Babu,Sandhu,Male,35,Widowed,7271395839,"103, Civil Lines",Delhi,Delhi,110085,O+,,Aadhaar,732302558086,True,2026-07-04T06:08:37.946738,2026-07-04T06:08:37.946738
213be465-3092-473b-8611-61c02d9c04da,Nithya,Ramanathan,Female,57,Married,8709511014,"578, Shivaji Nagar",Coimbatore,Tamil Nadu,636904,O-,Electrician,Aadhaar,637624922571,True,2026-07-04T06:08:37.946738,2026-07-04T06:08:37.946738
7a46c3ad-028e-43b4-accb-36532a1a014b,Jaspreet,Goyal,Male,18,Single,7965914172,"134, Old Bazaar",Ghaziabad,Uttar Pradesh,224261,AB+,,Aadhaar,744879512673,True,2026-07-04T06:08:37.946738,2026-07-04T06:08:37.946738
ffb8aef8-1674-4467-8a8e-44f87980d287,Prabhakaran,Halder,Male,60,Widowed,8246513857,"162, College Road",Patna,Bihar,851895,B+,Driver,Aadhaar,718341042388,True,2026-07-04T06:08:37.946738,2026-07-04T06:08:37.946738
79fb8ca1-8849-4b04-893f-97abaffccb4f,Krupa,Patel,Female,37,Divorced,6295508799,"617, Old Bazaar",Aurangabad,Maharashtra,440068,O+,Electrician,Aadhaar,184805603866,True,2026-07-04T06:08:37.946738,2026-07-04T06:08:37.946738
b0de2a57-e1c8-4e55-a329-305fe1039738,Rajagopal,Krishnan,Male,16,Single,7367942460,"710, Gandhi Chowk",Coimbatore,Tamil Nadu,622970,O+,,Aadhaar,905041025509,True,2026-07-04T06:08:37.946738,2026-07-04T06:08:37.946738
d0dacb9e-f159-440d-b804-b68d3aa7ec7e,Hema,Sandhu,Female,72,Single,7584566178,"76, Nehru Nagar",Shimla,Himachal Pradesh,173416,O+,Doctor,Aadhaar,277706238481,True,2026-07-04T06:08:37.946738,2026-07-04T06:08:37.946738
f1f21a2c-b725-4599-a9d1-e80b6464b7bb,Sadanand,Ahluwalia,Male,66,Single,9268688902,"55, Ambedkar Marg",Vadodara,Gujarat,381699,O+,Weaver,Aadhaar,902839225385,True,2026-07-04T06:08:37.946738,2026-07-04T06:08:37.946738
c50653bc-abe0-4c54-807c-798f1cfe6abb,Savita,Dhillon,Female,16,Single,7158524142,"370, MG Road",Satna,Madhya Pradesh,478024,O+,Priest,Aadhaar,203936811868,True,2026-07-04T06:08:37.946738,2026-07-04T06:08:37.946738
fc7652bd-bd42-4726-a573-9627d9b54e84,Sandip,Doshi,Male,36,Divorced,9809786356,"272, Gandhi Chowk",Navi Mumbai,Maharashtra,442066,B+,Retired,Aadhaar,149159230489,True,2026-07-04T06:08:37.946738,2026-07-04T06:08:37.946738
1c0f6ede-ad75-46e5-bce6-348b338d8fe4,Vasantha,Rao,Female,19,Single,6817411121,"353, Hill Colony",Vijayawada,Andhra Pradesh,528566,B-,Accountant,Aadhaar,999310772891,True,2026-07-04T06:08:37.946738,2026-07-04T06:08:37.946738
d3ce7964-2328-418d-81cd-ba8696035ba9,Lata,Chauhan,Female,52,Divorced,6639127345,"585, Lake View",Dehradun,Uttarakhand,262727,A+,Doctor,Aadhaar,290907172011,True,2026-07-04T06:08:37.946738,2026-07-04T06:08:37.946738
1c13e029-b5f7-47ea-902f-19c4ace53387,Manoj,Mitra,Male,57,Single,8443328397,"933, Gandhi Chowk",Dharamshala,Himachal Pradesh,171713,B+,Driver,Aadhaar,604743217364,True,2026-07-04T06:08:37.946738,2026-07-04T06:08:37.946738
4dc97b6a-60f3-423f-bdaa-6d7b2ff2a5e0,Bimal,Chakraborty,Male,43,Married,6704177085,"799, Ambedkar Marg",Bhagalpur,Bihar,851495,O+,Clerk,Aadhaar,522041253196,True,2026-07-04T06:08:37.946738,2026-07-04T06:08:37.946738
7e4f0d43-24fa-4b96-b266-10c40ab1af0e,Shilpa,Doshi,Female,27,Married,9455939049,"708, Civil Lines",Jaipur,Rajasthan,304231,A+,,Aadhaar,975389006896,True,2026-07-04T06:08:37.946738,2026-07-04T06:08:37.946738
85842af8-f8dd-4196-a151-2cddda3db69f,Rupali,Nambiar,Female,56,Widowed,8882542411,"427, New Colony",Gulbarga,Karnataka,581154,O+,Nurse,Aadhaar,670197681926,True,2026-07-04T06:08:37.946738,2026-07-04T06:08:37.946738
294fd41e-be1b-4a10-ba30-b3d5e05736e4,Sagarika,Panda,Female,27,Married,7306978174,"897, Model Town",Kolkata,West Bengal,703777,O+,Clerk,Aadhaar,504903650217,True,2026-07-04T06:08:37.946738,2026-07-04T06:08:37.946738
018da6c3-4b97-4d58-b887-9b46ff5341eb,Falguni,Vaidya,Female,36,Divorced,7609578849,"601, Hill Colony",Ahmedabad,Gujarat,382922,O+,Government Employee,Aadhaar,201742838358,True,2026-07-04T06:08:37.946738,2026-07-04T06:08:37.946738
6e0797f3-1b80-406d-aa5d-b77b0387719a,Anita,Bhosale,Female,14,Single,8799636574,"420, Lake View",Delhi,Delhi,110003,A+,,Aadhaar,245648849791,True,2026-07-04T06:08:37.946738,2026-07-04T06:08:37.946738
5b367473-a6ea-46a4-a00d-906d08ac508d,Prashant,Rane,Male,9,Single,9504237434,"873, Church Street",Udaipur,Rajasthan,331081,O+,Carpenter,Aadhaar,536470064679,True,2026-07-04T06:08:37.946738,2026-07-04T06:08:37.946738
b0c30522-799d-41b1-88e8-b7f92e86d37a,Randhir,Kapoor,Male,86,Married,9168544512,"345, Sector 12",Delhi,Delhi,110082,O+,Priest,Aadhaar,816797287397,True,2026-07-04T06:08:37.946738,2026-07-04T06:08:37.946738
40783fc3-044a-42b6-95c0-8b8f6c0e348c,Jonali,Kulkarni,Female,28,Married,9417403063,"266, College Road",Thane,Maharashtra,426516,,Weaver,Aadhaar,309663186661,True,2026-07-04T06:08:37.946738,2026-07-04T06:08:37.946738
daab0e55-9515-47e1-8a17-0a187e481041,Amandeep Kaur,Mudaliar,Female,23,Widowed,7806108387,"898, Hill Colony",Varanasi,Uttar Pradesh,224742,O+,Fisherman,Aadhaar,717652133800,True,2026-07-04T06:08:37.946738,2026-07-04T06:08:37.946738
8aea2a54-d0b2-4d96-a110-94f64dd5617f,Deven,Momin,Male,66,Divorced,8499090969,"267, River Side",Dibrugarh,Assam,783409,B+,Teacher,Aadhaar,738161593723,True,2026-07-04T06:08:37.946738,2026-07-04T06:08:37.946738
53817289-1b59-4197-a22c-996dbf292501,Dulal,Menon,Male,16,Single,7247494816,"206, Old Bazaar",Hyderabad,Telangana,506705,A-,Tailor,Aadhaar,889682968949,True,2026-07-04T06:08:37.946738,2026-07-04T06:08:37.946738
eb44a43f-f3d5-4374-8390-a18c09d01550,Tapan,Kar,Male,27,Single,7718774770,"783, Station Road",Patna,Bihar,832085,A+,Business,Aadhaar,570872243535,True,2026-07-04T06:08:37.946738,2026-07-04T06:08:37.946738
70eca968-905c-448c-b01e-681027bacd40,Sujatha,Iyer,Female,25,Widowed,7119237294,"693, MG Road",Visakhapatnam,Andhra Pradesh,535536,A+,Clerk,Aadhaar,521347923462,True,2026-07-04T06:08:37.946738,2026-07-04T06:08:37.946738
c32d06c4-95fd-4e9f-9412-3a629f021a7c,Tripti,Pandya,Female,59,Divorced,7468006578,"924, Green Park",Pune,Maharashtra,423544,A+,,Aadhaar,899827369979,True,2026-07-04T06:08:37.946738,2026-07-04T06:08:37.946738
1029303b-d884-4abf-9f8f-ba695cba99fc,Nirav,Desai,Male,13,Single,9787539531,"262, Hill Colony",Nashik,Maharashtra,440838,O+,Carpenter,Aadhaar,125065944579,True,2026-07-04T06:08:37.946738,2026-07-04T06:08:37.946738
bd85e050-66f6-4dae-a7ae-fc45e762e19d,Vivek,Agarwal,Male,31,Single,6423321334,"431, Ambedkar Marg",Lucknow,Uttar Pradesh,269198,O+,Business,Aadhaar,215528701496,True,2026-07-04T06:08:37.946738,2026-07-04T06:08:37.946738
7243f0b8-5a60-438b-8aaf-629aaf63b56b,Subramaniam,Ganapathy,Male,62,Single,8855309458,"420, Ring Road",Bangalore,Karnataka,565256,O+,Housewife,Aadhaar,462841688793,True,2026-07-04T06:08:37.946738,2026-07-04T06:08:37.946738
93f1b25d-bfc0-4383-b9f1-0ecf860892b6,Baldev,Chauhan,Male,46,Married,6374762050,"660, Civil Lines",Delhi,Delhi,110059,A-,,Aadhaar,292471135737,True,2026-07-04T06:08:37.946738,2026-07-04T06:08:37.946738
5f0c12d5-43c9-42e0-b0b4-5cdd5a9ec11d,Bimal,Chatterjee,Male,30,Married,7812272035,"663, Station Road",Howrah,West Bengal,721540,B+,Homemaker,Aadhaar,201932750671,True,2026-07-04T06:08:37.946738,2026-07-04T06:08:37.946738
9e367ac3-e8f6-4f3c-8365-540500df984f,Namrata,Bagchi,Female,21,Divorced,9796693603,"908, Station Road",Dhanbad,Jharkhand,816705,O+,Student,Aadhaar,752453750816,True,2026-07-04T06:08:37.946738,2026-07-04T06:08:37.946738
4c662cbc-0a63-446d-9994-ff7e52a05241,Dipa,Roy,Female,47,Divorced,9221265692,"909, College Road",Ranchi,Jharkhand,827441,O+,,Aadhaar,846758800926,True,2026-07-04T06:08:37.946738,2026-07-04T06:08:37.946738
2d191b9d-d3b2-4de8-ad1f-aa9e15c8a211,Devendra,Rawat,Male,50,Divorced,8812653878,"693, Temple Road",Srinagar,Jammu and Kashmir,182436,A+,,Aadhaar,654724779120,True,2026-07-04T06:08:37.946738,2026-07-04T06:08:37.946738
106efe5f-99ad-4715-9c23-32310cc18fba,Bandana,Kar,Female,56,Married,7691090113,"659, Temple Road",Howrah,West Bengal,726430,A+,Tailor,Aadhaar,196413849290,True,2026-07-04T06:08:37.946738,2026-07-04T06:08:37.946738
37fbfa85-0aca-43db-b057-2781ac4a515d,Meenakshi,Panicker,Female,12,Single,6698214865,"563, MG Road",Guntur,Andhra Pradesh,517979,A+,Priest,Aadhaar,716363617302,True,2026-07-04T06:08:37.946738,2026-07-04T06:08:37.946738
8e241a28-3616-4271-a1ba-6911488d1e24,Suresh,Brar,Male,30,Widowed,9869505738,"673, Church Street",Ujjain,Madhya Pradesh,479658,O+,,Aadhaar,421263178879,True,2026-07-04T06:08:37.946738,2026-07-04T06:08:37.946738
90e937eb-bb7f-4d42-9f49-9112c0a3a2bf,Sarita,Goyal,Female,7,Single,7301373196,"124, Temple Road",Kanpur,Uttar Pradesh,229258,B+,Weaver,Aadhaar,558518465040,True,2026-07-04T06:08:37.946738,2026-07-04T06:08:37.946738
2f29151d-2494-4f2d-8661-4040e3cfa953,Gurpreet,Aggarwal,Male,64,Single,9104657489,"544, Nehru Nagar",Panipat,Haryana,130065,AB+,Electrician,Aadhaar,297182728040,True,2026-07-04T06:08:37.946738,2026-07-04T06:08:37.946738
f0566b94-be52-4fd1-b925-1e0e37f94860,Randhir,Marbaniang,Male,11,Single,9753901994,"938, Civil Lines",Meerut,Uttar Pradesh,236861,B+,Shopkeeper,Aadhaar,250896683014,True,2026-07-04T06:08:37.946738,2026-07-04T06:08:37.946738
4f875a29-893f-494f-b3f3-0f39340d42fe,Ashwini,Tanti,Female,73,Single,7325177291,"640, Ring Road",Udaipur,Rajasthan,323630,AB+,Weaver,Aadhaar,297389509112,True,2026-07-04T06:08:37.946738,2026-07-04T06:08:37.946738
f08b7103-b137-4bdc-8a88-c9d2ec5cb710,Savita,Mohanty,Female,53,Widowed,9967910655,"14, Lake View",Agra,Uttar Pradesh,214956,O+,,Aadhaar,925780383750,True,2026-07-04T06:08:37.946738,2026-07-04T06:08:37.946738
7b2abe13-2b23-4837-9c5a-4aec3e8e5b4a,Pramod,Sekhon,Male,47,Married,8974053994,"464, Ambedkar Marg",Jammu,Jammu and Kashmir,190095,A+,Labourer,Aadhaar,527612400970,True,2026-07-04T06:08:37.946738,2026-07-04T06:08:37.946738
4412498a-ea0d-42d7-b02f-a9dc6cfbd49f,Sameer,Ganguly,Male,59,Widowed,6113921319,"762, Sector 12",Ahmedabad,Gujarat,373310,B+,Tailor,Aadhaar,799699506114,True,2026-07-04T06:08:37.946738,2026-07-04T06:08:37.946738
8ed2b345-9bb7-448f-b27a-b60056a40742,Puja,Dubey,Female,44,Married,7286611097,"753, Lake View",Moradabad,Uttar Pradesh,216644,B+,Accountant,Aadhaar,740641311249,True,2026-07-04T06:08:37.946738,2026-07-04T06:08:37.946738
0a732c42-4be5-4cab-b20f-f70cb1a448b2,Manisha,Saxena,Female,27,Widowed,9948157453,"587, Hill Colony",Delhi,Delhi,110046,O+,Plumber,Aadhaar,672020362142,True,2026-07-04T06:08:37.946738,2026-07-04T06:08:37.946738
839e29df-9d99-4235-85d0-87c9f1258ab8,Subrata,Pal,Male,13,Single,8455479984,"370, Ring Road",Bhagalpur,Bihar,814317,O-,Electrician,Aadhaar,928171435558,True,2026-07-04T06:08:37.946738,2026-07-04T06:08:37.946738
957ebf3f-d863-41ad-abf8-9c7863c67e96,Debojit,Desai,Male,18,Single,8509495719,"938, Ambedkar Marg",Mumbai,Maharashtra,425289,O+,Farmer,Aadhaar,949639488835,True,2026-07-04T06:08:37.946738,2026-07-04T06:08:37.946738
0653549b-a311-450c-83cf-88c6d0ef5519,Sujata,Pawar,Female,32,Married,7930344435,"551, Hill Colony",Ahmedabad,Gujarat,360481,B+,Priest,Aadhaar,855334212417,True,2026-07-04T06:08:37.946738,2026-07-04T06:08:37.946738
330ecff5-9dba-4534-a4c9-1e43bfc4fe60,Ananya,Chakraborty,Female,21,Married,9869731458,"340, Nehru Nagar",Kolkata,West Bengal,705736,O+,Government Employee,Aadhaar,547787483327,True,2026-07-04T06:08:37.946738,2026-07-04T06:08:37.946738
9f1213e3-9179-4361-8518-ef716440be20,Saroja,Pillai,Female,30,Married,6484077593,"951, Lake View",Nellore,Andhra Pradesh,518478,O+,Homemaker,Aadhaar,518491632451,True,2026-07-04T06:08:37.946738,2026-07-04T06:08:37.946738
41a8949f-4fe7-4259-b955-86e6d6c1c963,Ipsita,Mohanty,Female,7,Single,8780801356,"148, Ring Road",Kolkata,West Bengal,742464,B+,Accountant,Aadhaar,233751182333,True,2026-07-04T06:08:37.946738,2026-07-04T06:08:37.946738
d4e2fb03-0ca6-47dd-a1d2-aa4a57f3077d,Manoj,Anand,Male,43,Single,9793563667,"872, Lake View",Delhi,Delhi,110019,O+,Government Employee,Aadhaar,835218334212,True,2026-07-04T06:08:37.946738,2026-07-04T06:08:37.946738
de87098a-619a-4392-be2f-70f96b303af3,Provat,Ghosh,Male,73,Widowed,6311975522,"744, River Side",Howrah,West Bengal,731929,O-,Carpenter,Aadhaar,409667335572,True,2026-07-04T06:08:37.946738,2026-07-04T06:08:37.946738
e74abf3d-0e7f-4b38-a03d-8d941fda4365,Girish,Agarwal,Male,22,Widowed,8559891563,"173, MG Road",Ludhiana,Punjab,150264,O+,Fisherman,Aadhaar,247572868691,True,2026-07-04T06:08:37.946738,2026-07-04T06:08:37.946738
40b6ba91-f5ac-4025-9c38-b26730c387d9,Rupa,Bhattacharya,Female,30,Married,8987387141,"144, Hill Colony",Bhubaneswar,Odisha,757437,O+,Engineer,Aadhaar,121011431776,True,2026-07-04T06:08:37.946738,2026-07-04T06:08:37.946738
ccc904ae-3c34-4f1c-aef1-7869d4d514f4,Partha,Mohanty,Male,44,Divorced,7492794766,"402, Civil Lines",Dhanbad,Jharkhand,832321,A+,Tailor,Aadhaar,534180623464,True,2026-07-04T06:08:37.946738,2026-07-04T06:08:37.946738
64b1cf08-42e2-4846-9b99-07284a31d936,Sushma,Jadhav,Female,54,Single,7890187877,"750, Green Park",Ahmedabad,Gujarat,383515,O+,Labourer,Aadhaar,354989782496,True,2026-07-04T06:08:37.946738,2026-07-04T06:08:37.946738
1acf229b-cbbc-4bd4-affe-7f9886a7998e,Harpreet,Trivedi,Male,30,Widowed,6855631043,"992, Lake View",Raipur,Chhattisgarh,495191,A+,Government Employee,Aadhaar,291427380230,True,2026-07-04T06:08:37.946738,2026-07-04T06:08:37.946738
cb6db97b-9fc2-4375-91ac-d37418b0c320,Madhuri,Nanda,Female,26,Divorced,8977501292,"889, Church Street",Gwalior,Madhya Pradesh,481907,A+,Farmer,Aadhaar,581633201477,True,2026-07-04T06:08:37.946738,2026-07-04T06:08:37.946738
4b9395ae-0e18-4ebe-a8d4-01d624150d30,Anand,Vaidya,Male,29,Married,7545188049,"831, Old Bazaar",Kalyan,Maharashtra,407428,B+,Housewife,Aadhaar,123239635140,True,2026-07-04T06:08:37.946738,2026-07-04T06:08:37.946738
5e3fc3f2-a0ff-449b-b659-ed073e34d5d1,Kuldeep,Kalra,Male,37,Single,6278607682,"265, Station Road",Delhi,Delhi,110067,O-,Software Engineer,Aadhaar,894047149797,True,2026-07-04T06:08:37.946738,2026-07-04T06:08:37.946738
52bf139f-5c77-4014-8a5f-8adf455976f4,Kakoli,Lalrinawma,Female,24,Single,7769168506,"676, Lake View",Dibrugarh,Assam,783167,O+,Tailor,Aadhaar,349403781182,True,2026-07-04T06:08:37.946738,2026-07-04T06:08:37.946738
68f545f3-30d0-4bfc-b502-629f940be451,Devika,Gowda,Female,8,Single,6290505619,"488, New Colony",Kochi,Kerala,689655,O+,Plumber,Aadhaar,628681225263,True,2026-07-04T06:08:37.946738,2026-07-04T06:08:37.946738
8b1af4d2-c084-45f3-880b-575f9e1ab918,Dulal,Verma,Male,35,Divorced,7961463274,"494, Temple Road",Amritsar,Punjab,151486,B+,Potter,Aadhaar,209848602492,True,2026-07-04T06:08:37.946738,2026-07-04T06:08:37.946738
2dcab3db-f411-4f87-8908-64c85ad0e0b0,Archana,Bhagat,Female,28,Divorced,8302959775,"6, MG Road",Mumbai,Maharashtra,437879,B+,Retired,Aadhaar,983422231306,True,2026-07-04T06:08:37.946738,2026-07-04T06:08:37.946738
33ac0c8c-aa8d-44a9-bd21-27786a07c2b7,Bhavani,Ramamurthy,Female,11,Single,9706310053,"375, New Colony",Kozhikode,Kerala,679030,AB-,Housewife,Aadhaar,713251701637,True,2026-07-04T06:08:37.946738,2026-07-04T06:08:37.946738
99767c3c-6ebd-45ac-8e44-706bc536b57f,Payal,Doshi,Female,42,Single,6902959376,"236, Market Yard",Nagpur,Maharashtra,410604,O+,Driver,Aadhaar,867141397550,True,2026-07-04T06:08:37.946738,2026-07-04T06:08:37.946738
551c9f94-57f3-4b56-859c-9c54e1ae4e4a,Chetan,Vaidya,Male,75,Divorced,6168805869,"270, Civil Lines",Pune,Maharashtra,424304,,Retired,Aadhaar,776030622033,True,2026-07-04T06:08:37.946738,2026-07-04T06:08:37.946738
8d3ed661-ea58-4916-8826-f4a21a948668,Gurmeet Kaur,Sidhu,Female,37,Widowed,7136087763,"803, New Colony",Agra,Uttar Pradesh,267919,B+,Student,Aadhaar,363538076597,True,2026-07-04T06:08:37.946738,2026-07-04T06:08:37.946738
f7196dd2-feee-458e-ac28-6a2fadae1c38,Santosh,Bhalla,Male,9,Single,7655921993,"16, Gandhi Chowk",Srinagar,Jammu and Kashmir,181478,B+,Accountant,Aadhaar,479452179748,True,2026-07-04T06:08:37.946738,2026-07-04T06:08:37.946738
0c79c944-7e96-419d-bf1f-821cd31a209e,Anamika,Gandhi,Female,89,Married,6640273782,"302, Old Bazaar",Kalyan,Maharashtra,407669,A+,Accountant,Aadhaar,377347057353,True,2026-07-04T06:08:37.946738,2026-07-04T06:08:37.946738
5fda3638-a25d-4a19-9bba-0590f0bdafd1,Harpreet Kaur,Aggarwal,Female,38,Married,9224842139,"265, Gandhi Chowk",Haridwar,Uttarakhand,256540,B+,Carpenter,Aadhaar,447034050703,True,2026-07-04T06:08:37.946738,2026-07-04T06:08:37.946738
f91b5b49-8b22-440b-bee5-285f470a9153,Sangeeta,Kalita,Female,25,Divorced,8181635326,"568, Station Road",Kohima,Nagaland,797976,O+,Software Engineer,Aadhaar,924406594835,True,2026-07-04T06:08:37.946738,2026-07-04T06:08:37.946738
003fa857-269e-4f5c-9b9e-4658887b600d,Bhushan,Sawant,Male,18,Single,8267498965,"798, Ambedkar Marg",Ahmedabad,Gujarat,367857,AB+,Carpenter,Aadhaar,937547071183,True,2026-07-04T06:08:37.946738,2026-07-04T06:08:37.946738
2e9e6f9a-2cec-4364-923c-b41da6d846d0,Sudhir Ranjan,Bhattacharya,Male,30,Widowed,9338470307,"769, River Side",Howrah,West Bengal,708405,O+,Electrician,Aadhaar,649895669380,True,2026-07-04T06:08:37.946738,2026-07-04T06:08:37.946738
6c192038-04a1-494d-ba30-55d7d21b4c05,Saroja,Chandran,Female,47,Widowed,6112691606,"691, Model Town",Kochi,Kerala,682434,B+,Homemaker,Aadhaar,702099235044,True,2026-07-04T06:08:37.946738,2026-07-04T06:08:37.946738
31a8696b-fda3-448f-9f91-714cd730740c,Madhavi,Bhosale,Female,34,Divorced,8491999503,"875, Temple Road",Solapur,Maharashtra,418326,B+,Software Engineer,Aadhaar,210871104700,True,2026-07-04T06:08:37.946738,2026-07-04T06:08:37.946738
fd6e2a7e-7a28-48e6-bfea-6ac86f83ffc7,Jayasree,Banerjee,Female,41,Single,9636439085,"138, Lake View",Ranchi,Jharkhand,830498,A+,Shopkeeper,Aadhaar,726457495848,True,2026-07-04T06:08:37.946738,2026-07-04T06:08:37.946738
1b55f8f6-3ebc-4931-8c0f-97edcb3e8ae3,Sivakumar,Rao,Male,45,Divorced,8378924968,"370, Church Street",Thiruvananthapuram,Kerala,688362,B+,,Aadhaar,482772800413,True,2026-07-04T06:08:37.946738,2026-07-04T06:08:37.946738
b7915367-b7f1-475c-a586-b2e588fe943b,Vaibhav,Amin,Male,43,Divorced,9184189438,"391, New Colony",Jaipur,Rajasthan,319778,B+,Student,Aadhaar,473355350913,True,2026-07-04T06:08:37.946738,2026-07-04T06:08:37.946738
2ef1553c-2b2a-4dc0-b1c7-d456694d3fe1,Seema,Khanna,Female,36,Widowed,8750027161,"661, Temple Road",Bhopal,Madhya Pradesh,467777,AB+,Clerk,Aadhaar,552905541127,True,2026-07-04T06:08:37.946738,2026-07-04T06:08:37.946738
3fb51356-8108-462f-959c-7ca10f50ac3f,Vasant,Doshi,Male,8,Single,6202600029,"66, Green Park",Nagpur,Maharashtra,435943,O+,Plumber,Aadhaar,212026710909,True,2026-07-04T06:08:37.946738,2026-07-04T06:08:37.946738
71ec6228-725b-48c1-93b3-f4a0d27ad803,Lata,Sodhi,Female,11,Single,7240957723,"540, Station Road",Indore,Madhya Pradesh,451873,O+,Driver,Aadhaar,696445966442,True,2026-07-04T06:08:37.946738,2026-07-04T06:08:37.946738
d1249fac-e37b-4b3f-8b42-8920a734871e,Sarika,Dave,Female,13,Single,9662060684,"656, Hill Colony",Vadodara,Gujarat,380294,AB+,Labourer,Aadhaar,436905224669,True,2026-07-04T06:08:37.946738,2026-07-04T06:08:37.946738
7d0fcf12-d755-42a7-bac0-1c0387ada0a0,Kalyani,Naicker,Female,5,Single,6838487369,"945, Green Park",Thrissur,Kerala,694756,,Nurse,Aadhaar,355967182069,True,2026-07-04T06:08:37.946738,2026-07-04T06:08:37.946738
9413bc30-3e55-45a2-a58b-fcb83fc60bc3,Ganesh,Shroff,Male,23,Divorced,7382372922,"82, College Road",Vadodara,Gujarat,375700,B+,Homemaker,Aadhaar,399293251077,True,2026-07-04T06:08:37.946738,2026-07-04T06:08:37.946738
617d95ee-4071-4753-a626-d909976637b3,Rekha,Malhotra,Female,39,Married,9763281908,"464, Sector 12",Gwalior,Madhya Pradesh,482244,,Teacher,Aadhaar,301958514347,True,2026-07-04T06:08:37.946738,2026-07-04T06:08:37.946738
a218b35b-1645-4ac2-9dc7-b04b12414d4d,Manikandan,Iyer,Male,12,Single,9333203933,"351, College Road",Bangalore,Karnataka,570210,A+,Clerk,Aadhaar,137758881655,True,2026-07-04T06:08:37.946738,2026-07-04T06:08:37.946738
904c07c5-2d4c-4be5-b5a2-94a554ca9747,Jyoti,Sandhu,Female,47,Single,7368520783,"837, Temple Road",Ghaziabad,Uttar Pradesh,202654,O+,Labourer,Aadhaar,589518778233,True,2026-07-04T06:08:37.946738,2026-07-04T06:08:37.946738
67e9f572-f0e6-42af-833a-9cfc578a25c0,Dinesh,Yadav,Male,12,Single,9517817593,"698, Ring Road",Prayagraj,Uttar Pradesh,243345,O+,Fisherman,Aadhaar,235381347419,True,2026-07-04T06:08:37.946738,2026-07-04T06:08:37.946738
30b944ce-36f5-4c17-80cd-c1e4559aeac6,Sonali,Kurup,Female,20,Single,8116178827,"172, Sector 12",Hyderabad,Telangana,501961,B+,Teacher,Aadhaar,622657797547,True,2026-07-04T06:08:37.946738,2026-07-04T06:08:37.946738
6060d565-6dd4-423c-9bf2-b06992e21ada,Rajesh Kanna,Menon,Male,7,Single,6481734198,"661, Shivaji Nagar",Salem,Tamil Nadu,635151,A+,Labourer,Aadhaar,965686523361,True,2026-07-04T06:08:37.946738,2026-07-04T06:08:37.946738
4204e4b8-fa78-4743-8f42-ae59272b9ac8,Hasi,Roy,Female,28,Widowed,6621089199,"724, Market Yard",Jamshedpur,Jharkhand,831319,O+,Housewife,Aadhaar,484586921817,True,2026-07-04T06:08:37.946738,2026-07-04T06:08:37.946738
663dd938-6847-49dd-a409-c54ea9694cdd,Kabita,Agarwal,Female,24,Divorced,8979843968,"270, Hill Colony",Meerut,Uttar Pradesh,249119,B+,Plumber,Aadhaar,778685233930,True,2026-07-04T06:08:37.946738,2026-07-04T06:08:37.946738
74010e27-d7af-4ebe-8568-c9c706ff147c,Bharati,Mitra,Female,16,Single,9922200725,"565, Shivaji Nagar",Patna,Bihar,840177,O+,Driver,Aadhaar,823801634922,True,2026-07-04T06:08:37.946738,2026-07-04T06:08:37.946738
70673e41-cb9b-439a-ae1c-45f3d689420d,Yogesh,Tiwari,Male,67,Married,9806437569,"502, Lake View",Delhi,Delhi,110080,A+,Clerk,Aadhaar,180392532974,True,2026-07-04T06:08:37.946738,2026-07-04T06:08:37.946738
5c408dc1-6fd1-4a18-82ab-7d7c8749b7f7,Harpreet,Singh,Male,22,Widowed,9982644252,"378, Nehru Nagar",Rohtak,Haryana,134495,B+,Fisherman,Aadhaar,182909638749,True,2026-07-04T06:08:37.946738,2026-07-04T06:08:37.946738
7a16ce35-5299-405b-be65-5956acbf4e04,Nitin,Rawat,Male,8,Single,7699602642,"768, Hill Colony",Dehradun,Uttarakhand,257605,A+,Software Engineer,Aadhaar,870769335933,True,2026-07-04T06:08:37.946738,2026-07-04T06:08:37.946738
e78c920e-50df-42fb-b153-6e086fada7d1,Sagarika,Sarkar,Female,7,Single,9478305093,"925, Old Bazaar",Cuttack,Odisha,769026,AB-,Clerk,Aadhaar,575166151177,True,2026-07-04T06:08:37.946738,2026-07-04T06:08:37.946738
03cb49a9-e080-4931-a4b5-7dc2c5142e25,Ashwini,Varma,Female,38,Divorced,9526372748,"1, Nehru Nagar",Ajmer,Rajasthan,319644,B+,,Aadhaar,344746110433,True,2026-07-04T06:08:37.946738,2026-07-04T06:08:37.946738
42e20daf-c03b-4c86-b307-2e9a9677a499,Temjen,Sahoo,Male,9,Single,7201240032,"39, Market Yard",Durgapur,West Bengal,723309,O+,Software Engineer,Aadhaar,990158789166,True,2026-07-04T06:08:37.946738,2026-07-04T06:08:37.946738
9cfbd692-7e81-4b3f-a571-1ceeb71b67d5,Manisha,Dubey,Female,28,Divorced,6739124632,"658, Ring Road",Noida,Uttar Pradesh,205899,A+,Engineer,Aadhaar,950067965247,True,2026-07-04T06:08:37.946738,2026-07-04T06:08:37.946738
aa3cc683-c566-45e8-94d9-2a22793ce67e,Geeta,Iyer,Female,61,Divorced,6427258676,"537, Nehru Nagar",Coimbatore,Tamil Nadu,620927,B+,Plumber,Aadhaar,152197585733,True,2026-07-04T06:08:37.946738,2026-07-04T06:08:37.946738
9bf9d47d-c0f9-4599-bfd5-237fd28e8642,Geeta,Bhalla,Female,54,Single,7460957835,"85, Green Park",Shimla,Himachal Pradesh,175682,A+,Government Employee,Aadhaar,578896683717,True,2026-07-04T06:08:37.946738,2026-07-04T06:08:37.946738
00d39b4e-1a1a-4a61-94be-19ce79236c95,Brij Mohan,Chahal,Male,28,Single,7176927143,"273, College Road",Saharanpur,Uttar Pradesh,243391,A+,Doctor,Aadhaar,501251051563,True,2026-07-04T06:08:37.946738,2026-07-04T06:08:37.946738
e5c44432-5d14-4810-8db4-77678f669f0f,Deepali,Zeliang,Female,15,Single,7572944000,"46, Civil Lines",Thane,Maharashtra,413087,A+,Fisherman,Aadhaar,912231451885,True,2026-07-04T06:08:37.946738,2026-07-04T06:08:37.946738
f18660c3-293a-4a2a-9c61-344950912f31,Karthik,Patil,Male,37,Widowed,9605936741,"24, Old Bazaar",Vasai-Virar,Maharashtra,413698,A+,Accountant,Aadhaar,702406349098,True,2026-07-04T06:08:37.946738,2026-07-04T06:08:37.946738
1cf82193-4615-44ee-8bf6-fadf70025703,Sudesh,Srivastava,Female,75,Married,8315495749,"809, New Colony",Indore,Madhya Pradesh,467779,O+,Farmer,Aadhaar,399189023133,True,2026-07-04T06:08:37.946738,2026-07-04T06:08:37.946738
efe67dd2-efbf-4e65-8ca3-9dfd7ae62170,Hasi,Sen,Female,11,Single,8620402022,"888, New Colony",Siliguri,West Bengal,734837,O+,Tailor,Aadhaar,124534868377,True,2026-07-04T06:08:37.946738,2026-07-04T06:08:37.946738
10c08b58-2062-4707-9010-7212fff5da1c,Kishor,Parekh,Male,40,Widowed,8353622930,"514, Sector 12",Amravati,Maharashtra,404064,B+,Farmer,Aadhaar,409019101996,True,2026-07-04T06:08:37.946738,2026-07-04T06:08:37.946738
a97e2ed1-9ce5-49a2-994f-fdbc2a65b3f4,Rakesh,Kelkar,Male,67,Single,9358085454,"587, Shivaji Nagar",Pune,Maharashtra,427949,B-,Driver,Aadhaar,323904256387,True,2026-07-04T06:08:37.946738,2026-07-04T06:08:37.946738
6cc24a21-0258-4bd2-ba42-923bf54b9355,Muthukumar,Chakraborty,Male,48,Single,8172814771,"571, Hill Colony",Jaipur,Rajasthan,308759,O+,Business,Aadhaar,451179869324,True,2026-07-04T06:08:37.946738,2026-07-04T06:08:37.946738
ccf80d55-cd95-4e9c-ac16-4798f2028647,Puja,Dubey,Female,19,Single,6918671750,"627, New Colony",Dehradun,Uttarakhand,252745,B+,Homemaker,Aadhaar,128722069341,True,2026-07-04T06:08:37.946738,2026-07-04T06:08:37.946738
9d377853-dcc2-4346-8be0-d78a4cd7c621,Poonam,Trivedi,Female,47,Widowed,7516032315,"504, Green Park",Ghaziabad,Uttar Pradesh,219025,O+,Nurse,Aadhaar,342292179160,True,2026-07-04T06:08:37.946738,2026-07-04T06:08:37.946738
263cc3f1-ade1-4cd2-a5ec-a11d5f9259ca,Prasenjit,Rathi,Male,12,Single,9933454210,"43, New Colony",Gorakhpur,Uttar Pradesh,250857,A+,Fisherman,Aadhaar,677828404691,True,2026-07-04T06:08:37.946738,2026-07-04T06:08:37.946738
d9b4bbc9-0cf3-490e-bd10-cb4aeaae16ce,Pravin,Desai,Male,25,Divorced,6303850254,"299, Market Yard",Surat,Gujarat,386086,AB+,Shopkeeper,Aadhaar,423937008470,True,2026-07-04T06:08:37.946738,2026-07-04T06:08:37.946738
ddca3785-f128-4d1a-b835-d71fcd0d7914,Gurpreet,Gill,Male,72,Married,7936156197,"600, Hill Colony",Lucknow,Uttar Pradesh,218735,B+,Farmer,Aadhaar,200737097327,True,2026-07-04T06:08:37.946738,2026-07-04T06:08:37.946738
645268f1-246c-437a-9c29-1f11ee663401,Saroja,Nambiar,Female,37,Widowed,6662444547,"725, Temple Road",Chennai,Tamil Nadu,633533,B+,Accountant,Aadhaar,287983246717,True,2026-07-04T06:08:37.946738,2026-07-04T06:08:37.946738
776713c0-74a6-4eaf-9c13-d695e5db8cf3,Shilpa,Mehta,Female,37,Divorced,8432342748,"748, Market Yard",Jamnagar,Gujarat,378926,B+,Business,Aadhaar,782914973732,True,2026-07-04T06:08:37.946738,2026-07-04T06:08:37.946738
90e01559-061e-41aa-bb80-fa0bd12d0452,Priya,Dhillon,Female,32,Single,7732286107,"676, Green Park",Delhi,Delhi,110059,B+,,Aadhaar,705084303580,True,2026-07-04T06:08:37.946738,2026-07-04T06:08:37.946738
17bb5035-cd97-49d8-82f2-24a02f778cb7,Anjali,Anand,Female,38,Married,7134823688,"684, River Side",Indore,Madhya Pradesh,469559,O+,Doctor,Aadhaar,276859230170,True,2026-07-04T06:08:37.946738,2026-07-04T06:08:37.946738
5c64ca00-6dae-4aa0-8230-a5277509f5ac,Ashwini,Kothari,Female,54,Widowed,6199993584,"787, Ring Road",Ajmer,Rajasthan,322157,B+,Engineer,Aadhaar,704917408719,True,2026-07-04T06:08:37.946738,2026-07-04T06:08:37.946738
13b5ae28-25cd-449e-8e31-047cab9894ff,Jayaraman,Kamath,Male,9,Single,6217362383,"586, Lake View",Mysore,Karnataka,562873,B+,Weaver,Aadhaar,384827149561,True,2026-07-04T06:08:37.946738,2026-07-04T06:08:37.946738
7cd9481c-eee6-46a9-940e-568ad0367442,Jaspreet Kaur,Dubey,Female,42,Single,8307828574,"2, Ambedkar Marg",Hisar,Haryana,121393,B+,Fisherman,Aadhaar,777743968197,True,2026-07-04T06:08:37.946738,2026-07-04T06:08:37.946738
069a9756-79cb-4956-9b4b-4af22dd292ea,Vani,Hegde,Female,23,Widowed,8948465967,"70, Ring Road",Thrissur,Kerala,679840,B+,Farmer,Aadhaar,475093593874,True,2026-07-04T06:08:37.946738,2026-07-04T06:08:37.946738
75c37ad4-33c1-4f8e-b14d-8d859313084d,Puja,Chopra,Female,35,Divorced,9956045379,"37, Shivaji Nagar",Varanasi,Uttar Pradesh,264111,O+,Accountant,Aadhaar,960979753027,True,2026-07-04T06:08:37.946738,2026-07-04T06:08:37.946738
0b417322-3c7f-43f2-a574-16656af95583,Manisha,Gupta,Female,13,Single,7719975993,"702, Old Bazaar",Hisar,Haryana,134100,AB+,Engineer,Aadhaar,469501075191,True,2026-07-04T06:08:37.946738,2026-07-04T06:08:37.946738
55a6578e-f2d8-4e18-9a8b-d508a4f4711a,Ritu,Kapoor,Female,64,Widowed,6391518128,"424, Gandhi Chowk",Indore,Madhya Pradesh,482575,AB+,Shopkeeper,Aadhaar,290277008227,True,2026-07-04T06:08:37.946738,2026-07-04T06:08:37.946738
af2643ee-f3b1-45f7-856a-dc9af69c9d9e,Satyajit,Naicker,Male,8,Single,7304238238,"349, Green Park",Tirunelveli,Tamil Nadu,634317,O+,Potter,Aadhaar,670964464815,True,2026-07-04T06:08:37.946738,2026-07-04T06:08:37.946738
04186784-db33-4912-a3ce-8aa6d5f3590e,Pravin,Thakur,Male,11,Single,6837716816,"869, New Colony",Navi Mumbai,Maharashtra,405707,O+,Doctor,Aadhaar,918874102176,True,2026-07-04T06:08:37.946738,2026-07-04T06:08:37.946738
193c3190-1f36-4d6d-9bd6-807af21b2898,Puja,Sekhon,Female,48,Widowed,9820613955,"121, Sector 12",Delhi,Delhi,110020,O+,Homemaker,Aadhaar,323777997941,True,2026-07-04T06:08:37.946738,2026-07-04T06:08:37.946738
1d6fb6a5-2474-46b6-9765-3483b623d0d9,Deepali,Kelkar,Female,19,Single,8680440242,"455, Nehru Nagar",Rajkot,Gujarat,368525,O+,Teacher,Aadhaar,194720349230,True,2026-07-04T06:08:37.946738,2026-07-04T06:08:37.946738
12ff7531-f41c-4d49-a2b1-b61310777b38,Vaidehi,Raman,Female,54,Widowed,7865469134,"777, Hill Colony",Kochi,Kerala,672574,B-,Tailor,Aadhaar,993752269482,True,2026-07-04T06:08:37.946738,2026-07-04T06:08:37.946738
cd828a83-4686-40f6-97c4-f08e032aa4f5,Geeta,Goyal,Female,22,Widowed,8520989391,"188, Old Bazaar",Noida,Uttar Pradesh,243568,,Electrician,Aadhaar,608861935970,True,2026-07-04T06:08:37.946738,2026-07-04T06:08:37.946738
36fcc6e0-580f-4839-8986-3c8e2388799a,Murugan,Rao,Male,24,Widowed,6950866243,"310, Hill Colony",Bangalore,Karnataka,575106,B+,Homemaker,Aadhaar,522978578380,True,2026-07-04T06:08:37.946738,2026-07-04T06:08:37.946738
766cda6a-07b1-493d-9d90-90c9f88e9b4b,Nagarajan,Balakrishnan,Male,64,Single,7811474491,"686, Gandhi Chowk",Chennai,Tamil Nadu,637631,A+,Homemaker,Aadhaar,205463298641,True,2026-07-04T06:08:37.946738,2026-07-04T06:08:37.946738
ffe4c2ab-868e-4668-b145-d048a0904cfa,Sarika,Shroff,Female,77,Widowed,9792551787,"677, Nehru Nagar",Nagpur,Maharashtra,405934,O+,Software Engineer,Aadhaar,991790399930,True,2026-07-04T06:08:37.946738,2026-07-04T06:08:37.946738
cf513f2d-fe91-4392-acfb-26b8bedc8f74,Ravi,Sodhi,Male,52,Single,7831773074,"899, Old Bazaar",Gorakhpur,Uttar Pradesh,240287,B+,Shopkeeper,Aadhaar,580764364718,True,2026-07-04T06:08:37.946738,2026-07-04T06:08:37.946738
b8fdfee2-98d3-48e1-9902-fdf88c525771,Ipsita,Bedi,Female,44,Married,6855220739,"574, Church Street",Chandigarh,Chandigarh,160015,A+,Labourer,Aadhaar,532031464156,True,2026-07-04T06:08:37.946738,2026-07-04T06:08:37.946738
b0ad9cda-b289-49c7-89c8-8b78ab9ec8fb,Ritu,Bhatt,Female,31,Divorced,8548003203,"158, Ring Road",Agra,Uttar Pradesh,217456,O+,Farmer,Aadhaar,636376512669,True,2026-07-04T06:08:37.946738,2026-07-04T06:08:37.946738
06cc3cf1-b267-42b6-8358-19a44a851c67,Sarita,Sailo,Female,7,Single,7587902225,"522, College Road",Srinagar,Jammu and Kashmir,189045,A+,Labourer,Aadhaar,106891589667,True,2026-07-04T06:08:37.946738,2026-07-04T06:08:37.946738
0964c509-85aa-4b61-96c8-e2db7360afa1,Bharati,Chatterjee,Female,23,Married,9856861869,"378, Ambedkar Marg",Howrah,West Bengal,738029,B+,Business,Aadhaar,957922217937,True,2026-07-04T06:08:37.946738,2026-07-04T06:08:37.946738
e6c4f5a3-641f-494e-b0bb-1cb4040df165,Anitha,Pillai,Female,14,Single,8758245742,"55, Old Bazaar",Hyderabad,Telangana,508766,A+,Plumber,Aadhaar,905624046529,True,2026-07-04T06:08:37.946738,2026-07-04T06:08:37.946738
077ba993-b18d-432d-a2be-5f61f0ac777f,Kavya,Raman,Female,84,Widowed,6775705787,"485, River Side",Kannur,Kerala,675541,B+,Shopkeeper,Aadhaar,128451224896,True,2026-07-04T06:08:37.946738,2026-07-04T06:08:37.946738
78e21d60-22a3-4385-9839-53c6d9e4a592,Bhavani,Subramaniam,Female,6,Single,8375904108,"15, Ambedkar Marg",Hyderabad,Telangana,502861,AB+,Carpenter,Aadhaar,292448210387,True,2026-07-04T06:08:37.946738,2026-07-04T06:08:37.946738
62cc776e-67ec-4dbd-b6b5-e43594d2c1dc,Piyali,Das,Female,17,Single,7739460592,"957, Shivaji Nagar",Gaya,Bihar,854894,B+,Potter,Aadhaar,583873881564,True,2026-07-04T06:08:37.946738,2026-07-04T06:08:37.946738
dc6a251b-78c1-4a92-97d9-73cc62b184da,Uday,Patil,Male,50,Married,7598232236,"409, Green Park",Nashik,Maharashtra,419751,B+,Accountant,Aadhaar,876029766203,True,2026-07-04T06:08:37.946738,2026-07-04T06:08:37.946738
506c7cb8-d7e4-49d3-aced-94653dcdaec1,Vaidehi,Sundaram,Female,11,Single,6204544138,"940, Hill Colony",Hyderabad,Telangana,505798,O-,Priest,Aadhaar,397791417486,True,2026-07-04T06:08:37.946738,2026-07-04T06:08:37.946738
22b1d469-930b-48ad-931b-ffa965ae4864,Payel,Rout,Female,24,Single,8827694333,"707, Station Road",Ranchi,Jharkhand,823266,B+,,Aadhaar,675945230651,True,2026-07-04T06:08:37.946738,2026-07-04T06:08:37.946738
4983a9b9-1f8d-4d47-8856-1326e27a0af9,Vikram,Chauhan,Male,29,Married,7743584714,"654, Ambedkar Marg",Lucknow,Uttar Pradesh,216726,O+,Retired,Aadhaar,812534632954,True,2026-07-04T06:08:37.946738,2026-07-04T06:08:37.946738
006a7488-62cc-40e6-8f97-b8e00d08e84b,Pradeep,Bhandari,Male,49,Divorced,8376313067,"166, Gandhi Chowk",Ludhiana,Punjab,149087,A+,Driver,Aadhaar,391253761955,True,2026-07-04T06:08:37.946738,2026-07-04T06:08:37.946738
4fa9824f-fedf-4789-9402-2637795fb453,Raghavan,Rao,Male,28,Single,9334490716,"629, Ambedkar Marg",Vijayawada,Andhra Pradesh,529470,A+,Engineer,Aadhaar,378002689583,True,2026-07-04T06:08:37.946738,2026-07-04T06:08:37.946738
3f953c43-e9d5-46af-9653-819655bfe03f,Sohini,Chopra,Female,25,Divorced,6653388287,"725, Green Park",Delhi,Delhi,110062,B+,Potter,Aadhaar,693006562715,True,2026-07-04T06:08:37.946738,2026-07-04T06:08:37.946738
34b44cea-707b-4b06-8cf7-495690092674,Rajinder,Balakrishnan,Male,90,Widowed,9159264825,"648, Gandhi Chowk",Delhi,Delhi,110047,B+,Engineer,Aadhaar,945079711127,True,2026-07-04T06:08:37.946738,2026-07-04T06:08:37.946738
fe245c9b-13ff-4aab-8d02-bfc72dd8a022,Payal,Tiwari,Female,15,Single,8622379207,"87, Market Yard",Gwalior,Madhya Pradesh,462417,O+,Fisherman,Aadhaar,637895197839,True,2026-07-04T06:08:37.946738,2026-07-04T06:08:37.946738
eec3416f-01d6-41c9-96f2-fa7048bca410,Gurmeet Kaur,Verma,Female,39,Widowed,6462622584,"807, Nehru Nagar",Gurugram,Haryana,127644,O+,Carpenter,Aadhaar,847066997119,True,2026-07-04T06:08:37.946738,2026-07-04T06:08:37.946738
9777d9b1-a730-4eda-bbee-4d0cf046c985,Ajay,Gupta,Male,16,Single,9763971973,"47, Civil Lines",Prayagraj,Uttar Pradesh,218110,O+,Shopkeeper,Aadhaar,598634073321,True,2026-07-04T06:08:37.946738,2026-07-04T06:08:37.946738
78c2bf07-11ff-42b7-851f-61aecac5594e,Goutam,Mitra,Male,6,Single,9462219407,"831, Temple Road",Kolkata,West Bengal,721250,O+,Accountant,Aadhaar,335334579717,True,2026-07-04T06:08:37.946738,2026-07-04T06:08:37.946738
ab83b8d7-e560-494e-93c2-1405ba0f80b3,Paresh,Modi,Male,16,Single,7571008888,"250, River Side",Jodhpur,Rajasthan,303668,O+,Priest,Aadhaar,275138723145,True,2026-07-04T06:08:37.946738,2026-07-04T06:08:37.946738
4a917681-c65f-4f27-9d4c-f594eaa1542f,Subrata,Rout,Male,5,Single,8546915228,"711, Green Park",Cuttack,Odisha,755159,O+,Plumber,Aadhaar,770764580143,True,2026-07-04T06:08:37.946738,2026-07-04T06:08:37.946738
eee40f28-7464-4500-9c31-9e5dbe73d03a,Ranganathan,Shukla,Male,54,Single,7226173057,"543, Ambedkar Marg",Kota,Rajasthan,341562,B+,Accountant,Aadhaar,948102349881,True,2026-07-04T06:08:37.946738,2026-07-04T06:08:37.946738
d14fc03a-d806-4d19-b263-0705ab8101d2,Arjun,Shetty,Male,17,Single,6158011705,"661, Church Street",Bangalore,Karnataka,569341,O+,Homemaker,Aadhaar,601473543992,True,2026-07-04T06:08:37.946738,2026-07-04T06:08:37.946738
07137970-1403-4aec-bfd8-6945b4fb794b,Rahul,Patil,Male,13,Single,6352651266,"739, Market Yard",Mumbai,Maharashtra,438844,B+,Fisherman,Aadhaar,350506909415,True,2026-07-04T06:08:37.946738,2026-07-04T06:08:37.946738
2aafd09c-b287-40b3-9ad3-9e6c47181c94,Goutam,Chettiar,Male,11,Single,6568006548,"149, Model Town",Chennai,Tamil Nadu,639940,B+,Business,Aadhaar,792323623688,True,2026-07-04T06:08:37.946738,2026-07-04T06:08:37.946738
4cb3efe7-ad51-40e7-a344-d54ad4a4da22,Savita,Pandey,Female,17,Single,6599863643,"470, College Road",Srinagar,Jammu and Kashmir,182805,A+,Shopkeeper,Aadhaar,975269439474,True,2026-07-04T06:08:37.946738,2026-07-04T06:08:37.946738
f421347f-4176-49d0-a86d-360b004927ac,Pravin,Bhosale,Male,38,Divorced,9399757448,"15, College Road",Jaipur,Rajasthan,317165,O+,Labourer,Aadhaar,555288341409,True,2026-07-04T06:08:37.946738,2026-07-04T06:08:37.946738
26fdd6fb-2d33-46a5-9dc4-0f0f74835f0f,Manpreet,Tiwari,Male,33,Divorced,9358247252,"86, Hill Colony",Delhi,Delhi,110097,O+,Housewife,Aadhaar,363263415266,True,2026-07-04T06:08:37.946738,2026-07-04T06:08:37.946738
dbd3762d-45d8-4bf1-be99-1d3563655fa4,Tejinder,Gupta,Male,47,Divorced,9928751533,"142, Temple Road",Delhi,Delhi,110024,A+,Tailor,Aadhaar,180003665908,True,2026-07-04T06:08:37.946738,2026-07-04T06:08:37.946738
b9fdb31e-75bb-4c2b-a659-dde2307d3d3d,Pallavi,Goyal,Female,15,Single,7945777677,"702, Gandhi Chowk",Ludhiana,Punjab,151001,A+,Carpenter,Aadhaar,220480543894,True,2026-07-04T06:08:37.946738,2026-07-04T06:08:37.946738
f4e70a19-c7e5-490c-ab2b-fde02e2bac3b,Janaki,Achari,Female,40,Single,7459628007,"245, Hill Colony",Tiruchirappalli,Tamil Nadu,607443,B+,Potter,Aadhaar,872918465133,True,2026-07-04T06:08:37.946738,2026-07-04T06:08:37.946738
4ac379b7-3ccb-446b-98dc-6164df567499,Ashok,Ahluwalia,Male,50,Widowed,6168042141,"382, Church Street",Moradabad,Uttar Pradesh,260299,B+,Doctor,Aadhaar,845313854537,True,2026-07-04T06:08:37.946738,2026-07-04T06:08:37.946738
162ea3b2-b131-4248-b78f-80303b9cb21b,Yamuna,Namboothiri,Female,26,Single,8182621546,"112, Station Road",Nellore,Andhra Pradesh,524043,O+,Business,Aadhaar,124168967245,True,2026-07-04T06:08:37.946738,2026-07-04T06:08:37.946738
7e09b2a9-8ef8-40ad-abce-ed6810d8a6f8,Suganya,Iyengar,Female,47,Widowed,7167591527,"23, Civil Lines",Kollam,Kerala,687027,B+,Driver,Aadhaar,459861670494,True,2026-07-04T06:08:37.946738,2026-07-04T06:08:37.946738
c3e035a7-fc0f-43ca-aa5c-415a44b24672,Payal,Thakur,Female,53,Single,8343505251,"496, Church Street",Jodhpur,Rajasthan,319884,A+,Clerk,Aadhaar,284495533680,True,2026-07-04T06:08:37.946738,2026-07-04T06:08:37.946738
fe51b677-cba4-4042-bef0-8d3819f63a70,Ajay,Mishra,Male,17,Single,6439974407,"589, Shivaji Nagar",Agra,Uttar Pradesh,258789,O+,Accountant,Aadhaar,450750880559,True,2026-07-04T06:08:37.946738,2026-07-04T06:08:37.946738
2d6b4468-94fa-4f9a-846d-171f13fb49ce,Sonali,Behera,Female,27,Single,9443831389,"160, MG Road",Pune,Maharashtra,435793,A-,Weaver,Aadhaar,421675773769,True,2026-07-04T06:08:37.946738,2026-07-04T06:08:37.946738
00ec981e-cd7b-4220-8893-a5f5bb654da2,Bimal,Chatterjee,Male,52,Single,6430800749,"26, Temple Road",Ranchi,Jharkhand,833235,A+,Engineer,Aadhaar,806986626080,True,2026-07-04T06:08:37.946738,2026-07-04T06:08:37.946738
6d4e23be-60ce-49db-8e07-67a4f978bc26,Vasant,Bafna,Male,19,Single,6649527664,"404, Model Town",Jaipur,Rajasthan,333144,O+,Teacher,Aadhaar,535342458714,True,2026-07-04T06:08:37.946738,2026-07-04T06:08:37.946738
51546ed9-fc4c-4871-b862-6271a28ba09f,Pramod,Kapoor,Male,31,Divorced,6331600910,"746, Market Yard",Agra,Uttar Pradesh,255475,A+,Fisherman,Aadhaar,900684262475,True,2026-07-04T06:08:37.946738,2026-07-04T06:08:37.946738
ea8e9e25-061d-4561-a354-a881cab407f3,Payal,Nanda,Female,36,Widowed,6734236627,"775, Temple Road",Mumbai,Maharashtra,405797,O+,Government Employee,Aadhaar,609193343225,True,2026-07-04T06:08:37.946738,2026-07-04T06:08:37.946738
d7a44495-a6e4-43a7-b29a-9e7d287d6aa1,Nikhil,Thakur,Male,59,Widowed,9700523461,"758, Market Yard",Navi Mumbai,Maharashtra,414715,,Government Employee,Aadhaar,618130083467,True,2026-07-04T06:08:37.946738,2026-07-04T06:08:37.946738
7f1c661a-8916-4b85-9b98-63090863f057,Brij Mohan,Mishra,Male,71,Widowed,9171645238,"614, Church Street",Gwalior,Madhya Pradesh,488081,B+,Government Employee,Aadhaar,508535501147,True,2026-07-04T06:08:37.946738,2026-07-04T06:08:37.946738
9f923b9d-e73a-4ca4-9130-39e5711221fb,Swapan,Parekh,Male,5,Single,7156788412,"280, Church Street",Kolkata,West Bengal,727494,B+,Teacher,Aadhaar,802354336894,True,2026-07-04T06:08:37.946738,2026-07-04T06:08:37.946738
f2b119b3-a3f9-40cd-9057-a8a3af6928f2,Mangesh,Bhagat,Male,47,Widowed,8987793353,"866, Ring Road",Ahmedabad,Gujarat,377791,A+,Doctor,Aadhaar,113502163915,True,2026-07-04T06:08:37.946738,2026-07-04T06:08:37.946738
28777a79-56a4-452b-b54c-0ac4fc08d59a,Kishor,Deshmukh,Male,32,Single,7953739357,"919, Hill Colony",Ahmedabad,Gujarat,394450,A+,Weaver,Aadhaar,555756016777,True,2026-07-04T06:08:37.946738,2026-07-04T06:08:37.946738
92df0bc4-c475-4627-93dc-25ca0ae8b601,Dipa,Bedi,Female,7,Single,7977288628,"453, New Colony",Jalandhar,Punjab,157142,A+,Weaver,Aadhaar,996550629835,True,2026-07-04T06:08:37.946738,2026-07-04T06:08:37.946738
c20ad271-d508-4081-927d-3754de76fd4d,Prashant,Kulkarni,Male,57,Married,9841760327,"782, Ambedkar Marg",Aurangabad,Maharashtra,405095,O+,,Aadhaar,134822810499,True,2026-07-04T06:08:37.946738,2026-07-04T06:08:37.946738
96862de3-e415-4b21-b22c-68cd4bc0e5d9,Karthik,Naidu,Male,65,Single,7298407974,"687, Church Street",Hyderabad,Telangana,500480,O+,Government Employee,Aadhaar,488041003206,True,2026-07-04T06:08:37.946738,2026-07-04T06:08:37.946738
43ead545-89ab-4116-8df3-76e73884e998,Sudhir Ranjan,Rout,Male,64,Married,7868596889,"197, Ring Road",Howrah,West Bengal,711258,AB+,Fisherman,Aadhaar,622730832073,True,2026-07-04T06:08:37.946738,2026-07-04T06:08:37.946738
92fe40e1-8fa6-4fa3-92ae-55b5729b8ac3,Usha,Pal,Female,16,Single,7537633515,"116, Old Bazaar",Kanpur,Uttar Pradesh,217203,B+,Electrician,Aadhaar,416559408836,True,2026-07-04T06:08:37.946738,2026-07-04T06:08:37.946738
f9de802c-19e1-42c7-ad8d-b8adcaa4568e,Randhir,Sodhi,Male,31,Single,9412017904,"876, College Road",Ghaziabad,Uttar Pradesh,225745,A+,Electrician,Aadhaar,294851677088,True,2026-07-04T06:08:37.946738,2026-07-04T06:08:37.946738
50335bc6-45c9-4603-a5e9-2e67131988ff,Muthukumar,Reddy,Male,26,Married,7523925579,"411, River Side",Puducherry,Puducherry,605105,A+,Student,Aadhaar,318936849116,True,2026-07-04T06:08:37.946738,2026-07-04T06:08:37.946738
1d36ca44-9c09-40c2-ab50-16cb43109ae4,Komal,Rane,Female,61,Widowed,9482356574,"488, New Colony",Navi Mumbai,Maharashtra,426506,A-,Business,Aadhaar,233608000145,True,2026-07-04T06:08:37.946738,2026-07-04T06:08:37.946738
a5c4158f-4932-4c0f-8ca3-294f7d1da097,Divya,Chettiar,Female,17,Single,6292302534,"392, New Colony",Warangal,Telangana,505357,O+,Doctor,Aadhaar,927473040403,True,2026-07-04T06:08:37.946738,2026-07-04T06:08:37.946738
783059fd-cf62-45ec-a878-cf5f57ba3509,Rina,Mohanty,Female,22,Married,6562145358,"902, Ambedkar Marg",Muzaffarpur,Bihar,825142,B+,Tailor,Aadhaar,293414660090,True,2026-07-04T06:08:37.946738,2026-07-04T06:08:37.946738
23ddc9b7-3861-4336-8b3a-12b7ac91f008,Hasi,Dutta,Female,11,Single,9808753985,"568, Hill Colony",Rourkela,Odisha,769751,B+,Student,Aadhaar,389443793854,True,2026-07-04T06:08:37.946738,2026-07-04T06:08:37.946738
f00c5580-af72-40d9-ba5c-0c15ccf5d00f,Krupa,Shah,Female,30,Married,7998651200,"376, Church Street",Jodhpur,Rajasthan,339271,O+,Driver,Aadhaar,479796004529,True,2026-07-04T06:08:37.946738,2026-07-04T06:08:37.946738
694218fa-66cb-4be9-943f-bd5322e0a5d1,Jayanthi,Pillai,Female,8,Single,8222912620,"346, Station Road",Thrissur,Kerala,670646,,Carpenter,Aadhaar,665080469383,True,2026-07-04T06:08:37.946738,2026-07-04T06:08:37.946738
1da5f2d6-8d54-49d0-8d8d-aba0a155773d,Kamala,Warrier,Female,54,Widowed,6967934041,"501, Ambedkar Marg",Bangalore,Karnataka,582639,A+,Plumber,Aadhaar,472233595197,True,2026-07-04T06:08:37.946738,2026-07-04T06:08:37.946738
2e473021-3f11-4288-b8e8-2847e1dfea96,Satpal,Kumar,Male,31,Single,8384708123,"49, Ring Road",Indore,Madhya Pradesh,487587,B+,Fisherman,Aadhaar,205562536201,True,2026-07-04T06:08:37.946738,2026-07-04T06:08:37.946738
682035a6-ef57-41e7-9076-cefffb8db7af,Vani,Pillai,Female,43,Widowed,8564834095,"680, Hill Colony",Bangalore,Karnataka,570268,O+,Homemaker,Aadhaar,940402952009,True,2026-07-04T06:08:37.946738,2026-07-04T06:08:37.946738
63b184c8-7fd0-45ea-b009-aa692cb65d15,Sanjib,Sanyal,Male,43,Widowed,9707862900,"745, Nehru Nagar",Cuttack,Odisha,768114,O+,Labourer,Aadhaar,940461992292,True,2026-07-04T06:08:37.946738,2026-07-04T06:08:37.946738
a0b4b860-fd66-4314-a74a-d804f7864ed6,Juthika,Nandi,Female,26,Single,8837504834,"616, Civil Lines",Kolkata,West Bengal,726599,O+,Farmer,Aadhaar,442855337123,True,2026-07-04T06:08:37.946738,2026-07-04T06:08:37.946738
47909f78-0924-4b80-a672-ec0b4b58db9a,Kavya,Subramaniam,Female,88,Single,6377451497,"809, Sector 12",Hyderabad,Telangana,509023,O+,Fisherman,Aadhaar,160215049549,True,2026-07-04T06:08:37.946738,2026-07-04T06:08:37.946738
8f02ccd6-4c94-451c-a9fb-8cc7dbc2f4f9,Uttam,Reddy,Male,16,Single,9877640817,"863, Shivaji Nagar",Davanagere,Karnataka,567735,O+,Doctor,Aadhaar,739215608605,True,2026-07-04T06:08:37.946738,2026-07-04T06:08:37.946738
7f69ab5e-ebb6-4abc-9b19-d4a22d9d8f79,Foram,Chokshi,Female,14,Single,9965265838,"767, Civil Lines",Ahmedabad,Gujarat,387714,O+,Housewife,Aadhaar,548564131325,True,2026-07-04T06:08:37.946738,2026-07-04T06:08:37.946738
90a2c775-2812-41b2-a735-c61c1c7c6f0f,Doyel,Basu,Female,13,Single,9833084825,"253, Sector 12",Asansol,West Bengal,709497,B+,,Aadhaar,136961692856,True,2026-07-04T06:08:37.946738,2026-07-04T06:08:37.946738
22db1fde-58a3-47a6-b01d-0559d49bbbc6,Ravi,Bedi,Male,58,Married,7575026390,"398, MG Road",Lucknow,Uttar Pradesh,252509,AB+,Shopkeeper,Aadhaar,932462190890,True,2026-07-04T06:08:37.946738,2026-07-04T06:08:37.946738
b7bed8b2-78b1-49d7-a86c-4805d6528a77,Jayaraman,Subramaniam,Male,57,Married,9605830413,"755, College Road",Hubli,Karnataka,590360,A+,Doctor,Aadhaar,386467799691,True,2026-07-04T06:08:37.946738,2026-07-04T06:08:37.946738
03f634d9-6f33-43dc-83d4-5754facfc34a,Velmurugan,Menon,Male,43,Single,9949350526,"657, Shivaji Nagar",Coimbatore,Tamil Nadu,600202,B+,Driver,Aadhaar,272274695354,True,2026-07-04T06:08:37.946738,2026-07-04T06:08:37.946738
57924440-944f-4409-a27a-e863f4676763,Paresh,Vora,Male,79,Divorced,9889385047,"137, Sector 12",Ahmedabad,Gujarat,371370,A+,Shopkeeper,Aadhaar,505507174427,True,2026-07-04T06:08:37.946738,2026-07-04T06:08:37.946738
7c42d656-8e99-477f-9bcb-fb6d2926f8ef,Arun Kumar,Tanti,Male,34,Single,6596524942,"204, Sector 12",Kochi,Kerala,692979,A+,Homemaker,Aadhaar,264326126417,True,2026-07-04T06:08:37.946738,2026-07-04T06:08:37.946738
08367606-a0e8-46a4-b56f-4c327c96bbaa,Simanta,Ao,Male,24,Divorced,6341037805,"731, Model Town",Itanagar,Arunachal Pradesh,790781,O-,Government Employee,Aadhaar,518734263802,True,2026-07-04T06:08:37.946738,2026-07-04T06:08:37.946738
b4753f93-a56e-4927-875b-b3bd61aeddc1,Subramaniam,Panicker,Male,18,Single,7130894901,"298, Sector 12",Visakhapatnam,Andhra Pradesh,522717,B+,Clerk,Aadhaar,605291029245,True,2026-07-04T06:08:37.946738,2026-07-04T06:08:37.946738
461b24ef-f5d0-40f3-b5b7-0d8f038a693c,Chandan,Ahluwalia,Male,10,Single,8178442874,"98, Hill Colony",Delhi,Delhi,110008,O+,Electrician,Aadhaar,770000894144,True,2026-07-04T06:08:37.946738,2026-07-04T06:08:37.946738
ec47a5d7-ce98-4d85-8771-65b1c0058076,Sunil,Pandey,Male,31,Married,7379486036,"174, Lake View",Delhi,Delhi,110064,AB+,Business,Aadhaar,682871109423,True,2026-07-04T06:08:37.946738,2026-07-04T06:08:37.946738
1964af54-2054-4cec-950f-9679e0b2d6ea,Sohini,Rathi,Female,5,Single,8382626443,"628, Sector 12",Mumbai,Maharashtra,433881,O+,Driver,Aadhaar,939628631826,True,2026-07-04T06:08:37.946738,2026-07-04T06:08:37.946738
3ffb4311-a944-422a-8d84-afaa3bc80934,Chetan,Chavan,Male,72,Married,9379413359,"168, Market Yard",Rajkot,Gujarat,388602,O+,,Aadhaar,717225580300,True,2026-07-04T06:08:37.946738,2026-07-04T06:08:37.946738
4d45c1a1-b5f6-4873-860e-b5c09fdc20e6,Deepa,Venkataraman,Female,7,Single,7996524668,"173, Lake View",Kurnool,Andhra Pradesh,523939,B+,Housewife,Aadhaar,108468075020,True,2026-07-04T06:08:37.946738,2026-07-04T06:08:37.946738
465c226c-d2ce-467a-868a-cf365ecede60,Rajagopal,Naidu,Male,12,Single,9501105178,"605, Ambedkar Marg",Kollam,Kerala,680602,O+,Weaver,Aadhaar,789144920939,True,2026-07-04T06:08:37.946738,2026-07-04T06:08:37.946738
46855cb2-56e6-4681-94bd-62a5c8eee36e,Riya,Dave,Female,5,Single,7326953436,"884, Nehru Nagar",Jodhpur,Rajasthan,343182,O+,Fisherman,Aadhaar,765513343753,True,2026-07-04T06:08:37.946738,2026-07-04T06:08:37.946738
ef460dda-dc5c-4af5-b6d1-49d70021ebf1,Bidisha,Yadav,Female,18,Single,7517151813,"799, Temple Road",Noida,Uttar Pradesh,238348,B+,Business,Aadhaar,982576459313,True,2026-07-04T06:08:37.946738,2026-07-04T06:08:37.946738
c9e55bae-89e2-477c-b4aa-31902612c1e8,Neha,Gill,Female,74,Single,9578290147,"907, Temple Road",Meerut,Uttar Pradesh,263448,O+,Engineer,Aadhaar,507210120092,True,2026-07-04T06:08:37.946738,2026-07-04T06:08:37.946738
c91157bc-2a8f-4df5-a49d-161091f06ed4,Velmurugan,Gowda,Male,25,Divorced,6412139994,"480, College Road",Vijayawada,Andhra Pradesh,517595,AB+,Business,Aadhaar,672298609049,True,2026-07-04T06:08:37.946738,2026-07-04T06:08:37.946738
c8b1025c-0792-4c51-9966-2704985f1624,Gitashree,Panicker,Female,6,Single,6598921108,"677, River Side",Hubli,Karnataka,586635,O+,Engineer,Aadhaar,224623925092,True,2026-07-04T06:08:37.946738,2026-07-04T06:08:37.946738
b9a279a1-3b44-4116-bb21-023c1e83bb7a,Kajal,Sundaram,Female,21,Divorced,9769811308,"828, Sector 12",Nagpur,Maharashtra,422370,B-,Student,Aadhaar,920674708136,True,2026-07-04T06:08:37.946738,2026-07-04T06:08:37.946738
b4e11375-78e5-4836-a299-cc47dc159d01,Ila,Sarkar,Female,13,Single,9594096279,"709, Temple Road",Bhubaneswar,Odisha,766949,O+,Homemaker,Aadhaar,841699162283,True,2026-07-04T06:08:37.946738,2026-07-04T06:08:37.946738
98f484ad-1760-4770-a51d-7ce1f6a3a602,Doyel,Mitra,Female,7,Single,6324658446,"493, Shivaji Nagar",Ranchi,Jharkhand,834291,O+,Accountant,Aadhaar,947400989718,True,2026-07-04T06:08:37.946738,2026-07-04T06:08:37.946738
b410f904-a521-43ac-98b6-f2689de4f80b,Shilpa,Bafna,Female,26,Divorced,9121075163,"881, Market Yard",Pune,Maharashtra,438354,O+,,Aadhaar,211702969473,True,2026-07-04T06:08:37.946738,2026-07-04T06:08:37.946738
25766fed-b9ab-479c-876a-165850f4cfad,Vimla,Dhillon,Female,64,Divorced,9651211504,"606, New Colony",Jammu,Jammu and Kashmir,191120,AB+,Labourer,Aadhaar,119448938243,True,2026-07-04T06:08:37.946738,2026-07-04T06:08:37.946738
602cf950-8fcf-404d-b180-d3a57df12ad0,Purabi,Kelkar,Female,39,Widowed,9848950428,"447, MG Road",Jaipur,Rajasthan,311574,O+,Clerk,Aadhaar,342698448381,True,2026-07-04T06:08:37.946738,2026-07-04T06:08:37.946738
b38cee26-834e-4560-9c6c-2a2b49feb661,Archana,Sethi,Female,62,Divorced,8954669136,"484, Station Road",Bathinda,Punjab,146790,O+,Carpenter,Aadhaar,319787611732,True,2026-07-04T06:08:37.946738,2026-07-04T06:08:37.946738
71f916f7-9f70-4419-83e1-4fa9ab3173d9,Niranjan,Shukla,Male,11,Single,6119467577,"368, Sector 12",Bikaner,Rajasthan,324400,A+,,Aadhaar,469640629072,True,2026-07-04T06:08:37.946738,2026-07-04T06:08:37.946738
cd42e188-cadc-47d8-8beb-429d74db0628,Bhavna,Nair,Female,23,Widowed,7841027438,"895, Lake View",Mumbai,Maharashtra,439603,B+,Tailor,Aadhaar,223505067414,True,2026-07-04T06:08:37.946738,2026-07-04T06:08:37.946738
73bb1f1b-a065-401c-ab66-f882d51e037f,Partha,Sarkar,Male,36,Married,7488306318,"161, Ring Road",Gaya,Bihar,846411,B+,Fisherman,Aadhaar,809332298950,True,2026-07-04T06:08:37.946738,2026-07-04T06:08:37.946738
8c2e06c6-6523-4e54-8964-942a5af5b9e9,Suganya,Iyer,Female,8,Single,7996374030,"829, Green Park",Chennai,Tamil Nadu,622369,O+,Government Employee,Aadhaar,558508568873,True,2026-07-04T06:08:37.946738,2026-07-04T06:08:37.946738
5cf160fe-4bc0-4ee1-9330-3469fc4e7548,Geeta,Ahluwalia,Female,23,Divorced,9592582348,"975, Lake View",Bhopal,Madhya Pradesh,473710,O-,,Aadhaar,670398486987,True,2026-07-04T06:08:37.946738,2026-07-04T06:08:37.946738
b23de07e-2689-4a03-96d7-77c1b753653e,Sunil,Trivedi,Male,17,Single,7716926164,"60, Lake View",Ghaziabad,Uttar Pradesh,239762,B+,Weaver,Aadhaar,891581039902,True,2026-07-04T06:08:37.946738,2026-07-04T06:08:37.946738
cf5dd730-fdcf-4c3f-a2ff-01aca3ce2598,Junmoni,Sodhi,Female,9,Single,7684572202,"640, New Colony",Amritsar,Punjab,154489,A+,Priest,Aadhaar,191489380787,True,2026-07-04T06:08:37.946738,2026-07-04T06:08:37.946738
e5c816c9-8ed5-4d56-948b-efc2a08ba6bd,Bharat,Pawar,Male,27,Widowed,8912872297,"651, Station Road",Surat,Gujarat,361535,O+,Software Engineer,Aadhaar,953977920894,True,2026-07-04T06:08:37.946738,2026-07-04T06:08:37.946738
7a95c5f9-8848-40ec-9e75-efd83faa0ddf,Vandana,Gill,Female,78,Widowed,6151252777,"775, Ambedkar Marg",Varanasi,Uttar Pradesh,259817,O+,Tailor,Aadhaar,985777293258,True,2026-07-04T06:08:37.946738,2026-07-04T06:08:37.946738
fd3563e4-ee7c-4c18-b14a-d308e00c326f,Kumaresan,Acharya,Male,24,Married,8654535921,"597, Model Town",Coimbatore,Tamil Nadu,623677,B+,Nurse,Aadhaar,199136208208,True,2026-07-04T06:08:37.946738,2026-07-04T06:08:37.946738
46fcf689-a7d3-4565-b32f-08983ebd4552,Selvam,Namboothiri,Male,8,Single,9383138961,"599, Green Park",Visakhapatnam,Andhra Pradesh,528875,AB-,Electrician,Aadhaar,255318227042,True,2026-07-04T06:08:37.946738,2026-07-04T06:08:37.946738
3b336b7c-7e4a-4af6-88f6-3422a498871c,Kiran,Nair,Male,33,Single,8227524085,"617, College Road",Hyderabad,Telangana,501808,O+,Teacher,Aadhaar,508527592087,True,2026-07-04T06:08:37.946738,2026-07-04T06:08:37.946738
acdd6403-10ab-4881-a183-e975699a66b6,Anjali,Aggarwal,Female,22,Divorced,6427667311,"911, Ring Road",Chandigarh,Chandigarh,160028,O+,Farmer,Aadhaar,174511879843,True,2026-07-04T06:08:37.946738,2026-07-04T06:08:37.946738
e41b81f3-1e74-4e36-a545-b21f19fd5437,Rajagopal,Naicker,Male,44,Single,7641986065,"652, Market Yard",Kollam,Kerala,694959,B+,Fisherman,Aadhaar,786334964806,True,2026-07-04T06:08:37.946738,2026-07-04T06:08:37.946738
313b982a-cf88-4183-9454-ebb1551811a5,Vaidehi,Reddy,Female,70,Single,6714174731,"646, Ring Road",Kochi,Kerala,688385,B+,Engineer,Aadhaar,695362800524,True,2026-07-04T06:08:37.946738,2026-07-04T06:08:37.946738
3154e0d2-c5f7-41b4-bdca-a34a7c05fe9e,Dipankar,Lotha,Male,42,Single,6395238760,"806, Model Town",Itanagar,Arunachal Pradesh,791005,A+,Software Engineer,Aadhaar,687581251673,True,2026-07-04T06:08:37.946738,2026-07-04T06:08:37.946738
ff7151d7-4418-4846-a168-aa9add8dd8a4,Rajeshwari,Ganapathy,Female,5,Single,8510181168,"264, Gandhi Chowk",Thiruvananthapuram,Kerala,673757,A-,Shopkeeper,Aadhaar,942911188322,True,2026-07-04T06:08:37.946738,2026-07-04T06:08:37.946738
a43e1cf0-5147-45ae-8d8a-a21edbf17fa6,Jignesh,Mehta,Male,80,Widowed,9206025798,"328, Shivaji Nagar",Pune,Maharashtra,427055,AB+,,Aadhaar,925662893607,True,2026-07-04T06:08:37.946738,2026-07-04T06:08:37.946738
a2bdb553-c081-4dbb-a23d-2963e67cc97c,Ramesh Babu,Achari,Male,51,Divorced,6619875201,"30, College Road",Nizamabad,Telangana,503830,,Accountant,Aadhaar,210273703778,True,2026-07-04T06:08:37.946738,2026-07-04T06:08:37.946738
9764c580-6a53-4695-8cfe-0312dbe7f5b7,Arun,Saxena,Male,37,Single,7500833429,"554, Station Road",Jhansi,Uttar Pradesh,233134,B+,Accountant,Aadhaar,993357497084,True,2026-07-04T06:08:37.946738,2026-07-04T06:08:37.946738
07111324-a98c-4a90-9c0a-309f74de8599,Amandeep Kaur,Bisht,Female,37,Divorced,8778827038,"218, River Side",Dehradun,Uttarakhand,260723,O+,Accountant,Aadhaar,195780512407,True,2026-07-04T06:08:37.946738,2026-07-04T06:08:37.946738
7f9711e3-9fe6-42a4-8e8c-e4e753bf0d6a,Nandini,Khanna,Female,63,Widowed,8908199028,"725, Market Yard",Kanpur,Uttar Pradesh,236785,O+,Driver,Aadhaar,761248838489,True,2026-07-04T06:08:37.946738,2026-07-04T06:08:37.946738
10278252-9c91-4e50-b674-821cfec3d09c,Priya,Gandhi,Female,45,Divorced,9677814249,"84, Gandhi Chowk",Delhi,Delhi,110069,O+,Carpenter,Aadhaar,487077122573,True,2026-07-04T06:08:37.946738,2026-07-04T06:08:37.946738
51753ee0-6257-44ae-a592-e2134c680213,Sharmila,Mondal,Female,27,Single,9110053768,"227, MG Road",Kolkata,West Bengal,718425,A+,Housewife,Aadhaar,789829483743,True,2026-07-04T06:08:37.946738,2026-07-04T06:08:37.946738
fd534b73-5a5e-4241-a366-d4ff61f517fa,Pallavi,Pradhan,Female,22,Single,6310546588,"841, Temple Road",Jamshedpur,Jharkhand,816636,A+,Electrician,Aadhaar,822386742634,True,2026-07-04T06:08:37.946738,2026-07-04T06:08:37.946738
825cc80f-93d4-46fe-8f68-263cbb49b274,Tejinder,Barman,Male,6,Single,7827974104,"24, Hill Colony",Faridabad,Haryana,131068,O+,,Aadhaar,806209079249,True,2026-07-04T06:08:37.946738,2026-07-04T06:08:37.946738
b73f52aa-632b-4299-adc3-9b9ddc8b954e,Dulal,Mondal,Male,21,Married,7150427906,"285, College Road",Howrah,West Bengal,734893,,Housewife,Aadhaar,730845219319,True,2026-07-04T06:08:37.946738,2026-07-04T06:08:37.946738
03b6485a-ab48-42b0-8ebf-43ea2af5eac3,Vishal,Kapoor,Male,21,Married,6129928143,"492, College Road",Chandigarh,Chandigarh,160104,O+,Driver,Aadhaar,217025633492,True,2026-07-04T06:08:37.946738,2026-07-04T06:08:37.946738
458ee1d9-ef0a-476b-b0cc-91bf8ab4106f,Aparna,Joshi,Female,15,Single,9920444599,"98, Market Yard",Kolhapur,Maharashtra,437942,O+,Teacher,Aadhaar,171697451011,True,2026-07-04T06:08:37.946738,2026-07-04T06:08:37.946738
3c9c83d7-5c2a-48a0-9288-01be74d5679d,Satpal,Tiwari,Male,55,Married,6416664467,"871, Temple Road",Gurugram,Haryana,127582,O+,Labourer,Aadhaar,824936684282,True,2026-07-04T06:08:37.946738,2026-07-04T06:08:37.946738
962c2357-a961-48e3-8f65-f57add6c6a80,Manoranjan,Iyengar,Male,31,Divorced,8731159790,"198, Ambedkar Marg",Tirupati,Andhra Pradesh,518365,O+,Software Engineer,Aadhaar,239900880836,True,2026-07-04T06:08:37.946738,2026-07-04T06:08:37.946738
5cde8dbf-da33-4f55-b28a-b4aae077cab5,Vidya,Nair,Female,34,Married,7434649743,"599, College Road",Coimbatore,Tamil Nadu,633629,O-,Shopkeeper,Aadhaar,952727719111,True,2026-07-04T06:08:37.946738,2026-07-04T06:08:37.946738
3821f0ce-ca21-4a36-bb69-2b8d3c418944,Sachin,Deshmukh,Male,20,Single,6354892732,"520, Hill Colony",Pune,Maharashtra,403579,B+,Housewife,Aadhaar,964152836923,True,2026-07-04T06:08:37.946738,2026-07-04T06:08:37.946738
c9ff8f2f-3874-4321-a88b-8f0dda3e3016,Rajagopal,Sangma,Male,52,Widowed,9452852019,"167, Ambedkar Marg",Chennai,Tamil Nadu,629774,AB+,Electrician,Aadhaar,800095548054,True,2026-07-04T06:08:37.946738,2026-07-04T06:08:37.946738
827b2efb-51e7-4bcd-b689-66a27e53983b,Naresh,Sethi,Male,28,Single,9297831034,"846, MG Road",Lucknow,Uttar Pradesh,248556,O+,Accountant,Aadhaar,582284352483,True,2026-07-04T06:08:37.946738,2026-07-04T06:08:37.946738
8bcd6ada-9a29-4b51-b837-4b4eaf8ce8a5,Rajesh,Malhotra,Male,70,Single,7381319126,"737, Station Road",Bhopal,Madhya Pradesh,472271,A+,,Aadhaar,391382956983,True,2026-07-04T06:08:37.946738,2026-07-04T06:08:37.946738
48925410-3f25-4258-a330-6e4e05996780,Ramesh,Yadav,Male,51,Widowed,9357859027,"379, Church Street",Delhi,Delhi,110085,O+,Homemaker,Aadhaar,885456694902,True,2026-07-04T06:08:37.946738,2026-07-04T06:08:37.946738
15acc71f-0f7f-4881-91ac-bc0db2fada10,Vishal,Modi,Male,67,Widowed,9783053289,"251, Nehru Nagar",Mumbai,Maharashtra,440373,B+,Shopkeeper,Aadhaar,371990317127,True,2026-07-04T06:08:37.946738,2026-07-04T06:08:37.946738
16295140-65e2-45ec-8177-604af59f6385,Sanjib,Chauhan,Male,17,Single,9949326796,"680, New Colony",Bhopal,Madhya Pradesh,454252,O+,Priest,Aadhaar,647068307217,True,2026-07-04T06:08:37.946738,2026-07-04T06:08:37.946738
60a05b71-afe6-4fad-8cb6-195e8cb355f4,Jyotsna,Chokshi,Female,53,Divorced,6322478872,"225, Model Town",Nagpur,Maharashtra,429628,A+,Shopkeeper,Aadhaar,728684784222,True,2026-07-04T06:08:37.946738,2026-07-04T06:08:37.946738
a1ba8e32-d5aa-4051-9c64-dd16f6135801,Lakhi,Khiamniungan,Male,33,Widowed,7727024665,"43, Market Yard",Guwahati,Assam,785197,B+,Tailor,Aadhaar,982046747451,True,2026-07-04T06:08:37.946738,2026-07-04T06:08:37.946738
807547a6-6834-43c0-8434-249f7b3a7a4d,Bhavani,Ramanathan,Female,27,Married,8638765977,"526, Hill Colony",Chennai,Tamil Nadu,642183,O+,Labourer,Aadhaar,495443431480,True,2026-07-04T06:08:37.946738,2026-07-04T06:08:37.946738
7a0e54f3-317e-4a40-a95a-01e5ec6b4433,Shrikant,Vaidya,Male,20,Single,7907865473,"734, Hill Colony",Vadodara,Gujarat,377114,O+,Clerk,Aadhaar,931419570647,True,2026-07-04T06:08:37.946738,2026-07-04T06:08:37.946738
5aa9e687-dd8d-470c-8850-ed875baf1cdd,Bhushan,Kamath,Male,27,Divorced,7653863250,"602, Hill Colony",Hyderabad,Telangana,507680,A+,Engineer,Aadhaar,568958230059,True,2026-07-04T06:08:37.946738,2026-07-04T06:08:37.946738
983e3381-47f2-4eb8-b350-0161c37deb37,Rupali,Kulkarni,Female,33,Widowed,6636656386,"830, Church Street",Nashik,Maharashtra,422271,O+,Potter,Aadhaar,859258492057,True,2026-07-04T06:08:37.946738,2026-07-04T06:08:37.946738
f1407ed5-733b-4633-bc34-75cb40a9f32a,Dipti,Reddiar,Female,5,Single,9509437695,"210, Temple Road",Chennai,Tamil Nadu,604176,B+,Doctor,Aadhaar,598052731909,True,2026-07-04T06:08:37.946738,2026-07-04T06:08:37.946738
8d344cc1-6d4a-493d-ab21-28ea5880bedc,Poonam,Dubey,Female,13,Single,7174615426,"934, Temple Road",Noida,Uttar Pradesh,238201,O+,Plumber,Aadhaar,503973685368,True,2026-07-04T06:08:37.946738,2026-07-04T06:08:37.946738
6c8550f3-a6fc-418f-9e4e-3cf4ea25d79c,Sandip,Gandhi,Male,61,Divorced,6517677937,"979, Model Town",Nagpur,Maharashtra,408516,AB+,Weaver,Aadhaar,762106923853,True,2026-07-04T06:08:37.946738,2026-07-04T06:08:37.946738
24cba260-3c7a-4819-a021-e6456c4e3644,Snehal,Ghosh,Female,32,Divorced,7664634125,"337, River Side",Jodhpur,Rajasthan,333176,B+,Fisherman,Aadhaar,602162834032,True,2026-07-04T06:08:37.946738,2026-07-04T06:08:37.946738
35e2f9db-d63b-44c7-9ead-8d54717829ec,Ritu,Dubey,Female,49,Divorced,9513030888,"933, Station Road",Kanpur,Uttar Pradesh,275530,O+,Teacher,Aadhaar,275537630916,True,2026-07-04T06:08:37.946738,2026-07-04T06:08:37.946738
8dc8dbe1-6b55-4f2c-a04f-3431c8f024b3,Nandini,Nayak,Female,36,Married,8182177360,"774, Ambedkar Marg",Cuttack,Odisha,767529,A+,Tailor,Aadhaar,654941437565,True,2026-07-04T06:08:37.946738,2026-07-04T06:08:37.946738
703ce10b-f8e8-4943-9b5e-96c2fd16a3cb,Prabhakaran,Chatterjee,Male,12,Single,6369085856,"118, Shivaji Nagar",Hyderabad,Telangana,505360,A+,Tailor,Aadhaar,823909988379,True,2026-07-04T06:08:37.946738,2026-07-04T06:08:37.946738
fb6f398b-c85b-4c66-9917-21b6b0d1d455,Sanjay,Gupta,Male,32,Married,7415835422,"128, Hill Colony",Agra,Uttar Pradesh,252230,O+,Farmer,Aadhaar,581695599512,True,2026-07-04T06:08:37.946738,2026-07-04T06:08:37.946738
a764b7e1-1f4d-43b7-9ba1-0e73ee601efa,Swati,Nanda,Female,53,Married,9841254136,"316, Market Yard",Nagpur,Maharashtra,403436,B+,Retired,Aadhaar,374572193554,True,2026-07-04T06:08:37.946738,2026-07-04T06:08:37.946738
e3e016b5-fab0-43bc-b4d4-6ef298c60172,Priya,Bhatt,Female,15,Single,6336832921,"982, Ambedkar Marg",Amritsar,Punjab,145502,A+,Plumber,Aadhaar,453592380176,True,2026-07-04T06:08:37.946738,2026-07-04T06:08:37.946738
11b44668-da88-4984-8e9b-406c24329777,Mahesh,Anand,Male,71,Widowed,7116100303,"412, Old Bazaar",Indore,Madhya Pradesh,450786,B+,Engineer,Aadhaar,814160537523,True,2026-07-04T06:08:37.946738,2026-07-04T06:08:37.946738
6b824d3f-8a2f-479f-92eb-5067449cc00f,Poonam,Tiwari,Female,71,Single,8201731201,"615, Old Bazaar",Delhi,Delhi,110081,A+,Potter,Aadhaar,290404690111,True,2026-07-04T06:08:37.946738,2026-07-04T06:08:37.946738
6ce1dbb6-a11b-4c53-bc4c-9294fbd2bed1,Poonam,Bagchi,Female,46,Single,6349758689,"22, New Colony",Srinagar,Jammu and Kashmir,192435,AB+,Fisherman,Aadhaar,779650853707,True,2026-07-04T06:08:37.946738,2026-07-04T06:08:37.946738
1a5c9f65-60b3-45a0-a3e2-a7465b1666ea,Ravi,Verma,Male,29,Single,9893769688,"899, Old Bazaar",Gurugram,Haryana,123200,O+,,Aadhaar,810451557413,True,2026-07-04T06:08:37.946738,2026-07-04T06:08:37.946738
a682dfef-bfef-478c-a975-0baa2c754e16,Anita,Rawat,Female,20,Single,7752902881,"894, Temple Road",Aligarh,Uttar Pradesh,269351,O+,Farmer,Aadhaar,175126031605,True,2026-07-04T06:08:37.946738,2026-07-04T06:08:37.946738
add17ca8-2659-453c-9049-05b33372602e,Rohit,Yadav,Male,81,Single,6557671519,"743, Market Yard",Gurugram,Haryana,126104,O+,Nurse,Aadhaar,431781797344,True,2026-07-04T06:08:37.946738,2026-07-04T06:08:37.946738
3b5a9791-8091-43de-83ff-c63c5001c30f,Hansaben,Modi,Female,81,Divorced,9280137414,"483, Market Yard",Jaipur,Rajasthan,328702,B+,Potter,Aadhaar,975974718453,True,2026-07-04T06:08:37.946738,2026-07-04T06:08:37.946738
6e9ff8f8-dce1-4897-b926-109c3acabd00,Divya,Agarwal,Female,26,Single,8508505332,"475, Ring Road",Delhi,Delhi,110059,O+,Electrician,Aadhaar,886565949702,True,2026-07-04T06:08:37.946738,2026-07-04T06:08:37.946738
95cb34f2-1b52-4aa3-8b27-3a6e0bd1083c,Sushma,Modi,Female,65,Divorced,9546483500,"963, Temple Road",Thane,Maharashtra,424455,B+,Software Engineer,Aadhaar,142455749943,True,2026-07-04T06:08:37.946738,2026-07-04T06:08:37.946738
bae23055-8025-4bc6-b833-10228c28073c,Sivakumar,Ramanathan,Male,38,Divorced,8847813304,"60, Temple Road",Kochi,Kerala,683895,A+,Teacher,Aadhaar,793041997196,True,2026-07-04T06:08:37.946738,2026-07-04T06:08:37.946738
5237dd0c-986e-4062-bc40-b18dece3c6d1,Ajay,Bansal,Male,39,Single,6225338571,"790, Gandhi Chowk",Kanpur,Uttar Pradesh,251378,B+,Engineer,Aadhaar,282205160776,True,2026-07-04T06:08:37.946738,2026-07-04T06:08:37.946738
d591834c-ab1e-41c7-9cf9-da433a9872a3,Rita,Gandhi,Female,23,Married,6783093341,"587, Church Street",Jalgaon,Maharashtra,409353,O+,Fisherman,Aadhaar,105618248210,True,2026-07-04T06:08:37.946738,2026-07-04T06:08:37.946738
d181a5b0-bf1c-4d07-8f57-306160e525f4,Bijoy,Nandi,Male,6,Single,9283217137,"181, Church Street",Dhanbad,Jharkhand,819108,A+,Student,Aadhaar,594394708712,True,2026-07-04T06:08:37.946738,2026-07-04T06:08:37.946738
d96089f1-23e0-4729-8d10-1086706ba3c4,Vishal,Gandhi,Male,7,Single,9773061511,"935, New Colony",Thane,Maharashtra,407157,A+,Shopkeeper,Aadhaar,401183214023,True,2026-07-04T06:08:37.946738,2026-07-04T06:08:37.946738
79edac69-9488-45ab-8403-745b129c527c,Murugan,Subramaniam,Male,42,Married,6203983146,"217, Lake View",Chennai,Tamil Nadu,600476,B+,Potter,Aadhaar,621778079748,True,2026-07-04T06:08:37.946738,2026-07-04T06:08:37.946738
4c9f436d-2e24-4809-95ea-984581751568,Nita,Shroff,Female,20,Single,6482283477,"895, Old Bazaar",Udaipur,Rajasthan,307566,O+,Retired,Aadhaar,126366215954,True,2026-07-04T06:08:37.946738,2026-07-04T06:08:37.946738
3b3b06b0-d254-48fc-be83-ee37c83ff7ec,Bikash,Mitra,Male,18,Single,6785125940,"981, Old Bazaar",Kharagpur,West Bengal,701090,B+,Fisherman,Aadhaar,355311350898,True,2026-07-04T06:08:37.946738,2026-07-04T06:08:37.946738
16f9d6c2-be40-4ff0-8572-88e83688e107,Anitha,Sethi,Female,36,Widowed,7864441874,"147, Lake View",Thiruvananthapuram,Kerala,688740,A+,Teacher,Aadhaar,197911599644,True,2026-07-04T06:08:37.946738,2026-07-04T06:08:37.946738
6d26ef92-f8ed-46ca-984c-502abd463986,Malabika,Mohanty,Female,89,Single,7327247605,"175, Gandhi Chowk",Kolkata,West Bengal,706913,B+,Student,Aadhaar,943460666223,True,2026-07-04T06:08:37.946738,2026-07-04T06:08:37.946738
f239c88f-f519-4b06-adef-8d3ac9153817,Sonal,Das,Female,22,Widowed,7718445315,"785, New Colony",Aurangabad,Maharashtra,404239,B+,Weaver,Aadhaar,519725799638,True,2026-07-04T06:08:37.946738,2026-07-04T06:08:37.946738
9703a2ff-eb6e-4050-976d-302d9bbbbd06,Doyel,Rout,Female,16,Single,7899527218,"965, Ambedkar Marg",Jamshedpur,Jharkhand,831771,B+,Retired,Aadhaar,439309625456,True,2026-07-04T06:08:37.946738,2026-07-04T06:08:37.946738
36dc6c31-db8d-4707-b3ce-395e8e239455,Selvam,Kulkarni,Male,21,Single,6524463440,"10, Hill Colony",Jodhpur,Rajasthan,331187,O+,Shopkeeper,Aadhaar,849471074446,True,2026-07-04T06:08:37.946738,2026-07-04T06:08:37.946738
8471d7c0-c96e-4d98-b9d9-331efc9bc3bd,Payal,Patil,Female,15,Single,8858622505,"588, Green Park",Pune,Maharashtra,441359,A+,Weaver,Aadhaar,468552046381,True,2026-07-04T06:08:37.946738,2026-07-04T06:08:37.946738
2993499e-405d-4513-b458-cdbf8a592083,Tapan,Lodha,Male,18,Single,9421158083,"835, Station Road",Kolkata,West Bengal,701414,B+,Carpenter,Aadhaar,930424655995,True,2026-07-04T06:08:37.946738,2026-07-04T06:08:37.946738
6543b458-9ac0-4d0a-b5aa-31273655d34a,Sujatha,Achari,Female,39,Divorced,6240553542,"332, River Side",Kochi,Kerala,671774,A+,Tailor,Aadhaar,252802727559,True,2026-07-04T06:08:37.946738,2026-07-04T06:08:37.946738
b4c6f752-d5d5-44e0-b3eb-1307e81abadb,Puja,Sharma,Female,17,Single,8879490941,"877, River Side",Lucknow,Uttar Pradesh,214363,A+,Business,Aadhaar,572372101972,True,2026-07-04T06:08:37.946738,2026-07-04T06:08:37.946738
72b6f415-88ad-4acf-9b5b-d08d413ddce0,Suresh,Gill,Male,12,Single,8737150229,"445, Shivaji Nagar",Panipat,Haryana,131273,A+,Doctor,Aadhaar,432811114040,True,2026-07-04T06:08:37.946738,2026-07-04T06:08:37.946738
8f6e1da8-50c3-4d40-90fa-cf5898bef296,Brij Mohan,Saxena,Male,26,Divorced,8112458001,"123, Ambedkar Marg",Gwalior,Madhya Pradesh,455416,O+,Plumber,Aadhaar,729585728868,True,2026-07-04T06:08:37.946738,2026-07-04T06:08:37.946738
4afd44cf-d4ff-4ae5-9a65-564c22a6cbb7,Anitha,Adhikari,Female,54,Single,6449211955,"66, Hill Colony",Bangalore,Karnataka,566059,B+,Retired,Aadhaar,961297351761,True,2026-07-04T06:08:37.946738,2026-07-04T06:08:37.946738
5f0ca20f-b861-4d26-9253-9eb8b6cb0bc9,Pooja,Yadav,Female,63,Married,7743281527,"712, Station Road",Gurugram,Haryana,121088,B+,,Aadhaar,325808253619,True,2026-07-04T06:08:37.946738,2026-07-04T06:08:37.946738
b4e30f17-ab6b-4ddd-a6f5-e215c3f5b1f3,Ramesh,Bedi,Male,15,Single,7554247901,"968, MG Road",Ghaziabad,Uttar Pradesh,233551,O+,Plumber,Aadhaar,822814635507,True,2026-07-04T06:08:37.946738,2026-07-04T06:08:37.946738
d605639f-18ad-4fb0-aa10-06e0c8068cbd,Heena,Amin,Female,30,Single,6811479581,"840, Nehru Nagar",Mumbai,Maharashtra,415539,O+,Housewife,Aadhaar,708176579193,True,2026-07-04T06:08:37.946738,2026-07-04T06:08:37.946738
f6126b85-bff7-4b38-b8c4-3a61a4a9ef1d,Vijay,Shroff,Male,24,Single,9589699023,"86, Sector 12",Jodhpur,Rajasthan,328876,O-,Housewife,Aadhaar,395204590865,True,2026-07-04T06:08:37.946738,2026-07-04T06:08:37.946738
6e77443b-1e69-4524-978a-8181833fe379,Arun,Khanna,Male,43,Divorced,9127820499,"988, New Colony",Agra,Uttar Pradesh,233441,O+,Doctor,Aadhaar,170466588968,True,2026-07-04T06:08:37.946738,2026-07-04T06:08:37.946738
351cb693-0c05-4e31-af09-fdab34347843,Anjali,Rane,Female,30,Married,6504968149,"993, Civil Lines",Bhopal,Madhya Pradesh,474815,O-,Doctor,Aadhaar,745561714718,True,2026-07-04T06:08:37.946738,2026-07-04T06:08:37.946738
e9c5a9a7-f6fb-424c-a1cf-68c0260f6db8,Trishna,Singh,Female,24,Single,8907317394,"399, Station Road",Noida,Uttar Pradesh,246243,A+,Accountant,Aadhaar,625715384106,True,2026-07-04T06:08:37.946738,2026-07-04T06:08:37.946738
2537eb80-376d-4f7c-af2d-fa288aa74b2b,Krishnamurthy,Subramaniam,Male,47,Married,8859674935,"797, Civil Lines",Bangalore,Karnataka,582224,B+,Student,Aadhaar,977693752887,True,2026-07-04T06:08:37.946738,2026-07-04T06:08:37.946738
7cd71df6-9be8-4020-9c7a-cd8e26d535f0,Yamini,Pawar,Female,21,Widowed,9927402258,"321, Gandhi Chowk",Ahmedabad,Gujarat,365209,O+,Engineer,Aadhaar,190440893839,True,2026-07-04T06:08:37.946738,2026-07-04T06:08:37.946738
293fa63c-df76-4eb4-a43b-86ccd74cd334,Sagarika,Oswal,Female,25,Divorced,6535371662,"15, New Colony",Rajkot,Gujarat,372464,AB+,Weaver,Aadhaar,922633661164,True,2026-07-04T06:08:37.946738,2026-07-04T06:08:37.946738
c7d37f13-9808-4508-bbd4-7b2fbcd08fe4,Aarti,Jadhav,Female,53,Single,7180662039,"376, Shivaji Nagar",Vasai-Virar,Maharashtra,433665,B+,Electrician,Aadhaar,469853521665,True,2026-07-04T06:08:37.946738,2026-07-04T06:08:37.946738
07ae7f8e-def2-41f4-9da0-fa6547d24be4,Bikash,Pal,Male,56,Married,9333499326,"946, Ring Road",Kolkata,West Bengal,742138,B+,Tailor,Aadhaar,636219587865,True,2026-07-04T06:08:37.946738,2026-07-04T06:08:37.946738
9fdf6744-d20c-4d37-bb15-852ddf71acf7,Murugan,Bhat,Male,40,Divorced,8109517365,"104, College Road",Coimbatore,Tamil Nadu,632247,O+,Business,Aadhaar,636497718478,True,2026-07-04T06:08:37.946738,2026-07-04T06:08:37.946738
a0ca9cd0-99f5-4b1c-98b7-5c50d8b6675d,Nirav,Rathi,Male,38,Single,8216710352,"450, Market Yard",Pune,Maharashtra,410606,O+,Farmer,Aadhaar,881127910027,True,2026-07-04T06:08:37.946738,2026-07-04T06:08:37.946738
ad2d235d-9115-48fe-a727-aa22b5f6f0a4,Bhavesh,Gaikwad,Male,17,Single,9814299118,"273, Ambedkar Marg",Mumbai,Maharashtra,427597,B+,Carpenter,Aadhaar,926029102858,True,2026-07-04T06:08:37.946738,2026-07-04T06:08:37.946738
787ce0ea-3315-45e4-9a24-4a7acd9b9d23,Kranti,Kulkarni,Female,71,Single,8636871915,"14, Civil Lines",Ahmedabad,Gujarat,363411,A+,Homemaker,Aadhaar,625851436867,True,2026-07-04T06:08:37.946738,2026-07-04T06:08:37.946738
aaa23f0c-a5c6-4c91-a3e0-104e358b991f,Vasantha,Bhat,Female,11,Single,7401870524,"786, Ambedkar Marg",Bangalore,Karnataka,588318,O+,Carpenter,Aadhaar,620543217850,True,2026-07-04T06:08:37.946738,2026-07-04T06:08:37.946738
8f9a5d24-8b71-49e6-b43f-08d4c953b1b7,Yashpal,Agarwal,Male,27,Single,6242051544,"411, Nehru Nagar",Kanpur,Uttar Pradesh,236896,AB-,,Aadhaar,199641710082,True,2026-07-04T06:08:37.946738,2026-07-04T06:08:37.946738
4fd1bd7d-abbe-47ea-8e98-e2b16e0827c9,Nagarajan,Mudaliar,Male,38,Divorced,6426728893,"113, Sector 12",Vellore,Tamil Nadu,623828,O+,Nurse,Aadhaar,155384059567,True,2026-07-04T06:08:37.946738,2026-07-04T06:08:37.946738
4f2a2ae5-bb3f-4151-b3fa-19372ec2ea4f,Jaspreet,Bansal,Male,10,Single,6562683433,"190, Sector 12",Delhi,Delhi,110063,B+,Doctor,Aadhaar,708523686092,True,2026-07-04T06:08:37.946738,2026-07-04T06:08:37.946738
bd66d6a8-4b2d-4140-9aed-b23373f84875,Dinesh Kumar,Varma,Male,50,Single,8325521538,"599, Temple Road",Chennai,Tamil Nadu,605717,AB+,Fisherman,Aadhaar,744421355274,True,2026-07-04T06:08:37.946738,2026-07-04T06:08:37.946738
ad327069-a8ec-41de-8449-23152fd6ed16,Bharat,Thakur,Male,26,Divorced,7672903058,"739, Shivaji Nagar",Thane,Maharashtra,402872,O+,Weaver,Aadhaar,936990665319,True,2026-07-04T06:08:37.946738,2026-07-04T06:08:37.946738
da6a0807-105f-456b-8a29-945471858439,Amandeep Kaur,Gill,Female,26,Married,7743336344,"281, Shivaji Nagar",Ludhiana,Punjab,149492,O+,Weaver,Aadhaar,537290091677,True,2026-07-04T06:08:37.946738,2026-07-04T06:08:37.946738
c8fbb67e-779b-4f2a-aed2-990c175fddbe,Rajwinder Kaur,Sethi,Female,66,Divorced,8322183597,"189, MG Road",Lucknow,Uttar Pradesh,221972,B+,Farmer,Aadhaar,666036518242,True,2026-07-04T06:08:37.946738,2026-07-04T06:08:37.946738
c474bab4-ef77-4efd-9067-1588196f28a9,Yamini,Rane,Female,49,Married,7340442416,"47, Hill Colony",Ahmedabad,Gujarat,375612,O+,Government Employee,Aadhaar,159230267560,True,2026-07-04T06:08:37.946738,2026-07-04T06:08:37.946738
a573e056-0558-4fba-9d2d-d1268b9c8610,Santosh,Bedi,Male,16,Single,8189384877,"970, Hill Colony",Chandigarh,Chandigarh,160034,A+,Homemaker,Aadhaar,164361207146,True,2026-07-04T06:08:37.946738,2026-07-04T06:08:37.946738
801d548b-17d1-4daf-a00b-773070e81450,Debashish,Rout,Male,19,Single,6875888196,"764, Temple Road",Kolkata,West Bengal,742850,O+,Homemaker,Aadhaar,588839635731,True,2026-07-04T06:08:37.946738,2026-07-04T06:08:37.946738
af5f9814-5283-4ca5-ad3d-45c8d21dadd6,Manikandan,Kurup,Male,21,Widowed,7614329730,"96, Green Park",Chennai,Tamil Nadu,611896,B+,Student,Aadhaar,300701588341,True,2026-07-04T06:08:37.946738,2026-07-04T06:08:37.946738
03390366-4341-4c6b-9342-f2c14cab8550,Poonam,Agarwal,Female,7,Single,6557838178,"252, Market Yard",Delhi,Delhi,110083,B-,Plumber,Aadhaar,987986396258,True,2026-07-04T06:08:37.946738,2026-07-04T06:08:37.946738
22053fce-369f-4268-b7f1-e42c6c4270c3,Sachin,Desai,Male,25,Single,7926907506,"86, Sector 12",Udaipur,Rajasthan,310348,AB+,Farmer,Aadhaar,693162209143,True,2026-07-04T06:08:37.946738,2026-07-04T06:08:37.946738
15cd07f3-3148-4cb3-9ff8-e0c2dfd37105,Debolina,Thakur,Female,7,Single,8614223965,"159, Civil Lines",Howrah,West Bengal,703662,B+,Accountant,Aadhaar,150787665751,True,2026-07-04T06:08:37.946738,2026-07-04T06:08:37.946738
1985b31a-211b-44c3-9285-4ef68108dad2,Bhushan,Rathi,Male,11,Single,9258244325,"362, Ring Road",Vadodara,Gujarat,374804,AB+,Carpenter,Aadhaar,637353703562,True,2026-07-04T06:08:37.946738,2026-07-04T06:08:37.946738
ddaf9309-2269-4d8d-9c46-5a1b146b5bd4,Devendra,Bedi,Male,19,Single,6146543311,"620, Shivaji Nagar",Chandigarh,Chandigarh,160023,B+,Student,Aadhaar,854485194166,True,2026-07-04T06:08:37.946738,2026-07-04T06:08:37.946738
8e77ad48-da72-4988-a8c3-b8311820d798,Jaspreet Kaur,Bisht,Female,16,Single,6947027818,"3, Shivaji Nagar",Indore,Madhya Pradesh,459607,O+,Fisherman,Aadhaar,628179355237,True,2026-07-04T06:08:37.946738,2026-07-04T06:08:37.946738
3c0fd54b-dc91-4ac8-88ca-4e0368bf973c,Jignesh,Shroff,Male,29,Widowed,8630650165,"435, Green Park",Mumbai,Maharashtra,427129,B+,Business,Aadhaar,521962962366,True,2026-07-04T06:08:37.946738,2026-07-04T06:08:37.946738
c318317d-4738-422f-a23e-6cf6bea433f5,Yamini,Chokshi,Female,42,Divorced,7854940701,"90, Civil Lines",Rajkot,Gujarat,383705,O+,Farmer,Aadhaar,164897627229,True,2026-07-04T06:08:37.946738,2026-07-04T06:08:37.946738
97d90252-8b91-42b5-ba58-6288b781d382,Vasantha,Achari,Female,57,Divorced,7326277525,"848, Civil Lines",Madurai,Tamil Nadu,603662,A+,Weaver,Aadhaar,904780066077,True,2026-07-04T06:08:37.946738,2026-07-04T06:08:37.946738
d3eb5ecc-6cec-47f1-b2b3-df1a48697094,Yashpal,Bansal,Male,25,Single,6257718363,"375, Shivaji Nagar",Lucknow,Uttar Pradesh,211354,,Nurse,Aadhaar,616179582826,True,2026-07-04T06:08:37.946738,2026-07-04T06:08:37.946738
17f2b8b0-bef8-4107-bc16-7e1c96595312,Naresh,Trivedi,Male,49,Married,8219471674,"160, Nehru Nagar",Bareilly,Uttar Pradesh,285208,O+,Plumber,Aadhaar,849143746837,True,2026-07-04T06:08:37.946738,2026-07-04T06:08:37.946738
4afcbbbd-26c0-460e-bc53-8f1b86aae0e9,Yamini,Jadhav,Female,64,Widowed,6659957480,"387, Shivaji Nagar",Rajkot,Gujarat,373885,B+,Retired,Aadhaar,763827114248,True,2026-07-04T06:08:37.946738,2026-07-04T06:08:37.946738
19116205-1b30-4a88-ba69-2aeca0e303e1,Chittaranjan,Sarkar,Male,30,Married,8794332141,"435, Model Town",Dhanbad,Jharkhand,821845,O+,Homemaker,Aadhaar,131505610880,True,2026-07-04T06:08:37.946738,2026-07-04T06:08:37.946738
86bee51b-515a-47cf-82bc-9d77772da77a,Karthik,Raman,Male,36,Single,7785464921,"952, Nehru Nagar",Bangalore,Karnataka,567876,O+,,Aadhaar,971820353130,True,2026-07-04T06:08:37.946738,2026-07-04T06:08:37.946738
e9f03fbf-76fc-4262-9397-336a34be9735,Usha,Bhalla,Female,19,Single,7437662209,"770, Temple Road",Gurugram,Haryana,132890,B+,Carpenter,Aadhaar,652940323161,True,2026-07-04T06:08:37.946738,2026-07-04T06:08:37.946738
101f1fa8-42e0-471a-8578-f7704914134e,Rakesh,Desai,Male,45,Widowed,7262712486,"699, Market Yard",Ahmedabad,Gujarat,365162,AB+,Weaver,Aadhaar,985689460621,True,2026-07-04T06:08:37.946738,2026-07-04T06:08:37.946738
9b479206-5a07-4bf3-bba3-93dad6167ad4,Dulal,Nambiar,Male,13,Single,7464020716,"298, Church Street",Patna,Bihar,840860,A+,Weaver,Aadhaar,363657881599,True,2026-07-04T06:08:37.946738,2026-07-04T06:08:37.946738
32ec5181-29a8-438f-a582-fd5fbccc162b,Vipul,Patel,Male,37,Single,8687482857,"889, Gandhi Chowk",Margao,Goa,403511,O+,Shopkeeper,Aadhaar,732563287245,True,2026-07-04T06:08:37.946738,2026-07-04T06:08:37.946738
fc08acc2-08ad-4758-b75e-a76e76d66b5a,Anitha,Roy,Female,12,Single,6710672894,"500, Nehru Nagar",Coimbatore,Tamil Nadu,623821,A+,Homemaker,Aadhaar,581590320224,True,2026-07-04T06:08:37.946738,2026-07-04T06:08:37.946738
772dd493-f31a-48ea-ba57-f9db3e05be18,Kajal,Naik,Female,40,Married,6895688388,"810, Civil Lines",Ahmedabad,Gujarat,360521,O+,Retired,Aadhaar,345126576910,True,2026-07-04T06:08:37.946738,2026-07-04T06:08:37.946738
ac221f01-3bfe-41d2-937f-26c29b1e0097,Bharati,Sen,Female,50,Married,7885740776,"111, Temple Road",Bhubaneswar,Odisha,765193,O+,Driver,Aadhaar,635171691593,True,2026-07-04T06:08:37.946738,2026-07-04T06:08:37.946738
46a5bd6c-78dd-439e-ab65-43fc88d71585,Rajinder,Sandhu,Male,29,Single,7443797765,"582, Nehru Nagar",Kanpur,Uttar Pradesh,279785,A+,Clerk,Aadhaar,623893929565,True,2026-07-04T06:08:37.946738,2026-07-04T06:08:37.946738
0b981753-4a6b-4db1-8003-3e8ebf463679,Satpal,Agarwal,Male,61,Married,8534938971,"84, Ring Road",Gurugram,Haryana,135316,A+,Plumber,Aadhaar,387303562529,True,2026-07-04T06:08:37.946738,2026-07-04T06:08:37.946738
08adf8af-00f3-40d1-ab49-42ccdc38f9af,Niranjan,Sengupta,Male,11,Single,9617141182,"487, Hill Colony",Kolkata,West Bengal,710531,B-,Weaver,Aadhaar,112124760120,True,2026-07-04T06:08:37.946738,2026-07-04T06:08:37.946738
7ae60c56-4e03-4776-8e63-dd37658bbb92,Hemant,Brar,Male,54,Single,9439740334,"117, College Road",Faridabad,Haryana,125306,,Tailor,Aadhaar,241120887514,True,2026-07-04T06:08:37.946738,2026-07-04T06:08:37.946738
6294f756-640d-4a24-921b-3bae4dc83bd8,Puja,Sekhon,Female,35,Single,9332075643,"357, Model Town",Bhopal,Madhya Pradesh,462528,B-,Farmer,Aadhaar,118742354485,True,2026-07-04T06:08:37.946738,2026-07-04T06:08:37.946738
37b44161-8211-40ae-9cde-c1b03684a7f8,Harpreet Kaur,Anand,Female,26,Widowed,9661749319,"998, Old Bazaar",Ludhiana,Punjab,143716,AB+,Clerk,Aadhaar,278648700003,True,2026-07-04T06:08:37.946738,2026-07-04T06:08:37.946738
33e7563f-a822-4a39-af15-dc6458206403,Sowmya,Chauhan,Female,61,Married,6797529095,"17, New Colony",Vellore,Tamil Nadu,626954,O+,Homemaker,Aadhaar,796212919101,True,2026-07-04T06:08:37.946738,2026-07-04T06:08:37.946738
a0b3f39e-9527-4be3-982e-42a77aa7f50b,Yamini,Shukla,Female,59,Divorced,6309981202,"877, Green Park",Ahmedabad,Gujarat,368156,B+,Tailor,Aadhaar,812193272218,True,2026-07-04T06:08:37.946738,2026-07-04T06:08:37.946738
2729d3fb-9533-491c-83cc-fbf556b7ddd3,Pallavi,Raman,Female,28,Divorced,7104464143,"922, College Road",Delhi,Delhi,110005,O+,Clerk,Aadhaar,999877095033,True,2026-07-04T06:08:37.946738,2026-07-04T06:08:37.946738
7a512937-7bfd-4f3b-a242-3a0774ac225f,Shanthi,Namboothiri,Female,88,Married,9238373601,"962, Temple Road",Chennai,Tamil Nadu,611385,B+,Student,Aadhaar,877816764511,True,2026-07-04T06:08:37.946738,2026-07-04T06:08:37.946738
bd8d2e01-0c7c-4559-b01c-6eddda31c9c4,Uday,Jadhav,Male,41,Widowed,7200131180,"96, MG Road",Ahmedabad,Gujarat,388667,O+,,Aadhaar,700039469555,True,2026-07-04T06:08:37.946738,2026-07-04T06:08:37.946738
2f203ad2-f62a-4bdd-a21c-45575634133c,Raghavan,Kadam,Male,7,Single,8308122210,"549, Civil Lines",Jaipur,Rajasthan,325780,A+,Government Employee,Aadhaar,787812252768,True,2026-07-04T06:08:37.946738,2026-07-04T06:08:37.946738
ade4914b-ec65-4040-9a0f-23ab4d59c925,Randhir,Agarwal,Male,36,Widowed,8293947512,"96, Gandhi Chowk",Bhopal,Madhya Pradesh,482391,A+,Housewife,Aadhaar,973987348749,True,2026-07-04T06:08:37.946738,2026-07-04T06:08:37.946738
3a77ef62-e250-4420-8baf-fc8adff9cc87,Jayaraman,Sundaram,Male,26,Divorced,7293065688,"306, MG Road",Thrissur,Kerala,675855,B+,Teacher,Aadhaar,629770402150,True,2026-07-04T06:08:37.946738,2026-07-04T06:08:37.946738
40c704be-4a0a-428f-a772-0c3d320ac892,Rahul,Nanda,Male,46,Single,7491798349,"118, Model Town",Pune,Maharashtra,401934,O+,Fisherman,Aadhaar,392601434155,True,2026-07-04T06:08:37.946738,2026-07-04T06:08:37.946738
fb648ca9-a3fb-4c46-a6f4-de54bcd51cad,Indira,Chettiar,Female,86,Divorced,9307290415,"257, Station Road",Hyderabad,Telangana,503243,A+,Government Employee,Aadhaar,740392056046,True,2026-07-04T06:08:37.946738,2026-07-04T06:08:37.946738
87331f27-639f-4b96-a6da-b3e8f618a9e1,Riya,Rane,Female,22,Widowed,6752078737,"393, College Road",Pune,Maharashtra,413089,B+,Priest,Aadhaar,282318799292,True,2026-07-04T06:08:37.946738,2026-07-04T06:08:37.946738
3286c90d-5f2e-42e3-a581-1ab908b85d9a,Kailash Bora,Lyngdoh,Male,21,Divorced,6223104450,"185, Old Bazaar",Gangtok,Sikkim,737128,A+,Engineer,Aadhaar,509618161934,True,2026-07-04T06:08:37.946738,2026-07-04T06:08:37.946738
eca7f6d5-0604-4c9b-8f62-695a34cb799e,Sudip,Sahoo,Male,10,Single,8349804684,"576, Gandhi Chowk",Patna,Bihar,825271,O+,Housewife,Aadhaar,887173224251,True,2026-07-04T06:08:37.946738,2026-07-04T06:08:37.946738
c20575df-cf0a-4613-aa08-4da73b7223e0,Jignesh,Mehta,Male,41,Divorced,9150242357,"282, College Road",Jaipur,Rajasthan,308816,O+,Driver,Aadhaar,732375616898,True,2026-07-04T06:08:37.946738,2026-07-04T06:08:37.946738
635fdd75-f3ea-4766-a82e-ced5f78c238f,Manas,Namboothiri,Male,44,Married,6462269610,"661, MG Road",Bangalore,Karnataka,562276,B+,Nurse,Aadhaar,449072064883,True,2026-07-04T06:08:37.946738,2026-07-04T06:08:37.946738
b3e67c36-d302-4959-b9a3-53b288daa450,Divya,Chandran,Female,40,Divorced,6501478598,"961, New Colony",Thiruvananthapuram,Kerala,673367,O+,Farmer,Aadhaar,456454541680,True,2026-07-04T06:08:37.946738,2026-07-04T06:08:37.946738
c0ee94d4-9c47-46db-98a1-73fcaa2df9cb,Rutuja,Bisht,Female,10,Single,6218974458,"50, Ring Road",Kalyan,Maharashtra,404918,O+,Retired,Aadhaar,740541816089,True,2026-07-04T06:08:37.946738,2026-07-04T06:08:37.946738
b1fce2f0-806e-4fbb-9240-8e8a668ca4ad,Kajal,Patil,Female,17,Single,7720498993,"490, Green Park",Mumbai,Maharashtra,418386,O+,Labourer,Aadhaar,425413359648,True,2026-07-04T06:08:37.946738,2026-07-04T06:08:37.946738
44591433-bf73-4aee-82f8-e622161caed2,Natarajan,Pillai,Male,58,Divorced,6328143806,"14, Model Town",Coimbatore,Tamil Nadu,630681,A+,Doctor,Aadhaar,752036145379,True,2026-07-04T06:08:37.946738,2026-07-04T06:08:37.946738
29041860-86c0-46a7-9138-24723569684e,Rajwinder Kaur,Pandey,Female,22,Single,8514008800,"999, Market Yard",Saharanpur,Uttar Pradesh,282328,B+,Housewife,Aadhaar,282205801277,True,2026-07-04T06:08:37.946738,2026-07-04T06:08:37.946738
cb3c0fa8-b4e4-467f-b5b0-f6b2ac92330d,Gitashree,Mahanta,Female,36,Married,9300821686,"274, MG Road",Shillong,Meghalaya,793976,B+,Government Employee,Aadhaar,192557852047,True,2026-07-04T06:08:37.946738,2026-07-04T06:08:37.946738
fa095cfe-2662-4b99-a39d-b57985580ee6,Malathi,Subramaniam,Female,13,Single,8205025589,"51, Temple Road",Visakhapatnam,Andhra Pradesh,528848,O+,Student,Aadhaar,767994385598,True,2026-07-04T06:08:37.946738,2026-07-04T06:08:37.946738
5c298fcb-2dd3-462e-9df7-811d60798ad0,Sonali,Mehta,Female,5,Single,6717649055,"273, Civil Lines",Ahmedabad,Gujarat,364316,B+,Homemaker,Aadhaar,531234298988,True,2026-07-04T06:08:37.946738,2026-07-04T06:08:37.946738
d956fe92-91bb-4160-a35e-b2c9f1cf043c,Shweta,Anand,Female,49,Widowed,8888000093,"4, Ambedkar Marg",Noida,Uttar Pradesh,225259,B+,Electrician,Aadhaar,364947667345,True,2026-07-04T06:08:37.946738,2026-07-04T06:08:37.946738
9080fcb6-deb0-4ad4-a5d2-12151c2da3d8,Velmurugan,Iyer,Male,7,Single,9559478337,"343, MG Road",Davanagere,Karnataka,565817,B-,Student,Aadhaar,112253926837,True,2026-07-04T06:08:37.946738,2026-07-04T06:08:37.946738
22b5fda3-ed7a-4d20-b8c3-b3bc759bd21e,Doyel,Gupta,Female,42,Widowed,7664003494,"516, Station Road",Shimla,Himachal Pradesh,177185,O+,Shopkeeper,Aadhaar,595362962278,True,2026-07-04T06:08:37.946738,2026-07-04T06:08:37.946738
8dbcc8ab-39e6-4ec4-9bdc-6637ff7458b8,Nisha,Sharma,Female,83,Widowed,8862525433,"342, Lake View",Meerut,Uttar Pradesh,279086,B+,Plumber,Aadhaar,259002812944,True,2026-07-04T06:08:37.946738,2026-07-04T06:08:37.946738
b685f86f-ccdb-468f-aa62-f76feb43d565,Debjani,Basu,Female,37,Widowed,7899255963,"92, Model Town",Durgapur,West Bengal,724759,B+,Priest,Aadhaar,291241608859,True,2026-07-04T06:08:37.946738,2026-07-04T06:08:37.946738
6ded77a1-223f-4b0e-af24-87fbb05f67b0,Sarita,Raman,Female,20,Single,7144130760,"594, Lake View",Amritsar,Punjab,151249,A+,Tailor,Aadhaar,970987265161,True,2026-07-04T06:08:37.946738,2026-07-04T06:08:37.946738
c14f146f-af10-4388-b1b7-0f4ec6626073,Meenakshi,Ganapathy,Female,90,Widowed,7426036979,"499, Ring Road",Bangalore,Karnataka,562118,,Teacher,Aadhaar,752085430929,True,2026-07-04T06:08:37.946738,2026-07-04T06:08:37.946738
406781a2-aefb-4fef-8aa0-5fa07933771c,Amit,Pandey,Male,21,Widowed,8943170042,"880, Lake View",Gurugram,Haryana,131901,O-,Engineer,Aadhaar,317896804036,True,2026-07-04T06:08:37.946738,2026-07-04T06:08:37.946738
913ffb31-4f61-4d7f-8d55-81a9239b9cfc,Heena,Shroff,Female,8,Single,9528544960,"991, Ambedkar Marg",Jaipur,Rajasthan,318122,AB+,Student,Aadhaar,981853336296,True,2026-07-04T06:08:37.946738,2026-07-04T06:08:37.946738
a9aafa66-927e-48d4-8e38-d2bb9f8b4c3d,Nitin,Chauhan,Male,17,Single,8708452006,"950, Market Yard",Lucknow,Uttar Pradesh,272544,O+,Nurse,Aadhaar,587592911380,True,2026-07-04T06:08:37.946738,2026-07-04T06:08:37.946738
6e69ea03-c4c2-4a2a-8de7-7ef315992710,Komal,Gandhi,Female,50,Divorced,6700124081,"28, College Road",Ahmedabad,Gujarat,365796,A+,Shopkeeper,Aadhaar,665133181597,True,2026-07-04T06:08:37.946738,2026-07-04T06:08:37.946738
dbfe78a4-f77c-468d-aa27-77f0b77de284,Jyoti,Patel,Female,44,Divorced,9158353824,"87, Nehru Nagar",Mumbai,Maharashtra,417707,A+,Driver,Aadhaar,421357785895,True,2026-07-04T06:08:37.946738,2026-07-04T06:08:37.946738
0e4c54a6-3c13-4f96-980e-06246522d771,Rajwinder Kaur,Singh,Female,56,Single,7703495788,"759, Green Park",Lucknow,Uttar Pradesh,218879,O+,Business,Aadhaar,891609248388,True,2026-07-04T06:08:37.946738,2026-07-04T06:08:37.946738
061b1c87-8588-481c-ad8d-c6027a1e4ea5,Suman,Dutta,Male,38,Married,7319358643,"107, Green Park",Jamshedpur,Jharkhand,813808,A+,Teacher,Aadhaar,543669794210,True,2026-07-04T06:08:37.946738,2026-07-04T06:08:37.946738
6ea12e80-b1d4-46e2-b2a0-88b24f1ce0e2,Rajni,Goyal,Female,63,Married,9257030842,"652, MG Road",Jammu,Jammu and Kashmir,183028,O+,Labourer,Aadhaar,871984571702,True,2026-07-04T06:08:37.946738,2026-07-04T06:08:37.946738
9a0149a4-a14f-4925-9c81-38ed62101536,Uttam,Namboothiri,Male,16,Single,9849098886,"820, Ambedkar Marg",Hyderabad,Telangana,507602,B+,Farmer,Aadhaar,718991230005,True,2026-07-04T06:08:37.946738,2026-07-04T06:08:37.946738
cf3910a9-9408-40ad-b079-3db972292176,Usha,Sanyal,Female,24,Widowed,6269988928,"367, Lake View",Delhi,Delhi,110065,O+,Plumber,Aadhaar,289248137972,True,2026-07-04T06:08:37.946738,2026-07-04T06:08:37.946738
736c6398-17da-4135-9057-8388c3f3d771,Gopinath,Raman,Male,50,Divorced,6792707365,"496, Temple Road",Coimbatore,Tamil Nadu,630917,B+,Weaver,Aadhaar,824884814772,True,2026-07-04T06:08:37.946738,2026-07-04T06:08:37.946738
bf3e6639-bc8e-464b-bb29-b3b72c26d66c,Priti,Shah,Female,24,Single,7203659505,"682, Ambedkar Marg",Mumbai,Maharashtra,432731,AB+,Potter,Aadhaar,988077875281,True,2026-07-04T06:08:37.946738,2026-07-04T06:08:37.946738
036c409d-c46b-4616-bde2-b8558066ab60,Paresh,Goyal,Male,71,Widowed,6140177565,"868, Gandhi Chowk",Mumbai,Maharashtra,428937,A+,Farmer,Aadhaar,217343485320,True,2026-07-04T06:08:37.946738,2026-07-04T06:08:37.946738
2762ca0d-d389-4a04-9327-a87dac0e02c6,Bhuvana,Venkataraman,Female,81,Single,7896881694,"166, College Road",Erode,Tamil Nadu,634638,A+,,Aadhaar,838561856113,True,2026-07-04T06:08:37.946738,2026-07-04T06:08:37.946738
965a9e34-4617-4f01-8188-8725bbe29af5,Paresh,Joshi,Male,55,Widowed,7832679764,"748, Lake View",Navi Mumbai,Maharashtra,432518,O+,Electrician,Aadhaar,780135925006,True,2026-07-04T06:08:37.946738,2026-07-04T06:08:37.946738
c261be3e-6447-4915-ab03-307678e8cf6c,Lakhi,Panda,Male,31,Widowed,6226623684,"511, Civil Lines",Ranchi,Jharkhand,814687,B+,Labourer,Aadhaar,378434777669,True,2026-07-04T06:08:37.946738,2026-07-04T06:08:37.946738
bcf7d7fe-3361-45ef-bf58-53800672d33c,Kamlesh,Sidhu,Female,7,Single,8528658847,"634, Nehru Nagar",Kanpur,Uttar Pradesh,272558,A+,Electrician,Aadhaar,391993067865,True,2026-07-04T06:08:37.946738,2026-07-04T06:08:37.946738
bb33dc35-ba3e-470e-b147-d6cf55d6e2f7,Suresh,Chahal,Male,28,Widowed,6352992044,"506, Gandhi Chowk",Delhi,Delhi,110073,AB+,Potter,Aadhaar,758917734232,True,2026-07-04T06:08:37.946738,2026-07-04T06:08:37.946738
7956deef-72ef-4503-956a-fd55fb4cd437,Partha,Behera,Male,27,Single,8563336308,"490, Ring Road",Rourkela,Odisha,758464,O+,Potter,Aadhaar,684958114394,True,2026-07-04T06:08:37.946738,2026-07-04T06:08:37.946738
8236a0d2-ec89-4da7-8107-a24b20d3335f,Madhuri,Pandey,Female,53,Divorced,9690069371,"142, Ambedkar Marg",Lucknow,Uttar Pradesh,258404,O+,Clerk,Aadhaar,578215083249,True,2026-07-04T06:08:37.946738,2026-07-04T06:08:37.946738
b7ee7fd5-b6d8-44ad-888d-859e6cdf9c51,Bharat,Patel,Male,5,Single,7972546113,"59, Gandhi Chowk",Kolhapur,Maharashtra,403713,O+,Teacher,Aadhaar,819846895517,True,2026-07-04T06:08:37.946738,2026-07-04T06:08:37.946738
e2e724b6-c2e4-4cd3-86d1-e403339b6ae4,Elango,Pillai,Male,11,Single,8683735661,"211, Green Park",Puducherry,Puducherry,605366,AB+,Tailor,Aadhaar,503475356670,True,2026-07-04T06:08:37.946738,2026-07-04T06:08:37.946738
7328dac6-3681-4044-a399-05f292fbf02f,Bharati,Bose,Female,19,Single,8541129488,"723, New Colony",Kharagpur,West Bengal,731865,O+,Business,Aadhaar,355640726726,True,2026-07-04T06:08:37.946738,2026-07-04T06:08:37.946738
2df3988f-bef0-4b04-9a0a-e6c93a85f24a,Anjali,Rawat,Female,20,Single,9797833491,"783, Market Yard",Prayagraj,Uttar Pradesh,215974,O+,Government Employee,Aadhaar,428067540684,True,2026-07-04T06:08:37.946738,2026-07-04T06:08:37.946738
7a42c102-057d-47b3-bc80-52e19e4b2e0a,Ravi,Verma,Male,61,Single,7507299242,"189, College Road",Gurugram,Haryana,129725,O+,Accountant,Aadhaar,129795149755,True,2026-07-04T06:08:37.946738,2026-07-04T06:08:37.946738
f4ea0afd-ceb1-4373-9b54-86fc4f11d993,Sunita,Goyal,Female,74,Divorced,9940323966,"747, Nehru Nagar",Bathinda,Punjab,143579,B+,Carpenter,Aadhaar,609102923570,True,2026-07-04T06:08:37.946738,2026-07-04T06:08:37.946738
0108ae80-a709-4733-84ec-3c83d1cffb5c,Rita,Sawant,Female,43,Single,6401399464,"819, Sector 12",Jaipur,Rajasthan,306606,AB-,Shopkeeper,Aadhaar,140349504949,True,2026-07-04T06:08:37.946738,2026-07-04T06:08:37.946738
92cf4fe3-2304-4e30-b2cd-7bf3f1a1595e,Jayanthi,Sundaram,Female,44,Widowed,7576535947,"474, MG Road",Madurai,Tamil Nadu,628830,,Clerk,Aadhaar,713511705720,True,2026-07-04T06:08:37.946738,2026-07-04T06:08:37.946738
e23745e8-cbd7-44a7-b249-c723be1f35f8,Rajesh Kanna,Pillai,Male,36,Divorced,7377032861,"785, Sector 12",Kozhikode,Kerala,678505,A+,Priest,Aadhaar,782346776553,True,2026-07-04T06:08:37.946738,2026-07-04T06:08:37.946738
16a17e6d-5aff-4b34-bc1d-e0e8f240ccba,Hitesh,Desai,Male,37,Single,6867241747,"266, Sector 12",Solapur,Maharashtra,401057,A+,Clerk,Aadhaar,757322123328,True,2026-07-04T06:08:37.946738,2026-07-04T06:08:37.946738
945f826b-43b5-4460-b8ac-b7639ca5af55,Senthil,Sundaram,Male,12,Single,8990279988,"843, College Road",Coimbatore,Tamil Nadu,604679,B+,,Aadhaar,965895328778,True,2026-07-04T06:08:37.946738,2026-07-04T06:08:37.946738
b06ad0a5-3ddc-4f2e-8bd7-9b77a143697b,Indira,Shetty,Female,30,Widowed,6412322106,"953, Shivaji Nagar",Chennai,Tamil Nadu,638747,O+,Driver,Aadhaar,915102646167,True,2026-07-04T06:08:37.946738,2026-07-04T06:08:37.946738
e11118ba-1157-41f7-9e9f-8466dcfb46b0,Tanushree,Baishya,Female,34,Married,6341142023,"579, Lake View",Guwahati,Assam,785706,B+,Accountant,Aadhaar,978440024863,True,2026-07-04T06:08:37.946738,2026-07-04T06:08:37.946738
6e2637a7-6252-4d1b-9b37-8018d5187bd7,Shrikant,Dave,Male,43,Widowed,7452922297,"249, Church Street",Bikaner,Rajasthan,316132,B+,Doctor,Aadhaar,905070176941,True,2026-07-04T06:08:37.946738,2026-07-04T06:08:37.946738
a40d8187-2691-4aa0-b087-c5a90ae10080,Parvathi,Pai,Female,33,Divorced,9346706467,"584, Shivaji Nagar",Madurai,Tamil Nadu,635234,O+,Carpenter,Aadhaar,766313238306,True,2026-07-04T06:08:37.946738,2026-07-04T06:08:37.946738
3a9597ab-4c9c-45e9-8eb5-1c79ec978f38,Juthika,Chakraborty,Female,16,Single,9779281033,"903, Model Town",Purnia,Bihar,811791,,Doctor,Aadhaar,708878227245,True,2026-07-04T06:08:37.946738,2026-07-04T06:08:37.946738
1a4e203f-00f1-482d-875e-e16c8bdf1436,Sunita,Kumar,Female,5,Single,7652866539,"888, Lake View",Prayagraj,Uttar Pradesh,251871,AB+,Retired,Aadhaar,882721002897,True,2026-07-04T06:08:37.946738,2026-07-04T06:08:37.946738
097191ad-b30a-405d-965b-32937e796ab6,Kranti,Kumar,Female,70,Widowed,9539025895,"646, Market Yard",Mumbai,Maharashtra,428554,O+,Business,Aadhaar,944921889897,True,2026-07-04T06:08:37.946738,2026-07-04T06:08:37.946738
77f51b5a-d6d6-48f0-88e6-70b01e99b8e9,Dharmesh,Bafna,Male,14,Single,7646177238,"740, River Side",Pune,Maharashtra,418305,O-,Shopkeeper,Aadhaar,718682685760,True,2026-07-04T06:08:37.946738,2026-07-04T06:08:37.946738
39affef8-9225-4910-873b-dd8e269c86a7,Anita,Subramaniam,Female,27,Widowed,6472959512,"292, Station Road",Bangalore,Karnataka,563885,O+,Labourer,Aadhaar,387409303255,True,2026-07-04T06:08:37.946738,2026-07-04T06:08:37.946738
500c64e7-1268-4b9f-9f95-3eda27378dc0,Surinder,Srivastava,Male,47,Married,6679637778,"551, Model Town",Panipat,Haryana,121110,B+,Clerk,Aadhaar,570604570949,True,2026-07-04T06:08:37.946738,2026-07-04T06:08:37.946738
aed0a271-15da-488c-9f94-8177e505e923,Gurmeet Kaur,Majumdar,Female,59,Married,7398986845,"750, Ambedkar Marg",Surat,Gujarat,383182,A+,Labourer,Aadhaar,273203643141,True,2026-07-04T06:08:37.946738,2026-07-04T06:08:37.946738
e0f6e05b-4527-4972-98dc-2d64067b1085,Priyanka,Sundaram,Female,43,Married,9207845338,"955, Lake View",Bangalore,Karnataka,570405,O+,,Aadhaar,789919911898,True,2026-07-04T06:08:37.946738,2026-07-04T06:08:37.946738
dafb5752-6295-4855-a275-6f84efa88264,Uday,Lodha,Male,38,Single,9403439088,"135, Model Town",Vasai-Virar,Maharashtra,441601,AB+,Fisherman,Aadhaar,576755103933,True,2026-07-04T06:08:37.946738,2026-07-04T06:08:37.946738
ada0a620-6ae5-4c8a-9267-4b32e12a3dba,Sivakumar,Acharya,Male,37,Widowed,9669578311,"673, Station Road",Warangal,Telangana,504917,A+,Carpenter,Aadhaar,794911733425,True,2026-07-04T06:08:37.946738,2026-07-04T06:08:37.946738
83057b4d-6a30-43e8-83f6-b606cba3213e,Sonali,Panicker,Female,39,Divorced,8365639711,"679, College Road",Kota,Rajasthan,308591,O+,Carpenter,Aadhaar,536785154166,True,2026-07-04T06:08:37.946738,2026-07-04T06:08:37.946738
09019ba3-2177-4095-bb3b-f1065f746181,Himangshu,Kar,Male,32,Single,9165287000,"576, Old Bazaar",Patna,Bihar,817145,A+,Tailor,Aadhaar,392292424641,True,2026-07-04T06:08:37.946738,2026-07-04T06:08:37.946738
8bb0e33f-62c2-4048-a121-c43002ed3424,Sarita,Srivastava,Female,15,Single,7937037587,"641, Ambedkar Marg",Varanasi,Uttar Pradesh,281387,B+,,Aadhaar,124576785219,True,2026-07-04T06:08:37.946738,2026-07-04T06:08:37.946738
b612336b-0185-4aa3-a8a2-7d26d9a5ecae,Vimla,Singh,Female,50,Single,8674959397,"204, Station Road",Ghaziabad,Uttar Pradesh,271216,B+,Shopkeeper,Aadhaar,511933121338,True,2026-07-04T06:08:37.946738,2026-07-04T06:08:37.946738
d01ae423-8edf-45e6-8604-2cf2e35713d4,Sunita,Ganapathy,Female,38,Married,9949698571,"497, Nehru Nagar",Thrissur,Kerala,675143,,Priest,Aadhaar,135421921329,True,2026-07-04T06:08:37.946738,2026-07-04T06:08:37.946738
0bfe846b-f666-43ab-93b6-a2988ed7d109,Sonal,Bhandari,Female,61,Married,6179339044,"517, College Road",Aligarh,Uttar Pradesh,203642,O+,Homemaker,Aadhaar,907864264428,True,2026-07-04T06:08:37.946738,2026-07-04T06:08:37.946738
55c65297-1129-4155-a456-2528e91264cb,Komal,Shah,Female,39,Widowed,8592746176,"208, Ambedkar Marg",Thane,Maharashtra,417320,B-,Retired,Aadhaar,340917868519,True,2026-07-04T06:08:37.946738,2026-07-04T06:08:37.946738
d1b8f310-554b-4679-be24-50c3e1add726,Rita,Lodha,Female,33,Divorced,8918943296,"560, Ambedkar Marg",Bhavnagar,Gujarat,389640,O+,Retired,Aadhaar,505647142518,True,2026-07-04T06:08:37.946738,2026-07-04T06:08:37.946738
96fc9c34-c90d-4e3f-a8d6-43bcef8ee0fb,Trupti,Jadhav,Female,40,Single,9737168632,"256, Gandhi Chowk",Bhavnagar,Gujarat,369263,B+,Plumber,Aadhaar,935657352285,True,2026-07-04T06:08:37.946738,2026-07-04T06:08:37.946738
756ed113-ad77-48bb-9c29-70ae90dc683b,Naresh,Verma,Male,31,Widowed,9105982646,"275, Model Town",Gurugram,Haryana,133371,B+,Electrician,Aadhaar,360498393495,True,2026-07-04T06:08:37.946738,2026-07-04T06:08:37.946738
1cc146d9-a94d-4ed2-9428-93242c48628f,Neha,Pillai,Female,33,Divorced,7912700913,"14, Station Road",Hyderabad,Telangana,508519,A+,Tailor,Aadhaar,139142891364,True,2026-07-04T06:08:37.946738,2026-07-04T06:08:37.946738
02682feb-6793-429b-8544-070d5a9c6f4c,Janaki,Iyer,Female,43,Widowed,6567592441,"302, Sector 12",Nizamabad,Telangana,508561,O+,Software Engineer,Aadhaar,418435393363,True,2026-07-04T06:08:37.946738,2026-07-04T06:08:37.946738
e7f95cf1-30e2-4847-959b-60efdfb52f68,Jayanta,Pal,Male,86,Widowed,7276349437,"537, Green Park",Ranchi,Jharkhand,813322,O+,Electrician,Aadhaar,108491047852,True,2026-07-04T06:08:37.946738,2026-07-04T06:08:37.946738
64671fd0-5cf1-441a-9f61-a78e95cb4e42,Seema,Goyal,Female,16,Single,9738290623,"161, Gandhi Chowk",Kanpur,Uttar Pradesh,246935,B+,Clerk,Aadhaar,314438609602,True,2026-07-04T06:08:37.946738,2026-07-04T06:08:37.946738
031d0bd8-9ca8-467c-9526-0fee4cf1dd32,Jayanthi,Namboothiri,Female,71,Widowed,7183189355,"607, Shivaji Nagar",Bangalore,Karnataka,563375,A+,Government Employee,Aadhaar,976717518299,True,2026-07-04T06:08:37.946738,2026-07-04T06:08:37.946738
a8793cfd-d9f1-43f5-96cf-37332711c7f5,Sowmya,Naicker,Female,54,Single,7102867735,"803, Civil Lines",Chennai,Tamil Nadu,614185,O+,Business,Aadhaar,452188378560,True,2026-07-04T06:08:37.946738,2026-07-04T06:08:37.946738
36892f1f-cd62-4387-97a2-1a3566f59006,Mohan,Khanna,Male,13,Single,8637273677,"779, Ambedkar Marg",Ludhiana,Punjab,147890,B+,Retired,Aadhaar,440827093850,True,2026-07-04T06:08:37.946738,2026-07-04T06:08:37.946738
8a2d9df2-97a4-4eb4-a41d-007e4009a249,Vasantha,Shukla,Female,68,Divorced,9846357679,"808, Sector 12",Surat,Gujarat,367881,B+,Clerk,Aadhaar,503151994788,True,2026-07-04T06:08:37.946738,2026-07-04T06:08:37.946738
bde813a2-8101-45be-8155-42e35bd6d330,Chhaya,Shroff,Female,21,Widowed,7902759981,"11, Model Town",Patna,Bihar,828973,B+,Software Engineer,Aadhaar,650845706206,True,2026-07-04T06:08:37.946738,2026-07-04T06:08:37.946738
ce8b41f6-c837-40c0-818c-e01181413dae,Ashish,Naik,Male,9,Single,8771378998,"59, River Side",Bikaner,Rajasthan,302995,A+,Homemaker,Aadhaar,291084385591,True,2026-07-04T06:08:37.946738,2026-07-04T06:08:37.946738
2b2a3fd1-786e-4c66-9706-1e4f832b48f5,Meera,Goyal,Female,43,Single,7241356185,"85, College Road",Aligarh,Uttar Pradesh,216654,O+,Teacher,Aadhaar,700685064934,True,2026-07-04T06:08:37.946738,2026-07-04T06:08:37.946738
57ba16c7-c118-4766-96c8-ff726930d19d,Seema,Khanna,Female,24,Single,8654416338,"15, Temple Road",Jammu,Jammu and Kashmir,186822,A+,Engineer,Aadhaar,653025542736,True,2026-07-04T06:08:37.946738,2026-07-04T06:08:37.946738
c8d807a4-6863-4b54-b704-bdbc6ac3aac8,Randhir,Gill,Male,12,Single,9285723207,"651, MG Road",Varanasi,Uttar Pradesh,241785,O+,Driver,Aadhaar,868095225001,True,2026-07-04T06:08:37.946738,2026-07-04T06:08:37.946738
78667478-681b-47b0-8b4d-71b243ad50e6,Vasant,Chokshi,Male,26,Married,7946899566,"11, Model Town",Jamnagar,Gujarat,384546,B+,Labourer,Aadhaar,807299039391,True,2026-07-04T06:08:37.946738,2026-07-04T06:08:37.946738
9ec2a3f4-14e2-4dcf-bd2f-a2789828dbe3,Pramod,Pandey,Male,49,Widowed,9342623109,"856, Model Town",Bareilly,Uttar Pradesh,236757,AB+,Shopkeeper,Aadhaar,389650869248,True,2026-07-04T06:08:37.946738,2026-07-04T06:08:37.946738
9f3a70de-ff04-45fb-945b-c950e2caa6b1,Muthukumar,Shetty,Male,40,Married,9267186137,"551, River Side",Warangal,Telangana,503452,AB-,Priest,Aadhaar,416952572254,True,2026-07-04T06:08:37.946738,2026-07-04T06:08:37.946738
996b7493-f028-4928-98bf-fc40dce66aba,Natarajan,Chandran,Male,83,Widowed,6223800483,"530, Station Road",Chennai,Tamil Nadu,631144,O+,Clerk,Aadhaar,747072492028,True,2026-07-04T06:08:37.946738,2026-07-04T06:08:37.946738
9012049f-d7cf-44af-bacf-7d581bbb21d3,Sanjay,Balakrishnan,Male,10,Single,8795657256,"925, Ambedkar Marg",Chennai,Tamil Nadu,612263,AB+,Tailor,Aadhaar,124704845921,True,2026-07-04T06:08:37.946738,2026-07-04T06:08:37.946738
cd068817-9fa6-467b-8baa-9c094e6da47a,Ila,Choudhury,Female,34,Widowed,8745256477,"346, Green Park",Jamshedpur,Jharkhand,835235,B+,Labourer,Aadhaar,218141496875,True,2026-07-04T06:08:37.946738,2026-07-04T06:08:37.946738
f3a7d3e2-5a76-4ab7-aac4-9d083a163fe6,Meenakshi,Shetty,Female,24,Widowed,7709872762,"770, Shivaji Nagar",Visakhapatnam,Andhra Pradesh,519257,B+,Teacher,Aadhaar,968911713533,True,2026-07-04T06:08:37.946738,2026-07-04T06:08:37.946738
7ed24f9d-786d-4fbc-ab96-86f18927b8c2,Sourav,Bhattacharya,Male,27,Widowed,8186302290,"190, Civil Lines",Ranchi,Jharkhand,819663,B+,Business,Aadhaar,954035642695,True,2026-07-04T06:08:37.946738,2026-07-04T06:08:37.946738
6eb34a23-573d-439e-b3e1-9b62eedb0595,Jyoti,Sandhu,Female,6,Single,9992652034,"475, Civil Lines",Delhi,Delhi,110013,B+,Business,Aadhaar,998864476400,True,2026-07-04T06:08:37.946738,2026-07-04T06:08:37.946738
3f36ae99-9108-45df-873b-47626050ed19,Manjusha,Vaidya,Female,40,Single,7496353078,"371, Old Bazaar",Kota,Rajasthan,333864,A+,Potter,Aadhaar,809001474368,True,2026-07-04T06:08:37.946738,2026-07-04T06:08:37.946738
a21a3c0f-563d-4566-9c8e-7be72826b97b,Vasant,Chavan,Male,18,Single,9261863973,"292, Ring Road",Mumbai,Maharashtra,425351,A+,Government Employee,Aadhaar,295084874487,True,2026-07-04T06:08:37.946738,2026-07-04T06:08:37.946738
a5a92ea2-3533-43fa-a072-104088a6627e,Balaji,Rao,Male,26,Divorced,6272747645,"327, Shivaji Nagar",Thiruvananthapuram,Kerala,688832,B+,Farmer,Aadhaar,838562237133,True,2026-07-04T06:08:37.946738,2026-07-04T06:08:37.946738
c48af404-9a5f-48ef-a8f2-2899c67072f8,Saroja,Nambiar,Female,11,Single,8938596152,"485, Old Bazaar",Visakhapatnam,Andhra Pradesh,532532,B-,Student,Aadhaar,935507339462,True,2026-07-04T06:08:37.946738,2026-07-04T06:08:37.946738
9a8f1fbb-6617-4cd0-afcd-b4ab359c51a5,Moushumi,Patra,Female,5,Single,9566957486,"50, Market Yard",Bhubaneswar,Odisha,760232,O+,Tailor,Aadhaar,760948934897,True,2026-07-04T06:08:37.946738,2026-07-04T06:08:37.946738
bf8ca7bd-57eb-43a4-b5eb-f08289f5aac7,Manasi,Chavan,Female,19,Single,8483202737,"428, MG Road",Sangli,Maharashtra,429280,O+,Homemaker,Aadhaar,141798210774,True,2026-07-04T06:08:37.946738,2026-07-04T06:08:37.946738
a53c3049-18c4-426b-829b-632277362ce7,Shilpa,Rathi,Female,6,Single,8470855688,"996, Market Yard",Amravati,Maharashtra,445154,B+,Fisherman,Aadhaar,604955303292,True,2026-07-04T06:08:37.946738,2026-07-04T06:08:37.946738
5b9cbd83-7057-4eed-b6ab-99b293109bb4,Satpal,Tiwari,Male,27,Divorced,6462680716,"950, Ring Road",Faridabad,Haryana,127923,B+,Fisherman,Aadhaar,918847950758,True,2026-07-04T06:08:37.946738,2026-07-04T06:08:37.946738
5d89b1fb-3a49-4fe0-9d81-6756574859be,Sudhir Ranjan,Adhikari,Male,26,Single,6501833262,"588, Green Park",Kolkata,West Bengal,714104,A+,Fisherman,Aadhaar,401445344001,True,2026-07-04T06:08:37.946738,2026-07-04T06:08:37.946738
f828c5e2-fa55-4432-b0ad-7246160cce48,Paresh,Gandhi,Male,69,Single,8386746273,"474, New Colony",Udaipur,Rajasthan,342606,O+,Farmer,Aadhaar,169668912405,True,2026-07-04T06:08:37.946738,2026-07-04T06:08:37.946738
f84aa47e-566e-4f78-ab33-f42dec81f084,Poonam,Sethi,Female,42,Divorced,6468240534,"349, Old Bazaar",Varanasi,Uttar Pradesh,246399,A+,Fisherman,Aadhaar,866790133642,True,2026-07-04T06:08:37.946738,2026-07-04T06:08:37.946738
783981f0-4580-4e41-8cb7-0975a9e8d9aa,Tejinder,Nayak,Male,15,Single,8189219358,"213, Lake View",Bhilai,Chhattisgarh,493025,O+,Tailor,Aadhaar,267630703413,True,2026-07-04T06:08:37.946738,2026-07-04T06:08:37.946738
a7ccb980-c42d-42ad-af79-97eade098e9b,Pramod,Dhillon,Male,41,Single,9677235776,"135, Temple Road",Indore,Madhya Pradesh,458094,O+,Doctor,Aadhaar,942496994555,True,2026-07-04T06:08:37.946738,2026-07-04T06:08:37.946738
e0760769-01fc-4129-b3d6-13876f5ab182,Sarika,Modi,Female,28,Married,8639345534,"549, Hill Colony",Rajkot,Gujarat,385702,O+,Potter,Aadhaar,273729090344,True,2026-07-04T06:08:37.946738,2026-07-04T06:08:37.946738
e2e00a08-a46c-4915-bd50-7a79f876af6b,Raghavan,Rao,Male,10,Single,9722939720,"669, College Road",Thiruvananthapuram,Kerala,683706,B+,Homemaker,Aadhaar,781223500382,True,2026-07-04T06:08:37.946738,2026-07-04T06:08:37.946738
cffeda55-8943-47f8-b284-2472a46abd60,Ganesh,Oswal,Male,45,Married,8124394894,"761, New Colony",Kota,Rajasthan,343869,B+,Housewife,Aadhaar,603204292325,True,2026-07-04T06:08:37.946738,2026-07-04T06:08:37.946738
4a096332-e65f-4bd5-ba14-cee0dfdda488,Foram,Kumar,Female,22,Married,7720195688,"473, Market Yard",Varanasi,Uttar Pradesh,233119,A+,Labourer,Aadhaar,610984307820,True,2026-07-04T06:08:37.946738,2026-07-04T06:08:37.946738
e686558b-f55e-4a76-92f6-0e47a6fc253b,Ashoke,Chatterjee,Male,57,Divorced,9513729471,"73, College Road",Ranchi,Jharkhand,821521,AB+,Weaver,Aadhaar,883978294033,True,2026-07-04T06:08:37.946738,2026-07-04T06:08:37.946738
90ca3022-024d-42f2-9f95-882d8fb831a9,Prabhakaran,Nair,Male,55,Widowed,9869469831,"950, Lake View",Vijayawada,Andhra Pradesh,529420,B+,Business,Aadhaar,927123994306,True,2026-07-04T06:08:37.946738,2026-07-04T06:08:37.946738
eb249799-20c2-4be7-86ca-4fb17ba3d16c,Deepak,Yadav,Male,30,Widowed,6454362380,"658, Gandhi Chowk",Varanasi,Uttar Pradesh,261063,AB+,Labourer,Aadhaar,423593328257,True,2026-07-04T06:08:37.946738,2026-07-04T06:08:37.946738
80b08305-a98e-4602-ab97-a816c04e2b50,Pushpa,Chetty,Female,29,Single,8127853390,"227, Church Street",Chennai,Tamil Nadu,636933,B+,Weaver,Aadhaar,437730005586,True,2026-07-04T06:08:37.946738,2026-07-04T06:08:37.946738
73006e29-8dd5-44a2-8047-9ea490e6189e,Sonal,Malhotra,Female,47,Divorced,8783718347,"234, MG Road",Agra,Uttar Pradesh,228743,B+,Farmer,Aadhaar,661443018473,True,2026-07-04T06:08:37.946738,2026-07-04T06:08:37.946738
03a4893d-2142-4de8-81dd-d7b76f39c808,Nithya,Ganapathy,Female,70,Widowed,9621028695,"664, Station Road",Hyderabad,Telangana,508606,B+,,Aadhaar,172786588537,True,2026-07-04T06:08:37.946738,2026-07-04T06:08:37.946738
db8ac125-0281-4c46-8662-eee8063d84ed,Sonali,Parekh,Female,17,Single,9593192932,"584, MG Road",Aurangabad,Maharashtra,434349,AB+,Clerk,Aadhaar,788906274127,True,2026-07-04T06:08:37.946738,2026-07-04T06:08:37.946738
44d4e86e-3221-4d8c-9d22-7417a4394b30,Lalrinchhana,Lotha,Male,29,Married,6579568368,"581, Lake View",Agartala,Tripura,799127,O+,Student,Aadhaar,350160744044,True,2026-07-04T06:08:37.946738,2026-07-04T06:08:37.946738
47fcb486-d5a2-4cd0-8db1-b9c142e25030,Trupti,Joshi,Female,83,Single,8165353422,"213, Civil Lines",Nagpur,Maharashtra,415987,B+,Tailor,Aadhaar,962780077208,True,2026-07-04T06:08:37.946738,2026-07-04T06:08:37.946738
b628992e-9c7a-4834-b508-0e8c1afeb921,Shanmugam,Hegde,Male,38,Married,7742413041,"499, Ring Road",Chennai,Tamil Nadu,637312,O+,Doctor,Aadhaar,956599624015,True,2026-07-04T06:08:37.946738,2026-07-04T06:08:37.946738
f9c47205-8ece-4937-bbe4-3b7a7a1bf387,Jayaraman,Lodha,Male,42,Single,8644701690,"495, Lake View",Jodhpur,Rajasthan,319597,O-,Accountant,Aadhaar,844211696670,True,2026-07-04T06:08:37.946738,2026-07-04T06:08:37.946738
5f69b929-4835-46ce-8b9c-e9b033a9c58f,Manisha,Longkumer,Female,7,Single,9275160446,"184, Gandhi Chowk",Indore,Madhya Pradesh,478313,A+,Tailor,Aadhaar,691360985681,True,2026-07-04T06:08:37.946738,2026-07-04T06:08:37.946738
1c41d177-0545-416b-8e6f-7c48f1d6cac3,Jayesh,Nanda,Male,8,Single,9210506411,"702, Ring Road",Thane,Maharashtra,439946,O+,Driver,Aadhaar,537083348600,True,2026-07-04T06:08:37.946738,2026-07-04T06:08:37.946738
6e0036e1-98b7-4be0-89a9-910d72d3b097,Dulal,Lalrinawma,Male,37,Widowed,7382238853,"484, Ring Road",Howrah,West Bengal,724301,O+,Clerk,Aadhaar,595275642589,True,2026-07-04T06:08:37.946738,2026-07-04T06:08:37.946738
c7d02d94-e5a5-4210-8095-0180b6306815,Shanthi,Panicker,Female,31,Widowed,7590581599,"786, Sector 12",Visakhapatnam,Andhra Pradesh,515639,A+,Carpenter,Aadhaar,127373867504,True,2026-07-04T06:08:37.946738,2026-07-04T06:08:37.946738
0da18957-c8ef-4d07-a386-7d0ca4f79f55,Sujatha,Mudaliar,Female,33,Divorced,8214712756,"77, Civil Lines",Visakhapatnam,Andhra Pradesh,520257,O+,Fisherman,Aadhaar,151310720678,True,2026-07-04T06:08:37.946738,2026-07-04T06:08:37.946738
184fff98-66c0-4973-9ba7-9591ea846747,Poonam,Singh,Female,72,Married,6786796049,"351, Sector 12",Lucknow,Uttar Pradesh,271504,B+,Doctor,Aadhaar,924121974355,True,2026-07-04T06:08:37.946738,2026-07-04T06:08:37.946738
964422f0-7b98-464c-a29b-ed36b74396ba,Krishnamurthy,Reddiar,Male,51,Single,6570579379,"252, Old Bazaar",Chennai,Tamil Nadu,637535,B+,Accountant,Aadhaar,857165880816,True,2026-07-04T06:08:37.946738,2026-07-04T06:08:37.946738
ea85d4a2-0070-4522-8c81-9f7dbc12518c,Shanmugam,Bhosale,Male,50,Single,8602861644,"234, Market Yard",Mumbai,Maharashtra,423738,O+,Weaver,Aadhaar,922931268341,True,2026-07-04T06:08:37.946738,2026-07-04T06:08:37.946738
695dec67-2c84-47e3-a39f-2d8e24ca90c7,Vipul,Nanda,Male,41,Married,8117395980,"580, College Road",Mumbai,Maharashtra,402103,O-,Driver,Aadhaar,411350809905,True,2026-07-04T06:08:37.946738,2026-07-04T06:08:37.946738
09cb998f-f7bb-4882-ace8-51b234212a51,Vimla,Sekhon,Female,54,Single,6716247535,"945, Market Yard",Bhopal,Madhya Pradesh,462511,A+,Nurse,Aadhaar,595921470446,True,2026-07-04T06:08:37.946738,2026-07-04T06:08:37.946738
d92a1a03-9fb5-4721-83c2-ddda652a0a47,Manpreet,Ahluwalia,Male,14,Single,6531070910,"589, Ring Road",Gwalior,Madhya Pradesh,450417,B+,Farmer,Aadhaar,265043351015,True,2026-07-04T06:08:37.946738,2026-07-04T06:08:37.946738
cca3b2e7-3aaa-4464-947c-4dd4fdc2f2c3,Mahua,Sahoo,Female,40,Widowed,7302773320,"792, Shivaji Nagar",Durgapur,West Bengal,713510,O+,Accountant,Aadhaar,146577624618,True,2026-07-04T06:08:37.946738,2026-07-04T06:08:37.946738
35a99b6f-e70a-432b-a754-d097a09d7209,Rajendra,Jadhav,Male,85,Divorced,8350159135,"959, Model Town",Vadodara,Gujarat,383288,O+,Tailor,Aadhaar,516388548234,True,2026-07-04T06:08:37.946738,2026-07-04T06:08:37.946738
97d77814-ea28-42e9-87cf-6176082f3236,Shanmugam,Hegde,Male,48,Single,9733740880,"835, Ambedkar Marg",Guntur,Andhra Pradesh,518043,B-,Software Engineer,Aadhaar,276616372780,True,2026-07-04T06:08:37.946738,2026-07-04T06:08:37.946738
59f6913c-7316-493b-ad03-de04313844c1,Jignesh,Bhosale,Male,34,Married,8613225993,"262, Lake View",Mumbai,Maharashtra,407340,,Retired,Aadhaar,211057087126,True,2026-07-04T06:08:37.946738,2026-07-04T06:08:37.946738
6d5899ee-00f1-46b2-8518-cafa59e09ffc,Jayanthi,Reddy,Female,16,Single,9606120516,"17, Sector 12",Madurai,Tamil Nadu,642426,AB+,Labourer,Aadhaar,237478784783,True,2026-07-04T06:08:37.946738,2026-07-04T06:08:37.946738
edfd0be1-cf74-43f3-9a4f-cbd4ee8fe883,Rajendra,Varma,Male,25,Divorced,7550154608,"177, Station Road",Mumbai,Maharashtra,433987,B-,Carpenter,Aadhaar,963758259724,True,2026-07-04T06:08:37.946738,2026-07-04T06:08:37.946738
19033bf1-977b-4026-85e7-529170f8e55e,Vivek,Gupta,Male,21,Married,8130598303,"911, Green Park",Delhi,Delhi,110005,A+,,Aadhaar,939137983327,True,2026-07-04T06:08:37.946738,2026-07-04T06:08:37.946738
6b91c92b-2c2a-431f-b95b-b2468c9a1c48,Prakash,Oswal,Male,8,Single,9545685360,"877, Hill Colony",Pune,Maharashtra,428864,O+,,Aadhaar,617441525655,True,2026-07-04T06:08:37.946738,2026-07-04T06:08:37.946738
eecbeb9d-7b84-4359-afc3-60fec116749b,Amandeep Kaur,Dave,Female,40,Single,7335483530,"528, Shivaji Nagar",Mumbai,Maharashtra,409346,O+,Doctor,Aadhaar,214310617088,True,2026-07-04T06:08:37.946738,2026-07-04T06:08:37.946738
8b43f623-526d-4083-a483-70ad24ad93ac,Dharmesh,Nanda,Male,19,Single,8915929556,"922, Shivaji Nagar",Kalyan,Maharashtra,421493,B+,Software Engineer,Aadhaar,138013675017,True,2026-07-04T06:08:37.946738,2026-07-04T06:08:37.946738
a9acd99d-e565-4021-86bf-616e013fbd1d,Meera,Rawat,Female,57,Single,9446316507,"12, River Side",Bhopal,Madhya Pradesh,481509,B+,Priest,Aadhaar,735529659897,True,2026-07-04T06:08:37.946738,2026-07-04T06:08:37.946738
e390a0f6-1254-4017-9f29-5517cbc1454a,Vaidehi,Subramaniam,Female,24,Widowed,8300058933,"262, Old Bazaar",Nellore,Andhra Pradesh,530970,A+,Doctor,Aadhaar,938989112242,True,2026-07-04T06:08:37.946738,2026-07-04T06:08:37.946738
1dc5ace5-f42f-4441-9f98-56f4e799fa3b,Kranti,Brar,Female,25,Married,6691057043,"730, Ring Road",Gurugram,Haryana,123070,AB+,Nurse,Aadhaar,194229643850,True,2026-07-04T06:08:37.946738,2026-07-04T06:08:37.946738
4ad1384e-b28b-489c-86f0-ad2816119ed8,Manikandan,Hegde,Male,81,Widowed,7704391021,"881, Lake View",Thiruvananthapuram,Kerala,687205,O+,Accountant,Aadhaar,282668696034,True,2026-07-04T06:08:37.946738,2026-07-04T06:08:37.946738
80d193c5-a037-4ebf-bbf4-7599afe66d85,Shilpa,Kelkar,Female,54,Divorced,7398952685,"51, Temple Road",Pune,Maharashtra,419432,B+,Nurse,Aadhaar,454197380790,True,2026-07-04T06:08:37.946738,2026-07-04T06:08:37.946738
3d9d2675-b374-4431-b811-71c12f908939,Surinder,Yadav,Male,16,Single,6163589383,"774, College Road",Varanasi,Uttar Pradesh,219390,O+,Potter,Aadhaar,370489939211,True,2026-07-04T06:08:37.946738,2026-07-04T06:08:37.946738
68d61df7-3bf3-4070-9e11-1d1b5a46767c,Payel,Ghosh,Female,41,Single,8250796657,"915, Temple Road",Bhagalpur,Bihar,808092,A+,Carpenter,Aadhaar,256523131074,True,2026-07-04T06:08:37.946738,2026-07-04T06:08:37.946738
ffbf075c-519c-432e-b45e-20ac0e2b3b51,Sudesh,Saxena,Female,6,Single,9349302636,"677, Market Yard",Saharanpur,Uttar Pradesh,240168,A+,Homemaker,Aadhaar,933133430849,True,2026-07-04T06:08:37.946738,2026-07-04T06:08:37.946738
8c3c1fa8-7718-4bb0-a1e7-2272fd03777c,Rina,Sanyal,Female,76,Divorced,7862099714,"709, Green Park",Bhubaneswar,Odisha,760539,O+,Fisherman,Aadhaar,363550142796,True,2026-07-04T06:08:37.946738,2026-07-04T06:08:37.946738
31497aee-fa39-4297-8ab5-f321fd810090,Chandrima,Subramaniam,Female,88,Widowed,8550590774,"683, Sector 12",Kolkata,West Bengal,723375,O+,Electrician,Aadhaar,342644074665,True,2026-07-04T06:08:37.946738,2026-07-04T06:08:37.946738
0a5dee90-98c7-4d05-83d3-2a628862b5ec,Savita,Sidhu,Female,12,Single,9145205850,"617, Ambedkar Marg",Raipur,Chhattisgarh,494837,A+,Doctor,Aadhaar,365274491822,True,2026-07-04T06:08:37.946738,2026-07-04T06:08:37.946738
1aa44408-f35a-4359-9eb9-fbf5fb583073,Priti,Desai,Female,54,Widowed,9594718999,"588, Lake View",Jaipur,Rajasthan,303443,O-,Priest,Aadhaar,836293963135,True,2026-07-04T06:08:37.946738,2026-07-04T06:08:37.946738
347c2978-593e-4023-bedb-bb0011c29976,Paresh,Kothari,Male,20,Single,8485031934,"839, Church Street",Nashik,Maharashtra,423094,B-,Tailor,Aadhaar,603904943777,True,2026-07-04T06:08:37.946738,2026-07-04T06:08:37.946738
ba0eeab4-9703-4b42-bb54-6c8bb73117b0,Chhaya,Dey,Female,13,Single,8938558242,"836, Station Road",Patna,Bihar,832758,A+,Homemaker,Aadhaar,353256627661,True,2026-07-04T06:08:37.946738,2026-07-04T06:08:37.946738
bc55a46d-cea4-4ab6-9e95-05da63105e64,Bandana,Bhattacharya,Female,6,Single,9317055967,"272, Green Park",Kolkata,West Bengal,722977,O+,Clerk,Aadhaar,288803791662,True,2026-07-04T06:08:37.946738,2026-07-04T06:08:37.946738
35e861a5-73dd-4f48-88aa-16c17c45e9b3,Urvashi,Sekhon,Female,19,Single,7527318353,"634, Gandhi Chowk",Delhi,Delhi,110026,O+,Carpenter,Aadhaar,260044955687,True,2026-07-04T06:08:37.946738,2026-07-04T06:08:37.946738
1bb4c4e5-1806-4602-9e80-c001bd78ea6a,Krupa,Pawar,Female,31,Widowed,7575169464,"846, Nehru Nagar",Surat,Gujarat,376116,B+,,Aadhaar,367228463517,True,2026-07-04T06:08:37.946738,2026-07-04T06:08:37.946738
759ac066-202d-4e20-ac36-6a97c37754d2,Ravichandran,Longkumer,Male,57,Divorced,9697346574,"565, River Side",Vijayawada,Andhra Pradesh,521300,B+,Software Engineer,Aadhaar,922001351670,True,2026-07-04T06:08:37.946738,2026-07-04T06:08:37.946738
dbc97ced-7f69-47dd-a570-95102d1e9174,Vandana,Vora,Female,83,Widowed,6844316831,"138, Old Bazaar",Kanpur,Uttar Pradesh,233362,A+,Doctor,Aadhaar,879568578192,True,2026-07-04T06:08:37.946738,2026-07-04T06:08:37.946738
dbd629be-bdbe-4592-bf6e-d69bc0dceefa,Heena,Shukla,Female,14,Single,7599597507,"276, River Side",Surat,Gujarat,363487,B+,Software Engineer,Aadhaar,122210741273,True,2026-07-04T06:08:37.946738,2026-07-04T06:08:37.946738
7d5f2af3-721b-413a-963d-a9dd09013531,Shilpa,Parekh,Female,10,Single,6871879492,"283, River Side",Gandhinagar,Gujarat,376516,O-,Weaver,Aadhaar,874944514161,True,2026-07-04T06:08:37.946738,2026-07-04T06:08:37.946738
a6451800-cbe9-41dc-b245-02bad6e4868e,Girish,Kalra,Male,22,Divorced,7922808627,"553, River Side",Chandigarh,Chandigarh,160041,A+,Teacher,Aadhaar,745784193840,True,2026-07-04T06:08:37.946738,2026-07-04T06:08:37.946738
c94db820-4d99-473b-80bb-636b0b0c16e4,Abhijit,Choudhury,Male,6,Single,7997368360,"186, MG Road",Patna,Bihar,842560,AB+,Driver,Aadhaar,546445302510,True,2026-07-04T06:08:37.946738,2026-07-04T06:08:37.946738
5c1c7ade-8d15-48ba-b35a-7ff7e9c6cb18,Chaitali,Adhikari,Female,32,Widowed,7859417815,"441, Sector 12",Ranchi,Jharkhand,829374,O+,Housewife,Aadhaar,812902878312,True,2026-07-04T06:08:37.946738,2026-07-04T06:08:37.946738
d1a13cc4-d2fd-4088-80ec-bf9b62ce0e48,Vijayan,Achari,Male,53,Married,8202531953,"173, MG Road",Chennai,Tamil Nadu,634677,O+,,Aadhaar,726657826297,True,2026-07-04T06:08:37.946738,2026-07-04T06:08:37.946738
a16248d5-ca1b-48c2-bce7-6006c74c1764,Rupa,Pal,Female,81,Widowed,6833560098,"935, Shivaji Nagar",Durgapur,West Bengal,739304,B+,Tailor,Aadhaar,949886719545,True,2026-07-04T06:08:37.946738,2026-07-04T06:08:37.946738
095fb1a8-dbd4-4976-8f12-cca7fcab3ae5,Nikhil,Kapoor,Male,62,Widowed,6474793903,"700, Station Road",Ahmedabad,Gujarat,393980,O+,Housewife,Aadhaar,774298449046,True,2026-07-04T06:08:37.946738,2026-07-04T06:08:37.946738
c85eeae1-20c4-462d-8a1b-1e4ddc427ae0,Nishita,Hazarika,Female,73,Widowed,7492660421,"145, Civil Lines",Guwahati,Assam,788868,A+,,Aadhaar,991121633048,True,2026-07-04T06:08:37.946738,2026-07-04T06:08:37.946738
d9717b0c-966f-40a9-8ca5-3a4cb2b01c58,Akum,Panda,Male,10,Single,9912740386,"560, Model Town",Howrah,West Bengal,718518,O+,Housewife,Aadhaar,570841541976,True,2026-07-04T06:08:37.946738,2026-07-04T06:08:37.946738
b907c457-0a28-41c2-abad-d340091d5c4a,Kamala,Warrier,Female,5,Single,8634309614,"806, Ring Road",Vijayawada,Andhra Pradesh,516807,B+,Engineer,Aadhaar,922861917349,True,2026-07-04T06:08:37.946738,2026-07-04T06:08:37.946738
ebad0101-9da8-4ab0-9c41-08cd8057f431,Girish,Anand,Male,53,Married,9893001383,"521, Lake View",Bhopal,Madhya Pradesh,461685,B+,Teacher,Aadhaar,602934875310,True,2026-07-04T06:08:37.946738,2026-07-04T06:08:37.946738
46f92129-5850-4576-9529-31dda496df48,Baldev,Saxena,Male,46,Married,6509620403,"211, Ambedkar Marg",Ludhiana,Punjab,149518,O+,Driver,Aadhaar,529441262209,True,2026-07-04T06:08:37.946738,2026-07-04T06:08:37.946738
05bf1372-cbb9-4862-b616-6b2a3e9bcc7e,Vijayan,Krishnan,Male,55,Divorced,8319984231,"963, Sector 12",Salem,Tamil Nadu,626818,A+,Nurse,Aadhaar,998462046182,True,2026-07-04T06:08:37.946738,2026-07-04T06:08:37.946738
bdaa7fd0-f481-4c47-af21-afaa2ee5dec2,Riya,Kadam,Female,11,Single,6784614627,"118, Ambedkar Marg",Jalgaon,Maharashtra,410416,AB+,Student,Aadhaar,382351549231,True,2026-07-04T06:08:37.946738,2026-07-04T06:08:37.946738
7c046137-336c-4ef4-8728-f6969457bb6f,Saroja,Hegde,Female,24,Married,9315594657,"131, Lake View",Bangalore,Karnataka,561170,B+,,Aadhaar,303530184454,True,2026-07-04T06:08:37.946738,2026-07-04T06:08:37.946738
f3c5f1f9-615c-4aa8-8f2e-24bdcbaa4635,Vinod,Agarwal,Male,58,Divorced,6811758502,"957, Lake View",Jhansi,Uttar Pradesh,225769,A+,Teacher,Aadhaar,271577885068,True,2026-07-04T06:08:37.946738,2026-07-04T06:08:37.946738
277a04ed-c797-4eba-b517-868f4f5384c1,Mahua,Bhalla,Female,17,Single,9264387203,"970, Ring Road",Durgapur,West Bengal,733135,O+,Housewife,Aadhaar,584133786322,True,2026-07-04T06:08:37.946738,2026-07-04T06:08:37.946738
16f484f7-d40c-47d1-b630-51bfb98ce45f,Manas,Chakraborty,Male,8,Single,8160895260,"115, Gandhi Chowk",Bhubaneswar,Odisha,764433,,Fisherman,Aadhaar,456193666183,True,2026-07-04T06:08:37.946738,2026-07-04T06:08:37.946738
71df4202-d819-477f-978c-606e18550ffb,Priya,Sethi,Female,68,Married,7918380516,"644, Nehru Nagar",Delhi,Delhi,110073,,Electrician,Aadhaar,523676147636,True,2026-07-04T06:08:37.946738,2026-07-04T06:08:37.946738
3443d68b-9bab-4c79-ab69-1d59eec449f4,Rajni,Saxena,Female,28,Divorced,9264430586,"466, Hill Colony",Lucknow,Uttar Pradesh,248204,O+,Fisherman,Aadhaar,529356584845,True,2026-07-04T06:08:37.946738,2026-07-04T06:08:37.946738
260239e2-4579-4915-8e78-05fc4db06509,Urmi,Sanyal,Female,25,Divorced,7531892193,"129, Church Street",Cuttack,Odisha,757820,O-,Nurse,Aadhaar,587273968867,True,2026-07-04T06:08:37.946738,2026-07-04T06:08:37.946738
6f466ec3-8366-451b-aaba-739de0039552,Geetha,Kamath,Female,21,Single,7883087208,"676, New Colony",Hyderabad,Telangana,505955,AB+,Potter,Aadhaar,805984461759,True,2026-07-04T06:08:37.946738,2026-07-04T06:08:37.946738
84b17eb0-35a8-416b-96cc-f87b755f22e1,Riya,Kelkar,Female,6,Single,9154638116,"205, Model Town",Nashik,Maharashtra,422131,B+,Retired,Aadhaar,299422992997,True,2026-07-04T06:08:37.946738,2026-07-04T06:08:37.946738
d37b7f59-cac2-4944-bc78-b342666c5b03,Pallavi,Doley,Female,24,Divorced,7261794917,"422, Old Bazaar",Delhi,Delhi,110060,O+,Potter,Aadhaar,771373029551,True,2026-07-04T06:08:37.946738,2026-07-04T06:08:37.946738
fd77cad3-cac5-4f3c-bc44-daa7d33052b0,Suresh,Chauhan,Male,56,Widowed,8317977183,"762, Shivaji Nagar",Bilaspur,Chhattisgarh,491745,O+,Homemaker,Aadhaar,593183597777,True,2026-07-04T06:08:37.946738,2026-07-04T06:08:37.946738
73de07dd-19a3-4994-ae4b-19310177b87e,Janaki,Gowda,Female,19,Single,7545802434,"122, Hill Colony",Chennai,Tamil Nadu,640521,B+,Priest,Aadhaar,409165932321,True,2026-07-04T06:08:37.946738,2026-07-04T06:08:37.946738
f4f0db0f-0379-4ee6-9746-16e34a257537,Vikram,Sethi,Male,47,Divorced,9612046054,"175, MG Road",Srinagar,Jammu and Kashmir,189604,A+,Tailor,Aadhaar,590407241407,True,2026-07-04T06:08:37.946738,2026-07-04T06:08:37.946738
95a466bd-b692-4837-946a-be1cf6955542,Vinod,Pandey,Male,86,Widowed,9260509374,"114, Model Town",Shimla,Himachal Pradesh,176196,O+,Engineer,Aadhaar,980397733302,True,2026-07-04T06:08:37.946738,2026-07-04T06:08:37.946738
3737ac08-c570-49ed-b72c-e8f35ff9c402,Bhavani,Bhandari,Female,71,Married,9442059298,"928, Station Road",Delhi,Delhi,110007,B+,Government Employee,Aadhaar,471226692144,True,2026-07-04T06:08:37.946738,2026-07-04T06:08:37.946738
8e903289-b31c-4d85-a140-a8e5e3a9140e,Rajagopal,Chetty,Male,89,Married,6425032890,"390, Model Town",Bangalore,Karnataka,589640,B+,Weaver,Aadhaar,515309834558,True,2026-07-04T06:08:37.946738,2026-07-04T06:08:37.946738
5b81d9d9-ff00-4e31-90bc-dcc3058189ab,Malathi,Ramanathan,Female,31,Widowed,7624877670,"289, Sector 12",Tiruchirappalli,Tamil Nadu,605460,AB+,Engineer,Aadhaar,451815123692,True,2026-07-04T06:08:37.946738,2026-07-04T06:08:37.946738
51d6a640-f71e-47fe-9129-0b6df9ed49d4,Rohit,Agarwal,Male,6,Single,7936312468,"90, Gandhi Chowk",Delhi,Delhi,110002,A+,Driver,Aadhaar,179961384732,True,2026-07-04T06:08:37.946738,2026-07-04T06:08:37.946738
0d29cc45-dd69-4868-b02f-42baa5a92c3b,Bhavesh,More,Male,89,Married,6856072762,"143, Model Town",Jaipur,Rajasthan,306319,O+,,Aadhaar,855019141674,True,2026-07-04T06:08:37.946738,2026-07-04T06:08:37.946738
ea8fb43d-6320-4554-b5ed-ffcf783d2d9f,Pravin,Gaikwad,Male,51,Divorced,7603810893,"295, River Side",Nashik,Maharashtra,404016,B+,Engineer,Aadhaar,388612011934,True,2026-07-04T06:08:37.946738,2026-07-04T06:08:37.946738
86fe0c38-961e-48a2-8051-32099d8f3ebe,Ashoke,Biswas,Male,38,Single,7523771505,"651, River Side",Bhubaneswar,Odisha,760723,B+,Shopkeeper,Aadhaar,908934580465,True,2026-07-04T06:08:37.946738,2026-07-04T06:08:37.946738
6a4d9fd8-0c8b-4a5b-8a54-121a15f5245c,Kishor,Joshi,Male,39,Divorced,8886960612,"62, New Colony",Surat,Gujarat,388187,O+,Weaver,Aadhaar,920240689400,True,2026-07-04T06:08:37.946738,2026-07-04T06:08:37.946738
624e35f8-2fe2-4630-87be-18af7bc9fd71,Vijayan,Pillai,Male,50,Widowed,8584028801,"367, Green Park",Chennai,Tamil Nadu,624278,B+,Driver,Aadhaar,309358049240,True,2026-07-04T06:08:37.946738,2026-07-04T06:08:37.946738
5d723fd7-0b2e-4e1c-8027-8a4af1751511,Dharmesh,Doshi,Male,10,Single,9598637732,"464, Shivaji Nagar",Jaipur,Rajasthan,310312,A+,Farmer,Aadhaar,451277924680,True,2026-07-04T06:08:37.946738,2026-07-04T06:08:37.946738
f22ec203-439a-4156-baf5-3ba58030ecbb,Simran,Dubey,Female,41,Single,7332995309,"98, MG Road",Chandigarh,Chandigarh,160051,B+,,Aadhaar,273483315027,True,2026-07-04T06:08:37.946738,2026-07-04T06:08:37.946738
28ff089a-2213-4dd1-9069-8e9094d593c1,Rupa,Behera,Female,59,Divorced,9271606116,"500, Nehru Nagar",Kolkata,West Bengal,723159,B-,Driver,Aadhaar,420438136850,True,2026-07-04T06:08:37.946738,2026-07-04T06:08:37.946738
6be29eb9-32cc-47ea-bdea-d4a155b29941,Sachin,Pandya,Male,81,Widowed,9756729233,"125, New Colony",Solapur,Maharashtra,408483,B+,Clerk,Aadhaar,241150224141,True,2026-07-04T06:08:37.946738,2026-07-04T06:08:37.946738
17bd5f9c-2e99-4988-bce9-dbe22581923e,Kajal,Vora,Female,25,Single,8780614261,"938, Green Park",Jamnagar,Gujarat,378385,B+,Driver,Aadhaar,241312394717,True,2026-07-04T06:08:37.946738,2026-07-04T06:08:37.946738
72d84a47-44e1-46e3-92a4-37d385d40bc6,Payel,Choudhury,Female,38,Divorced,9120827680,"321, Lake View",Gaya,Bihar,806265,B+,Driver,Aadhaar,608914714231,True,2026-07-04T06:08:37.946738,2026-07-04T06:08:37.946738
f8e469e2-6612-4727-99a8-fa2c740e1b31,Pallavi,Bedi,Female,28,Married,9364769288,"229, MG Road",Faridabad,Haryana,126362,B+,Accountant,Aadhaar,633950487429,True,2026-07-04T06:08:37.946738,2026-07-04T06:08:37.946738
d0620dfb-dbe0-47bc-aacd-03e62ad1743b,Bornali,Mehta,Female,38,Single,8366531138,"810, Temple Road",Udaipur,Rajasthan,328722,A+,Shopkeeper,Aadhaar,422741278486,True,2026-07-04T06:08:37.946738,2026-07-04T06:08:37.946738
140e692d-03ac-489e-a913-05de7aa58924,Harpreet,Agarwal,Male,41,Divorced,9696210575,"161, New Colony",Delhi,Delhi,110057,A+,Government Employee,Aadhaar,873943574861,True,2026-07-04T06:08:37.946738,2026-07-04T06:08:37.946738
aa349030-36f7-4371-b5da-2496472bd062,Kavita,Longkumer,Female,40,Widowed,7438517221,"852, Temple Road",Bangalore,Karnataka,578027,O+,Driver,Aadhaar,771417679439,True,2026-07-04T06:08:37.946738,2026-07-04T06:08:37.946738
b52cbf44-adbc-4f20-9eea-dfa9f8b3f125,Kuldeep,Pandey,Male,24,Divorced,6172901335,"144, Shivaji Nagar",Jabalpur,Madhya Pradesh,456702,B+,Labourer,Aadhaar,470900838824,True,2026-07-04T06:08:37.946738,2026-07-04T06:08:37.946738
29f95b54-e704-4514-bffa-218065fd30d8,Ramesh Babu,Namboothiri,Male,52,Single,6974416854,"213, Market Yard",Thrissur,Kerala,675213,O+,Government Employee,Aadhaar,808912330377,True,2026-07-04T06:08:37.946738,2026-07-04T06:08:37.946738
4efa20f7-584e-4532-a19e-bd7062dce19e,Vikram,Rathore,Male,58,Single,7637497841,"328, Old Bazaar",Gurugram,Haryana,127350,A+,Farmer,Aadhaar,642409871048,True,2026-07-04T06:08:37.946738,2026-07-04T06:08:37.946738
e1a596f0-7b79-427c-bba4-bab25bef5086,Nitin,Yadav,Male,53,Single,9107679805,"358, Gandhi Chowk",Raipur,Chhattisgarh,494765,AB+,Student,Aadhaar,689064453468,True,2026-07-04T06:08:37.946738,2026-07-04T06:08:37.946738
a09b8436-69f5-4a1d-87f4-bc2bd2194836,Vinod,Srivastava,Male,49,Single,8459151333,"201, Old Bazaar",Jalandhar,Punjab,148531,B+,,Aadhaar,837237186326,True,2026-07-04T06:08:37.946738,2026-07-04T06:08:37.946738
b218402f-dd74-432b-8337-88f6927c68be,Varsha,Dave,Female,11,Single,8994351449,"707, Model Town",Navi Mumbai,Maharashtra,438880,A+,Teacher,Aadhaar,723757284548,True,2026-07-04T06:08:37.946738,2026-07-04T06:08:37.946738
9bbc0283-addc-487e-b4b7-83b1ce05c474,Madhavi,Lodha,Female,5,Single,9873061127,"336, Market Yard",Nashik,Maharashtra,425609,B+,Electrician,Aadhaar,416095593021,True,2026-07-04T06:08:37.946738,2026-07-04T06:08:37.946738
46cf5900-8c33-47f3-b182-d75f54f39749,Jyotish,Iyer,Male,5,Single,8577880194,"391, River Side",Faridabad,Haryana,123614,O+,Priest,Aadhaar,913566301631,True,2026-07-04T06:08:37.946738,2026-07-04T06:08:37.946738
5b19ffdf-03b6-4097-932d-1cb29cc9f41b,Meera,Gowda,Female,25,Widowed,9959591246,"937, Model Town",Faridabad,Haryana,122972,AB+,Carpenter,Aadhaar,623694137781,True,2026-07-04T06:08:37.946738,2026-07-04T06:08:37.946738
d406a023-1515-463e-9417-b99b88d45429,Yashpal,Bhandari,Male,8,Single,8124222483,"720, River Side",Delhi,Delhi,110062,O+,Housewife,Aadhaar,515228931007,True,2026-07-04T06:08:37.946738,2026-07-04T06:08:37.946738
92c9d20c-7239-4672-b73c-d63a889c3c93,Amit,Verma,Male,32,Married,8862251199,"289, Green Park",Delhi,Delhi,110026,,Government Employee,Aadhaar,358505791479,True,2026-07-04T06:08:37.946738,2026-07-04T06:08:37.946738
dd8303d1-3e82-48ab-90c7-583d6adcd135,Chhaya,Guha,Female,76,Married,8490879384,"91, New Colony",Jamshedpur,Jharkhand,825036,B+,Student,Aadhaar,511895184355,True,2026-07-04T06:08:37.946738,2026-07-04T06:08:37.946738
69445245-daa3-4615-b322-d85304470439,Prabhakaran,Ramanathan,Male,41,Widowed,7974270101,"689, Green Park",Chennai,Tamil Nadu,635539,B+,Engineer,Aadhaar,254123923665,True,2026-07-04T06:08:37.946738,2026-07-04T06:08:37.946738
666af0a3-2703-4687-93ad-2537cf4c400c,Shweta,Mudaliar,Female,42,Single,8680047190,"648, Station Road",Panipat,Haryana,134945,A+,Housewife,Aadhaar,187601656984,True,2026-07-04T06:08:37.946738,2026-07-04T06:08:37.946738
995517c5-d781-4365-8dc3-b804e33afa8b,Debolina,Nayak,Female,76,Single,7834450885,"727, Old Bazaar",Cuttack,Odisha,767030,O+,Clerk,Aadhaar,672926992893,True,2026-07-04T06:08:37.946738,2026-07-04T06:08:37.946738
063a2a66-be6b-4657-a716-00e17e455ff1,Kranti,Kothari,Female,31,Single,7869015924,"1, Lake View",Aurangabad,Maharashtra,407065,B+,Weaver,Aadhaar,929967354451,True,2026-07-04T06:08:37.946738,2026-07-04T06:08:37.946738
c3d39376-0ded-42b6-bc62-e5ca21baf0d4,Manasi,Venkataraman,Female,16,Single,6322358401,"191, Gandhi Chowk",Mangalore,Karnataka,562197,O+,Nurse,Aadhaar,545223117643,True,2026-07-04T06:08:37.946738,2026-07-04T06:08:37.946738
9a02ccf4-ee3c-4521-964d-5027c6d324e6,Girish,Aggarwal,Male,21,Divorced,6829196781,"504, Nehru Nagar",Kanpur,Uttar Pradesh,266536,,Weaver,Aadhaar,524333456237,True,2026-07-04T06:08:37.946738,2026-07-04T06:08:37.946738
aae3099c-739d-4477-98f5-5d4186a205e8,Debashish,Chettiar,Male,40,Married,9370750852,"557, Gandhi Chowk",Visakhapatnam,Andhra Pradesh,517719,O+,Priest,Aadhaar,518564690077,True,2026-07-04T06:08:37.946738,2026-07-04T06:08:37.946738
cf5c38ee-1b7c-40c1-91aa-c3c60f275604,Ashwini,Bafna,Female,76,Single,9201955830,"11, Shivaji Nagar",Kolhapur,Maharashtra,438891,A+,Plumber,Aadhaar,299724881084,True,2026-07-04T06:08:37.946738,2026-07-04T06:08:37.946738
7c7b933d-027e-40f1-ae94-b9c2ddff0e90,Divya,Naidu,Female,43,Divorced,7585037029,"301, Station Road",Bangalore,Karnataka,561305,O+,Doctor,Aadhaar,315078306992,True,2026-07-04T06:08:37.946738,2026-07-04T06:08:37.946738
6fe24f2c-ba89-434e-9469-13987f709d0f,Kavya,Pai,Female,7,Single,8833401240,"598, Green Park",Hyderabad,Telangana,503748,A+,Doctor,Aadhaar,242331803036,True,2026-07-04T06:08:37.946738,2026-07-04T06:08:37.946738
990b92b7-2900-4910-9c9d-8a121ae770d2,Muthukumar,Ramamurthy,Male,31,Married,9608586409,"35, Sector 12",Vijayawada,Andhra Pradesh,529297,B+,Engineer,Aadhaar,493696898636,True,2026-07-04T06:08:37.946738,2026-07-04T06:08:37.946738
3f2e4d2b-2f6f-474a-9036-84cf8d661433,Padma,Bhat,Female,67,Single,9808521384,"560, Church Street",Thiruvananthapuram,Kerala,688264,O+,Carpenter,Aadhaar,226328971585,True,2026-07-04T06:08:37.946738,2026-07-04T06:08:37.946738
225c4bb6-4291-4920-a117-b0eb120d29eb,Ashish,Mehta,Male,7,Single,6221067160,"538, Sector 12",Solapur,Maharashtra,438377,B+,Business,Aadhaar,982531551438,True,2026-07-04T06:08:37.946738,2026-07-04T06:08:37.946738
fb81134c-918d-444a-9534-27435e003076,Anand,Bhagat,Male,32,Married,7816274216,"131, Lake View",Thane,Maharashtra,409530,A+,Plumber,Aadhaar,718787062692,True,2026-07-04T06:08:37.946738,2026-07-04T06:08:37.946738
ee1052ac-287b-4f27-b727-548e52142f99,Jayaraman,Rathi,Male,50,Married,8938197230,"405, MG Road",Amravati,Maharashtra,412623,A+,Retired,Aadhaar,921303923106,True,2026-07-04T06:08:37.946738,2026-07-04T06:08:37.946738
2b0eaf0b-2b55-42fb-9f51-32325a65bb86,Venkatesh,Ganapathy,Male,88,Widowed,9930108912,"77, College Road",Hyderabad,Telangana,500507,B+,Weaver,Aadhaar,946733749018,True,2026-07-04T06:08:37.946738,2026-07-04T06:08:37.946738
40204f98-5339-47ac-802d-c6f6fc1fd8d9,Rajagopal,Ramamurthy,Male,32,Widowed,8604564045,"524, Green Park",Salem,Tamil Nadu,625304,A+,Software Engineer,Aadhaar,851290514213,True,2026-07-04T06:08:37.946738,2026-07-04T06:08:37.946738
00bc59ac-5a54-4bb4-a9b0-70f20db9216d,Zohmingliana,Pillai,Male,12,Single,8775513932,"275, Sector 12",Hyderabad,Telangana,504735,B+,Driver,Aadhaar,308589445796,True,2026-07-04T06:08:37.946738,2026-07-04T06:08:37.946738
da315eeb-d33c-4bc8-b25a-7a43d5aa819f,Sarita,Bansal,Female,20,Single,9819068385,"675, Model Town",Dharamshala,Himachal Pradesh,177295,B+,Potter,Aadhaar,852435174781,True,2026-07-04T06:08:37.946738,2026-07-04T06:08:37.946738
4dd383f9-7f3c-4436-a845-435039e22e3b,Renu,Mishra,Female,38,Widowed,7320905013,"613, Old Bazaar",Agra,Uttar Pradesh,224997,AB+,Clerk,Aadhaar,888059253876,True,2026-07-04T06:08:37.946738,2026-07-04T06:08:37.946738
3537748e-7e89-4a5f-8b85-759fc1725a5e,Poonam,Mishra,Female,30,Divorced,9103507992,"69, Model Town",Karnal,Haryana,134304,AB+,Tailor,Aadhaar,742315125872,True,2026-07-04T06:08:37.946738,2026-07-04T06:08:37.946738
d3be3ff8-04cd-466b-b59e-b296fc5c9942,Komal,Lodha,Female,29,Married,9569410109,"397, Old Bazaar",Ahmedabad,Gujarat,367828,O+,Potter,Aadhaar,143183757912,True,2026-07-04T06:08:37.946738,2026-07-04T06:08:37.946738
697d959f-9ba0-4030-b080-e09d50527890,Murugan,Pal,Male,39,Married,6110582904,"115, Old Bazaar",Bangalore,Karnataka,580460,A+,Labourer,Aadhaar,764080592983,True,2026-07-04T06:08:37.946738,2026-07-04T06:08:37.946738
e8ad9871-69f8-4ebf-a430-fc39923591b4,Vimla,Rathore,Female,28,Single,9318121210,"555, New Colony",Hisar,Haryana,121286,O-,Fisherman,Aadhaar,400536410991,True,2026-07-04T06:08:37.946738,2026-07-04T06:08:37.946738
a6daadf2-7b5e-46ed-a1ac-3fae6ce834c9,Meenakshi,Chavan,Female,21,Single,8215305817,"4, Civil Lines",Mumbai,Maharashtra,443986,O+,Homemaker,Aadhaar,333844498957,True,2026-07-04T06:08:37.946738,2026-07-04T06:08:37.946738
254f868d-5e86-4ba4-8269-2bce237d2cb5,Ravi,Mukherjee,Male,12,Single,8320255331,"903, Green Park",Noida,Uttar Pradesh,258233,A+,,Aadhaar,776489816203,True,2026-07-04T06:08:37.946738,2026-07-04T06:08:37.946738
6d14ea5d-0f6a-4de3-a67b-0ca1cd08a754,Ananya,Bagchi,Female,40,Single,9322405123,"224, Old Bazaar",Kolkata,West Bengal,723152,B+,Shopkeeper,Aadhaar,758759696106,True,2026-07-04T06:08:37.946738,2026-07-04T06:08:37.946738
08f4bed1-642f-4355-8142-f7e666a89c37,Rekha,Gupta,Female,54,Divorced,8486032279,"391, MG Road",Dehradun,Uttarakhand,260088,B+,Nurse,Aadhaar,483346987022,True,2026-07-04T06:08:37.946738,2026-07-04T06:08:37.946738
add56b10-5986-4663-811d-165b6b030459,Venkatesh,Ganapathy,Male,69,Single,6509572465,"374, Nehru Nagar",Bangalore,Karnataka,584927,O+,Student,Aadhaar,708576734458,True,2026-07-04T06:08:37.946738,2026-07-04T06:08:37.946738
6f50e4a5-1ed1-4bee-a476-f17f0f7b4df6,Vaibhav,Rathi,Male,39,Widowed,7345982087,"420, Ring Road",Sangli,Maharashtra,410921,B+,Engineer,Aadhaar,819718875568,True,2026-07-04T06:08:37.946738,2026-07-04T06:08:37.946738
3c5032e0-6628-436a-a4f3-b1f2c90eb58f,Rahul,Hegde,Male,31,Married,6929826679,"104, Sector 12",Bangalore,Karnataka,586781,A+,Potter,Aadhaar,506994795849,True,2026-07-04T06:08:37.946738,2026-07-04T06:08:37.946738
866dd283-6e81-4a40-bcac-93367ece3cf8,Jignesh,Mudaliar,Male,68,Married,6522845630,"139, Station Road",Pune,Maharashtra,403169,B+,Labourer,Aadhaar,507310130809,True,2026-07-04T06:08:37.946738,2026-07-04T06:08:37.946738
0c87bbda-8fa6-4f67-aa4d-980940e9390d,Padma,Nair,Female,26,Married,9245926081,"1, Ring Road",Hyderabad,Telangana,507550,B+,Potter,Aadhaar,896894541203,True,2026-07-04T06:08:37.946738,2026-07-04T06:08:37.946738
c47bb07f-8771-4dd7-b136-fc0091367d22,Debolina,Dey,Female,33,Widowed,9279202708,"516, Green Park",Berhampur,Odisha,755137,A+,Homemaker,Aadhaar,430033645092,True,2026-07-04T06:08:37.946738,2026-07-04T06:08:37.946738
ec07243e-dee8-4667-89d5-005b61069b14,Rahul,Gaikwad,Male,31,Married,7567654869,"794, Shivaji Nagar",Udaipur,Rajasthan,330488,A+,Fisherman,Aadhaar,434121657286,True,2026-07-04T06:08:37.946738,2026-07-04T06:08:37.946738
b51360e4-5a1c-41a2-bfcd-21c272ffbd43,Bhuvana,Kothari,Female,8,Single,8319786814,"475, Shivaji Nagar",Vasai-Virar,Maharashtra,427250,O-,Business,Aadhaar,211337349422,True,2026-07-04T06:08:37.946738,2026-07-04T06:08:37.946738
798121fb-e62f-4df3-a682-a3a566af3f95,Ananya,Ramanathan,Female,31,Divorced,6614814659,"70, Church Street",Tirunelveli,Tamil Nadu,621723,O+,,Aadhaar,259348881878,True,2026-07-04T06:08:37.946738,2026-07-04T06:08:37.946738
166f1e5f-abbd-41d0-a27f-ab4892f84f5d,Gurmeet Kaur,Goyal,Female,33,Divorced,8767623327,"335, Ring Road",Gurugram,Haryana,127029,O+,Doctor,Aadhaar,635833645111,True,2026-07-04T06:08:37.946738,2026-07-04T06:08:37.946738
bb0c5405-bcff-4535-897c-1232ddd3a44d,Savita,Agarwal,Female,13,Single,9454498073,"677, Market Yard",Jhansi,Uttar Pradesh,284258,O+,Housewife,Aadhaar,402296503737,True,2026-07-04T06:08:37.946738,2026-07-04T06:08:37.946738
621bfe87-6cef-4b64-a551-143fc8c92747,Kajal,Gandhi,Female,5,Single,7558392726,"561, River Side",Aurangabad,Maharashtra,416722,AB-,Engineer,Aadhaar,387923702567,True,2026-07-04T06:08:37.946738,2026-07-04T06:08:37.946738
5bde92c7-88af-4c54-9ad6-844f09e5f86b,Doyel,Sanyal,Female,17,Single,8762282187,"746, Church Street",Bhagalpur,Bihar,830732,O-,Accountant,Aadhaar,997224362940,True,2026-07-04T06:08:37.946738,2026-07-04T06:08:37.946738
b780426b-ace3-4e49-a5a1-4ab1d62b4426,Renu,Bhandari,Female,17,Single,7342879209,"835, MG Road",Bhopal,Madhya Pradesh,478435,B+,Plumber,Aadhaar,898746927070,True,2026-07-04T06:08:37.946738,2026-07-04T06:08:37.946738
e153ad47-7d2e-44f3-8d6b-e4fd201eda84,Anjali,Rathore,Female,39,Single,9264559794,"949, Ambedkar Marg",Gurugram,Haryana,132426,B+,Fisherman,Aadhaar,463210664815,True,2026-07-04T06:08:37.946738,2026-07-04T06:08:37.946738
fbf5f6e9-f99e-4e88-bb5d-bb80a3e842ec,Manisha,Ahluwalia,Female,12,Single,9975164910,"443, Shivaji Nagar",Ghaziabad,Uttar Pradesh,255294,,Clerk,Aadhaar,633588192570,True,2026-07-04T06:08:37.946738,2026-07-04T06:08:37.946738
01401d1d-c391-42ae-8f4f-60ddb1af146a,Lata,Goyal,Female,28,Single,8270931110,"613, Old Bazaar",Hisar,Haryana,130724,B+,Engineer,Aadhaar,111757173243,True,2026-07-04T06:08:37.946738,2026-07-04T06:08:37.946738
16430cef-610b-419f-b135-5ac0ac18c285,Sameer,Chavan,Male,26,Married,7412913089,"864, Church Street",Vadodara,Gujarat,383413,B+,Student,Aadhaar,208792130381,True,2026-07-04T06:08:37.946738,2026-07-04T06:08:37.946738
fe5ec971-93d8-4f6c-89b7-82e0e4bb0318,Vishal,Doshi,Male,5,Single,9215468554,"274, River Side",Margao,Goa,403299,B+,Homemaker,Aadhaar,607085066930,True,2026-07-04T06:08:37.946738,2026-07-04T06:08:37.946738
dcb87adc-6270-410a-a9f9-a13ed5d98d44,Sarika,Salunkhe,Female,53,Married,9463630835,"681, Station Road",Pune,Maharashtra,430977,A+,Plumber,Aadhaar,875900828956,True,2026-07-04T06:08:37.946738,2026-07-04T06:08:37.946738
38349773-49cd-4da9-95f1-32e49243a42d,Vani,Gowda,Female,69,Single,6185312145,"61, River Side",Kollam,Kerala,673858,O+,Business,Aadhaar,409553076971,True,2026-07-04T06:08:37.946738,2026-07-04T06:08:37.946738
1492f225-c182-4b63-80fc-27d7e3a60d7a,Pooja,Chutia,Female,42,Widowed,7608124995,"672, Nehru Nagar",Lucknow,Uttar Pradesh,248738,O+,,Aadhaar,378329460257,True,2026-07-04T06:08:37.946738,2026-07-04T06:08:37.946738
0f80b39c-2670-4c23-98c2-d01bb493e454,Foram,Vora,Female,31,Divorced,8906932134,"581, Station Road",Thane,Maharashtra,400488,A+,Government Employee,Aadhaar,469317232018,True,2026-07-04T06:08:37.946738,2026-07-04T06:08:37.946738
9cefda7c-83f5-427c-8a82-ddf6ef56ef4e,Ashok,Gandhi,Male,13,Single,6927704564,"10, Church Street",Delhi,Delhi,110092,O+,,Aadhaar,948182160494,True,2026-07-04T06:08:37.946738,2026-07-04T06:08:37.946738
91366f94-bef8-4120-a652-4e8755dce0ee,Ashish,Rabha,Male,23,Single,9926471790,"973, Nehru Nagar",Nashik,Maharashtra,429816,B-,Shopkeeper,Aadhaar,601462229134,True,2026-07-04T06:08:37.946738,2026-07-04T06:08:37.946738
4fb80ae8-505f-4cce-9827-b6fd8d53b2cc,Senthil,Panicker,Male,14,Single,9753651567,"586, Civil Lines",Bangalore,Karnataka,590248,O+,Tailor,Aadhaar,816793591138,True,2026-07-04T06:08:37.946738,2026-07-04T06:08:37.946738
07b8e843-7909-4c07-899a-0f7383248954,Jayanta,Guha,Male,54,Married,7982086565,"461, Civil Lines",Dhanbad,Jharkhand,826009,O+,Engineer,Aadhaar,689585771657,True,2026-07-04T06:08:37.946738,2026-07-04T06:08:37.946738
ecee977f-6139-495b-a097-5751120d2160,Kavita,Aggarwal,Female,59,Single,8937169446,"119, Civil Lines",Delhi,Delhi,110050,B+,Accountant,Aadhaar,851680314093,True,2026-07-04T06:08:37.946738,2026-07-04T06:08:37.946738
36494a6c-1d36-435c-8a09-446e6f152a36,Sonal,Shetty,Female,42,Widowed,8546220954,"166, College Road",Ghaziabad,Uttar Pradesh,227751,A+,Potter,Aadhaar,862538456066,True,2026-07-04T06:08:37.946738,2026-07-04T06:08:37.946738
20afaaad-af07-48c2-b54b-3070dbf7dcd1,Deepak,Bhandari,Male,6,Single,7221730927,"784, Market Yard",Faridabad,Haryana,126531,O+,Potter,Aadhaar,235337767849,True,2026-07-04T06:08:37.946738,2026-07-04T06:08:37.946738
687d3675-1199-49e9-b283-0268d129bab8,Asha,Sethi,Female,16,Single,7685516192,"968, Sector 12",Raipur,Chhattisgarh,495942,O+,Potter,Aadhaar,276366101711,True,2026-07-04T06:08:37.946738,2026-07-04T06:08:37.946738
6ca5b0ea-c986-4419-8e8c-fc8aae805866,Ranganathan,Warrier,Male,43,Divorced,6966804968,"525, Temple Road",Chennai,Tamil Nadu,613918,O+,Electrician,Aadhaar,867715673235,True,2026-07-04T06:08:37.946738,2026-07-04T06:08:37.946738
b2b5c21f-aaea-4e17-88de-e4f931f29c22,Harpreet,Trivedi,Male,52,Widowed,7145059179,"38, Market Yard",Srinagar,Jammu and Kashmir,183082,O+,Carpenter,Aadhaar,472153405011,True,2026-07-04T06:08:37.946738,2026-07-04T06:08:37.946738
cf3c9d5d-32d6-4cb8-bd75-e134e988b1ef,Sonal,Bansal,Female,10,Single,6736605966,"140, Green Park",Aligarh,Uttar Pradesh,265795,B+,Potter,Aadhaar,991742355243,True,2026-07-04T06:08:37.946738,2026-07-04T06:08:37.946738
189048a5-4d5c-4b76-adfb-a818901fe4a4,Ranjit,Sen,Male,38,Married,8813848970,"988, Shivaji Nagar",Bhagalpur,Bihar,845607,O+,Business,Aadhaar,554621158698,True,2026-07-04T06:08:37.946738,2026-07-04T06:08:37.946738
b579fc75-49ff-45b8-a58b-08bb4ae3f124,Girish,Gupta,Male,32,Widowed,8298401874,"729, Gandhi Chowk",Srinagar,Jammu and Kashmir,194246,O+,Homemaker,Aadhaar,226111115379,True,2026-07-04T06:08:37.946738,2026-07-04T06:08:37.946738
288b8ed2-48e5-4dce-89ab-07202076ae82,Kantilal,Chauhan,Male,50,Single,6396905612,"319, Hill Colony",Srinagar,Jammu and Kashmir,192368,B+,Weaver,Aadhaar,699966052695,True,2026-07-04T06:08:37.946738,2026-07-04T06:08:37.946738
7bdda493-76d0-4776-8f86-4f2faa5b316a,Divya,Das,Female,36,Widowed,8895743973,"54, Shivaji Nagar",Amritsar,Punjab,142253,O+,Farmer,Aadhaar,144998273972,True,2026-07-04T06:08:37.946738,2026-07-04T06:08:37.946738
3a58e450-0a6e-4b53-bf83-1a1b9f3cd504,Moushumi,Pawar,Female,26,Widowed,7298780971,"665, River Side",Jamshedpur,Jharkhand,816404,,Housewife,Aadhaar,285227600406,True,2026-07-04T06:08:37.946738,2026-07-04T06:08:37.946738
f33d9fd9-d8c9-4214-b3ce-9be5e69f809a,Ananta,Rawat,Male,13,Single,6561411684,"217, New Colony",Chandigarh,Chandigarh,160086,B+,Shopkeeper,Aadhaar,553508904470,True,2026-07-04T06:08:37.946738,2026-07-04T06:08:37.946738
3eabdfd1-6961-4286-991b-bbcd7f1432a3,Bhavani,Chettiar,Female,36,Married,6535450587,"605, Model Town",Bangalore,Karnataka,584471,O+,Student,Aadhaar,231340976587,True,2026-07-04T06:08:37.946738,2026-07-04T06:08:37.946738
34324247-7b41-426e-bc8a-882f5bec975a,Prakash,Kulkarni,Male,8,Single,7396942296,"983, Ambedkar Marg",Mumbai,Maharashtra,437656,O+,Doctor,Aadhaar,551030664500,True,2026-07-04T06:08:37.946738,2026-07-04T06:08:37.946738
6b974712-8906-41ae-b9da-b4b34e2b34b8,Elango,Panicker,Male,27,Divorced,8576109760,"680, Model Town",Chennai,Tamil Nadu,641619,O+,Housewife,Aadhaar,369132544463,True,2026-07-04T06:08:37.946738,2026-07-04T06:08:37.946738
c70849eb-64a1-4bb6-95f6-ad0b16872070,Swathi,Menon,Female,15,Single,6903507113,"470, Lake View",Warangal,Telangana,504737,O+,Shopkeeper,Aadhaar,294473233308,True,2026-07-04T06:08:37.946738,2026-07-04T06:08:37.946738
6e8b15a9-10fd-4dc0-a7d5-22627d7a313a,Namrata,Guha,Female,33,Divorced,7839197050,"885, Sector 12",Patna,Bihar,855016,B+,Student,Aadhaar,117753190354,True,2026-07-04T06:08:37.946738,2026-07-04T06:08:37.946738
14f45a23-a34e-428a-85f7-cb596149aebb,Ajay,Bedi,Male,33,Widowed,6391856024,"883, Lake View",Jabalpur,Madhya Pradesh,470331,,Software Engineer,Aadhaar,362453078327,True,2026-07-04T06:08:37.946738,2026-07-04T06:08:37.946738
726dfb7f-6738-42b5-a417-0335eaac5c01,Angelina,Panda,Female,23,Married,7121013174,"336, Hill Colony",Sangli,Maharashtra,427508,,Housewife,Aadhaar,438154023477,True,2026-07-04T06:08:37.946738,2026-07-04T06:08:37.946738
5ec2045f-451e-47c6-988c-13d08631ecb7,Priti,Vaidya,Female,64,Widowed,6507937618,"484, New Colony",Sangli,Maharashtra,412863,AB+,Driver,Aadhaar,365252569665,True,2026-07-04T06:08:37.946738,2026-07-04T06:08:37.946738
b2081a61-2612-462b-9c39-ae0f55805050,Priyanka,Chetty,Female,33,Single,9147112298,"210, Market Yard",Nizamabad,Telangana,506757,B+,Doctor,Aadhaar,705486997134,True,2026-07-04T06:08:37.946738,2026-07-04T06:08:37.946738
7dc0a9c2-0465-4c02-b4b3-d33281a8b521,Neha,Sharma,Female,18,Single,9229146938,"288, River Side",Agra,Uttar Pradesh,259962,AB+,Labourer,Aadhaar,985164886018,True,2026-07-04T06:08:37.946738,2026-07-04T06:08:37.946738
eaa14821-605e-4794-bb7a-94a55b3a28ef,Sohini,Banerjee,Female,38,Divorced,7954400296,"422, Old Bazaar",Muzaffarpur,Bihar,806560,O+,Software Engineer,Aadhaar,866338583768,True,2026-07-04T06:08:37.946738,2026-07-04T06:08:37.946738
e77f96ba-b398-4779-95da-b72e154630e2,Barsha,Tanti,Female,53,Married,8306743219,"177, Station Road",Guwahati,Assam,782919,A+,Housewife,Aadhaar,242582798168,True,2026-07-04T06:08:37.946738,2026-07-04T06:08:37.946738
cf47fb57-cbc2-4fca-b0a0-a83292c30103,Kavya,Kamath,Female,48,Widowed,8996302119,"704, College Road",Hyderabad,Telangana,502522,A+,Student,Aadhaar,284716333382,True,2026-07-04T06:08:37.946738,2026-07-04T06:08:37.946738
68da411c-5640-47d6-bf8a-402b8fc38e5b,Shweta,Agarwal,Female,21,Divorced,6566668019,"235, Station Road",Delhi,Delhi,110035,A+,Carpenter,Aadhaar,273744548950,True,2026-07-04T06:08:37.946738,2026-07-04T06:08:37.946738
e7d33b13-7c15-469f-accd-4d9b5bc36926,Munin,Rajkhowa,Male,34,Single,6310742928,"416, Ring Road",Agartala,Tripura,799193,A+,Engineer,Aadhaar,972373774910,True,2026-07-04T06:08:37.946738,2026-07-04T06:08:37.946738
b3a1d8bb-c607-4a57-8464-3e82e465a4cc,Surinder,Trivedi,Male,23,Single,6656149338,"185, Hill Colony",Ludhiana,Punjab,147596,A+,Teacher,Aadhaar,699607075785,True,2026-07-04T06:08:37.946738,2026-07-04T06:08:37.946738
65ea729b-dace-4e9c-8ccc-8f9d9b6cc7d7,Vasant,Pandya,Male,40,Single,7147264570,"438, Green Park",Kolhapur,Maharashtra,413455,O+,Weaver,Aadhaar,261138390026,True,2026-07-04T06:08:37.946738,2026-07-04T06:08:37.946738
38cf8b9f-8a47-459f-a100-a2ca017807f2,Manisha,Bhandari,Female,53,Widowed,6135547424,"784, MG Road",Faridabad,Haryana,133781,O+,Farmer,Aadhaar,133170419101,True,2026-07-04T06:08:37.946738,2026-07-04T06:08:37.946738
518b4094-9750-4a59-945b-36e9eec598c9,Subramaniam,Rao,Male,54,Divorced,8161469115,"807, New Colony",Chennai,Tamil Nadu,601694,A+,Driver,Aadhaar,972372959015,True,2026-07-04T06:08:37.946738,2026-07-04T06:08:37.946738
060236c7-8910-4b10-bf3a-9bc0eb839eb0,Anjali,Kalra,Female,16,Single,9408361258,"503, Lake View",Moradabad,Uttar Pradesh,211041,O+,Shopkeeper,Aadhaar,146335438043,True,2026-07-04T06:08:37.946738,2026-07-04T06:08:37.946738
43723418-6920-4436-b8da-6bb9891bc9c1,Kavya,Iyer,Female,11,Single,8363724780,"387, Church Street",Erode,Tamil Nadu,641725,O+,Plumber,Aadhaar,543025698815,True,2026-07-04T06:08:37.946738,2026-07-04T06:08:37.946738
dad0b08e-98a6-4f40-a0fe-80ce8c8dfa51,Sushma,Vora,Female,17,Single,8810091140,"51, Church Street",Bhavnagar,Gujarat,380325,A+,Retired,Aadhaar,884057203362,True,2026-07-04T06:08:37.946738,2026-07-04T06:08:37.946738
93298d46-695b-43eb-addc-21f035e27439,Randhir,Ao,Male,8,Single,8944522875,"18, New Colony",Indore,Madhya Pradesh,484461,O+,Government Employee,Aadhaar,237130311126,True,2026-07-04T06:08:37.946738,2026-07-04T06:08:37.946738
a422e760-1a7e-4442-90c7-1f0e3f94234b,Nisha,Naik,Female,43,Single,9635203625,"902, Civil Lines",Jalgaon,Maharashtra,433795,O+,Housewife,Aadhaar,538362254748,True,2026-07-04T06:08:37.946738,2026-07-04T06:08:37.946738
387cf831-1eee-4a6a-9922-e0820b9a85a7,Krupa,Nanda,Female,47,Widowed,9419531319,"163, MG Road",Vasai-Virar,Maharashtra,415907,AB+,Business,Aadhaar,574715524168,True,2026-07-04T06:08:37.946738,2026-07-04T06:08:37.946738
2e5fb1e1-4c28-4f8f-b35a-2c620dba3687,Nikhil,Salunkhe,Male,83,Divorced,7480830539,"969, Church Street",Mumbai,Maharashtra,419046,A+,Retired,Aadhaar,841831579426,True,2026-07-04T06:08:37.946738,2026-07-04T06:08:37.946738
99c9f876-d9b5-48d1-85e8-4ff7c5695963,Meenakshi,Naicker,Female,49,Divorced,8541513645,"812, Sector 12",Chennai,Tamil Nadu,619045,B+,Plumber,Aadhaar,125417837384,True,2026-07-04T06:08:37.946738,2026-07-04T06:08:37.946738
e7a19ff6-40d7-40e7-81db-9c51fa67004e,Manpreet,Bhandari,Male,33,Widowed,7600022986,"625, Nehru Nagar",Meerut,Uttar Pradesh,245556,O+,Teacher,Aadhaar,363244456517,True,2026-07-04T06:08:37.946738,2026-07-04T06:08:37.946738
d111c528-6f4a-4bb9-9762-089303a6ca6d,Manpreet,Khanna,Male,20,Single,6523827368,"746, Civil Lines",Jalandhar,Punjab,144634,A+,Weaver,Aadhaar,613361169039,True,2026-07-04T06:08:37.946738,2026-07-04T06:08:37.946738
4a68ffa0-e4bc-4386-b8e0-821f1f0fa3ff,Vasant,Gaikwad,Male,38,Divorced,7244640503,"415, Old Bazaar",Vadodara,Gujarat,374793,O+,Teacher,Aadhaar,194301206436,True,2026-07-04T06:08:37.946738,2026-07-04T06:08:37.946738
82572f59-5c34-430a-ad86-3bb9491e676b,Rajwinder Kaur,Khiamniungan,Female,21,Married,6298458430,"214, MG Road",Gorakhpur,Uttar Pradesh,204854,B+,Nurse,Aadhaar,678090557792,True,2026-07-04T06:08:37.946738,2026-07-04T06:08:37.946738
a9796efa-b7ee-4fcf-9219-e697013b98d1,Vipul,Salunkhe,Male,32,Married,9103300793,"904, New Colony",Vasai-Virar,Maharashtra,444573,O+,Clerk,Aadhaar,181853250700,True,2026-07-04T06:08:37.946738,2026-07-04T06:08:37.946738
4818a548-a505-41d3-87f4-9bba687a0ceb,Vidya,Bhagat,Female,63,Widowed,7348409642,"407, Lake View",Udaipur,Rajasthan,332284,,Business,Aadhaar,312202647601,True,2026-07-04T06:08:37.946738,2026-07-04T06:08:37.946738
4b8adf43-d052-4029-8368-2bea2e2a55f3,Satyajit,Choudhury,Male,8,Single,9395300117,"344, Old Bazaar",Dhanbad,Jharkhand,826706,O+,Teacher,Aadhaar,906840862212,True,2026-07-04T06:08:37.946738,2026-07-04T06:08:37.946738
96020c51-3ca6-400a-be58-0d3ab78faf2a,Manasi,Pandya,Female,35,Single,9524661188,"439, College Road",Mumbai,Maharashtra,403039,B+,Fisherman,Aadhaar,164382669000,True,2026-07-04T06:08:37.946738,2026-07-04T06:08:37.946738
f45f42e6-4166-47a0-83ad-9c5a08e779fb,Arun Kumar,Chandran,Male,34,Married,8900110851,"218, Ambedkar Marg",Madurai,Tamil Nadu,611503,A+,Driver,Aadhaar,575957098855,True,2026-07-04T06:08:37.946738,2026-07-04T06:08:37.946738
aad28d75-a9bd-4c3b-bceb-27e87152a477,Praveen Kumar,Gowda,Male,12,Single,7663169142,"852, Sector 12",Vijayawada,Andhra Pradesh,524516,A+,Labourer,Aadhaar,106676658592,True,2026-07-04T06:08:37.946738,2026-07-04T06:08:37.946738
ea0841ca-1ca5-4fbd-ae30-bc9508b98c1a,Chhaya,Panda,Female,18,Single,7537503892,"48, Model Town",Patna,Bihar,815319,B+,,Aadhaar,506591779586,True,2026-07-04T06:08:37.946738,2026-07-04T06:08:37.946738
b1a60974-a57b-434c-bef4-1d252504b4cd,Savita,Kumar,Female,5,Single,8406837202,"588, Station Road",Lucknow,Uttar Pradesh,203068,A+,Government Employee,Aadhaar,543092882539,True,2026-07-04T06:08:37.946738,2026-07-04T06:08:37.946738
f115910f-9aac-40bf-b5aa-50a253bd54ce,Janaki,Bansal,Female,41,Divorced,6660721312,"303, Shivaji Nagar",Firozabad,Uttar Pradesh,271159,A+,Priest,Aadhaar,259979804344,True,2026-07-04T06:08:37.946738,2026-07-04T06:08:37.946738
194e756a-44d7-4112-aaed-c5b93ba90cf8,Dimpi,Gaikwad,Female,23,Single,7216345156,"190, Civil Lines",Jamnagar,Gujarat,379296,A+,Nurse,Aadhaar,164156198716,True,2026-07-04T06:08:37.946738,2026-07-04T06:08:37.946738
86555025-e459-400b-aec5-9e5ca444e124,Jyoti,Brar,Female,13,Single,9132770955,"658, Market Yard",Indore,Madhya Pradesh,461398,A+,Fisherman,Aadhaar,343124058701,True,2026-07-04T06:08:37.946738,2026-07-04T06:08:37.946738
ccebd173-2845-476d-ab4e-6835341dcba7,Sudesh,Chahal,Female,40,Married,8989072843,"4, Church Street",Raipur,Chhattisgarh,493339,AB+,Business,Aadhaar,772447000014,True,2026-07-04T06:08:37.946738,2026-07-04T06:08:37.946738
09902e60-1b45-4e60-b206-ee71d42bedcd,Nirmala,Gowda,Female,37,Divorced,8200392063,"803, Hill Colony",Chennai,Tamil Nadu,625064,B+,Priest,Aadhaar,339784651265,True,2026-07-04T06:08:37.946738,2026-07-04T06:08:37.946738
9333839e-5ebd-45a2-a92e-91b35d45d3cc,Chetan,Nanda,Male,56,Widowed,8905759254,"124, Sector 12",Bhavnagar,Gujarat,372586,A+,Business,Aadhaar,949528569159,True,2026-07-04T06:08:37.946738,2026-07-04T06:08:37.946738
7ba04589-c4ec-47e0-9ec4-f9a3d46e3176,Hansaben,Banerjee,Female,15,Single,6816954954,"873, Lake View",Howrah,West Bengal,728459,B+,Retired,Aadhaar,224790922941,True,2026-07-04T06:08:37.946738,2026-07-04T06:08:37.946738
54cc9dec-ec70-47b6-8060-09a7b213232c,Dipti,Shah,Female,8,Single,6171105799,"385, Lake View",Ahmedabad,Gujarat,363670,B+,Shopkeeper,Aadhaar,455355846009,True,2026-07-04T06:08:37.946738,2026-07-04T06:08:37.946738
19f4ff91-f429-4faa-9f2e-591e54af25ae,Dinesh Kumar,Chakraborty,Male,53,Married,8336771632,"653, Sector 12",Tirupati,Andhra Pradesh,523852,O+,Tailor,Aadhaar,277771865936,True,2026-07-04T06:08:37.946738,2026-07-04T06:08:37.946738
25da4363-eb64-432a-98dc-50366ce04a49,Arun,Bansal,Male,27,Single,8120897684,"569, Gandhi Chowk",Agra,Uttar Pradesh,265500,A+,Retired,Aadhaar,280311241675,True,2026-07-04T06:08:37.946738,2026-07-04T06:08:37.946738
c89547de-9970-40ae-9e80-1bc5f5ed0fac,Indrajit,Mitra,Male,21,Single,7587335376,"238, Gandhi Chowk",Patna,Bihar,808695,O-,Weaver,Aadhaar,478827362198,True,2026-07-04T06:08:37.946738,2026-07-04T06:08:37.946738
5bbf700a-79a7-4933-84fb-e0a5b6313fae,Varsha,Jadhav,Female,36,Married,6747388120,"168, MG Road",Mumbai,Maharashtra,424893,O+,Labourer,Aadhaar,838646517953,True,2026-07-04T06:08:37.946738,2026-07-04T06:08:37.946738
1c95946e-9cf2-4498-a4bd-7205316fcfed,Doyel,Bafna,Female,34,Married,8429744237,"271, River Side",Mumbai,Maharashtra,403224,A+,Software Engineer,Aadhaar,423821587058,True,2026-07-04T06:08:37.946738,2026-07-04T06:08:37.946738
8a279300-5d4c-4248-9fdb-1331df800236,Suresh,Yadav,Male,9,Single,8993353653,"105, Temple Road",Dharamshala,Himachal Pradesh,174854,B+,Tailor,Aadhaar,832290456399,True,2026-07-04T06:08:37.946738,2026-07-04T06:08:37.946738
ea1882ae-f28b-4965-9a91-e580e8c6a5e3,Baldev,Lotha,Male,7,Single,7209884550,"644, Model Town",Jalandhar,Punjab,148556,B+,Student,Aadhaar,908914731310,True,2026-07-04T06:08:37.946738,2026-07-04T06:08:37.946738
ae9feca3-d7d9-4644-8949-9806ff13c350,Kabita,Bhagat,Female,52,Single,6653299501,"182, Hill Colony",Gaya,Bihar,844665,AB-,Driver,Aadhaar,597143629428,True,2026-07-04T06:08:37.946738,2026-07-04T06:08:37.946738
e41da920-8344-4efe-9444-3a6dd3e7e954,Nagarajan,Naidu,Male,53,Divorced,9851739050,"63, Temple Road",Warangal,Telangana,508135,O+,Potter,Aadhaar,971277499692,True,2026-07-04T06:08:37.946738,2026-07-04T06:08:37.946738
d75de1d2-e79e-44f0-8dc7-0375530ef918,Venkatesh,Ramanathan,Male,13,Single,8823576406,"164, Gandhi Chowk",Tiruchirappalli,Tamil Nadu,625780,A+,Farmer,Aadhaar,852069822800,True,2026-07-04T06:08:37.946738,2026-07-04T06:08:37.946738
ce0aa795-914b-4ed2-9b76-2d921c59915f,Rajeshwari,Reddiar,Female,6,Single,7451535068,"582, Temple Road",Kozhikode,Kerala,684966,A+,Accountant,Aadhaar,850642476212,True,2026-07-04T06:08:37.946738,2026-07-04T06:08:37.946738
e2b47091-bfec-4c38-9277-4efc0152795e,Rutuja,Kulkarni,Female,43,Married,8957259474,"35, New Colony",Solapur,Maharashtra,445338,A+,Accountant,Aadhaar,760218889275,True,2026-07-04T06:08:37.946738,2026-07-04T06:08:37.946738
e6dc4487-2ff0-46a6-9a85-585c1e4a6a97,Sarika,Kelkar,Female,17,Single,6795001686,"87, Ring Road",Ahmedabad,Gujarat,382727,B+,Tailor,Aadhaar,860362968963,True,2026-07-04T06:08:37.946738,2026-07-04T06:08:37.946738
8698cd34-f76c-4569-bfe0-563c2d27f8e5,Malabika,Bhatt,Female,68,Single,6760977079,"463, Sector 12",Noida,Uttar Pradesh,250867,A+,Engineer,Aadhaar,643147602860,True,2026-07-04T06:08:37.946738,2026-07-04T06:08:37.946738
f0c75888-7b06-468b-b960-b82f06fd0576,Swathi,Gowda,Female,14,Single,7443722233,"529, River Side",Kochi,Kerala,676428,B+,Priest,Aadhaar,678452907306,True,2026-07-04T06:08:37.946738,2026-07-04T06:08:37.946738
945964ba-8390-41da-bb9b-ca7a66d1d24b,Chandrasekhar,Warrier,Male,18,Single,9881349685,"635, Old Bazaar",Thiruvananthapuram,Kerala,692467,,Carpenter,Aadhaar,295600413152,True,2026-07-04T06:08:37.946738,2026-07-04T06:08:37.946738
5ba1fe46-6fbc-439a-a282-af70fad385dd,Namrata,Mitra,Female,17,Single,7479052259,"847, New Colony",Howrah,West Bengal,719279,O+,Business,Aadhaar,734535721783,True,2026-07-04T06:08:37.946738,2026-07-04T06:08:37.946738
843b57cd-f30c-4ed6-99cb-6fc3c0829255,Rutuja,Deka,Female,58,Widowed,9276546278,"267, Gandhi Chowk",Muzaffarpur,Bihar,844858,A+,Accountant,Aadhaar,632284578888,True,2026-07-04T06:08:37.946738,2026-07-04T06:08:37.946738
6aa88892-c421-4088-a4c0-f4546fdc14fa,Ashish,Kadam,Male,17,Single,8668804976,"623, Church Street",Jalandhar,Punjab,143350,O+,Plumber,Aadhaar,532548799008,True,2026-07-04T06:08:37.946738,2026-07-04T06:08:37.946738
4e1779ef-4cf9-409b-84fb-b4c1cab1f036,Revathi,Marak,Female,90,Married,8911735830,"500, Ring Road",Tiruchirappalli,Tamil Nadu,617152,O+,Priest,Aadhaar,842504282739,True,2026-07-04T06:08:37.946738,2026-07-04T06:08:37.946738
28826091-cc2b-45e2-9b41-cdea5e44115b,Sanjay,Sidhu,Male,12,Single,8724893002,"242, Sector 12",Panipat,Haryana,134000,O+,Housewife,Aadhaar,456861132844,True,2026-07-04T06:08:37.946738,2026-07-04T06:08:37.946738
2ddd4376-3960-40b2-9c1b-ed56332e91f1,Vani,Varma,Female,20,Single,7977825620,"430, Green Park",Tirupati,Andhra Pradesh,532188,O+,Tailor,Aadhaar,117376545057,True,2026-07-04T06:08:37.946738,2026-07-04T06:08:37.946738
192ac7c2-4d70-4aa5-8367-eee220390c88,Farida,Lyngdoh,Female,6,Single,7590305924,"393, New Colony",Agartala,Tripura,799271,O-,Software Engineer,Aadhaar,166836071738,True,2026-07-04T06:08:37.946738,2026-07-04T06:08:37.946738
67c7d563-e1da-47e5-8c5d-c289141ae61e,Kuldeep,Anand,Male,10,Single,9274793916,"912, Shivaji Nagar",Gorakhpur,Uttar Pradesh,244371,B+,Potter,Aadhaar,743269817083,True,2026-07-04T06:08:37.946738,2026-07-04T06:08:37.946738
afa0e474-b044-4114-921a-aa6f5ac0557f,Kakoli,Halder,Female,32,Widowed,8681269558,"648, Old Bazaar",Muzaffarpur,Bihar,848031,B+,Driver,Aadhaar,777924408325,True,2026-07-04T06:08:37.946738,2026-07-04T06:08:37.946738
2ff74d6d-2a6a-4809-ac52-a9104576b334,Simran,Pandey,Female,14,Single,6142307777,"44, Shivaji Nagar",Nagpur,Maharashtra,420110,B+,Priest,Aadhaar,242749342314,True,2026-07-04T06:08:37.946738,2026-07-04T06:08:37.946738
87b9d0a7-b7bf-4aee-8235-f09e1cd4a5e0,Prasenjit,Chatterjee,Male,56,Single,9696513027,"756, Station Road",Ranchi,Jharkhand,816289,O+,Plumber,Aadhaar,522552057652,True,2026-07-04T06:08:37.946738,2026-07-04T06:08:37.946738
2f9f7bca-b01f-4f8f-8fbd-265cd58ff8d0,Riya,Salunkhe,Female,82,Divorced,7901977890,"7, Shivaji Nagar",Mumbai,Maharashtra,424006,A+,Weaver,Aadhaar,415116744058,True,2026-07-04T06:08:37.946738,2026-07-04T06:08:37.946738
d1e7d6a4-a708-4771-91c9-3b65f5daa183,Tridip,Deka,Male,8,Single,7304465908,"857, Gandhi Chowk",Shillong,Meghalaya,793259,O+,,Aadhaar,784209204367,True,2026-07-04T06:08:37.946738,2026-07-04T06:08:37.946738
4aace922-6daa-43b7-b9a9-7b17821953e3,Arun,Srivastava,Male,46,Single,9470448556,"25, Hill Colony",Gurugram,Haryana,123705,A+,Weaver,Aadhaar,295232151398,True,2026-07-04T06:08:37.946738,2026-07-04T06:08:37.946738
da110981-d4b1-4d5c-92a9-736e7d1571f5,Vinod,Bhandari,Male,30,Divorced,7506851093,"159, River Side",Ludhiana,Punjab,141072,O+,Plumber,Aadhaar,838111085681,True,2026-07-04T06:08:37.946738,2026-07-04T06:08:37.946738
af87c0b6-ea76-4195-b4d2-7efaeaaed8d0,Shanthi,Bhat,Female,38,Divorced,6793014773,"481, Station Road",Vellore,Tamil Nadu,604150,B+,Tailor,Aadhaar,339351240814,True,2026-07-04T06:08:37.946738,2026-07-04T06:08:37.946738
ab4bb13f-214e-4151-99fb-1d4bd32ee1e2,Ranjan,Yimchunger,Male,70,Single,9283816626,"979, Ambedkar Marg",Kohima,Nagaland,798501,B+,Software Engineer,Aadhaar,359000265631,True,2026-07-04T06:08:37.946738,2026-07-04T06:08:37.946738
d903205a-b95f-4501-8951-dd29bb2ef93e,Ganesh,Bhagat,Male,10,Single,7443816109,"570, Ring Road",Solapur,Maharashtra,417484,B+,Priest,Aadhaar,342636024629,True,2026-07-04T06:08:37.946738,2026-07-04T06:08:37.946738
ddf5a6dd-f1b8-4d48-89e9-617fb2c4b146,Jayanta,Imchen,Male,15,Single,6293767948,"915, Market Yard",Jamshedpur,Jharkhand,832780,A+,,Aadhaar,291431172957,True,2026-07-04T06:08:37.946738,2026-07-04T06:08:37.946738
6f773432-d921-4bcc-8080-4602eaca3519,Poonam,Sidhu,Female,8,Single,9871767632,"116, Model Town",Faridabad,Haryana,129034,A+,Business,Aadhaar,670865495527,True,2026-07-04T06:08:37.946738,2026-07-04T06:08:37.946738
83f3606c-5086-443a-9753-55ba9ec78e6f,Nirav,Mehta,Male,6,Single,7286043308,"39, Nehru Nagar",Mumbai,Maharashtra,417388,A+,Carpenter,Aadhaar,651983286976,True,2026-07-04T06:08:37.946738,2026-07-04T06:08:37.946738
ce11bc76-fc63-4f06-9139-c4f59c724563,Nirmala,Ramamurthy,Female,20,Single,9165370487,"818, Nehru Nagar",Coimbatore,Tamil Nadu,613238,O+,Labourer,Aadhaar,188671347218,True,2026-07-04T06:08:37.946738,2026-07-04T06:08:37.946738
23f7dcd0-f0a8-4901-ac31-0b6cd4451a2a,Farida,Deshmukh,Female,7,Single,7936681653,"950, River Side",Mumbai,Maharashtra,422823,B+,Housewife,Aadhaar,661502214946,True,2026-07-04T06:08:37.946738,2026-07-04T06:08:37.946738
7b2b8a0d-f8b7-4ef1-b9d1-3161228cc7ca,Jaspreet,Aggarwal,Male,55,Divorced,6753583645,"991, Ambedkar Marg",Gurugram,Haryana,123379,B+,Fisherman,Aadhaar,272688805018,True,2026-07-04T06:08:37.946738,2026-07-04T06:08:37.946738
f9f9a861-d508-448e-92ff-99dc56732274,Gautam,Pradhan,Male,72,Married,6221020998,"392, Temple Road",Siliguri,West Bengal,706849,O+,Doctor,Aadhaar,589763355759,True,2026-07-04T06:08:37.946738,2026-07-04T06:08:37.946738
c7c19ecf-9702-4de2-99a1-3aca5324c7e5,Deepak,Goyal,Male,53,Single,6415263725,"586, Model Town",Varanasi,Uttar Pradesh,257551,B+,Farmer,Aadhaar,814920255512,True,2026-07-04T06:08:37.946738,2026-07-04T06:08:37.946738
3bf5d925-73d5-463d-b05e-de68aaea77c8,Bidisha,Nayak,Female,9,Single,9771462722,"538, Shivaji Nagar",Patna,Bihar,822096,A+,Driver,Aadhaar,753479824163,True,2026-07-04T06:08:37.946738,2026-07-04T06:08:37.946738
1971571d-62ca-4d91-a9ed-d1e83237373f,Parvathi,Warrier,Female,14,Single,6970229749,"760, MG Road",Tirunelveli,Tamil Nadu,614066,A+,Clerk,Aadhaar,742933242086,True,2026-07-04T06:08:37.946738,2026-07-04T06:08:37.946738
1b61b47f-8ad4-4a0c-a1a7-083477c5caab,Anjali,Basu,Female,48,Widowed,8679433317,"376, Temple Road",Kolkata,West Bengal,720116,A+,Farmer,Aadhaar,957888129620,True,2026-07-04T06:08:37.946738,2026-07-04T06:08:37.946738
58701cf6-cb4e-4ec7-924d-c4958d261567,Vinod,Sandhu,Male,76,Single,9398425899,"62, Station Road",Delhi,Delhi,110077,B+,Fisherman,Aadhaar,570003519176,True,2026-07-04T06:08:37.946738,2026-07-04T06:08:37.946738
a1bb82d8-e8aa-4e76-b60d-994fda2e55cd,Murugan,Krishnan,Male,9,Single,7988808735,"900, MG Road",Thrissur,Kerala,677270,A+,Teacher,Aadhaar,117715428783,True,2026-07-04T06:08:37.946738,2026-07-04T06:08:37.946738
da324b9b-9dae-4a5a-adbf-500d34133007,Gurmeet Kaur,Kapoor,Female,32,Married,8575466049,"605, Church Street",Amritsar,Punjab,152189,O+,Labourer,Aadhaar,219578670150,True,2026-07-04T06:08:37.946738,2026-07-04T06:08:37.946738
9378d023-ce0e-4056-93fc-cd85ce072d43,Partha,Dutta,Male,21,Married,6322500199,"28, College Road",Kolkata,West Bengal,736297,O+,Government Employee,Aadhaar,637257376110,True,2026-07-04T06:08:37.946738,2026-07-04T06:08:37.946738
86072817-3228-4c94-9e47-7c85f8704efa,Selvam,Gowda,Male,5,Single,6872871438,"111, Old Bazaar",Visakhapatnam,Andhra Pradesh,516993,B+,Teacher,Aadhaar,371019593712,True,2026-07-04T06:08:37.946738,2026-07-04T06:08:37.946738
f1d3d43f-0c58-42b9-a7f6-3f00bba072b7,Selvam,Chettiar,Male,16,Single,8314205620,"821, Temple Road",Hyderabad,Telangana,502867,O+,Farmer,Aadhaar,483032595975,True,2026-07-04T06:08:37.946738,2026-07-04T06:08:37.946738
e3e4783a-2eb3-4a73-94a3-d36c4cda1eb9,Meenakshi,Achari,Female,54,Married,8313636823,"688, Model Town",Guntur,Andhra Pradesh,534889,B+,Tailor,Aadhaar,580341972855,True,2026-07-04T06:08:37.946738,2026-07-04T06:08:37.946738
a43296cb-a553-4198-826b-b3229d4970f3,Geetha,Chetty,Female,10,Single,9120380266,"33, Nehru Nagar",Vijayawada,Andhra Pradesh,523717,B+,Shopkeeper,Aadhaar,746937341583,True,2026-07-04T06:08:37.946738,2026-07-04T06:08:37.946738
37035595-ed58-4dbf-b52a-0f89ed60778d,Baldev,Mishra,Male,55,Widowed,6121096724,"767, Sector 12",Moradabad,Uttar Pradesh,277752,O+,Accountant,Aadhaar,721545774617,True,2026-07-04T06:08:37.946738,2026-07-04T06:08:37.946738
37d409de-498c-4cfc-b2f5-efa91facc212,Madhavi,Kelkar,Female,16,Single,6967402943,"604, Ring Road",Jaipur,Rajasthan,343375,A+,Retired,Aadhaar,802196334044,True,2026-07-04T06:08:37.946738,2026-07-04T06:08:37.946738
68cd814f-652a-440c-be41-6203539984ad,Ramesh,Sethi,Male,24,Widowed,6541186779,"930, Temple Road",Gwalior,Madhya Pradesh,456526,O+,Teacher,Aadhaar,394510279356,True,2026-07-04T06:08:37.946738,2026-07-04T06:08:37.946738
40e5dc05-eba7-49d8-879a-0dce10dc524e,Rajendra,Amin,Male,20,Single,8725845387,"583, Ambedkar Marg",Solapur,Maharashtra,440013,,Weaver,Aadhaar,281522986232,True,2026-07-04T06:08:37.946738,2026-07-04T06:08:37.946738
9bf1ae6c-4494-470a-9b1d-b97507452f21,Namrata,Sanyal,Female,79,Single,6195587527,"421, Nehru Nagar",Howrah,West Bengal,710379,B+,Priest,Aadhaar,386164093452,True,2026-07-04T06:08:37.946738,2026-07-04T06:08:37.946738
be860396-51a9-465c-ae49-8b06398f9c98,Deepak,Sahu,Male,73,Divorced,7220212598,"86, Market Yard",Howrah,West Bengal,701469,A+,Priest,Aadhaar,661186810693,True,2026-07-04T06:08:37.946738,2026-07-04T06:08:37.946738
f62e121c-01a9-45bf-91d7-75901fed5abe,Gopalakrishnan,Sarkar,Male,63,Married,9482306700,"535, Lake View",Dhanbad,Jharkhand,820640,B+,Plumber,Aadhaar,112595021547,True,2026-07-04T06:08:37.946738,2026-07-04T06:08:37.946738
94ee6c93-a1ab-4d4b-b95d-30cc7867b678,Jaspreet,Chauhan,Male,13,Single,7302845227,"390, River Side",Gurugram,Haryana,122395,O+,Potter,Aadhaar,659023627378,True,2026-07-04T06:08:37.946738,2026-07-04T06:08:37.946738
61b6f0de-796d-4174-bc65-af07570e6e17,Simran,Gill,Female,37,Single,9879757156,"771, Temple Road",Bhilai,Chhattisgarh,494740,O-,Electrician,Aadhaar,392272633499,True,2026-07-04T06:08:37.946738,2026-07-04T06:08:37.946738
f6dc2348-6065-43bd-b3f5-390758f76635,Vasant,Rathi,Male,16,Single,6480759635,"438, Nehru Nagar",Jodhpur,Rajasthan,333399,AB+,Student,Aadhaar,859386638930,True,2026-07-04T06:08:37.946738,2026-07-04T06:08:37.946738
adf8b9b7-2372-4121-b5ef-0b46e59fcea6,Velmurugan,Namboothiri,Male,26,Single,8787193294,"47, New Colony",Chennai,Tamil Nadu,627633,A+,Homemaker,Aadhaar,372931421068,True,2026-07-04T06:08:37.946738,2026-07-04T06:08:37.946738
4dc042c7-479b-4b32-96dd-0ae7b86b5f4e,Champa,Zeliang,Female,29,Married,7702190000,"347, Ambedkar Marg",Guwahati,Assam,784162,O+,Clerk,Aadhaar,549383786056,True,2026-07-04T06:08:37.946738,2026-07-04T06:08:37.946738
196ab3b4-25b7-4d2b-bc48-b80005680cda,Nirali,Bhagat,Female,13,Single,7759363642,"43, College Road",Vadodara,Gujarat,369009,A-,Business,Aadhaar,678759278255,True,2026-07-04T06:08:37.946738,2026-07-04T06:08:37.946738
87e6b6a0-7888-4c41-bd93-b5f876ef288c,Vaishali,Joshi,Female,5,Single,7990879569,"116, River Side",Udaipur,Rajasthan,317272,B+,Homemaker,Aadhaar,882562673921,True,2026-07-04T06:08:37.946738,2026-07-04T06:08:37.946738
a22b2565-c1a4-4f64-992c-42257006fa88,Rajeshwari,Bisht,Female,21,Widowed,6530149880,"341, MG Road",Mumbai,Maharashtra,410852,B+,Potter,Aadhaar,388384052481,True,2026-07-04T06:08:37.946738,2026-07-04T06:08:37.946738
3781740e-1d19-4e56-be89-f5f15916df6a,Chandrasekhar,Kalra,Male,25,Divorced,9167838574,"482, Green Park",Indore,Madhya Pradesh,454282,A+,Government Employee,Aadhaar,927095744590,True,2026-07-04T06:08:37.946738,2026-07-04T06:08:37.946738
55dc5b36-cf80-4cb2-9be1-b0b165b82199,Provat,Rane,Male,75,Married,9390844530,"424, Lake View",Vadodara,Gujarat,366855,A+,Homemaker,Aadhaar,788889216321,True,2026-07-04T06:08:37.946738,2026-07-04T06:08:37.946738
76de5fb2-ce06-48d4-a929-7b7aa11c0f0a,Dimpi,Mahanta,Female,44,Divorced,9434594896,"953, Lake View",Dibrugarh,Assam,784123,B+,Engineer,Aadhaar,385994794974,True,2026-07-04T06:08:37.946738,2026-07-04T06:08:37.946738
3c0d1f02-246e-47a8-9d61-235a5801b976,Lopamudra,Mahato,Female,6,Single,8364566226,"714, Temple Road",Ranchi,Jharkhand,814458,B+,Engineer,Aadhaar,167552094556,True,2026-07-04T06:08:37.946738,2026-07-04T06:08:37.946738
49214446-c154-44f6-b311-dea0a52e5311,Chandan,Choudhury,Male,43,Divorced,7207383106,"528, River Side",Kolkata,West Bengal,717034,O+,Retired,Aadhaar,125980908834,True,2026-07-04T06:08:37.946738,2026-07-04T06:08:37.946738
279d8cad-75d2-4301-b9a7-400857cfe698,Ratna,Bagchi,Female,24,Divorced,8943442595,"925, Hill Colony",Jamshedpur,Jharkhand,833100,B+,Teacher,Aadhaar,389634572719,True,2026-07-04T06:08:37.946738,2026-07-04T06:08:37.946738
f3622923-9147-4ecc-8e37-d71da958b570,Vinod,Sodhi,Male,59,Widowed,6713332228,"462, Ring Road",Delhi,Delhi,110041,B-,Plumber,Aadhaar,563980555298,True,2026-07-04T06:08:37.946738,2026-07-04T06:08:37.946738
1244ea01-7da9-4b9f-b77e-65b96c1ed2b2,Rakesh,Chavan,Male,59,Divorced,8852261831,"297, Nehru Nagar",Vasai-Virar,Maharashtra,407105,B+,Homemaker,Aadhaar,159808932701,True,2026-07-04T06:08:37.946738,2026-07-04T06:08:37.946738
a3fee9b7-021c-4dac-adc6-dbadc92b4350,Rohit,Dubey,Male,47,Divorced,9613640397,"711, Green Park",Lucknow,Uttar Pradesh,241714,B+,Homemaker,Aadhaar,211788330323,True,2026-07-04T06:08:37.946738,2026-07-04T06:08:37.946738
57de52bb-03c2-484f-9f92-e87ac5b578c0,Jayesh,Naik,Male,46,Divorced,6106570528,"779, Hill Colony",Nagpur,Maharashtra,400984,O+,Retired,Aadhaar,239839107337,True,2026-07-04T06:08:37.946738,2026-07-04T06:08:37.946738
c0876f59-7377-444b-a66a-0b2a5a49ad20,Shanmugam,Bhandari,Male,24,Divorced,7871245472,"419, Sector 12",Bhubaneswar,Odisha,756378,B+,Business,Aadhaar,284337942285,True,2026-07-04T06:08:37.946738,2026-07-04T06:08:37.946738
1128aa67-2e9b-4f37-b578-7faf8d1c0645,Mehul,Chokshi,Male,22,Divorced,6595214319,"568, Church Street",Navi Mumbai,Maharashtra,441652,O+,Plumber,Aadhaar,233693384235,True,2026-07-04T06:08:37.946738,2026-07-04T06:08:37.946738
b84e7bcd-03a0-4409-b342-d8aa2f6533ab,Shrikant,Rathi,Male,70,Widowed,8800961485,"377, Ring Road",Ahmedabad,Gujarat,390620,O+,Housewife,Aadhaar,220588524547,True,2026-07-04T06:08:37.946738,2026-07-04T06:08:37.946738
53203751-14a4-4951-9e97-550aad4d2cb5,Lalrinchhana,Imchen,Male,12,Single,6583989254,"449, Temple Road",Silchar,Assam,787260,O+,Priest,Aadhaar,283576615278,True,2026-07-04T06:08:37.946738,2026-07-04T06:08:37.946738
c7f541c7-a144-405e-96c1-cdf290992659,Deepali,Oswal,Female,23,Widowed,6803359731,"556, Nehru Nagar",Pune,Maharashtra,404409,B+,Labourer,Aadhaar,461872168519,True,2026-07-04T06:08:37.946738,2026-07-04T06:08:37.946738
bf3c6efc-7a02-421c-a2fc-cc6da4062a8e,Rajinder,Agarwal,Male,38,Widowed,7455434392,"869, Civil Lines",Delhi,Delhi,110040,O+,Weaver,Aadhaar,214848741082,True,2026-07-04T06:08:37.946738,2026-07-04T06:08:37.946738
1ccba66f-0e7f-44c1-9812-0982a3d25a0e,Kuldeep,Sengupta,Male,32,Single,8372840593,"261, Church Street",Agra,Uttar Pradesh,235296,O+,Accountant,Aadhaar,857467440681,True,2026-07-04T06:08:37.946738,2026-07-04T06:08:37.946738
9f2ff903-435d-451e-97ab-5dfc70c98322,Praveen Kumar,Sundaram,Male,42,Single,6257929769,"550, Market Yard",Hyderabad,Telangana,508231,B+,Accountant,Aadhaar,786352546265,True,2026-07-04T06:08:37.946738,2026-07-04T06:08:37.946738
7ed83393-1534-416a-868f-4ce7c592da4d,Deepika,Khanna,Female,37,Divorced,7999269991,"491, Ambedkar Marg",Chandigarh,Chandigarh,160036,A+,Government Employee,Aadhaar,989214692426,True,2026-07-04T06:08:37.946738,2026-07-04T06:08:37.946738
287227a9-a2b6-48c6-8114-8fcd468045e8,Anirban,Pal,Male,87,Single,9274734337,"534, Civil Lines",Asansol,West Bengal,715616,B+,Doctor,Aadhaar,704128085439,True,2026-07-04T06:08:37.946738,2026-07-04T06:08:37.946738
34725c16-7f93-4cf9-a346-f5811c68fe7a,Nayanmoni,Chishi,Female,67,Married,7280155891,"150, Ambedkar Marg",Delhi,Delhi,110006,,Labourer,Aadhaar,117188942725,True,2026-07-04T06:08:37.946738,2026-07-04T06:08:37.946738
99cac4a9-de72-4174-8db4-173a69cdd113,Vikram,Tanti,Male,31,Divorced,9230677293,"12, Hill Colony",Lucknow,Uttar Pradesh,211960,A+,Retired,Aadhaar,165664740914,True,2026-07-04T06:08:37.946738,2026-07-04T06:08:37.946738
2c12487b-4948-443a-925c-a683f8559095,Brij Mohan,Chishi,Male,20,Single,6944142304,"495, Sector 12",Ludhiana,Punjab,153800,A+,Accountant,Aadhaar,444434848244,True,2026-07-04T06:08:37.946738,2026-07-04T06:08:37.946738
92bf898a-6f68-44f4-80b1-cf7e31893d8f,Radha,Hegde,Female,85,Married,9996897696,"770, Temple Road",Kozhikode,Kerala,675977,O+,Government Employee,Aadhaar,920134729159,True,2026-07-04T06:08:37.946738,2026-07-04T06:08:37.946738
67c1d405-cf81-4aa4-bac0-03cf3e9c5ce9,Simran,Warrier,Female,5,Single,9388484957,"95, Gandhi Chowk",Vijayawada,Andhra Pradesh,515428,AB+,Clerk,Aadhaar,877760774554,True,2026-07-04T06:08:37.946738,2026-07-04T06:08:37.946738
38e417a2-5e07-4d54-b8c6-41e8535f46b8,Gurpreet,Tiwari,Male,68,Divorced,8929386021,"634, Green Park",Kanpur,Uttar Pradesh,206500,,Potter,Aadhaar,573282406515,True,2026-07-04T06:08:37.946738,2026-07-04T06:08:37.946738
fd913803-5713-49ef-bd41-e86309ffab61,Vidya,Doshi,Female,17,Single,7517056655,"622, Market Yard",Vadodara,Gujarat,361011,B+,Accountant,Aadhaar,799640320287,True,2026-07-04T06:08:37.946738,2026-07-04T06:08:37.946738
c07b0c24-abcf-4112-81a9-3cb24fe6a8b5,Senthil,Varma,Male,90,Divorced,7489791207,"465, Gandhi Chowk",Hyderabad,Telangana,509329,B+,Weaver,Aadhaar,122018167878,True,2026-07-04T06:08:37.946738,2026-07-04T06:08:37.946738
8dfa87ac-2c42-4061-bb96-4247c8b26cbd,Pravin,Chavan,Male,70,Divorced,6425049214,"81, Hill Colony",Mumbai,Maharashtra,400384,A+,Software Engineer,Aadhaar,959306303151,True,2026-07-04T06:08:37.946738,2026-07-04T06:08:37.946738
a6826596-6ab3-4fbe-827a-d4626835db64,Yamuna,Reddy,Female,26,Single,9418684278,"395, New Colony",Madurai,Tamil Nadu,612117,A+,Carpenter,Aadhaar,708360561187,True,2026-07-04T06:08:37.946738,2026-07-04T06:08:37.946738
b289531f-dde5-4a21-9f2d-691112488aa5,Gopinath,Bhat,Male,44,Single,7747636547,"966, Green Park",Bangalore,Karnataka,570954,B+,Teacher,Aadhaar,891409287528,True,2026-07-04T06:08:37.946738,2026-07-04T06:08:37.946738
5a6acd86-dd97-418f-86b6-613589614f43,Indira,Nair,Female,13,Single,8567204030,"799, Lake View",Bangalore,Karnataka,564143,O+,Business,Aadhaar,647037824892,True,2026-07-04T06:08:37.946738,2026-07-04T06:08:37.946738
5f02650b-2d30-4231-bb40-f7dffe76d246,Sunil,Chopra,Male,5,Single,9395396016,"974, Nehru Nagar",Agra,Uttar Pradesh,261209,O+,Government Employee,Aadhaar,650518708850,True,2026-07-04T06:08:37.946738,2026-07-04T06:08:37.946738
204d62a6-0a21-431b-b104-b16fb589a3b2,Manoj,Trivedi,Male,39,Single,7839644162,"269, Market Yard",Patiala,Punjab,147877,O+,Engineer,Aadhaar,696716816165,True,2026-07-04T06:08:37.946738,2026-07-04T06:08:37.946738
1d3ac5d8-bfc1-45c9-a6bc-05fcef47b683,Asha,Bedi,Female,10,Single,6755431781,"183, Market Yard",Delhi,Delhi,110014,A-,Driver,Aadhaar,920686091090,True,2026-07-04T06:08:37.946738,2026-07-04T06:08:37.946738
a504413a-9567-47b7-b0e4-8c3c5e5f8b8e,Tejinder,Verma,Male,22,Married,9176107007,"830, College Road",Prayagraj,Uttar Pradesh,278811,,Electrician,Aadhaar,821502855570,True,2026-07-04T06:08:37.946738,2026-07-04T06:08:37.946738
e36329a6-409e-479c-901a-a34cbdf726ce,Prasenjit,Guha,Male,39,Single,9543674807,"608, Hill Colony",Bhubaneswar,Odisha,769779,O+,Clerk,Aadhaar,406046874760,True,2026-07-04T06:08:37.946738,2026-07-04T06:08:37.946738
e50f70f9-ee8d-40c7-ab34-555dda3a295d,Junmoni,Thakur,Female,26,Married,7927331322,"743, Gandhi Chowk",Mathura,Uttar Pradesh,205656,O+,Clerk,Aadhaar,772866704212,True,2026-07-04T06:08:37.946738,2026-07-04T06:08:37.946738
af6364cc-a9fc-46ce-b98d-7768cb8ff034,Nita,Nanda,Female,22,Single,8262547260,"431, Lake View",Aurangabad,Maharashtra,403964,B+,Accountant,Aadhaar,571352611462,True,2026-07-04T06:08:37.946738,2026-07-04T06:08:37.946738
8c774468-040c-4272-83df-766e400d2e16,Tulika,Thakur,Female,39,Single,8959210287,"234, Temple Road",Thane,Maharashtra,441329,B-,Business,Aadhaar,466493202893,True,2026-07-04T06:08:37.946738,2026-07-04T06:08:37.946738
7eb1af70-f115-4373-b5f3-16fa0224d39b,Prabhakaran,Balakrishnan,Male,29,Widowed,6491080478,"984, Temple Road",Guntur,Andhra Pradesh,520226,O+,Farmer,Aadhaar,459770769252,True,2026-07-04T06:08:37.946738,2026-07-04T06:08:37.946738
1bdb5baf-04fc-457b-a484-244717bb70e9,Randhir,Rathore,Male,39,Married,6207499879,"474, Lake View",Delhi,Delhi,110050,O+,Farmer,Aadhaar,425581891267,True,2026-07-04T06:08:37.946738,2026-07-04T06:08:37.946738
8dd86707-0c36-4956-86b9-9a1b86fb6e80,Sunita,Goyal,Female,7,Single,8351049259,"323, Sector 12",Lucknow,Uttar Pradesh,211900,A+,Engineer,Aadhaar,581819055784,True,2026-07-04T06:08:37.946738,2026-07-04T06:08:37.946738
9fba2f3d-cdb1-4af9-bedd-759746142cae,Priya,Ganguly,Female,70,Married,6443068609,"114, Old Bazaar",Gaya,Bihar,814064,A+,Clerk,Aadhaar,854431090362,True,2026-07-04T06:08:37.946738,2026-07-04T06:08:37.946738
e36e8efb-ecbf-479e-84a7-399057a68751,Indira,Chettiar,Female,70,Married,9856112323,"196, Shivaji Nagar",Vijayawada,Andhra Pradesh,530195,B+,Clerk,Aadhaar,841267921089,True,2026-07-04T06:08:37.946738,2026-07-04T06:08:37.946738
f35d427a-13fb-4d32-956c-78b720b91ac7,Jyoti,Goyal,Female,66,Single,8929853555,"739, MG Road",Jabalpur,Madhya Pradesh,463322,A+,Farmer,Aadhaar,569072761437,True,2026-07-04T06:08:37.946738,2026-07-04T06:08:37.946738
44b36315-602b-4664-a26f-cce41a9ad3fa,Bharat,Kelkar,Male,49,Married,7802164038,"345, New Colony",Ahmedabad,Gujarat,371421,O-,Potter,Aadhaar,511927317910,True,2026-07-04T06:08:37.946738,2026-07-04T06:08:37.946738
3a0ca4b4-972d-4188-a04c-9c7b94a7a3b5,Kajal,Yimchunger,Female,26,Married,6527116740,"585, College Road",Mumbai,Maharashtra,435881,O+,Weaver,Aadhaar,148373219945,True,2026-07-04T06:08:37.946738,2026-07-04T06:08:37.946738
cc2499f9-1669-4490-8a19-1e37d4c74c0d,Rajendra,Dave,Male,27,Widowed,8723901080,"716, Church Street",Margao,Goa,403231,O+,Tailor,Aadhaar,465747283948,True,2026-07-04T06:08:37.946738,2026-07-04T06:08:37.946738
a959c797-1dea-4eba-93e9-053519a28c61,Rekha,Sethi,Female,10,Single,8373915696,"134, Temple Road",Delhi,Delhi,110024,O+,Government Employee,Aadhaar,787457397339,True,2026-07-04T06:08:37.946738,2026-07-04T06:08:37.946738
c50b29db-d6a9-4c21-ae74-6b2f4c48ded8,Mahesh,Tiwari,Male,37,Married,6891593366,"807, Nehru Nagar",Satna,Madhya Pradesh,487442,O+,Nurse,Aadhaar,491041288304,True,2026-07-04T06:08:37.946738,2026-07-04T06:08:37.946738
6b7a99b2-6256-4406-acca-46acded04c6b,Arun,Rawat,Male,53,Married,7225250114,"91, Temple Road",Delhi,Delhi,110051,B+,Homemaker,Aadhaar,467985660912,True,2026-07-04T06:08:37.946738,2026-07-04T06:08:37.946738
47832bad-3bc7-41d5-bb77-eadfc4cfa525,Hema,Reddiar,Female,74,Single,6283601178,"608, River Side",Chennai,Tamil Nadu,627755,O+,Labourer,Aadhaar,560593449847,True,2026-07-04T06:08:37.946738,2026-07-04T06:08:37.946738
37540319-1715-4cbf-962b-b93374c8eaae,Tanmoy,Ghosh,Male,67,Widowed,9597536841,"912, MG Road",Purnia,Bihar,845542,,Tailor,Aadhaar,481398048421,True,2026-07-04T06:08:37.946738,2026-07-04T06:08:37.946738
f26aa360-05c1-473a-bdf4-f9c0fd5db8e3,Mehul,Jadhav,Male,45,Married,7172504595,"362, Lake View",Kalyan,Maharashtra,408159,B+,,Aadhaar,720047429360,True,2026-07-04T06:08:37.946738,2026-07-04T06:08:37.946738
638ab794-a922-43b1-b060-9f24eeaf2c6e,Ashwin,Achari,Male,53,Married,8710932306,"768, Market Yard",Vijayawada,Andhra Pradesh,530416,O+,Retired,Aadhaar,877580022212,True,2026-07-04T06:08:37.946738,2026-07-04T06:08:37.946738
b3c58625-2b56-488a-b96a-9d76fe9c2373,Randhir,Chahal,Male,48,Divorced,7646019530,"931, River Side",Aligarh,Uttar Pradesh,263862,AB+,Government Employee,Aadhaar,443090869156,True,2026-07-04T06:08:37.946738,2026-07-04T06:08:37.946738
f40ae43d-c1a4-4a82-8795-84e32685c503,Jaspreet,Singh,Male,79,Single,7760396220,"302, Hill Colony",Ujjain,Madhya Pradesh,458354,B+,Labourer,Aadhaar,271564677866,True,2026-07-04T06:08:37.946738,2026-07-04T06:08:37.946738
a051c871-e66e-4620-a3f2-2131ecb9c446,Milind,Phukan,Male,22,Married,9486441343,"592, New Colony",Sangli,Maharashtra,412864,A+,Fisherman,Aadhaar,237494984619,True,2026-07-04T06:08:37.946738,2026-07-04T06:08:37.946738
a430f827-2b40-49f4-96c9-750516fbef3d,Bhushan,Bafna,Male,83,Divorced,8236571491,"713, Ambedkar Marg",Bhopal,Madhya Pradesh,465972,B+,Potter,Aadhaar,200946068591,True,2026-07-04T06:08:37.946738,2026-07-04T06:08:37.946738
1fdf49fb-c814-40cc-aa45-0d4ff36275b6,Lakshmi,Menon,Female,9,Single,8867990960,"813, New Colony",Chennai,Tamil Nadu,615127,AB+,Tailor,Aadhaar,743828883579,True,2026-07-04T06:08:37.946738,2026-07-04T06:08:37.946738
cdaaa8bc-7e80-4520-bdfe-546a24b81cc2,Kishor,Grover,Male,16,Single,6604311256,"306, Temple Road",Ajmer,Rajasthan,340854,O+,Software Engineer,Aadhaar,338503338981,True,2026-07-04T06:08:37.946738,2026-07-04T06:08:37.946738
0fc43107-1f35-4a1f-be17-35436416e3a4,Lalrinchhana,Hazarika,Male,8,Single,9520780157,"167, Shivaji Nagar",Silchar,Assam,785649,O+,Doctor,Aadhaar,649815909520,True,2026-07-04T06:08:37.946738,2026-07-04T06:08:37.946738
bc02a281-eba1-4176-8a83-c44b5c55a43a,Chittaranjan,Nair,Male,40,Divorced,7852076914,"404, Shivaji Nagar",Tiruchirappalli,Tamil Nadu,605513,B+,Clerk,Aadhaar,736957379703,True,2026-07-04T06:08:37.946738,2026-07-04T06:08:37.946738
5fbd9016-cc89-4ed9-a460-cd534f0756df,Malabika,Mitra,Female,59,Widowed,7870173255,"231, River Side",Patna,Bihar,827318,O+,Homemaker,Aadhaar,308106693273,True,2026-07-04T06:08:37.946738,2026-07-04T06:08:37.946738
dd6457d1-f7ed-422c-8964-f649c90ee9d6,Manoj,Chakraborty,Male,31,Widowed,7943779038,"421, Shivaji Nagar",Kolkata,West Bengal,722514,O-,Driver,Aadhaar,208024034933,True,2026-07-04T06:08:37.946738,2026-07-04T06:08:37.946738
04bd7556-d3b7-45aa-9b14-e5da1acf38f0,Manoranjan,Gandhi,Male,34,Single,7877770137,"319, Gandhi Chowk",Surat,Gujarat,384922,O+,Driver,Aadhaar,249840076930,True,2026-07-04T06:08:37.946738,2026-07-04T06:08:37.946738
4a69fd19-c432-497a-be19-5d5c0c4026ad,Vandana,Konwar,Female,80,Single,8317225359,"973, Nehru Nagar",Dibrugarh,Assam,787627,A+,Weaver,Aadhaar,838082997960,True,2026-07-04T06:08:37.946738,2026-07-04T06:08:37.946738
b3ac73d1-6c9f-4583-888a-a860380b2bcf,Yamuna,Warrier,Female,29,Widowed,9455220820,"816, Market Yard",Kozhikode,Kerala,683153,B+,Government Employee,Aadhaar,799719693497,True,2026-07-04T06:08:37.946738,2026-07-04T06:08:37.946738
036fd46a-0645-4d09-ac99-4445ae85bb35,Grace,Barman,Female,28,Divorced,9881827342,"609, Lake View",Dibrugarh,Assam,784132,B-,Housewife,Aadhaar,186442544013,True,2026-07-04T06:08:37.946738,2026-07-04T06:08:37.946738
78f81c03-3494-43ee-910c-1798a3d06432,Karthik,Raman,Male,33,Married,8299033911,"779, Temple Road",Chennai,Tamil Nadu,639056,O+,Clerk,Aadhaar,432417905461,True,2026-07-04T06:08:37.946738,2026-07-04T06:08:37.946738
a2a2b6a6-d301-4a72-b106-8be7f6e91368,Nirali,Modi,Female,58,Married,8294983631,"395, Ambedkar Marg",Nagpur,Maharashtra,418738,O+,Government Employee,Aadhaar,317254569332,True,2026-07-04T06:08:37.946738,2026-07-04T06:08:37.946738
ee8623a4-e7b6-4b26-bf3e-e0dc3b4c9bcf,Niranjan,Adhikari,Male,11,Single,7871370025,"830, Nehru Nagar",Muzaffarpur,Bihar,829676,B+,Potter,Aadhaar,851221822125,True,2026-07-04T06:08:37.946738,2026-07-04T06:08:37.946738
3d21d2ad-c5e6-40db-a998-9080e0c97272,Manpreet,Srivastava,Male,36,Single,6185255990,"378, Hill Colony",Delhi,Delhi,110058,O+,Government Employee,Aadhaar,496035134449,True,2026-07-04T06:08:37.946738,2026-07-04T06:08:37.946738
680471e0-068d-4f78-a7b3-3ec40ab6703f,Nisha,Trivedi,Female,23,Divorced,6220719310,"510, Model Town",Prayagraj,Uttar Pradesh,222444,A+,,Aadhaar,553243761673,True,2026-07-04T06:08:37.946738,2026-07-04T06:08:37.946738
7f7e60f9-91ef-492f-b104-26c06eb34e1d,Malabika,Basu,Female,58,Divorced,8536731210,"193, Model Town",Bhubaneswar,Odisha,766337,O+,Teacher,Aadhaar,794767619853,True,2026-07-04T06:08:37.946738,2026-07-04T06:08:37.946738
8146149f-701b-4639-8974-2e3d3c728e50,Gargi,Panda,Female,63,Married,6127184180,"943, Shivaji Nagar",Dhanbad,Jharkhand,828855,A+,Business,Aadhaar,448692540224,True,2026-07-04T06:08:37.946738,2026-07-04T06:08:37.946738
45135889-3d01-4c69-a56b-d4d28411e406,Poonam,Kalra,Female,78,Married,7919333545,"408, Lake View",Raipur,Chhattisgarh,496604,B+,Student,Aadhaar,233996363185,True,2026-07-04T06:08:37.946738,2026-07-04T06:08:37.946738
7b187b57-2f70-4b71-833f-559018d57816,Prabhakaran,Iyengar,Male,17,Single,7718060269,"744, Green Park",Erode,Tamil Nadu,616131,O+,Homemaker,Aadhaar,850155869261,True,2026-07-04T06:08:37.946738,2026-07-04T06:08:37.946738
28e3e57e-45b2-48b8-b48e-a2f203a37f88,Gurpreet,Goyal,Male,7,Single,7660721366,"618, New Colony",Amritsar,Punjab,145712,O+,Electrician,Aadhaar,959947197572,True,2026-07-04T06:08:37.946738,2026-07-04T06:08:37.946738
12cadfde-d5c4-4402-b3ac-61261d1f1b06,Heena,Dey,Female,21,Married,6691875560,"471, Nehru Nagar",Kalyan,Maharashtra,433519,O+,Doctor,Aadhaar,275264411681,True,2026-07-04T06:08:37.946738,2026-07-04T06:08:37.946738
f05ce483-d75f-4de5-bee9-f86a5d2591f0,Prabhakaran,Achari,Male,12,Single,7699444096,"695, Hill Colony",Vellore,Tamil Nadu,641427,B-,Electrician,Aadhaar,795105300456,True,2026-07-04T06:08:37.946738,2026-07-04T06:08:37.946738
856e7604-cf9e-4207-bf72-29d7021b4c81,Purabi,Sodhi,Female,53,Widowed,7255852135,"215, Model Town",Bathinda,Punjab,145006,O+,Weaver,Aadhaar,218690306416,True,2026-07-04T06:08:37.946738,2026-07-04T06:08:37.946738
83e7fe0c-6af8-4943-bfbf-2cd19d5679b4,Junmoni,Chavan,Female,13,Single,7888397590,"982, Church Street",Jalgaon,Maharashtra,426544,O+,Homemaker,Aadhaar,333377930788,True,2026-07-04T06:08:37.946738,2026-07-04T06:08:37.946738
072a927a-8b7c-4600-9b1c-7ca6f23f6ac2,Amandeep Kaur,Joshi,Female,68,Married,6391581061,"407, Green Park",Ujjain,Madhya Pradesh,468074,O+,Electrician,Aadhaar,947418051951,True,2026-07-04T06:08:37.946738,2026-07-04T06:08:37.946738
0fbf656f-ff21-4f39-88d4-8ad4b019b904,Mahesh,Dubey,Male,15,Single,9809849060,"59, Lake View",Gwalior,Madhya Pradesh,468798,B+,Fisherman,Aadhaar,522476068748,True,2026-07-04T06:08:37.946738,2026-07-04T06:08:37.946738
13bc8fe0-59f8-4e23-ae21-61d6e28acca5,Padmanabhan,Pillai,Male,22,Single,6495445629,"89, College Road",Davanagere,Karnataka,583606,O+,Potter,Aadhaar,462247080508,True,2026-07-04T06:08:37.946738,2026-07-04T06:08:37.946738
fde30ab8-eccb-4d1b-8129-a99662ca393d,Revathi,Kamath,Female,36,Widowed,9687467504,"509, Church Street",Bangalore,Karnataka,586374,O+,Farmer,Aadhaar,374955904243,True,2026-07-04T06:08:37.946738,2026-07-04T06:08:37.946738
2d5b8ed6-1617-4f33-b238-2f1987963859,Sathish,Reddy,Male,5,Single,7430155209,"76, Model Town",Vijayawada,Andhra Pradesh,533730,O+,Homemaker,Aadhaar,725055095908,True,2026-07-04T06:08:37.946738,2026-07-04T06:08:37.946738
04e8efb4-2714-49ad-a200-7c0e43675629,Priyanka,Chettiar,Female,43,Divorced,7185795111,"818, New Colony",Kozhikode,Kerala,695248,O+,Retired,Aadhaar,602632800127,True,2026-07-04T06:08:37.946738,2026-07-04T06:08:37.946738
7af9593f-bf9c-4631-94c2-c74600107e7b,Sarita,Saxena,Female,90,Single,8317986019,"119, New Colony",Lucknow,Uttar Pradesh,213019,B+,Shopkeeper,Aadhaar,666737311103,True,2026-07-04T06:08:37.946738,2026-07-04T06:08:37.946738
2512a36a-b644-4b67-8cbe-dcc599a7a36c,Manjusha,Shah,Female,5,Single,8622149860,"827, Temple Road",Nagpur,Maharashtra,417845,AB-,Tailor,Aadhaar,625206177705,True,2026-07-04T06:08:37.946738,2026-07-04T06:08:37.946738
6443bc31-0524-4e5c-80d4-055bf0a0a503,Chittaranjan,Sekhon,Male,11,Single,9633018119,"411, Ring Road",Agra,Uttar Pradesh,276026,B+,Shopkeeper,Aadhaar,559943868226,True,2026-07-04T06:08:37.946738,2026-07-04T06:08:37.946738
e255477a-ad5b-4000-96bf-01329cf3b14a,Rajagopal,Panicker,Male,15,Single,7479034438,"323, Civil Lines",Kochi,Kerala,685410,O+,Retired,Aadhaar,570578290686,True,2026-07-04T06:08:37.946738,2026-07-04T06:08:37.946738
01bd538c-7371-428d-9c5e-4788e0b89d98,Kailash Bora,Kalra,Male,26,Divorced,7444774443,"211, Nehru Nagar",Dehradun,Uttarakhand,256156,B+,Student,Aadhaar,276566629365,True,2026-07-04T06:08:37.946738,2026-07-04T06:08:37.946738
341f5273-ea3b-4431-8310-bd05a26213a6,Balaji,Sarma,Male,51,Widowed,9474393308,"945, Ring Road",Hyderabad,Telangana,506783,B+,Driver,Aadhaar,917298603385,True,2026-07-04T06:08:37.946738,2026-07-04T06:08:37.946738
6b58d607-77cf-4887-912a-fe24d47e9a4e,Gopalakrishnan,Namboothiri,Male,16,Single,7908507722,"623, Civil Lines",Belgaum,Karnataka,587322,A+,Government Employee,Aadhaar,346037583313,True,2026-07-04T06:08:37.946738,2026-07-04T06:08:37.946738
256dbba6-f6fe-467a-b743-bc7e9af2b6a7,Chhaya,Guha,Female,23,Married,8637412357,"431, Shivaji Nagar",Bhubaneswar,Odisha,766632,A+,Software Engineer,Aadhaar,806664621213,True,2026-07-04T06:08:37.946738,2026-07-04T06:08:37.946738
58df65ff-bae0-47d2-bf64-55f41349abb9,Nishita,Dubey,Female,5,Single,6614040147,"780, Nehru Nagar",Noida,Uttar Pradesh,263775,O+,Plumber,Aadhaar,792722671196,True,2026-07-04T06:08:37.946738,2026-07-04T06:08:37.946738
f25ec4cd-37d7-4d34-ae71-b6ef67dad8c9,Kalyani,Iyer,Female,34,Married,8398648040,"581, College Road",Salem,Tamil Nadu,619949,B+,Fisherman,Aadhaar,158267989661,True,2026-07-04T06:08:37.946738,2026-07-04T06:08:37.946738
a1092381-8bd2-4490-bb0e-8eb4c0738aab,Sandip,Kothari,Male,50,Widowed,9482508755,"542, New Colony",Mumbai,Maharashtra,425665,O+,Priest,Aadhaar,709895306736,True,2026-07-04T06:08:37.946738,2026-07-04T06:08:37.946738
b03ef38f-1c16-41bc-a8ba-cb7805d118cc,Rekha,Bedi,Female,14,Single,8303101025,"266, Old Bazaar",Shimla,Himachal Pradesh,174249,B+,Labourer,Aadhaar,506092293451,True,2026-07-04T06:08:37.946738,2026-07-04T06:08:37.946738
3e85b274-083d-4cb5-b817-b778c1a56698,Bijoy,Roy,Male,17,Single,6366997758,"200, Ring Road",Rourkela,Odisha,765992,O+,Housewife,Aadhaar,430792868853,True,2026-07-04T06:08:37.946738,2026-07-04T06:08:37.946738
1be13067-a8ae-4b88-9441-88f6375f3a0f,Sunil,Sekhon,Male,51,Married,6692886856,"811, Old Bazaar",Raipur,Chhattisgarh,495823,A+,Government Employee,Aadhaar,267719001365,True,2026-07-04T06:08:37.946738,2026-07-04T06:08:37.946738
625ae9ba-8b0c-450a-bb1d-1b925b07ef68,Harpreet,Verma,Male,89,Widowed,7442026461,"60, Shivaji Nagar",Jabalpur,Madhya Pradesh,464968,B+,Clerk,Aadhaar,276795325910,True,2026-07-04T06:08:37.946738,2026-07-04T06:08:37.946738
cf61011e-7cc8-4b7f-952d-df5ed57e75d8,Padma,Chetty,Female,22,Single,7110006500,"140, MG Road",Visakhapatnam,Andhra Pradesh,519406,O+,Doctor,Aadhaar,112360120113,True,2026-07-04T06:08:37.946738,2026-07-04T06:08:37.946738
33dfe54f-8c56-46a0-8b63-f5fd000cae6e,Pradeep,Mishra,Male,21,Divorced,9492130623,"956, MG Road",Delhi,Delhi,110057,A+,Electrician,Aadhaar,926125678488,True,2026-07-04T06:08:37.946738,2026-07-04T06:08:37.946738
80a05068-979e-4733-8c79-90ee215e3173,Nita,Pawar,Female,47,Single,7888895427,"596, Hill Colony",Amravati,Maharashtra,416929,A+,Farmer,Aadhaar,971666882653,True,2026-07-04T06:08:37.946738,2026-07-04T06:08:37.946738
f46f587e-3ee7-4f3f-8afa-9c11ed722562,Yashpal,Gupta,Male,42,Married,9870623786,"167, Station Road",Gurugram,Haryana,131845,A+,,Aadhaar,554073444452,True,2026-07-04T06:08:37.946738,2026-07-04T06:08:37.946738
8461f86c-f3ce-4342-b919-fac42bc99077,Amandeep Kaur,Dhillon,Female,36,Widowed,8544443186,"109, New Colony",Satna,Madhya Pradesh,461986,AB+,Clerk,Aadhaar,689387152186,True,2026-07-04T06:08:37.946738,2026-07-04T06:08:37.946738
b25c4d5c-c0f4-4719-9d15-650eba368ed7,Vaishali,Vora,Female,47,Married,8513688446,"404, Hill Colony",Pune,Maharashtra,418465,A+,Fisherman,Aadhaar,374650936456,True,2026-07-04T06:08:37.946738,2026-07-04T06:08:37.946738
d621b8ba-ff1a-42ef-b583-b6f3cd6f49da,Vaishali,More,Female,24,Single,6192290983,"49, Ambedkar Marg",Amravati,Maharashtra,434795,B+,Labourer,Aadhaar,860134136257,True,2026-07-04T06:08:37.946738,2026-07-04T06:08:37.946738
54d9275c-a63a-4c89-82ca-110ea2f6f7f6,Ananya,Bose,Female,45,Divorced,8844732251,"37, Civil Lines",Jamshedpur,Jharkhand,832604,O+,Homemaker,Aadhaar,489529674899,True,2026-07-04T06:08:37.946738,2026-07-04T06:08:37.946738
a300e68a-39a4-4629-bdbf-b48265d1724c,Anand,Lodha,Male,46,Divorced,8368192082,"226, Hill Colony",Kota,Rajasthan,330780,,Shopkeeper,Aadhaar,512802135350,True,2026-07-04T06:08:37.946738,2026-07-04T06:08:37.946738
8b29166f-e0de-4b62-8c54-3c73ef689733,Kumaresan,Hegde,Male,19,Single,7894609651,"754, MG Road",Tirunelveli,Tamil Nadu,635362,A+,Shopkeeper,Aadhaar,435086999110,True,2026-07-04T06:08:37.946738,2026-07-04T06:08:37.946738
7552155a-889b-4702-9280-8b67941d6072,Meenakshi,Jadhav,Female,40,Married,8759116058,"700, Temple Road",Ahmedabad,Gujarat,393259,A+,Potter,Aadhaar,964102178870,True,2026-07-04T06:08:37.946738,2026-07-04T06:08:37.946738
f918f6b9-bf35-42b7-9643-3da169b1d3ff,Varsha,Vaidya,Female,37,Widowed,9350365951,"275, Station Road",Ahmedabad,Gujarat,389646,AB+,Student,Aadhaar,724310831435,True,2026-07-04T06:08:37.946738,2026-07-04T06:08:37.946738
f63c0462-849b-48c1-9c68-961777c11efd,Manoj,Bansal,Male,11,Single,7129825287,"670, Church Street",Delhi,Delhi,110074,A+,Software Engineer,Aadhaar,452493703513,True,2026-07-04T06:08:37.946738,2026-07-04T06:08:37.946738
058a1893-344e-44ad-955d-97b321ca6a9b,Manjusha,Rathi,Female,10,Single,7597434896,"685, Shivaji Nagar",Aurangabad,Maharashtra,442321,B+,Fisherman,Aadhaar,143722274817,True,2026-07-04T06:08:37.946738,2026-07-04T06:08:37.946738
80a6d811-9460-4067-9ad2-8655ebf577fb,Meenakshi,Achari,Female,19,Single,8204256082,"200, Model Town",Tirunelveli,Tamil Nadu,607011,O+,,Aadhaar,686580419510,True,2026-07-04T06:08:37.946738,2026-07-04T06:08:37.946738
7a48aac7-510f-46fd-b435-521f49c30828,Ajay,Dubey,Male,6,Single,6499553498,"768, Ring Road",Kanpur,Uttar Pradesh,268026,B+,Weaver,Aadhaar,698870655646,True,2026-07-04T06:08:37.946738,2026-07-04T06:08:37.946738
6956d167-d0a1-48a7-bb36-041fd05c5435,Renu,Vora,Female,84,Widowed,6518183156,"317, Ring Road",Surat,Gujarat,368754,A+,Teacher,Aadhaar,723533307650,True,2026-07-04T06:08:37.946738,2026-07-04T06:08:37.946738
c556e343-82b9-4b14-a6a8-439502bd1990,Geetha,Warrier,Female,38,Divorced,8528740584,"767, Ring Road",Vijayawada,Andhra Pradesh,518892,B+,Housewife,Aadhaar,221033435127,True,2026-07-04T06:08:37.946738,2026-07-04T06:08:37.946738
15b0511b-7a24-459e-b66f-f9fa76a75fdf,Nitin,Kapoor,Male,27,Married,6405288540,"168, New Colony",Agra,Uttar Pradesh,234153,B+,Doctor,Aadhaar,726549719732,True,2026-07-04T06:08:37.946738,2026-07-04T06:08:37.946738
a857efd2-8e5a-4603-afce-f72016bc004b,Arun,Bansal,Male,62,Widowed,6799744320,"165, Lake View",Ghaziabad,Uttar Pradesh,227105,O+,Teacher,Aadhaar,565711855121,True,2026-07-04T06:08:37.946738,2026-07-04T06:08:37.946738
3fc0e6b2-cb70-4d9d-bc52-71917cfff409,Kavita,Bhatt,Female,47,Single,8307652855,"558, Temple Road",Delhi,Delhi,110025,,,Aadhaar,296750790154,True,2026-07-04T06:08:37.946738,2026-07-04T06:08:37.946738
25702cef-e6b0-4248-b3ed-e04e4cee8356,Snehal,Boruah,Female,38,Divorced,7808653239,"798, River Side",Vasai-Virar,Maharashtra,440073,O+,Accountant,Aadhaar,930893157370,True,2026-07-04T06:08:37.946738,2026-07-04T06:08:37.946738
c9113cbe-10ff-434a-a1f7-9e59a83bd147,Anita,Rabha,Female,57,Divorced,7330307055,"835, Green Park",Karnal,Haryana,127677,AB+,Driver,Aadhaar,795283362532,True,2026-07-04T06:08:37.946738,2026-07-04T06:08:37.946738
4eb1bc8b-085a-4aab-a16f-0ce8124a00ec,Payal,Sharma,Female,28,Married,7266486397,"680, Lake View",Nagpur,Maharashtra,410280,O+,Homemaker,Aadhaar,695596115389,True,2026-07-04T06:08:37.946738,2026-07-04T06:08:37.946738
0a41e817-5c2a-4d2b-8a03-2de14613fb63,Senthil,Sundaram,Male,24,Married,9617842580,"505, Temple Road",Coimbatore,Tamil Nadu,606225,B+,Priest,Aadhaar,739200748846,True,2026-07-04T06:08:37.946738,2026-07-04T06:08:37.946738
d12489c6-2e48-40d7-b4cf-bd6ccda06172,Brij Mohan,Rawat,Male,73,Married,7601532871,"622, Market Yard",Delhi,Delhi,110053,O+,Weaver,Aadhaar,752705909323,True,2026-07-04T06:08:37.946738,2026-07-04T06:08:37.946738
7e79bba3-abfc-49d5-a9c7-b64718474b4a,Payal,Lodha,Female,38,Single,6869003668,"842, Shivaji Nagar",Jaipur,Rajasthan,326611,B+,Retired,Aadhaar,287963743450,True,2026-07-04T06:08:37.946738,2026-07-04T06:08:37.946738
14a947f2-a18c-4064-b5fc-ced3042da74c,Payal,Chokshi,Female,10,Single,7468753641,"334, Civil Lines",Jaipur,Rajasthan,340476,O+,,Aadhaar,909362267313,True,2026-07-04T06:08:37.946738,2026-07-04T06:08:37.946738
4c010b9d-c315-4b66-8af7-1e9c90fa9c8a,Sohini,Chakraborty,Female,44,Divorced,9733792928,"312, Gandhi Chowk",Rourkela,Odisha,765349,B+,Farmer,Aadhaar,961369631801,True,2026-07-04T06:08:37.946738,2026-07-04T06:08:37.946738
78fc4f47-e69a-48a2-8095-e13aad7b4bcd,Sowmya,Namboothiri,Female,49,Widowed,6646597878,"199, New Colony",Belgaum,Karnataka,586280,B+,Nurse,Aadhaar,668904219244,True,2026-07-04T06:08:37.946738,2026-07-04T06:08:37.946738
59b3c6ad-25e0-4021-ac0b-efde04e312ef,Kranti,Ramamurthy,Female,53,Married,8411402048,"324, MG Road",Navi Mumbai,Maharashtra,439645,O+,Retired,Aadhaar,229583034596,True,2026-07-04T06:08:37.946738,2026-07-04T06:08:37.946738
b16e8371-1c73-4367-940c-0142bccac3d4,Ashish,Vaidya,Male,12,Single,6119411302,"861, Hill Colony",Pune,Maharashtra,411741,O+,Clerk,Aadhaar,343826034032,True,2026-07-04T06:08:37.946738,2026-07-04T06:08:37.946738
6e756ef4-b66b-4713-b3e7-ea216ae5e897,Nikhil,Thakur,Male,43,Single,9381225320,"854, Ambedkar Marg",Rajkot,Gujarat,396264,O+,,Aadhaar,965208612680,True,2026-07-04T06:08:37.946738,2026-07-04T06:08:37.946738
905a3101-83a9-4063-96f3-981e12e76177,Usha,Bhalla,Female,8,Single,6735841848,"910, New Colony",Jalandhar,Punjab,151662,,Clerk,Aadhaar,710302360442,True,2026-07-04T06:08:37.946738,2026-07-04T06:08:37.946738
42ce5695-7d9f-410b-bce2-19a5b1bbadc2,Swathi,Singh,Female,22,Divorced,6801827399,"122, Lake View",Firozabad,Uttar Pradesh,262880,O+,,Aadhaar,927343945640,True,2026-07-04T06:08:37.946738,2026-07-04T06:08:37.946738
89e5cfc8-aa7b-46c2-8e61-356424fb6480,Chandrasekhar,Krishnan,Male,66,Single,6522404300,"496, Sector 12",Visakhapatnam,Andhra Pradesh,526238,O-,Retired,Aadhaar,281995911623,True,2026-07-04T06:08:37.946738,2026-07-04T06:08:37.946738
200de139-fcb9-458f-bb67-b6a32818dc01,Gunjan,Sailo,Female,27,Divorced,7438686488,"955, College Road",Guwahati,Assam,787293,O+,Student,Aadhaar,460811244957,True,2026-07-04T06:08:37.946738,2026-07-04T06:08:37.946738
07cf5cb9-c891-4809-91d9-11c275c1b950,Rahul,Thakur,Male,39,Divorced,9425960088,"555, Ring Road",Nashik,Maharashtra,444875,A+,Labourer,Aadhaar,286084859394,True,2026-07-04T06:08:37.946738,2026-07-04T06:08:37.946738
6c011171-3736-47c6-946b-2ac83597a9b8,Suman,Das,Male,63,Single,8457574208,"747, Church Street",Howrah,West Bengal,714298,O+,,Aadhaar,373765606301,True,2026-07-04T06:08:37.946738,2026-07-04T06:08:37.946738
7d5a24c8-e5a4-40eb-bb8c-1e122275c651,Amandeep Kaur,Deshmukh,Female,16,Single,9631130130,"161, College Road",Mumbai,Maharashtra,417741,B+,Labourer,Aadhaar,454573967401,True,2026-07-04T06:08:37.946738,2026-07-04T06:08:37.946738
5c794ebf-b524-44cd-b539-4511a4327c4b,Deepali,Parekh,Female,24,Single,8208880800,"416, Ambedkar Marg",Rajkot,Gujarat,392923,O+,Engineer,Aadhaar,469602290220,True,2026-07-04T06:08:37.946738,2026-07-04T06:08:37.946738
deae27c4-5101-4c8c-99e4-313f56f5fb64,Vasant,Kothari,Male,40,Widowed,8606393748,"236, Church Street",Surat,Gujarat,374079,B+,Tailor,Aadhaar,919186843881,True,2026-07-04T06:08:37.946738,2026-07-04T06:08:37.946738
efc61d2c-6423-4d25-9d2b-dcc3b1063ada,Manjusha,Dave,Female,62,Divorced,7379127209,"297, New Colony",Mumbai,Maharashtra,413316,O+,Plumber,Aadhaar,311407934829,True,2026-07-04T06:08:37.946738,2026-07-04T06:08:37.946738
08af299c-c2ce-4c6f-ab78-2455935edd31,Ganesh,Nanda,Male,26,Single,9140195056,"526, Green Park",Surat,Gujarat,393164,B+,Accountant,Aadhaar,292390499755,True,2026-07-04T06:08:37.946738,2026-07-04T06:08:37.946738
97e8d1a3-cbec-4056-9059-d7d93f35d68a,Komal,Joshi,Female,19,Single,8294926313,"126, Market Yard",Vadodara,Gujarat,380037,B+,Housewife,Aadhaar,347943903095,True,2026-07-04T06:08:37.946738,2026-07-04T06:08:37.946738
351837b6-d58a-46d9-989f-72c5b240c0f5,Debolina,Kurup,Female,55,Divorced,7414109605,"286, Temple Road",Dhanbad,Jharkhand,829272,O+,Fisherman,Aadhaar,749238360135,True,2026-07-04T06:08:37.946738,2026-07-04T06:08:37.946738
211bb3c4-96ca-4311-b200-e68ebb2a3fc7,Priti,Vaidya,Female,9,Single,8503802726,"645, College Road",Jodhpur,Rajasthan,318170,B-,Homemaker,Aadhaar,970099545594,True,2026-07-04T06:08:37.946738,2026-07-04T06:08:37.946738
3686372a-57c4-4e7b-816e-c092f6e12fe2,Naresh,Kalra,Male,13,Single,6670470132,"928, Civil Lines",Lucknow,Uttar Pradesh,245615,O+,Accountant,Aadhaar,674080666636,True,2026-07-04T06:08:37.946738,2026-07-04T06:08:37.946738
53c7b660-915d-49c5-9a4d-d7b2d94a3899,Rajwinder Kaur,Kapoor,Female,19,Single,9725818533,"380, Market Yard",Amritsar,Punjab,145594,B+,Potter,Aadhaar,797195999908,True,2026-07-04T06:08:37.946738,2026-07-04T06:08:37.946738
a6d4712f-5184-4688-a8e7-fb54a5a85e1d,Renu,Agarwal,Female,13,Single,6573635441,"764, River Side",Moradabad,Uttar Pradesh,261655,A+,Carpenter,Aadhaar,180911135031,True,2026-07-04T06:08:37.946738,2026-07-04T06:08:37.946738
6029611b-c602-48ad-97fb-f247fccea3c2,Subrata,Balakrishnan,Male,44,Widowed,8452972723,"831, Ambedkar Marg",Hubli,Karnataka,585884,O+,Nurse,Aadhaar,275551843167,True,2026-07-04T06:08:37.946738,2026-07-04T06:08:37.946738
a22a09b5-01e3-4965-bb63-4d8602cfd4fe,Sunita,Gill,Female,7,Single,8907438286,"445, Hill Colony",Jammu,Jammu and Kashmir,181870,A+,Homemaker,Aadhaar,188213347988,True,2026-07-04T06:08:37.946738,2026-07-04T06:08:37.946738
3f544183-022a-4300-a1f1-7be3ecdd45ae,Rajni,Yimchunger,Female,15,Single,7994850544,"108, Market Yard",Dibrugarh,Assam,784834,B+,Business,Aadhaar,741766719852,True,2026-07-04T06:08:37.946738,2026-07-04T06:08:37.946738
4e84f89e-1fef-451a-9683-c97394fffba5,Jignesh,Bhagat,Male,56,Married,9904235048,"13, Old Bazaar",Aurangabad,Maharashtra,412790,O+,Fisherman,Aadhaar,731883579542,True,2026-07-04T06:08:37.946738,2026-07-04T06:08:37.946738
f17891f8-3912-49e8-b2ea-3e11faec0ba8,Probin,Adhikari,Male,8,Single,7793978998,"887, Old Bazaar",Bhagalpur,Bihar,822909,O+,Teacher,Aadhaar,682784475081,True,2026-07-04T06:08:37.946738,2026-07-04T06:08:37.946738
1e138aa4-6691-4ed1-b2e6-33b98ac43c0a,Piyali,Bose,Female,63,Single,8327823766,"732, Market Yard",Kolkata,West Bengal,713539,B+,Weaver,Aadhaar,647741172007,True,2026-07-04T06:08:37.946738,2026-07-04T06:08:37.946738
ee263259-7558-4707-a44d-8605b9f40229,Ranganathan,Namboothiri,Male,32,Single,7479277669,"248, New Colony",Erode,Tamil Nadu,603956,A+,Accountant,Aadhaar,576616788499,True,2026-07-04T06:08:37.946738,2026-07-04T06:08:37.946738
8f9015f9-6c22-436e-beb1-5653390f2956,Balaji,Warrier,Male,89,Divorced,7727906148,"500, River Side",Tiruchirappalli,Tamil Nadu,612186,B+,Doctor,Aadhaar,371829241728,True,2026-07-04T06:08:37.946738,2026-07-04T06:08:37.946738
94c74434-90c2-4d11-a606-891ef5fc6df9,Rashmi Rekha,Neog,Female,37,Divorced,6270089241,"558, New Colony",Kohima,Nagaland,797864,AB-,,Aadhaar,374509023343,True,2026-07-04T06:08:37.946738,2026-07-04T06:08:37.946738
f4a05120-5805-4bb8-bdb0-41a105ccb9d8,Kajal,More,Female,9,Single,9447172739,"650, Model Town",Nagpur,Maharashtra,421939,B+,Shopkeeper,Aadhaar,144090420489,True,2026-07-04T06:08:37.946738,2026-07-04T06:08:37.946738
bc15edf4-fe2e-4a59-aeba-346fee9979f5,Sonal,Yadav,Female,13,Single,6383530940,"147, Green Park",Dehradun,Uttarakhand,257753,O+,Plumber,Aadhaar,796915554482,True,2026-07-04T06:08:37.946738,2026-07-04T06:08:37.946738
a7c058dd-ba26-40b5-8d73-5bfa6b444c2c,Geeta,Yadav,Female,33,Married,9717544034,"817, Nehru Nagar",Bilaspur,Chhattisgarh,493428,B+,Potter,Aadhaar,789801005776,True,2026-07-04T06:08:37.946738,2026-07-04T06:08:37.946738
134b1683-1020-476e-a37a-2231881f03b8,Shrikant,Ao,Male,23,Widowed,8910029537,"984, Church Street",Jaipur,Rajasthan,308333,A+,Potter,Aadhaar,247977405186,True,2026-07-04T06:08:37.946738,2026-07-04T06:08:37.946738
dd7a6e64-a6de-4d87-bbf6-cde7264976ed,Komal,Shukla,Female,18,Single,6947006402,"109, Temple Road",Mumbai,Maharashtra,417760,A+,Teacher,Aadhaar,331701077590,True,2026-07-04T06:08:37.946738,2026-07-04T06:08:37.946738
0e8bf6cc-acb6-4d39-b268-c0f30f8cbc92,Ketan,Kadam,Male,22,Single,9404904755,"780, Green Park",Ahmedabad,Gujarat,389459,O+,Labourer,Aadhaar,115483541178,True,2026-07-04T06:08:37.946738,2026-07-04T06:08:37.946738
2f61032f-cab8-49f3-aa28-5ae7bb344f95,Diganta,Bhagat,Male,23,Single,9243065640,"358, Sector 12",Guwahati,Assam,787452,,Government Employee,Aadhaar,288323073409,True,2026-07-04T06:08:37.946738,2026-07-04T06:08:37.946738
24e3c876-d677-4c36-b063-d44c49d7d9e1,Anil,Bhandari,Male,40,Married,6160770672,"725, Green Park",Ludhiana,Punjab,159385,A+,Software Engineer,Aadhaar,509184637808,True,2026-07-04T06:08:37.946738,2026-07-04T06:08:37.946738
00ce2f8f-bc80-4588-8028-77fb8ecee268,Niranjan,Chakraborty,Male,35,Single,8684100671,"975, Market Yard",Kolkata,West Bengal,701846,B+,Electrician,Aadhaar,735368693334,True,2026-07-04T06:08:37.946738,2026-07-04T06:08:37.946738
4495db28-4447-4239-a8d4-1fcc50272b45,Vasantha,Patel,Female,16,Single,8993763079,"912, Model Town",Navi Mumbai,Maharashtra,411298,B+,,Aadhaar,435833881985,True,2026-07-04T06:08:37.946738,2026-07-04T06:08:37.946738
473460dd-56a3-49b2-b715-ddb4cf1976a4,Hansaben,Bhagat,Female,11,Single,9581735140,"712, Station Road",Surat,Gujarat,363676,AB+,,Aadhaar,956138255868,True,2026-07-04T06:08:37.946738,2026-07-04T06:08:37.946738
d799d974-3a9f-460e-9a3f-f931b7bd4514,Selvam,Ramamurthy,Male,57,Married,6463959990,"477, Green Park",Kochi,Kerala,689822,O+,Electrician,Aadhaar,721902422540,True,2026-07-04T06:08:37.946738,2026-07-04T06:08:37.946738
a6b93d82-4884-40d3-9a71-90e9e2a767b5,Nitin,Verma,Male,34,Divorced,7272064671,"96, Ambedkar Marg",Delhi,Delhi,110027,B+,Teacher,Aadhaar,817584111274,True,2026-07-04T06:08:37.946738,2026-07-04T06:08:37.946738
3e942e74-5844-4d4a-a2b1-ee809afa9cf1,Bhavna,Rane,Female,15,Single,9950776308,"115, Green Park",Ahmedabad,Gujarat,367272,B+,Engineer,Aadhaar,598243215953,True,2026-07-04T06:08:37.946738,2026-07-04T06:08:37.946738
110ca18f-40b4-470c-855e-a643cdf8751a,Jayanthi,Chetty,Female,27,Single,8254860087,"96, Temple Road",Belgaum,Karnataka,560505,O+,Software Engineer,Aadhaar,254972221884,True,2026-07-04T06:08:37.946738,2026-07-04T06:08:37.946738
2bad6e65-f135-407f-895e-3e8b84c321a0,Kalpesh,Sahu,Male,22,Married,7824134645,"188, College Road",Jaipur,Rajasthan,343045,B+,Labourer,Aadhaar,548696628239,True,2026-07-04T06:08:37.946738,2026-07-04T06:08:37.946738
4432bb00-2b67-4bf9-b4b5-a42593b76ddb,Rajesh,Rane,Male,39,Widowed,8727436866,"554, Church Street",Gwalior,Madhya Pradesh,457337,B+,Doctor,Aadhaar,448366687617,True,2026-07-04T06:08:37.946738,2026-07-04T06:08:37.946738
447d8d94-513a-4378-a453-24c1cfa6905d,Vijayan,Gandhi,Male,31,Widowed,9697003247,"439, Lake View",Pune,Maharashtra,444202,B+,Retired,Aadhaar,112489140429,True,2026-07-04T06:08:37.946738,2026-07-04T06:08:37.946738
2926fad3-d898-472a-abea-ed31caefc625,Vaidehi,Achari,Female,23,Married,6714059063,"34, Green Park",Gulbarga,Karnataka,569555,B+,Engineer,Aadhaar,151726920084,True,2026-07-04T06:08:37.946738,2026-07-04T06:08:37.946738
014b34bc-4d35-4d91-bc8b-537802442bf6,Priti,Kulkarni,Female,53,Single,8347455860,"286, Hill Colony",Jaipur,Rajasthan,318631,B+,Teacher,Aadhaar,345316799626,True,2026-07-04T06:08:37.946738,2026-07-04T06:08:37.946738
f1bbbcc1-2ff3-4695-9c24-5eab34735e90,Lakshmi,Shetty,Female,27,Single,9836929662,"962, Shivaji Nagar",Chennai,Tamil Nadu,600954,B+,Housewife,Aadhaar,164433006340,True,2026-07-04T06:08:37.946738,2026-07-04T06:08:37.946738
5b551ede-5b9b-40dd-aeda-ac6443cf4fa4,Sunil,Aggarwal,Male,28,Married,6103606363,"529, Lake View",Delhi,Delhi,110074,A+,Engineer,Aadhaar,542893209133,True,2026-07-04T06:08:37.946738,2026-07-04T06:08:37.946738
3d40c37f-5aec-4679-9986-a15333920db8,Satpal,Rawat,Male,77,Single,9316403562,"957, Market Yard",Delhi,Delhi,110095,A+,Potter,Aadhaar,913723778572,True,2026-07-04T06:08:37.946738,2026-07-04T06:08:37.946738
ecb95375-8347-47dc-8595-2748c0735943,Balaji,Sailo,Male,40,Divorced,8517157152,"251, Nehru Nagar",Kochi,Kerala,671661,O+,Software Engineer,Aadhaar,343457201496,True,2026-07-04T06:08:37.946738,2026-07-04T06:08:37.946738
64e6dc88-d6ec-4e44-a981-0804738f99ca,Dinesh,Reddy,Male,68,Widowed,6810981155,"619, Hill Colony",Vijayawada,Andhra Pradesh,527104,A+,Business,Aadhaar,988898684040,True,2026-07-04T06:08:37.946738,2026-07-04T06:08:37.946738
2b6bbf6a-06f6-4c19-b1c6-62cb689a51e7,Snehal,Bhosale,Female,9,Single,8918877539,"245, Sector 12",Pune,Maharashtra,427059,B+,Retired,Aadhaar,755442974200,True,2026-07-04T06:08:37.946738,2026-07-04T06:08:37.946738
06a7217e-30f1-4f54-98ec-20d43f8b4d7e,Malabika,Menon,Female,69,Married,6691134013,"142, Sector 12",Bangalore,Karnataka,588877,,Business,Aadhaar,856307672353,True,2026-07-04T06:08:37.946738,2026-07-04T06:08:37.946738
8b615650-c889-4203-9fb1-5f1cc67e0308,Pramod,Doshi,Male,43,Single,6670026395,"355, Lake View",Bathinda,Punjab,142295,B+,Business,Aadhaar,801619462276,True,2026-07-04T06:08:37.946738,2026-07-04T06:08:37.946738
822954a2-1b33-4627-b936-7aaecb78deac,Velmurugan,Venkataraman,Male,8,Single,6271229992,"635, Ambedkar Marg",Thrissur,Kerala,695284,B+,Weaver,Aadhaar,226911782710,True,2026-07-04T06:08:37.946738,2026-07-04T06:08:37.946738
99d27bd5-4b5b-4276-be52-919b183235f8,Barsha,Ralte,Female,40,Married,6165318142,"476, New Colony",Guwahati,Assam,782417,O+,,Aadhaar,237805112540,True,2026-07-04T06:08:37.946738,2026-07-04T06:08:37.946738
34485468-c66c-46b4-a247-58531acc6b2b,Anand,Kulkarni,Male,25,Divorced,6476719621,"92, Shivaji Nagar",Surat,Gujarat,361925,B+,Accountant,Aadhaar,645510360467,True,2026-07-04T06:08:37.946738,2026-07-04T06:08:37.946738
62b7c035-6a48-49cb-b85f-6adba904b9b8,Kavya,Bhat,Female,19,Single,7572238097,"430, Civil Lines",Vijayawada,Andhra Pradesh,524826,B+,Doctor,Aadhaar,359127816457,True,2026-07-04T06:08:37.946738,2026-07-04T06:08:37.946738
9e42b5ff-dc14-4765-a55b-96f084622021,Sathish,Krishnan,Male,48,Single,8699506853,"985, College Road",Tiruchirappalli,Tamil Nadu,605445,B+,Student,Aadhaar,930293844849,True,2026-07-04T06:08:37.946738,2026-07-04T06:08:37.946738
060e67a2-f001-4dd1-88be-7055ea9031c4,Rohit,Sharma,Male,12,Single,9549152157,"721, Temple Road",Aligarh,Uttar Pradesh,247018,AB+,Business,Aadhaar,786879507355,True,2026-07-04T06:08:37.946738,2026-07-04T06:08:37.946738
075ec635-acc8-40ff-8363-e64b146438a2,Sohini,Nandi,Female,33,Divorced,9991065414,"83, Station Road",Cuttack,Odisha,769946,O+,,Aadhaar,985230783466,True,2026-07-04T06:08:37.946738,2026-07-04T06:08:37.946738
b6bad352-ac90-4520-ac9f-3d76a291ae86,Falguni,Rane,Female,29,Single,8157603643,"315, College Road",Ahmedabad,Gujarat,384800,B+,Business,Aadhaar,803475398839,True,2026-07-04T06:08:37.946738,2026-07-04T06:08:37.946738
628537ee-e367-41ea-80b9-4d3a1e93b845,Rina,Bhattacharya,Female,40,Married,9808588868,"708, Sector 12",Kolkata,West Bengal,718551,B+,Doctor,Aadhaar,773065430710,True,2026-07-04T06:08:37.946738,2026-07-04T06:08:37.946738
ad398d24-2114-4659-8b96-29f72442085a,Namrata,Basu,Female,36,Single,8341964825,"346, River Side",Patna,Bihar,851705,O+,Plumber,Aadhaar,171829100298,True,2026-07-04T06:08:37.946738,2026-07-04T06:08:37.946738
a0b26b66-ff16-4b07-a9a3-5d9d26030266,Rina,Anand,Female,25,Married,6146968041,"187, Gandhi Chowk",Jaipur,Rajasthan,311552,A+,Housewife,Aadhaar,191392462621,True,2026-07-04T06:08:37.946738,2026-07-04T06:08:37.946738
797a41bc-aa66-4333-8bae-4009590ecb8d,Sadanand,Nanda,Male,11,Single,9104500357,"844, Civil Lines",Amravati,Maharashtra,432550,O+,Priest,Aadhaar,157488354411,True,2026-07-04T06:08:37.946738,2026-07-04T06:08:37.946738
36183c08-f69b-4233-a14f-3ce9a7d01198,Hitesh,Chokshi,Male,8,Single,6186094666,"92, Sector 12",Navi Mumbai,Maharashtra,402126,AB+,Electrician,Aadhaar,216997923643,True,2026-07-04T06:08:37.946738,2026-07-04T06:08:37.946738
5cf0656e-ac64-4b92-9812-4d9630159479,Vimla,Tiwari,Female,42,Divorced,7916644671,"963, Church Street",Bareilly,Uttar Pradesh,281851,A-,Fisherman,Aadhaar,736078309319,True,2026-07-04T06:08:37.946738,2026-07-04T06:08:37.946738
9e2cc75f-efdf-4a8f-b0c5-55b473dc82c5,Gargi,Kumar,Female,43,Single,9465851880,"229, Old Bazaar",Kolkata,West Bengal,734742,O+,Electrician,Aadhaar,682217656502,True,2026-07-04T06:08:37.946738,2026-07-04T06:08:37.946738
97753526-1508-458b-979e-9249e12faae9,Sarika,Kadam,Female,7,Single,9220206586,"969, College Road",Surat,Gujarat,366933,B+,Plumber,Aadhaar,618039926213,True,2026-07-04T06:08:37.946738,2026-07-04T06:08:37.946738
7e252d4c-7eea-4e7f-825d-2066e169d331,Girin,Naicker,Male,24,Divorced,6674960654,"203, Green Park",Mumbai,Maharashtra,422207,A+,Nurse,Aadhaar,108173057609,True,2026-07-04T06:08:37.946738,2026-07-04T06:08:37.946738
4b87312b-7f20-40ea-9bd7-cd815cfbf399,Tanmoy,Patra,Male,43,Married,6282231638,"667, Sector 12",Ranchi,Jharkhand,834927,A+,Potter,Aadhaar,537555544084,True,2026-07-04T06:08:37.946738,2026-07-04T06:08:37.946738
d3ad78d8-f8b6-43a2-bc5f-65fb76707441,Rakesh,Shroff,Male,61,Widowed,9378723623,"408, Green Park",Pune,Maharashtra,401306,B+,Carpenter,Aadhaar,780481435650,True,2026-07-04T06:08:37.946738,2026-07-04T06:08:37.946738
8e265e41-11f9-4bc0-b48a-78050fed7c1e,Chetan,Mehta,Male,60,Married,9420180997,"844, Shivaji Nagar",Vasai-Virar,Maharashtra,425454,O+,Farmer,Aadhaar,148807916793,True,2026-07-04T06:08:37.946738,2026-07-04T06:08:37.946738
92be2811-4562-47a3-9173-39b9a7311116,Pooja,Rathore,Female,8,Single,7409837223,"555, Ring Road",Ludhiana,Punjab,156496,,Shopkeeper,Aadhaar,567028688760,True,2026-07-04T06:08:37.946738,2026-07-04T06:08:37.946738
87ebf515-93ca-49e9-b031-7f2a321d5795,Amitava,Ghosh,Male,18,Single,9611392277,"737, Church Street",Dhanbad,Jharkhand,831025,A-,Retired,Aadhaar,354455629650,True,2026-07-04T06:08:37.946738,2026-07-04T06:08:37.946738
28d5e307-ea00-4cc4-bc2a-aeff95fed4d4,Manasi,Rane,Female,36,Divorced,9378718330,"788, Shivaji Nagar",Solapur,Maharashtra,432151,B+,Nurse,Aadhaar,448417537347,True,2026-07-04T06:08:37.946738,2026-07-04T06:08:37.946738
7e3b2bbc-64de-417a-9b64-96a144f3f38a,Vaishali,Halder,Female,16,Single,6243866809,"240, River Side",Amravati,Maharashtra,424387,A+,Doctor,Aadhaar,268618686602,True,2026-07-04T06:08:37.946738,2026-07-04T06:08:37.946738
ff045043-9bb3-439e-9020-3c09c1ba5b33,Oindrila,Mukherjee,Female,44,Single,8944785589,"300, College Road",Howrah,West Bengal,724236,A+,Tailor,Aadhaar,490999556753,True,2026-07-04T06:08:37.946738,2026-07-04T06:08:37.946738
08017687-a8b0-42e0-a20b-7ce3d8800f2c,Ganesan,Varma,Male,8,Single,9964908666,"270, Green Park",Vijayawada,Andhra Pradesh,532419,AB-,Electrician,Aadhaar,336486059455,True,2026-07-04T06:08:37.946738,2026-07-04T06:08:37.946738
c0b8872a-2f5a-4faf-a202-1414c0ced69a,Raghavan,Pillai,Male,18,Single,8640365793,"867, Old Bazaar",Hyderabad,Telangana,507521,A+,Student,Aadhaar,384895191406,True,2026-07-04T06:08:37.946738,2026-07-04T06:08:37.946738
1a5d11ca-6168-4f34-b1ec-e4a27246a0e2,Ashwini,Kapoor,Female,27,Married,9547341738,"439, Sector 12",Lucknow,Uttar Pradesh,218840,O+,Retired,Aadhaar,624603698747,True,2026-07-04T06:08:37.946738,2026-07-04T06:08:37.946738
7fdc2dcf-6b43-41be-aeec-184427d83aa5,Provat,Mahato,Male,50,Divorced,7484544028,"619, Shivaji Nagar",Durgapur,West Bengal,714280,AB+,Plumber,Aadhaar,158443258376,True,2026-07-04T06:08:37.946738,2026-07-04T06:08:37.946738
1da5ed73-40d6-4836-a6d1-17ece7a0aece,Sudesh,Konwar,Female,49,Single,6845092763,"343, Church Street",Ludhiana,Punjab,147711,O+,Farmer,Aadhaar,948702649350,True,2026-07-04T06:08:37.946738,2026-07-04T06:08:37.946738
34508a2a-1a35-40bf-9579-3e1b3a25ea32,Vijayan,Majumdar,Male,36,Married,8305999572,"699, Old Bazaar",Hyderabad,Telangana,506742,B+,Plumber,Aadhaar,647451020185,True,2026-07-04T06:08:37.946738,2026-07-04T06:08:37.946738
316d0b78-556e-4f23-bae2-5037e78ff7ec,Meenakshi,Ganapathy,Female,6,Single,8258014613,"866, Station Road",Chennai,Tamil Nadu,631252,O+,Business,Aadhaar,298454298472,True,2026-07-04T06:08:37.946738,2026-07-04T06:08:37.946738
59c8bd61-65b1-4d68-9d2e-ba4bc9474cf8,Dinesh,Brar,Male,17,Single,8799273096,"909, Green Park",Kanpur,Uttar Pradesh,256828,B+,Doctor,Aadhaar,954944190507,True,2026-07-04T06:08:37.946738,2026-07-04T06:08:37.946738
01cc704a-c984-4812-8e6c-4871cdb6dc9e,Nirali,Doshi,Female,70,Single,6502435111,"180, Ambedkar Marg",Pune,Maharashtra,427842,,Software Engineer,Aadhaar,302632997336,True,2026-07-04T06:08:37.946738,2026-07-04T06:08:37.946738
e5e446f0-8263-4a96-b114-8ded68fce8bd,Amit,Bhandari,Male,54,Single,9388447450,"508, Gandhi Chowk",Ludhiana,Punjab,141985,,Engineer,Aadhaar,120441781814,True,2026-07-04T06:08:37.946738,2026-07-04T06:08:37.946738
4c13dc9e-4577-4d13-b466-d733e475af64,Partha,Verma,Male,8,Single,8726316318,"204, Model Town",Jamshedpur,Jharkhand,819054,B+,Government Employee,Aadhaar,732978257513,True,2026-07-04T06:08:37.946738,2026-07-04T06:08:37.946738
5f0e58c2-8e2b-4b47-8110-dc92a50bfc84,Kaushik,Basu,Male,62,Single,6679746759,"228, River Side",Howrah,West Bengal,702131,A+,Driver,Aadhaar,775812219464,True,2026-07-04T06:08:37.946738,2026-07-04T06:08:37.946738
01e44c5e-161a-4707-85b0-2edd4554423b,Meenakshi,Lodha,Female,44,Single,6271868828,"917, River Side",Mumbai,Maharashtra,407725,A+,,Aadhaar,950295893610,True,2026-07-04T06:08:37.946738,2026-07-04T06:08:37.946738
6bf04525-e0f4-4544-883d-6c0d14d4de0c,Seema,Brar,Female,61,Single,8482142261,"211, River Side",Gurugram,Haryana,129016,O+,Software Engineer,Aadhaar,896513039051,True,2026-07-04T06:08:37.946738,2026-07-04T06:08:37.946738
c47c118d-1e46-42ed-88ca-ee34b9e5df44,Paresh,Modi,Male,39,Divorced,6282156180,"46, Hill Colony",Ahmedabad,Gujarat,360671,B+,Software Engineer,Aadhaar,288310446200,True,2026-07-04T06:08:37.946738,2026-07-04T06:08:37.946738
78400cc6-04b8-4bd1-9b40-80ba5127b682,Prashant,Kelkar,Male,50,Married,8378150741,"556, River Side",Pune,Maharashtra,402268,B+,Student,Aadhaar,371409413810,True,2026-07-04T06:08:37.946738,2026-07-04T06:08:37.946738
509da9e6-e6ed-47af-b512-953386356a44,Nikhil,Modi,Male,82,Widowed,8163758329,"117, New Colony",Nagpur,Maharashtra,414828,A-,Weaver,Aadhaar,344956545899,True,2026-07-04T06:08:37.946738,2026-07-04T06:08:37.946738
3576d779-0513-457f-9638-43425a688f24,Varsha,Sawant,Female,63,Single,7416263403,"871, Civil Lines",Jaipur,Rajasthan,326829,AB+,,Aadhaar,128077934844,True,2026-07-04T06:08:37.946738,2026-07-04T06:08:37.946738
304df480-e3cc-4756-ae78-260bd7ad4ad5,Nirali,Pawar,Female,48,Single,6577096795,"799, Old Bazaar",Jamnagar,Gujarat,385744,O+,Homemaker,Aadhaar,164215683178,True,2026-07-04T06:08:37.946738,2026-07-04T06:08:37.946738
7b29aa5b-4a87-4ef3-ae1d-451639fb60a9,Kalpesh,Chokshi,Male,87,Widowed,8271855720,"68, MG Road",Mumbai,Maharashtra,425162,O+,Government Employee,Aadhaar,325770785088,True,2026-07-04T06:08:37.946738,2026-07-04T06:08:37.946738
617dfed5-bf77-4f05-8039-8ec2fc865524,Rajeshwari,Pillai,Female,78,Single,6617132938,"382, Civil Lines",Chennai,Tamil Nadu,626266,O+,Government Employee,Aadhaar,830793602172,True,2026-07-04T06:08:37.946738,2026-07-04T06:08:37.946738
dc00d603-f894-4a75-b79e-9d42679badea,Komal,Kadam,Female,7,Single,6104842001,"585, River Side",Sangli,Maharashtra,410377,B+,Government Employee,Aadhaar,396942994666,True,2026-07-04T06:08:37.946738,2026-07-04T06:08:37.946738
d900ab43-ad32-4aaa-be57-c4148b1c77e7,Bhushan,Iyer,Male,46,Widowed,6390882869,"215, Shivaji Nagar",Thane,Maharashtra,406578,B+,Labourer,Aadhaar,667147722885,True,2026-07-04T06:08:37.946738,2026-07-04T06:08:37.946738
b118f13a-bf89-4329-ac2d-fa3aa3121c79,Pushpa,Krishnan,Female,37,Single,7200313598,"514, Hill Colony",Hyderabad,Telangana,503871,A+,Carpenter,Aadhaar,696707412252,True,2026-07-04T06:08:37.946738,2026-07-04T06:08:37.946738
adb7afd9-26bb-4246-9deb-45fc2208f158,Bharat,Desai,Male,45,Divorced,9780803166,"392, River Side",Jodhpur,Rajasthan,313995,B-,Potter,Aadhaar,574843810456,True,2026-07-04T06:08:37.946738,2026-07-04T06:08:37.946738
cc05c6b6-0a7c-47d2-873a-9a3bcf7feef5,Harpreet Kaur,Malhotra,Female,65,Divorced,8161557679,"905, Lake View",Noida,Uttar Pradesh,244719,B+,Clerk,Aadhaar,312731468801,True,2026-07-04T06:08:37.946738,2026-07-04T06:08:37.946738
e8ca1491-de9c-4250-ab2b-ec9b08b55e9e,Jaspreet,Dubey,Male,21,Married,8527240351,"494, Shivaji Nagar",Dharamshala,Himachal Pradesh,176395,B+,Shopkeeper,Aadhaar,958401885595,True,2026-07-04T06:08:37.946738,2026-07-04T06:08:37.946738
32f3ff46-5dfd-4d80-be27-07291c627908,Vimla,Dubey,Female,14,Single,8109258707,"774, Ambedkar Marg",Meerut,Uttar Pradesh,270899,O+,Carpenter,Aadhaar,286426212298,True,2026-07-04T06:08:37.946738,2026-07-04T06:08:37.946738
46c490b7-d888-4bba-877f-25fa29abc76d,Bhavani,Chauhan,Female,38,Single,7363801051,"945, Sector 12",Guntur,Andhra Pradesh,517858,O+,,Aadhaar,765777675583,True,2026-07-04T06:08:37.946738,2026-07-04T06:08:37.946738
9728f0f7-964a-49b8-878a-975d78a1ba08,Suganya,Krishnan,Female,62,Widowed,6723535243,"370, College Road",Thiruvananthapuram,Kerala,676364,O+,Shopkeeper,Aadhaar,886059601862,True,2026-07-04T06:08:37.946738,2026-07-04T06:08:37.946738
845ec417-faef-4a79-9e8b-663e11e34037,Deepak,Bhatt,Male,6,Single,7244384755,"165, Ring Road",Indore,Madhya Pradesh,480388,O+,Labourer,Aadhaar,860234075045,True,2026-07-04T06:08:37.946738,2026-07-04T06:08:37.946738
9150b220-8cea-4d56-855d-5dc41bfeccfe,Sathish,Sundaram,Male,13,Single,9401707068,"410, Ambedkar Marg",Kannur,Kerala,692449,A+,Teacher,Aadhaar,530054212508,True,2026-07-04T06:08:37.946738,2026-07-04T06:08:37.946738
58a18874-a6b5-470c-b77a-467bdee60c36,Vidya,Kothari,Female,40,Single,7391388729,"434, Gandhi Chowk",Aurangabad,Maharashtra,429144,A+,Labourer,Aadhaar,964139806638,True,2026-07-04T06:08:37.946738,2026-07-04T06:08:37.946738
9d92248e-f789-4865-bcd4-d910a003ed62,Trupti,Chetty,Female,44,Single,6517781575,"358, Sector 12",Mumbai,Maharashtra,418856,O+,Tailor,Aadhaar,823572574949,True,2026-07-04T06:08:37.946738,2026-07-04T06:08:37.946738
5d4c54a0-4998-49f8-bebf-93ebb8d6f824,Simran,Naik,Female,31,Widowed,7769666668,"999, Nehru Nagar",Surat,Gujarat,378183,AB+,Electrician,Aadhaar,208835248144,True,2026-07-04T06:08:37.946738,2026-07-04T06:08:37.946738
9f4c865e-0981-4550-a41b-27c7c435872a,Savita,Kapoor,Female,12,Single,7144212790,"904, Station Road",Delhi,Delhi,110037,B+,Government Employee,Aadhaar,942147607083,True,2026-07-04T06:08:37.946738,2026-07-04T06:08:37.946738
8333f7a8-0bf3-4f48-b731-a37669f44255,Sujata,Shroff,Female,21,Widowed,9712325550,"780, MG Road",Pune,Maharashtra,410847,B+,Accountant,Aadhaar,513284922413,True,2026-07-04T06:08:37.946738,2026-07-04T06:08:37.946738
cd53b35c-2f2f-4021-bc46-b5532ae689e0,Raghavan,Kurup,Male,39,Widowed,6800978349,"13, MG Road",Kollam,Kerala,689518,O+,Driver,Aadhaar,629625097304,True,2026-07-04T06:08:37.946738,2026-07-04T06:08:37.946738
50aa88ef-f8b2-445e-bab3-a75aa027d5ed,Manjusha,Desai,Female,29,Single,9672981414,"80, Sector 12",Nagpur,Maharashtra,444038,B+,Priest,Aadhaar,206244774390,True,2026-07-04T06:08:37.946738,2026-07-04T06:08:37.946738
5a466044-9edc-43df-bd57-500783f5c38b,Varsha,Doshi,Female,33,Divorced,6682217399,"771, Market Yard",Aurangabad,Maharashtra,442719,B-,Nurse,Aadhaar,243741190188,True,2026-07-04T06:08:37.946738,2026-07-04T06:08:37.946738
ca236b13-438f-4f15-ba12-4d8bf8d060aa,Divya,Sidhu,Female,26,Widowed,6164221002,"153, Market Yard",Moradabad,Uttar Pradesh,263309,AB+,,Aadhaar,437228046800,True,2026-07-04T06:08:37.946738,2026-07-04T06:08:37.946738
a911e439-9ff2-4d7b-adbe-064ddac8ef30,Archana,Panicker,Female,33,Divorced,6462345909,"922, Nehru Nagar",Delhi,Delhi,110030,A+,Nurse,Aadhaar,332983280355,True,2026-07-04T06:08:37.946738,2026-07-04T06:08:37.946738
d4e6b6bc-cae2-4567-b998-a7c767fe7b24,Prabhakaran,Naidu,Male,38,Single,7889088100,"188, College Road",Thiruvananthapuram,Kerala,683446,AB+,Software Engineer,Aadhaar,189232676588,True,2026-07-04T06:08:37.946738,2026-07-04T06:08:37.946738
d8da69c2-5505-4aa8-bce5-c9835eb623ff,Chandan,Halder,Male,33,Married,9605440548,"770, Model Town",Patna,Bihar,837529,B+,Student,Aadhaar,781583819987,True,2026-07-04T06:08:37.946738,2026-07-04T06:08:37.946738
77be4735-c47e-4812-b0f6-651158335117,Manisha,Saxena,Female,10,Single,8713108415,"142, Shivaji Nagar",Chandigarh,Chandigarh,160016,A+,Priest,Aadhaar,939333621957,True,2026-07-04T06:08:37.946738,2026-07-04T06:08:37.946738
3b8be8a5-7ace-4e24-9746-b79b559d260b,Ashish,Mehta,Male,32,Married,9919271478,"167, River Side",Vadodara,Gujarat,360972,B+,Software Engineer,Aadhaar,188543798882,True,2026-07-04T06:08:37.946738,2026-07-04T06:08:37.946738
c556c5ac-c0a0-4fbc-b86a-bc286fbffced,Natarajan,Pai,Male,41,Divorced,6591281062,"756, MG Road",Warangal,Telangana,508748,B+,Homemaker,Aadhaar,745985523111,True,2026-07-04T06:08:37.946738,2026-07-04T06:08:37.946738
ab2f3657-5981-4ccb-b700-90d9e76062b7,Falguni,Rawat,Female,24,Widowed,8837754990,"656, New Colony",Pune,Maharashtra,445373,O+,Potter,Aadhaar,563763674226,True,2026-07-04T06:08:37.946738,2026-07-04T06:08:37.946738
68218714-1925-436c-9cea-b624d0169c42,Seema,Sodhi,Female,27,Single,6494991422,"265, New Colony",Delhi,Delhi,110068,O+,Labourer,Aadhaar,918245513971,True,2026-07-04T06:08:37.946738,2026-07-04T06:08:37.946738
1c2cbaec-f33f-4085-bf21-bfabc0014c98,Rekha,Sekhon,Female,15,Single,6544835436,"483, Lake View",Sagar,Madhya Pradesh,450366,B+,Priest,Aadhaar,843981940170,True,2026-07-04T06:08:37.946738,2026-07-04T06:08:37.946738
c4c881e2-f2d3-415d-b953-20eed33b76ba,Dinesh,Krishnan,Male,44,Single,6452796749,"2, Model Town",Chennai,Tamil Nadu,629411,A+,Teacher,Aadhaar,271701310062,True,2026-07-04T06:08:37.946738,2026-07-04T06:08:37.946738
40e7cffa-8fec-4e7b-8af5-db449397471a,Rajwinder Kaur,Verma,Female,5,Single,6587759677,"164, Temple Road",Bhopal,Madhya Pradesh,459845,B+,Nurse,Aadhaar,425431365162,True,2026-07-04T06:08:37.946738,2026-07-04T06:08:37.946738
f3b98091-b125-465a-ac3a-1b19ea70a2b6,Debjani,Panda,Female,15,Single,8706607116,"189, Market Yard",Kolkata,West Bengal,741376,O+,,Aadhaar,752564700388,True,2026-07-04T06:08:37.946738,2026-07-04T06:08:37.946738
fab365cf-7d4b-4490-ba12-33e1af9d8189,Kalpesh,Pandey,Male,71,Married,6669495244,"137, MG Road",Agra,Uttar Pradesh,232472,B+,Priest,Aadhaar,563525026526,True,2026-07-04T06:08:37.946738,2026-07-04T06:08:37.946738
69b2a344-c382-4862-8582-5386a6137c92,Hemant,Sethi,Male,69,Single,8458638224,"535, Green Park",Bhilai,Chhattisgarh,497373,O+,Fisherman,Aadhaar,829330571740,True,2026-07-04T06:08:37.946738,2026-07-04T06:08:37.946738
1b7e6f4c-5244-4c55-be9b-e502cf66287f,Vijayan,Reddy,Male,40,Single,7592342143,"373, Civil Lines",Hubli,Karnataka,560294,O+,Software Engineer,Aadhaar,996887603756,True,2026-07-04T06:08:37.946738,2026-07-04T06:08:37.946738
1430995b-2eb9-442f-a369-ed708d4e384e,Vaibhav,Vora,Male,32,Single,8145127909,"361, Church Street",Sangli,Maharashtra,414570,A+,Plumber,Aadhaar,687121652778,True,2026-07-04T06:08:37.946738,2026-07-04T06:08:37.946738
42c6b5f4-e40f-4dff-ab66-d39239f71eea,Payel,Mudaliar,Female,49,Single,6478255806,"896, River Side",Muzaffarpur,Bihar,829608,AB-,Clerk,Aadhaar,541145970222,True,2026-07-04T06:08:37.946738,2026-07-04T06:08:37.946738
9024529f-c8c8-40fe-8130-f4eda0910684,Aarti,Kothari,Female,17,Single,9404624645,"600, Gandhi Chowk",Pune,Maharashtra,408477,B+,Electrician,Aadhaar,246776983714,True,2026-07-04T06:08:37.946738,2026-07-04T06:08:37.946738
02acc22c-96b9-4433-ae8a-f484f76efdfb,Sailen,Rabha,Male,23,Single,6512136096,"427, Temple Road",Shillong,Meghalaya,793149,B-,Software Engineer,Aadhaar,306918298888,True,2026-07-04T06:08:37.946738,2026-07-04T06:08:37.946738
5800ea88-ccb2-460a-b01b-bc8e71115369,Pushpa,Achari,Female,79,Single,7444259092,"770, Hill Colony",Tirunelveli,Tamil Nadu,631291,A+,Plumber,Aadhaar,596049104192,True,2026-07-04T06:08:37.946738,2026-07-04T06:08:37.946738
0f3a2adc-8826-48b1-83e7-4d95455c6624,Ravichandran,Bhat,Male,55,Married,8752844381,"833, Civil Lines",Salem,Tamil Nadu,606269,O+,Fisherman,Aadhaar,760413223134,True,2026-07-04T06:08:37.946738,2026-07-04T06:08:37.946738
a5f44fad-9a7e-4930-b028-837722df6a9e,Prakash,Mehta,Male,5,Single,9528311491,"151, New Colony",Pune,Maharashtra,404414,O-,Priest,Aadhaar,138022946345,True,2026-07-04T06:08:37.946738,2026-07-04T06:08:37.946738
94ed167f-758b-4baa-91b9-67b9a098fb0f,Sunita,Kalra,Female,38,Divorced,8263537044,"923, Hill Colony",Meerut,Uttar Pradesh,262614,O+,Accountant,Aadhaar,523790272073,True,2026-07-04T06:08:37.946738,2026-07-04T06:08:37.946738
28927829-3af0-49cb-a2a1-1ea836dfb557,Snehal,Deshmukh,Female,57,Married,7350753341,"345, Civil Lines",Pune,Maharashtra,402031,B+,Nurse,Aadhaar,980220945924,True,2026-07-04T06:08:37.946738,2026-07-04T06:08:37.946738
25d6a5b3-4327-42c3-8ae2-592fd68fe727,Tejinder,Bora,Male,24,Widowed,9673322422,"135, MG Road",Indore,Madhya Pradesh,455583,B+,Priest,Aadhaar,776236458528,True,2026-07-04T06:08:37.946738,2026-07-04T06:08:37.946738
224b1478-2f16-4d0a-afa6-c58408c0de33,Anitha,Venkataraman,Female,71,Married,8366190060,"815, Ring Road",Kozhikode,Kerala,686081,O+,Driver,Aadhaar,821866073849,True,2026-07-04T06:08:37.946738,2026-07-04T06:08:37.946738
f2227dbc-0d85-45d5-a21a-25f6a9ae12b1,Ramesh Babu,Chettiar,Male,41,Single,7178677986,"509, Church Street",Hyderabad,Telangana,501018,O+,Software Engineer,Aadhaar,259107014114,True,2026-07-04T06:08:37.946738,2026-07-04T06:08:37.946738
f157c73b-23b8-4269-a868-efb8d742be19,Ananya,Panda,Female,54,Divorced,7325450563,"471, Nehru Nagar",Kolkata,West Bengal,712444,O+,Shopkeeper,Aadhaar,401981336263,True,2026-07-04T06:08:37.946738,2026-07-04T06:08:37.946738
407d66bc-6317-4056-bac9-ae60b645eafa,Meenakshi,Ramamurthy,Female,39,Divorced,7931577467,"231, Old Bazaar",Bangalore,Karnataka,562153,AB+,Weaver,Aadhaar,453963454140,True,2026-07-04T06:08:37.946738,2026-07-04T06:08:37.946738
37577872-0479-47f3-af3e-5e0809a1a27b,Provat,Reddy,Male,42,Divorced,7805888557,"171, Hill Colony",Patna,Bihar,838869,O+,Retired,Aadhaar,139753329209,True,2026-07-04T06:08:37.946738,2026-07-04T06:08:37.946738
17b6b68f-bcbb-4ac9-b6db-89e2f7cc1b3d,Bharat,More,Male,25,Widowed,9379787093,"278, New Colony",Gandhinagar,Gujarat,385717,B+,Carpenter,Aadhaar,153250600874,True,2026-07-04T06:08:37.946738,2026-07-04T06:08:37.946738
a851b144-a548-4983-b569-feaffc3bf411,Payel,Kapoor,Female,9,Single,8434747862,"121, Hill Colony",Kolkata,West Bengal,718108,A-,Labourer,Aadhaar,885070466817,True,2026-07-04T06:08:37.946738,2026-07-04T06:08:37.946738
f9347c04-4549-4fca-9f57-b5860b9fa345,Shantilal,Jadhav,Male,55,Married,7651625758,"381, Hill Colony",Nagpur,Maharashtra,436352,B+,Priest,Aadhaar,124669188957,True,2026-07-04T06:08:37.946738,2026-07-04T06:08:37.946738
21af08bb-6d0e-43a3-99af-2f71eac344c2,Sarika,Pawar,Female,11,Single,9403315481,"709, College Road",Surat,Gujarat,373543,A+,Driver,Aadhaar,319610916960,True,2026-07-04T06:08:37.946738,2026-07-04T06:08:37.946738
5316c730-7a1b-404a-9d8f-2746e932d668,Rajesh,Gill,Male,42,Married,9623322450,"44, Lake View",Karnal,Haryana,132794,B-,Teacher,Aadhaar,888897440625,True,2026-07-04T06:08:37.946738,2026-07-04T06:08:37.946738
7b59f140-1978-4aac-9d86-889a88a2bd66,Vaibhav,Chauhan,Male,43,Single,7970543563,"400, Temple Road",Kota,Rajasthan,307571,O+,Accountant,Aadhaar,473864214487,True,2026-07-04T06:08:37.946738,2026-07-04T06:08:37.946738
13b49520-a6bf-4660-aa24-51d4cbf1e60c,Chittaranjan,Sanyal,Male,16,Single,7257560938,"19, Old Bazaar",Ranchi,Jharkhand,820402,B+,Farmer,Aadhaar,400441436169,True,2026-07-04T06:08:37.946738,2026-07-04T06:08:37.946738
b1d98753-466c-49eb-bc0d-da5d4c536283,Sujata,Kumar,Female,15,Single,8519190425,"764, Gandhi Chowk",Agra,Uttar Pradesh,281949,B+,Software Engineer,Aadhaar,971347499799,True,2026-07-04T06:08:37.946738,2026-07-04T06:08:37.946738
dbbe56c0-fd8d-4231-9d5d-a96fed982790,Falguni,Sahoo,Female,79,Divorced,6490092645,"238, MG Road",Ranchi,Jharkhand,817518,A+,Accountant,Aadhaar,508579121652,True,2026-07-04T06:08:37.946738,2026-07-04T06:08:37.946738
41985c83-1c25-4c05-8568-aafa6a264b59,Hasi,Bose,Female,65,Widowed,6522378602,"243, Nehru Nagar",Dhanbad,Jharkhand,825984,B+,Farmer,Aadhaar,903714076319,True,2026-07-04T06:08:37.946738,2026-07-04T06:08:37.946738
6c635529-b344-49e6-ba8e-6513621cf2c1,Yashpal,Yadav,Male,25,Married,6277069484,"61, Civil Lines",Jabalpur,Madhya Pradesh,451889,O+,Homemaker,Aadhaar,856593190762,True,2026-07-04T06:08:37.946738,2026-07-04T06:08:37.946738
b63a86a5-bc20-49e6-9b99-5f5e9cfecc23,Randhir,Mishra,Male,30,Single,9144732112,"51, New Colony",Firozabad,Uttar Pradesh,270920,B+,Tailor,Aadhaar,827117672747,True,2026-07-04T06:08:37.946738,2026-07-04T06:08:37.946738
b04653f1-30d3-43d5-875d-2b3a17778bf3,Manisha,Achari,Female,24,Widowed,8453666583,"231, Lake View",Bangalore,Karnataka,562968,,Accountant,Aadhaar,755188774203,True,2026-07-04T06:08:37.946738,2026-07-04T06:08:37.946738
6484d857-e66f-4ead-b1d0-48ed8f0a7115,Indira,Namboothiri,Female,28,Divorced,7280253318,"612, Church Street",Coimbatore,Tamil Nadu,609792,O+,Teacher,Aadhaar,518361602637,True,2026-07-04T06:08:37.946738,2026-07-04T06:08:37.946738
bfa44110-fcf2-4dc2-972f-62530daf2999,Milind,Rathi,Male,56,Married,9111258189,"304, Market Yard",Solapur,Maharashtra,441966,O+,,Aadhaar,487392049931,True,2026-07-04T06:08:37.946738,2026-07-04T06:08:37.946738
34b161fe-be68-4fd3-a69a-392c3b2bab1e,Subramaniam,Pillai,Male,26,Divorced,7829490252,"744, Gandhi Chowk",Tiruchirappalli,Tamil Nadu,627733,B+,,Aadhaar,583297892147,True,2026-07-04T06:08:37.946738,2026-07-04T06:08:37.946738
1e960c04-c559-451d-ba05-e75bf10e8bbf,Ravichandran,Raman,Male,19,Single,9708991600,"272, Nehru Nagar",Salem,Tamil Nadu,624601,B-,Clerk,Aadhaar,991978848439,True,2026-07-04T06:08:37.946738,2026-07-04T06:08:37.946738
c1997d86-25da-46e0-852c-d082e1e3a1dc,Manisha,Mishra,Female,89,Married,9566784800,"988, Ring Road",Lucknow,Uttar Pradesh,254034,B+,Retired,Aadhaar,360076285626,True,2026-07-04T06:08:37.946738,2026-07-04T06:08:37.946738
2659899a-6813-4160-b6cb-4f1c5c3d3cd6,Provat,Nayak,Male,52,Married,8837300692,"480, Nehru Nagar",Cuttack,Odisha,757087,B-,Weaver,Aadhaar,982504315486,True,2026-07-04T06:08:37.946738,2026-07-04T06:08:37.946738
6cca46b1-cca8-4153-9d73-c7591dff5c8f,Yogesh,Jadhav,Male,15,Single,6747970973,"369, College Road",Vadodara,Gujarat,392039,O+,Business,Aadhaar,867097069305,True,2026-07-04T06:08:37.946738,2026-07-04T06:08:37.946738
a04fbc5b-889c-4a08-b3b6-a51fc2c4e26f,Priti,Desai,Female,48,Single,7445916685,"246, Station Road",Nashik,Maharashtra,425873,AB+,Tailor,Aadhaar,752231441025,True,2026-07-04T06:08:37.946738,2026-07-04T06:08:37.946738
ea78ab55-1436-4bad-9413-1853bc3086a2,Venkatesh,Ramamurthy,Male,28,Widowed,7150180357,"140, Civil Lines",Bangalore,Karnataka,582480,O+,Government Employee,Aadhaar,168720047944,True,2026-07-04T06:08:37.946738,2026-07-04T06:08:37.946738
a0a3981e-2a23-4c28-a129-3c39c866248a,Archana,Kapoor,Female,17,Single,9808500930,"73, New Colony",Indore,Madhya Pradesh,484425,O+,Carpenter,Aadhaar,455708668710,True,2026-07-04T06:08:37.946738,2026-07-04T06:08:37.946738
e702f523-aa5e-4b07-a0a6-53e31c52d0e8,Kumaresan,Nambiar,Male,20,Single,8568599729,"583, New Colony",Chennai,Tamil Nadu,640786,O+,Labourer,Aadhaar,885995250898,True,2026-07-04T06:08:37.946738,2026-07-04T06:08:37.946738
72d02862-2f11-461f-9a6a-39cde5c46f63,Lopamudra,Basu,Female,81,Single,7629100384,"461, Market Yard",Bhagalpur,Bihar,830597,O+,Nurse,Aadhaar,870973395997,True,2026-07-04T06:08:37.946738,2026-07-04T06:08:37.946738
3d092763-50d8-4a3d-ad72-affbab09bc59,Dipankar,Banerjee,Male,29,Single,8156221065,"244, Temple Road",Aizawl,Mizoram,796817,O+,Student,Aadhaar,434131915225,True,2026-07-04T06:08:37.946738,2026-07-04T06:08:37.946738
df0a3d42-23c1-4d51-af78-5a357ba74f09,Girish,Pandey,Male,5,Single,9390177266,"19, College Road",Bhopal,Madhya Pradesh,481015,A+,Student,Aadhaar,252128806767,True,2026-07-04T06:08:37.946738,2026-07-04T06:08:37.946738
79efd187-b701-4d6f-957b-80748a38f47d,Snehal,Sawant,Female,11,Single,9304988340,"825, Lake View",Junagadh,Gujarat,383386,B+,Retired,Aadhaar,391179298666,True,2026-07-04T06:08:37.946738,2026-07-04T06:08:37.946738
1868122a-52d4-425f-9dca-4606b44628fb,Poonam,Aggarwal,Female,22,Single,6661264846,"948, Model Town",Varanasi,Uttar Pradesh,277950,A+,Electrician,Aadhaar,696307430490,True,2026-07-04T06:08:37.946738,2026-07-04T06:08:37.946738
802105e9-a6a8-46aa-a6f0-d123bf807464,Sagarika,Rout,Female,36,Widowed,8115253620,"888, Ring Road",Kolkata,West Bengal,739140,A+,Business,Aadhaar,423997380333,True,2026-07-04T06:08:37.946738,2026-07-04T06:08:37.946738
7bc1b25c-9778-4e3b-a191-fbcaf3748f7e,Rakesh,More,Male,54,Single,6809241789,"888, Ambedkar Marg",Mumbai,Maharashtra,421598,B+,Driver,Aadhaar,104364904996,True,2026-07-04T06:08:37.946738,2026-07-04T06:08:37.946738
b8700a54-c4af-47f7-b3ed-be2ea3e6e1b5,Vishal,Nanda,Male,27,Widowed,9422306387,"177, Station Road",Nagpur,Maharashtra,422349,B+,Plumber,Aadhaar,952608525673,True,2026-07-04T06:08:37.946738,2026-07-04T06:08:37.946738
70b2830f-8ec5-4277-b514-375a88a751ad,Rajinder,Singh,Male,12,Single,8805732367,"560, Ring Road",Amritsar,Punjab,142209,B+,Weaver,Aadhaar,322184187080,True,2026-07-04T06:08:37.946738,2026-07-04T06:08:37.946738
9c3f2dc6-32f2-4312-9d8b-1a1598c9cea3,Vidya,Rane,Female,29,Divorced,6908568763,"696, Old Bazaar",Jaipur,Rajasthan,334772,B+,Government Employee,Aadhaar,528623905314,True,2026-07-04T06:08:37.946738,2026-07-04T06:08:37.946738
2c3442b2-4625-4446-8838-b9cd23a93315,Sourav,Dutta,Male,35,Married,6716252737,"902, Shivaji Nagar",Cuttack,Odisha,764671,O+,Farmer,Aadhaar,492227801671,True,2026-07-04T06:08:37.946738,2026-07-04T06:08:37.946738
9759db1b-8de3-47fa-b485-0a87aa65392c,Bhuvana,Sidhu,Female,51,Divorced,8451949238,"770, Church Street",Meerut,Uttar Pradesh,265689,B+,Student,Aadhaar,402498641443,True,2026-07-04T06:08:37.946738,2026-07-04T06:08:37.946738
1d14e591-4c83-4190-96e6-4fd4e0b3e95c,Arun,Pandey,Male,32,Widowed,6483769627,"74, College Road",Delhi,Delhi,110049,B+,Business,Aadhaar,384767226301,True,2026-07-04T06:08:37.946738,2026-07-04T06:08:37.946738
5898fe03-0662-42a6-bf17-f7c05eb9bae8,Ajay,Mitra,Male,42,Single,9673819051,"437, MG Road",Patna,Bihar,833592,A+,Electrician,Aadhaar,171855617916,True,2026-07-04T06:08:37.946738,2026-07-04T06:08:37.946738
7070ae1f-6931-4323-9652-774201f02be1,Rajni,Bhandari,Female,18,Single,7327805883,"525, College Road",Delhi,Delhi,110008,O+,Driver,Aadhaar,772336574293,True,2026-07-04T06:08:37.946738,2026-07-04T06:08:37.946738
c0d7eb9b-44cf-4f4d-8ce4-afec851b5ec5,Kiran,Aggarwal,Male,39,Married,9785015124,"68, New Colony",Delhi,Delhi,110061,B+,Software Engineer,Aadhaar,470538579582,True,2026-07-04T06:08:37.946738,2026-07-04T06:08:37.946738
4a3cf2bc-204a-4489-9cf5-d1d4b88bbad6,Shrikant,Thakur,Male,10,Single,8145352017,"476, Model Town",Rajkot,Gujarat,383196,A+,Weaver,Aadhaar,662588562504,True,2026-07-04T06:08:37.946738,2026-07-04T06:08:37.946738
99bd6c7a-d70f-47f9-96e6-ba1e70695e06,Rahul,Tanti,Male,28,Married,7806372967,"443, MG Road",Jaipur,Rajasthan,312049,A+,Business,Aadhaar,980658541570,True,2026-07-04T06:08:37.946738,2026-07-04T06:08:37.946738
8f62021b-457c-4a7e-a7c5-7e29d6412008,Anil,Bhandari,Male,33,Married,9305309957,"865, Ring Road",Shimla,Himachal Pradesh,172259,O+,Fisherman,Aadhaar,617371057519,True,2026-07-04T06:08:37.946738,2026-07-04T06:08:37.946738
437d9195-8620-4ce6-99dc-2e71a9c56ec3,Sonali,Joshi,Female,34,Divorced,8837376984,"536, Station Road",Surat,Gujarat,373204,O+,Fisherman,Aadhaar,450496706811,True,2026-07-04T06:08:37.946738,2026-07-04T06:08:37.946738
ec7cff37-b385-4ed5-8b37-76a488b6c322,Sarita,Trivedi,Female,59,Single,7561024904,"32, Church Street",Kanpur,Uttar Pradesh,272911,B+,Government Employee,Aadhaar,419891593275,True,2026-07-04T06:08:37.946738,2026-07-04T06:08:37.946738
2a8c1949-0f7e-49cd-953c-d280f177d2d1,Ravi,Aggarwal,Male,81,Single,6498927805,"95, Lake View",Noida,Uttar Pradesh,212840,B+,Shopkeeper,Aadhaar,520418689096,True,2026-07-04T06:08:37.946738,2026-07-04T06:08:37.946738
cb6c588f-3122-494e-a5bf-0100913e21bd,Moushumi,Ganguly,Female,41,Single,7243363385,"472, Shivaji Nagar",Kolkata,West Bengal,714423,B+,Homemaker,Aadhaar,128257756017,True,2026-07-04T06:08:37.946738,2026-07-04T06:08:37.946738
57699af0-6330-446a-a3b5-373fc01a031c,Ranjit,Kar,Male,24,Divorced,6820586864,"910, Hill Colony",Cuttack,Odisha,760194,A+,Software Engineer,Aadhaar,178423912788,True,2026-07-04T06:08:37.946738,2026-07-04T06:08:37.946738
e4150ae1-ad2e-41a0-837c-a02e14e078ca,Priyanka,Lotha,Female,18,Single,6585796257,"767, Model Town",Kannur,Kerala,685165,B+,Engineer,Aadhaar,162717380926,True,2026-07-04T06:08:37.946738,2026-07-04T06:08:37.946738
87ba8e75-c509-4b88-90e2-09976f2d967f,Janaki,Krishnan,Female,87,Divorced,9320506867,"538, MG Road",Salem,Tamil Nadu,610195,O-,Retired,Aadhaar,749561384856,True,2026-07-04T06:08:37.946738,2026-07-04T06:08:37.946738
1441f864-8f56-4670-8eed-c937645d7c9a,Seema,Chahal,Female,24,Married,7708889385,"663, Hill Colony",Lucknow,Uttar Pradesh,269550,B+,Potter,Aadhaar,249323197077,True,2026-07-04T06:08:37.946738,2026-07-04T06:08:37.946738
bee9ba47-dcef-49ff-bc31-16253fab5e4d,Randhir,Mishra,Male,31,Married,9729359157,"136, Civil Lines",Gwalior,Madhya Pradesh,481526,A+,Business,Aadhaar,345805134906,True,2026-07-04T06:08:37.946738,2026-07-04T06:08:37.946738
7117579b-82be-4afb-955a-9319c414361a,Poonam,Rawat,Female,31,Widowed,6551748017,"503, Old Bazaar",Amritsar,Punjab,155082,B+,Plumber,Aadhaar,348528416804,True,2026-07-04T06:08:37.946738,2026-07-04T06:08:37.946738
d42b3c7b-6141-486d-a4ed-0c87bec85d48,Shanmugam,Rao,Male,45,Single,7207535290,"331, Old Bazaar",Chennai,Tamil Nadu,622300,B+,Potter,Aadhaar,490982617787,True,2026-07-04T06:08:37.946738,2026-07-04T06:08:37.946738
97ea34b1-d034-48a3-9f19-d40aa301de6f,Mahesh,Bhandari,Male,44,Widowed,6434126591,"377, Lake View",Jabalpur,Madhya Pradesh,485219,O+,Shopkeeper,Aadhaar,632093894429,True,2026-07-04T06:08:37.946738,2026-07-04T06:08:37.946738
f6894788-ac32-471c-9e41-57d1f19c0b64,Ramesh Babu,Sekhon,Male,47,Divorced,6448213770,"643, Temple Road",Gwalior,Madhya Pradesh,484985,B+,Software Engineer,Aadhaar,780539003631,True,2026-07-04T06:08:37.946738,2026-07-04T06:08:37.946738
affd9a84-0dfd-4444-b150-99a783cc11ad,Payal,Rane,Female,67,Widowed,9650161817,"299, Sector 12",Surat,Gujarat,387002,A-,,Aadhaar,998644178638,True,2026-07-04T06:08:37.946738,2026-07-04T06:08:37.946738
7d4e76be-63de-4fc9-9a7e-4a90ca63f351,Rekha,Pandey,Female,29,Widowed,9334751948,"777, Green Park",Varanasi,Uttar Pradesh,267327,B+,Clerk,Aadhaar,501571794847,True,2026-07-04T06:08:37.946738,2026-07-04T06:08:37.946738
f11e07b2-4991-4164-96b5-492f0ed54fc4,Geeta,Bhalla,Female,7,Single,7863076502,"39, Shivaji Nagar",Kanpur,Uttar Pradesh,275048,A+,Clerk,Aadhaar,433555272534,True,2026-07-04T06:08:37.946738,2026-07-04T06:08:37.946738
8e4e9a4f-5715-44df-b495-515711ffcc67,Rakesh,Pillai,Male,17,Single,8773052297,"757, Sector 12",Margao,Goa,403551,O+,,Aadhaar,427307878205,True,2026-07-04T06:08:37.946738,2026-07-04T06:08:37.946738
bd29abd5-fa71-4ddb-98dc-ba826a8c8927,Doyel,Sahoo,Female,59,Widowed,8798256177,"85, Green Park",Darbhanga,Bihar,817547,A+,Homemaker,Aadhaar,585604644842,True,2026-07-04T06:08:37.946738,2026-07-04T06:08:37.946738
daa842c8-a718-47a9-a591-54ecff3f81c2,Murugan,Achari,Male,80,Married,8206173603,"234, Ring Road",Chennai,Tamil Nadu,617922,B+,Teacher,Aadhaar,998744006605,True,2026-07-04T06:08:37.946738,2026-07-04T06:08:37.946738
9f1ac34e-cccb-4cc3-a2a1-06b4c7a65487,Anil,Pandey,Male,59,Divorced,8813434783,"653, Civil Lines",Lucknow,Uttar Pradesh,227383,,Business,Aadhaar,799447197821,True,2026-07-04T06:08:37.946738,2026-07-04T06:08:37.946738
5c7eff03-c1f9-423b-b639-51e276ff1190,Renu,Dubey,Female,54,Married,7546264411,"387, Market Yard",Shimla,Himachal Pradesh,174766,O+,Nurse,Aadhaar,185695534692,True,2026-07-04T06:08:37.946738,2026-07-04T06:08:37.946738
724ba061-6719-4649-b8d2-e77f7ec202ae,Raghavan,Desai,Male,21,Single,7243494332,"697, Civil Lines",Mumbai,Maharashtra,417608,B+,Engineer,Aadhaar,895465553249,True,2026-07-04T06:08:37.946738,2026-07-04T06:08:37.946738
d67c5b67-8f7e-4682-9bba-a59f7b4ef279,Rajni,Tiwari,Female,41,Divorced,9759565446,"74, Old Bazaar",Dharamshala,Himachal Pradesh,172227,B+,Retired,Aadhaar,127031517807,True,2026-07-04T06:08:37.946738,2026-07-04T06:08:37.946738
d43b861a-5755-40eb-97e5-a1a0ae78633e,Prashant,Kurup,Male,50,Widowed,7968661351,"386, Nehru Nagar",Nashik,Maharashtra,407212,B+,Potter,Aadhaar,173951542710,True,2026-07-04T06:08:37.946738,2026-07-04T06:08:37.946738
031de1b7-2ee2-4e8a-8a27-5d126d6dda94,Usha,Srivastava,Female,44,Single,9835845043,"450, Temple Road",Meerut,Uttar Pradesh,235434,A+,,Aadhaar,971744127114,True,2026-07-04T06:08:37.946738,2026-07-04T06:08:37.946738
34c7fb99-a294-4470-a45a-1ab45d4d6a46,Anita,Bhandari,Female,20,Single,8833737187,"262, Hill Colony",Delhi,Delhi,110052,B+,Accountant,Aadhaar,426420923078,True,2026-07-04T06:08:37.946738,2026-07-04T06:08:37.946738
6b59e86e-0293-483c-a7bd-e9d92c38fbf3,Vandana,Chauhan,Female,77,Widowed,9413973608,"595, Model Town",Moradabad,Uttar Pradesh,220506,B+,Weaver,Aadhaar,677492663015,True,2026-07-04T06:08:37.946738,2026-07-04T06:08:37.946738
769ea5b9-ee69-42c0-bed0-e49f58e5adbc,Snehal,Chokshi,Female,16,Single,8406461916,"250, Market Yard",Jodhpur,Rajasthan,333477,B+,Plumber,Aadhaar,682820040075,True,2026-07-04T06:08:37.946738,2026-07-04T06:08:37.946738
ce49b15f-e66a-4caf-a3c4-787f1d28f63f,Falguni,Bhosale,Female,13,Single,6448507042,"95, Gandhi Chowk",Ahmedabad,Gujarat,376396,O+,Nurse,Aadhaar,116321682098,True,2026-07-04T06:08:37.946738,2026-07-04T06:08:37.946738
6addc26d-d5f7-4f5c-9945-884f5bdf5905,Ila,Biswas,Female,12,Single,9423402772,"132, Old Bazaar",Ranchi,Jharkhand,827882,A+,Accountant,Aadhaar,254628699350,True,2026-07-04T06:08:37.946738,2026-07-04T06:08:37.946738
f9015e6f-7fed-4f1b-9b7a-dc5aa2f3ab0f,Vandana,Gaikwad,Female,38,Married,9135691579,"55, Station Road",Kolkata,West Bengal,712796,O+,Nurse,Aadhaar,812864957111,True,2026-07-04T06:08:37.946738,2026-07-04T06:08:37.946738
965be65b-a014-48c9-9395-5fbfbe0d3102,Deepali,Tiwari,Female,10,Single,6410607842,"808, Shivaji Nagar",Amritsar,Punjab,140895,B+,Doctor,Aadhaar,448992268716,True,2026-07-04T06:08:37.946738,2026-07-04T06:08:37.946738
47743a1f-c27b-4c83-9f8a-4816c6fb6b91,Deepak,Sidhu,Male,87,Single,7245688986,"874, Shivaji Nagar",Delhi,Delhi,110036,O+,Labourer,Aadhaar,244255522722,True,2026-07-04T06:08:37.946738,2026-07-04T06:08:37.946738
f5e116e8-7e00-4842-b654-db40594531f0,Rajesh,Goyal,Male,11,Single,6181095048,"117, Model Town",Raipur,Chhattisgarh,492098,B+,Software Engineer,Aadhaar,805353137126,True,2026-07-04T06:08:37.946738,2026-07-04T06:08:37.946738
09355ac0-b35b-4b9f-9d2d-c2f91d74982c,Venkatesh,Krishnan,Male,26,Widowed,9829365886,"291, Old Bazaar",Madurai,Tamil Nadu,608274,O+,Retired,Aadhaar,429871343559,True,2026-07-04T06:08:37.946738,2026-07-04T06:08:37.946738
8f270eab-7afc-4707-9c10-257b31493676,Swathi,Subramaniam,Female,9,Single,7900391975,"56, River Side",Visakhapatnam,Andhra Pradesh,526686,O+,Priest,Aadhaar,401689253046,True,2026-07-04T06:08:37.946738,2026-07-04T06:08:37.946738
bacf59a0-fcef-46ee-811f-245e37d344a6,Trupti,Chavan,Female,28,Divorced,9498279095,"834, Old Bazaar",Nagpur,Maharashtra,436879,A+,Potter,Aadhaar,275923755297,True,2026-07-04T06:08:37.946738,2026-07-04T06:08:37.946738
452714ed-fe77-403d-b922-9924238cbc5e,Juthika,Sen,Female,73,Widowed,9940478147,"379, Civil Lines",Bhagalpur,Bihar,816333,B+,Clerk,Aadhaar,589102959784,True,2026-07-04T06:08:37.946738,2026-07-04T06:08:37.946738
e8af34fb-9ca7-4969-90f5-856f842a35bf,Seema,Aggarwal,Female,30,Divorced,7918072429,"650, River Side",Panipat,Haryana,130035,AB+,Business,Aadhaar,931965548212,True,2026-07-04T06:08:37.946738,2026-07-04T06:08:37.946738
181a93fd-3f9b-456a-88b4-7720a3c381bb,Anitha,Chandran,Female,39,Divorced,7899880385,"641, Hill Colony",Nizamabad,Telangana,503680,O+,Carpenter,Aadhaar,463133165969,True,2026-07-04T06:08:37.946738,2026-07-04T06:08:37.946738
0e22e589-b05b-4692-86a7-5b6d0f528b0c,Priti,Deshmukh,Female,41,Widowed,9733762907,"655, Civil Lines",Amravati,Maharashtra,440365,B+,Accountant,Aadhaar,555597950062,True,2026-07-04T06:08:37.946738,2026-07-04T06:08:37.946738
8e457504-ccd2-41dd-ad97-3d3d9ef10761,Prabhakaran,Baishya,Male,23,Single,9194902133,"30, Civil Lines",Coimbatore,Tamil Nadu,601516,B+,Business,Aadhaar,857939451525,True,2026-07-04T06:08:37.946738,2026-07-04T06:08:37.946738
16084887-57df-4740-ab0b-70e9e0070ecb,Ranjit,Nayak,Male,46,Married,7515105893,"750, Sector 12",Patna,Bihar,837608,O+,Doctor,Aadhaar,960703852153,True,2026-07-04T06:08:37.946738,2026-07-04T06:08:37.946738
a4702eaf-f1e5-48c3-98ef-27eb9dc14ded,Jignesh,Deshmukh,Male,22,Single,9854337212,"304, Church Street",Jodhpur,Rajasthan,327573,O+,Homemaker,Aadhaar,920934442425,True,2026-07-04T06:08:37.946738,2026-07-04T06:08:37.946738
061d46e7-b209-4b6e-98bc-be9f33c9abee,Asha,Dubey,Female,34,Divorced,9871596547,"300, River Side",Delhi,Delhi,110059,O+,,Aadhaar,347178391208,True,2026-07-04T06:08:37.946738,2026-07-04T06:08:37.946738
798fbf38-a17e-4b62-bf95-a2be7fcf309a,Kumaresan,Ramanathan,Male,35,Married,6530948539,"795, Civil Lines",Chennai,Tamil Nadu,637204,B+,Teacher,Aadhaar,310802594760,True,2026-07-04T06:08:37.946738,2026-07-04T06:08:37.946738
41fbc496-39b9-4c91-ad33-22e0a2935f83,Paresh,Bhosale,Male,81,Widowed,6402201255,"47, River Side",Kalyan,Maharashtra,435750,A+,Fisherman,Aadhaar,643030583853,True,2026-07-04T06:08:37.946738,2026-07-04T06:08:37.946738
c38bc25d-15b6-41e7-850a-21531223623d,Amit,Baishya,Male,77,Married,6151067852,"869, Ring Road",Delhi,Delhi,110084,AB+,Teacher,Aadhaar,559053406962,True,2026-07-04T06:08:37.946738,2026-07-04T06:08:37.946738
577cb8d5-29ce-44ec-8ce2-4bdf9aee8201,Rajni,Rawat,Female,33,Widowed,7230989946,"978, Model Town",Panipat,Haryana,125225,B+,Driver,Aadhaar,327890594159,True,2026-07-04T06:08:37.946738,2026-07-04T06:08:37.946738
96bc9cf2-c7fb-48f9-9c52-2cf70f27b6e1,Kranti,Chokshi,Female,32,Married,7683627205,"392, Nehru Nagar",Thane,Maharashtra,405233,O+,Weaver,Aadhaar,644561977312,True,2026-07-04T06:08:37.946738,2026-07-04T06:08:37.946738
f4c4154b-18eb-40da-a83f-20054f362580,Prashant,Pandey,Male,6,Single,8598141520,"686, MG Road",Navi Mumbai,Maharashtra,410589,B-,Priest,Aadhaar,229244223053,True,2026-07-04T06:08:37.946738,2026-07-04T06:08:37.946738
677baf4a-2dec-487b-a087-c6a506e6360b,Pranab,Bansal,Male,29,Single,9611570179,"870, Lake View",Kolkata,West Bengal,724151,B+,Nurse,Aadhaar,362301158633,True,2026-07-04T06:08:37.946738,2026-07-04T06:08:37.946738
a5ae2506-6a5a-4406-86bb-df1a62128e0b,Ramesh,Sethi,Male,39,Married,8281805182,"256, Shivaji Nagar",Delhi,Delhi,110016,O+,Engineer,Aadhaar,337664229104,True,2026-07-04T06:08:37.946738,2026-07-04T06:08:37.946738
6eb3cd31-7174-4d01-91e3-f84230861a23,Rita,Chahal,Female,41,Widowed,8461996126,"172, Old Bazaar",Gurugram,Haryana,123876,A+,Shopkeeper,Aadhaar,250332516597,True,2026-07-04T06:08:37.946738,2026-07-04T06:08:37.946738
8a53b772-8b6d-415e-af48-5b00a19eb503,Moushumi,Subramaniam,Female,46,Widowed,9519217514,"620, Ring Road",Bangalore,Karnataka,576604,B+,Labourer,Aadhaar,503858461407,True,2026-07-04T06:08:37.946738,2026-07-04T06:08:37.946738
3c90cc9a-5e73-4bff-93cd-354977b85192,Ketan,Pal,Male,40,Widowed,8935689969,"517, Ring Road",Jodhpur,Rajasthan,310545,A+,Priest,Aadhaar,269460875611,True,2026-07-04T06:08:37.946738,2026-07-04T06:08:37.946738
fdf0f4f8-56fa-46be-99e5-3e047b889761,Meenakshi,Iyer,Female,50,Divorced,6812252506,"44, Gandhi Chowk",Kozhikode,Kerala,679636,A+,Government Employee,Aadhaar,105250521441,True,2026-07-04T06:08:37.946738,2026-07-04T06:08:37.946738
0308ce54-82e6-4987-8d43-949d6fdfd808,Kavya,Amin,Female,88,Divorced,6105527740,"4, College Road",Ahmedabad,Gujarat,386816,B+,Government Employee,Aadhaar,936677698042,True,2026-07-04T06:08:37.946738,2026-07-04T06:08:37.946738
d76376e9-923e-40df-8ec9-7fda5353b0e7,Venkatesh,Naidu,Male,35,Married,8951201964,"676, Station Road",Hyderabad,Telangana,502294,O+,Student,Aadhaar,409903464853,True,2026-07-04T06:08:37.946738,2026-07-04T06:08:37.946738
997e97c1-16de-45c2-8f85-d035d4ccd4e6,Ketan,Kachari,Male,27,Widowed,6101383869,"280, Gandhi Chowk",Surat,Gujarat,362557,A+,Tailor,Aadhaar,349605555007,True,2026-07-04T06:08:37.946738,2026-07-04T06:08:37.946738
60224696-2b84-49da-90be-a9435410ba4e,Meenakshi,Biswas,Female,6,Single,7442184789,"991, Market Yard",Berhampur,Odisha,755772,O+,Software Engineer,Aadhaar,107841072836,True,2026-07-04T06:08:37.946738,2026-07-04T06:08:37.946738
8bcd3d51-2faf-4ee6-8a70-df8538290ad4,Chandana,Chandran,Female,40,Single,6237037104,"949, Hill Colony",Mysore,Karnataka,560564,,Shopkeeper,Aadhaar,885406590163,True,2026-07-04T06:08:37.946738,2026-07-04T06:08:37.946738
083157b7-4df8-4f53-b31f-d7aad9416bf5,Sushma,More,Female,10,Single,8409142310,"481, Hill Colony",Vasai-Virar,Maharashtra,426870,A+,Priest,Aadhaar,289134952184,True,2026-07-04T06:08:37.946738,2026-07-04T06:08:37.946738
51cbcb70-fecb-4c19-94e8-fa7e07f01bcd,Ravi,Anand,Male,54,Divorced,6823367600,"233, Market Yard",Jabalpur,Madhya Pradesh,486590,B+,Business,Aadhaar,829388128351,True,2026-07-04T06:08:37.946738,2026-07-04T06:08:37.946738
bf0d44b4-1993-4050-b3b1-645b9dee5cc9,Priti,Patel,Female,68,Widowed,8693295614,"331, Church Street",Sangli,Maharashtra,432309,A+,Shopkeeper,Aadhaar,697090029413,True,2026-07-04T06:08:37.946738,2026-07-04T06:08:37.946738
e428ccbe-2440-4470-808c-c6b265bb84d7,Sarika,Tanti,Female,65,Married,8485780517,"916, Shivaji Nagar",Thane,Maharashtra,434068,B+,Farmer,Aadhaar,154665861552,True,2026-07-04T06:08:37.946738,2026-07-04T06:08:37.946738
1d9179ab-433f-4541-843d-d6202b4c5e0c,Chitra,Nair,Female,28,Married,9441822918,"148, Market Yard",Chennai,Tamil Nadu,627157,O+,Carpenter,Aadhaar,745528606406,True,2026-07-04T06:08:37.946738,2026-07-04T06:08:37.946738
4aa59634-96d3-4b20-9a27-4d2d06bbd89d,Vishal,Doshi,Male,15,Single,7787353394,"628, Temple Road",Mumbai,Maharashtra,419383,O+,Electrician,Aadhaar,452961915789,True,2026-07-04T06:08:37.946738,2026-07-04T06:08:37.946738
21e16896-f3be-4b24-9175-5d09f6f91e4f,Uday,Thakur,Male,48,Married,6394105041,"82, Market Yard",Surat,Gujarat,368259,O+,Driver,Aadhaar,537541656665,True,2026-07-04T06:08:37.946738,2026-07-04T06:08:37.946738
6409aa6c-5344-492f-a0c5-57ab3a2c9842,Dinesh Kumar,Bhattacharya,Male,22,Divorced,9116048474,"167, Sector 12",Chennai,Tamil Nadu,610784,B+,Potter,Aadhaar,257441298962,True,2026-07-04T06:08:37.946738,2026-07-04T06:08:37.946738
8c735735-adb4-40ea-ba6e-dab4e9a6253c,Manisha,Pandey,Female,17,Single,9343052008,"48, Sector 12",Bilaspur,Chhattisgarh,490166,AB+,Nurse,Aadhaar,781569041189,True,2026-07-04T06:08:37.946738,2026-07-04T06:08:37.946738
2be5b6ec-a29b-4afb-ad52-83e173a043ee,Probin,Iyengar,Male,9,Single,8193429353,"418, Market Yard",Vijayawada,Andhra Pradesh,532747,AB+,Doctor,Aadhaar,749574023200,True,2026-07-04T06:08:37.946738,2026-07-04T06:08:37.946738
68308061-ead6-40a7-bd4b-bd369c956023,Amit,Pandey,Male,28,Widowed,6331336425,"125, Civil Lines",Ludhiana,Punjab,159215,O+,Accountant,Aadhaar,494369581995,True,2026-07-04T06:08:37.946738,2026-07-04T06:08:37.946738
030ff295-275b-4db6-abc4-fdc1c2a35b88,Sameer,Sawant,Male,6,Single,7327253619,"383, New Colony",Nagpur,Maharashtra,414792,B+,Homemaker,Aadhaar,808919291037,True,2026-07-04T06:08:37.946738,2026-07-04T06:08:37.946738
ce7c6df6-5be4-4428-a100-b6c59450406e,Rakesh,Pandya,Male,40,Divorced,8851634174,"505, Gandhi Chowk",Nagpur,Maharashtra,433694,A+,Homemaker,Aadhaar,597044084437,True,2026-07-04T06:08:37.946738,2026-07-04T06:08:37.946738
09cd39db-afa2-45b0-8727-532db6f94481,Rajendra,Kadam,Male,20,Single,6513466574,"667, Market Yard",Kalyan,Maharashtra,430506,AB+,Engineer,Aadhaar,419446114560,True,2026-07-04T06:08:37.946738,2026-07-04T06:08:37.946738
a66fb1cd-7f9d-4351-a3d5-dd7fc94f8be4,Pooja,Anand,Female,62,Single,6186199403,"687, Market Yard",Meerut,Uttar Pradesh,266399,B+,Nurse,Aadhaar,294753577721,True,2026-07-04T06:08:37.946738,2026-07-04T06:08:37.946738
41a04c55-bf39-4caf-a520-c6d4a1cf3821,Savita,Chauhan,Female,46,Widowed,9687809201,"57, College Road",Gwalior,Madhya Pradesh,454862,A+,Business,Aadhaar,839031790548,True,2026-07-04T06:08:37.946738,2026-07-04T06:08:37.946738
3eb4739a-172f-4eb6-a4df-7c1aef426ebd,Arjun,Kamath,Male,42,Widowed,7245474065,"155, Model Town",Kochi,Kerala,692412,B+,Software Engineer,Aadhaar,254056202119,True,2026-07-04T06:08:37.946738,2026-07-04T06:08:37.946738
165fb297-d80a-470a-b3f2-cf2e56e0fca0,Gargi,Behera,Female,29,Married,6407162097,"867, Shivaji Nagar",Bokaro,Jharkhand,832867,,Farmer,Aadhaar,599267791340,True,2026-07-04T06:08:37.946738,2026-07-04T06:08:37.946738
1856cab9-01c4-4377-834c-8b88f7449972,Jayasree,Yadav,Female,23,Single,8569605022,"353, New Colony",Patna,Bihar,843169,B+,Retired,Aadhaar,930984894114,True,2026-07-04T06:08:37.946738,2026-07-04T06:08:37.946738
1c5f105f-0704-48df-b354-abf25f9da864,Jyotsna,Dave,Female,38,Married,8325817903,"942, Lake View",Mumbai,Maharashtra,409140,O+,Government Employee,Aadhaar,993483480511,True,2026-07-04T06:08:37.946738,2026-07-04T06:08:37.946738
a8695f39-3462-408b-adff-8e3133f9713e,Lopamudra,Guha,Female,11,Single,8168304647,"825, Shivaji Nagar",Ranchi,Jharkhand,828986,O+,Clerk,Aadhaar,637939960011,True,2026-07-04T06:08:37.946738,2026-07-04T06:08:37.946738
080bde85-93b2-435b-9efc-315a7a6ab064,Sarita,Sodhi,Female,21,Widowed,9271522452,"169, Sector 12",Bhilai,Chhattisgarh,496670,A+,Clerk,Aadhaar,435100564938,True,2026-07-04T06:08:37.946738,2026-07-04T06:08:37.946738
3f3d1029-5e27-4816-842c-3ea52159468d,Savita,Sethi,Female,21,Widowed,6253539203,"839, Nehru Nagar",Indore,Madhya Pradesh,477637,A+,Nurse,Aadhaar,753605215906,True,2026-07-04T06:08:37.946738,2026-07-04T06:08:37.946738
f44cc9c4-60ca-4f47-a047-c22963f8525c,Kiran,Bhandari,Male,54,Single,6240649883,"590, Ambedkar Marg",Prayagraj,Uttar Pradesh,240474,B+,Clerk,Aadhaar,259712853437,True,2026-07-04T06:08:37.946738,2026-07-04T06:08:37.946738
a610cdf1-4992-4df9-bc4a-389be0d5de90,Pramod,Sahoo,Male,33,Divorced,7501128806,"120, Lake View",Mysore,Karnataka,569546,A+,Farmer,Aadhaar,772805467531,True,2026-07-04T06:08:37.946738,2026-07-04T06:08:37.946738
2630a934-76a1-4087-8b04-06fc6ae0b49c,Nitin,Agarwal,Male,27,Married,8440006948,"66, Temple Road",Noida,Uttar Pradesh,264995,B+,Farmer,Aadhaar,793237769787,True,2026-07-04T06:08:37.946738,2026-07-04T06:08:37.946738
6bfea159-4d30-4df3-8b18-dbb8e4ed9059,Amit,Pandey,Male,63,Single,6982300157,"972, Nehru Nagar",Bhilai,Chhattisgarh,497302,AB+,Shopkeeper,Aadhaar,238591816203,True,2026-07-04T06:08:37.946738,2026-07-04T06:08:37.946738
0f9e1492-b0e6-4da9-8a44-e790b53dfd59,Nandini,Lahiri,Female,53,Divorced,6948238398,"522, Station Road",Dhanbad,Jharkhand,830704,B+,Fisherman,Aadhaar,326333231063,True,2026-07-04T06:08:37.946738,2026-07-04T06:08:37.946738
79770064-0d26-4e82-a61a-4267165b6051,Archana,Bhuyan,Female,19,Single,6703755635,"380, College Road",Delhi,Delhi,110036,B+,Doctor,Aadhaar,384093065670,True,2026-07-04T06:08:37.946738,2026-07-04T06:08:37.946738
e7751337-cbd2-4f38-82ba-d570129c2c06,Divya,Sharma,Female,14,Single,6216266052,"921, Old Bazaar",Jhansi,Uttar Pradesh,239244,B+,Plumber,Aadhaar,881231258937,True,2026-07-04T06:08:37.946738,2026-07-04T06:08:37.946738
25f75761-7e1e-40cc-a6fd-e2e0359c1ddc,Kantilal,Desai,Male,13,Single,8374105773,"654, Gandhi Chowk",Vadodara,Gujarat,364015,O+,Engineer,Aadhaar,475848169368,True,2026-07-04T06:08:37.946738,2026-07-04T06:08:37.946738
44fc91c5-052f-42db-b508-942fb0af4933,Brij Mohan,Gill,Male,58,Single,9433175966,"470, Old Bazaar",Lucknow,Uttar Pradesh,247172,B+,Homemaker,Aadhaar,668667911600,True,2026-07-04T06:08:37.946738,2026-07-04T06:08:37.946738
11f4fc98-d882-4da7-8b43-c47f386bf053,Vaidehi,Nair,Female,32,Married,6266180587,"910, Market Yard",Vellore,Tamil Nadu,643061,O+,Plumber,Aadhaar,875867966533,True,2026-07-04T06:08:37.946738,2026-07-04T06:08:37.946738
10618192-f5b7-4148-a176-d96257141c17,Muthukumar,Panda,Male,6,Single,9221142507,"88, River Side",Hyderabad,Telangana,509360,B+,Tailor,Aadhaar,884844470152,True,2026-07-04T06:08:37.946738,2026-07-04T06:08:37.946738
0e306aa7-ad46-420d-8f58-e3fb203cc110,Vikram,Gupta,Male,6,Single,8675858195,"213, Church Street",Raipur,Chhattisgarh,491554,O+,Engineer,Aadhaar,458294684537,True,2026-07-04T06:08:37.946738,2026-07-04T06:08:37.946738
c7863ad4-bd25-42fa-8992-b59dbc7546e0,Lata,Baishya,Female,38,Single,8270963711,"398, Temple Road",Kanpur,Uttar Pradesh,219616,O+,Weaver,Aadhaar,149647923867,True,2026-07-04T06:08:37.946738,2026-07-04T06:08:37.946738
7201f1e4-9f3c-4e58-b38d-8ed9bbf609fe,Provat,Yadav,Male,39,Married,7106936450,"156, Lake View",Lucknow,Uttar Pradesh,245692,O+,Tailor,Aadhaar,524144984686,True,2026-07-04T06:08:37.946738,2026-07-04T06:08:37.946738
5ff364d3-d8a0-48f3-be18-fddae0060637,Vaishali,Mehta,Female,58,Single,8235057312,"896, Lake View",Jodhpur,Rajasthan,325289,O-,,Aadhaar,613439153149,True,2026-07-04T06:08:37.946738,2026-07-04T06:08:37.946738
7eed3e68-682e-448a-a70e-850426322840,Sachin,Konwar,Male,14,Single,7619455070,"813, Green Park",Guwahati,Assam,784844,B+,Potter,Aadhaar,936998157418,True,2026-07-04T06:08:37.946738,2026-07-04T06:08:37.946738
3069bfe6-9dfd-4bea-bc82-f19a69fcb4fc,Rita,Vaidya,Female,12,Single,6109255799,"454, Gandhi Chowk",Mumbai,Maharashtra,409597,O+,Weaver,Aadhaar,311058181666,True,2026-07-04T06:08:37.946738,2026-07-04T06:08:37.946738
6b7cf0ed-9172-40ef-85df-6565aff28ee0,Amandeep Kaur,Sodhi,Female,25,Divorced,6913242686,"634, College Road",Bhilai,Chhattisgarh,497657,O+,Priest,Aadhaar,501047717553,True,2026-07-04T06:08:37.946738,2026-07-04T06:08:37.946738
6b8aa5a9-3036-4153-b63a-e33edb962843,Kavya,Warrier,Female,32,Single,7408778157,"798, Sector 12",Coimbatore,Tamil Nadu,601054,O+,Business,Aadhaar,519508629406,True,2026-07-04T06:08:37.946738,2026-07-04T06:08:37.946738
ebb72860-07f1-4a4a-bd69-2369a0cf655c,Rupali,Chokshi,Female,28,Married,8361861195,"639, MG Road",Thane,Maharashtra,430059,O+,Electrician,Aadhaar,153349220870,True,2026-07-04T06:08:37.946738,2026-07-04T06:08:37.946738
ac5e1266-d7be-467e-965e-0eeef27b70ea,Rajagopal,Rao,Male,64,Married,6526238382,"726, Shivaji Nagar",Chennai,Tamil Nadu,627464,O+,Business,Aadhaar,729472661982,True,2026-07-04T06:08:37.946738,2026-07-04T06:08:37.946738
c4621eb3-280e-4a85-80eb-8dc1e4f4f862,Surinder,Kadam,Male,60,Widowed,8645031448,"513, Model Town",Raipur,Chhattisgarh,492935,B+,Student,Aadhaar,544831717158,True,2026-07-04T06:08:37.946738,2026-07-04T06:08:37.946738
1ecf6149-de09-484a-b81d-a8ec8f7ce717,Sushma,Nandi,Female,61,Single,7124637806,"898, Model Town",Jaipur,Rajasthan,307005,O-,Weaver,Aadhaar,549500108942,True,2026-07-04T06:08:37.946738,2026-07-04T06:08:37.946738
8d6a7910-c431-41db-8f28-3ba794e14e70,Hema,Shetty,Female,47,Divorced,7411490627,"3, Nehru Nagar",Tiruchirappalli,Tamil Nadu,602254,A+,Carpenter,Aadhaar,531842229940,True,2026-07-04T06:08:37.946738,2026-07-04T06:08:37.946738
c9ee308e-19ca-4a3d-9329-495a317d9fef,Hemant,Gupta,Male,51,Widowed,8323844554,"844, Shivaji Nagar",Ghaziabad,Uttar Pradesh,265948,AB+,Priest,Aadhaar,867274280866,True,2026-07-04T06:08:37.946738,2026-07-04T06:08:37.946738
25e27376-0819-499e-9b66-064d521b5356,Kiran,Bhatt,Male,21,Married,6162505094,"59, Nehru Nagar",Chandigarh,Chandigarh,160076,O+,Software Engineer,Aadhaar,587706611850,True,2026-07-04T06:08:37.946738,2026-07-04T06:08:37.946738
fadb82e1-e4dc-45ad-86d4-9e250a58168f,Hemanta,Trivedi,Male,59,Single,8850567341,"975, Sector 12",Varanasi,Uttar Pradesh,209451,O+,Homemaker,Aadhaar,850008635264,True,2026-07-04T06:08:37.946738,2026-07-04T06:08:37.946738
88eda9df-b125-4067-854c-2ce57feffe37,Satpal,Ahluwalia,Male,19,Single,6360319583,"789, College Road",Indore,Madhya Pradesh,475816,O+,Farmer,Aadhaar,193676563187,True,2026-07-04T06:08:37.946738,2026-07-04T06:08:37.946738
21d5ce1c-5217-4573-affc-7f3afe27fbdf,Santosh,Momin,Male,51,Divorced,8925818648,"469, MG Road",Leh,Ladakh,194278,AB+,,Aadhaar,848822615399,True,2026-07-04T06:08:37.946738,2026-07-04T06:08:37.946738
ac80865a-419f-4b7e-906e-c14a5ae2c843,Pranab,Zeliang,Male,45,Widowed,7201645222,"572, River Side",Bhilai,Chhattisgarh,491023,A+,Nurse,Aadhaar,904912055127,True,2026-07-04T06:08:37.946738,2026-07-04T06:08:37.946738
9fd9b844-2ee4-4a73-9a31-cd9887b5f9df,Jaspreet Kaur,Tiwari,Female,46,Divorced,9527487197,"891, Shivaji Nagar",Gwalior,Madhya Pradesh,484785,B+,Nurse,Aadhaar,698857779240,True,2026-07-04T06:08:37.946738,2026-07-04T06:08:37.946738
945a2fe8-6ba0-4185-8341-5b2ceb93e316,Meenakshi,Chokshi,Female,51,Single,7556462912,"443, College Road",Delhi,Delhi,110057,B+,Farmer,Aadhaar,313407418342,True,2026-07-04T06:08:37.946738,2026-07-04T06:08:37.946738
c427d28e-e7ce-43ea-bffc-cebd7682c6f0,Padma,Trivedi,Female,11,Single,6598000979,"299, River Side",Jabalpur,Madhya Pradesh,488256,O+,Accountant,Aadhaar,475051399912,True,2026-07-04T06:08:37.946738,2026-07-04T06:08:37.946738
c5c1fbdc-d121-4520-a244-cc00caad4906,Hasi,Achari,Female,10,Single,7698121114,"379, Hill Colony",Hyderabad,Telangana,500404,O+,Weaver,Aadhaar,234393429984,True,2026-07-04T06:08:37.946738,2026-07-04T06:08:37.946738
ca258c41-dd36-43ab-978c-2bb17439f53c,Ashwini,Dave,Female,87,Married,7733756029,"981, Church Street",Mumbai,Maharashtra,425984,B+,Accountant,Aadhaar,227338423773,True,2026-07-04T06:08:37.946738,2026-07-04T06:08:37.946738
2f93b2e5-2967-4bc1-a6ad-0f6f1f27bb4f,Snehal,Chavan,Female,10,Single,8389663020,"609, Station Road",Surat,Gujarat,394266,O-,Electrician,Aadhaar,787408611530,True,2026-07-04T06:08:37.946738,2026-07-04T06:08:37.946738
3fc57832-1527-4df6-89c1-a8861978e32d,Ramesh,Agarwal,Male,54,Widowed,6168513167,"660, Lake View",Jabalpur,Madhya Pradesh,475653,,Government Employee,Aadhaar,538185266856,True,2026-07-04T06:08:37.946738,2026-07-04T06:08:37.946738
65451424-d57b-4bfc-8ecb-aad4fb378315,Nandini,Shukla,Female,18,Single,6512791218,"173, Nehru Nagar",Pune,Maharashtra,400894,A+,,Aadhaar,989642781775,True,2026-07-04T06:08:37.946738,2026-07-04T06:08:37.946738
ee7bf19f-840a-42e4-9db9-aa8cafd1636b,Debolina,Choudhury,Female,71,Divorced,8126717496,"715, Old Bazaar",Gaya,Bihar,832429,AB+,Priest,Aadhaar,530807019033,True,2026-07-04T06:08:37.946738,2026-07-04T06:08:37.946738
d6093dac-88aa-4014-8d73-b678fb75005d,Madhuri,Dhillon,Female,52,Single,8793574127,"312, Sector 12",Ludhiana,Punjab,152212,O+,Engineer,Aadhaar,570965997702,True,2026-07-04T06:08:37.946738,2026-07-04T06:08:37.946738
2b784e7b-eb03-4639-9a27-44d2c9c9dafd,Chitra,Venkataraman,Female,68,Single,8803208697,"561, College Road",Coimbatore,Tamil Nadu,641287,O+,Electrician,Aadhaar,533699945225,True,2026-07-04T06:08:37.946738,2026-07-04T06:08:37.946738
7b10d8e0-3d6d-4d2c-bcb4-928e43eeb5e4,Purabi,Oswal,Female,15,Single,6645345460,"923, New Colony",Ahmedabad,Gujarat,379054,O+,Priest,Aadhaar,773468833060,True,2026-07-04T06:08:37.946738,2026-07-04T06:08:37.946738
8447e625-9633-41c0-b20e-0393d9a550f2,Mohan,Ramamurthy,Male,39,Married,8125532712,"782, Ring Road",Ujjain,Madhya Pradesh,470915,A+,,Aadhaar,684866606566,True,2026-07-04T06:08:37.946738,2026-07-04T06:08:37.946738
558950a9-051f-4986-ac67-d1f36e8fc087,Sujatha,Hegde,Female,5,Single,6848336824,"479, Market Yard",Thiruvananthapuram,Kerala,677448,AB+,Business,Aadhaar,446132662038,True,2026-07-04T06:08:37.946738,2026-07-04T06:08:37.946738
dcc7b976-76a2-4fcf-b071-39a7ec15d55a,Sunita,Pandey,Female,65,Widowed,8218045760,"363, Nehru Nagar",Bhopal,Madhya Pradesh,458694,A+,Shopkeeper,Aadhaar,821653975600,True,2026-07-04T06:08:37.946738,2026-07-04T06:08:37.946738
6af416d0-9158-4b73-9b8c-ae7d93d85aa0,Pradeep,Brar,Male,8,Single,8928691060,"701, Civil Lines",Dehradun,Uttarakhand,251334,A+,Potter,Aadhaar,976511210697,True,2026-07-04T06:08:37.946738,2026-07-04T06:08:37.946738
23bbcfe5-33e4-42c6-b3a9-bb453367311a,Shrikant,Doshi,Male,20,Single,8298267042,"907, Market Yard",Mumbai,Maharashtra,417315,O+,Carpenter,Aadhaar,985550009277,True,2026-07-04T06:08:37.946738,2026-07-04T06:08:37.946738
e491d27c-79d0-4ecc-ab29-dc2a6ca1bab1,Aparna,Parekh,Female,10,Single,8414129192,"351, Gandhi Chowk",Mumbai,Maharashtra,417010,B+,Teacher,Aadhaar,188587177830,True,2026-07-04T06:08:37.946738,2026-07-04T06:08:37.946738
f53f5388-43e2-4b18-9d6b-a192ca4bf6bc,Ranganathan,Pai,Male,9,Single,9850049068,"33, College Road",Chennai,Tamil Nadu,608895,B+,Doctor,Aadhaar,371441058400,True,2026-07-04T06:08:37.946738,2026-07-04T06:08:37.946738
0a2646b8-9a8d-46d8-8f03-d4a4d9bed398,Foram,Modi,Female,7,Single,9872172620,"740, Station Road",Sangli,Maharashtra,427880,O+,Potter,Aadhaar,381379179482,True,2026-07-04T06:08:37.946738,2026-07-04T06:08:37.946738
8739387d-8ff8-45ab-9d5a-b639646ce1ff,Sachin,Mehta,Male,62,Divorced,7190018511,"618, College Road",Ahmedabad,Gujarat,375762,O+,Homemaker,Aadhaar,181388858811,True,2026-07-04T06:08:37.946738,2026-07-04T06:08:37.946738
1f552861-218f-4c34-b929-807f2da88605,Seema,Aggarwal,Female,84,Single,7827116086,"721, College Road",Bareilly,Uttar Pradesh,258766,O+,Student,Aadhaar,405867440481,True,2026-07-04T06:08:37.946738,2026-07-04T06:08:37.946738
f548a6bc-3ac2-4a1d-b24e-d602c387240a,Partha,Sengupta,Male,43,Married,8798160783,"156, Nehru Nagar",Kolkata,West Bengal,709520,B+,Retired,Aadhaar,261832314240,True,2026-07-04T06:08:37.946738,2026-07-04T06:08:37.946738
a5d2d8cf-d9fb-47ef-b72a-8e1ea26da612,Bikash,Mondal,Male,18,Single,9506515140,"478, Station Road",Gaya,Bihar,839740,B+,Driver,Aadhaar,920443047645,True,2026-07-04T06:08:37.946738,2026-07-04T06:08:37.946738
e983ff7f-ffd7-4d86-b780-36e6202f9d2d,Puja,Rawat,Female,16,Single,9760391005,"382, Civil Lines",Bhopal,Madhya Pradesh,455542,AB+,Student,Aadhaar,630794631768,True,2026-07-04T06:08:37.946738,2026-07-04T06:08:37.946738
72ee0007-61f8-40e6-95d4-8684c61f29e8,Shilpa,Patil,Female,40,Divorced,7518573394,"925, Old Bazaar",Mumbai,Maharashtra,404210,AB+,Student,Aadhaar,571767165965,True,2026-07-04T06:08:37.946738,2026-07-04T06:08:37.946738
61a6eb2d-3e3e-41a2-8e3f-df0a2953fcf6,Baldev,Goyal,Male,5,Single,7268288526,"101, River Side",Lucknow,Uttar Pradesh,273083,O+,Engineer,Aadhaar,338124383959,True,2026-07-04T06:08:37.946738,2026-07-04T06:08:37.946738
27ebcd97-6907-4c79-924f-f5c88458e9f8,Kavitha,Nambiar,Female,25,Divorced,6574670032,"659, Ring Road",Vijayawada,Andhra Pradesh,526347,A+,Fisherman,Aadhaar,318456591261,True,2026-07-04T06:08:37.946738,2026-07-04T06:08:37.946738
3a22ae05-ba92-4e38-ab9d-27a076929073,Anand,Shroff,Male,15,Single,7701790761,"507, Hill Colony",Jalgaon,Maharashtra,440169,O+,Shopkeeper,Aadhaar,163911251243,True,2026-07-04T06:08:37.946738,2026-07-04T06:08:37.946738
b9d56c02-d59c-4b1e-8951-4e1c2b8ce556,Sameer,Mehta,Male,32,Widowed,6749170321,"800, Model Town",Jodhpur,Rajasthan,318901,B+,Carpenter,Aadhaar,175700661477,True,2026-07-04T06:08:37.946738,2026-07-04T06:08:37.946738
c7bce9c6-8168-4669-8d27-d84a6f4ca947,Prakash,Bhagawati,Male,33,Single,9285245329,"74, Nehru Nagar",Kolhapur,Maharashtra,420551,O+,Retired,Aadhaar,441645286959,True,2026-07-04T06:08:37.946738,2026-07-04T06:08:37.946738
cc36f05a-46ea-4ac3-a8f0-6e4482306c6b,Kishor,Sawant,Male,13,Single,7133851085,"790, Hill Colony",Pune,Maharashtra,412910,A+,Potter,Aadhaar,235390133308,True,2026-07-04T06:08:37.946738,2026-07-04T06:08:37.946738
f6857cd6-da1d-4d70-be30-78c603bba1a4,Trupti,Oswal,Female,58,Single,9744494913,"13, Market Yard",Aurangabad,Maharashtra,433442,B+,Electrician,Aadhaar,148035718490,True,2026-07-04T06:08:37.946738,2026-07-04T06:08:37.946738
2d8c2013-3b41-4ae7-820c-1c532bccad93,Dinesh,Sandhu,Male,9,Single,6590433737,"117, College Road",Delhi,Delhi,110031,O+,Farmer,Aadhaar,686998728828,True,2026-07-04T06:08:37.946738,2026-07-04T06:08:37.946738
51dbb457-94ff-43bd-a981-5acfde24479f,Trupti,Chokshi,Female,15,Single,6768099110,"272, Ring Road",Mumbai,Maharashtra,423712,O+,Homemaker,Aadhaar,536440984240,True,2026-07-04T06:08:37.946738,2026-07-04T06:08:37.946738
92f19f12-64e9-42e4-a6bc-4130c0b7c8ab,Swathi,Acharya,Female,64,Divorced,9888514706,"701, Ambedkar Marg",Chennai,Tamil Nadu,632836,B+,Nurse,Aadhaar,539608694944,True,2026-07-04T06:08:37.946738,2026-07-04T06:08:37.946738
0a51d0ca-6d49-43d0-9fe4-c356833cbec5,Mrinal Kanti,Shah,Male,31,Widowed,8630878229,"213, Market Yard",Mumbai,Maharashtra,406452,O+,Plumber,Aadhaar,151508481890,True,2026-07-04T06:08:37.946738,2026-07-04T06:08:37.946738
8d4dce6f-3701-439b-85e5-85f512f59ba1,Pradeep,Bhalla,Male,19,Single,9288880588,"507, College Road",Meerut,Uttar Pradesh,227843,,Carpenter,Aadhaar,605970924475,True,2026-07-04T06:08:37.946738,2026-07-04T06:08:37.946738
686a3007-0fde-4d6a-9d35-eb46c037e68b,Chandrima,Nandi,Female,47,Single,6745281780,"407, Hill Colony",Patna,Bihar,848309,B+,Nurse,Aadhaar,526276586146,True,2026-07-04T06:08:37.946738,2026-07-04T06:08:37.946738
00c5fa74-23b8-4d7f-8966-6457f5eda3bc,Anitha,Shroff,Female,87,Single,6130394212,"285, Hill Colony",Tirunelveli,Tamil Nadu,614411,B+,Priest,Aadhaar,352238861617,True,2026-07-04T06:08:37.946738,2026-07-04T06:08:37.946738
165264d8-7590-457d-b676-e90bfc37c278,Ajay,Bansal,Male,37,Married,7618138681,"958, Nehru Nagar",Mathura,Uttar Pradesh,251241,O+,,Aadhaar,152674434210,True,2026-07-04T06:08:37.946738,2026-07-04T06:08:37.946738
bd7cfb40-3bef-45ad-9aca-31010bb3b845,Kamlesh,Pandey,Female,54,Single,8615196616,"128, Lake View",Prayagraj,Uttar Pradesh,226242,O+,Tailor,Aadhaar,542149704340,True,2026-07-04T06:08:37.946738,2026-07-04T06:08:37.946738
064fd5d9-08c5-4750-b6ad-eeaeb645168f,Dulal,Sahoo,Male,32,Divorced,8724526139,"630, Market Yard",Howrah,West Bengal,740913,B+,Business,Aadhaar,220792685958,True,2026-07-04T06:08:37.946738,2026-07-04T06:08:37.946738
5579fc76-72a1-4a7d-9523-3192be4924e9,Geetha,Shukla,Female,30,Married,6564574335,"79, Green Park",Vadodara,Gujarat,373846,B+,Weaver,Aadhaar,369988389756,True,2026-07-04T06:08:37.946738,2026-07-04T06:08:37.946738
8e37b2f1-6a57-4398-a597-94fbaacefe64,Dharmesh,Ramanathan,Male,16,Single,9978295149,"183, College Road",Panaji,Goa,403106,B+,Nurse,Aadhaar,718105304745,True,2026-07-04T06:08:37.946738,2026-07-04T06:08:37.946738
5f722fa9-3960-4539-afbe-0e234f80dc64,Yashpal,Aggarwal,Male,58,Married,9669514031,"971, Station Road",Ghaziabad,Uttar Pradesh,207208,O+,Farmer,Aadhaar,484372736439,True,2026-07-04T06:08:37.946738,2026-07-04T06:08:37.946738
d9e6c444-e05c-4ad8-80a1-fb6e05d60ec4,Biplab,Dutta,Male,46,Single,6604880324,"629, Lake View",Darbhanga,Bihar,821590,,Teacher,Aadhaar,366529703126,True,2026-07-04T06:08:37.946738,2026-07-04T06:08:37.946738
28b88e57-f81f-48ac-b1b7-38457ca5e85e,Seema,Chopra,Female,39,Divorced,7830233005,"613, River Side",Bhilai,Chhattisgarh,494491,A+,Electrician,Aadhaar,907450374964,True,2026-07-04T06:08:37.946738,2026-07-04T06:08:37.946738
b6bc546c-5f85-4013-b4b8-f8aed374cfcf,Bhavesh,Rane,Male,10,Single,6995100018,"615, Station Road",Udaipur,Rajasthan,322147,B+,Priest,Aadhaar,219980161902,True,2026-07-04T06:08:37.946738,2026-07-04T06:08:37.946738
307e751b-2ce3-4cfe-b89e-8e664cb6b415,Rajinder,Kalra,Male,25,Widowed,8377248732,"101, Model Town",Kanpur,Uttar Pradesh,273727,O+,Driver,Aadhaar,159167387316,True,2026-07-04T06:08:37.946738,2026-07-04T06:08:37.946738
42a4abcc-1e06-4d2b-bbd3-630d8acb8c86,Manpreet,Chopra,Male,52,Married,9847070388,"678, Ring Road",Delhi,Delhi,110047,AB+,Tailor,Aadhaar,137492400708,True,2026-07-04T06:08:37.946738,2026-07-04T06:08:37.946738
50fe50b9-5547-46ce-a426-be8b104341c5,Manoj,Gill,Male,28,Married,6321401007,"221, New Colony",Kanpur,Uttar Pradesh,262666,O+,Farmer,Aadhaar,229433501386,True,2026-07-04T06:08:37.946738,2026-07-04T06:08:37.946738
2de3fb8f-3713-459a-b193-d49620059790,Ritu,Trivedi,Female,45,Single,7889173702,"872, Sector 12",Ujjain,Madhya Pradesh,456165,A+,Fisherman,Aadhaar,167900761884,True,2026-07-04T06:08:37.946738,2026-07-04T06:08:37.946738
5e1b3bc7-0f7d-49ca-b3e9-c5729bfe841d,Divya,Sekhon,Female,18,Single,6796658202,"810, Ring Road",Bhilai,Chhattisgarh,492378,O+,Accountant,Aadhaar,268666591915,True,2026-07-04T06:08:37.946738,2026-07-04T06:08:37.946738
a3785846-662c-4ba8-86db-c512d81d0d7c,Mangesh,Gandhi,Male,20,Single,8853285439,"916, Gandhi Chowk",Pune,Maharashtra,407735,B+,Carpenter,Aadhaar,556711201605,True,2026-07-04T06:08:37.946738,2026-07-04T06:08:37.946738
8b48ddb6-8f52-4712-94c0-c8e87a2bb45f,Jaspreet Kaur,Goyal,Female,59,Married,7601929317,"40, Old Bazaar",Delhi,Delhi,110040,A+,Driver,Aadhaar,798724079645,True,2026-07-04T06:08:37.946738,2026-07-04T06:08:37.946738
02319ecb-f512-4dc0-813a-a853ab6ba087,Rajesh,Vora,Male,61,Divorced,8761964951,"274, Station Road",Ahmedabad,Gujarat,371497,O+,Labourer,Aadhaar,519666086282,True,2026-07-04T06:08:37.946738,2026-07-04T06:08:37.946738
62b95240-2343-46ff-b5df-afc139cdda69,Deepali,Kadam,Female,71,Single,9200148466,"583, Sector 12",Jaipur,Rajasthan,307087,A+,Accountant,Aadhaar,766544025940,True,2026-07-04T06:08:37.946738,2026-07-04T06:08:37.946738
b5b94aec-d4d8-418e-9051-9f49af02666a,Sourav,Bagchi,Male,59,Divorced,7650171664,"763, Model Town",Kolkata,West Bengal,717706,B+,Shopkeeper,Aadhaar,763739083180,True,2026-07-04T06:08:37.946738,2026-07-04T06:08:37.946738
2d6abf09-dddd-41e7-a53a-3155878de7e0,Zohmingliana,Rabha,Male,22,Widowed,6645171305,"446, Church Street",Agartala,Tripura,799148,O+,Accountant,Aadhaar,782658322495,True,2026-07-04T06:08:37.946738,2026-07-04T06:08:37.946738
a971c48f-6712-4412-a407-2fb87be2ab52,Bhavesh,Shah,Male,22,Widowed,7915097044,"874, Hill Colony",Rajkot,Gujarat,394280,A+,Homemaker,Aadhaar,370618402067,True,2026-07-04T06:08:37.946738,2026-07-04T06:08:37.946738
26b69749-55fd-4c07-8484-4bf31c581d8d,Nandini,Sen,Female,41,Divorced,9452334763,"46, Sector 12",Jamshedpur,Jharkhand,828005,O+,,Aadhaar,751812921790,True,2026-07-04T06:08:37.946738,2026-07-04T06:08:37.946738
72ad69f3-2385-4760-b1b3-8eebd921d910,Chitra,Baishya,Female,42,Divorced,9654421010,"986, College Road",Bangalore,Karnataka,574081,B+,Software Engineer,Aadhaar,546747041029,True,2026-07-04T06:08:37.946738,2026-07-04T06:08:37.946738
27686554-9bf1-4390-936a-364baa938289,Barun,Krishnan,Male,55,Divorced,6186751443,"27, Model Town",Kurnool,Andhra Pradesh,532158,O+,Weaver,Aadhaar,213593427694,True,2026-07-04T06:08:37.946738,2026-07-04T06:08:37.946738
08d1746a-2ad5-43e0-ba05-58c00b0815bf,Kamala,Balakrishnan,Female,61,Married,9121477842,"703, Ambedkar Marg",Kochi,Kerala,682595,B+,Software Engineer,Aadhaar,300502347425,True,2026-07-04T06:08:37.946738,2026-07-04T06:08:37.946738
b0adba74-eabf-4d69-aa09-b485d141b579,Nagarajan,Sundaram,Male,20,Single,6398756682,"332, MG Road",Bangalore,Karnataka,581159,O+,Weaver,Aadhaar,353181414415,True,2026-07-04T06:08:37.946738,2026-07-04T06:08:37.946738
6bad3cfc-571b-4aab-bd71-106b31e3a4ae,Meghna,Ramamurthy,Female,9,Single,7455551454,"821, Market Yard",Chennai,Tamil Nadu,608151,,Business,Aadhaar,689444393179,True,2026-07-04T06:08:37.946738,2026-07-04T06:08:37.946738
090fea3a-1c2a-461b-94cd-94e8142988e4,Hasi,Mudaliar,Female,88,Married,9916678525,"775, Civil Lines",Bhubaneswar,Odisha,767951,B+,Potter,Aadhaar,717871639010,True,2026-07-04T06:08:37.946738,2026-07-04T06:08:37.946738
f8fac4bc-0830-4a85-80d2-54b750abb87f,Rajesh,Chauhan,Male,23,Married,6920475331,"145, Market Yard",Bhilai,Chhattisgarh,494500,B+,Engineer,Aadhaar,815586175772,True,2026-07-04T06:08:37.946738,2026-07-04T06:08:37.946738
8cf9742a-15e6-49c1-a920-9eb4b4ebb3c7,Vipul,Sidhu,Male,23,Divorced,9152369237,"913, Model Town",Delhi,Delhi,110050,O+,Housewife,Aadhaar,375804039109,True,2026-07-04T06:08:37.946738,2026-07-04T06:08:37.946738
ff8043ce-fa80-4701-a16a-523007b89a7b,Rajwinder Kaur,Sethi,Female,24,Single,7212690923,"551, Gandhi Chowk",Korba,Chhattisgarh,495524,B-,Clerk,Aadhaar,196300377744,True,2026-07-04T06:08:37.946738,2026-07-04T06:08:37.946738
05a93d6e-fe1c-4c0e-a7fa-29207e090d72,Geeta,Sodhi,Female,45,Widowed,8483678064,"473, Market Yard",Agra,Uttar Pradesh,257100,O+,Business,Aadhaar,533547746853,True,2026-07-04T06:08:37.946738,2026-07-04T06:08:37.946738
b126b90b-cdd8-47fd-aabe-4cbb96bf170b,Ashwini,Imchen,Female,53,Divorced,8941337533,"508, Church Street",Vadodara,Gujarat,377867,A+,Shopkeeper,Aadhaar,468133939733,True,2026-07-04T06:08:37.946738,2026-07-04T06:08:37.946738
01afadf2-4fe0-4181-9642-81ade2f607fd,Uday,Rawat,Male,62,Divorced,9600074797,"430, Hill Colony",Jodhpur,Rajasthan,332151,O+,,Aadhaar,627707927341,True,2026-07-04T06:08:37.946738,2026-07-04T06:08:37.946738
9ee361b6-c2c8-470a-8cbe-5d56a5e0dbfe,Sujatha,Pillai,Female,14,Single,8910010550,"483, Model Town",Hyderabad,Telangana,503408,O+,Teacher,Aadhaar,727264989707,True,2026-07-04T06:08:37.946738,2026-07-04T06:08:37.946738
9718f953-d429-4268-95a2-ad080eca859f,Rajwinder Kaur,Malhotra,Female,60,Widowed,8362171421,"538, Old Bazaar",Prayagraj,Uttar Pradesh,256400,B+,Student,Aadhaar,846744141826,True,2026-07-04T06:08:37.946738,2026-07-04T06:08:37.946738
3846edd7-7141-4cb1-b087-2a7f7211611e,Lakshya,Bora,Male,25,Widowed,9131034525,"876, River Side",Guwahati,Assam,787037,O+,Labourer,Aadhaar,833380544940,True,2026-07-04T06:08:37.946738,2026-07-04T06:08:37.946738
b54d22fc-0f12-4074-9a22-19832bbd4305,Sagarika,Dey,Female,14,Single,8186274942,"89, Hill Colony",Kolkata,West Bengal,706672,A+,Housewife,Aadhaar,965211807374,True,2026-07-04T06:08:37.946738,2026-07-04T06:08:37.946738
c0e3c1bf-a705-4fdd-89e0-3103de30b545,Swathi,Baishya,Female,9,Single,9648812777,"499, MG Road",Thiruvananthapuram,Kerala,679197,A+,Nurse,Aadhaar,702942111499,True,2026-07-04T06:08:37.946738,2026-07-04T06:08:37.946738
d69ecb3a-6304-46d4-ac48-e7a89d498bb1,Vinod,Bansal,Male,10,Single,8118012944,"540, New Colony",Kanpur,Uttar Pradesh,209887,O+,Labourer,Aadhaar,898879417139,True,2026-07-04T06:08:37.946738,2026-07-04T06:08:37.946738
e83a9652-3fed-4c4d-896b-e8e9f47e2836,Hemant,Oswal,Male,21,Single,9287620469,"937, Shivaji Nagar",Jaipur,Rajasthan,305397,O+,Housewife,Aadhaar,527486401967,True,2026-07-04T06:08:37.946738,2026-07-04T06:08:37.946738
1e287640-0b88-4fdf-a1a8-46f241dc3d38,Ashwini,Chauhan,Female,32,Widowed,9887302226,"759, Lake View",Delhi,Delhi,110044,O+,Shopkeeper,Aadhaar,306169866657,True,2026-07-04T06:08:37.946738,2026-07-04T06:08:37.946738
911b737b-5c6a-4277-b532-0b84022f0d9e,Yamini,Oswal,Female,15,Single,7483700328,"85, Hill Colony",Bikaner,Rajasthan,327627,B+,Electrician,Aadhaar,323748520477,True,2026-07-04T06:08:37.946738,2026-07-04T06:08:37.946738
b2f9b290-e8e8-4981-a208-4a5dc624f2d2,Nitin,Anand,Male,66,Widowed,7387264315,"923, College Road",Shimla,Himachal Pradesh,177328,O+,Clerk,Aadhaar,952667952504,True,2026-07-04T06:08:37.946738,2026-07-04T06:08:37.946738
f961706d-364c-4953-9d61-a023fd65f3f0,Manisha,Goyal,Female,52,Married,8857934826,"908, Gandhi Chowk",Bhopal,Madhya Pradesh,461195,B-,Retired,Aadhaar,670404517987,True,2026-07-04T06:08:37.946738,2026-07-04T06:08:37.946738
632272ec-a68f-4f75-8f23-57eb6ab0e4a0,Ashwin,Rao,Male,24,Single,8671760513,"781, River Side",Tirunelveli,Tamil Nadu,606010,B+,Teacher,Aadhaar,319012204476,True,2026-07-04T06:08:37.946738,2026-07-04T06:08:37.946738
397b4649-ed73-48e0-87b0-c491e26c3be7,Anirban,Sarkar,Male,58,Married,8716578295,"475, Civil Lines",Bokaro,Jharkhand,814705,A+,Doctor,Aadhaar,445809336584,True,2026-07-04T06:08:37.946738,2026-07-04T06:08:37.946738
b8eeebd7-cded-44a5-80b1-872c0bd7c6b0,Prabhakaran,Acharya,Male,16,Single,6456847519,"904, Church Street",Hyderabad,Telangana,505939,O+,Engineer,Aadhaar,306325897200,True,2026-07-04T06:08:37.946738,2026-07-04T06:08:37.946738
69a3c768-2474-4b44-af50-332f3d84c66c,Subrata,Sen,Male,22,Married,9487151097,"629, Hill Colony",Jamshedpur,Jharkhand,822932,B+,Tailor,Aadhaar,880994319967,True,2026-07-04T06:08:37.946738,2026-07-04T06:08:37.946738
ad8018ac-815f-40ea-a770-6fe1f01d9709,Saroja,Chavan,Female,60,Married,7536593786,"962, New Colony",Kolhapur,Maharashtra,439188,O+,Nurse,Aadhaar,983619696012,True,2026-07-04T06:08:37.946738,2026-07-04T06:08:37.946738
3965a038-53ba-4aae-bc94-9844fb675985,Subrata,Sidhu,Male,87,Single,7813129717,"257, Shivaji Nagar",Delhi,Delhi,110095,O+,Nurse,Aadhaar,241412035418,True,2026-07-04T06:08:37.946738,2026-07-04T06:08:37.946738
b6425feb-e907-4ba8-9880-00cf28dd2095,Satpal,Trivedi,Male,42,Divorced,9256777689,"32, Lake View",Lucknow,Uttar Pradesh,226370,B+,Weaver,Aadhaar,108606608588,True,2026-07-04T06:08:37.946738,2026-07-04T06:08:37.946738
61e16d93-b936-4a04-849a-5def5f0723d9,Rupali,Kothari,Female,10,Single,6855333554,"207, Station Road",Junagadh,Gujarat,369554,O+,Carpenter,Aadhaar,395688248371,True,2026-07-04T06:08:37.946738,2026-07-04T06:08:37.946738
287d3bc3-f727-45f3-9add-b7de1e8fd185,Vimla,Mishra,Female,49,Single,8194889047,"303, Old Bazaar",Indore,Madhya Pradesh,462208,AB+,Driver,Aadhaar,984443311280,True,2026-07-04T06:08:37.946738,2026-07-04T06:08:37.946738
05edd2d1-e38c-4a59-914e-1c170a0b8ca1,Ravi,Chahal,Male,13,Single,6286296903,"811, Station Road",Kanpur,Uttar Pradesh,235361,O+,Shopkeeper,Aadhaar,595052920027,True,2026-07-04T06:08:37.946738,2026-07-04T06:08:37.946738
f5d532b5-f483-4ebf-9564-e7171237e742,Renu,Chauhan,Female,40,Widowed,9521059872,"987, Sector 12",Lucknow,Uttar Pradesh,227770,O+,Driver,Aadhaar,573968621169,True,2026-07-04T06:08:37.946738,2026-07-04T06:08:37.946738
9b721e9b-cb0a-4801-9f76-ffd67cb5ebf9,Jayesh,Shroff,Male,43,Widowed,9848673952,"934, New Colony",Aurangabad,Maharashtra,440858,A+,Retired,Aadhaar,555491876628,True,2026-07-04T06:08:37.946738,2026-07-04T06:08:37.946738
4c2629e7-18dd-4bf1-8ef5-b351aaa80570,Subrata,Shukla,Male,14,Single,9109794149,"945, Sector 12",Rourkela,Odisha,766794,A+,Potter,Aadhaar,189688396531,True,2026-07-04T06:08:37.946738,2026-07-04T06:08:37.946738
84d59af7-94c7-4195-8497-a336219a41a5,Uday,Chutia,Male,10,Single,8883673320,"252, Hill Colony",Nashik,Maharashtra,411043,O-,Shopkeeper,Aadhaar,927688722089,True,2026-07-04T06:08:37.946738,2026-07-04T06:08:37.946738
2010941e-ebc2-4ce9-ab12-b9981b4bf41b,Prashant,Achari,Male,55,Single,8199831937,"981, College Road",Bangalore,Karnataka,575540,O+,Software Engineer,Aadhaar,238388410433,True,2026-07-04T06:08:37.946738,2026-07-04T06:08:37.946738
afc84701-cbc7-4271-a966-5317f6a6159d,Jonali,Ganapathy,Female,59,Divorced,8508019579,"706, Shivaji Nagar",Nizamabad,Telangana,502733,B+,Carpenter,Aadhaar,275603629324,True,2026-07-04T06:08:37.946738,2026-07-04T06:08:37.946738
da4496e7-08f8-49f6-94d3-bd1d2eaded15,Ajay,Yadav,Male,66,Married,9647558123,"527, Old Bazaar",Agra,Uttar Pradesh,256981,B+,Nurse,Aadhaar,801838476456,True,2026-07-04T06:08:37.946738,2026-07-04T06:08:37.946738
3bd184b0-c26f-443b-aed2-414d5c495443,Ashwini,Rane,Female,41,Widowed,8992226732,"589, Green Park",Ahmedabad,Gujarat,381937,O+,Priest,Aadhaar,628013092920,True,2026-07-04T06:08:37.946738,2026-07-04T06:08:37.946738
560397a2-caab-4f45-983d-ecc4cac3b415,Shweta,Imchen,Female,50,Widowed,9396818857,"90, Gandhi Chowk",Ludhiana,Punjab,149540,B-,Student,Aadhaar,934611920010,True,2026-07-04T06:08:37.946738,2026-07-04T06:08:37.946738
a68d80db-7a5e-4fdd-a5bd-245860b1f777,Ranjit,Guha,Male,44,Widowed,9481814763,"807, Old Bazaar",Kolkata,West Bengal,704715,A+,Nurse,Aadhaar,770494183703,True,2026-07-04T06:08:37.946738,2026-07-04T06:08:37.946738
5724ed6e-5745-4217-9444-799d75a0fc3f,Kavita,Kamath,Female,38,Widowed,7165525688,"856, Ambedkar Marg",Vijayawada,Andhra Pradesh,527977,A+,Engineer,Aadhaar,732765853775,True,2026-07-04T06:08:37.946738,2026-07-04T06:08:37.946738
0238173d-5653-497d-b530-c366d658033d,Sudesh,Sekhon,Female,9,Single,7427823738,"791, New Colony",Gwalior,Madhya Pradesh,460971,B+,Teacher,Aadhaar,944046543570,True,2026-07-04T06:08:37.946738,2026-07-04T06:08:37.946738
4020aa34-dd9f-45d2-b50b-1decf5e6e3ef,Devika,Iyer,Female,46,Single,7422135540,"567, MG Road",Vijayawada,Andhra Pradesh,517359,A+,Labourer,Aadhaar,509061321682,True,2026-07-04T06:08:37.946738,2026-07-04T06:08:37.946738
ccf7dfda-1cc7-431f-b61c-5eb5f16dbc2b,Bhavani,Iyengar,Female,46,Widowed,7728966342,"158, Temple Road",Thiruvananthapuram,Kerala,671341,B+,Government Employee,Aadhaar,797515146793,True,2026-07-04T06:08:37.946738,2026-07-04T06:08:37.946738
eb0bb693-e780-4a85-acb8-ead9f1a9f255,Ashish,Reddiar,Male,10,Single,6214982215,"614, Shivaji Nagar",Ahmedabad,Gujarat,394781,A+,Tailor,Aadhaar,851299244857,True,2026-07-04T06:08:37.946738,2026-07-04T06:08:37.946738
5fbe39cd-7bdc-4228-a4e9-5df62406a97a,Subrata,Sundaram,Male,25,Single,7121056273,"690, Green Park",Ranchi,Jharkhand,827877,O+,Business,Aadhaar,521588470204,True,2026-07-04T06:08:37.946738,2026-07-04T06:08:37.946738
74901af3-3e85-4173-9c8c-25c9e6aa768e,Arjun,Subramaniam,Male,24,Widowed,9102714084,"457, Hill Colony",Kollam,Kerala,689973,,Electrician,Aadhaar,830497426833,True,2026-07-04T06:08:37.946738,2026-07-04T06:08:37.946738
e62a8c26-cc53-4c14-9563-27b505599282,Prakash,Rane,Male,12,Single,8203054880,"813, Ring Road",Bikaner,Rajasthan,340585,A+,Carpenter,Aadhaar,404588999769,True,2026-07-04T06:08:37.946738,2026-07-04T06:08:37.946738
d8903478-0773-4366-8ee4-8b9ad7fdbdcc,Bhavesh,Oswal,Male,48,Widowed,9577752067,"445, Church Street",Ahmedabad,Gujarat,384854,A+,Teacher,Aadhaar,458035537928,True,2026-07-04T06:08:37.946738,2026-07-04T06:08:37.946738
fa687e40-aed4-48ef-95ce-10d4d53489a2,Divya,Ahluwalia,Female,18,Single,9805708989,"505, Ambedkar Marg",Varanasi,Uttar Pradesh,245078,A+,Student,Aadhaar,103117819803,True,2026-07-04T06:08:37.946738,2026-07-04T06:08:37.946738
b5a00f2a-c077-4279-924b-6d7b766f3f41,Lata,Mishra,Female,55,Widowed,7486484788,"608, Market Yard",Firozabad,Uttar Pradesh,262161,O+,Teacher,Aadhaar,469151350892,True,2026-07-04T06:08:37.946738,2026-07-04T06:08:37.946738
04825659-efe2-4348-9b45-7de2a12b1e1d,Bhavani,Pillai,Female,59,Widowed,9243335812,"178, Church Street",Hyderabad,Telangana,505985,B+,Retired,Aadhaar,474621009547,True,2026-07-04T06:08:37.946738,2026-07-04T06:08:37.946738
19cc930d-6d8b-4420-be77-e2cc72f1e0b2,Jyoti,Trivedi,Female,52,Widowed,9329777179,"635, Old Bazaar",Gwalior,Madhya Pradesh,459939,O+,Clerk,Aadhaar,707091557572,True,2026-07-04T06:08:37.946738,2026-07-04T06:08:37.946738
632f96a2-c6e3-44a0-8f33-02c6791888c0,Tanmoy,Pradhan,Male,54,Widowed,9488829155,"951, Lake View",Kolkata,West Bengal,706405,B+,Business,Aadhaar,683728784210,True,2026-07-04T06:08:37.946738,2026-07-04T06:08:37.946738
40721438-56ef-489b-a746-75126faa2f26,Lata,Trivedi,Female,8,Single,8576783883,"2, Ring Road",Indore,Madhya Pradesh,451196,B+,Software Engineer,Aadhaar,797694194292,True,2026-07-04T06:08:37.946738,2026-07-04T06:08:37.946738
887538b7-ff6d-4493-87da-94ca309e2cd4,Ganesh,Chahal,Male,90,Widowed,8714078997,"349, Nehru Nagar",Jalgaon,Maharashtra,433961,A+,Shopkeeper,Aadhaar,545674081352,True,2026-07-04T06:08:37.946738,2026-07-04T06:08:37.946738
ae2150a1-a72d-4670-9fe7-999c8609e8b2,Yogesh,Kothari,Male,14,Single,8761183026,"695, MG Road",Mumbai,Maharashtra,443192,A+,Tailor,Aadhaar,524944567689,True,2026-07-04T06:08:37.946738,2026-07-04T06:08:37.946738
ac3d6358-f347-4b9a-af56-86ace9bcf907,Rutuja,Vaidya,Female,44,Single,8436957418,"697, Ambedkar Marg",Jaipur,Rajasthan,327075,AB+,Fisherman,Aadhaar,991542013544,True,2026-07-04T06:08:37.946738,2026-07-04T06:08:37.946738
9c748c10-6575-4439-8afb-4e8464195359,Sunil,Anand,Male,54,Single,9622705078,"246, Church Street",Raipur,Chhattisgarh,497203,A+,Plumber,Aadhaar,637066227547,True,2026-07-04T06:08:37.946738,2026-07-04T06:08:37.946738
e4f1ad02-fda8-4f4d-bae1-9a9edcb9a106,Balaji,Parekh,Male,13,Single,6908829922,"199, New Colony",Tirupati,Andhra Pradesh,515240,O+,Homemaker,Aadhaar,442984364493,True,2026-07-04T06:08:37.946738,2026-07-04T06:08:37.946738
296f8329-f864-4e81-88b8-d469912e0cf2,Prabhakaran,Vora,Male,24,Divorced,9574195992,"788, Gandhi Chowk",Warangal,Telangana,504392,,Weaver,Aadhaar,111457085439,True,2026-07-04T06:08:37.946738,2026-07-04T06:08:37.946738
22ced47d-32a0-42b8-828f-94910f7ac0cc,Satpal,Bedi,Male,48,Single,9985152033,"26, Lake View",Jalandhar,Punjab,145706,B-,Carpenter,Aadhaar,902716188148,True,2026-07-04T06:08:37.946738,2026-07-04T06:08:37.946738
5048df7c-9c94-49a0-a7fb-16455ee3e4f0,Sagarika,Marbaniang,Female,77,Divorced,6194983900,"830, Shivaji Nagar",Jamshedpur,Jharkhand,835028,O+,Student,Aadhaar,824245830970,True,2026-07-04T06:08:37.946738,2026-07-04T06:08:37.946738
bca3c955-22f2-43e7-9f50-f26462f6cac7,Murugan,Ramamurthy,Male,11,Single,7457713542,"830, New Colony",Chennai,Tamil Nadu,620063,B+,Driver,Aadhaar,792624061021,True,2026-07-04T06:08:37.946738,2026-07-04T06:08:37.946738
af02be44-f394-403d-abf7-d8ae45d60b19,Kamala,Pillai,Female,28,Married,6956086411,"792, Hill Colony",Erode,Tamil Nadu,622454,O+,Tailor,Aadhaar,121330401547,True,2026-07-04T06:08:37.946738,2026-07-04T06:08:37.946738
165eba31-590c-4fcb-9166-d30041203bdc,Manjusha,Rathi,Female,23,Widowed,6676661459,"798, Sector 12",Mumbai,Maharashtra,432549,AB+,Carpenter,Aadhaar,383787820075,True,2026-07-04T06:08:37.946738,2026-07-04T06:08:37.946738
b0027aee-7491-4237-b174-84b9408b2b52,Rohit,Bhagat,Male,15,Single,7517865294,"12, Model Town",Thane,Maharashtra,400107,B+,Retired,Aadhaar,149318699739,True,2026-07-04T06:08:37.946738,2026-07-04T06:08:37.946738
0f9932f7-80ab-485b-99dd-d294f8491dc2,Rajinder,Brar,Male,52,Divorced,7895065665,"619, Church Street",Chandigarh,Chandigarh,160001,B+,Weaver,Aadhaar,558000317087,True,2026-07-04T06:08:37.946738,2026-07-04T06:08:37.946738
e025a572-80ee-4ba4-9880-52ece49c4053,Zohmingliana,Ralte,Male,25,Married,8210571823,"514, Temple Road",Gangtok,Sikkim,737137,O+,Carpenter,Aadhaar,430046549842,True,2026-07-04T06:08:37.946738,2026-07-04T06:08:37.946738
5ef279b2-e5bc-4ba8-9041-176ae9c764ba,Chandrima,Das,Female,21,Divorced,6446712607,"736, Civil Lines",Purnia,Bihar,839927,A+,Government Employee,Aadhaar,136804123956,True,2026-07-04T06:08:37.946738,2026-07-04T06:08:37.946738
5dc58767-37df-460c-b74c-d5c7b6d7d18d,Pooja,Bansal,Female,17,Single,9833018896,"55, Ambedkar Marg",Jabalpur,Madhya Pradesh,486197,O+,Accountant,Aadhaar,534598412920,True,2026-07-04T06:08:37.946738,2026-07-04T06:08:37.946738
86f45132-4c9f-4a51-b046-e9a359190836,Anand,Pandya,Male,25,Single,6742485355,"255, Temple Road",Jaipur,Rajasthan,310080,A+,Student,Aadhaar,250338661294,True,2026-07-04T06:08:37.946738,2026-07-04T06:08:37.946738
ed4e51ed-5330-4f7b-92e6-e085a08ed0e4,Jayesh,Rane,Male,35,Married,7747986180,"238, Model Town",Mumbai,Maharashtra,424121,B+,Shopkeeper,Aadhaar,786504119826,True,2026-07-04T06:08:37.946738,2026-07-04T06:08:37.946738
d82fddd0-21e7-4d6d-aed9-27935d120809,Balaji,Chopra,Male,28,Widowed,9716231329,"223, Church Street",Delhi,Delhi,110016,O+,Engineer,Aadhaar,988660285111,True,2026-07-04T06:08:37.946738,2026-07-04T06:08:37.946738
ab1eef2d-cf0e-4024-a47e-26ba0730b8fe,Bhavesh,Chokshi,Male,38,Divorced,6336810586,"348, New Colony",Pune,Maharashtra,429740,O+,Engineer,Aadhaar,128773097758,True,2026-07-04T06:08:37.946738,2026-07-04T06:08:37.946738
d792e978-c97a-42b3-8f1b-c2f22e4c44a8,Mrinal,Bisht,Male,32,Divorced,6454291430,"96, Temple Road",Delhi,Delhi,110033,B+,Priest,Aadhaar,454723911582,True,2026-07-04T06:08:37.946738,2026-07-04T06:08:37.946738
5e4c3f2a-48d6-499f-a8dd-e3c091358456,Vijay,Doshi,Male,29,Divorced,9816434001,"447, Nehru Nagar",Kolhapur,Maharashtra,400616,B+,Driver,Aadhaar,978694999472,True,2026-07-04T06:08:37.946738,2026-07-04T06:08:37.946738
5cdf5b15-4c04-4294-a6f3-b8ff7e7660cb,Amandeep Kaur,Verma,Female,48,Single,7290102849,"271, River Side",Bilaspur,Chhattisgarh,496482,B+,Fisherman,Aadhaar,932847454437,True,2026-07-04T06:08:37.946738,2026-07-04T06:08:37.946738
51aa3c08-4215-4e91-95ce-24aa48d7bdd8,Priya,Bhandari,Female,20,Single,6729909212,"311, Market Yard",Ludhiana,Punjab,147118,A+,Clerk,Aadhaar,477340561259,True,2026-07-04T06:08:37.946738,2026-07-04T06:08:37.946738
dcb88903-ca88-40ff-9ddd-3cfb7d5726a5,Manjusha,Raman,Female,14,Single,9544052965,"852, Ambedkar Marg",Pune,Maharashtra,406894,O+,Software Engineer,Aadhaar,497067901127,True,2026-07-04T06:08:37.946738,2026-07-04T06:08:37.946738
980c92e4-0d59-499d-aff5-4ca8efd56732,Rajwinder Kaur,Brar,Female,30,Single,7515968822,"700, River Side",Bhilai,Chhattisgarh,491722,O+,,Aadhaar,736527972456,True,2026-07-04T06:08:37.946738,2026-07-04T06:08:37.946738
1a971ead-7da3-43cb-8211-f44822c2bdd2,Ketan,Patel,Male,21,Divorced,9876921897,"605, New Colony",Ajmer,Rajasthan,312928,AB+,Weaver,Aadhaar,336513881813,True,2026-07-04T06:08:37.946738,2026-07-04T06:08:37.946738
47c93e62-84d4-43ff-9929-5741d30d9ef8,Gurpreet,Lahiri,Male,62,Widowed,9143894791,"776, Model Town",Rohtak,Haryana,130331,B+,Business,Aadhaar,613235717307,True,2026-07-04T06:08:37.946738,2026-07-04T06:08:37.946738
30115216-bf90-4bd1-8a20-e61586e8995c,Subrata,Lahiri,Male,62,Single,8232287900,"134, Hill Colony",Cuttack,Odisha,764745,O+,Teacher,Aadhaar,414253845731,True,2026-07-04T06:08:37.946738,2026-07-04T06:08:37.946738
095942fc-accd-4ae8-a48e-92b78f843de7,Chetan,Chokshi,Male,18,Single,7370831157,"287, Temple Road",Pune,Maharashtra,401479,A+,Farmer,Aadhaar,720098126278,True,2026-07-04T06:08:37.946738,2026-07-04T06:08:37.946738
4d3cc7d0-d427-40b5-9c28-6e9ccb993047,Usha,Bhatt,Female,45,Widowed,9677335662,"902, Temple Road",Kanpur,Uttar Pradesh,243352,A+,Engineer,Aadhaar,367763871465,True,2026-07-04T06:08:37.946738,2026-07-04T06:08:37.946738
d495de64-0899-4bb9-bdc2-d26140ac866c,Bhavani,Chahal,Female,11,Single,8408452105,"545, Green Park",Agra,Uttar Pradesh,245649,O+,Software Engineer,Aadhaar,979457555400,True,2026-07-04T06:08:37.946738,2026-07-04T06:08:37.946738
aa120a7a-c364-47ef-8499-dc99bae9d2be,Bhaskar,Bafna,Male,29,Divorced,8241747015,"374, Old Bazaar",Akola,Maharashtra,401958,B+,Nurse,Aadhaar,698918715966,True,2026-07-04T06:08:37.946738,2026-07-04T06:08:37.946738
b117dc5a-fd0b-4868-a75f-2b0f5dfc63ba,Sonal,Rawat,Female,18,Single,6615971405,"36, Gandhi Chowk",Delhi,Delhi,110080,B-,Accountant,Aadhaar,952945571934,True,2026-07-04T06:08:37.946738,2026-07-04T06:08:37.946738
e447fc53-6966-45fd-b623-26966fd45b35,Kishor,Imchen,Male,33,Single,6370151616,"821, Station Road",Vadodara,Gujarat,380298,B+,Student,Aadhaar,620176804842,True,2026-07-04T06:08:37.946738,2026-07-04T06:08:37.946738
fae1f72a-4730-4c64-beb9-c32b563e63e3,Rajeshwari,Mudaliar,Female,5,Single,6605740329,"5, MG Road",Belgaum,Karnataka,570623,O+,Plumber,Aadhaar,853073017452,True,2026-07-04T06:08:37.946738,2026-07-04T06:08:37.946738
7cd2058c-eae5-4b09-bf4d-aed646a3636b,Sachin,Lodha,Male,7,Single,8419499873,"376, Sector 12",Pune,Maharashtra,404380,B+,Homemaker,Aadhaar,868218845913,True,2026-07-04T06:08:37.946738,2026-07-04T06:08:37.946738
202ae919-5b57-41ee-a632-7a2a2084a433,Harpreet,Gupta,Male,71,Married,8283735788,"416, River Side",Gurugram,Haryana,128329,O+,Teacher,Aadhaar,536889702273,True,2026-07-04T06:08:37.946738,2026-07-04T06:08:37.946738
26b1bab2-d681-444a-b26a-bc64cc54cbdc,Ashwin,Gaikwad,Male,70,Married,8645126493,"976, Green Park",Hyderabad,Telangana,502323,AB+,Housewife,Aadhaar,807412113870,True,2026-07-04T06:08:37.946738,2026-07-04T06:08:37.946738
b0351e2f-4bb9-44ab-a268-cacf38ac1e15,Vijayan,Chetty,Male,59,Divorced,9181043141,"275, Hill Colony",Visakhapatnam,Andhra Pradesh,526215,B+,Priest,Aadhaar,499842788392,True,2026-07-04T06:08:37.946738,2026-07-04T06:08:37.946738
e8cbb415-73c0-416b-a3a1-0e17b00cfb96,Jaspreet,Gupta,Male,42,Single,8179042383,"586, Shivaji Nagar",Varanasi,Uttar Pradesh,207059,O+,Accountant,Aadhaar,238954353774,True,2026-07-04T06:08:37.946738,2026-07-04T06:08:37.946738
9394adbf-e350-492b-a0dd-bff496edc654,Sachin,Dave,Male,14,Single,7909548558,"489, River Side",Kalyan,Maharashtra,422313,B+,Doctor,Aadhaar,990444276034,True,2026-07-04T06:08:37.946738,2026-07-04T06:08:37.946738
fb4db300-936f-4479-8375-fbbf480c97bb,Manoj,Srivastava,Male,64,Married,9458894827,"851, Market Yard",Faridabad,Haryana,125960,A+,Shopkeeper,Aadhaar,715464633334,True,2026-07-04T06:08:37.946738,2026-07-04T06:08:37.946738
537ade6a-81d0-4e47-bb42-bc34c4fb67f4,Dipa,Panda,Female,37,Single,6290929805,"308, River Side",Kolkata,West Bengal,730791,A+,Priest,Aadhaar,610196604119,True,2026-07-04T06:08:37.946738,2026-07-04T06:08:37.946738
2a2da97e-fb9b-4d2f-99c8-302a3405da7b,Payal,Pandya,Female,49,Widowed,9657156072,"508, Station Road",Nagpur,Maharashtra,439558,B-,Electrician,Aadhaar,546264297296,True,2026-07-04T06:08:37.946738,2026-07-04T06:08:37.946738
b659d427-a2d6-4c5c-a02c-d03cf83d017d,Vidya,Kadam,Female,25,Widowed,6787954347,"304, Shivaji Nagar",Aurangabad,Maharashtra,419203,B+,Teacher,Aadhaar,154636257440,True,2026-07-04T06:08:37.946738,2026-07-04T06:08:37.946738
ef0b7f0d-0fd9-4ebb-86c4-ad996c2e66ae,Amandeep Kaur,Malhotra,Female,10,Single,7535421160,"392, Shivaji Nagar",Delhi,Delhi,110017,B+,Teacher,Aadhaar,760488188787,True,2026-07-04T06:08:37.946738,2026-07-04T06:08:37.946738
28e55945-1008-400a-a596-62d75a7aa719,Dinesh,Agarwal,Male,49,Divorced,7216751365,"967, Ambedkar Marg",Gurugram,Haryana,133324,B+,Retired,Aadhaar,383750594603,True,2026-07-04T06:08:37.946738,2026-07-04T06:08:37.946738
62f70f6f-8f14-4642-ae73-ee8ead132e29,Priya,Sidhu,Female,24,Widowed,7755386700,"817, Civil Lines",Dehradun,Uttarakhand,251125,A-,Fisherman,Aadhaar,438448264875,True,2026-07-04T06:08:37.946738,2026-07-04T06:08:37.946738
be99577d-b207-452c-bd49-e045c5e305bb,Jignesh,Gandhi,Male,38,Divorced,9956041059,"957, Gandhi Chowk",Pune,Maharashtra,423129,O+,Student,Aadhaar,912451156766,True,2026-07-04T06:08:37.946738,2026-07-04T06:08:37.946738
54d73662-3a52-40c2-96fe-95eb2b169c52,Kavya,Gowda,Female,51,Married,6855024113,"995, Nehru Nagar",Hyderabad,Telangana,507084,O+,Engineer,Aadhaar,442072331887,True,2026-07-04T06:08:37.946738,2026-07-04T06:08:37.946738
d2b3bd70-a5c9-49b1-9e2c-ba448a137da5,Foram,Mehta,Female,28,Widowed,7788588099,"255, Ambedkar Marg",Mumbai,Maharashtra,426251,B+,Fisherman,Aadhaar,907716553986,True,2026-07-04T06:08:37.946738,2026-07-04T06:08:37.946738
0bc6c2c0-85a7-40be-8758-1413879becd6,Sujata,Pai,Female,29,Divorced,6397616114,"328, Model Town",Vijayawada,Andhra Pradesh,534332,A+,Weaver,Aadhaar,617601043686,True,2026-07-04T06:08:37.946738,2026-07-04T06:08:37.946738
6af6c4ff-09e8-4691-a6c9-fdc7deed12ac,Manikandan,Naicker,Male,23,Single,8465487674,"255, Model Town",Chennai,Tamil Nadu,603308,O+,Shopkeeper,Aadhaar,268271292659,True,2026-07-04T06:08:37.946738,2026-07-04T06:08:37.946738
f04acf65-6bcf-494f-a113-8fbbb7a11017,Kamlesh,Brar,Female,65,Single,6359552951,"236, Church Street",Gorakhpur,Uttar Pradesh,206875,O+,Teacher,Aadhaar,245262233761,True,2026-07-04T06:08:37.946738,2026-07-04T06:08:37.946738
f03c2fde-ad5f-42fc-9eb7-a966ae7aa88c,Usha,Dhillon,Female,6,Single,6963258164,"602, Sector 12",Noida,Uttar Pradesh,284107,AB-,Business,Aadhaar,841685348180,True,2026-07-04T06:08:37.946738,2026-07-04T06:08:37.946738
b5082431-2718-4815-bc86-a924ffa623d9,Dimpi,Khongsit,Female,26,Married,7444393994,"239, Lake View",Dibrugarh,Assam,787561,A+,Potter,Aadhaar,201302741678,True,2026-07-04T06:08:37.946738,2026-07-04T06:08:37.946738
07b93cf7-ef31-4f33-b284-30adab380618,Manikandan,Adhikari,Male,50,Widowed,6761930045,"731, Green Park",Kolkata,West Bengal,707214,O+,Potter,Aadhaar,533498867339,True,2026-07-04T06:08:37.946738,2026-07-04T06:08:37.946738
8d6a0ebd-48a3-4373-9f81-457ec1f8f7af,Ipsita,Choudhury,Female,23,Married,9229197565,"763, College Road",Purnia,Bihar,808791,A+,Carpenter,Aadhaar,502254323810,True,2026-07-04T06:08:37.946738,2026-07-04T06:08:37.946738
7738181f-3ee8-44b7-9b61-cb1a4b889ffc,Vaishali,Salunkhe,Female,5,Single,7158771213,"322, New Colony",Kolhapur,Maharashtra,436856,B+,Clerk,Aadhaar,754639030833,True,2026-07-04T06:08:37.946738,2026-07-04T06:08:37.946738
857087c7-3ec0-47fa-9cd9-3a3a45212f26,Swathi,Mudaliar,Female,8,Single,6900112577,"784, River Side",Hyderabad,Telangana,500622,O+,Shopkeeper,Aadhaar,904952453297,True,2026-07-04T06:08:37.946738,2026-07-04T06:08:37.946738
51382508-3802-44bf-844e-d120cb64ec1c,Satyajit,Nayak,Male,54,Married,7141086624,"288, Temple Road",Howrah,West Bengal,743021,O+,Accountant,Aadhaar,621873986447,True,2026-07-04T06:08:37.946738,2026-07-04T06:08:37.946738
6841ba22-8316-4424-88da-e4e8fde12c9e,Chandana,Aggarwal,Female,60,Divorced,8529775619,"777, Hill Colony",Ghaziabad,Uttar Pradesh,271295,A+,Student,Aadhaar,624037685111,True,2026-07-04T06:08:37.946738,2026-07-04T06:08:37.946738
76fd3f1f-9457-4f1f-8a3b-3e2a47894f94,Surinder,Malhotra,Male,5,Single,9265718942,"648, Model Town",Agra,Uttar Pradesh,261045,O+,Farmer,Aadhaar,899822880720,True,2026-07-04T06:08:37.946738,2026-07-04T06:08:37.946738
7d823373-7fe3-4bbc-93dd-b02dd0395500,Manpreet,Aggarwal,Male,21,Widowed,6788851806,"262, Church Street",Dehradun,Uttarakhand,253308,B+,Tailor,Aadhaar,526319365634,True,2026-07-04T06:08:37.946738,2026-07-04T06:08:37.946738
17e87b61-da10-4175-884a-f4147b123ee3,Devika,Nambiar,Female,11,Single,8173420434,"890, Hill Colony",Bangalore,Karnataka,571064,A+,Engineer,Aadhaar,573968210075,True,2026-07-04T06:08:37.946738,2026-07-04T06:08:37.946738
c0ab2c13-046a-4c1c-b727-5b814a990ef3,Natarajan,Pawar,Male,40,Married,9324958653,"603, Shivaji Nagar",Coimbatore,Tamil Nadu,601066,A+,Plumber,Aadhaar,569637928381,True,2026-07-04T06:08:37.946738,2026-07-04T06:08:37.946738
b8a0a26f-4bd7-4bd5-8055-73ef292eb54d,Amandeep Kaur,Gupta,Female,22,Single,6506441492,"508, Hill Colony",Gorakhpur,Uttar Pradesh,264050,O+,Nurse,Aadhaar,702511632939,True,2026-07-04T06:08:37.946738,2026-07-04T06:08:37.946738
a71d3a4d-70f3-4171-96c6-7688104d31dd,Kavita,Bedi,Female,6,Single,8461867373,"329, MG Road",Bhilai,Chhattisgarh,495392,O+,Software Engineer,Aadhaar,893471052211,True,2026-07-04T06:08:37.946738,2026-07-04T06:08:37.946738
1fcd3592-3b87-43ce-b3a3-60fd6cfff624,Tejinder,Bhalla,Male,43,Divorced,7658805730,"523, Green Park",Raipur,Chhattisgarh,491107,O+,,Aadhaar,975307179457,True,2026-07-04T06:08:37.946738,2026-07-04T06:08:37.946738
7b299e90-fc62-47be-ace4-c44f4dea455b,Manjusha,Kadam,Female,15,Single,8268994595,"630, Ring Road",Amravati,Maharashtra,440532,AB+,Electrician,Aadhaar,408008724241,True,2026-07-04T06:08:37.946738,2026-07-04T06:08:37.946738
935072b7-4abf-4677-9817-413be069f49f,Chandrasekhar,Warrier,Male,41,Single,9844303913,"200, Church Street",Vijayawada,Andhra Pradesh,518270,B+,Student,Aadhaar,594587830399,True,2026-07-04T06:08:37.946738,2026-07-04T06:08:37.946738
7dece3c9-7e14-4eb1-b0b7-464759f48fc1,Meera,Malhotra,Female,7,Single,6499732959,"392, Market Yard",Bhopal,Madhya Pradesh,479597,A+,Doctor,Aadhaar,821893002876,True,2026-07-04T06:08:37.946738,2026-07-04T06:08:37.946738
5ea17478-baf8-4328-b70e-f004e2f609ac,Aparna,Amin,Female,49,Married,8174571085,"423, Temple Road",Ahmedabad,Gujarat,388270,O+,Doctor,Aadhaar,736589357652,True,2026-07-04T06:08:37.946738,2026-07-04T06:08:37.946738
85e1bb74-0217-47d1-bc1e-6b0ad2e1aea5,Rajesh Kanna,Achari,Male,39,Divorced,7546981755,"85, Old Bazaar",Warangal,Telangana,502303,B+,Accountant,Aadhaar,431923010594,True,2026-07-04T06:08:37.946738,2026-07-04T06:08:37.946738
d78704c7-0561-4b37-a820-5f3b707cf645,Shilpa,Bhagat,Female,9,Single,9305506499,"742, Gandhi Chowk",Pune,Maharashtra,416012,A+,Engineer,Aadhaar,344991601979,True,2026-07-04T06:08:37.946738,2026-07-04T06:08:37.946738
2475c551-9547-4e7e-991d-3c538adb7682,Sourav,Bagchi,Male,73,Married,8946093820,"125, New Colony",Kolkata,West Bengal,716289,B+,Retired,Aadhaar,599348764671,True,2026-07-04T06:08:37.946738,2026-07-04T06:08:37.946738
e8f8c61f-6a79-411a-bed0-4be4427601f3,Barun,Sahu,Male,36,Single,8506266415,"980, New Colony",Bhubaneswar,Odisha,755687,AB+,Nurse,Aadhaar,953277204270,True,2026-07-04T06:08:37.946738,2026-07-04T06:08:37.946738
22d7bed6-1715-4216-9341-ce1760fd8955,Chandrasekhar,Pillai,Male,82,Married,6703832627,"649, Ambedkar Marg",Mysore,Karnataka,570226,O+,Engineer,Aadhaar,272792787262,True,2026-07-04T06:08:37.946738,2026-07-04T06:08:37.946738
693323c1-01cc-40d3-897f-8ad0be0baec7,Divya,Verma,Female,34,Widowed,9101464116,"587, Sector 12",Bhopal,Madhya Pradesh,453131,A+,Tailor,Aadhaar,604672953350,True,2026-07-04T06:08:37.946738,2026-07-04T06:08:37.946738
7bc036ca-d8f3-4d2a-81bc-3e3083264ee7,Santosh,Sethi,Male,19,Single,8437909217,"486, Shivaji Nagar",Faridabad,Haryana,133527,O+,Electrician,Aadhaar,159230001982,True,2026-07-04T06:08:37.946738,2026-07-04T06:08:37.946738
432adbcd-8769-4eb6-84c8-4516968ff1fd,Rina,Saxena,Female,8,Single,9103983540,"619, Civil Lines",Varanasi,Uttar Pradesh,233366,B+,Retired,Aadhaar,778600017636,True,2026-07-04T06:08:37.946738,2026-07-04T06:08:37.946738
30d8b635-4995-4ac2-956a-5ad568aec668,Priya,Gupta,Female,61,Single,7558087572,"778, Market Yard",Ghaziabad,Uttar Pradesh,246953,O+,Priest,Aadhaar,638364198853,True,2026-07-04T06:08:37.946738,2026-07-04T06:08:37.946738
75f257ef-e5f5-4b05-ae9f-51d129192105,Rutuja,Pandya,Female,45,Widowed,9944825905,"97, Station Road",Kolhapur,Maharashtra,421111,,,Aadhaar,582242788394,True,2026-07-04T06:08:37.946738,2026-07-04T06:08:37.946738
0b3d6c6b-3a73-4d5b-bd23-f8c07540ee8c,Diana,Tanti,Female,34,Widowed,8654871652,"72, Market Yard",Shillong,Meghalaya,793025,AB+,,Aadhaar,602047461390,True,2026-07-04T06:08:37.946738,2026-07-04T06:08:37.946738
c1f3a483-8f76-47b5-aa72-6806ae9caa8b,Hansaben,Kapoor,Female,12,Single,7968597782,"207, Nehru Nagar",Delhi,Delhi,110057,B+,Engineer,Aadhaar,875558283817,True,2026-07-04T06:08:37.946738,2026-07-04T06:08:37.946738
ef907b9f-79a8-4212-8800-772ae0df3424,Kakoli,Venkataraman,Female,83,Widowed,6969895920,"366, Old Bazaar",Kolkata,West Bengal,738792,B+,Labourer,Aadhaar,669778863162,True,2026-07-04T06:08:37.946738,2026-07-04T06:08:37.946738
25017cb0-c06b-4806-bf77-6b5b16381018,Shweta,Tiwari,Female,50,Divorced,6978904410,"217, Civil Lines",Raipur,Chhattisgarh,492951,,,Aadhaar,862860017142,True,2026-07-04T06:08:37.946738,2026-07-04T06:08:37.946738
ce6c30b9-7704-4127-8767-c2b026dfffad,Kumaresan,Naicker,Male,30,Divorced,7211417521,"466, Model Town",Kochi,Kerala,688610,A+,Weaver,Aadhaar,655223506083,True,2026-07-04T06:08:37.946738,2026-07-04T06:08:37.946738
bb56bfbf-ab39-41b2-bc19-f3ca79976fc4,Vimla,Sidhu,Female,8,Single,9453872542,"994, Civil Lines",Agra,Uttar Pradesh,282492,O+,Retired,Aadhaar,201635167359,True,2026-07-04T06:08:37.946738,2026-07-04T06:08:37.946738
84a4592b-081c-43dd-b58a-77580fda2bde,Puja,Sandhu,Female,82,Divorced,9135839518,"441, MG Road",Kanpur,Uttar Pradesh,248880,B+,Electrician,Aadhaar,451434653299,True,2026-07-04T06:08:37.946738,2026-07-04T06:08:37.946738
16cb1f93-ad9e-44c5-8abe-5522cdfde451,Dipti,Chokshi,Female,6,Single,7498352238,"769, Sector 12",Bikaner,Rajasthan,326766,O+,Software Engineer,Aadhaar,592185943934,True,2026-07-04T06:08:37.946738,2026-07-04T06:08:37.946738
0b5bc46f-d1c5-4ee6-8c79-fb0f2990ae46,Amit,Rathore,Male,20,Single,7369012503,"678, Shivaji Nagar",Noida,Uttar Pradesh,263317,A+,Fisherman,Aadhaar,535488723196,True,2026-07-04T06:08:37.946738,2026-07-04T06:08:37.946738
3c8f6a9a-5588-4f0d-90a1-639b6144465c,Rajesh Kanna,Bose,Male,5,Single,6151443454,"683, Gandhi Chowk",Madurai,Tamil Nadu,607281,B+,Engineer,Aadhaar,179131046081,True,2026-07-04T06:08:37.946738,2026-07-04T06:08:37.946738
fe7eaa01-e1ba-404f-a543-e8e77f315041,Nisha,Tanti,Female,38,Married,7194188663,"876, Civil Lines",Faridabad,Haryana,121020,O+,Plumber,Aadhaar,313733814141,True,2026-07-04T06:08:37.946738,2026-07-04T06:08:37.946738
ce8b6f6d-ea03-4564-99b3-eb04d8da9e06,Vimla,Roy,Female,34,Single,7179002029,"63, Sector 12",Raipur,Chhattisgarh,495451,O+,Carpenter,Aadhaar,615305977492,True,2026-07-04T06:08:37.946738,2026-07-04T06:08:37.946738
7469d3d1-9940-49a4-8dad-a428316bb18b,Ashoke,Pandey,Male,30,Married,7250011536,"22, College Road",Indore,Madhya Pradesh,463981,A+,Retired,Aadhaar,628803091881,True,2026-07-04T06:08:37.946738,2026-07-04T06:08:37.946738
555c6c8f-a48c-40e5-9935-c3e06f319dfb,Anjali,Bisht,Female,38,Married,9752352596,"245, College Road",Gurugram,Haryana,129303,O+,Homemaker,Aadhaar,578727540726,True,2026-07-04T06:08:37.946738,2026-07-04T06:08:37.946738
57bc55bf-ca4a-4da7-93dc-63f6e95af28c,Rekha,Rathore,Female,18,Single,7468604197,"144, Hill Colony",Delhi,Delhi,110020,AB+,Retired,Aadhaar,215584052445,True,2026-07-04T06:08:37.946738,2026-07-04T06:08:37.946738
d018f40c-3027-4c0a-a4b7-4117c3ca800d,Vijayan,Reddiar,Male,42,Widowed,7300252933,"321, Station Road",Vellore,Tamil Nadu,640299,B+,Shopkeeper,Aadhaar,934419465007,True,2026-07-04T06:08:37.946738,2026-07-04T06:08:37.946738
cfddfe27-2d42-4156-8f82-b0ef6db94ccb,Mrinal Kanti,Dutta,Male,51,Married,6431904599,"802, Civil Lines",Ranchi,Jharkhand,820235,O+,Homemaker,Aadhaar,452292638639,True,2026-07-04T06:08:37.946738,2026-07-04T06:08:37.946738
e9b3e967-e636-4290-916e-064a9046e11e,Pushpa,Menon,Female,60,Divorced,7937517273,"494, Lake View",Hyderabad,Telangana,507847,AB+,Clerk,Aadhaar,266164104663,True,2026-07-04T06:08:37.946738,2026-07-04T06:08:37.946738
e754a771-c9a1-4b08-82d2-d4035ed9a41d,Abhijit,Dubey,Male,21,Divorced,9878297367,"24, Model Town",Agra,Uttar Pradesh,220105,O+,Engineer,Aadhaar,289007395201,True,2026-07-04T06:08:37.946738,2026-07-04T06:08:37.946738
41f4e085-ab10-42b5-a5ec-811c54faab66,Oindrila,Reddiar,Female,44,Single,8624914563,"874, River Side",Chennai,Tamil Nadu,620700,A+,Priest,Aadhaar,891368580140,True,2026-07-04T06:08:37.946738,2026-07-04T06:08:37.946738
ae09b466-0913-4ef6-97c2-f8ec948fc3fb,Vani,Banerjee,Female,6,Single,7862876386,"541, College Road",Bangalore,Karnataka,564864,B-,Priest,Aadhaar,213520661470,True,2026-07-04T06:08:37.946738,2026-07-04T06:08:37.946738
6d0b95b3-b036-4646-a51c-44ae101e1777,Kishor,Shah,Male,84,Married,6488150953,"408, Civil Lines",Pune,Maharashtra,402102,A+,Business,Aadhaar,787908283119,True,2026-07-04T06:08:37.946738,2026-07-04T06:08:37.946738
f39f72df-9f6b-4b2d-93c6-88ce0d4c1760,Deepali,Desai,Female,43,Divorced,7189361676,"176, Market Yard",Panaji,Goa,403236,A+,Potter,Aadhaar,484591852541,True,2026-07-04T06:08:37.946738,2026-07-04T06:08:37.946738
59508f01-b17f-4a5c-acfd-30cd0ca3cec3,Hitesh,Shukla,Male,25,Widowed,7684942314,"482, Sector 12",Nagpur,Maharashtra,444134,O+,Student,Aadhaar,575445093188,True,2026-07-04T06:08:37.946738,2026-07-04T06:08:37.946738
a511ea66-1388-4214-9279-cc464dbfd19c,Hemant,Chauhan,Male,17,Single,6119671355,"980, Church Street",Bhopal,Madhya Pradesh,455293,O+,Shopkeeper,Aadhaar,382473915254,True,2026-07-04T06:08:37.946738,2026-07-04T06:08:37.946738
8ad3c44e-1f9c-4aa2-a479-98fb36e26eaa,Sachin,Patel,Male,68,Divorced,7238514760,"247, Old Bazaar",Mumbai,Maharashtra,402510,O+,,Aadhaar,310042861372,True,2026-07-04T06:08:37.946738,2026-07-04T06:08:37.946738
4043485a-c468-457c-9fe8-70011e907683,Harpreet Kaur,Yadav,Female,69,Married,9924118397,"587, Shivaji Nagar",Lucknow,Uttar Pradesh,274434,O+,Nurse,Aadhaar,234093661585,True,2026-07-04T06:08:37.946738,2026-07-04T06:08:37.946738
bcdfe4df-b70e-4327-80af-db7cd6288ce8,Chhaya,Adhikari,Female,64,Married,7321557294,"879, MG Road",Kolkata,West Bengal,716662,B+,Engineer,Aadhaar,209047221547,True,2026-07-04T06:08:37.946738,2026-07-04T06:08:37.946738
45adcbb2-8e5e-411d-b294-4d715199968a,Hema,Balakrishnan,Female,35,Married,6453473479,"747, Ambedkar Marg",Kochi,Kerala,686050,B+,Nurse,Aadhaar,667665640229,True,2026-07-04T06:08:37.946738,2026-07-04T06:08:37.946738
87249c83-1cc4-4404-b073-5519f9553292,Jignesh,Kelkar,Male,16,Single,9760645270,"587, College Road",Jaipur,Rajasthan,307470,A+,Doctor,Aadhaar,878086706221,True,2026-07-04T06:08:37.946738,2026-07-04T06:08:37.946738
188e53d3-1896-479c-a874-24e953bec737,Janaki,Mudaliar,Female,47,Single,9795700566,"456, Ring Road",Salem,Tamil Nadu,615402,O+,Teacher,Aadhaar,885338349027,True,2026-07-04T06:08:37.946738,2026-07-04T06:08:37.946738
2d9246d7-109d-412f-8c43-338185118402,Sujata,Desai,Female,30,Married,6224351627,"937, Old Bazaar",Ahmedabad,Gujarat,370431,A+,Carpenter,Aadhaar,607586008043,True,2026-07-04T06:08:37.946738,2026-07-04T06:08:37.946738
f6b5855e-7830-43ea-a795-fda75ed8e79f,Geeta,Sodhi,Female,37,Widowed,6355507439,"21, Sector 12",Kanpur,Uttar Pradesh,248022,A+,,Aadhaar,751800939636,True,2026-07-04T06:08:37.946738,2026-07-04T06:08:37.946738
5ea7219e-de85-4fb2-bde4-0a0e0d200d11,Payal,Kulkarni,Female,36,Single,7495111419,"981, Old Bazaar",Mumbai,Maharashtra,445360,A+,Clerk,Aadhaar,148022229811,True,2026-07-04T06:08:37.946738,2026-07-04T06:08:37.946738
d866f7d3-7429-4f07-9613-7fd2901d70a2,Gurmeet Kaur,Bansal,Female,31,Married,6830809546,"193, Market Yard",Meerut,Uttar Pradesh,278649,A+,Weaver,Aadhaar,612524281165,True,2026-07-04T06:08:37.946738,2026-07-04T06:08:37.946738
2dcf2686-64fa-4ee2-8515-41be15de3d47,Neha,Sethi,Female,29,Married,8669734831,"585, Market Yard",Shimla,Himachal Pradesh,171320,A+,Clerk,Aadhaar,284530094292,True,2026-07-04T06:08:37.946738,2026-07-04T06:08:37.946738
15b2cdc7-5af2-4bd6-8bc7-5511b33c33f9,Mangesh,Mehta,Male,21,Married,7392374097,"470, College Road",Mumbai,Maharashtra,444615,A+,Plumber,Aadhaar,670750138731,True,2026-07-04T06:08:37.946738,2026-07-04T06:08:37.946738
2f128ec1-031c-4ace-9280-45db19930059,Dinesh,Rawat,Male,90,Divorced,7600945993,"108, Old Bazaar",Delhi,Delhi,110090,B+,Labourer,Aadhaar,635482602318,True,2026-07-04T06:08:37.946738,2026-07-04T06:08:37.946738
d5bf5560-7430-4dc9-ab00-7b83a87a4fa4,Chhaya,Ralte,Female,10,Single,6686368488,"792, Sector 12",Cuttack,Odisha,758696,B-,Weaver,Aadhaar,726620889659,True,2026-07-04T06:08:37.946738,2026-07-04T06:08:37.946738
647df772-00e2-4a74-877f-d80be548f77f,Devendra,Goyal,Male,32,Widowed,8435687060,"474, Sector 12",Jabalpur,Madhya Pradesh,470297,O+,Teacher,Aadhaar,288241282455,True,2026-07-04T06:08:37.946738,2026-07-04T06:08:37.946738
3ab94e0f-4fd0-4bd6-a218-fd5c5f031bb4,Yamini,Bafna,Female,40,Widowed,6840204610,"401, MG Road",Mumbai,Maharashtra,416982,O+,Plumber,Aadhaar,669560869759,True,2026-07-04T06:08:37.946738,2026-07-04T06:08:37.946738
e8d5ed35-b72a-45c8-b572-6bdbaf3ab41b,Parismita,Yimchunger,Female,44,Divorced,8643615681,"876, Old Bazaar",Aizawl,Mizoram,796462,B+,Carpenter,Aadhaar,831933894299,True,2026-07-04T06:08:37.946738,2026-07-04T06:08:37.946738
3a52418b-f914-4223-8f1a-645260eeb33e,Baldev,Kamath,Male,38,Married,9800245823,"687, Ambedkar Marg",Erode,Tamil Nadu,630538,B+,Carpenter,Aadhaar,444427623106,True,2026-07-04T06:08:37.946738,2026-07-04T06:08:37.946738
86df4d5c-7828-4e58-826b-15202b7ae7c5,Ravi,Agarwal,Male,13,Single,7311925772,"733, Lake View",Jabalpur,Madhya Pradesh,471073,O+,Housewife,Aadhaar,763949839995,True,2026-07-04T06:08:37.946738,2026-07-04T06:08:37.946738
dc475fe8-59ed-455b-809e-5f264c5e4c7c,Yamini,Kulkarni,Female,35,Divorced,8309988936,"163, Market Yard",Mumbai,Maharashtra,415591,O+,Driver,Aadhaar,784122763999,True,2026-07-04T06:08:37.946738,2026-07-04T06:08:37.946738
9f0cec42-41ac-4cf1-bc4f-1619715936f6,Rupali,Oswal,Female,35,Divorced,6413553217,"435, New Colony",Pune,Maharashtra,421610,AB+,Weaver,Aadhaar,479538290410,True,2026-07-04T06:08:37.946738,2026-07-04T06:08:37.946738
78c06794-8caa-4166-8f94-9aa34dadf1cd,Sarita,Bisht,Female,7,Single,6308908897,"429, Ring Road",Chandigarh,Chandigarh,160034,AB+,Software Engineer,Aadhaar,978192423681,True,2026-07-04T06:08:37.946738,2026-07-04T06:08:37.946738
23867124-79a3-4a61-abb3-30ebe1ac9f5f,Sarika,Deshmukh,Female,13,Single,9826924077,"750, MG Road",Mumbai,Maharashtra,427426,O+,Retired,Aadhaar,285344251522,True,2026-07-04T06:08:37.946738,2026-07-04T06:08:37.946738
e7fc5843-d2e2-45d5-98e0-558a0e6bf127,Satpal,Sethi,Male,38,Widowed,8550162323,"571, Church Street",Amritsar,Punjab,148138,A+,Clerk,Aadhaar,737115918420,True,2026-07-04T06:08:37.946738,2026-07-04T06:08:37.946738
08f6750a-ea00-414f-b54d-f7605e0e71e0,Simran,Dhillon,Female,81,Divorced,8952105962,"222, Civil Lines",Gurugram,Haryana,131587,O+,Housewife,Aadhaar,167004092684,True,2026-07-04T06:08:37.946738,2026-07-04T06:08:37.946738
92912336-1ef9-4bc0-a78b-ea4a6b7fe07e,Lata,Sethi,Female,25,Single,9704308190,"18, Station Road",Bilaspur,Chhattisgarh,497758,A+,Software Engineer,Aadhaar,473442671436,True,2026-07-04T06:08:37.946738,2026-07-04T06:08:37.946738
9197fe4a-8c14-4140-a976-7adf79fcb3f1,Velmurugan,Pillai,Male,34,Widowed,6285374501,"40, Nehru Nagar",Thiruvananthapuram,Kerala,676790,B+,Shopkeeper,Aadhaar,578704581394,True,2026-07-04T06:08:37.946738,2026-07-04T06:08:37.946738
ac947919-b6cf-444e-ab39-d9b944801782,Rekha,Bhatt,Female,71,Single,7731538641,"753, Gandhi Chowk",Ludhiana,Punjab,159539,O+,Priest,Aadhaar,100483076047,True,2026-07-04T06:08:37.946738,2026-07-04T06:08:37.946738
d4e8b014-9899-4681-8cbb-ab16cfcbb4ee,Kajal,Mehta,Female,27,Single,7648583131,"239, Market Yard",Aurangabad,Maharashtra,429129,A+,,Aadhaar,779833502291,True,2026-07-04T06:08:37.946738,2026-07-04T06:08:37.946738
b3cf2e8e-c038-49c3-b669-daa4987b4c70,Janaki,Bhalla,Female,42,Single,7270488105,"710, Lake View",Warangal,Telangana,500423,O-,Student,Aadhaar,708068247561,True,2026-07-04T06:08:37.946738,2026-07-04T06:08:37.946738
92dbcc80-837d-42e9-b846-6a612193ad7b,Yashpal,Bhandari,Male,21,Divorced,9114109978,"865, River Side",Amritsar,Punjab,153663,A+,Priest,Aadhaar,582175660557,True,2026-07-04T06:08:37.946738,2026-07-04T06:08:37.946738
7f3132af-2676-452c-b782-0ce11da163ff,Harpreet,Chahal,Male,20,Single,9846118349,"257, Green Park",Lucknow,Uttar Pradesh,265857,B+,Farmer,Aadhaar,867985092959,True,2026-07-04T06:08:37.946738,2026-07-04T06:08:37.946738
79c57f15-7aa2-4944-bfe2-f0b9c9376e14,Divya,Agarwal,Female,32,Divorced,7686000918,"314, Shivaji Nagar",Kollam,Kerala,683071,B+,Business,Aadhaar,263161099785,True,2026-07-04T06:08:37.946738,2026-07-04T06:08:37.946738
026cb6cd-929b-4376-b291-cb0c4472da1a,Gurmeet Kaur,Chopra,Female,11,Single,7629023580,"77, Lake View",Lucknow,Uttar Pradesh,256607,O+,Weaver,Aadhaar,110803178702,True,2026-07-04T06:08:37.946738,2026-07-04T06:08:37.946738
1a05914a-9b98-4ea7-8b00-0a6f43f3ed9c,Jaspreet,Khongsit,Male,61,Married,7600591432,"597, Lake View",Faridabad,Haryana,124128,AB+,Potter,Aadhaar,247156353909,True,2026-07-04T06:08:37.946738,2026-07-04T06:08:37.946738
4df40b02-e43f-4087-94cc-90c5d791d0a8,Priti,Pawar,Female,29,Married,8697177049,"21, Lake View",Kolhapur,Maharashtra,428836,O+,,Aadhaar,956907979544,True,2026-07-04T06:08:37.946738,2026-07-04T06:08:37.946738
b9adfc59-4a36-4a52-98a0-8c2ea004f513,Anitha,Rao,Female,70,Married,9987995467,"293, Nehru Nagar",Hyderabad,Telangana,504670,O+,Accountant,Aadhaar,588475261320,True,2026-07-04T06:08:37.946738,2026-07-04T06:08:37.946738
e2e51bf6-ac91-4bba-8f84-28d9414095fc,Divya,Pillai,Female,9,Single,6137567810,"949, River Side",Tirupati,Andhra Pradesh,515017,O+,Doctor,Aadhaar,498301992305,True,2026-07-04T06:08:37.946738,2026-07-04T06:08:37.946738
58c11003-d416-4ceb-9136-1c27be7b0f8c,Pramod,Srivastava,Male,5,Single,7855194295,"700, New Colony",Varanasi,Uttar Pradesh,224020,,Carpenter,Aadhaar,501453462023,True,2026-07-04T06:08:37.946738,2026-07-04T06:08:37.946738
3d557c24-25a0-4fd4-8fae-d88a311b55a1,Pushpa,Nambiar,Female,30,Widowed,8992726733,"779, Station Road",Bangalore,Karnataka,571356,O+,Carpenter,Aadhaar,386654689441,True,2026-07-04T06:08:37.946738,2026-07-04T06:08:37.946738
c78f045e-4cf1-4311-94da-191ef47aca37,Kiran,Verma,Male,9,Single,8199767426,"923, Model Town",Gurugram,Haryana,124906,B+,Homemaker,Aadhaar,589061046557,True,2026-07-04T06:08:37.946738,2026-07-04T06:08:37.946738
c382be93-f804-430c-9d80-937854ca3f8f,Malabika,Dutta,Female,34,Divorced,6999240165,"543, Old Bazaar",Purnia,Bihar,822512,B+,Tailor,Aadhaar,150067718849,True,2026-07-04T06:08:37.946738,2026-07-04T06:08:37.946738
e9e6aa51-2a2b-4720-86ab-c403fcad0dd4,Trupti,Chokshi,Female,41,Married,6327030773,"979, Old Bazaar",Surat,Gujarat,392986,B+,Teacher,Aadhaar,381080736179,True,2026-07-04T06:08:37.946738,2026-07-04T06:08:37.946738
ad437a92-75ad-4879-b776-cdcc6b58957c,Vani,Varma,Female,44,Single,8256076031,"998, Market Yard",Chennai,Tamil Nadu,638743,O+,Engineer,Aadhaar,669947033000,True,2026-07-04T06:08:37.946738,2026-07-04T06:08:37.946738
9e328dbb-588b-4695-95f1-faec2500704a,Kabita,Sema,Female,63,Widowed,7978864588,"170, Gandhi Chowk",Ranchi,Jharkhand,820955,B+,Doctor,Aadhaar,156734991855,True,2026-07-04T06:08:37.946738,2026-07-04T06:08:37.946738
dae1967b-f95b-406c-87e4-f7aca9244da5,Kamlesh,Verma,Female,19,Single,7258695504,"673, College Road",Varanasi,Uttar Pradesh,235695,O+,Electrician,Aadhaar,109166558461,True,2026-07-04T06:08:37.946738,2026-07-04T06:08:37.946738
0af46913-1a0b-43c5-ab72-dd312f093b9b,Tripti,Nayak,Female,17,Single,6871227566,"625, Shivaji Nagar",Howrah,West Bengal,704210,A+,Electrician,Aadhaar,766816800207,True,2026-07-04T06:08:37.946738,2026-07-04T06:08:37.946738
f01a422b-fdfe-4c90-b15c-1edfd77f245b,Vidya,Sandhu,Female,29,Widowed,9952982314,"901, Station Road",Guntur,Andhra Pradesh,517642,O+,Student,Aadhaar,153838855378,True,2026-07-04T06:08:37.946738,2026-07-04T06:08:37.946738
386c0fa0-374b-4192-97dd-113a6ac23af7,Swathi,Mudaliar,Female,7,Single,9733164377,"555, Lake View",Chennai,Tamil Nadu,630214,O-,Government Employee,Aadhaar,935164633091,True,2026-07-04T06:08:37.946738,2026-07-04T06:08:37.946738
79eef4ab-dfae-44dc-857f-c8297431e9ae,Rajni,Chokshi,Female,15,Single,7546621678,"912, MG Road",Haridwar,Uttarakhand,254758,B-,Weaver,Aadhaar,738654310426,True,2026-07-04T06:08:37.946738,2026-07-04T06:08:37.946738
6cda971c-b9f7-4269-bf16-3bc619da3283,Sandip,Rane,Male,73,Widowed,8613803731,"619, Civil Lines",Sangli,Maharashtra,427652,A+,Nurse,Aadhaar,176824453136,True,2026-07-04T06:08:37.946738,2026-07-04T06:08:37.946738
4e1937cf-ff87-4f49-b351-3be49eb0318c,Vidya,Brar,Female,57,Married,9460012610,"629, Sector 12",Kozhikode,Kerala,686989,O+,Labourer,Aadhaar,241884773842,True,2026-07-04T06:08:37.946738,2026-07-04T06:08:37.946738
a6f9de29-fd66-4b2c-af44-7b6c2b204ea9,Natarajan,Bhat,Male,68,Divorced,6676487377,"424, Station Road",Nellore,Andhra Pradesh,524315,O+,Clerk,Aadhaar,172419923626,True,2026-07-04T06:08:37.946738,2026-07-04T06:08:37.946738
1eed43a0-a569-4050-ae14-459a11ca906d,Vipul,Chavan,Male,13,Single,9679376355,"777, Nehru Nagar",Mumbai,Maharashtra,425893,B+,Shopkeeper,Aadhaar,662047005675,True,2026-07-04T06:08:37.946738,2026-07-04T06:08:37.946738
cd0750e7-c602-4368-87da-2164532f1cdc,Krupa,Shah,Female,30,Single,7463556679,"143, Gandhi Chowk",Ahmedabad,Gujarat,371230,AB+,Accountant,Aadhaar,145457932540,True,2026-07-04T06:08:37.946738,2026-07-04T06:08:37.946738
4ce798d8-b189-4e99-a377-2fa2064ea05a,Tripti,Bhattacharya,Female,41,Single,8582118154,"905, Nehru Nagar",Kolkata,West Bengal,721518,O+,Carpenter,Aadhaar,283285632510,True,2026-07-04T06:08:37.946738,2026-07-04T06:08:37.946738
0d1da2c3-8a12-400b-9ded-622bf2cf3425,Shweta,Rathi,Female,47,Divorced,9414584768,"130, Market Yard",Ghaziabad,Uttar Pradesh,263985,B+,Accountant,Aadhaar,472707795743,True,2026-07-04T06:08:37.946738,2026-07-04T06:08:37.946738
16c533ea-b45a-40fa-a001-d9d49ce32757,Chetan,Naicker,Male,41,Divorced,7992453226,"276, Market Yard",Hyderabad,Telangana,501311,,Student,Aadhaar,393010675751,True,2026-07-04T06:08:37.946738,2026-07-04T06:08:37.946738
27f1dcd4-2a76-46a2-9d17-e66bab4ac594,Chaitali,Gaikwad,Female,50,Single,9636554984,"660, Nehru Nagar",Dhanbad,Jharkhand,814833,O+,Plumber,Aadhaar,617904384753,True,2026-07-04T06:08:37.946738,2026-07-04T06:08:37.946738
3a4c811c-b5a0-4fd9-8b1f-830d45eff030,Satpal,Pandey,Male,12,Single,7691364231,"353, Market Yard",Gurugram,Haryana,136119,AB+,Student,Aadhaar,937697975482,True,2026-07-04T06:08:37.946738,2026-07-04T06:08:37.946738
a7a6828c-ea91-4e00-8ec6-53ab83778814,Manikandan,Sanyal,Male,21,Married,8211949588,"107, College Road",Chennai,Tamil Nadu,631240,B-,Engineer,Aadhaar,562068822334,True,2026-07-04T06:08:37.946738,2026-07-04T06:08:37.946738
d0348e5b-8645-4cda-88ed-1ac9fa466e25,Malathi,Iyer,Female,38,Widowed,8652868878,"688, Sector 12",Thiruvananthapuram,Kerala,694450,A+,Labourer,Aadhaar,296330151312,True,2026-07-04T06:08:37.946738,2026-07-04T06:08:37.946738
5206d000-59cf-4356-a7b2-72342a509875,Santosh,Sodhi,Male,13,Single,6111346704,"676, College Road",Dehradun,Uttarakhand,249298,O+,Driver,Aadhaar,845575504638,True,2026-07-04T06:08:37.946738,2026-07-04T06:08:37.946738
37dbe6a5-258c-42ce-ab5d-f6fb0ad68941,Barsha,Kachari,Female,25,Widowed,7163519232,"88, Shivaji Nagar",Gangtok,Sikkim,737104,O+,Software Engineer,Aadhaar,231828906211,True,2026-07-04T06:08:37.946738,2026-07-04T06:08:37.946738
c2d68b33-655e-4c3b-9548-b4c6a0ecb661,Sourav,Rawat,Male,26,Widowed,9690261420,"640, Nehru Nagar",Varanasi,Uttar Pradesh,243005,AB+,,Aadhaar,120073210625,True,2026-07-04T06:08:37.946738,2026-07-04T06:08:37.946738
f0d05594-6fac-49f2-8d4d-4ffa0661c316,Subramaniam,Chandran,Male,22,Married,7782779486,"672, Market Yard",Tiruchirappalli,Tamil Nadu,632179,O+,Engineer,Aadhaar,520588976728,True,2026-07-04T06:08:37.946738,2026-07-04T06:08:37.946738
df554fb4-2ea7-4927-895d-9643d38a121f,Manjusha,Salunkhe,Female,50,Widowed,9465745031,"582, Old Bazaar",Bikaner,Rajasthan,341083,B+,Farmer,Aadhaar,364778455798,True,2026-07-04T06:08:37.946738,2026-07-04T06:08:37.946738
ffe0c9e5-e32e-4b51-a582-d7194b3d31bc,Payal,Salunkhe,Female,46,Married,7770300117,"354, Station Road",Mumbai,Maharashtra,445199,O+,Carpenter,Aadhaar,989674180892,True,2026-07-04T06:08:37.946738,2026-07-04T06:08:37.946738
89ea094e-9e8d-4b61-a205-785dad5bfc06,Tapan Baruah,Hazarika,Male,73,Divorced,8203380605,"895, Gandhi Chowk",Guwahati,Assam,786000,B+,Shopkeeper,Aadhaar,638478350191,True,2026-07-04T06:08:37.946738,2026-07-04T06:08:37.946738
639f9cd4-a2a0-4483-a813-a2c329ce8b02,Meera,Pandey,Female,15,Single,9777182184,"395, New Colony",Agra,Uttar Pradesh,235351,,Fisherman,Aadhaar,427025237559,True,2026-07-04T06:08:37.946738,2026-07-04T06:08:37.946738
e0dadfc2-f4ef-464d-b499-3a17a90744ce,Vasant,Salunkhe,Male,48,Widowed,6891116453,"720, Station Road",Thane,Maharashtra,438192,O+,Labourer,Aadhaar,975466791177,True,2026-07-04T06:08:37.946738,2026-07-04T06:08:37.946738
5df26e77-9967-44e9-9d9f-f975a75238ef,Nikhil,Jadhav,Male,6,Single,8613458191,"586, Old Bazaar",Jaipur,Rajasthan,339208,B+,Shopkeeper,Aadhaar,767774870335,True,2026-07-04T06:08:37.946738,2026-07-04T06:08:37.946738
4f50e07f-ae6a-4445-8a7b-11ff81aaa422,Jayanthi,Chauhan,Female,58,Married,6318985733,"820, Ring Road",Ghaziabad,Uttar Pradesh,231570,O+,Clerk,Aadhaar,332796369761,True,2026-07-04T06:08:37.946738,2026-07-04T06:08:37.946738
9b6528db-6786-4c0c-953b-88df2462a937,Asha,Rawat,Female,71,Widowed,7224526710,"787, Ambedkar Marg",Lucknow,Uttar Pradesh,220758,O+,Engineer,Aadhaar,326378060073,True,2026-07-04T06:08:37.946738,2026-07-04T06:08:37.946738
265d0217-a194-4ff8-a785-2fc8f59db1ec,Prashant,Jadhav,Male,9,Single,6697062730,"559, Lake View",Panaji,Goa,403729,O+,Nurse,Aadhaar,273346871326,True,2026-07-04T06:08:37.946738,2026-07-04T06:08:37.946738
4b507cba-ace5-41a5-b151-ff2acfda173b,Kuldeep,Bhosale,Male,44,Single,8521502813,"988, Hill Colony",Mumbai,Maharashtra,413560,O+,Labourer,Aadhaar,540775465362,True,2026-07-04T06:08:37.946738,2026-07-04T06:08:37.946738
2524daec-db12-4f6d-85ea-c61c70513d8f,Priya,Shukla,Female,16,Single,6763981171,"118, Lake View",Gurugram,Haryana,133996,A+,Driver,Aadhaar,220388674141,True,2026-07-04T06:08:37.946738,2026-07-04T06:08:37.946738
d81eb846-f5b7-494c-a3e6-3a07982825e1,Deepak,Bisht,Male,55,Widowed,9129867139,"982, Green Park",Varanasi,Uttar Pradesh,211042,O+,Potter,Aadhaar,644239178439,True,2026-07-04T06:08:37.946738,2026-07-04T06:08:37.946738
4a3f168e-44d1-43eb-9ced-ad487ad1557c,Yamuna,Pillai,Female,50,Divorced,7226349251,"404, MG Road",Coimbatore,Tamil Nadu,612835,B+,Plumber,Aadhaar,813363238598,True,2026-07-04T06:08:37.946738,2026-07-04T06:08:37.946738
6ff23e54-94bd-4fb9-9cd0-f4ccbff67df9,Nitin,Reddiar,Male,72,Divorced,7164882944,"435, Temple Road",Davanagere,Karnataka,588497,,Homemaker,Aadhaar,535496379702,True,2026-07-04T06:08:37.946738,2026-07-04T06:08:37.946738
55e9e890-5c1c-4aec-b09d-3deea6fdbc0f,Swapan,Behera,Male,8,Single,6896919869,"698, Old Bazaar",Asansol,West Bengal,734270,A+,Software Engineer,Aadhaar,172641088970,True,2026-07-04T06:08:37.946738,2026-07-04T06:08:37.946738
94e980ec-c773-497d-a12c-fca95b4c26bb,Anita,Gupta,Female,38,Divorced,8673932985,"797, Green Park",Ujjain,Madhya Pradesh,469213,O+,Weaver,Aadhaar,783727431145,True,2026-07-04T06:08:37.946738,2026-07-04T06:08:37.946738
5e106e5d-a7aa-41df-a00e-7578bb2a10f1,Vipul,Nanda,Male,15,Single,8681688117,"859, Shivaji Nagar",Vasai-Virar,Maharashtra,444951,B+,Fisherman,Aadhaar,223996851624,True,2026-07-04T06:08:37.946738,2026-07-04T06:08:37.946738
3e1c433e-1632-4151-8054-6ecf405d0db1,Kiran,Boruah,Male,14,Single,7559954011,"508, Hill Colony",Indore,Madhya Pradesh,486753,AB+,Electrician,Aadhaar,722246419811,True,2026-07-04T06:08:37.946738,2026-07-04T06:08:37.946738
69aef23b-2e21-40b8-a7eb-455bbe323421,Ganesh,Bafna,Male,15,Single,8657145122,"319, College Road",Mumbai,Maharashtra,427597,AB+,Nurse,Aadhaar,885737338005,True,2026-07-04T06:08:37.946738,2026-07-04T06:08:37.946738
aa45d9ca-916e-47c8-bada-c569441e0f08,Jyoti,Brar,Female,16,Single,8470663396,"912, Station Road",Noida,Uttar Pradesh,276378,B+,Doctor,Aadhaar,432917456115,True,2026-07-04T06:08:37.946738,2026-07-04T06:08:37.946738
63cb54dd-8e4c-433d-928b-46f21f120c52,Vasant,Chavan,Male,9,Single,6858849443,"320, Model Town",Ahmedabad,Gujarat,384855,AB+,Accountant,Aadhaar,435445439016,True,2026-07-04T06:08:37.946738,2026-07-04T06:08:37.946738
3e06c734-2c39-4940-8f5c-59ec0e78ef6e,Sudesh,Bhalla,Female,61,Married,8466892342,"348, Sector 12",Patiala,Punjab,152422,B-,Student,Aadhaar,517671819568,True,2026-07-04T06:08:37.946738,2026-07-04T06:08:37.946738
8abf9d16-e34c-4d1d-9168-d05494f4bfb2,Asha,Bhatt,Female,82,Widowed,8778479569,"703, Old Bazaar",Panipat,Haryana,125601,AB-,Clerk,Aadhaar,567240598458,True,2026-07-04T06:08:37.946738,2026-07-04T06:08:37.946738
cc26b0f7-6a5a-4c7f-9c8a-fdb8ed1ad0c5,Arun,Pandey,Male,77,Single,9932618405,"154, Civil Lines",Delhi,Delhi,110067,B+,Government Employee,Aadhaar,210339709324,True,2026-07-04T06:08:37.946738,2026-07-04T06:08:37.946738
823374a2-4b7f-4ed7-baea-e53a19c9f9e4,Geeta,Singh,Female,61,Widowed,9123059753,"809, River Side",Prayagraj,Uttar Pradesh,226386,O+,Homemaker,Aadhaar,849069730660,True,2026-07-04T06:08:37.946738,2026-07-04T06:08:37.946738
40247bd8-d9e7-477c-98b3-601fc60d9baa,Nisha,Rawat,Female,8,Single,8976437994,"541, Sector 12",Delhi,Delhi,110072,O+,Electrician,Aadhaar,113030613599,True,2026-07-04T06:08:37.946738,2026-07-04T06:08:37.946738
71736d6d-a917-4ed6-98fb-6712cbd2ef1d,Vidya,Patil,Female,34,Widowed,7737714362,"978, Church Street",Nagpur,Maharashtra,416718,O+,Nurse,Aadhaar,251585217156,True,2026-07-04T06:08:37.946738,2026-07-04T06:08:37.946738
9a5e8487-b863-4cc1-a492-cfcc883914fd,Santosh,Pandey,Male,52,Divorced,8280985702,"513, MG Road",Jammu,Jammu and Kashmir,180197,O+,Fisherman,Aadhaar,808956666136,True,2026-07-04T06:08:37.946738,2026-07-04T06:08:37.946738
53fe3475-7484-473b-a3fb-04643508787b,Krupa,Vora,Female,24,Single,7436128983,"691, Ambedkar Marg",Navi Mumbai,Maharashtra,426824,A+,Student,Aadhaar,907064928732,True,2026-07-04T06:08:37.946738,2026-07-04T06:08:37.946738
6d13a194-e858-4a82-a6d4-84f745fa370e,Gurmeet Kaur,Chahal,Female,45,Married,7833460244,"730, New Colony",Agra,Uttar Pradesh,238208,B+,Retired,Aadhaar,914917074342,True,2026-07-04T06:08:37.946738,2026-07-04T06:08:37.946738
3c76197c-b782-4a0e-967c-594cec7c25b6,Pramod,Malhotra,Male,24,Single,7436488400,"731, Church Street",Delhi,Delhi,110020,A+,Accountant,Aadhaar,629196954104,True,2026-07-04T06:08:37.946738,2026-07-04T06:08:37.946738
2a9561e3-97c2-4cce-a2f4-5b4f28cc1969,Sudhir Ranjan,Yadav,Male,60,Married,7545126112,"907, Old Bazaar",Bhilai,Chhattisgarh,493100,O+,Weaver,Aadhaar,193750282969,True,2026-07-04T06:08:37.946738,2026-07-04T06:08:37.946738
082d705d-f43a-4702-ad17-4a8da7696012,Meenakshi,Kachari,Female,6,Single,8178366314,"955, MG Road",Ahmedabad,Gujarat,391959,A+,Nurse,Aadhaar,380896568111,True,2026-07-04T06:08:37.946738,2026-07-04T06:08:37.946738
d234efc3-2e93-415b-a9b6-3fb50bb4d181,Rashmi Rekha,Reddiar,Female,36,Divorced,8959255898,"311, Station Road",Vellore,Tamil Nadu,619791,AB+,Fisherman,Aadhaar,669815516829,True,2026-07-04T06:08:37.946738,2026-07-04T06:08:37.946738
ac76f8dc-0872-4ad6-9b71-60039c089b25,Titli,Dhillon,Female,22,Divorced,6160672962,"481, Hill Colony",Shimla,Himachal Pradesh,175592,AB+,Driver,Aadhaar,272205883935,True,2026-07-04T06:08:37.946738,2026-07-04T06:08:37.946738
e78e6c84-cb12-422e-a369-cdd10507cb6c,Surinder,Doshi,Male,53,Divorced,6759819416,"419, Temple Road",Aligarh,Uttar Pradesh,254994,A+,Nurse,Aadhaar,702168452719,True,2026-07-04T06:08:37.946738,2026-07-04T06:08:37.946738
08f5727b-5ace-4e64-91c7-8a43a3314f16,Bijoy,Panda,Male,40,Single,6925209202,"735, MG Road",Kolkata,West Bengal,700910,O+,,Aadhaar,923590098995,True,2026-07-04T06:08:37.946738,2026-07-04T06:08:37.946738
0462ca81-677a-4ad2-aa56-60f2950c6594,Ramesh Babu,Mudaliar,Male,62,Divorced,9906874162,"827, River Side",Guntur,Andhra Pradesh,522367,O+,Potter,Aadhaar,359909300135,True,2026-07-04T06:08:37.946738,2026-07-04T06:08:37.946738
42b0e97a-101b-4b15-add2-eabb172a032f,Payal,Gandhi,Female,41,Single,9473246805,"61, Green Park",Ahmedabad,Gujarat,378770,A+,Driver,Aadhaar,247925725059,True,2026-07-04T06:08:37.946738,2026-07-04T06:08:37.946738
5788debf-c6b8-4047-b70c-18fb4586ccc9,Pushpa,Mudaliar,Female,29,Married,9729190376,"278, Green Park",Hyderabad,Telangana,507810,,Teacher,Aadhaar,938952473138,True,2026-07-04T06:08:37.946738,2026-07-04T06:08:37.946738
68b34a51-d772-4959-98ca-79277b47125f,Goutam,Pandey,Male,11,Single,9812215293,"975, Sector 12",Moradabad,Uttar Pradesh,246261,O+,Tailor,Aadhaar,770058316421,True,2026-07-04T06:08:37.946738,2026-07-04T06:08:37.946738
72566b19-14c7-4ea2-a84e-4dc7496e2091,Vijay Kumar,Pai,Male,29,Widowed,6564587184,"528, Old Bazaar",Puducherry,Puducherry,605151,B+,Retired,Aadhaar,234724946382,True,2026-07-04T06:08:37.946738,2026-07-04T06:08:37.946738
f9400ca7-574b-4bdd-9f4b-25b8544aa80c,Suresh Kumar,Iyengar,Male,42,Married,8325422934,"410, College Road",Chennai,Tamil Nadu,639354,AB+,Electrician,Aadhaar,242841472474,True,2026-07-04T06:08:37.946738,2026-07-04T06:08:37.946738
1aab7906-5fc8-40d0-8cb4-f4276bd02dd8,Pravin,Kulkarni,Male,31,Single,9823883889,"181, Station Road",Surat,Gujarat,382087,A+,Teacher,Aadhaar,886964400076,True,2026-07-04T06:08:37.946738,2026-07-04T06:08:37.946738
2d47327f-bded-4796-b61a-1d4ab1a5595b,Moushumi,Pal,Female,45,Widowed,6319487821,"761, Market Yard",Kolkata,West Bengal,700731,O+,Potter,Aadhaar,792021406659,True,2026-07-04T06:08:37.946738,2026-07-04T06:08:37.946738
0f6989b4-e9dd-46e8-9af8-0e68b9b199c2,Vipul,Bhandari,Male,26,Divorced,7572326320,"104, River Side",Surat,Gujarat,394326,A+,Clerk,Aadhaar,845980342394,True,2026-07-04T06:08:37.946738,2026-07-04T06:08:37.946738
5928be24-8393-478d-b004-c92b454795e8,Kumaresan,Ramanathan,Male,31,Widowed,8881583563,"852, Shivaji Nagar",Hyderabad,Telangana,501571,B+,Accountant,Aadhaar,780595839718,True,2026-07-04T06:08:37.946738,2026-07-04T06:08:37.946738
deb9b04f-1363-4d34-bfba-7ba5e2a2c80a,Shanmugam,Kurup,Male,8,Single,8762219898,"210, Sector 12",Vijayawada,Andhra Pradesh,519352,B+,Priest,Aadhaar,340681446682,True,2026-07-04T06:08:37.946738,2026-07-04T06:08:37.946738
5330e30b-33c0-45ff-b990-a2f86642f1c9,Trupti,Shah,Female,43,Single,7201579310,"609, Lake View",Bhilwara,Rajasthan,325520,A+,Nurse,Aadhaar,498563807396,True,2026-07-04T06:08:37.946738,2026-07-04T06:08:37.946738
525087ee-a49e-4eee-8f0f-d85ed9ee5e45,Sunil,Trivedi,Male,47,Divorced,6533010470,"662, Market Yard",Lucknow,Uttar Pradesh,230250,AB-,Electrician,Aadhaar,733800770420,True,2026-07-04T06:08:37.946738,2026-07-04T06:08:37.946738
6b0f36b5-5ff7-48a6-a134-ae1632f1192f,Trupti,Rathore,Female,40,Widowed,7433310448,"151, Green Park",Amravati,Maharashtra,424978,O+,Clerk,Aadhaar,363712886027,True,2026-07-04T06:08:37.946738,2026-07-04T06:08:37.946738
3328d514-e2b6-4caf-bbe3-8e9ec192a72e,Pushpa,Balakrishnan,Female,41,Widowed,6315889329,"570, River Side",Mysore,Karnataka,571399,O+,Nurse,Aadhaar,829193943528,True,2026-07-04T06:08:37.946738,2026-07-04T06:08:37.946738
1cf5074b-a8b7-46e3-9cad-37e999ad493c,Aarti,Pawar,Female,33,Married,7890597532,"827, Market Yard",Thane,Maharashtra,413371,B+,Carpenter,Aadhaar,482972547876,True,2026-07-04T06:08:37.946738,2026-07-04T06:08:37.946738
ad1e0002-3b4f-401d-b767-4efb6e7dd298,Anita,Gill,Female,27,Divorced,8705891322,"219, New Colony",Ujjain,Madhya Pradesh,454281,B+,Doctor,Aadhaar,761568352238,True,2026-07-04T06:08:37.946738,2026-07-04T06:08:37.946738
a550e87c-5a25-4a95-96f0-4b81e7d609e6,Arun Kumar,Kamath,Male,31,Single,9432367961,"312, Market Yard",Mangalore,Karnataka,585348,A+,Priest,Aadhaar,618249967728,True,2026-07-04T06:08:37.946738,2026-07-04T06:08:37.946738
f31a7b34-a00b-4d96-9537-72190fb2a4cb,Komal,Kelkar,Female,39,Married,7632198890,"100, College Road",Bhilwara,Rajasthan,320179,AB+,Carpenter,Aadhaar,218365979295,True,2026-07-04T06:08:37.946738,2026-07-04T06:08:37.946738
0e0e68cf-decc-4122-bd58-67b3b09d5e48,Jayaraman,Reddiar,Male,48,Widowed,8630168143,"812, Model Town",Bangalore,Karnataka,582567,B-,Tailor,Aadhaar,163918489718,True,2026-07-04T06:08:37.946738,2026-07-04T06:08:37.946738
351993e6-4424-4bcb-9b64-be162dd3ad19,Rita,Pawar,Female,75,Single,9682312003,"819, Ring Road",Mumbai,Maharashtra,429450,B+,Potter,Aadhaar,402559231340,True,2026-07-04T06:08:37.946738,2026-07-04T06:08:37.946738
93f67aae-ed88-4048-b0f3-71444ed766f4,Satyajit,Pal,Male,34,Married,9269374864,"765, Old Bazaar",Dhanbad,Jharkhand,814893,O+,Software Engineer,Aadhaar,842293606501,True,2026-07-04T06:08:37.946738,2026-07-04T06:08:37.946738
f2c98d63-0975-4506-8b4a-a828f175316d,Uma,Pai,Female,57,Widowed,8667354120,"416, New Colony",Bangalore,Karnataka,570813,O+,Doctor,Aadhaar,136029947646,True,2026-07-04T06:08:37.946738,2026-07-04T06:08:37.946738
87029611-1475-4b09-ab9d-c46c925a0955,Rajendra,Thakur,Male,13,Single,9767757649,"298, Temple Road",Ahmedabad,Gujarat,387995,O+,Teacher,Aadhaar,385195969733,True,2026-07-04T06:08:37.946738,2026-07-04T06:08:37.946738
4f665526-6398-4c26-a22f-47b2139f09c9,Deepa,Bhat,Female,34,Single,6972404146,"347, Nehru Nagar",Bangalore,Karnataka,584726,O+,Carpenter,Aadhaar,707098557202,True,2026-07-04T06:08:37.946738,2026-07-04T06:08:37.946738
cd81626e-6c05-4ecb-a4cd-6d6914699156,Meera,Kapoor,Female,46,Married,8659563145,"617, Civil Lines",Agra,Uttar Pradesh,229162,O+,Accountant,Aadhaar,828920901572,True,2026-07-04T06:08:37.946738,2026-07-04T06:08:37.946738
e2e0fdae-43bb-45e4-a92d-2b6ef5120cab,Priya,Gupta,Female,63,Single,8943321524,"876, Green Park",Delhi,Delhi,110025,,Farmer,Aadhaar,425797180206,True,2026-07-04T06:08:37.946738,2026-07-04T06:08:37.946738
12112de5-80ab-460e-b939-e5c2f9b3ded6,Gargi,Bagchi,Female,13,Single,6741815664,"303, New Colony",Durgapur,West Bengal,737238,A+,Retired,Aadhaar,511131549795,True,2026-07-04T06:08:37.946738,2026-07-04T06:08:37.946738
6165ef2f-476f-4786-950a-7ce5043d1997,Barun,Sahoo,Male,24,Divorced,9187492688,"514, College Road",Bhubaneswar,Odisha,767137,,Farmer,Aadhaar,753468979661,True,2026-07-04T06:08:37.946738,2026-07-04T06:08:37.946738
8eed910a-51ea-4c1f-8ac4-fd19c4aa275e,Arun Kumar,Tiwari,Male,53,Divorced,6265032227,"986, River Side",Kanpur,Uttar Pradesh,229837,O+,Potter,Aadhaar,489023051577,True,2026-07-04T06:08:37.946738,2026-07-04T06:08:37.946738
d892a4e5-f037-4dbd-bee0-11ee955e06bf,Suresh,Oswal,Male,9,Single,6605930665,"508, Church Street",Dehradun,Uttarakhand,261110,B+,Weaver,Aadhaar,106618120702,True,2026-07-04T06:08:37.946738,2026-07-04T06:08:37.946738
c28a543e-5820-40ee-ae55-97213059edda,Aarti,Menon,Female,7,Single,9735557446,"851, Church Street",Thiruvananthapuram,Kerala,672407,B+,Engineer,Aadhaar,706096678018,True,2026-07-04T06:08:37.946738,2026-07-04T06:08:37.946738
a791b28c-b586-42ea-993e-ebfb16f31081,Pooja,Pandey,Female,43,Single,7310095909,"61, Station Road",Gurugram,Haryana,126318,B+,Plumber,Aadhaar,892768538809,True,2026-07-04T06:08:37.946738,2026-07-04T06:08:37.946738
ec287bb0-4d6b-4f00-8250-6053af2e1803,Pramod,Chopra,Male,58,Divorced,6121650791,"903, River Side",Gurugram,Haryana,132533,B+,Potter,Aadhaar,153891415410,True,2026-07-04T06:08:37.946738,2026-07-04T06:08:37.946738
6c765bdd-e187-4fbb-95e9-e855e501dbc5,Divya,Kurup,Female,16,Single,6657128947,"126, Temple Road",Madurai,Tamil Nadu,617963,A+,Accountant,Aadhaar,380260242247,True,2026-07-04T06:08:37.946738,2026-07-04T06:08:37.946738
3e8528f1-265c-4caf-9e90-c93b64f75cf8,Rupa,Nair,Female,66,Single,8556181458,"578, Old Bazaar",Kolkata,West Bengal,717277,O+,Farmer,Aadhaar,748589689474,True,2026-07-04T06:08:37.946738,2026-07-04T06:08:37.946738
d6deeefa-d3ce-4f03-b4aa-c54bdf596cbc,Ipsita,Sanyal,Female,65,Widowed,8527751643,"443, New Colony",Kolkata,West Bengal,736537,O+,Accountant,Aadhaar,728561536931,True,2026-07-04T06:08:37.946738,2026-07-04T06:08:37.946738
173dff57-4826-4539-b203-0bda3981cced,Krishnamurthy,Iyengar,Male,9,Single,8766039941,"368, Market Yard",Hyderabad,Telangana,507260,AB+,Housewife,Aadhaar,686808929498,True,2026-07-04T06:08:37.946738,2026-07-04T06:08:37.946738
fe9ee37c-5655-400e-b84e-cd641038fb02,Pushpa,Hegde,Female,54,Married,6519560443,"961, Ring Road",Tirupati,Andhra Pradesh,531233,O+,Retired,Aadhaar,426371251236,True,2026-07-04T06:08:37.946738,2026-07-04T06:08:37.946738
996558df-6032-44e1-8ef0-3190f17a57b3,Hasi,Lahiri,Female,15,Single,9191055832,"124, Temple Road",Berhampur,Odisha,763680,O+,Retired,Aadhaar,309456937942,True,2026-07-04T06:08:37.946738,2026-07-04T06:08:37.946738
b632604d-016c-4cff-aa90-42cde3fa8c21,Elora,Mahato,Female,11,Single,6234148985,"406, Church Street",Kota,Rajasthan,325804,O+,Electrician,Aadhaar,148513169137,True,2026-07-04T06:08:37.946738,2026-07-04T06:08:37.946738
f4929b29-cf85-455e-9432-e0d5b380bd34,Vasant,Agarwal,Male,32,Widowed,7393686012,"184, Model Town",Gurugram,Haryana,126574,O+,Retired,Aadhaar,671233603869,True,2026-07-04T06:08:37.946738,2026-07-04T06:08:37.946738
78969ac7-ee19-495b-b872-1196eca4204a,Madhuri,Bhattacharya,Female,44,Married,8160736564,"348, Shivaji Nagar",Bareilly,Uttar Pradesh,202082,B+,Labourer,Aadhaar,197785848560,True,2026-07-04T06:08:37.946738,2026-07-04T06:08:37.946738
ac12fa73-134b-4063-9304-a5460a684bb6,Naresh,Goyal,Male,30,Single,8812837488,"153, Civil Lines",Agra,Uttar Pradesh,220586,O+,,Aadhaar,739426917199,True,2026-07-04T06:08:37.946738,2026-07-04T06:08:37.946738
77297918-0837-4167-9e93-810cab61e9ee,Pallavi,Bhandari,Female,68,Married,9649749055,"228, Sector 12",Jalandhar,Punjab,146450,A+,Electrician,Aadhaar,265545183045,True,2026-07-04T06:08:37.946738,2026-07-04T06:08:37.946738
c6c18c02-6a66-4f0d-a1f7-b541fdc36ff7,Sudesh,Chauhan,Female,6,Single,7628373548,"638, River Side",Gurugram,Haryana,135181,A+,Engineer,Aadhaar,115690132262,True,2026-07-04T06:08:37.946738,2026-07-04T06:08:37.946738
b9ee368d-8fa6-4460-af4e-ef63966ff8bb,Paresh,Sanyal,Male,37,Divorced,7829374234,"341, Church Street",Ranchi,Jharkhand,829513,B+,Potter,Aadhaar,555814127101,True,2026-07-04T06:08:37.946738,2026-07-04T06:08:37.946738
9e44876a-e357-493b-a497-c59c0476bd5e,Vishal,Dhillon,Male,23,Single,8433736563,"303, Station Road",Firozabad,Uttar Pradesh,217812,B+,Doctor,Aadhaar,845290155628,True,2026-07-04T06:08:37.946738,2026-07-04T06:08:37.946738
fac0dd44-799e-4dc4-9ad5-3a5e9df207e9,Nirav,Nanda,Male,18,Single,7648450591,"986, Green Park",Rajkot,Gujarat,370410,O+,Retired,Aadhaar,879016287311,True,2026-07-04T06:08:37.946738,2026-07-04T06:08:37.946738
4cccae4b-2f3e-4dac-8430-a98187976e84,Jayesh,Kulkarni,Male,42,Married,9436517071,"213, Gandhi Chowk",Surat,Gujarat,374100,A+,Clerk,Aadhaar,508463084835,True,2026-07-04T06:08:37.946738,2026-07-04T06:08:37.946738
73678048-52c0-4457-8bb5-392f231ecc50,Srinivasan,Reddy,Male,5,Single,8948634273,"978, Sector 12",Thiruvananthapuram,Kerala,677205,O+,Farmer,Aadhaar,405293231248,True,2026-07-04T06:08:37.946738,2026-07-04T06:08:37.946738
5ee1658b-d0cc-4364-8abd-87295bc27ba7,Jayanthi,Chandran,Female,44,Widowed,8319839714,"219, Gandhi Chowk",Coimbatore,Tamil Nadu,639005,A+,Doctor,Aadhaar,350664704977,True,2026-07-04T06:08:37.946738,2026-07-04T06:08:37.946738
b101e19d-c3d3-450b-b698-a096359aed2b,Sadanand,Sahu,Male,74,Divorced,6199036462,"26, Nehru Nagar",Bokaro,Jharkhand,819751,A+,Shopkeeper,Aadhaar,648036325179,True,2026-07-04T06:08:37.946738,2026-07-04T06:08:37.946738
ab99768b-fcf0-41fe-a0e8-6b1a8a3ae023,Sarita,Sidhu,Female,40,Married,9649471677,"414, Nehru Nagar",Prayagraj,Uttar Pradesh,218149,O+,Business,Aadhaar,337318963299,True,2026-07-04T06:08:37.946738,2026-07-04T06:08:37.946738
0c35e40f-2bf9-4a48-af3f-cf5a4fa51afc,Indira,Nair,Female,73,Single,7226191404,"165, Station Road",Vijayawada,Andhra Pradesh,521102,O+,Government Employee,Aadhaar,114770271881,True,2026-07-04T06:08:37.946738,2026-07-04T06:08:37.946738
45148db0-8b2b-4934-a4c2-966501d4d980,Geetha,Namboothiri,Female,49,Divorced,8593740521,"483, Green Park",Nellore,Andhra Pradesh,523384,,Retired,Aadhaar,941736344975,True,2026-07-04T06:08:37.946738,2026-07-04T06:08:37.946738
02c5dbce-10a6-42f9-9861-424e9fcd2510,Kalyani,Achari,Female,12,Single,7229006012,"887, Station Road",Thiruvananthapuram,Kerala,692527,B+,Software Engineer,Aadhaar,653434016671,True,2026-07-04T06:08:37.946738,2026-07-04T06:08:37.946738
684358e8-4cf4-4bab-9ee7-6f17a43364f4,Rina,Roy,Female,42,Divorced,8860547346,"810, Model Town",Siliguri,West Bengal,739237,O+,Shopkeeper,Aadhaar,805921482700,True,2026-07-04T06:08:37.946738,2026-07-04T06:08:37.946738
08ae3ca9-08ca-4dcd-9031-f543da6803e1,Ila,Rane,Female,45,Widowed,7201469389,"187, Model Town",Jaipur,Rajasthan,317540,B+,Driver,Aadhaar,403770170035,True,2026-07-04T06:08:37.946738,2026-07-04T06:08:37.946738
c6dc2e70-1109-45a6-92fb-f21cb734658f,Tanmoy,Naik,Male,39,Single,6131234370,"894, Temple Road",Mumbai,Maharashtra,415404,B+,Electrician,Aadhaar,435088955039,True,2026-07-04T06:08:37.946738,2026-07-04T06:08:37.946738
5c3b7384-f00e-4619-9c0d-bc8afd27ae29,Bijoy,Rout,Male,23,Widowed,8892542863,"840, Hill Colony",Bhagalpur,Bihar,852855,B+,Government Employee,Aadhaar,373257264823,True,2026-07-04T06:08:37.946738,2026-07-04T06:08:37.946738
b14c0b37-2c8a-462e-adca-4dad746e641a,Kajal,Doshi,Female,16,Single,8718690646,"509, Station Road",Jaipur,Rajasthan,333039,B+,Electrician,Aadhaar,724342676531,True,2026-07-04T06:08:37.946738,2026-07-04T06:08:37.946738
0369768c-971b-4641-83f2-d93cd38ee8ab,Gopalakrishnan,Krishnan,Male,36,Married,8336286355,"794, Hill Colony",Madurai,Tamil Nadu,601540,O-,Shopkeeper,Aadhaar,640249431428,True,2026-07-04T06:08:37.946738,2026-07-04T06:08:37.946738
2f232f1a-db05-47c8-9fae-07e3c439112e,Vipul,Patil,Male,35,Widowed,6135603000,"97, Gandhi Chowk",Thane,Maharashtra,405374,O+,Shopkeeper,Aadhaar,435008405164,True,2026-07-04T06:08:37.946738,2026-07-04T06:08:37.946738
f09f0faf-c937-498f-a8a8-f64cea8e8a75,Deepali,Naik,Female,19,Single,6193448722,"3, Lake View",Nagpur,Maharashtra,425807,O+,Potter,Aadhaar,378414014304,True,2026-07-04T06:08:37.946738,2026-07-04T06:08:37.946738
bc0be0b1-a8ef-4b46-ba09-102f8376fd53,Asha,Sandhu,Female,14,Single,7669422008,"678, MG Road",Kanpur,Uttar Pradesh,250994,B+,Retired,Aadhaar,526194614597,True,2026-07-04T06:08:37.946738,2026-07-04T06:08:37.946738
2ba72cfc-71c5-4b9c-9e8c-e8b0380af1b9,Madhavi,Kothari,Female,11,Single,7564230567,"313, Civil Lines",Nagpur,Maharashtra,444213,O+,Retired,Aadhaar,780164215342,True,2026-07-04T06:08:37.946738,2026-07-04T06:08:37.946738
8b43928a-94d2-4eb9-9046-fd01c63e66ab,Riya,Jadhav,Female,60,Divorced,9107637543,"122, Ambedkar Marg",Mumbai,Maharashtra,444650,O+,Doctor,Aadhaar,845033136854,True,2026-07-04T06:08:37.946738,2026-07-04T06:08:37.946738
1b7b8703-d743-4afd-a1ff-704f4202fe8a,Manjusha,Pandya,Female,61,Divorced,9909950008,"65, Nehru Nagar",Navi Mumbai,Maharashtra,434325,O+,Housewife,Aadhaar,514468443487,True,2026-07-04T06:08:37.946738,2026-07-04T06:08:37.946738
659361ae-8e69-43af-8633-041fe0089ce2,Nandini,Gandhi,Female,64,Widowed,8632773755,"53, Station Road",Asansol,West Bengal,725080,O+,Electrician,Aadhaar,984269431127,True,2026-07-04T06:08:37.946738,2026-07-04T06:08:37.946738
bbf9f8c0-8691-4f11-876f-e0ed599cb09b,Aparna,Shroff,Female,59,Divorced,8979678856,"598, Sector 12",Jodhpur,Rajasthan,330008,A+,Priest,Aadhaar,401672547506,True,2026-07-04T06:08:37.946738,2026-07-04T06:08:37.946738
d848e0e1-1411-4be5-9787-03c8fcd3123a,Sonal,Bedi,Female,55,Single,9631668619,"174, New Colony",Amritsar,Punjab,140183,B+,Fisherman,Aadhaar,445308343102,True,2026-07-04T06:08:37.946738,2026-07-04T06:08:37.946738
fcc8e7f0-e842-47a9-8bc6-dd1c876b3d87,Santosh,Verma,Male,15,Single,9663689832,"8, Church Street",Jabalpur,Madhya Pradesh,465046,B+,Accountant,Aadhaar,737385660477,True,2026-07-04T06:08:37.946738,2026-07-04T06:08:37.946738
07b732a2-1891-4873-b48f-96f4f5d5038d,Rakesh,Nanda,Male,38,Married,8971258200,"800, MG Road",Thane,Maharashtra,431112,O+,Government Employee,Aadhaar,890279600088,True,2026-07-04T06:08:37.946738,2026-07-04T06:08:37.946738
04bb16ab-3685-436f-90a8-94251f7e88e6,Foram,Deshmukh,Female,59,Divorced,8654614800,"236, Hill Colony",Aurangabad,Maharashtra,429620,B+,Housewife,Aadhaar,537762502695,True,2026-07-04T06:08:37.946738,2026-07-04T06:08:37.946738
9357b7cb-fc99-42fd-840e-e6e0519b1d90,Lata,Chetty,Female,31,Divorced,7982869265,"803, River Side",Bangalore,Karnataka,580295,B+,Homemaker,Aadhaar,877619659055,True,2026-07-04T06:08:37.946738,2026-07-04T06:08:37.946738
bda745de-ecfe-41b7-94f1-01db0404885b,Rupa,Mahato,Female,6,Single,6832358029,"895, New Colony",Bokaro,Jharkhand,823745,O+,Plumber,Aadhaar,610590660878,True,2026-07-04T06:08:37.946738,2026-07-04T06:08:37.946738
d4f8e053-0573-46ee-9585-061b49fe7fcf,Falguni,Ahluwalia,Female,33,Married,8370165416,"221, Old Bazaar",Jamnagar,Gujarat,389307,A+,Weaver,Aadhaar,750808255064,True,2026-07-04T06:08:37.946738,2026-07-04T06:08:37.946738
b54dc1c9-cda3-4684-a96d-710be15d0539,Anirban,Bhattacharya,Male,10,Single,9131131342,"744, Temple Road",Howrah,West Bengal,734594,B+,Electrician,Aadhaar,796150617884,True,2026-07-04T06:08:37.946738,2026-07-04T06:08:37.946738
1d33e2b7-e7b5-4f2f-8189-5b8612a5119b,Amitava,Phukan,Male,38,Single,7628264075,"473, Sector 12",Guwahati,Assam,783982,B+,Shopkeeper,Aadhaar,869239182728,True,2026-07-04T06:08:37.946738,2026-07-04T06:08:37.946738
85a02ba2-cd0f-4c5c-84ed-af6906d99f5f,Suman,Gill,Male,21,Married,9721459892,"68, Nehru Nagar",Amritsar,Punjab,153254,A+,Farmer,Aadhaar,144097838548,True,2026-07-04T06:08:37.946738,2026-07-04T06:08:37.946738
4b5f3686-c544-4b34-b3fb-c6d83e7b35aa,Divya,Bhandari,Female,28,Single,6344811018,"261, Lake View",Delhi,Delhi,110045,B+,Driver,Aadhaar,845993298787,True,2026-07-04T06:08:37.946738,2026-07-04T06:08:37.946738
f1dce078-461b-4f75-8754-3329555211b8,Anirban,Sahu,Male,74,Married,7226362320,"888, Market Yard",Kharagpur,West Bengal,736313,A+,Carpenter,Aadhaar,367388896318,True,2026-07-04T06:08:37.946738,2026-07-04T06:08:37.946738
4ac391f9-7508-4024-a1a0-0ebcca8de66a,Ganesan,Krishnan,Male,50,Widowed,6691444797,"576, River Side",Visakhapatnam,Andhra Pradesh,525337,AB-,Farmer,Aadhaar,137046741256,True,2026-07-04T06:08:37.946738,2026-07-04T06:08:37.946738
3ccde2a1-e4be-4466-aa36-cc55ec61cf6a,Seema,Goyal,Female,25,Married,6898023357,"371, Station Road",Indore,Madhya Pradesh,463548,A+,Business,Aadhaar,824123397034,True,2026-07-04T06:08:37.946738,2026-07-04T06:08:37.946738
3c93480b-f267-4ada-85f9-76300f0078aa,Padma,Namboothiri,Female,24,Widowed,8103454272,"251, MG Road",Vellore,Tamil Nadu,628847,B+,Clerk,Aadhaar,980726515065,True,2026-07-04T06:08:37.946738,2026-07-04T06:08:37.946738
e1abc50d-8428-4ff5-9921-a3bb08eef72f,Ajay,Lyngdoh,Male,17,Single,7200306814,"572, Old Bazaar",Lucknow,Uttar Pradesh,201574,O+,Engineer,Aadhaar,252607489743,True,2026-07-04T06:08:37.946738,2026-07-04T06:08:37.946738
a43b42cd-bf5c-49f1-88aa-7a99eab08f9d,Sameer,Mishra,Male,51,Married,7160039064,"932, Church Street",Gorakhpur,Uttar Pradesh,239971,B+,Housewife,Aadhaar,586872835152,True,2026-07-04T06:08:37.946738,2026-07-04T06:08:37.946738
499a9f57-e6ec-4688-8815-6159d0fe22ab,Shilpa,Pandya,Female,74,Widowed,7665074570,"850, Ambedkar Marg",Kota,Rajasthan,325560,A+,Electrician,Aadhaar,309072528027,True,2026-07-04T06:08:37.946738,2026-07-04T06:08:37.946738
4645d415-52ac-4caa-9366-650d6f6c83e1,Murugan,Bhat,Male,17,Single,8492055030,"663, Market Yard",Vijayawada,Andhra Pradesh,528724,A+,Carpenter,Aadhaar,749993683861,True,2026-07-04T06:08:37.946738,2026-07-04T06:08:37.946738
e6b1aa1f-c310-4a39-8cbd-5696f99dc58b,Sadanand,Thakur,Male,66,Widowed,9516268889,"106, Old Bazaar",Vasai-Virar,Maharashtra,400977,A+,Plumber,Aadhaar,914262249317,True,2026-07-04T06:08:37.946738,2026-07-04T06:08:37.946738
69980951-36ef-41b3-80c8-839cfc38dfc1,Gautam,Nandi,Male,55,Divorced,8144099726,"244, Old Bazaar",Rourkela,Odisha,751877,B+,Homemaker,Aadhaar,960482394492,True,2026-07-04T06:08:37.946738,2026-07-04T06:08:37.946738
2d113c2a-ac7f-4c5f-b8a9-91841751c005,Dipti,Joshi,Female,58,Married,7813015216,"157, Market Yard",Udaipur,Rajasthan,329747,A+,Potter,Aadhaar,648156305412,True,2026-07-04T06:08:37.946738,2026-07-04T06:08:37.946738
a9029dc2-b50a-4c16-99da-5dfdadbf49d4,Saroja,Mudaliar,Female,37,Divorced,7409729482,"755, River Side",Bangalore,Karnataka,586616,A+,Electrician,Aadhaar,641239009149,True,2026-07-04T06:08:37.946738,2026-07-04T06:08:37.946738
8f009fe9-5981-4f14-91a5-8d628c283728,Pramod,Kapoor,Male,70,Divorced,9384704380,"945, Ambedkar Marg",Agra,Uttar Pradesh,258197,B+,Software Engineer,Aadhaar,823366009191,True,2026-07-04T06:08:37.946738,2026-07-04T06:08:37.946738
2f7a2da4-9e7b-470b-b290-a00d6784bf12,Manasi,Basu,Female,24,Divorced,8770084982,"752, MG Road",Mumbai,Maharashtra,424616,O+,Potter,Aadhaar,261021841808,True,2026-07-04T06:08:37.946738,2026-07-04T06:08:37.946738
1c0e4d8e-d7fe-4fe6-ad63-8a8382ce259c,Saroja,Hegde,Female,16,Single,8210830527,"509, Nehru Nagar",Thiruvananthapuram,Kerala,671832,O+,Driver,Aadhaar,421221917215,True,2026-07-04T06:08:37.946738,2026-07-04T06:08:37.946738
26bb13ae-f104-4dba-9d4a-7b06df862d74,Sonali,Achari,Female,86,Single,7500518353,"814, Green Park",Coimbatore,Tamil Nadu,627173,B+,Homemaker,Aadhaar,430745890199,True,2026-07-04T06:08:37.946738,2026-07-04T06:08:37.946738
6c5abf8b-e6a2-431b-baa4-4159d669fd95,Manoj,Bedi,Male,25,Widowed,9700388561,"329, Station Road",Delhi,Delhi,110012,B+,Software Engineer,Aadhaar,711564555281,True,2026-07-04T06:08:37.946738,2026-07-04T06:08:37.946738
99bb3332-c725-49db-9fdf-52d03b83e845,Payel,Chatterjee,Female,54,Widowed,6194484018,"35, Church Street",Rourkela,Odisha,763184,A+,Homemaker,Aadhaar,504190897681,True,2026-07-04T06:08:37.946738,2026-07-04T06:08:37.946738
ab6f692e-d66b-4998-8f9d-e61c2b7bfe0c,Sadanand,Sawant,Male,9,Single,7712745716,"444, Civil Lines",Nagpur,Maharashtra,432754,B+,Farmer,Aadhaar,361518298317,True,2026-07-04T06:08:37.946738,2026-07-04T06:08:37.946738
94f52ceb-9ea3-4e62-bf86-f4aa242fa7a9,Varsha,Salunkhe,Female,77,Divorced,6908195329,"775, College Road",Ahmedabad,Gujarat,389676,B+,Government Employee,Aadhaar,249483694289,True,2026-07-04T06:08:37.946738,2026-07-04T06:08:37.946738
5da60bf7-ece0-405d-87e8-b971b08f04c9,Anand,Doshi,Male,16,Single,9413642157,"493, Sector 12",Vadodara,Gujarat,369759,A+,Government Employee,Aadhaar,607912770099,True,2026-07-04T06:08:37.946738,2026-07-04T06:08:37.946738
91fa7ee2-c45b-4a43-a8d9-618ab034cc56,Mohan,Sodhi,Male,52,Widowed,6833472359,"710, Hill Colony",Firozabad,Uttar Pradesh,263177,B+,Government Employee,Aadhaar,440027255413,True,2026-07-04T06:08:37.946738,2026-07-04T06:08:37.946738
c726f754-20af-43a3-93f7-01354f8c54a7,Revathi,Bhosale,Female,49,Widowed,7198624754,"830, Old Bazaar",Surat,Gujarat,381646,A+,Priest,Aadhaar,407584297760,True,2026-07-04T06:08:37.946738,2026-07-04T06:08:37.946738
7e9b2d38-9ce7-4c72-a7b2-b14069036200,Temjen,Kar,Male,44,Divorced,9549145639,"684, Lake View",Guwahati,Assam,781524,O-,Accountant,Aadhaar,731957644799,True,2026-07-04T06:08:37.946738,2026-07-04T06:08:37.946738
05842773-d7cf-42a7-9fdf-dc10069debb1,Vijay,Chavan,Male,47,Married,7602200219,"213, Civil Lines",Vasai-Virar,Maharashtra,431849,A+,Teacher,Aadhaar,884585254948,True,2026-07-04T06:08:37.946738,2026-07-04T06:08:37.946738
1f7eb378-d30f-4b08-9fd6-e9ee92f7b85d,Pravin,Patra,Male,29,Single,6385073461,"807, Old Bazaar",Navi Mumbai,Maharashtra,421487,B+,Driver,Aadhaar,827779440840,True,2026-07-04T06:08:37.946738,2026-07-04T06:08:37.946738
a0a4f54f-6987-4781-a978-c50b5bbe489a,Harpreet Kaur,Chahal,Female,50,Married,6478560273,"346, Gandhi Chowk",Gwalior,Madhya Pradesh,458636,AB+,Electrician,Aadhaar,801201249592,True,2026-07-04T06:08:37.946738,2026-07-04T06:08:37.946738
881a00bc-53e3-4d4f-972b-75cd76747f3d,Meenakshi,Lalrinawma,Female,21,Married,8566425998,"364, Model Town",Guwahati,Assam,788232,O+,Teacher,Aadhaar,195137500772,True,2026-07-04T06:08:37.946738,2026-07-04T06:08:37.946738
266a1e64-0eb3-4954-86b2-9784428dbe3d,Swati,Reddy,Female,26,Married,8820126282,"967, MG Road",Vijayawada,Andhra Pradesh,526152,B+,Labourer,Aadhaar,450243116045,True,2026-07-04T06:08:37.946738,2026-07-04T06:08:37.946738
db1e0ea9-a2c8-4498-b2da-475e97daacc5,Kantilal,Oswal,Male,38,Divorced,9862590242,"210, Station Road",Vadodara,Gujarat,392111,A+,Teacher,Aadhaar,328186702050,True,2026-07-04T06:08:37.946738,2026-07-04T06:08:37.946738
38489cfb-ca67-415f-828f-5c9cb95e937e,Debojit,Chatterjee,Male,5,Single,6490445159,"155, Shivaji Nagar",Vadodara,Gujarat,365343,B+,Priest,Aadhaar,426066631530,True,2026-07-04T06:08:37.946738,2026-07-04T06:08:37.946738
adb2e7cf-1f6b-4a4b-b5e4-3cb8905fa839,Anitha,Bhat,Female,40,Widowed,9202738319,"981, Ambedkar Marg",Madurai,Tamil Nadu,619001,O+,Plumber,Aadhaar,439494604234,True,2026-07-04T06:08:37.946738,2026-07-04T06:08:37.946738
6beb8f33-c749-462e-98d4-4678e49409f6,Vikram,Sharma,Male,30,Single,7216753273,"412, Hill Colony",Indore,Madhya Pradesh,479870,O+,Housewife,Aadhaar,409711084227,True,2026-07-04T06:08:37.946738,2026-07-04T06:08:37.946738
7baeeb30-7e01-4846-8fd9-e7af497b0161,Trupti,Bafna,Female,55,Widowed,7958832312,"90, Station Road",Kolhapur,Maharashtra,427117,B+,Teacher,Aadhaar,538951010541,True,2026-07-04T06:08:37.946738,2026-07-04T06:08:37.946738
2d032713-0df6-457c-a354-1ec22e45e62f,Arun,Bisht,Male,85,Divorced,8456221229,"347, Shivaji Nagar",Amritsar,Punjab,153795,B+,Teacher,Aadhaar,793229980237,True,2026-07-04T06:08:37.946738,2026-07-04T06:08:37.946738
730a96e1-c355-493c-bf26-5ef7fad96b99,Priya,Kurup,Female,10,Single,9144742059,"437, River Side",Bareilly,Uttar Pradesh,201360,O+,Potter,Aadhaar,190958090315,True,2026-07-04T06:08:37.946738,2026-07-04T06:08:37.946738
8118fb88-bc14-4d86-a867-32ec716663af,Anirban,Hegde,Male,34,Single,7117929351,"645, Church Street",Howrah,West Bengal,717868,B+,Weaver,Aadhaar,563300822917,True,2026-07-04T06:08:37.946738,2026-07-04T06:08:37.946738
7456901d-20ad-4469-9c8f-1a6edbd30963,Sujatha,Rao,Female,12,Single,7134431911,"152, Sector 12",Hyderabad,Telangana,502895,B+,Fisherman,Aadhaar,788630695257,True,2026-07-04T06:08:37.946738,2026-07-04T06:08:37.946738
6285e2e9-ee94-4998-aa20-71af05a80f39,Divya,Trivedi,Female,37,Married,8862458552,"313, Hill Colony",Prayagraj,Uttar Pradesh,267116,O+,Teacher,Aadhaar,410055241112,True,2026-07-04T06:08:37.946738,2026-07-04T06:08:37.946738
d71d58f6-1010-4be6-9dfa-9fcb12613d2e,Falguni,Mahato,Female,48,Widowed,8307777400,"477, Nehru Nagar",Patna,Bihar,800190,B+,Shopkeeper,Aadhaar,354534995954,True,2026-07-04T06:08:37.946738,2026-07-04T06:08:37.946738
0e6f2731-e46d-4177-9f5a-2d74b2c253e2,Harpreet Kaur,Bhandari,Female,7,Single,9166021883,"114, Station Road",Hisar,Haryana,126588,A+,Student,Aadhaar,348270555184,True,2026-07-04T06:08:37.946738,2026-07-04T06:08:37.946738
63a1f973-62db-4289-a774-e438fb4b19c7,Manoj,Sekhon,Male,44,Widowed,9668209271,"112, Market Yard",Patiala,Punjab,152406,B+,Clerk,Aadhaar,360874151964,True,2026-07-04T06:08:37.946738,2026-07-04T06:08:37.946738
c9b0dfd7-d9a0-4ab4-8d2a-1d10cb2411e4,Vinod,Kalita,Male,45,Divorced,7365588669,"735, Gandhi Chowk",Delhi,Delhi,110063,B+,Retired,Aadhaar,132210397806,True,2026-07-04T06:08:37.946738,2026-07-04T06:08:37.946738
cc5770a0-9c86-41f9-8989-bbd84baab618,Archana,Gowda,Female,10,Single,8713035587,"208, Church Street",Varanasi,Uttar Pradesh,262222,O+,Retired,Aadhaar,731388996621,True,2026-07-04T06:08:37.946738,2026-07-04T06:08:37.946738
e8b4a241-c007-4487-8a93-a961a8aa03b6,Kamala,Bhat,Female,62,Divorced,6723808252,"678, Station Road",Kochi,Kerala,683457,O+,Priest,Aadhaar,915131689315,True,2026-07-04T06:08:37.946738,2026-07-04T06:08:37.946738
fe219af5-1622-4ffe-80c1-6fa6dcbf380a,Rahul,Rathi,Male,25,Married,6733043039,"286, River Side",Mumbai,Maharashtra,400229,A+,,Aadhaar,318495110922,True,2026-07-04T06:08:37.946738,2026-07-04T06:08:37.946738
ff5e9e7e-1b09-4b50-b17f-797d7dc689f9,Ketan,Ao,Male,27,Divorced,9632322473,"804, Nehru Nagar",Ahmedabad,Gujarat,365547,O+,Business,Aadhaar,243909409587,True,2026-07-04T06:08:37.946738,2026-07-04T06:08:37.946738
c86d96d3-99da-474e-a367-e73b52009898,Nagarajan,Lodha,Male,24,Divorced,7782620532,"326, New Colony",Mumbai,Maharashtra,423726,B+,Carpenter,Aadhaar,263927041662,True,2026-07-04T06:08:37.946738,2026-07-04T06:08:37.946738
ba06b858-abd3-4755-b780-2c3080e445fd,Prabhakaran,Reddiar,Male,56,Divorced,8884483293,"544, New Colony",Coimbatore,Tamil Nadu,611450,B+,Clerk,Aadhaar,922344398412,True,2026-07-04T06:08:37.946738,2026-07-04T06:08:37.946738
5e9980d4-19ea-46a7-8459-518475e42bbd,Mahua,Dutta,Female,51,Single,6626202620,"745, Green Park",Cuttack,Odisha,759590,B+,Shopkeeper,Aadhaar,364600964184,True,2026-07-04T06:08:37.946738,2026-07-04T06:08:37.946738
41459d6b-9e40-403b-972f-a42fcc5723c2,Chaitali,Adhikari,Female,44,Single,7500337885,"396, New Colony",Asansol,West Bengal,737925,B+,Student,Aadhaar,141974806755,True,2026-07-04T06:08:37.946738,2026-07-04T06:08:37.946738
dd6e9d88-fc82-4320-b982-2c1283a0a5a4,Sudhir Ranjan,Shroff,Male,11,Single,9220190287,"592, Gandhi Chowk",Ajmer,Rajasthan,338264,B+,Housewife,Aadhaar,844055734131,True,2026-07-04T06:08:37.946738,2026-07-04T06:08:37.946738
68d87020-508c-43dc-9a16-9900292471a7,Rajendra,Doshi,Male,13,Single,7653620841,"817, Green Park",Nashik,Maharashtra,424505,O+,Driver,Aadhaar,287645170997,True,2026-07-04T06:08:37.946738,2026-07-04T06:08:37.946738
d8ecfe36-8ef2-42a9-9c3e-069816e2d9fd,Arjun,Patil,Male,53,Single,7532965949,"606, River Side",Mumbai,Maharashtra,412909,O+,Tailor,Aadhaar,284570011174,True,2026-07-04T06:08:37.946738,2026-07-04T06:08:37.946738
8a0ca82e-b708-4ab5-bc64-ec4c25511925,Jayesh,Patel,Male,22,Single,8836221915,"739, Market Yard",Mumbai,Maharashtra,424480,A+,Teacher,Aadhaar,632427493964,True,2026-07-04T06:08:37.946738,2026-07-04T06:08:37.946738
00413523-8631-4147-a830-a1fb65b0bfe7,Divya,Pandey,Female,64,Widowed,7424065428,"657, Old Bazaar",Varanasi,Uttar Pradesh,228053,O+,Weaver,Aadhaar,463740497470,True,2026-07-04T06:08:37.946738,2026-07-04T06:08:37.946738
bf9f709f-c449-4df2-9062-f5cdb23e45b7,Kakoli,Subramaniam,Female,57,Married,7508596451,"606, Church Street",Coimbatore,Tamil Nadu,629538,B+,Student,Aadhaar,315850376383,True,2026-07-04T06:08:37.946738,2026-07-04T06:08:37.946738
99935a2a-291f-4397-9eca-d75d7e768db3,Suman,Bhagat,Male,31,Widowed,8117794810,"410, River Side",Jaipur,Rajasthan,318844,O+,Priest,Aadhaar,981610853441,True,2026-07-04T06:08:37.946738,2026-07-04T06:08:37.946738
7ceeff91-14b7-4c89-b980-04b17bb0baa1,Baldev,Aggarwal,Male,45,Divorced,8768118443,"198, Church Street",Gurugram,Haryana,125562,A+,Farmer,Aadhaar,978426345773,True,2026-07-04T06:08:37.946738,2026-07-04T06:08:37.946738
7d5b3905-6b61-4120-80cd-ea702cdc82e7,Sadanand,Bhosale,Male,74,Single,7496974086,"460, Old Bazaar",Ahmedabad,Gujarat,373772,B+,Priest,Aadhaar,456865192721,True,2026-07-04T06:08:37.946738,2026-07-04T06:08:37.946738
3b911d6f-cd32-40bd-9e9b-34986b3b57e2,Kavita,Grover,Female,22,Widowed,7512690815,"192, Ring Road",Delhi,Delhi,110043,AB+,,Aadhaar,474652208589,True,2026-07-04T06:08:37.946738,2026-07-04T06:08:37.946738
ebe55cc8-acb8-4264-9edb-d0527e54cc56,Payel,Banerjee,Female,37,Divorced,6906110841,"456, Civil Lines",Darbhanga,Bihar,843674,O+,Retired,Aadhaar,786341951134,True,2026-07-04T06:08:37.946738,2026-07-04T06:08:37.946738
9d36fb6e-955a-4de0-b5f8-910f2ca2ebfc,Ratna,Choudhury,Female,15,Single,6155266930,"453, River Side",Kolkata,West Bengal,723428,O+,Business,Aadhaar,940234789479,True,2026-07-04T06:08:37.946738,2026-07-04T06:08:37.946738
a056f853-3432-49f3-877b-a55b2763cde8,Satpal,Chopra,Male,7,Single,9172343368,"393, Lake View",Prayagraj,Uttar Pradesh,206454,AB+,Government Employee,Aadhaar,680189496962,True,2026-07-04T06:08:37.946738,2026-07-04T06:08:37.946738
702a23af-697f-4683-8bb5-53f78bac795d,Parvathi,Iyer,Female,18,Single,7656078651,"349, New Colony",Bangalore,Karnataka,586219,AB+,Nurse,Aadhaar,451668780368,True,2026-07-04T06:08:37.946738,2026-07-04T06:08:37.946738
b615cd8b-bc71-4e06-831d-06e7a0f9653d,Praveen Kumar,Menon,Male,40,Widowed,7892125606,"823, Ring Road",Vijayawada,Andhra Pradesh,534420,O+,Software Engineer,Aadhaar,854381477756,True,2026-07-04T06:08:37.946738,2026-07-04T06:08:37.946738
c6fc77b0-6f4e-4df0-89a9-9844e1b803c3,Ganesan,Mishra,Male,14,Single,8107344227,"770, Gandhi Chowk",Gwalior,Madhya Pradesh,464182,A+,Weaver,Aadhaar,735231162754,True,2026-07-04T06:08:37.946738,2026-07-04T06:08:37.946738
43d1a14f-81da-4318-8782-ef0cfda7b366,Chetan,Patil,Male,17,Single,7981317559,"728, MG Road",Jaipur,Rajasthan,308083,B+,,Aadhaar,657925577469,True,2026-07-04T06:08:37.946738,2026-07-04T06:08:37.946738
d4557cfe-c913-48ac-b2b6-b85fc476d519,Sudesh,Bedi,Female,33,Widowed,6841989647,"556, Shivaji Nagar",Kanpur,Uttar Pradesh,261733,O+,Doctor,Aadhaar,604167249032,True,2026-07-04T06:08:37.946738,2026-07-04T06:08:37.946738
e457f9fa-7dcb-4692-b6ea-447cb637be32,Trishna,Yimchunger,Female,88,Married,8305502109,"815, Shivaji Nagar",Imphal,Manipur,795030,,Doctor,Aadhaar,667200409038,True,2026-07-04T06:08:37.946738,2026-07-04T06:08:37.946738
d152f7bb-78e6-4982-b870-60889ad60249,Bharati,Choudhury,Female,20,Single,8296527777,"557, Sector 12",Cuttack,Odisha,751406,A+,Fisherman,Aadhaar,378834155412,True,2026-07-04T06:08:37.946738,2026-07-04T06:08:37.946738
b531582a-0ce4-4b1b-9e8a-7aaa06c0463d,Deepali,Kulkarni,Female,26,Widowed,7996609771,"991, Sector 12",Nagpur,Maharashtra,410416,O+,Teacher,Aadhaar,522942982697,True,2026-07-04T06:08:37.946738,2026-07-04T06:08:37.946738
f6f0d3a2-bba5-4ca6-91f6-1d4e6185463e,Dinesh Kumar,Chettiar,Male,8,Single,9860561707,"405, Green Park",Gulbarga,Karnataka,569909,O+,Electrician,Aadhaar,182180305978,True,2026-07-04T06:08:37.946738,2026-07-04T06:08:37.946738
46f347ff-a9d0-4106-9124-388ba4d4e255,Ramesh Babu,Kamath,Male,19,Single,6949735270,"380, Gandhi Chowk",Nellore,Andhra Pradesh,515612,A+,Potter,Aadhaar,644872194527,True,2026-07-04T06:08:37.946738,2026-07-04T06:08:37.946738
175c49ce-0da3-4615-93cc-04e3ff44214c,Raghavan,Venkataraman,Male,27,Married,9899874728,"831, Hill Colony",Bangalore,Karnataka,579419,A+,Electrician,Aadhaar,926499462985,True,2026-07-04T06:08:37.946738,2026-07-04T06:08:37.946738
5bca1ea6-4fa4-49ba-9faf-c7fa0638636b,Yogesh,Jadhav,Male,17,Single,7509446519,"664, Model Town",Jaipur,Rajasthan,344950,B+,Tailor,Aadhaar,668767397853,True,2026-07-04T06:08:37.946738,2026-07-04T06:08:37.946738
00194d11-c946-4e89-959b-5948cd7d42d7,Manikandan,Chandran,Male,76,Single,6659488639,"629, New Colony",Hyderabad,Telangana,506017,B+,Engineer,Aadhaar,738583005292,True,2026-07-04T06:08:37.946738,2026-07-04T06:08:37.946738
a7685d67-f5fb-4797-ae37-a6f1c55863c1,Harpreet,Anand,Male,40,Married,9803774838,"4, Green Park",Bhilai,Chhattisgarh,493928,B+,Accountant,Aadhaar,430293235362,True,2026-07-04T06:08:37.946738,2026-07-04T06:08:37.946738
f3c8d386-54bc-4539-9d79-e72fb098024b,Usha,Gill,Female,41,Divorced,9234481609,"788, Gandhi Chowk",Sagar,Madhya Pradesh,465577,,Driver,Aadhaar,178848740392,True,2026-07-04T06:08:37.946738,2026-07-04T06:08:37.946738
3f95f2c0-8ed1-4795-844d-b15e8beb6dbd,Deepali,Sangma,Female,49,Widowed,6310608533,"837, Model Town",Rajkot,Gujarat,362266,A+,Clerk,Aadhaar,553470528538,True,2026-07-04T06:08:37.946738,2026-07-04T06:08:37.946738
159be29e-6af4-4f51-9ba6-227c886cc12f,Arun,Chopra,Male,26,Married,7966173516,"955, College Road",Sagar,Madhya Pradesh,465033,B+,,Aadhaar,468737983656,True,2026-07-04T06:08:37.946738,2026-07-04T06:08:37.946738
ab2a58fa-862f-4f20-8779-46d0328cbb57,Chetan,Kulkarni,Male,32,Divorced,9639370802,"806, Market Yard",Sangli,Maharashtra,402592,AB-,Carpenter,Aadhaar,222599809384,True,2026-07-04T06:08:37.946738,2026-07-04T06:08:37.946738
97473bff-a605-40b3-b727-501b30141691,Kantilal,Parekh,Male,33,Widowed,9896419624,"699, Old Bazaar",Ahmedabad,Gujarat,369112,O-,Student,Aadhaar,566353322192,True,2026-07-04T06:08:37.946738,2026-07-04T06:08:37.946738
4695f6f6-3d43-45c4-8131-4764dc05335a,Girish,Yadav,Male,28,Single,6117339727,"548, Lake View",Gorakhpur,Uttar Pradesh,253790,O+,Nurse,Aadhaar,960429392398,True,2026-07-04T06:08:37.946738,2026-07-04T06:08:37.946738
d9e1bd73-c9f0-4bfe-b731-f2a8a04bcc4f,Kamlesh,Gupta,Female,8,Single,7856971046,"428, Ring Road",Bhilai,Chhattisgarh,494483,O-,,Aadhaar,241925185944,True,2026-07-04T06:08:37.946738,2026-07-04T06:08:37.946738
8074eb71-385a-46c7-ae89-52de9adc956f,Vasant,Kulkarni,Male,19,Single,8553824186,"65, College Road",Ahmedabad,Gujarat,396055,B+,Priest,Aadhaar,171981454092,True,2026-07-04T06:08:37.946738,2026-07-04T06:08:37.946738
8d3e5e45-d5c3-4b5c-8666-7142b832cff6,Rupali,Hegde,Female,35,Widowed,9374676923,"219, Model Town",Junagadh,Gujarat,380106,O+,Nurse,Aadhaar,150984648806,True,2026-07-04T06:08:37.946738,2026-07-04T06:08:37.946738
491f917f-8d47-4809-9095-77d3be512c18,Srinivasan,Naidu,Male,26,Single,8493404948,"342, Market Yard",Mysore,Karnataka,578718,O+,Electrician,Aadhaar,263202342664,True,2026-07-04T06:08:37.946738,2026-07-04T06:08:37.946738
64ddcfb1-62bf-4713-b0cc-12a996500c66,Harpreet,Chauhan,Male,40,Divorced,9953529074,"800, Gandhi Chowk",Korba,Chhattisgarh,495823,B+,Potter,Aadhaar,708090294900,True,2026-07-04T06:08:37.946738,2026-07-04T06:08:37.946738
78a789f0-b431-4ee9-9fdb-1d0262f9db54,Amandeep Kaur,Bedi,Female,72,Married,7636979426,"492, Market Yard",Agra,Uttar Pradesh,211022,O+,Accountant,Aadhaar,731235472664,True,2026-07-04T06:08:37.946738,2026-07-04T06:08:37.946738
79e3382a-280b-467c-a386-c94a4ed4b34f,Kuldeep,Verma,Male,37,Widowed,8225530174,"602, Sector 12",Indore,Madhya Pradesh,470912,O+,Plumber,Aadhaar,809032504246,True,2026-07-04T06:08:37.946738,2026-07-04T06:08:37.946738
116cc782-6752-46bb-a07c-234e27d63c0c,Debjani,Rout,Female,16,Single,9936294113,"320, Nehru Nagar",Kolkata,West Bengal,716252,B+,Clerk,Aadhaar,451349188997,True,2026-07-04T06:08:37.946738,2026-07-04T06:08:37.946738
b33a32a0-b72f-4b44-93a5-cdeed6fd39c7,Kamlesh,Rawat,Female,66,Divorced,7135399324,"371, Sector 12",Indore,Madhya Pradesh,470033,B+,Software Engineer,Aadhaar,839082912318,True,2026-07-04T06:08:37.946738,2026-07-04T06:08:37.946738
43b5705f-78d2-4416-9afe-3017f629a72c,Kajal,Pandey,Female,82,Married,9781705243,"77, Church Street",Sangli,Maharashtra,412925,B+,,Aadhaar,481802522821,True,2026-07-04T06:08:37.946738,2026-07-04T06:08:37.946738
38db9288-233b-4835-90a9-41e94b28d21b,Manisha,Verma,Female,20,Single,9914803337,"962, Lake View",Lucknow,Uttar Pradesh,278789,A+,Weaver,Aadhaar,679281683882,True,2026-07-04T06:08:37.946738,2026-07-04T06:08:37.946738
a81aa500-8d78-4833-9f75-8fe1bd8fc418,Vikram,Brar,Male,67,Single,6397675399,"23, New Colony",Jabalpur,Madhya Pradesh,470340,B+,Doctor,Aadhaar,543648840811,True,2026-07-04T06:08:37.946738,2026-07-04T06:08:37.946738
66b2ff60-249c-4b7d-a930-31e25006e1e6,Amit,Rao,Male,32,Married,8692653700,"438, College Road",Lucknow,Uttar Pradesh,264371,O+,Government Employee,Aadhaar,239300408111,True,2026-07-04T06:08:37.946738,2026-07-04T06:08:37.946738
a8569ee8-d408-4bb2-aa6d-83820959fe2d,Bhavani,Panicker,Female,90,Divorced,6223459232,"825, MG Road",Hubli,Karnataka,563850,B+,Farmer,Aadhaar,457156725040,True,2026-07-04T06:08:37.946738,2026-07-04T06:08:37.946738
284942d5-c00b-4223-bfe4-3a99d34fd0e7,Debjani,Roy,Female,49,Widowed,9808032900,"434, Lake View",Patna,Bihar,837113,AB-,Carpenter,Aadhaar,991638299733,True,2026-07-04T06:08:37.946738,2026-07-04T06:08:37.946738
9574196d-8222-4c45-80cb-25a167cd297f,Mahesh,Tiwari,Male,35,Divorced,9770366704,"610, Lake View",Moradabad,Uttar Pradesh,278318,B+,Software Engineer,Aadhaar,123481084599,True,2026-07-04T06:08:37.946738,2026-07-04T06:08:37.946738
75a330a1-9317-49c0-a679-a2b4d94b6e58,Sagarika,Nandi,Female,8,Single,7245920859,"254, Gandhi Chowk",Howrah,West Bengal,717321,AB+,Clerk,Aadhaar,236524733552,True,2026-07-04T06:08:37.946738,2026-07-04T06:08:37.946738
19dba9d2-fbd1-4ed2-8be4-c702b0569fd5,Ravichandran,Chandran,Male,42,Widowed,7882583034,"864, Shivaji Nagar",Hyderabad,Telangana,505802,AB+,Electrician,Aadhaar,997530074285,True,2026-07-04T06:08:37.946738,2026-07-04T06:08:37.946738
863605b1-e7ce-4f3b-959f-6a503c556c58,Varsha,Pandya,Female,6,Single,8217274856,"653, Gandhi Chowk",Nashik,Maharashtra,407442,B+,Farmer,Aadhaar,516731090218,True,2026-07-04T06:08:37.946738,2026-07-04T06:08:37.946738
ce772441-809c-4333-a13f-654596fbfa4c,Natarajan,Nair,Male,21,Widowed,7289554319,"78, Ring Road",Warangal,Telangana,504339,O+,Tailor,Aadhaar,370352006455,True,2026-07-04T06:08:37.946738,2026-07-04T06:08:37.946738
378a837e-21e8-4206-9465-bada1033de79,Kabita,Ganguly,Female,37,Married,8817340574,"783, New Colony",Dhanbad,Jharkhand,831707,A+,Fisherman,Aadhaar,872201216207,True,2026-07-04T06:08:37.946738,2026-07-04T06:08:37.946738
d2c2a631-d302-4d72-9022-3cbb4dd54efb,Hitesh,Vora,Male,60,Single,9669048555,"131, New Colony",Surat,Gujarat,384167,O+,Homemaker,Aadhaar,825214243272,True,2026-07-04T06:08:37.946738,2026-07-04T06:08:37.946738
6654f68f-046f-4a1a-bd24-e4a0d308931a,Usha,Aggarwal,Female,18,Single,7986349312,"357, Lake View",Haridwar,Uttarakhand,245834,A+,Fisherman,Aadhaar,287453158136,True,2026-07-04T06:08:37.946738,2026-07-04T06:08:37.946738
53ee6645-3085-45ab-8026-ef59a7e5be6b,Sathish,Mudaliar,Male,72,Married,9967900379,"217, Church Street",Chennai,Tamil Nadu,616991,A+,Business,Aadhaar,874298846240,True,2026-07-04T06:08:37.946738,2026-07-04T06:08:37.946738
2c31af1c-5592-498b-a370-50fd1e3d42d8,Chitra,Krishnan,Female,29,Single,6428692923,"438, Ring Road",Warangal,Telangana,500867,,Software Engineer,Aadhaar,525784661263,True,2026-07-04T06:08:37.946738,2026-07-04T06:08:37.946738
8250168c-22d1-41d1-bfa7-b8c10e0c2073,Nita,Lodha,Female,12,Single,9737472744,"234, Hill Colony",Vadodara,Gujarat,383045,AB+,Priest,Aadhaar,740039023064,True,2026-07-04T06:08:37.946738,2026-07-04T06:08:37.946738
cc6cb37b-0316-4477-bed6-38656eaf9e97,Kishor,Ramanathan,Male,9,Single,7747522418,"446, Nehru Nagar",Mumbai,Maharashtra,406068,A+,Homemaker,Aadhaar,344015385801,True,2026-07-04T06:08:37.946738,2026-07-04T06:08:37.946738
a3062997-17e4-4a83-97cf-86c25e40c77d,Sudhir Ranjan,Roy,Male,52,Widowed,6858772079,"489, Ring Road",Kolkata,West Bengal,713192,O+,Teacher,Aadhaar,166021090347,True,2026-07-04T06:08:37.946738,2026-07-04T06:08:37.946738
a36a989d-23ca-4a6f-b1d7-aa619d50c386,Satpal,Sidhu,Male,84,Widowed,8265951968,"471, Hill Colony",Aligarh,Uttar Pradesh,276132,B+,Labourer,Aadhaar,750684862983,True,2026-07-04T06:08:37.946738,2026-07-04T06:08:37.946738
05f6de5f-c1ab-470b-986d-53337b1fb25e,Pushpa,Parekh,Female,50,Widowed,9887102117,"520, Ambedkar Marg",Jaipur,Rajasthan,312358,B+,Doctor,Aadhaar,417286765604,True,2026-07-04T06:08:37.946738,2026-07-04T06:08:37.946738
46aba45d-ec13-41de-be85-6cafc6ea13f2,Krishnamurthy,Iyengar,Male,8,Single,7329004714,"615, Model Town",Vijayawada,Andhra Pradesh,527916,A+,Electrician,Aadhaar,548659455102,True,2026-07-04T06:08:37.946738,2026-07-04T06:08:37.946738
7cdafc6d-d476-49d5-b9cf-b07cd62c3007,Revathi,Bedi,Female,49,Married,6275417805,"566, Temple Road",Agra,Uttar Pradesh,231331,B+,Farmer,Aadhaar,250056379037,True,2026-07-04T06:08:37.946738,2026-07-04T06:08:37.946738
7868df4e-293a-466d-a036-094e6eaba8a3,Vaibhav,Pandya,Male,35,Widowed,7951629292,"970, Lake View",Surat,Gujarat,368837,B+,Nurse,Aadhaar,399765479269,True,2026-07-04T06:08:37.946738,2026-07-04T06:08:37.946738
193cb0a7-b7c9-4157-8aa4-9f7c8715565f,Bhushan,Kothari,Male,19,Single,7885344371,"807, Shivaji Nagar",Navi Mumbai,Maharashtra,428867,B+,Nurse,Aadhaar,304347963476,True,2026-07-04T06:08:37.946738,2026-07-04T06:08:37.946738
feee101b-193e-4c9b-872c-38c34f4bea67,Bibhuti,Lahiri,Male,15,Single,7172705460,"264, Model Town",Kolkata,West Bengal,741159,B+,Weaver,Aadhaar,832589354044,True,2026-07-04T06:08:37.946738,2026-07-04T06:08:37.946738
508cee92-4573-4b33-9dd0-2d06456168af,Jaspreet Kaur,Anand,Female,70,Divorced,7219613444,"993, MG Road",Shimla,Himachal Pradesh,173918,O+,Accountant,Aadhaar,600604696846,True,2026-07-04T06:08:37.946738,2026-07-04T06:08:37.946738
a63af488-6bd7-4b55-800f-b027b0c82eae,Devendra,Rathore,Male,60,Divorced,9990777943,"927, Civil Lines",Delhi,Delhi,110014,A-,Housewife,Aadhaar,912116618353,True,2026-07-04T06:08:37.946738,2026-07-04T06:08:37.946738
c0a29b43-9826-4c2a-82ae-e46fa10f672b,Meenakshi,Modi,Female,7,Single,6664235653,"153, College Road",Ahmedabad,Gujarat,395659,,Teacher,Aadhaar,130807033871,True,2026-07-04T06:08:37.946738,2026-07-04T06:08:37.946738
24aab500-c79b-4fb3-9c18-693591613e72,Pallavi,Rawat,Female,6,Single,8712284927,"424, Nehru Nagar",Ghaziabad,Uttar Pradesh,218224,O+,Driver,Aadhaar,958593739415,True,2026-07-04T06:08:37.946738,2026-07-04T06:08:37.946738
ec804bbe-4038-49c4-93de-38b1c4ab5a5d,Dimpi,Boruah,Female,10,Single,7114775334,"839, Hill Colony",Dibrugarh,Assam,785308,B+,Farmer,Aadhaar,611389032503,True,2026-07-04T06:08:37.946738,2026-07-04T06:08:37.946738
1578d45e-4c8d-4407-b682-385dc64f88ba,Geeta,Sodhi,Female,83,Divorced,9797530539,"358, Lake View",Delhi,Delhi,110090,A+,Carpenter,Aadhaar,744266079620,True,2026-07-04T06:08:37.946738,2026-07-04T06:08:37.946738
225b52b8-cdc0-4a61-99e8-7aeb361dd193,Riya,Sawant,Female,10,Single,9542705347,"637, Ring Road",Jaipur,Rajasthan,326779,O+,Nurse,Aadhaar,693153812698,True,2026-07-04T06:08:37.946738,2026-07-04T06:08:37.946738
1b66e4d3-f8cc-4ed7-8c3b-1422c79ec6fb,Manikandan,Subramaniam,Male,45,Widowed,6832269381,"978, Sector 12",Bangalore,Karnataka,589710,B+,Retired,Aadhaar,762695819157,True,2026-07-04T06:08:37.946738,2026-07-04T06:08:37.946738
57c0113f-64de-4e16-a501-aeec7a33d01c,Bibhuti,Chatterjee,Male,66,Divorced,9705203653,"524, Church Street",Durgapur,West Bengal,734925,O+,Engineer,Aadhaar,156204127119,True,2026-07-04T06:08:37.946738,2026-07-04T06:08:37.946738
7827e4d7-8c55-4910-a6c9-402e7df6aa49,Simran,Chauhan,Female,72,Divorced,7801280935,"593, Market Yard",Jabalpur,Madhya Pradesh,485257,B+,Tailor,Aadhaar,405630335130,True,2026-07-04T06:08:37.946738,2026-07-04T06:08:37.946738
a54937a2-893a-4001-948e-89f7acb34bea,Dulal,Acharya,Male,9,Single,9686887768,"15, Sector 12",Bhubaneswar,Odisha,765431,,Priest,Aadhaar,479627770989,True,2026-07-04T06:08:37.946738,2026-07-04T06:08:37.946738
b5ded3e4-a52d-4df6-8f56-d924a611bf53,Barun,Basu,Male,60,Single,6995156385,"995, Civil Lines",Ranchi,Jharkhand,834897,B-,Electrician,Aadhaar,477802073554,True,2026-07-04T06:08:37.946738,2026-07-04T06:08:37.946738
791b0804-63ab-4fb1-8dd8-3b83b483aab2,Anjali,Gupta,Female,32,Widowed,9808381547,"519, River Side",Mumbai,Maharashtra,422868,A+,Labourer,Aadhaar,298878179887,True,2026-07-04T06:08:37.946738,2026-07-04T06:08:37.946738
4234554b-0e49-4b31-86e0-cda0f8992cc7,Sharmila,Chettiar,Female,25,Single,9801543651,"621, Nehru Nagar",Patna,Bihar,845730,,Government Employee,Aadhaar,545116978344,True,2026-07-04T06:08:37.946738,2026-07-04T06:08:37.946738
98c3c228-78ce-4363-a848-4004f5f4ac4a,Kamlesh,Bansal,Female,13,Single,9873230763,"822, Market Yard",Ujjain,Madhya Pradesh,451810,A+,,Aadhaar,398494728116,True,2026-07-04T06:08:37.946738,2026-07-04T06:08:37.946738
260c0d41-5e53-4f25-a023-ca64f6ec3204,Gurmeet Kaur,Singh,Female,18,Single,8887327252,"606, Gandhi Chowk",Noida,Uttar Pradesh,264990,AB-,Shopkeeper,Aadhaar,583440742941,True,2026-07-04T06:08:37.946738,2026-07-04T06:08:37.946738
ce07f411-b479-44e5-a996-d692358f09b6,Harpreet,Chauhan,Male,41,Widowed,9860072723,"502, Ring Road",Satna,Madhya Pradesh,450408,A+,Clerk,Aadhaar,570028880283,True,2026-07-04T06:08:37.946738,2026-07-04T06:08:37.946738
16cc8b50-f9d7-44d9-8aba-e2407b7604c0,Prashant,Jadhav,Male,23,Divorced,8351112334,"643, Gandhi Chowk",Surat,Gujarat,376430,O+,Plumber,Aadhaar,560305049506,True,2026-07-04T06:08:37.946738,2026-07-04T06:08:37.946738
94244c76-85f2-4350-ac75-098893b2d7f5,Sanjay,Rathore,Male,47,Single,6437201383,"577, MG Road",Kanpur,Uttar Pradesh,202875,B+,Housewife,Aadhaar,826444807902,True,2026-07-04T06:08:37.946738,2026-07-04T06:08:37.946738
9687843c-653c-47cc-91f6-bf45a91d1f4b,Ranganathan,Naicker,Male,23,Married,8991256967,"848, Sector 12",Mysore,Karnataka,563620,A+,Weaver,Aadhaar,422152896842,True,2026-07-04T06:08:37.946738,2026-07-04T06:08:37.946738
ff0e5c96-1146-4a95-9a13-d505efbad70e,Radha,Raman,Female,38,Widowed,9801054570,"411, Green Park",Kollam,Kerala,691869,O-,Retired,Aadhaar,623197546807,True,2026-07-04T06:08:37.946738,2026-07-04T06:08:37.946738
43c07340-3576-473e-a09e-1de0ea63dee2,Vimla,Iyer,Female,62,Widowed,7729336745,"447, Ring Road",Kochi,Kerala,680799,AB+,Engineer,Aadhaar,413798999609,True,2026-07-04T06:08:37.946738,2026-07-04T06:08:37.946738
fb490d2f-ce4a-49b6-b07a-f7a0689248ec,Shilpa,Thakur,Female,43,Widowed,7278897501,"6, College Road",Surat,Gujarat,365047,A+,,Aadhaar,769544217773,True,2026-07-04T06:08:37.946738,2026-07-04T06:08:37.946738
cb75b0bc-57d9-4f0c-9e3d-f139abadedf9,Mehul,Rane,Male,38,Married,6507918324,"820, Green Park",Jodhpur,Rajasthan,310155,O+,Nurse,Aadhaar,366448702961,True,2026-07-04T06:08:37.946738,2026-07-04T06:08:37.946738
f22295e6-ba93-4cae-b19a-fcdf3f511429,Subrata,Mitra,Male,8,Single,7359646275,"841, MG Road",Ranchi,Jharkhand,815589,O+,Plumber,Aadhaar,538178800848,True,2026-07-04T06:08:37.946738,2026-07-04T06:08:37.946738
54ce9f2b-425d-43c0-b993-cc3c499720ed,Foram,Salunkhe,Female,40,Widowed,7711510123,"403, Ambedkar Marg",Sangli,Maharashtra,422519,O+,Homemaker,Aadhaar,479043540847,True,2026-07-04T06:08:37.946738,2026-07-04T06:08:37.946738
ef401588-66b6-41a5-aaf5-3a3eba3b6336,Gurmeet Kaur,Handique,Female,40,Divorced,6805159344,"248, Old Bazaar",Kanpur,Uttar Pradesh,246757,B-,Homemaker,Aadhaar,374348629454,True,2026-07-04T06:08:37.946738,2026-07-04T06:08:37.946738
6b9c6adc-16c6-41a7-be0f-d57b6cd25624,Mrinal Kanti,Majumdar,Male,44,Married,9801503805,"547, Shivaji Nagar",Jamshedpur,Jharkhand,823716,O-,Teacher,Aadhaar,776886870876,True,2026-07-04T06:08:37.946738,2026-07-04T06:08:37.946738
fc2c3786-b241-4d74-8c25-74fb4f96e586,Ranjit,Naicker,Male,71,Divorced,7735559781,"201, Temple Road",Patna,Bihar,852541,AB+,Shopkeeper,Aadhaar,633078123525,True,2026-07-04T06:08:37.946738,2026-07-04T06:08:37.946738
658e2c44-fbac-413f-be01-e57d1b8dbaa6,Asha,Patel,Female,34,Single,9973156351,"79, New Colony",Thane,Maharashtra,403810,A+,Driver,Aadhaar,846212797511,True,2026-07-04T06:08:37.946738,2026-07-04T06:08:37.946738
8f204ed2-d71c-436a-875c-bebaca4f375b,Gautam,Mondal,Male,22,Married,6780657373,"281, Church Street",Kolkata,West Bengal,725081,O+,Fisherman,Aadhaar,300526130187,True,2026-07-04T06:08:37.946738,2026-07-04T06:08:37.946738
e99b32a5-edd3-4669-83e4-d315bdaa6748,Satpal,Bansal,Male,31,Single,8139158885,"535, Shivaji Nagar",Delhi,Delhi,110037,O+,Business,Aadhaar,691303594998,True,2026-07-04T06:08:37.946738,2026-07-04T06:08:37.946738
ad5edd24-43a7-4550-90f6-cd9e1389add2,Nripen,Kachari,Male,5,Single,8170379231,"689, Sector 12",Aizawl,Mizoram,796164,O+,Plumber,Aadhaar,153027921901,True,2026-07-04T06:08:37.946738,2026-07-04T06:08:37.946738
35c9b02c-c6de-4380-a1b8-bab7562ab3fa,Vidya,Saikia,Female,14,Single,9126246004,"144, Sector 12",Bangalore,Karnataka,568842,O+,Housewife,Aadhaar,782501650993,True,2026-07-04T06:08:37.946738,2026-07-04T06:08:37.946738
b098c301-724c-4920-92c7-fdae9c92b06e,Rajagopal,Acharya,Male,13,Single,7912275905,"891, Green Park",Hyderabad,Telangana,507778,B+,Nurse,Aadhaar,582141239362,True,2026-07-04T06:08:37.946738,2026-07-04T06:08:37.946738
fca6a5a6-d2e6-45fe-ae04-4b487954372a,Geeta,Kapoor,Female,10,Single,6409345608,"480, Ambedkar Marg",Faridabad,Haryana,123945,AB+,Doctor,Aadhaar,373517868191,True,2026-07-04T06:08:37.946738,2026-07-04T06:08:37.946738
36cb3e5f-e507-436d-a5e3-a3264cb1d21c,Anirban,Bose,Male,37,Single,6471241687,"61, Ambedkar Marg",Ranchi,Jharkhand,819806,AB+,Labourer,Aadhaar,153985136268,True,2026-07-04T06:08:37.946738,2026-07-04T06:08:37.946738
8e663656-7df1-4689-b0d1-b08f7085019d,Devika,Salunkhe,Female,43,Divorced,9302876886,"221, River Side",Pune,Maharashtra,404580,A+,Homemaker,Aadhaar,594870629937,True,2026-07-04T06:08:37.946738,2026-07-04T06:08:37.946738
1ce44559-562d-4a22-857e-48093326c1e7,Deepak,Bedi,Male,12,Single,8596025257,"684, Gandhi Chowk",Lucknow,Uttar Pradesh,238726,A+,Fisherman,Aadhaar,842773415834,True,2026-07-04T06:08:37.946738,2026-07-04T06:08:37.946738
e4334893-7be9-4948-abff-1542e7ac4be4,Vijayan,Sharma,Male,11,Single,8995672734,"258, Model Town",Jammu,Jammu and Kashmir,186454,O+,Government Employee,Aadhaar,921027529212,True,2026-07-04T06:08:37.946738,2026-07-04T06:08:37.946738
2006891e-76c2-4823-be2d-f38d4bd2f954,Snehal,Kothari,Female,17,Single,7277328459,"942, Market Yard",Jodhpur,Rajasthan,327082,A+,Student,Aadhaar,656744584148,True,2026-07-04T06:08:37.946738,2026-07-04T06:08:37.946738
487c4f0b-dba5-4a27-989a-15bd41a3bc2c,Poonam,Bhagat,Female,22,Widowed,7142404521,"15, Nehru Nagar",Bathinda,Punjab,159268,O+,Nurse,Aadhaar,254513465397,True,2026-07-04T06:08:37.946738,2026-07-04T06:08:37.946738
73b9201f-59ea-4388-a0d3-bb8e98238a90,Indira,Shukla,Female,62,Divorced,6614788559,"170, Hill Colony",Ahmedabad,Gujarat,380255,B-,Labourer,Aadhaar,563012186284,True,2026-07-04T06:08:37.946738,2026-07-04T06:08:37.946738
56eafab5-4a6c-4e37-ae3c-055cac5df79d,Paresh,Sarma,Male,51,Married,8418564496,"767, College Road",Aurangabad,Maharashtra,413153,O+,Electrician,Aadhaar,176262717284,True,2026-07-04T06:08:37.946738,2026-07-04T06:08:37.946738
dc2c7e73-7aaf-499a-88af-35be46d7a69a,Rita,Dave,Female,52,Widowed,9451337885,"809, College Road",Mumbai,Maharashtra,400827,O+,Potter,Aadhaar,874076226810,True,2026-07-04T06:08:37.946738,2026-07-04T06:08:37.946738
7db8efbd-38f2-451c-9413-98374b7e5f18,Prabhakaran,Ganapathy,Male,17,Single,8784432700,"144, Gandhi Chowk",Guntur,Andhra Pradesh,515286,B+,Business,Aadhaar,390908239695,True,2026-07-04T06:08:37.946738,2026-07-04T06:08:37.946738
4deffa4d-17fd-4ae0-9fca-2295c388b613,Sujatha,Chetty,Female,70,Single,9525737390,"424, Nehru Nagar",Coimbatore,Tamil Nadu,617893,O+,Nurse,Aadhaar,302110069834,True,2026-07-04T06:08:37.946738,2026-07-04T06:08:37.946738
015bbacc-8d62-42d4-aa6b-179e71fdb850,Renu,Mishra,Female,12,Single,6765648678,"798, Model Town",Gurugram,Haryana,126927,B+,Carpenter,Aadhaar,281045022131,True,2026-07-04T06:08:37.946738,2026-07-04T06:08:37.946738
15af5b09-b016-4bc4-bee1-40ea79001b3d,Sonal,Gupta,Female,49,Divorced,9826784775,"662, River Side",Delhi,Delhi,110043,O+,Accountant,Aadhaar,335939011140,True,2026-07-04T06:08:37.946738,2026-07-04T06:08:37.946738
1f770ff6-8738-4442-86aa-5c81a9379f66,Gurmeet Kaur,Kapoor,Female,34,Widowed,9562720026,"402, Temple Road",Aligarh,Uttar Pradesh,280635,O+,Nurse,Aadhaar,107815040809,True,2026-07-04T06:08:37.946738,2026-07-04T06:08:37.946738
694ec340-bdf6-49d2-a447-2fc7e10ef451,Meenakshi,Pandya,Female,27,Single,8945174050,"649, College Road",Nashik,Maharashtra,410825,B+,Retired,Aadhaar,328261804479,True,2026-07-04T06:08:37.946738,2026-07-04T06:08:37.946738
a1fa5629-2551-4f55-87ce-c570e3a272ae,Gopalakrishnan,Panicker,Male,47,Single,9158897124,"746, Sector 12",Chennai,Tamil Nadu,630640,O+,Carpenter,Aadhaar,377618240231,True,2026-07-04T06:08:37.946738,2026-07-04T06:08:37.946738
a961040e-818a-4c38-b409-61db46d4d0d4,Jayanthi,Warrier,Female,10,Single,6687171717,"50, Temple Road",Kollam,Kerala,686817,B+,Accountant,Aadhaar,923511974153,True,2026-07-04T06:08:37.946738,2026-07-04T06:08:37.946738
70718b35-b4d6-46a6-aad2-97052f260f0d,Sangeeta,Rajkhowa,Female,37,Married,7830338621,"958, New Colony",Silchar,Assam,783951,O+,Homemaker,Aadhaar,977964707331,True,2026-07-04T06:08:37.946738,2026-07-04T06:08:37.946738
b1145317-2834-4e2d-a30d-a2815ff30a81,Deven,Sawant,Male,15,Single,6684613049,"254, Hill Colony",Kalyan,Maharashtra,401813,O+,Housewife,Aadhaar,741757569733,True,2026-07-04T06:08:37.946738,2026-07-04T06:08:37.946738
5fa7057f-25a7-42cb-b3f9-fd7e3e8aabb0,Pranab,Choudhury,Male,38,Married,6933111576,"690, Station Road",Ranchi,Jharkhand,818242,,Retired,Aadhaar,939671149568,True,2026-07-04T06:08:37.946738,2026-07-04T06:08:37.946738
e8ff30ae-ae57-4e95-86c1-a9e3f0c5fee8,Kranti,Bhosale,Female,7,Single,6309215792,"249, Temple Road",Nagpur,Maharashtra,441757,A+,Engineer,Aadhaar,748560981158,True,2026-07-04T06:08:37.946738,2026-07-04T06:08:37.946738
21957e77-49a1-44b9-92d9-427836d1b72a,Surinder,Ahluwalia,Male,27,Divorced,7137542648,"854, Ambedkar Marg",Ghaziabad,Uttar Pradesh,224978,B+,Labourer,Aadhaar,601537432649,True,2026-07-04T06:08:37.946738,2026-07-04T06:08:37.946738
bb4db756-dc3f-426f-9c5b-d9b67248f343,Priya,Sharma,Female,34,Married,6597049646,"386, Old Bazaar",Bhopal,Madhya Pradesh,463931,A+,Shopkeeper,Aadhaar,364267616228,True,2026-07-04T06:08:37.946738,2026-07-04T06:08:37.946738
a60f4122-ab2c-4ee7-847d-494b5498a640,Doyel,Kumar,Female,63,Widowed,8871787020,"505, Ring Road",Chandigarh,Chandigarh,160056,B+,,Aadhaar,858987428175,True,2026-07-04T06:08:37.946738,2026-07-04T06:08:37.946738
d3ccc0ed-224b-40a7-8407-c082f3260d99,Nisha,Goyal,Female,33,Single,6685528587,"956, Model Town",Delhi,Delhi,110037,B+,Doctor,Aadhaar,281268644676,True,2026-07-04T06:08:37.946738,2026-07-04T06:08:37.946738
e4e117c0-2dfb-419e-982b-8b0beee15980,Vijayan,Chavan,Male,45,Widowed,6686675851,"240, Shivaji Nagar",Vellore,Tamil Nadu,622958,O+,Student,Aadhaar,195193765976,True,2026-07-04T06:08:37.946738,2026-07-04T06:08:37.946738
294e49d0-6787-414d-8513-9d1f6bf8ad3d,Vaibhav,Bhosale,Male,34,Single,9630543816,"696, MG Road",Mumbai,Maharashtra,406653,A+,Tailor,Aadhaar,980953368256,True,2026-07-04T06:08:37.946738,2026-07-04T06:08:37.946738
e6fb5eaf-a43e-493f-9c5a-dda337329f3a,Sonal,Dubey,Female,33,Widowed,6457655625,"194, Lake View",Chandigarh,Chandigarh,160051,AB+,Nurse,Aadhaar,120528713795,True,2026-07-04T06:08:37.946738,2026-07-04T06:08:37.946738
6257f7ac-fa28-4074-bea2-a90d7616d919,Bhavesh,Shah,Male,39,Widowed,6487635834,"811, Model Town",Pune,Maharashtra,405086,B+,Engineer,Aadhaar,131536731747,True,2026-07-04T06:08:37.946738,2026-07-04T06:08:37.946738
8435c7ab-0aca-4ed4-894a-7eb1e6483837,Kamala,Venkataraman,Female,23,Divorced,9579512672,"64, Civil Lines",Chennai,Tamil Nadu,632544,B+,Homemaker,Aadhaar,107446771309,True,2026-07-04T06:08:37.946738,2026-07-04T06:08:37.946738
431df5e6-cbe2-4db8-ba8e-f2f1df27b903,Vaibhav,Pandya,Male,41,Single,8451836293,"736, MG Road",Margao,Goa,403087,B+,Student,Aadhaar,368189315241,True,2026-07-04T06:08:37.946738,2026-07-04T06:08:37.946738
d8987376-4c56-4831-b32d-ca9815370461,Vijay,Patel,Male,36,Widowed,6196626995,"770, Station Road",Vadodara,Gujarat,364143,A+,Nurse,Aadhaar,524556795156,True,2026-07-04T06:08:37.946738,2026-07-04T06:08:37.946738
8afe9cb0-97cc-4a31-99f8-e991e90d5261,Rohit,Bhalla,Male,35,Widowed,6171020788,"691, Green Park",Faridabad,Haryana,131454,A+,Electrician,Aadhaar,197577427420,True,2026-07-04T06:08:37.946738,2026-07-04T06:08:37.946738
66eea10b-8d1a-458d-8a57-f7ebb7327501,Gurmeet Kaur,Gill,Female,33,Divorced,7777268327,"674, Gandhi Chowk",Gurugram,Haryana,123680,AB+,Government Employee,Aadhaar,909377271124,True,2026-07-04T06:08:37.946738,2026-07-04T06:08:37.946738
157ee7d9-0560-4528-b191-edce2bd1c274,Lakshya,Reddiar,Male,16,Single,6233462931,"103, Sector 12",Belgaum,Karnataka,586901,AB+,Electrician,Aadhaar,608533220757,True,2026-07-04T06:08:37.946738,2026-07-04T06:08:37.946738
8ce0febb-e53e-47ba-89de-d63c7f54f528,Kavitha,Iyengar,Female,10,Single,6619625812,"40, River Side",Kollam,Kerala,675023,A+,Shopkeeper,Aadhaar,615171147370,True,2026-07-04T06:08:37.946738,2026-07-04T06:08:37.946738
2e46c4b9-f4db-40a5-9951-8e9cb193ff61,Uday,Parekh,Male,8,Single,7427849546,"463, Lake View",Mumbai,Maharashtra,410628,B+,Driver,Aadhaar,266337762602,True,2026-07-04T06:08:37.946738,2026-07-04T06:08:37.946738
33f29565-002a-49b3-b303-293c12bda2e1,Rohit,Sidhu,Male,34,Divorced,7487364073,"726, Lake View",Indore,Madhya Pradesh,482693,O+,Student,Aadhaar,337039994064,True,2026-07-04T06:08:37.946738,2026-07-04T06:08:37.946738
867a6a13-5822-4013-8d24-08f1b41eeb5d,Nisha,Goyal,Female,65,Single,9815088655,"434, Model Town",Kanpur,Uttar Pradesh,280486,A+,Retired,Aadhaar,393286126752,True,2026-07-04T06:08:37.946738,2026-07-04T06:08:37.946738
10979e21-8922-4f76-9ac9-640fc8a891a7,Sunil,Anand,Male,23,Single,7747262863,"80, Hill Colony",Bilaspur,Chhattisgarh,496006,B+,Retired,Aadhaar,271675061252,True,2026-07-04T06:08:37.946738,2026-07-04T06:08:37.946738
64ae0cfb-defa-44bb-a5e2-3f908f1311e4,Payal,Sarkar,Female,82,Married,6541320138,"435, Model Town",Amravati,Maharashtra,416112,O+,Government Employee,Aadhaar,199356305459,True,2026-07-04T06:08:37.946738,2026-07-04T06:08:37.946738
4387f186-1193-4d48-8e9b-1042f254e134,Suganya,Shetty,Female,20,Single,9295364516,"909, Model Town",Thiruvananthapuram,Kerala,676389,,Government Employee,Aadhaar,977732701215,True,2026-07-04T06:08:37.946738,2026-07-04T06:08:37.946738
23a9fb02-0295-4592-9810-5be11e23eb83,Pramod,Kumar,Male,69,Married,9464571817,"272, River Side",Prayagraj,Uttar Pradesh,235732,O+,Electrician,Aadhaar,938234596208,True,2026-07-04T06:08:37.946738,2026-07-04T06:08:37.946738
c1efc2dd-5c7a-470c-960f-3d6a54de304e,Satpal,Sethi,Male,39,Single,6494157190,"77, Station Road",Bhopal,Madhya Pradesh,457291,O+,Government Employee,Aadhaar,772770898618,True,2026-07-04T06:08:37.946738,2026-07-04T06:08:37.946738
8d776236-7202-44d0-9871-547c5f9564e2,Randhir,Bhattacharya,Male,49,Widowed,9882156447,"210, Old Bazaar",Amritsar,Punjab,147026,B+,Plumber,Aadhaar,939127763081,True,2026-07-04T06:08:37.946738,2026-07-04T06:08:37.946738
1cf7912b-b385-4bf9-b252-4dee7f1a1aff,Elango,Pillai,Male,55,Single,8615510972,"905, River Side",Madurai,Tamil Nadu,611628,AB+,Teacher,Aadhaar,995352666212,True,2026-07-04T06:08:37.946738,2026-07-04T06:08:37.946738
4038d475-0309-47fd-aa2d-2587a72bb356,Ganesan,Krishnan,Male,46,Divorced,8356207634,"761, Green Park",Bangalore,Karnataka,577534,B+,Retired,Aadhaar,324663462232,True,2026-07-04T06:08:37.946738,2026-07-04T06:08:37.946738
ffb62101-5af2-4f85-9064-b820c31eabbd,Amit,Aggarwal,Male,39,Divorced,6878885665,"28, Temple Road",Chandigarh,Chandigarh,160104,A+,Labourer,Aadhaar,443224300000,True,2026-07-04T06:08:37.946738,2026-07-04T06:08:37.946738
d94b2b7a-f921-4e1b-ad9c-027828825af7,Pranab,Chatterjee,Male,6,Single,9463102302,"10, College Road",Cuttack,Odisha,753541,A+,Engineer,Aadhaar,211707755950,True,2026-07-04T06:08:37.946738,2026-07-04T06:08:37.946738
7c360eff-3fdd-43f9-be39-db0c62f2bd7b,Nitin,Verma,Male,17,Single,6373073382,"780, Nehru Nagar",Ludhiana,Punjab,146136,AB+,Accountant,Aadhaar,695372592911,True,2026-07-04T06:08:37.946738,2026-07-04T06:08:37.946738
dede2728-3baa-4978-a9f5-2cb0e9f7c052,Doyel,Chahal,Female,82,Divorced,6383761498,"766, New Colony",Bhagalpur,Bihar,835914,O+,Tailor,Aadhaar,519888286148,True,2026-07-04T06:08:37.946738,2026-07-04T06:08:37.946738
9ebedc2f-5084-4b83-ae0c-0d11f421e28c,Archana,Rane,Female,15,Single,7376368480,"402, MG Road",Ahmedabad,Gujarat,391175,O+,Labourer,Aadhaar,174831807993,True,2026-07-04T06:08:37.946738,2026-07-04T06:08:37.946738
dba0a850-f1ab-4c75-803a-2051c4827c3b,Sarika,Vora,Female,10,Single,9848966217,"448, Model Town",Jaipur,Rajasthan,333099,A+,Student,Aadhaar,473785483731,True,2026-07-04T06:08:37.946738,2026-07-04T06:08:37.946738
5100b27a-af6c-4093-84a0-aa8d02e229f6,Varsha,Rathi,Female,44,Married,9434881785,"738, Ambedkar Marg",Ahmedabad,Gujarat,362646,B+,Government Employee,Aadhaar,213969042007,True,2026-07-04T06:08:37.946738,2026-07-04T06:08:37.946738
cac8bf5e-3224-4f98-9b62-ea2a3790d2ea,Lata,Ahluwalia,Female,18,Single,6243202660,"544, Church Street",Delhi,Delhi,110071,B+,Retired,Aadhaar,562213220408,True,2026-07-04T06:08:37.946738,2026-07-04T06:08:37.946738
84d55654-66fa-4b29-8375-d5d06d6f968d,Sathish,Reddy,Male,51,Single,6161139353,"91, Lake View",Madurai,Tamil Nadu,619069,O+,Business,Aadhaar,820860698149,True,2026-07-04T06:08:37.946738,2026-07-04T06:08:37.946738
0aa1696f-44db-4a24-b4c6-4d29fbd27910,Nithya,Gill,Female,37,Widowed,7445369407,"416, Church Street",Jalandhar,Punjab,147878,O+,Priest,Aadhaar,601535711282,True,2026-07-04T06:08:37.946738,2026-07-04T06:08:37.946738
fe5b42a9-041d-422b-880a-0351e3d6802d,Kamala,Rathore,Female,31,Divorced,8701435888,"832, Church Street",Delhi,Delhi,110094,AB+,Engineer,Aadhaar,464828126362,True,2026-07-04T06:08:37.946738,2026-07-04T06:08:37.946738
bcda15ab-d7fa-4163-bc71-3f90587fb60c,Bhuvana,Shetty,Female,55,Single,9732421574,"770, Station Road",Kannur,Kerala,690355,O+,Nurse,Aadhaar,328329517497,True,2026-07-04T06:08:37.946738,2026-07-04T06:08:37.946738
00665f33-2ea4-4290-85d6-391e17f961ce,Dimpi,Mehta,Female,54,Single,8389056616,"39, Market Yard",Ahmedabad,Gujarat,360061,O+,Engineer,Aadhaar,193263061683,True,2026-07-04T06:08:37.946738,2026-07-04T06:08:37.946738
f7677c61-c4f1-4186-aa59-322b45b3ba24,Padmanabhan,Ramamurthy,Male,30,Widowed,6859313611,"207, New Colony",Bangalore,Karnataka,588533,B+,Driver,Aadhaar,556487679426,True,2026-07-04T06:08:37.946738,2026-07-04T06:08:37.946738
21f085fd-9f0d-4685-a3b9-ecbd84fc2437,Ramesh Babu,Gowda,Male,47,Married,9948904032,"252, Model Town",Gulbarga,Karnataka,568634,AB+,Plumber,Aadhaar,643423215481,True,2026-07-04T06:08:37.946738,2026-07-04T06:08:37.946738
1ca50103-60fb-475d-a215-2c213cacd763,Ananta,Mudaliar,Male,41,Married,8209961498,"729, New Colony",Nellore,Andhra Pradesh,517162,B+,,Aadhaar,320096496134,True,2026-07-04T06:08:37.946738,2026-07-04T06:08:37.946738
368bccfb-2172-4c30-8a69-a8d8b1883115,Manpreet,Rawat,Male,59,Divorced,9158219934,"681, Station Road",Gurugram,Haryana,132092,O+,Housewife,Aadhaar,695082000347,True,2026-07-04T06:08:37.946738,2026-07-04T06:08:37.946738
6a501231-6b67-4d3e-8c58-dbb355a71772,Deepak,Ganguly,Male,46,Divorced,9940871299,"475, Market Yard",Meerut,Uttar Pradesh,232480,A+,Tailor,Aadhaar,483785738406,True,2026-07-04T06:08:37.946738,2026-07-04T06:08:37.946738
e5d57397-df89-49a9-a6a3-33f7e2f2f5c1,Devika,Balakrishnan,Female,68,Widowed,7484644591,"791, Ambedkar Marg",Chennai,Tamil Nadu,607070,AB+,Homemaker,Aadhaar,509375383963,True,2026-07-04T06:08:37.946738,2026-07-04T06:08:37.946738
80d488dc-7e27-41b1-b04b-c6e33a65574c,Milind,Sawant,Male,14,Single,7800939882,"969, Gandhi Chowk",Solapur,Maharashtra,413486,B+,Engineer,Aadhaar,674043103262,True,2026-07-04T06:08:37.946738,2026-07-04T06:08:37.946738
51dcbda8-53ac-4bec-ab73-500386ae13f5,Revathi,Kurup,Female,62,Single,9115253302,"395, Market Yard",Chennai,Tamil Nadu,618445,A+,Doctor,Aadhaar,436282855556,True,2026-07-04T06:08:37.946738,2026-07-04T06:08:37.946738
aa3e6ab2-2206-4f30-bb63-56c059d575bd,Rashmi Rekha,Krishnan,Female,11,Single,7586583194,"714, River Side",Vijayawada,Andhra Pradesh,529864,O+,,Aadhaar,458916611039,True,2026-07-04T06:08:37.946738,2026-07-04T06:08:37.946738
f2a3c300-2ed4-4132-84e0-59e784e29ad9,Vandana,Yadav,Female,15,Single,9596172863,"787, Ambedkar Marg",Patiala,Punjab,145270,B+,Government Employee,Aadhaar,717472460949,True,2026-07-04T06:08:37.946738,2026-07-04T06:08:37.946738
a3cebf27-032b-4f76-bebf-13943f4f0f87,Vijayan,Pawar,Male,74,Divorced,8771024994,"597, Gandhi Chowk",Jodhpur,Rajasthan,339272,O+,Retired,Aadhaar,573728566955,True,2026-07-04T06:08:37.946738,2026-07-04T06:08:37.946738
09e0970b-4c2e-4fd3-900f-5f40a037039f,Nisha,Bedi,Female,14,Single,7425514504,"894, Shivaji Nagar",Firozabad,Uttar Pradesh,269986,B+,Driver,Aadhaar,112414944010,True,2026-07-04T06:08:37.946738,2026-07-04T06:08:37.946738
59071520-cd05-47a3-8be3-ee2e0be5ff8e,Ketan,Patil,Male,32,Widowed,9584715944,"962, Nehru Nagar",Ahmedabad,Gujarat,374976,B+,Priest,Aadhaar,151125992122,True,2026-07-04T06:08:37.946738,2026-07-04T06:08:37.946738
5ae3ce66-a8d1-44f2-8a9d-e9599e439090,Girish,Brar,Male,45,Divorced,6989762150,"651, Green Park",Amritsar,Punjab,147908,O+,Teacher,Aadhaar,551426170677,True,2026-07-04T06:08:37.946738,2026-07-04T06:08:37.946738
7234ff21-73d0-4c0e-924e-c2580758b431,Milind,Pawar,Male,22,Divorced,8475863575,"493, Old Bazaar",Aurangabad,Maharashtra,411632,B+,Student,Aadhaar,933762682871,True,2026-07-04T06:08:37.946738,2026-07-04T06:08:37.946738
6efff7cb-6389-41c8-8455-93e014cf9d7b,Divya,Namboothiri,Female,70,Married,8485015754,"761, Market Yard",Warangal,Telangana,501800,A+,Nurse,Aadhaar,557076295152,True,2026-07-04T06:08:37.946738,2026-07-04T06:08:37.946738
938da493-93a3-4068-9d41-091421bc6c92,Rita,Saxena,Female,41,Married,8710609343,"904, Church Street",Jammu,Jammu and Kashmir,185138,O+,Engineer,Aadhaar,467593419180,True,2026-07-04T06:08:37.946738,2026-07-04T06:08:37.946738
8bb463d1-84f1-4666-b5a0-4db291ab82e2,Rajwinder Kaur,Bhalla,Female,19,Single,9172344415,"608, Shivaji Nagar",Jammu,Jammu and Kashmir,181336,O-,Nurse,Aadhaar,711224913624,True,2026-07-04T06:08:37.946738,2026-07-04T06:08:37.946738
5c6c648e-db6d-40e0-ac17-dfb0374774e0,Sushma,Gandhi,Female,43,Single,6713808290,"436, Civil Lines",Jaipur,Rajasthan,304831,O+,Teacher,Aadhaar,526081653780,True,2026-07-04T06:08:37.946738,2026-07-04T06:08:37.946738
3f5ad85f-28e6-4a5c-8999-36283d1047f7,Mehul,Sawant,Male,24,Married,6244035046,"495, Ring Road",Nagpur,Maharashtra,426567,B+,Farmer,Aadhaar,325015282703,True,2026-07-04T06:08:37.946738,2026-07-04T06:08:37.946738
3b17af99-dc91-4f61-bccb-c578b8e61db5,Dharmesh,Sidhu,Male,13,Single,8816569076,"355, Civil Lines",Moradabad,Uttar Pradesh,251897,O+,Student,Aadhaar,307933231040,True,2026-07-04T06:08:37.946738,2026-07-04T06:08:37.946738
924a0224-a492-4773-a160-837516f03812,Parvathi,Venkataraman,Female,20,Single,7922863268,"623, Lake View",Kollam,Kerala,680139,,Shopkeeper,Aadhaar,141703854504,True,2026-07-04T06:08:37.946738,2026-07-04T06:08:37.946738
ccfa9f98-ab76-4d95-b9fe-6e7054da6da3,Gautam,Panda,Male,8,Single,7861764339,"456, Ring Road",Howrah,West Bengal,724966,O+,Business,Aadhaar,964273126221,True,2026-07-04T06:08:37.946738,2026-07-04T06:08:37.946738
07621158-b552-4e7a-9ed5-993389aaeecf,Jayasree,Choudhury,Female,13,Single,6837373222,"864, College Road",Kolkata,West Bengal,738188,O+,Nurse,Aadhaar,175854776114,True,2026-07-04T06:08:37.946738,2026-07-04T06:08:37.946738
6f0a6b7f-1613-4461-a382-998d9969904f,Kranti,Jadhav,Female,36,Married,9620149143,"815, New Colony",Navi Mumbai,Maharashtra,401968,A+,Retired,Aadhaar,350797073111,True,2026-07-04T06:08:37.946738,2026-07-04T06:08:37.946738
2be5627e-c4bd-4c53-8334-7cdff977bd0c,Rajwinder Kaur,Rawat,Female,69,Single,9450436300,"596, Lake View",Gwalior,Madhya Pradesh,468343,O+,Carpenter,Aadhaar,886190535277,True,2026-07-04T06:08:37.946738,2026-07-04T06:08:37.946738
cc623d93-93fd-4169-b02d-8bab0a7ce21d,Baldev,Anand,Male,35,Single,6808831044,"206, Shivaji Nagar",Raipur,Chhattisgarh,495821,O+,Weaver,Aadhaar,463735037104,True,2026-07-04T06:08:37.946738,2026-07-04T06:08:37.946738
08e993f1-1208-4372-9dbd-f682644f7f45,Vidya,Namboothiri,Female,10,Single,9696408730,"64, Market Yard",Nellore,Andhra Pradesh,517198,O+,Retired,Aadhaar,786569060893,True,2026-07-04T06:08:37.946738,2026-07-04T06:08:37.946738
8a63f706-2836-4bb8-aad3-fcffea8e8efd,Sagarika,Patra,Female,43,Single,6865623046,"76, Old Bazaar",Darbhanga,Bihar,807918,O+,Electrician,Aadhaar,196956070081,True,2026-07-04T06:08:37.946738,2026-07-04T06:08:37.946738
c82348e4-80e6-42b5-83d9-3ac5500e16a7,Ranganathan,Shetty,Male,10,Single,7854988992,"970, Temple Road",Thiruvananthapuram,Kerala,673557,A+,Carpenter,Aadhaar,722465164047,True,2026-07-04T06:08:37.946738,2026-07-04T06:08:37.946738
e3d762ec-3e67-4bba-b73d-5bd04c6f341c,Jayanta,Nandi,Male,84,Single,8894948800,"879, Old Bazaar",Berhampur,Odisha,766009,B+,Nurse,Aadhaar,890603939973,True,2026-07-04T06:08:37.946738,2026-07-04T06:08:37.946738
e26000ec-5ac5-4bfb-bac0-c1430ef23fe8,Naresh,Verma,Male,41,Married,8738165468,"355, Temple Road",Patiala,Punjab,154536,B+,Housewife,Aadhaar,962177092020,True,2026-07-04T06:08:37.946738,2026-07-04T06:08:37.946738
c544f73a-e70c-416d-bc05-2e39822d438d,Anamika,Sarma,Female,48,Married,7784099953,"471, MG Road",Gangtok,Sikkim,737127,B+,Driver,Aadhaar,136119655334,True,2026-07-04T06:08:37.946738,2026-07-04T06:08:37.946738
a9086a92-1832-4f65-9ee3-18f7c7156800,Rupali,Kadam,Female,89,Single,6171609406,"162, MG Road",Surat,Gujarat,387979,B+,Labourer,Aadhaar,121235426850,True,2026-07-04T06:08:37.946738,2026-07-04T06:08:37.946738
a3e84404-c6a0-4661-bb5c-31aa5a39f835,Ravi,Sandhu,Male,19,Single,6593921913,"656, Ambedkar Marg",Jabalpur,Madhya Pradesh,487966,,Retired,Aadhaar,638270971051,True,2026-07-04T06:08:37.946738,2026-07-04T06:08:37.946738
960b375b-fe16-4b9d-9fa6-921f62ef8e84,Purabi,Majumdar,Female,64,Divorced,9316065635,"616, Civil Lines",Kolkata,West Bengal,704974,B+,Farmer,Aadhaar,397820416746,True,2026-07-04T06:08:37.946738,2026-07-04T06:08:37.946738
98fe9833-ae29-4792-b4db-503e2b1a141f,Lata,Singh,Female,42,Widowed,9673163210,"128, Nehru Nagar",Ludhiana,Punjab,145271,O+,Business,Aadhaar,296712955885,True,2026-07-04T06:08:37.946738,2026-07-04T06:08:37.946738
733c2a7d-0680-495f-a745-d5987bc07b16,Rupa,Bose,Female,30,Married,8653707831,"53, Ring Road",Kolkata,West Bengal,700926,A+,Retired,Aadhaar,767074923347,True,2026-07-04T06:08:37.946738,2026-07-04T06:08:37.946738
39f8dfa7-8a92-4071-a653-afd8914e955d,Moushumi,Chatterjee,Female,5,Single,9325093754,"532, Lake View",Patna,Bihar,820987,O+,Potter,Aadhaar,442011699523,True,2026-07-04T06:08:37.946738,2026-07-04T06:08:37.946738
44abcf45-a070-455c-af83-f0d7ee31f050,Kavitha,Nair,Female,64,Widowed,6326202885,"110, River Side",Bangalore,Karnataka,577405,O+,Electrician,Aadhaar,255559571338,True,2026-07-04T06:08:37.946738,2026-07-04T06:08:37.946738
c8b24ba4-d863-4f42-8d9e-2f9c22ca6f88,Bharat,Chavan,Male,9,Single,8776735150,"70, Ambedkar Marg",Navi Mumbai,Maharashtra,405675,B-,Teacher,Aadhaar,758647720725,True,2026-07-04T06:08:37.946738,2026-07-04T06:08:37.946738
2689794b-af24-447d-a48f-1f90fda631a4,Debolina,Bhattacharya,Female,9,Single,8706360296,"460, New Colony",Durgapur,West Bengal,740951,A+,Fisherman,Aadhaar,949374161122,True,2026-07-04T06:08:37.946738,2026-07-04T06:08:37.946738
dba1bf63-8bd8-4990-a389-d3cee704c01f,Dharmesh,Rathi,Male,42,Married,9992699181,"170, Lake View",Amravati,Maharashtra,437830,AB+,Engineer,Aadhaar,442873458982,True,2026-07-04T06:08:37.946738,2026-07-04T06:08:37.946738
76a5c639-99f3-4a4d-8c8a-7c21de5c083b,Rajinder,Malhotra,Male,42,Single,6666986602,"103, Lake View",Gwalior,Madhya Pradesh,462882,B+,Potter,Aadhaar,796663145394,True,2026-07-04T06:08:37.946738,2026-07-04T06:08:37.946738
b823538b-e853-442a-a197-d727d9106800,Shweta,Dutta,Female,21,Widowed,8700479856,"82, Hill Colony",Kanpur,Uttar Pradesh,243691,O+,Doctor,Aadhaar,660363970660,True,2026-07-04T06:08:37.946738,2026-07-04T06:08:37.946738
2c695564-e7c6-4f26-8e3f-1e53e44a2045,Gurmeet Kaur,Aggarwal,Female,32,Single,7919521989,"35, Civil Lines",Gurugram,Haryana,121968,AB+,Tailor,Aadhaar,398233309250,True,2026-07-04T06:08:37.946738,2026-07-04T06:08:37.946738
ae7c6597-1bd6-4ca2-a0dd-49ed30639fd6,Karthik,Iyer,Male,37,Divorced,9624848555,"543, Green Park",Madurai,Tamil Nadu,607260,B+,Government Employee,Aadhaar,827877337134,True,2026-07-04T06:08:37.946738,2026-07-04T06:08:37.946738
c09165ea-c445-45a8-977c-b3a970ebfe1e,Prabhakaran,Panicker,Male,22,Divorced,8849486314,"373, Ambedkar Marg",Erode,Tamil Nadu,620263,O+,Potter,Aadhaar,892178381384,True,2026-07-04T06:08:37.946738,2026-07-04T06:08:37.946738
674b67b9-76b1-4517-858e-1c8341506b37,Manisha,Grover,Female,23,Married,6976572739,"534, Church Street",Dharamshala,Himachal Pradesh,171854,A+,Doctor,Aadhaar,621549821392,True,2026-07-04T06:08:37.946738,2026-07-04T06:08:37.946738
d18ca393-92bb-4ba0-ad01-35a6f6fcf4fc,Swapan,Ganguly,Male,40,Divorced,6796868551,"378, Nehru Nagar",Bhagalpur,Bihar,843321,B+,,Aadhaar,699614027346,True,2026-07-04T06:08:37.946738,2026-07-04T06:08:37.946738
0fc7ccc7-f61f-45c5-b242-52e19bbc25cc,Uday,Mehta,Male,16,Single,7915401870,"497, Old Bazaar",Ahmedabad,Gujarat,393368,O-,Priest,Aadhaar,513794769717,True,2026-07-04T06:08:37.946738,2026-07-04T06:08:37.946738
32e5e282-aa3f-4809-a5f4-b65792180b3e,Deepak,Bedi,Male,63,Single,8926036852,"329, Market Yard",Lucknow,Uttar Pradesh,208026,O+,Driver,Aadhaar,683485179601,True,2026-07-04T06:08:37.946738,2026-07-04T06:08:37.946738
8377439d-9c37-466b-8c60-b675925ff6f9,Subramaniam,Subramaniam,Male,35,Single,9195212147,"387, Ambedkar Marg",Thiruvananthapuram,Kerala,691794,B+,Potter,Aadhaar,859907158843,True,2026-07-04T06:08:37.946738,2026-07-04T06:08:37.946738
e9745519-60bf-41a9-b84f-9c8b006874a4,Madhavi,Oswal,Female,29,Married,7835008315,"570, Church Street",Jaipur,Rajasthan,343694,AB-,Potter,Aadhaar,863946953684,True,2026-07-04T06:08:37.946738,2026-07-04T06:08:37.946738
a17fdb42-beef-40e4-8709-645e1cf7fd0b,Ranjan,Reddiar,Male,8,Single,8196933548,"791, Station Road",Thrissur,Kerala,692994,O+,,Aadhaar,941551756267,True,2026-07-04T06:08:37.946738,2026-07-04T06:08:37.946738
7c24f72d-a3f3-4993-b49c-dbfd9c71e55a,Kranti,Subramaniam,Female,24,Widowed,8398720089,"66, Hill Colony",Thane,Maharashtra,440169,O+,Plumber,Aadhaar,365928646120,True,2026-07-04T06:08:37.946738,2026-07-04T06:08:37.946738
af440779-d487-4c4f-b6c2-9a985dd1deb4,Manikandan,Shetty,Male,8,Single,7562882042,"487, Model Town",Bangalore,Karnataka,570695,B+,Farmer,Aadhaar,737574053231,True,2026-07-04T06:08:37.946738,2026-07-04T06:08:37.946738
98e27bff-d84a-4aec-9ab0-0b530ed2c664,Swathi,Reddy,Female,13,Single,7258655160,"799, Church Street",Madurai,Tamil Nadu,603912,B+,Accountant,Aadhaar,445900546197,True,2026-07-04T06:08:37.946738,2026-07-04T06:08:37.946738
6dc9d100-fc90-40da-a4d8-fd5f0481997b,Divya,Ganapathy,Female,39,Single,7121780551,"591, Station Road",Mysore,Karnataka,587887,B+,Plumber,Aadhaar,802875980078,True,2026-07-04T06:08:37.946738,2026-07-04T06:08:37.946738
53074ce6-c8a7-490d-b29d-0438cc357831,Priyanka,Acharya,Female,68,Married,8516015801,"43, Ambedkar Marg",Thiruvananthapuram,Kerala,685372,O+,Business,Aadhaar,357759376344,True,2026-07-04T06:08:37.946738,2026-07-04T06:08:37.946738
c3bc22cd-e51f-4ef5-acd0-44299ce74ba6,Pramod,Dhillon,Male,34,Widowed,6778270292,"93, College Road",Kanpur,Uttar Pradesh,232398,O+,Labourer,Aadhaar,137279509333,True,2026-07-04T06:08:37.946738,2026-07-04T06:08:37.946738
8007eb23-5d4c-46ff-afbc-bab68c56c67b,Hiranya,Sailo,Male,6,Single,7907172140,"995, Shivaji Nagar",Silchar,Assam,785294,O+,Shopkeeper,Aadhaar,103221785662,True,2026-07-04T06:08:37.946738,2026-07-04T06:08:37.946738
fd16246e-d668-4c29-9516-ecf42914f075,Kavitha,Rao,Female,71,Married,8665914235,"438, Gandhi Chowk",Tirupati,Andhra Pradesh,516193,B+,Nurse,Aadhaar,824731806822,True,2026-07-04T06:08:37.946738,2026-07-04T06:08:37.946738
6d2db60d-33ef-4548-8c6a-43e6082889ca,Shantilal,More,Male,25,Divorced,8757648794,"676, Old Bazaar",Nagpur,Maharashtra,413059,B+,Doctor,Aadhaar,519700148319,True,2026-07-04T06:08:37.946738,2026-07-04T06:08:37.946738
7b6c1949-704f-41ea-959d-220b3d3ff505,Satpal,Sekhon,Male,15,Single,8443006326,"482, Civil Lines",Amritsar,Punjab,144834,AB+,Teacher,Aadhaar,851237777225,True,2026-07-04T06:08:37.946738,2026-07-04T06:08:37.946738
ba565a24-d263-4c11-99c7-a36a5af1f8f5,Heena,Naik,Female,23,Married,9181888452,"820, Gandhi Chowk",Pune,Maharashtra,442090,AB+,Potter,Aadhaar,510237279251,True,2026-07-04T06:08:37.946738,2026-07-04T06:08:37.946738
71d71a66-829a-4436-9a98-df90ac58b222,Mohan,More,Male,45,Widowed,8351239442,"953, Civil Lines",Pune,Maharashtra,443061,O+,Potter,Aadhaar,733314753174,True,2026-07-04T06:08:37.946738,2026-07-04T06:08:37.946738
3a382edb-3465-4702-99ac-dc33439cdd01,Janaki,Venkataraman,Female,46,Single,7106213250,"841, Station Road",Madurai,Tamil Nadu,633270,O-,Engineer,Aadhaar,300375580859,True,2026-07-04T06:08:37.946738,2026-07-04T06:08:37.946738
046ff70c-9660-4c58-9e73-b9bbc9d32dad,Hitesh,Gogoi,Male,60,Married,7547809896,"622, College Road",Ahmedabad,Gujarat,370896,O+,Driver,Aadhaar,909503523754,True,2026-07-04T06:08:37.946738,2026-07-04T06:08:37.946738
fe08ef32-1b79-42ae-baec-af4051762a08,Randhir,Singh,Male,14,Single,7978681319,"988, Station Road",Chandigarh,Chandigarh,160047,O+,Electrician,Aadhaar,995060160205,True,2026-07-04T06:08:37.946738,2026-07-04T06:08:37.946738
2e967df3-4acd-48f6-b1dc-1adc99c30d08,Manas,Guha,Male,18,Single,9789727196,"403, Church Street",Bhagalpur,Bihar,816836,O+,Government Employee,Aadhaar,717321414451,True,2026-07-04T06:08:37.946738,2026-07-04T06:08:37.946738
9cc476e4-f7c4-4469-91bd-e3b76719129d,Kasturi,Tiwari,Female,8,Single,8697671664,"422, Civil Lines",Prayagraj,Uttar Pradesh,217783,B+,Driver,Aadhaar,929174472472,True,2026-07-04T06:08:37.946738,2026-07-04T06:08:37.946738
ca5c35fb-bffb-41bb-b17b-20faa64e6cc0,Farheen,Marak,Female,32,Married,7326992964,"478, Green Park",Guwahati,Assam,782396,O+,Electrician,Aadhaar,616500550380,True,2026-07-04T06:08:37.946738,2026-07-04T06:08:37.946738
b27b5bb4-288f-482f-af53-cf0734176c7b,Uday,Gupta,Male,52,Single,8482837052,"404, Lake View",Junagadh,Gujarat,393039,A+,Plumber,Aadhaar,931019320809,True,2026-07-04T06:08:37.946738,2026-07-04T06:08:37.946738
0ed00da6-5dcd-48dd-98ee-1c2c2f3bdfb4,Kumaresan,Roy,Male,64,Single,9506352821,"748, Nehru Nagar",Hyderabad,Telangana,504788,A+,Government Employee,Aadhaar,709914046582,True,2026-07-04T06:08:37.946738,2026-07-04T06:08:37.946738
71e00b4b-5bbf-449d-acb7-3caa1f687875,Jayesh,Parekh,Male,23,Single,8105097201,"314, Model Town",Vadodara,Gujarat,376192,A+,Farmer,Aadhaar,953013578012,True,2026-07-04T06:08:37.946738,2026-07-04T06:08:37.946738
c4ceba51-de9f-43fa-be17-4d8e9ff61f68,Swathi,Venkataraman,Female,27,Married,7815583842,"759, Ambedkar Marg",Hyderabad,Telangana,507002,O+,Engineer,Aadhaar,384109808885,True,2026-07-04T06:08:37.946738,2026-07-04T06:08:37.946738
2220aba4-9a1d-4b18-b36d-34bb56970907,Sadanand,Amin,Male,21,Single,7112266495,"215, New Colony",Amravati,Maharashtra,423456,O+,Fisherman,Aadhaar,537439259856,True,2026-07-04T06:08:37.946738,2026-07-04T06:08:37.946738
9cf885a0-246e-48bd-b2b0-2aaaa669390c,Mangesh,Kothari,Male,40,Single,8856790471,"886, MG Road",Surat,Gujarat,366095,O+,Homemaker,Aadhaar,433804033313,True,2026-07-04T06:08:37.946738,2026-07-04T06:08:37.946738
f4b81ecf-087b-45c3-bc20-2f86e6848a49,Gurmeet Kaur,Bhandari,Female,22,Married,9592655264,"547, Gandhi Chowk",Srinagar,Jammu and Kashmir,189883,O+,Retired,Aadhaar,732804985182,True,2026-07-04T06:08:37.946738,2026-07-04T06:08:37.946738
56332f3e-a922-41f1-9bb8-19d2847b99bc,Chandana,Rajkhowa,Female,21,Married,8604811110,"211, Temple Road",Dibrugarh,Assam,785436,AB+,Doctor,Aadhaar,124678101515,True,2026-07-04T06:08:37.946738,2026-07-04T06:08:37.946738
781bb9f9-7ff3-4efb-8f5a-5e6c0cce3fee,Swathi,Kar,Female,52,Single,6608739622,"877, Station Road",Jamshedpur,Jharkhand,816411,AB+,Plumber,Aadhaar,982417881424,True,2026-07-04T06:08:37.946738,2026-07-04T06:08:37.946738
53118a01-033f-40af-876e-5395e6b9874d,Ravi,Brar,Male,34,Single,7540427574,"254, Ring Road",Bilaspur,Chhattisgarh,496253,,Accountant,Aadhaar,562627576216,True,2026-07-04T06:08:37.946738,2026-07-04T06:08:37.946738
6fce7969-7fc3-4c4c-a335-d3072acb4843,Amandeep Kaur,Chahal,Female,7,Single,6694023099,"993, Shivaji Nagar",Karnal,Haryana,134780,A+,Student,Aadhaar,717436509378,True,2026-07-04T06:08:37.946738,2026-07-04T06:08:37.946738
534a7bd6-3468-4d41-bb7b-78fc8b731db3,Elizabeth,Bhalla,Female,14,Single,6785236135,"543, Ring Road",Jalandhar,Punjab,143275,A+,Accountant,Aadhaar,507487890438,True,2026-07-04T06:08:37.946738,2026-07-04T06:08:37.946738
cd2fc2e4-6629-4e85-9cf5-3ff1f4f503b5,Jayaraman,Ganapathy,Male,19,Single,8495577295,"580, Temple Road",Hyderabad,Telangana,508095,O+,Nurse,Aadhaar,382757493436,True,2026-07-04T06:08:37.946738,2026-07-04T06:08:37.946738
6a80c9a6-91ec-455c-bf1e-45b91642b723,Payal,Mehta,Female,66,Widowed,6942182801,"456, Church Street",Vadodara,Gujarat,386890,O+,,Aadhaar,441118366092,True,2026-07-04T06:08:37.946738,2026-07-04T06:08:37.946738
94236052-4ab0-433e-9ab5-78527fd07743,Jayaraman,Shetty,Male,90,Single,8904402429,"812, Ring Road",Guntur,Andhra Pradesh,520042,B+,Government Employee,Aadhaar,884212453737,True,2026-07-04T06:08:37.946738,2026-07-04T06:08:37.946738
112d8916-aee6-45b6-8b2c-3089c0f0f136,Saroja,Vaidya,Female,47,Divorced,7972359176,"421, College Road",Jaipur,Rajasthan,342358,A+,Government Employee,Aadhaar,503467718181,True,2026-07-04T06:08:37.946738,2026-07-04T06:08:37.946738
48013cb9-78a3-469f-9da4-4c50196f09ab,Ananya,Hegde,Female,48,Single,8795311618,"732, River Side",Kolkata,West Bengal,703614,A+,Electrician,Aadhaar,454584963567,True,2026-07-04T06:08:37.946738,2026-07-04T06:08:37.946738
58f6015d-f2e4-4614-8c77-e14cf666fa7c,Mahesh,Bisht,Male,6,Single,6269442221,"359, Temple Road",Agra,Uttar Pradesh,208717,O+,Doctor,Aadhaar,613223692913,True,2026-07-04T06:08:37.946738,2026-07-04T06:08:37.946738
adbba619-1d92-4293-8f0f-0f486c559143,Shilpa,Ao,Female,45,Married,9561681580,"219, Old Bazaar",Pune,Maharashtra,400608,B+,Shopkeeper,Aadhaar,605501762194,True,2026-07-04T06:08:37.946738,2026-07-04T06:08:37.946738
6f318a16-f43f-4c6c-98f6-712805f3eb9f,Rajendra,More,Male,35,Divorced,9595913026,"408, Shivaji Nagar",Junagadh,Gujarat,371007,A+,Business,Aadhaar,371923015790,True,2026-07-04T06:08:37.946738,2026-07-04T06:08:37.946738
1dd9573a-4fa6-4dba-be26-ae8be790f510,Padmanabhan,Panicker,Male,82,Widowed,9235410319,"344, College Road",Thiruvananthapuram,Kerala,671776,A+,Tailor,Aadhaar,273999316468,True,2026-07-04T06:08:37.946738,2026-07-04T06:08:37.946738
6f14dea7-e3c2-4c1b-8a21-065565278c70,Dinesh,Anand,Male,25,Married,7521842038,"933, Gandhi Chowk",Lucknow,Uttar Pradesh,232138,O+,Electrician,Aadhaar,249744625217,True,2026-07-04T06:08:37.946738,2026-07-04T06:08:37.946738
0f67bb51-ac81-4c43-82b9-245faba628f5,Ranjit,Biswas,Male,51,Widowed,6448237925,"240, Station Road",Muzaffarpur,Bihar,818201,O+,Doctor,Aadhaar,407370179591,True,2026-07-04T06:08:37.946738,2026-07-04T06:08:37.946738
4fb3e04d-c479-437d-b31c-149be3813b17,Senthil,Iyer,Male,53,Widowed,6357440817,"991, Lake View",Chennai,Tamil Nadu,602099,O-,Student,Aadhaar,952027726473,True,2026-07-04T06:08:37.946738,2026-07-04T06:08:37.946738
003c5eb8-ea57-47b1-af68-fa1942966839,Dipa,Mondal,Female,53,Single,9218340887,"323, Ambedkar Marg",Durgapur,West Bengal,701978,B+,Clerk,Aadhaar,649677548304,True,2026-07-04T06:08:37.946738,2026-07-04T06:08:37.946738
e9b509a6-a2f1-48ed-b145-ae4a67b123b4,Prabhakaran,Subramaniam,Male,86,Widowed,6236050996,"791, Model Town",Tiruchirappalli,Tamil Nadu,622523,AB+,Weaver,Aadhaar,819123635368,True,2026-07-04T06:08:37.946738,2026-07-04T06:08:37.946738
b27a35c3-f05f-4dbd-b61f-6226c97d300e,Sunil,Ahluwalia,Male,21,Married,6511109628,"664, Station Road",Karnal,Haryana,126485,B+,Engineer,Aadhaar,592870215786,True,2026-07-04T06:08:37.946738,2026-07-04T06:08:37.946738
53bfdf7d-f4d8-4791-be72-39aec29d4a1e,Nithya,Kumar,Female,42,Single,9961801631,"203, Sector 12",Faridabad,Haryana,133538,A+,Driver,Aadhaar,834524851439,True,2026-07-04T06:08:37.946738,2026-07-04T06:08:37.946738
caf29b17-7f1e-452d-b032-841f0340dbf6,Ashok,Chauhan,Male,27,Divorced,8833626766,"386, Gandhi Chowk",Indore,Madhya Pradesh,470962,O+,Nurse,Aadhaar,264275030498,True,2026-07-04T06:08:37.946738,2026-07-04T06:08:37.946738
1edf1513-6dae-4bc3-9160-ca1ba721e496,Partha,Amin,Male,49,Married,6215117052,"277, Lake View",Mumbai,Maharashtra,445285,O+,Tailor,Aadhaar,690808700609,True,2026-07-04T06:08:37.946738,2026-07-04T06:08:37.946738
43ed099f-26dd-4add-bf5f-7d57bf2219bc,Vidya,Kapoor,Female,64,Married,7531483133,"528, Ambedkar Marg",Delhi,Delhi,110063,A+,Farmer,Aadhaar,452265131637,True,2026-07-04T06:08:37.946738,2026-07-04T06:08:37.946738
1fee14ad-1f7f-48ac-87a1-747e7d43993c,Elango,Hegde,Male,43,Single,8864931925,"860, MG Road",Chennai,Tamil Nadu,622277,AB-,Fisherman,Aadhaar,469574310864,True,2026-07-04T06:08:37.946738,2026-07-04T06:08:37.946738
2edbdcc6-3425-48c8-b885-1f5d66ce1415,Tanushree,Ahluwalia,Female,50,Married,7213452979,"797, Civil Lines",Jammu,Jammu and Kashmir,181123,O+,Software Engineer,Aadhaar,184337572509,True,2026-07-04T06:08:37.946738,2026-07-04T06:08:37.946738
60796dd7-d8d9-4e6b-8bbf-1ff8eea8a5f0,Jayanta,Mishra,Male,71,Single,8707718566,"537, Model Town",Jalandhar,Punjab,152994,A+,Government Employee,Aadhaar,717717591722,True,2026-07-04T06:08:37.946738,2026-07-04T06:08:37.946738
118b9358-f272-4312-9b71-d4e920ce9238,Madhavi,Chokshi,Female,50,Single,6362735441,"230, Gandhi Chowk",Jaipur,Rajasthan,318021,A+,Carpenter,Aadhaar,232592954623,True,2026-07-04T06:08:37.946738,2026-07-04T06:08:37.946738
964133a8-76c3-4b41-b272-1d30ef9cb7b3,Vani,Reddiar,Female,33,Widowed,6425565329,"241, Lake View",Kochi,Kerala,688672,A+,Priest,Aadhaar,487709575554,True,2026-07-04T06:08:37.946738,2026-07-04T06:08:37.946738
50ca02e0-b0e8-464f-bba5-35cecbe55996,Milind,Kadam,Male,14,Single,6606552412,"152, Sector 12",Surat,Gujarat,396215,AB+,Doctor,Aadhaar,209148952570,True,2026-07-04T06:08:37.946738,2026-07-04T06:08:37.946738
d339c78e-5a96-481c-a1ba-beb82223e6a6,Hemant,Mishra,Male,40,Married,8641165115,"205, River Side",Raipur,Chhattisgarh,492011,O+,Plumber,Aadhaar,796949906190,True,2026-07-04T06:08:37.946738,2026-07-04T06:08:37.946738
24eec753-252b-4e9c-8497-2d4ab1849ec9,Dipa,Patra,Female,52,Married,7116296877,"444, New Colony",Kolkata,West Bengal,725106,B+,Student,Aadhaar,761061468162,True,2026-07-04T06:08:37.946738,2026-07-04T06:08:37.946738
396407e0-f8f0-4e9c-b61a-4c7c34a8b1a6,Ipsita,Mohanty,Female,88,Single,6965651180,"179, Green Park",Jamshedpur,Jharkhand,824157,O+,Accountant,Aadhaar,768896187766,True,2026-07-04T06:08:37.946738,2026-07-04T06:08:37.946738
cffeeaea-5a12-4997-9e36-df39d2cc5833,Meera,Pandey,Female,42,Married,6587854859,"510, Gandhi Chowk",Dehradun,Uttarakhand,244877,B+,Clerk,Aadhaar,246105038343,True,2026-07-04T06:08:37.946738,2026-07-04T06:08:37.946738
2c749333-dba6-4f05-8b7b-3ada0be59700,Vandana,Bhandari,Female,39,Married,8847879761,"253, New Colony",Satna,Madhya Pradesh,454799,O+,Labourer,Aadhaar,574716671101,True,2026-07-04T06:08:37.946738,2026-07-04T06:08:37.946738
091296c7-2ef9-4337-915d-b538ee92b903,Rupa,Naicker,Female,55,Divorced,7906547455,"53, Ambedkar Marg",Haridwar,Uttarakhand,246605,B+,Farmer,Aadhaar,377065320362,True,2026-07-04T06:08:37.946738,2026-07-04T06:08:37.946738
b7f46ea8-cee3-4f7d-8314-c10ccb904541,Manoj,Sodhi,Male,57,Divorced,9943797961,"636, Church Street",Prayagraj,Uttar Pradesh,230058,O+,Shopkeeper,Aadhaar,333321961363,True,2026-07-04T06:08:37.946738,2026-07-04T06:08:37.946738
b8872670-b163-4d7f-a867-1fefd13dd02d,Sanjib,Neog,Male,9,Single,9589827881,"259, Church Street",Guwahati,Assam,784653,A+,Doctor,Aadhaar,677764007625,True,2026-07-04T06:08:37.946738,2026-07-04T06:08:37.946738
dddac394-7586-43ed-912e-5c7ab7b789a8,Komal,Shroff,Female,9,Single,7670419773,"236, River Side",Thane,Maharashtra,425968,A+,Accountant,Aadhaar,430167800106,True,2026-07-04T06:08:37.946738,2026-07-04T06:08:37.946738
cfed06d9-5947-4798-87f0-510bb6dbfc36,Barun,Choudhury,Male,9,Single,8812306253,"516, New Colony",Jamshedpur,Jharkhand,823194,B+,Retired,Aadhaar,894363562436,True,2026-07-04T06:08:37.946738,2026-07-04T06:08:37.946738
97d0cdd2-2b0a-4419-8df6-3495c810ff3f,Brij Mohan,Agarwal,Male,20,Single,8433382419,"418, Gandhi Chowk",Lucknow,Uttar Pradesh,256010,A+,Electrician,Aadhaar,552216295430,True,2026-07-04T06:08:37.946738,2026-07-04T06:08:37.946738
ca3f1a4b-314c-4aa2-ac73-af0d47e6254b,Savita,Ahluwalia,Female,36,Single,9901325205,"942, Gandhi Chowk",Jabalpur,Madhya Pradesh,464735,A+,Weaver,Aadhaar,459219097367,True,2026-07-04T06:08:37.946738,2026-07-04T06:08:37.946738
794c0c30-99c5-4db1-b969-2df00119954b,Gurpreet,Saxena,Male,13,Single,8776848822,"53, Gandhi Chowk",Kanpur,Uttar Pradesh,282104,O+,Electrician,Aadhaar,538677820761,True,2026-07-04T06:08:37.946738,2026-07-04T06:08:37.946738
e647350c-cd68-4c79-b1ee-ee01469b4a7a,Srinivasan,Dave,Male,61,Divorced,9712239339,"88, Green Park",Ahmedabad,Gujarat,396305,B+,,Aadhaar,888341851221,True,2026-07-04T06:08:37.946738,2026-07-04T06:08:37.946738
829c83be-e959-43ff-838e-8bdd82f54d39,Arun,Bansal,Male,9,Single,6524248722,"187, Old Bazaar",Delhi,Delhi,110011,O+,Driver,Aadhaar,743674038887,True,2026-07-04T06:08:37.946738,2026-07-04T06:08:37.946738
9ebbc56a-0c02-47bd-980d-70f869f8b557,Sachin,Patel,Male,26,Married,8777705595,"963, Church Street",Jamnagar,Gujarat,393741,A+,Government Employee,Aadhaar,629030429707,True,2026-07-04T06:08:37.946738,2026-07-04T06:08:37.946738
e44e20bb-dd1d-4da2-8863-5c497dbb7ff1,Dipa,Roy,Female,54,Widowed,7148182818,"973, Church Street",Bhubaneswar,Odisha,754768,B+,Business,Aadhaar,297843141324,True,2026-07-04T06:08:37.946738,2026-07-04T06:08:37.946738
6a037c29-b7a4-4a21-a32a-3b108fb6456c,Ranjit,Lahiri,Male,18,Single,9634408124,"455, Model Town",Siliguri,West Bengal,716430,AB+,Business,Aadhaar,945391198119,True,2026-07-04T06:08:37.946738,2026-07-04T06:08:37.946738
e3984eb7-35d6-4471-9b0e-c99b25877f2f,Vaishali,Chokshi,Female,25,Divorced,6375694747,"2, Green Park",Surat,Gujarat,391286,O+,Priest,Aadhaar,132255224381,True,2026-07-04T06:08:37.946738,2026-07-04T06:08:37.946738
e6bd8d65-978f-4d60-a333-110f52fe1958,Amandeep Kaur,Bhalla,Female,54,Divorced,9748806044,"782, Green Park",Ghaziabad,Uttar Pradesh,236777,B+,Fisherman,Aadhaar,925147858375,True,2026-07-04T06:08:37.946738,2026-07-04T06:08:37.946738
3d92a338-7bef-481e-89a3-77317a1e3768,Ravichandran,Menon,Male,21,Single,7473946521,"776, Model Town",Mysore,Karnataka,572677,AB+,Software Engineer,Aadhaar,458038811798,True,2026-07-04T06:08:37.946738,2026-07-04T06:08:37.946738
5293ae22-2434-4f9a-a394-c915b1ce8140,Priya,Chahal,Female,72,Married,6809943424,"512, Station Road",Varanasi,Uttar Pradesh,269498,A+,Shopkeeper,Aadhaar,524519452703,True,2026-07-04T06:08:37.946738,2026-07-04T06:08:37.946738
10941c9f-e121-40f6-b97d-1c867a3a6096,Ivy,Rabha,Female,26,Single,9819599609,"955, Civil Lines",Dibrugarh,Assam,781880,A+,Tailor,Aadhaar,429415555158,True,2026-07-04T06:08:37.946738,2026-07-04T06:08:37.946738
4b9fabd1-fad0-4261-963e-112ea50c144e,Vaishali,Pandya,Female,55,Divorced,9333766552,"17, Nehru Nagar",Aurangabad,Maharashtra,442726,B+,Weaver,Aadhaar,491073165815,True,2026-07-04T06:08:37.946738,2026-07-04T06:08:37.946738
8e0bc4ce-6c87-4d8f-89d7-51ef38567550,Ramesh Babu,Deka,Male,13,Single,6319560559,"759, Church Street",Kochi,Kerala,695073,A+,Weaver,Aadhaar,794705053266,True,2026-07-04T06:08:37.946738,2026-07-04T06:08:37.946738
3dac3969-a4cb-4392-9b00-78c9fbafcc88,Kishor,Vaidya,Male,27,Widowed,9573162324,"472, Green Park",Udaipur,Rajasthan,305011,O+,Software Engineer,Aadhaar,141963113542,True,2026-07-04T06:08:37.946738,2026-07-04T06:08:37.946738
fae0e7b5-f16c-4bc9-bef3-e0e1d3d0f423,Chandrima,Chahal,Female,24,Single,9110163549,"51, Shivaji Nagar",Ghaziabad,Uttar Pradesh,276220,O+,Doctor,Aadhaar,530049452185,True,2026-07-04T06:08:37.946738,2026-07-04T06:08:37.946738
d64edb32-b4d7-4d63-a716-57d256849185,Ravichandran,Ramamurthy,Male,15,Single,8181327806,"369, Green Park",Hyderabad,Telangana,507898,O+,Homemaker,Aadhaar,394318220646,True,2026-07-04T06:08:37.946738,2026-07-04T06:08:37.946738
2d0c8906-8386-44f0-8a6c-0ce058701ffd,Santosh,Chauhan,Male,36,Divorced,9815577402,"929, Church Street",Kanpur,Uttar Pradesh,245040,B+,Labourer,Aadhaar,856471069755,True,2026-07-04T06:08:37.946738,2026-07-04T06:08:37.946738
956a0a75-0407-4eec-9650-d564839aa1fb,Shilpa,Shukla,Female,51,Single,7956178327,"242, Church Street",Rajkot,Gujarat,369419,B+,Homemaker,Aadhaar,896177691164,True,2026-07-04T06:08:37.946738,2026-07-04T06:08:37.946738
862261db-5770-49cc-9499-28b9e018f042,Venkatesh,Raman,Male,71,Divorced,8542768323,"284, Church Street",Coimbatore,Tamil Nadu,621035,O+,Plumber,Aadhaar,111846340745,True,2026-07-04T06:08:37.946738,2026-07-04T06:08:37.946738
c54a7d41-2233-4ea5-b7e6-4a3f15d46327,Ramesh Babu,Biswas,Male,76,Divorced,8979206441,"959, Church Street",Puducherry,Puducherry,605027,A+,Doctor,Aadhaar,681195234290,True,2026-07-04T06:08:37.946738,2026-07-04T06:08:37.946738
caa74b47-5111-4b8b-bd39-f75f54f51440,Pranab,Naik,Male,43,Widowed,9567337313,"82, River Side",Mumbai,Maharashtra,413904,B+,Fisherman,Aadhaar,514149817443,True,2026-07-04T06:08:37.946738,2026-07-04T06:08:37.946738
a5d76df6-c292-46e0-8bdd-6c12ba3decd3,Sudip,Guha,Male,59,Single,8977503222,"455, Market Yard",Kolkata,West Bengal,718121,A+,Labourer,Aadhaar,733419679527,True,2026-07-04T06:08:37.946738,2026-07-04T06:08:37.946738
a6af55b9-aee1-40ed-bde2-7c1886351d65,Jayesh,Joshi,Male,61,Widowed,6294688920,"224, Green Park",Pune,Maharashtra,419017,O+,Electrician,Aadhaar,447836272034,True,2026-07-04T06:08:37.946738,2026-07-04T06:08:37.946738
b5af798e-ea1e-4c9f-9bd0-63a800339dcb,Padmanabhan,Bisht,Male,14,Single,9240192328,"770, College Road",Chennai,Tamil Nadu,601732,B+,Priest,Aadhaar,753538740050,True,2026-07-04T06:08:37.946738,2026-07-04T06:08:37.946738
137d4915-9f2d-4fe5-8387-8800372b42e5,Jayaraman,Reddiar,Male,90,Widowed,6751222547,"571, Gandhi Chowk",Bangalore,Karnataka,574388,A+,Fisherman,Aadhaar,501303864684,True,2026-07-04T06:08:37.946738,2026-07-04T06:08:37.946738
8d0de3c4-42f3-47b5-bf67-1f9e50baae8f,Hitesh,Amin,Male,43,Widowed,8586065002,"120, Civil Lines",Bhilwara,Rajasthan,308421,A+,Government Employee,Aadhaar,897973338048,True,2026-07-04T06:08:37.946738,2026-07-04T06:08:37.946738
de0ec87c-d31a-4b6f-aa03-c19da93a9250,Seema,Sandhu,Female,34,Divorced,9398143657,"243, Market Yard",Gurugram,Haryana,131490,O+,Plumber,Aadhaar,587285953307,True,2026-07-04T06:08:37.946738,2026-07-04T06:08:37.946738
39b08df2-2116-4bed-97b6-114882f7a00e,Janaki,Ganapathy,Female,64,Divorced,8500841590,"505, River Side",Kochi,Kerala,691916,B+,Business,Aadhaar,756331028114,True,2026-07-04T06:08:37.946738,2026-07-04T06:08:37.946738
47d83c7c-bcca-4893-baad-eec78389a6f8,Amit,Anand,Male,5,Single,6570460148,"236, Temple Road",Bhopal,Madhya Pradesh,471109,B+,Driver,Aadhaar,727353663260,True,2026-07-04T06:08:37.946738,2026-07-04T06:08:37.946738
da302da3-817e-4be8-9f9b-d911f1883d30,Arjun,Chetty,Male,69,Single,7365174349,"961, Nehru Nagar",Bangalore,Karnataka,585388,A-,Labourer,Aadhaar,971351290886,True,2026-07-04T06:08:37.946738,2026-07-04T06:08:37.946738
3b9841e0-4ad9-45ca-84e4-47d0e07e3581,Barun,Mukherjee,Male,32,Divorced,7640917995,"191, Ambedkar Marg",Bhubaneswar,Odisha,764217,AB+,Accountant,Aadhaar,459184704506,True,2026-07-04T06:08:37.946738,2026-07-04T06:08:37.946738
451e05a8-2d42-413f-90ab-879cbbb004dc,Hansaben,Basu,Female,57,Single,6731349107,"955, Green Park",Ahmedabad,Gujarat,389862,O+,Plumber,Aadhaar,580467852562,True,2026-07-04T06:08:37.946738,2026-07-04T06:08:37.946738
d95fd13e-38b4-4e5b-b560-9bd31bd8190a,Dolly,Singh,Female,44,Widowed,8490627096,"678, Nehru Nagar",Thrissur,Kerala,684539,A+,Student,Aadhaar,950278019751,True,2026-07-04T06:08:37.946738,2026-07-04T06:08:37.946738
2fd8c784-fc7e-417a-9869-0fc888321a9b,Rohit,Agarwal,Male,12,Single,9481921812,"152, Market Yard",Lucknow,Uttar Pradesh,268738,O+,,Aadhaar,433380309441,True,2026-07-04T06:08:37.946738,2026-07-04T06:08:37.946738
876ea2ce-f4cf-4031-be09-0c85c7fcf72e,Gurpreet,Aggarwal,Male,26,Divorced,7398458117,"821, Old Bazaar",Prayagraj,Uttar Pradesh,273564,O+,Accountant,Aadhaar,836612750055,True,2026-07-04T06:08:37.946738,2026-07-04T06:08:37.946738
48e4bfa3-8e90-4308-84a9-4ff75cac29fd,Vimla,Bedi,Female,20,Single,7896345192,"402, Old Bazaar",Delhi,Delhi,110080,B+,Plumber,Aadhaar,135952990547,True,2026-07-04T06:08:37.946738,2026-07-04T06:08:37.946738
93b68e88-38b6-48db-8c12-c6cd1b9c5470,Puja,Pradhan,Female,86,Divorced,9295069517,"67, Shivaji Nagar",Prayagraj,Uttar Pradesh,271089,O+,Labourer,Aadhaar,133420804766,True,2026-07-04T06:08:37.946738,2026-07-04T06:08:37.946738
b7a8811c-c1dd-496b-84a1-0557193fc4f3,Suresh Kumar,Doley,Male,85,Married,8878511534,"588, Station Road",Hyderabad,Telangana,505082,O+,Electrician,Aadhaar,857744345761,True,2026-07-04T06:08:37.946738,2026-07-04T06:08:37.946738
5495b4a8-0d24-44fb-8d3b-e7d4bc5b31a4,Rajendra,Shukla,Male,63,Widowed,7556395881,"798, Lake View",Jamnagar,Gujarat,368102,B+,Accountant,Aadhaar,831587429688,True,2026-07-04T06:08:37.946738,2026-07-04T06:08:37.946738
3b29e0a3-bf38-4942-bfda-3beefe9ad67b,Usha,Sodhi,Female,32,Single,8412040827,"103, MG Road",Gurugram,Haryana,126218,O-,Carpenter,Aadhaar,244564045619,True,2026-07-04T06:08:37.946738,2026-07-04T06:08:37.946738
07a49009-5e89-4c34-a914-1dcff5a360f5,Kamlesh,Gill,Female,17,Single,6127692830,"644, Hill Colony",Srinagar,Jammu and Kashmir,185246,A+,Business,Aadhaar,651836428499,True,2026-07-04T06:08:37.946738,2026-07-04T06:08:37.946738
9dc0c05f-74a1-4393-9c8d-0a5888331dad,Sunita,Mishra,Female,57,Married,8191962917,"379, Nehru Nagar",Gorakhpur,Uttar Pradesh,262200,A+,Shopkeeper,Aadhaar,542883896756,True,2026-07-04T06:08:37.946738,2026-07-04T06:08:37.946738
725fc0df-cf9f-4de8-b3ed-7e368e5f04a9,Pooja,Saxena,Female,51,Widowed,9568930814,"92, Civil Lines",Delhi,Delhi,110083,O+,Tailor,Aadhaar,148774910942,True,2026-07-04T06:08:37.946738,2026-07-04T06:08:37.946738
8179a341-7766-43a3-99e9-78387d20dd0f,Vikram,Chutia,Male,60,Single,7772369903,"490, MG Road",Delhi,Delhi,110052,AB+,,Aadhaar,523702035344,True,2026-07-04T06:08:37.946738,2026-07-04T06:08:37.946738
135f6789-cc36-4279-957e-1eca20401f5e,Heena,Amin,Female,18,Single,6827724171,"231, Temple Road",Bikaner,Rajasthan,314839,B+,Electrician,Aadhaar,431420047180,True,2026-07-04T06:08:37.946738,2026-07-04T06:08:37.946738
dbc891f8-db66-48fe-8dcf-192248da6ec7,Geetha,Acharya,Female,26,Widowed,6940039509,"782, Ring Road",Chennai,Tamil Nadu,642129,B+,Priest,Aadhaar,773379695519,True,2026-07-04T06:08:37.946738,2026-07-04T06:08:37.946738
2857afb5-de2b-4fb0-aeb5-45948fc873ff,Kavya,Krishnan,Female,24,Widowed,7735330599,"929, Hill Colony",Thiruvananthapuram,Kerala,670596,O+,Fisherman,Aadhaar,700267224979,True,2026-07-04T06:08:37.946738,2026-07-04T06:08:37.946738
ceac23d8-5164-4471-b1c9-f3e5910f60ca,Snehal,Shroff,Female,10,Single,6893216465,"449, Nehru Nagar",Ahmedabad,Gujarat,392897,O-,Electrician,Aadhaar,752630624215,True,2026-07-04T06:08:37.946738,2026-07-04T06:08:37.946738
d03296b0-aa15-4c33-8513-92c64b383327,Debashish,Mohanty,Male,78,Widowed,9747185204,"112, Station Road",Rourkela,Odisha,769007,O+,Retired,Aadhaar,522662808825,True,2026-07-04T06:08:37.946738,2026-07-04T06:08:37.946738
4fb7e0f6-5e0d-490c-9a4b-0b757002e06e,Paresh,Nambiar,Male,17,Single,9737269999,"513, Market Yard",Salem,Tamil Nadu,625865,O+,Potter,Aadhaar,489055332242,True,2026-07-04T06:08:37.946738,2026-07-04T06:08:37.946738
502a7ba3-3459-43f7-83b0-b73c77bb9d26,Gargi,Bose,Female,39,Divorced,6600629226,"926, Civil Lines",Muzaffarpur,Bihar,842732,O+,Potter,Aadhaar,567862970843,True,2026-07-04T06:08:37.946738,2026-07-04T06:08:37.946738
d381ab2f-d058-4644-a619-f67169f3e084,Vivek,Grover,Male,16,Single,8139612345,"869, Sector 12",Ludhiana,Punjab,148602,A+,Nurse,Aadhaar,482116994682,True,2026-07-04T06:08:37.946738,2026-07-04T06:08:37.946738
18b34475-e243-4bd4-a8cf-20840ec4825d,Nirav,Dave,Male,64,Married,7884147043,"838, Market Yard",Kota,Rajasthan,337550,O+,Electrician,Aadhaar,122054815891,True,2026-07-04T06:08:37.946738,2026-07-04T06:08:37.946738
6fec83e7-7db2-4df6-b186-4247e75cb12f,Chittaranjan,Thakur,Male,62,Single,9819533059,"427, MG Road",Jamshedpur,Jharkhand,828921,O+,Shopkeeper,Aadhaar,941147260194,True,2026-07-04T06:08:37.946738,2026-07-04T06:08:37.946738
6ec9c9aa-15e2-4afd-b82c-7f616a1c83f3,Puja,Khanna,Female,16,Single,8466668424,"395, Gandhi Chowk",Delhi,Delhi,110072,O+,Nurse,Aadhaar,198058921683,True,2026-07-04T06:08:37.946738,2026-07-04T06:08:37.946738
4f3c9fd6-a542-47d2-a750-189936586bd9,Sachin,Parekh,Male,70,Widowed,7774770967,"371, Shivaji Nagar",Surat,Gujarat,391539,O+,Accountant,Aadhaar,658611000949,True,2026-07-04T06:08:37.946738,2026-07-04T06:08:37.946738
f3b44c44-bfe1-49cd-8284-3ef81d773e89,Gurmeet Kaur,Kumar,Female,37,Single,9302021694,"211, Ring Road",Jabalpur,Madhya Pradesh,452138,A+,Homemaker,Aadhaar,903611231313,True,2026-07-04T06:08:37.946738,2026-07-04T06:08:37.946738
b1c0b10f-9f70-49a9-848a-ef78877a1b37,Chetan,Bafna,Male,32,Divorced,9571336436,"299, College Road",Pune,Maharashtra,440266,O+,Plumber,Aadhaar,798278506452,True,2026-07-04T06:08:37.946738,2026-07-04T06:08:37.946738
ea8ac5f8-70b7-4502-a1dd-27537e645d8f,Harpreet Kaur,Aggarwal,Female,42,Single,8388284972,"622, New Colony",Jhansi,Uttar Pradesh,226413,A+,Electrician,Aadhaar,644966176764,True,2026-07-04T06:08:37.946738,2026-07-04T06:08:37.946738
1b6201aa-cacb-4a46-8265-56c870fd7157,Vivek,Bansal,Male,61,Married,8346863757,"415, College Road",Chandigarh,Chandigarh,160057,B+,,Aadhaar,534116578173,True,2026-07-04T06:08:37.946738,2026-07-04T06:08:37.946738
9fc4b40b-1a87-4967-a9e7-911309722c61,Sourabh,Chopra,Male,48,Single,8144271234,"938, Model Town",Amritsar,Punjab,158173,A+,Housewife,Aadhaar,973248017651,True,2026-07-04T06:08:37.946738,2026-07-04T06:08:37.946738
e75afef7-7a72-4007-a649-a023b0550fc3,Sachin,Rathi,Male,11,Single,7677399943,"60, Ambedkar Marg",Ahmedabad,Gujarat,374555,B+,Fisherman,Aadhaar,178142409106,True,2026-07-04T06:08:37.946738,2026-07-04T06:08:37.946738
15ca6490-7665-4766-a3fa-e257fe94a847,Ashwin,Chettiar,Male,48,Single,8968785545,"89, Old Bazaar",Coimbatore,Tamil Nadu,637998,,Retired,Aadhaar,649808694052,True,2026-07-04T06:08:37.946738,2026-07-04T06:08:37.946738
c071d10a-ad38-46b3-84cb-07f855c3da87,Titli,Chakraborty,Female,21,Divorced,7969450755,"147, Ring Road",Kolkata,West Bengal,732405,B+,Business,Aadhaar,473486919881,True,2026-07-04T06:08:37.946738,2026-07-04T06:08:37.946738
910892e9-53fa-43d1-bb24-2116fb5a7439,Amitava,Pandya,Male,37,Married,9234617814,"67, Nehru Nagar",Bhopal,Madhya Pradesh,484693,O+,Electrician,Aadhaar,739477716303,True,2026-07-04T06:08:37.946738,2026-07-04T06:08:37.946738
f9867956-4a64-4a5f-8739-1a99f3b17d17,Sudesh,Kalra,Female,7,Single,9789951335,"363, Station Road",Bathinda,Punjab,153850,B+,,Aadhaar,334219164891,True,2026-07-04T06:08:37.946738,2026-07-04T06:08:37.946738
43b31c4b-c091-438f-acdb-391a12ba0e22,Sonali,Bafna,Female,53,Single,9310415538,"56, Lake View",Rajkot,Gujarat,389713,O+,Housewife,Aadhaar,779442398236,True,2026-07-04T06:08:37.946738,2026-07-04T06:08:37.946738
5cf27220-d384-43e0-900f-7b9cd32fe08e,Prabhakaran,Desai,Male,75,Divorced,6779132491,"182, Ring Road",Udaipur,Rajasthan,333273,O+,Priest,Aadhaar,888227154158,True,2026-07-04T06:08:37.946738,2026-07-04T06:08:37.946738
ace67aca-8749-4863-a89f-128bc964f889,Naresh,Vaidya,Male,8,Single,7285672227,"139, River Side",Gurugram,Haryana,128431,A+,Potter,Aadhaar,220418739596,True,2026-07-04T06:08:37.946738,2026-07-04T06:08:37.946738
c3c5ae19-739e-4252-bc2b-462cbd0d0e6b,Krupa,Modi,Female,58,Widowed,7788143850,"88, Lake View",Jodhpur,Rajasthan,336194,B+,Homemaker,Aadhaar,158179962834,True,2026-07-04T06:08:37.946738,2026-07-04T06:08:37.946738
00df3a9c-6b42-421b-86bf-103e9cf7970e,Chandrasekhar,Kamath,Male,44,Divorced,9742798873,"856, Lake View",Hyderabad,Telangana,503968,B+,Priest,Aadhaar,119964399412,True,2026-07-04T06:08:37.946738,2026-07-04T06:08:37.946738
d306a2ea-5ca2-4fa5-90b4-0b3e9f94250e,Gargi,Behera,Female,18,Single,9133660447,"632, River Side",Kolkata,West Bengal,703553,A+,Business,Aadhaar,185378854577,True,2026-07-04T06:08:37.946738,2026-07-04T06:08:37.946738
e84f88d3-2a32-41a5-890b-f8384b682f11,Kiran,Bedi,Male,75,Divorced,9384157256,"19, Ambedkar Marg",Mathura,Uttar Pradesh,207392,O+,Engineer,Aadhaar,321951789991,True,2026-07-04T06:08:37.946738,2026-07-04T06:08:37.946738
1dd22ea5-0e84-47c8-851c-d853aca4b6a5,Raghavan,Warrier,Male,11,Single,6837204896,"581, Model Town",Chennai,Tamil Nadu,605064,A-,Business,Aadhaar,353131963239,True,2026-07-04T06:08:37.946738,2026-07-04T06:08:37.946738
218752b3-81e2-4211-b9b4-7cb3113fbbe6,Vishal,Joshi,Male,5,Single,9192035891,"708, Market Yard",Mumbai,Maharashtra,407935,B+,Driver,Aadhaar,378049618258,True,2026-07-04T06:08:37.946738,2026-07-04T06:08:37.946738
9b02f55b-2acc-4548-972a-8202640c2a83,Praveen Kumar,Iyer,Male,14,Single,6991254933,"776, Old Bazaar",Chennai,Tamil Nadu,627071,A+,Labourer,Aadhaar,981143884246,True,2026-07-04T06:08:37.946738,2026-07-04T06:08:37.946738
abba6bab-d298-4793-82dc-22e5ce5a62d7,Swathi,Bhat,Female,30,Widowed,6357491978,"668, MG Road",Puducherry,Puducherry,605154,A+,Plumber,Aadhaar,625602517114,True,2026-07-04T06:08:37.946738,2026-07-04T06:08:37.946738
25262a6b-e443-441d-aa15-1ea51a07e88f,Pramod,Bhatt,Male,31,Widowed,9572768933,"455, Ring Road",Gurugram,Haryana,122330,B+,Clerk,Aadhaar,471507694791,True,2026-07-04T06:08:37.946738,2026-07-04T06:08:37.946738
f0857eb1-6b59-4a77-9432-63114e0cdc94,Tanmoy,Patil,Male,54,Widowed,9661179491,"640, Lake View",Pune,Maharashtra,438980,A+,Fisherman,Aadhaar,208444808015,True,2026-07-04T06:08:37.946738,2026-07-04T06:08:37.946738
32e82a55-c0ce-43f5-8750-68ce71e166a1,Nisha,Bisht,Female,16,Single,6268807277,"300, Lake View",Shimla,Himachal Pradesh,173554,AB-,Nurse,Aadhaar,586207010727,True,2026-07-04T06:08:37.946738,2026-07-04T06:08:37.946738
ec9b491d-0889-48ac-a3ce-a5299f1f4f0d,Amit,Bhalla,Male,29,Widowed,8440890630,"671, Nehru Nagar",Bathinda,Punjab,157785,B+,Farmer,Aadhaar,813489613743,True,2026-07-04T06:08:37.946738,2026-07-04T06:08:37.946738
373d9fe2-a118-43f2-ae01-cfe9ad777432,Ravi,Trivedi,Male,26,Married,6211163125,"689, Shivaji Nagar",Karnal,Haryana,128405,O+,Engineer,Aadhaar,793733199514,True,2026-07-04T06:08:37.946738,2026-07-04T06:08:37.946738
2122b218-16ec-46a5-a3c1-2f5a5d02ab00,Barun,Kurup,Male,8,Single,8113116166,"32, Gandhi Chowk",Tirupati,Andhra Pradesh,533670,O+,Priest,Aadhaar,451804802488,True,2026-07-04T06:08:37.946738,2026-07-04T06:08:37.946738
892a1707-3610-4674-9e9d-ee8b83c9a171,Malabika,Chakraborty,Female,55,Widowed,6232040406,"432, Sector 12",Durgapur,West Bengal,713486,O+,Shopkeeper,Aadhaar,176632451666,True,2026-07-04T06:08:37.946738,2026-07-04T06:08:37.946738
0f97c359-f00c-4266-b310-82f276f9387b,Ranjit,Nanda,Male,85,Single,7345698449,"976, Nehru Nagar",Jalgaon,Maharashtra,442220,B+,Shopkeeper,Aadhaar,972193126193,True,2026-07-04T06:08:37.946738,2026-07-04T06:08:37.946738
6229ff86-e401-47fe-b8fa-cbdb977dd9c4,Muthukumar,Ramanathan,Male,31,Married,8758613503,"153, Civil Lines",Visakhapatnam,Andhra Pradesh,524145,AB+,Driver,Aadhaar,928265120874,True,2026-07-04T06:08:37.946738,2026-07-04T06:08:37.946738
655a5f25-a226-44e1-8b18-35ff0eb9b6e6,Uma,Kurup,Female,18,Single,8723294415,"812, Old Bazaar",Bangalore,Karnataka,560313,B+,Priest,Aadhaar,203523315451,True,2026-07-04T06:08:37.946738,2026-07-04T06:08:37.946738
3404ea29-1a4a-4ba1-97ee-12fbf342c80f,Nagarajan,Acharya,Male,78,Married,6632969304,"557, New Colony",Hyderabad,Telangana,500746,B+,Software Engineer,Aadhaar,455406009113,True,2026-07-04T06:08:37.946738,2026-07-04T06:08:37.946738
f6d87222-333e-4de9-ba2c-db5977dd4d99,Sudesh,Sharma,Female,13,Single,8214329603,"713, Old Bazaar",Bareilly,Uttar Pradesh,284100,A+,Shopkeeper,Aadhaar,649059229107,True,2026-07-04T06:08:37.946738,2026-07-04T06:08:37.946738
17e3c7d9-dbd6-49f7-bc33-ea9e1cf2fdaf,Rajib,Vaidya,Male,50,Divorced,6200694663,"681, College Road",Kolhapur,Maharashtra,432897,A+,Clerk,Aadhaar,830473018991,True,2026-07-04T06:08:37.946738,2026-07-04T06:08:37.946738
5a4c53bd-92b5-4f96-9fb4-63e98c201748,Nayanmoni,Das,Female,19,Single,6656562888,"336, New Colony",Purnia,Bihar,826073,B+,Government Employee,Aadhaar,781773451755,True,2026-07-04T06:08:37.946738,2026-07-04T06:08:37.946738
c6a262bb-e5d8-405b-8f17-7747e3094e5b,Heena,Dave,Female,10,Single,7639222599,"70, Lake View",Pune,Maharashtra,417492,B+,Retired,Aadhaar,912631390671,True,2026-07-04T06:08:37.946738,2026-07-04T06:08:37.946738
3d1b457e-b329-4189-9d78-96cbecbe024f,Ranganathan,Saxena,Male,26,Divorced,7894218406,"500, Lake View",Bangalore,Karnataka,581171,AB+,Plumber,Aadhaar,911735478249,True,2026-07-04T06:08:37.946738,2026-07-04T06:08:37.946738
87437ddf-d9e5-4c87-b8e7-b91a56279161,Krishnamurthy,Brar,Male,56,Widowed,7695293223,"153, Station Road",Kochi,Kerala,676871,O+,Driver,Aadhaar,252464334721,True,2026-07-04T06:08:37.946738,2026-07-04T06:08:37.946738
ea1831c5-374e-4369-aab6-6764d22eed0c,Usha,Dutta,Female,48,Divorced,7839879839,"472, Ambedkar Marg",Delhi,Delhi,110034,O+,Student,Aadhaar,644208400664,True,2026-07-04T06:08:37.946738,2026-07-04T06:08:37.946738
6f092b63-749e-4eac-b9ab-a4b205268787,Vipul,More,Male,22,Widowed,7112740402,"624, Sector 12",Mumbai,Maharashtra,412134,O+,Electrician,Aadhaar,814552059438,True,2026-07-04T06:08:37.946738,2026-07-04T06:08:37.946738
8dba8fb1-07c5-4779-9d55-a15ffe60ea77,Kavita,Reddiar,Female,49,Single,8342907257,"976, MG Road",Faridabad,Haryana,135148,A+,Weaver,Aadhaar,704232640130,True,2026-07-04T06:08:37.946738,2026-07-04T06:08:37.946738
ad9864f8-d22c-4028-abc5-f9c42abcbcf3,Indira,Bhat,Female,64,Divorced,7594277976,"600, Church Street",Nizamabad,Telangana,507436,O+,Priest,Aadhaar,851451319739,True,2026-07-04T06:08:37.946738,2026-07-04T06:08:37.946738
87267b50-3ba4-4c3e-a741-9d0db42b2184,Yogesh,Joshi,Male,8,Single,7803948134,"213, Nehru Nagar",Mumbai,Maharashtra,407007,O+,Clerk,Aadhaar,150149742350,True,2026-07-04T06:08:37.946738,2026-07-04T06:08:37.946738
6f1e588a-fdda-4652-b921-cb7409f7eb4f,Dulal,Nandi,Male,34,Married,7326698256,"143, Shivaji Nagar",Kharagpur,West Bengal,711886,O+,Teacher,Aadhaar,373956001430,True,2026-07-04T06:08:37.946738,2026-07-04T06:08:37.946738
0f2bcbee-492b-4f68-9c81-97c0d2b16555,Debolina,Rout,Female,62,Married,7615437142,"13, Lake View",Rourkela,Odisha,762576,B+,Plumber,Aadhaar,287337755911,True,2026-07-04T06:08:37.946738,2026-07-04T06:08:37.946738
e8fe6c51-adcb-42ff-ae12-a695ef8f5549,Vijay,Shroff,Male,88,Married,6762789629,"830, New Colony",Aurangabad,Maharashtra,413707,B+,Homemaker,Aadhaar,593600869462,True,2026-07-04T06:08:37.946738,2026-07-04T06:08:37.946738
cc21de79-7602-4e69-851f-e012bd3a8a4a,Vidya,Hegde,Female,43,Divorced,8797956960,"449, Civil Lines",Bangalore,Karnataka,577817,O+,Housewife,Aadhaar,377760445714,True,2026-07-04T06:08:37.946738,2026-07-04T06:08:37.946738
c6b39a80-8445-431c-ae51-72feadf44ea7,Meenakshi,Chettiar,Female,20,Single,6116658982,"329, Civil Lines",Thiruvananthapuram,Kerala,681668,O+,Plumber,Aadhaar,706723405205,True,2026-07-04T06:08:37.946738,2026-07-04T06:08:37.946738
6ecdf352-6476-42a3-81fe-e8b7cc279875,Rohit,Rathore,Male,45,Widowed,6965405947,"953, Shivaji Nagar",Raipur,Chhattisgarh,495974,AB+,Electrician,Aadhaar,939895172245,True,2026-07-04T06:08:37.946738,2026-07-04T06:08:37.946738
bf28da31-904a-4dbd-b950-9cf3f8338ba4,Pradeep,Nandi,Male,30,Married,8966359929,"970, Civil Lines",Dehradun,Uttarakhand,251090,A+,Farmer,Aadhaar,849111414210,True,2026-07-04T06:08:37.946738,2026-07-04T06:08:37.946738
20506d71-4239-413d-9205-a5b2e3e681ae,Geeta,Kalra,Female,71,Married,9848357077,"96, Ambedkar Marg",Gurugram,Haryana,130672,O+,Farmer,Aadhaar,325443153231,True,2026-07-04T06:08:37.946738,2026-07-04T06:08:37.946738
24624d64-4153-4e0d-9278-0bd580799f07,Pranab,Sanyal,Male,15,Single,6931030016,"971, Model Town",Kolkata,West Bengal,731828,B+,Farmer,Aadhaar,691892665891,True,2026-07-04T06:08:37.946738,2026-07-04T06:08:37.946738
d41a121f-1d3c-4927-bdc8-ad0d73784d75,Muthukumar,Mahato,Male,69,Single,6519998167,"187, Sector 12",Bhubaneswar,Odisha,765706,B-,Shopkeeper,Aadhaar,368341747474,True,2026-07-04T06:08:37.946738,2026-07-04T06:08:37.946738
abb20b07-ac36-41d3-84bd-74d26dad44fe,Nagarajan,Dave,Male,60,Married,8869340700,"913, Civil Lines",Madurai,Tamil Nadu,625205,A+,Homemaker,Aadhaar,126325510778,True,2026-07-04T06:08:37.946738,2026-07-04T06:08:37.946738
ff613cb5-2beb-4009-9988-ea0e3496e0b2,Amandeep Kaur,Bansal,Female,65,Married,7436914811,"713, Old Bazaar",Chandigarh,Chandigarh,160002,AB+,Software Engineer,Aadhaar,971028935166,True,2026-07-04T06:08:37.946738,2026-07-04T06:08:37.946738
5efa4e72-face-4fab-9af6-4834be954ec5,Komal,Bafna,Female,59,Married,9382973830,"302, Station Road",Vadodara,Gujarat,362204,B-,Priest,Aadhaar,833110148574,True,2026-07-04T06:08:37.946738,2026-07-04T06:08:37.946738
70647980-8490-4b4c-af0c-b1359dd4c1c7,Rajeshwari,Namboothiri,Female,59,Divorced,8745767974,"754, New Colony",Kannur,Kerala,692268,O+,Farmer,Aadhaar,382970758710,True,2026-07-04T06:08:37.946738,2026-07-04T06:08:37.946738
24e9b8ee-8dad-45a5-a072-15ff76979eaa,Arjun,Pillai,Male,13,Single,8941199386,"805, Sector 12",Mangalore,Karnataka,591243,B+,,Aadhaar,113095457672,True,2026-07-04T06:08:37.946738,2026-07-04T06:08:37.946738
3b8b2e75-5ba5-4b28-98c1-62670e9ec81d,Jayanta,Majumdar,Male,9,Single,9513437793,"542, Model Town",Berhampur,Odisha,760690,A+,Tailor,Aadhaar,548228291274,True,2026-07-04T06:08:37.946738,2026-07-04T06:08:37.946738
505e8fab-0bb4-4f60-bef0-cf7a59bd23a9,Srinivasan,Chetty,Male,74,Widowed,9553174701,"62, Gandhi Chowk",Bangalore,Karnataka,566306,B+,Homemaker,Aadhaar,194829097801,True,2026-07-04T06:08:37.946738,2026-07-04T06:08:37.946738
757853be-bac8-461a-9901-1393f3fa4e77,Nirav,Patil,Male,71,Widowed,8746030058,"24, Ring Road",Pune,Maharashtra,415746,O+,Tailor,Aadhaar,950706913303,True,2026-07-04T06:08:37.946738,2026-07-04T06:08:37.946738
47073328-574a-4d5d-aceb-724495ebd90d,Hansaben,Mitra,Female,39,Married,6841720701,"986, Civil Lines",Akola,Maharashtra,410244,A+,Tailor,Aadhaar,276342383924,True,2026-07-04T06:08:37.946738,2026-07-04T06:08:37.946738
8d49ef49-54ae-41fc-8cb4-ef941d966795,Indira,Panicker,Female,31,Widowed,8917203433,"972, Lake View",Belgaum,Karnataka,579889,AB+,Carpenter,Aadhaar,834188040687,True,2026-07-04T06:08:37.946738,2026-07-04T06:08:37.946738
b8ddd2ca-1356-47d7-ac43-54258a28676d,Hitesh,Rane,Male,66,Widowed,9864913582,"610, Station Road",Thane,Maharashtra,437898,B+,Software Engineer,Aadhaar,395747994492,True,2026-07-04T06:08:37.946738,2026-07-04T06:08:37.946738
fbd6d447-5d63-4c28-ac44-f9e398bff24e,Priya,Kapoor,Female,74,Divorced,8916838872,"885, Hill Colony",Shimla,Himachal Pradesh,173090,AB+,Software Engineer,Aadhaar,421043548549,True,2026-07-04T06:08:37.946738,2026-07-04T06:08:37.946738
5074550c-5b65-4a5f-ab0b-a4663fb17f9c,Hansaben,Oswal,Female,42,Divorced,8714361904,"482, Model Town",Gandhinagar,Gujarat,389673,B+,Government Employee,Aadhaar,221764947082,True,2026-07-04T06:08:37.946738,2026-07-04T06:08:37.946738
ecc90fc2-b152-4717-a605-502559584d6c,Mrinal Kanti,Adhikari,Male,31,Divorced,9966221185,"469, College Road",Howrah,West Bengal,727860,A+,Teacher,Aadhaar,744595624539,True,2026-07-04T06:08:37.946738,2026-07-04T06:08:37.946738
16448f53-5910-45cb-ba87-2160a77baf93,Uday,Dave,Male,67,Single,6581384718,"446, River Side",Udaipur,Rajasthan,333521,A+,Plumber,Aadhaar,926439583961,True,2026-07-04T06:08:37.946738,2026-07-04T06:08:37.946738
de237984-9358-43b7-b0ee-c5079593fda3,Swathi,Kamath,Female,10,Single,9620696846,"48, Ring Road",Chennai,Tamil Nadu,618185,A+,Electrician,Aadhaar,224529818483,True,2026-07-04T06:08:37.946738,2026-07-04T06:08:37.946738
58ffd6a8-2952-4f2f-8231-572db35de56e,Sonal,Chauhan,Female,62,Widowed,8402901303,"263, New Colony",Delhi,Delhi,110037,O+,Homemaker,Aadhaar,692181751150,True,2026-07-04T06:08:37.946738,2026-07-04T06:08:37.946738
4792ad0f-a70f-4b7e-9cbc-5cb51ab60682,Vani,Subramaniam,Female,20,Single,8483257782,"345, Old Bazaar",Kurnool,Andhra Pradesh,530513,B+,Potter,Aadhaar,362897188852,True,2026-07-04T06:08:37.946738,2026-07-04T06:08:37.946738
ad884f1f-415e-4c7f-a155-56d050164a9c,Seema,Kalra,Female,75,Widowed,7937891167,"11, Market Yard",Lucknow,Uttar Pradesh,222044,B+,Business,Aadhaar,867539753666,True,2026-07-04T06:08:37.946738,2026-07-04T06:08:37.946738
c114a5d2-02e8-4640-a293-57c429154a28,Tapan,Chutia,Male,43,Widowed,7889609423,"903, College Road",Hyderabad,Telangana,506605,O+,Nurse,Aadhaar,132385368479,True,2026-07-04T06:08:37.946738,2026-07-04T06:08:37.946738
6e3c612c-cc4c-4c0d-8208-2357743a923c,Anirban,Pradhan,Male,29,Widowed,7842990524,"370, Nehru Nagar",Patna,Bihar,803712,B-,Retired,Aadhaar,488403994692,True,2026-07-04T06:08:37.946738,2026-07-04T06:08:37.946738
09925d53-6710-4e8c-b08b-30cfb106d6dd,Sivakumar,Chettiar,Male,72,Married,9409158879,"578, Gandhi Chowk",Hyderabad,Telangana,501831,B+,Nurse,Aadhaar,855211392889,True,2026-07-04T06:08:37.946738,2026-07-04T06:08:37.946738
c858ae06-f08b-4475-9ebe-c9572780ae9a,Chandrima,Ghosh,Female,17,Single,8558586244,"628, Green Park",Ranchi,Jharkhand,830373,O+,Business,Aadhaar,836493470850,True,2026-07-04T06:08:37.946738,2026-07-04T06:08:37.946738
86971370-598b-407f-ba78-dde8a06f447d,Girish,Aggarwal,Male,8,Single,6251847602,"214, Green Park",Delhi,Delhi,110039,O+,Nurse,Aadhaar,292054226281,True,2026-07-04T06:08:37.946738,2026-07-04T06:08:37.946738
dac38327-6b9c-47ae-8def-e10597e01129,Madhuri,Saxena,Female,5,Single,8755839861,"628, Ambedkar Marg",Indore,Madhya Pradesh,457733,B+,Shopkeeper,Aadhaar,144078572580,True,2026-07-04T06:08:37.946738,2026-07-04T06:08:37.946738
ed52b087-a97b-4f76-a6f0-9354928b3bbc,Randhir,Kurup,Male,7,Single,8733640260,"358, Ambedkar Marg",Faridabad,Haryana,122346,,Housewife,Aadhaar,995770759223,True,2026-07-04T06:08:37.946738,2026-07-04T06:08:37.946738
cfe8e79a-3c62-41e5-8b12-965d34aaf9af,Barun,Bhosale,Male,41,Widowed,7698744655,"692, Model Town",Panaji,Goa,403739,B+,Carpenter,Aadhaar,417816695857,True,2026-07-04T06:08:37.946738,2026-07-04T06:08:37.946738
321d5882-cfe7-437e-a0dc-c6cc202c74f8,Kalpesh,Shukla,Male,18,Single,8157671518,"753, Civil Lines",Surat,Gujarat,360638,A+,Tailor,Aadhaar,852206148689,True,2026-07-04T06:08:37.946738,2026-07-04T06:08:37.946738
daf4d42e-54a2-4311-8fa8-6c3e813fd09b,Ketan,Pandya,Male,36,Widowed,7269587265,"435, Market Yard",Margao,Goa,403633,B+,Priest,Aadhaar,953305090963,True,2026-07-04T06:08:37.946738,2026-07-04T06:08:37.946738
a00bff95-3709-452d-9ed7-e4d5f744d8ab,Baldev,Rawat,Male,13,Single,8738353691,"82, Station Road",Lucknow,Uttar Pradesh,270019,B-,Plumber,Aadhaar,646565129641,True,2026-07-04T06:08:37.946738,2026-07-04T06:08:37.946738
8bbaaff6-f62b-4a76-9228-e4f5bd6ceed1,Madhuri,Srivastava,Female,9,Single,9766180346,"981, Temple Road",Patiala,Punjab,150273,O+,Doctor,Aadhaar,342605853193,True,2026-07-04T06:08:37.946738,2026-07-04T06:08:37.946738
6ef6259a-aade-4887-9b5e-cee3e3b87274,Vivek,Sharma,Male,5,Single,9965085277,"105, River Side",Raipur,Chhattisgarh,490566,O+,Government Employee,Aadhaar,373539923128,True,2026-07-04T06:08:37.946738,2026-07-04T06:08:37.946738
13b9991b-fe48-4a0b-8bfe-bb34b4560ade,Sudesh,Namboothiri,Female,71,Single,8441289012,"31, Gandhi Chowk",Gurugram,Haryana,130543,O+,Engineer,Aadhaar,890762760261,True,2026-07-04T06:08:37.946738,2026-07-04T06:08:37.946738
48fc7030-6831-4910-9348-ac4f81849116,Trupti,Oswal,Female,32,Married,6877281101,"715, Gandhi Chowk",Ahmedabad,Gujarat,390224,O+,Tailor,Aadhaar,134151753636,True,2026-07-04T06:08:37.946738,2026-07-04T06:08:37.946738
cd0f86ad-dd15-4d2d-93a7-93901ebe4b12,Vaidehi,Kamath,Female,6,Single,7995305193,"610, Green Park",Puducherry,Puducherry,605046,O+,Farmer,Aadhaar,719718359698,True,2026-07-04T06:08:37.946738,2026-07-04T06:08:37.946738
7ac2bd81-8bf7-4580-bbb4-39ff32e26e35,Venkatesh,Naik,Male,13,Single,6100092658,"426, Gandhi Chowk",Thrissur,Kerala,676840,B+,Weaver,Aadhaar,546361084055,True,2026-07-04T06:08:37.946738,2026-07-04T06:08:37.946738
f4a11626-6bf4-4402-b4e5-04a78d5f77f8,Ravichandran,Desai,Male,36,Widowed,9189614928,"66, Hill Colony",Pune,Maharashtra,402028,,Shopkeeper,Aadhaar,921695236618,True,2026-07-04T06:08:37.946738,2026-07-04T06:08:37.946738
e24cf8d1-19e6-4cb3-b828-8f8f27e3700d,Girin,Agarwal,Male,54,Divorced,9744701806,"800, Model Town",Bathinda,Punjab,148980,A+,Electrician,Aadhaar,579348206862,True,2026-07-04T06:08:37.946738,2026-07-04T06:08:37.946738
45b8bbfc-9597-4cd5-992b-9f21702321fd,Seema,Khanna,Female,23,Divorced,8108836812,"858, Sector 12",Gurugram,Haryana,123772,O+,Government Employee,Aadhaar,750201312166,True,2026-07-04T06:08:37.946738,2026-07-04T06:08:37.946738
48e88f64-c1fb-44f9-9e3f-c7e7a054ed86,Jaspreet Kaur,Bisht,Female,51,Married,7635413726,"796, Green Park",Raipur,Chhattisgarh,490896,A+,Accountant,Aadhaar,517029029302,True,2026-07-04T06:08:37.946738,2026-07-04T06:08:37.946738
421c5dfc-a728-43ac-82ef-7af99b678415,Rajagopal,Chettiar,Male,36,Married,7531100352,"504, Hill Colony",Tiruchirappalli,Tamil Nadu,624997,A+,Teacher,Aadhaar,420980609213,True,2026-07-04T06:08:37.946738,2026-07-04T06:08:37.946738
498d5eea-d10d-4882-8733-8cd6d0608c16,Devendra,Gowda,Male,69,Divorced,9949301683,"645, MG Road",Amritsar,Punjab,157369,B+,Teacher,Aadhaar,236662163192,True,2026-07-04T06:08:37.946738,2026-07-04T06:08:37.946738
ff764ee7-254d-4d41-9349-d3a4639db8f6,Paresh,Nambiar,Male,31,Married,8253523120,"261, Gandhi Chowk",Vijayawada,Andhra Pradesh,528468,A+,Doctor,Aadhaar,108276009064,True,2026-07-04T06:08:37.946738,2026-07-04T06:08:37.946738
6c7c9c66-aa54-403e-b66c-6f6783df6ede,Priya,Sekhon,Female,36,Married,8336183642,"437, Church Street",Srinagar,Jammu and Kashmir,189450,B+,Labourer,Aadhaar,966082547963,True,2026-07-04T06:08:37.946738,2026-07-04T06:08:37.946738
134252a3-1671-4574-9428-ae62eedc76da,Saroja,Khanna,Female,45,Married,6955271611,"507, College Road",Kochi,Kerala,670456,O+,Tailor,Aadhaar,224388856096,True,2026-07-04T06:08:37.946738,2026-07-04T06:08:37.946738
4a1be2ce-8d96-4923-bf98-6c918d70a29e,Rohit,Bedi,Male,32,Widowed,9569011343,"106, Lake View",Delhi,Delhi,110081,B+,Teacher,Aadhaar,243830311635,True,2026-07-04T06:08:37.946738,2026-07-04T06:08:37.946738
d4294c98-f76f-46a2-9c9f-999895501ba6,Bhushan,Patil,Male,7,Single,8320440967,"11, River Side",Udaipur,Rajasthan,310899,O+,Student,Aadhaar,635248099897,True,2026-07-04T06:08:37.946738,2026-07-04T06:08:37.946738
7fa725ed-d2e0-4113-8f48-720a9147e07b,Ramesh Babu,Deka,Male,89,Single,6470755031,"608, River Side",Thane,Maharashtra,417538,A+,Priest,Aadhaar,750219738404,True,2026-07-04T06:08:37.946738,2026-07-04T06:08:37.946738
049b2eb0-afcf-4d43-9ef6-161ee45bcd1e,Sunil,Singh,Male,47,Single,9203118455,"761, MG Road",Ghaziabad,Uttar Pradesh,274316,B+,Electrician,Aadhaar,967748684965,True,2026-07-04T06:08:37.946738,2026-07-04T06:08:37.946738
d4b75139-7b9b-4db7-84b0-31d3353dc436,Chittaranjan,Sanyal,Male,67,Married,7499068598,"950, Old Bazaar",Howrah,West Bengal,740571,B+,Doctor,Aadhaar,582717494889,True,2026-07-04T06:08:37.946738,2026-07-04T06:08:37.946738
fc58fd05-d5e2-4854-a192-82a6ffb4b26a,Savita,Anand,Female,31,Divorced,7514207056,"877, Nehru Nagar",Moradabad,Uttar Pradesh,218401,A+,Retired,Aadhaar,989677965699,True,2026-07-04T06:08:37.946738,2026-07-04T06:08:37.946738
64d83e47-69c3-4d37-8119-c0779b9f4c97,Surinder,Sethi,Male,19,Single,8119693855,"628, Market Yard",Indore,Madhya Pradesh,486645,A+,Housewife,Aadhaar,816855857713,True,2026-07-04T06:08:37.946738,2026-07-04T06:08:37.946738
e5a07d9e-4c5f-4f95-8406-7b697aa0976a,Saroja,Singh,Female,63,Married,9518233090,"331, Hill Colony",Jalandhar,Punjab,149597,B+,Labourer,Aadhaar,992301989513,True,2026-07-04T06:08:37.946738,2026-07-04T06:08:37.946738
083d4dc9-0384-423e-9aa5-7c969abf7c45,Deven,Marak,Male,49,Divorced,6861197372,"547, New Colony",Aizawl,Mizoram,796714,A+,Teacher,Aadhaar,850971252179,True,2026-07-04T06:08:37.946738,2026-07-04T06:08:37.946738
2ad17d54-ebd7-4e76-be33-b4b2715c458c,Velmurugan,Saxena,Male,35,Widowed,7161938897,"270, Green Park",Hyderabad,Telangana,500242,O+,,Aadhaar,601861612621,True,2026-07-04T06:08:37.946738,2026-07-04T06:08:37.946738
a8eaa3df-0b2d-497a-8f5d-2631e5cf33dd,Divya,Menon,Female,8,Single,6769138691,"559, Old Bazaar",Bangalore,Karnataka,590001,B+,Housewife,Aadhaar,952585121945,True,2026-07-04T06:08:37.946738,2026-07-04T06:08:37.946738
ab55a403-59e4-4f0c-8fd2-300434c2ee1d,Kishor,Amin,Male,19,Single,8941874905,"3, Market Yard",Vadodara,Gujarat,370735,O+,Farmer,Aadhaar,497440142713,True,2026-07-04T06:08:37.946738,2026-07-04T06:08:37.946738
b1b34775-9b0f-407e-bc4b-6543cb1060e7,Rajagopal,Chandran,Male,25,Married,6960040644,"449, Hill Colony",Chennai,Tamil Nadu,633433,B+,Potter,Aadhaar,498227451775,True,2026-07-04T06:08:37.946738,2026-07-04T06:08:37.946738
2842a5af-e6d9-4981-9712-8cfaa164d7ea,Balaji,Parekh,Male,56,Married,8209337550,"131, MG Road",Nashik,Maharashtra,400213,B+,Teacher,Aadhaar,174619395168,True,2026-07-04T06:08:37.946738,2026-07-04T06:08:37.946738
b4506cc8-59a4-4eb9-8eb4-d3500ace3710,Vasantha,Gowda,Female,38,Divorced,8581115224,"232, Lake View",Visakhapatnam,Andhra Pradesh,530253,A+,Software Engineer,Aadhaar,506623388252,True,2026-07-04T06:08:37.946738,2026-07-04T06:08:37.946738
ccdeb192-ec34-4928-bb82-a3c60bb5b813,Jayaraman,Chatterjee,Male,41,Divorced,6259678237,"309, Ambedkar Marg",Howrah,West Bengal,713343,B+,Shopkeeper,Aadhaar,809257600013,True,2026-07-04T06:08:37.946738,2026-07-04T06:08:37.946738
21b1555f-5f71-464b-be40-f7176352c6ec,Komal,Salunkhe,Female,64,Single,9419417118,"213, College Road",Surat,Gujarat,382934,A+,Carpenter,Aadhaar,861562629869,True,2026-07-04T06:08:37.946738,2026-07-04T06:08:37.946738
cda3812d-db08-4775-b123-cddda093dc92,Hema,Rao,Female,26,Widowed,9852951092,"239, Ambedkar Marg",Salem,Tamil Nadu,635004,B+,Electrician,Aadhaar,352462711879,True,2026-07-04T06:08:37.946738,2026-07-04T06:08:37.946738
0db2e2bf-e827-452d-96fa-9f49028ffb7e,Ashok,Yadav,Male,47,Single,7842494471,"531, Lake View",Srinagar,Jammu and Kashmir,190345,A+,Software Engineer,Aadhaar,262214542266,True,2026-07-04T06:08:37.946738,2026-07-04T06:08:37.946738
28e1a187-f15d-4013-a4dc-19c30a31d9ee,Nisha,Kapoor,Female,47,Single,9507521882,"440, Lake View",Delhi,Delhi,110039,B+,Priest,Aadhaar,907637780957,True,2026-07-04T06:08:37.946738,2026-07-04T06:08:37.946738
591cfae3-469f-4cc0-ad2b-5a100e491a08,Nagarajan,Mudaliar,Male,33,Married,8320287614,"995, Green Park",Hyderabad,Telangana,503171,B+,Potter,Aadhaar,263041664926,True,2026-07-04T06:08:37.946738,2026-07-04T06:08:37.946738
04384a3f-2657-4a90-bdbe-c5f92adf14d7,Vasant,Chokshi,Male,64,Single,8598368131,"512, Nehru Nagar",Thane,Maharashtra,441347,A+,Plumber,Aadhaar,252025407828,True,2026-07-04T06:08:37.946738,2026-07-04T06:08:37.946738
f4fd6785-e88d-4449-b198-378fa7733c0c,Sunil,Dubey,Male,31,Married,9684591175,"971, River Side",Delhi,Delhi,110050,O+,Retired,Aadhaar,849489826177,True,2026-07-04T06:08:37.946738,2026-07-04T06:08:37.946738
c3efccbf-24c0-4503-a92a-3b7204fbb0a7,Abhijit,Mohanty,Male,14,Single,8505265299,"331, Lake View",Bhubaneswar,Odisha,751762,B+,Carpenter,Aadhaar,272374923830,True,2026-07-04T06:08:37.946738,2026-07-04T06:08:37.946738
724282ba-08b6-4007-b74c-62db07777bbe,Sharmila,Verma,Female,42,Married,7383901428,"573, MG Road",Noida,Uttar Pradesh,281977,B+,Fisherman,Aadhaar,683721826808,True,2026-07-04T06:08:37.946738,2026-07-04T06:08:37.946738
bf83cbcd-a93e-495f-958b-c8fdd0f9e340,Rashmi Rekha,Gandhi,Female,9,Single,8678946712,"387, Market Yard",Rajkot,Gujarat,368880,B+,Housewife,Aadhaar,658327816617,True,2026-07-04T06:08:37.946738,2026-07-04T06:08:37.946738
3c38974b-f303-4664-b1b4-e42d76a4eaf3,Padmanabhan,Yimchunger,Male,31,Divorced,8338983205,"656, MG Road",Visakhapatnam,Andhra Pradesh,532407,B+,Weaver,Aadhaar,291229287082,True,2026-07-04T06:08:37.946738,2026-07-04T06:08:37.946738
daf22780-0ab2-4558-b0b2-c48e4cfef321,Sarita,Sidhu,Female,62,Divorced,6408519434,"917, Gandhi Chowk",Kanpur,Uttar Pradesh,244731,A+,Accountant,Aadhaar,358120794579,True,2026-07-04T06:08:37.946738,2026-07-04T06:08:37.946738
358ba4ca-1e29-4628-ad51-4457bb37436f,Amandeep Kaur,Shroff,Female,7,Single,7390018252,"493, New Colony",Navi Mumbai,Maharashtra,439472,O+,Labourer,Aadhaar,645938495077,True,2026-07-04T06:08:37.946738,2026-07-04T06:08:37.946738
872ca265-9e90-4e53-aab6-5fd5b1e55e9c,Rajesh Kanna,Kurup,Male,45,Single,6666803568,"317, MG Road",Nellore,Andhra Pradesh,529436,B+,Retired,Aadhaar,937576831056,True,2026-07-04T06:08:37.946738,2026-07-04T06:08:37.946738
9797785b-56ff-4689-a5d0-88c194b5ab2a,Sandip,Chettiar,Male,31,Widowed,9468234013,"647, Shivaji Nagar",Chennai,Tamil Nadu,620716,AB+,Shopkeeper,Aadhaar,715615273411,True,2026-07-04T06:08:37.946738,2026-07-04T06:08:37.946738
d04d28fa-633a-4674-94c8-cbd393051119,Divya,Kulkarni,Female,17,Single,9606998382,"631, Sector 12",Thiruvananthapuram,Kerala,671432,,Driver,Aadhaar,212784914798,True,2026-07-04T06:08:37.946738,2026-07-04T06:08:37.946738
3d77dda8-4cf7-4cd4-a759-554b2d505063,Bharat,Sawant,Male,28,Single,7995840111,"550, New Colony",Ahmedabad,Gujarat,394390,B+,Priest,Aadhaar,814782225297,True,2026-07-04T06:08:37.946738,2026-07-04T06:08:37.946738
67271b9f-e7a6-4f11-b170-f5d99f152aa9,Geeta,Modi,Female,31,Divorced,8788724925,"568, Nehru Nagar",Thane,Maharashtra,436672,AB+,Priest,Aadhaar,438039839262,True,2026-07-04T06:08:37.946738,2026-07-04T06:08:37.946738
5ae87911-aa19-4532-98bb-d9c07b029f9a,Prabhakaran,Pillai,Male,30,Single,9543015873,"883, Ring Road",Thrissur,Kerala,682792,,Nurse,Aadhaar,961591349131,True,2026-07-04T06:08:37.946738,2026-07-04T06:08:37.946738
5e1e0d45-ff33-4eb9-bf12-8e59ec63e9aa,Yogesh,Parekh,Male,55,Widowed,8464877349,"966, Ring Road",Jamnagar,Gujarat,376294,O+,Plumber,Aadhaar,541755474873,True,2026-07-04T06:08:37.946738,2026-07-04T06:08:37.946738
7f9519b2-9eb0-4895-b4e2-e22a7fef4880,Sachin,Bhat,Male,59,Single,8814268101,"691, Hill Colony",Ujjain,Madhya Pradesh,487396,B+,Carpenter,Aadhaar,160977821969,True,2026-07-04T06:08:37.946738,2026-07-04T06:08:37.946738
280b5caa-9abc-430a-bc82-3575baad9d0e,Ila,Dey,Female,16,Single,6149229986,"768, Market Yard",Patna,Bihar,803875,B+,Retired,Aadhaar,993859766984,True,2026-07-04T06:08:37.946738,2026-07-04T06:08:37.946738
040a3a19-1ff3-4145-997e-e4bc8d7ed3ac,Anjali,Gupta,Female,49,Divorced,8289132852,"152, Market Yard",Noida,Uttar Pradesh,256120,AB+,Shopkeeper,Aadhaar,437783542935,True,2026-07-04T06:08:37.946738,2026-07-04T06:08:37.946738
d5837aaf-8159-4d96-a065-375b806f2b4a,Kamala,Chettiar,Female,70,Divorced,8185396751,"84, College Road",Chennai,Tamil Nadu,600975,O+,Software Engineer,Aadhaar,886804705083,True,2026-07-04T06:08:37.946738,2026-07-04T06:08:37.946738
975c40a6-8fd4-46e8-8bd0-f9c35557223c,Kamala,Bhat,Female,43,Married,8877000087,"72, Church Street",Chennai,Tamil Nadu,621178,O+,Plumber,Aadhaar,938225957479,True,2026-07-04T06:08:37.946738,2026-07-04T06:08:37.946738
2b56c85e-e01c-454b-9a26-60f93d6d39eb,Manikandan,Rawat,Male,61,Single,9591757197,"722, Sector 12",Gurugram,Haryana,125832,B+,Labourer,Aadhaar,263102522179,True,2026-07-04T06:08:37.946738,2026-07-04T06:08:37.946738
e6edce5f-273e-481f-8185-1311bc9fd3cf,Titli,Malhotra,Female,31,Divorced,9239026711,"269, Temple Road",Coimbatore,Tamil Nadu,617954,AB+,Fisherman,Aadhaar,826756094549,True,2026-07-04T06:08:37.946738,2026-07-04T06:08:37.946738
4d3c214f-ec66-4672-83dc-17dc910f4dd4,Vaishali,Vaidya,Female,61,Divorced,8413067903,"178, New Colony",Mumbai,Maharashtra,433284,O+,Engineer,Aadhaar,242849209508,True,2026-07-04T06:08:37.946738,2026-07-04T06:08:37.946738
5dd5d6ee-5be9-4510-9a86-15bc017a5925,Mangesh,Mehta,Male,10,Single,7405142148,"529, River Side",Mumbai,Maharashtra,404682,O+,Electrician,Aadhaar,196928288857,True,2026-07-04T06:08:37.946738,2026-07-04T06:08:37.946738
e764f051-1a9b-41e4-9cb6-5491abf9f55c,Usha,Naidu,Female,59,Single,7407972189,"210, Sector 12",Firozabad,Uttar Pradesh,237076,O+,,Aadhaar,124791291876,True,2026-07-04T06:08:37.946738,2026-07-04T06:08:37.946738
3e8bfd19-70da-4ac2-b2bd-114e2381e2c6,Titli,Lahiri,Female,18,Single,8450197203,"635, MG Road",Howrah,West Bengal,730972,O+,Doctor,Aadhaar,178011801944,True,2026-07-04T06:08:37.946738,2026-07-04T06:08:37.946738
277d7e59-46cb-460c-abc2-7902aba0bf70,Amitava,Kalita,Male,19,Single,8374907459,"269, Green Park",Darbhanga,Bihar,836283,B+,Tailor,Aadhaar,157791918817,True,2026-07-04T06:08:37.946738,2026-07-04T06:08:37.946738
35e46e71-5dc4-4662-9bba-d24dc1b623d8,Vandana,Saxena,Female,62,Divorced,7513208058,"685, Model Town",Gurugram,Haryana,124040,B+,Government Employee,Aadhaar,941270375124,True,2026-07-04T06:08:37.946738,2026-07-04T06:08:37.946738
ef5fccc7-ea73-4082-b5ea-1e7b1f9d50c2,Vipul,Mehta,Male,17,Single,8893184814,"503, Nehru Nagar",Mumbai,Maharashtra,431541,B+,Fisherman,Aadhaar,582074075082,True,2026-07-04T06:08:37.946738,2026-07-04T06:08:37.946738
3d2570ee-d6b0-4f9d-9342-f390f278842a,Sowmya,Hegde,Female,18,Single,9707429031,"825, Ambedkar Marg",Nizamabad,Telangana,508507,O+,Doctor,Aadhaar,747708980443,True,2026-07-04T06:08:37.946738,2026-07-04T06:08:37.946738
6fb58745-6966-46f5-af97-33d32f889347,Ranjan,Bhalla,Male,72,Single,6208027869,"430, Church Street",Jammu,Jammu and Kashmir,181715,O+,Driver,Aadhaar,413225601573,True,2026-07-04T06:08:37.946738,2026-07-04T06:08:37.946738
1c495ba1-b48a-4b7e-b562-ea191cbf9aa8,Malathi,Mitra,Female,42,Single,6795354389,"457, River Side",Howrah,West Bengal,714924,O+,Priest,Aadhaar,462903707550,True,2026-07-04T06:08:37.946738,2026-07-04T06:08:37.946738
f6c11813-261c-4b49-bf21-635d363f9086,Namrata,Bose,Female,41,Single,6961815289,"21, MG Road",Cuttack,Odisha,752421,O+,Shopkeeper,Aadhaar,721787190263,True,2026-07-04T06:08:37.946738,2026-07-04T06:08:37.946738
ce5ccbba-479c-44af-967b-973d736dc629,Sharmila,Roy,Female,62,Widowed,7650545976,"920, Nehru Nagar",Berhampur,Odisha,764822,O+,Farmer,Aadhaar,524761018912,True,2026-07-04T06:08:37.946738,2026-07-04T06:08:37.946738
cc58f98c-f48b-4ca6-b059-dced9e60aa0a,Vipul,Shroff,Male,44,Single,7524366621,"933, Lake View",Pune,Maharashtra,444324,B+,Engineer,Aadhaar,486039268534,True,2026-07-04T06:08:37.946738,2026-07-04T06:08:37.946738
75dec5fd-b5f6-4943-9b4c-4b3ba85d18eb,Anil,Sodhi,Male,48,Widowed,9747028108,"198, Ambedkar Marg",Raipur,Chhattisgarh,492544,A+,Priest,Aadhaar,962468999640,True,2026-07-04T06:08:37.946738,2026-07-04T06:08:37.946738
771cae02-f6b8-4e12-a1b2-a4e780898a58,Kantilal,Bhattacharya,Male,39,Widowed,7693633031,"285, MG Road",Jodhpur,Rajasthan,338664,O-,Business,Aadhaar,184459815893,True,2026-07-04T06:08:37.946738,2026-07-04T06:08:37.946738
788a6595-b8fd-4061-b3e0-0bed13631a8e,Lakshmi,Menon,Female,71,Widowed,6681578551,"160, Church Street",Nellore,Andhra Pradesh,517906,B+,Farmer,Aadhaar,817644569674,True,2026-07-04T06:08:37.946738,2026-07-04T06:08:37.946738
14fa6246-bea6-443c-a964-8d95be4f8694,Radha,Varma,Female,90,Divorced,9182862890,"635, College Road",Tirupati,Andhra Pradesh,528187,A+,Farmer,Aadhaar,468164254999,True,2026-07-04T06:08:37.946738,2026-07-04T06:08:37.946738
088fe956-56a7-4846-86b3-1aee3394f478,Amit,Mondal,Male,15,Single,8587051273,"388, Ring Road",Agra,Uttar Pradesh,261482,B+,Potter,Aadhaar,496832685664,True,2026-07-04T06:08:37.946738,2026-07-04T06:08:37.946738
b760323a-bd71-48b3-81a1-e5e9e9cf54f3,Purabi,Singh,Female,54,Widowed,6565167115,"533, Old Bazaar",Cuttack,Odisha,751689,A+,Business,Aadhaar,770249040075,True,2026-07-04T06:08:37.946738,2026-07-04T06:08:37.946738
0e040b43-bb35-4f40-9aed-cd54ed59fd8e,Jaspreet Kaur,Grover,Female,27,Married,9994528504,"343, Civil Lines",Ludhiana,Punjab,155167,O+,Farmer,Aadhaar,425875256586,True,2026-07-04T06:08:37.946738,2026-07-04T06:08:37.946738
87693bcb-f3ed-473f-9f93-95b28f5c2950,Prakash,Gandhi,Male,12,Single,7721461678,"208, Nehru Nagar",Vadodara,Gujarat,384762,O+,Electrician,Aadhaar,155156951565,True,2026-07-04T06:08:37.946738,2026-07-04T06:08:37.946738
ab501346-2db6-48eb-9e1a-cf50a3959081,Yamuna,Reddiar,Female,25,Married,8227145500,"123, Market Yard",Thiruvananthapuram,Kerala,691526,A+,Carpenter,Aadhaar,575061099245,True,2026-07-04T06:08:37.946738,2026-07-04T06:08:37.946738
cb5a5547-f749-4e38-8fd5-51aac6daf534,Nikhil,Kelkar,Male,39,Divorced,6690025612,"473, Sector 12",Mumbai,Maharashtra,440363,B+,Business,Aadhaar,342714064285,True,2026-07-04T06:08:37.946738,2026-07-04T06:08:37.946738
8ddf2c0e-88ef-40f8-a008-52de5ace99a3,Kalpesh,Dave,Male,53,Single,8935031720,"222, Market Yard",Ahmedabad,Gujarat,382821,B+,Fisherman,Aadhaar,575395152092,True,2026-07-04T06:08:37.946738,2026-07-04T06:08:37.946738
c21f5381-2b85-44f6-9e98-92e30e3afdd0,Manikandan,Nair,Male,23,Divorced,6448379043,"264, Green Park",Guntur,Andhra Pradesh,525911,B+,Doctor,Aadhaar,983737180834,True,2026-07-04T06:08:37.946738,2026-07-04T06:08:37.946738
5ad44691-64b6-4f00-a017-3e44d1f0001e,Padmanabhan,Ganapathy,Male,56,Married,8119073251,"549, Station Road",Kochi,Kerala,687522,O+,Retired,Aadhaar,806990813291,True,2026-07-04T06:08:37.946738,2026-07-04T06:08:37.946738
81f0c4f8-6171-4768-a061-eb81cbd3b8a4,Suresh,Saxena,Male,31,Single,7809381053,"109, Church Street",Bhopal,Madhya Pradesh,487360,B+,Accountant,Aadhaar,229805557683,True,2026-07-04T06:08:37.946738,2026-07-04T06:08:37.946738
04133252-fce8-4d59-876b-8f49e99651cd,Kumaresan,Iyengar,Male,26,Married,8572551564,"609, Nehru Nagar",Tiruchirappalli,Tamil Nadu,619915,B+,Homemaker,Aadhaar,481264192607,True,2026-07-04T06:08:37.946738,2026-07-04T06:08:37.946738
0d2a2ac3-7468-4cd0-ab02-83280ac64622,Krishnamurthy,Reddiar,Male,38,Married,6768135778,"703, Station Road",Chennai,Tamil Nadu,628444,A+,,Aadhaar,572418330976,True,2026-07-04T06:08:37.946738,2026-07-04T06:08:37.946738
ecccb15d-2881-4f92-9a33-42195e4f4fb7,Pramod,Chauhan,Male,63,Divorced,9875794276,"399, Ambedkar Marg",Bhopal,Madhya Pradesh,456739,B+,Business,Aadhaar,277288974377,True,2026-07-04T06:08:37.946738,2026-07-04T06:08:37.946738
8e73fa71-295a-4c15-ad15-cdcdfd164dc0,Arun Kumar,Ganapathy,Male,55,Widowed,7400787900,"695, MG Road",Kozhikode,Kerala,678355,B+,Weaver,Aadhaar,872986608767,True,2026-07-04T06:08:37.946738,2026-07-04T06:08:37.946738
bbe89e13-da5f-4961-ab2f-82893ee119a4,Kavita,Bedi,Female,15,Single,6901456414,"806, Lake View",Kanpur,Uttar Pradesh,255215,O+,Accountant,Aadhaar,946873376334,True,2026-07-04T06:08:37.946738,2026-07-04T06:08:37.946738
cef797ad-1b46-498e-87fd-6e681dc7e3b8,Brij Mohan,Barman,Male,42,Widowed,7294508017,"372, Gandhi Chowk",Lucknow,Uttar Pradesh,279524,B+,Business,Aadhaar,545859736174,True,2026-07-04T06:08:37.946738,2026-07-04T06:08:37.946738
04108e2c-b689-4b36-a4a4-c3e0d7eced81,Pranab,Oswal,Male,67,Married,8719823103,"314, Station Road",Nashik,Maharashtra,427699,B+,Carpenter,Aadhaar,506911192811,True,2026-07-04T06:08:37.946738,2026-07-04T06:08:37.946738
6c8580dc-3de5-4f5c-ab8c-7678fc2a7233,Trupti,Patel,Female,23,Married,6436456484,"664, Old Bazaar",Navi Mumbai,Maharashtra,431280,B+,Doctor,Aadhaar,215852729633,True,2026-07-04T06:08:37.946738,2026-07-04T06:08:37.946738
c01b201b-4b1b-4b63-9c50-6986dd5f30bb,Kishor,Oswal,Male,50,Widowed,6641423828,"777, Model Town",Indore,Madhya Pradesh,482439,O+,Student,Aadhaar,847967066241,True,2026-07-04T06:08:37.946738,2026-07-04T06:08:37.946738
b090d1e0-a932-4855-ad59-424731a9a4ce,Rajendra,Oswal,Male,17,Single,9449928179,"966, College Road",Pune,Maharashtra,410865,B+,Labourer,Aadhaar,559614396442,True,2026-07-04T06:08:37.946738,2026-07-04T06:08:37.946738
5fd7d618-a785-4a6e-a593-1f47b2621216,Piyali,Ganapathy,Female,20,Single,7758311489,"914, Ring Road",Durgapur,West Bengal,702731,B+,Student,Aadhaar,500235898818,True,2026-07-04T06:08:37.946738,2026-07-04T06:08:37.946738
4b3fadc2-e750-4cca-9a9a-3e11c5b2a210,Riya,Rathi,Female,54,Single,8644000398,"975, Market Yard",Surat,Gujarat,374260,B+,Clerk,Aadhaar,248934168143,True,2026-07-04T06:08:37.946738,2026-07-04T06:08:37.946738
a2257d2b-d0d4-4c47-8cfa-7c39be070f87,Gargi,Joshi,Female,16,Single,6497383645,"203, Shivaji Nagar",Mumbai,Maharashtra,441676,O-,Potter,Aadhaar,943105261676,True,2026-07-04T06:08:37.946738,2026-07-04T06:08:37.946738
650839b3-92db-44f3-a027-75eb8a071ee1,Sudip,Mohanty,Male,72,Divorced,7890392552,"500, Gandhi Chowk",Kolkata,West Bengal,715491,A-,Software Engineer,Aadhaar,675559554165,True,2026-07-04T06:08:37.946738,2026-07-04T06:08:37.946738
99966e9b-db5d-41cd-9368-cbd5018bc0c2,Anirban,Rout,Male,50,Married,7856402443,"154, Civil Lines",Asansol,West Bengal,743186,A+,Driver,Aadhaar,502643536274,True,2026-07-04T06:08:37.946738,2026-07-04T06:08:37.946738
55a83cec-2f8d-4cf4-bb96-ff31b9151d81,Pramod,Srivastava,Male,31,Widowed,9266094054,"962, Station Road",Gorakhpur,Uttar Pradesh,221080,O+,Carpenter,Aadhaar,947313843481,True,2026-07-04T06:08:37.946738,2026-07-04T06:08:37.946738
2fcfa2fd-efcf-44ed-87b4-e47ca9f73727,Hasi,Panda,Female,47,Married,9180715074,"573, Temple Road",Kolkata,West Bengal,702908,AB+,Software Engineer,Aadhaar,762294342668,True,2026-07-04T06:08:37.946738,2026-07-04T06:08:37.946738
78584df2-020e-4539-9ea7-39f71ae71424,Geetha,Gowda,Female,11,Single,7175809633,"391, Shivaji Nagar",Chennai,Tamil Nadu,638157,B+,Farmer,Aadhaar,633372837730,True,2026-07-04T06:08:37.946738,2026-07-04T06:08:37.946738
9c39e08a-64b9-49f3-808e-7f0ffd8c2d44,Lata,Bhatt,Female,56,Married,8504375402,"613, Old Bazaar",Kanpur,Uttar Pradesh,255417,AB+,Teacher,Aadhaar,775956209683,True,2026-07-04T06:08:37.946738,2026-07-04T06:08:37.946738
1cacf3e3-7153-4bd8-ac06-95cefd539695,Kamlesh,Sharma,Female,17,Single,9918756783,"32, Lake View",Faridabad,Haryana,122124,O+,Tailor,Aadhaar,918602896385,True,2026-07-04T06:08:37.946738,2026-07-04T06:08:37.946738
8d7ca06c-b881-48fc-9838-bfc82233ba59,Arun,Gill,Male,21,Widowed,8380322855,"801, Sector 12",Jalandhar,Punjab,146863,A+,Potter,Aadhaar,289830699864,True,2026-07-04T06:08:37.946738,2026-07-04T06:08:37.946738
f042342c-52f0-456e-b512-c8c791204a09,Nandini,Joshi,Female,52,Married,6960101428,"312, Civil Lines",Durgapur,West Bengal,733586,AB+,Teacher,Aadhaar,619619633158,True,2026-07-04T06:08:37.946738,2026-07-04T06:08:37.946738
dfdf2de0-91a6-4a70-aabb-590f1506aabe,Bhavani,Achari,Female,53,Married,6170552039,"831, Lake View",Chennai,Tamil Nadu,630968,O+,Engineer,Aadhaar,212650110616,True,2026-07-04T06:08:37.946738,2026-07-04T06:08:37.946738
de9835b4-edd8-45f3-b93e-b3cba6fe65b3,Prashant,Bhosale,Male,34,Married,7836628182,"218, Ambedkar Marg",Pune,Maharashtra,408712,O+,Tailor,Aadhaar,435080297734,True,2026-07-04T06:08:37.946738,2026-07-04T06:08:37.946738
5678e0e0-9b72-41c3-b0d7-eb19694944c7,Lalrinchhana,Chauhan,Male,62,Widowed,7125958699,"425, Model Town",Kanpur,Uttar Pradesh,204186,A+,Clerk,Aadhaar,282336513419,True,2026-07-04T06:08:37.946738,2026-07-04T06:08:37.946738
c969adb6-041b-4370-8425-392249d38a0c,Usha,Verma,Female,66,Married,6593581566,"617, Station Road",Ghaziabad,Uttar Pradesh,243449,O+,Priest,Aadhaar,697837836840,True,2026-07-04T06:08:37.946738,2026-07-04T06:08:37.946738
187eabc1-a943-4a1c-bf48-a4ca8ccf045b,Tejinder,Chahal,Male,45,Married,8105245433,"77, Sector 12",Faridabad,Haryana,127360,B+,Weaver,Aadhaar,140385507074,True,2026-07-04T06:08:37.946738,2026-07-04T06:08:37.946738
451cf7c7-c335-4265-9216-38c5f5cda7db,Indira,Reddiar,Female,67,Married,9890081902,"863, Model Town",Nizamabad,Telangana,505749,O+,,Aadhaar,542187147702,True,2026-07-04T06:08:37.946738,2026-07-04T06:08:37.946738
f7a3f477-8abb-47a1-84d1-f3f6435ea4af,Suresh Kumar,Naidu,Male,16,Single,9362265257,"37, Church Street",Visakhapatnam,Andhra Pradesh,517446,A+,Doctor,Aadhaar,240263008170,True,2026-07-04T06:08:37.946738,2026-07-04T06:08:37.946738
768c14a5-27c0-4706-8b28-358692186d55,Ranjan,Patel,Male,25,Divorced,8200248209,"654, Model Town",Jodhpur,Rajasthan,323150,B+,Nurse,Aadhaar,719491056089,True,2026-07-04T06:08:37.946738,2026-07-04T06:08:37.946738
1fed1bac-df66-4132-a31e-a34e1ab8ba9f,Arjun,Kadam,Male,33,Married,8641563611,"20, MG Road",Aurangabad,Maharashtra,401814,A+,Retired,Aadhaar,634195980018,True,2026-07-04T06:08:37.946738,2026-07-04T06:08:37.946738
2167c1d5-ada8-4584-abe3-4190df317b34,Pooja,Bedi,Female,51,Married,6341751856,"592, Sector 12",Delhi,Delhi,110082,AB+,Clerk,Aadhaar,897470281925,True,2026-07-04T06:08:37.946738,2026-07-04T06:08:37.946738
ed2b96ed-146e-432e-a66d-70eea41f025c,Devika,Iyengar,Female,47,Single,7281658150,"3, Ambedkar Marg",Kochi,Kerala,682298,A-,Plumber,Aadhaar,106889123684,True,2026-07-04T06:08:37.946738,2026-07-04T06:08:37.946738
f1a1aee5-794d-467f-bcd1-d609e890ed65,Kavya,Chopra,Female,56,Married,7518633591,"835, Market Yard",Prayagraj,Uttar Pradesh,263019,B+,Government Employee,Aadhaar,533299481294,True,2026-07-04T06:08:37.946738,2026-07-04T06:08:37.946738
9ab77c29-c2af-4205-91c9-2c5d5ac65e5f,Pramod,Sailo,Male,53,Widowed,9677599303,"901, Hill Colony",Satna,Madhya Pradesh,482705,A+,Business,Aadhaar,187987437898,True,2026-07-04T06:08:37.946738,2026-07-04T06:08:37.946738
0dc2c067-2fb4-4cf4-8800-02ef63fad702,Pranab,Nandi,Male,30,Married,8412963686,"805, Shivaji Nagar",Kolkata,West Bengal,730738,O+,Tailor,Aadhaar,337671102481,True,2026-07-04T06:08:37.946738,2026-07-04T06:08:37.946738
2048ce4e-3cec-487f-87c4-11c1b3d8ba1a,Provat,Agarwal,Male,30,Married,9871912062,"597, Church Street",Asansol,West Bengal,719990,B+,Nurse,Aadhaar,247120997942,True,2026-07-04T06:08:37.946738,2026-07-04T06:08:37.946738
d8a610f3-3992-4624-937a-a6ffd839fcc4,Asha,Goyal,Female,38,Married,7380322704,"332, Nehru Nagar",Lucknow,Uttar Pradesh,269357,O+,Carpenter,Aadhaar,263385730981,True,2026-07-04T06:08:37.946738,2026-07-04T06:08:37.946738
8a84f23b-2ab2-4a92-8ecc-32bbf493be8b,Nagarajan,Bhat,Male,26,Widowed,7460375806,"331, Model Town",Kollam,Kerala,691652,B+,Fisherman,Aadhaar,303672767494,True,2026-07-04T06:08:37.946738,2026-07-04T06:08:37.946738
91a99640-9ced-48ab-9c92-099d8e04b390,Prakash,Rane,Male,70,Married,6517006727,"254, Market Yard",Vadodara,Gujarat,362371,B+,Accountant,Aadhaar,590114229612,True,2026-07-04T06:08:37.946738,2026-07-04T06:08:37.946738
877a4f37-728a-4cef-b4e6-19e752d2cca7,Sadanand,More,Male,24,Married,7960446116,"600, College Road",Bhilwara,Rajasthan,343712,B+,Doctor,Aadhaar,959255052056,True,2026-07-04T06:08:37.946738,2026-07-04T06:08:37.946738
52d62444-6b62-4b78-aff3-7187abcf8aed,Anitha,Chandran,Female,21,Widowed,9282077724,"339, Nehru Nagar",Bangalore,Karnataka,578189,O+,Fisherman,Aadhaar,439056035409,True,2026-07-04T06:08:37.946738,2026-07-04T06:08:37.946738
0a40fe38-fd8f-457b-957e-6d94228922a1,Sourav,Banerjee,Male,64,Single,9228640738,"9, Shivaji Nagar",Darbhanga,Bihar,834143,O+,Doctor,Aadhaar,845300145886,True,2026-07-04T06:08:37.946738,2026-07-04T06:08:37.946738
2eaa5071-2ca4-476f-a33b-d7b36cb8da8c,Ashwin,Balakrishnan,Male,15,Single,6676301487,"781, Ambedkar Marg",Chennai,Tamil Nadu,636884,A+,Potter,Aadhaar,989939376127,True,2026-07-04T06:08:37.946738,2026-07-04T06:08:37.946738
a09d2e86-52ad-4437-84d6-64098d0730b2,Goutam,Konwar,Male,15,Single,6343736197,"576, Lake View",Howrah,West Bengal,718974,O+,Priest,Aadhaar,541487194667,True,2026-07-04T06:08:37.946738,2026-07-04T06:08:37.946738
bb879e65-a205-4a46-af8b-66a69dd55827,Rajesh,Dhillon,Male,74,Married,9137585053,"617, Church Street",Lucknow,Uttar Pradesh,264575,O+,Shopkeeper,Aadhaar,407977779165,True,2026-07-04T06:08:37.946738,2026-07-04T06:08:37.946738
a98abf9f-4127-4691-bd62-c0cf0a8e1e39,Jayesh,Basu,Male,36,Divorced,7693032451,"659, Ring Road",Howrah,West Bengal,716102,O+,Priest,Aadhaar,511462098275,True,2026-07-04T06:08:37.946738,2026-07-04T06:08:37.946738
f68a1aaf-5187-4f31-a84e-44a25fb0dd15,Kabita,Bhat,Female,44,Divorced,7276163331,"734, Green Park",Nizamabad,Telangana,503579,O+,Labourer,Aadhaar,306342642721,True,2026-07-04T06:08:37.946738,2026-07-04T06:08:37.946738
ccc2fc03-c5f5-45c8-897f-4a5bad9572f8,Jignesh,More,Male,85,Widowed,6835757903,"240, Ring Road",Jaipur,Rajasthan,313531,O+,Plumber,Aadhaar,264199505407,True,2026-07-04T06:08:37.946738,2026-07-04T06:08:37.946738
2fc4abde-051c-4ff6-a6f8-e62bcdbabf8f,Swathi,Ramanathan,Female,46,Married,6605508259,"812, MG Road",Kochi,Kerala,675248,A+,Labourer,Aadhaar,586363449551,True,2026-07-04T06:08:37.946738,2026-07-04T06:08:37.946738
c54e0480-94e7-4a58-beda-d6a007b0f509,Rekha,Kumar,Female,18,Single,8306994101,"295, Gandhi Chowk",Varanasi,Uttar Pradesh,225700,O+,Weaver,Aadhaar,922217542942,True,2026-07-04T06:08:37.946738,2026-07-04T06:08:37.946738
bf420c6e-5b18-4571-b56f-0e095d5c0d98,Venkatesh,Kamath,Male,9,Single,8595277675,"552, Green Park",Thrissur,Kerala,694580,O+,Doctor,Aadhaar,456328401056,True,2026-07-04T06:08:37.946738,2026-07-04T06:08:37.946738
25e0c850-cff5-40f2-913a-e4b40d832af2,Mahua,Sen,Female,29,Divorced,8736142069,"181, Temple Road",Darbhanga,Bihar,826374,O+,,Aadhaar,812398395752,True,2026-07-04T06:08:37.946738,2026-07-04T06:08:37.946738
31b2105d-c878-4af9-ac93-2ad4f9164c39,Nita,More,Female,16,Single,9501066551,"924, College Road",Aurangabad,Maharashtra,400641,B+,Carpenter,Aadhaar,658640079088,True,2026-07-04T06:08:37.946738,2026-07-04T06:08:37.946738
671a5606-67cf-49f9-9bfe-063dfecf9a34,Sunil,Dubey,Male,49,Single,9170439604,"479, Model Town",Aligarh,Uttar Pradesh,235381,,Accountant,Aadhaar,988045051442,True,2026-07-04T06:08:37.946738,2026-07-04T06:08:37.946738
a0c50337-87c1-4c18-ac4d-8ab48b40252f,Bidisha,Mitra,Female,14,Single,9243555460,"782, Shivaji Nagar",Kolkata,West Bengal,738632,A+,Farmer,Aadhaar,812993584629,True,2026-07-04T06:08:37.946738,2026-07-04T06:08:37.946738
26572608-adbc-4416-a784-5065da61f178,Mahesh,Mishra,Male,73,Married,9407335397,"502, College Road",Delhi,Delhi,110033,B+,Housewife,Aadhaar,550859353509,True,2026-07-04T06:08:37.946738,2026-07-04T06:08:37.946738
91e04156-3c3e-4eb7-9a9b-caea93b622e3,Kishor,Shukla,Male,22,Married,6490604407,"354, Model Town",Navi Mumbai,Maharashtra,443199,B+,Plumber,Aadhaar,195240497467,True,2026-07-04T06:08:37.946738,2026-07-04T06:08:37.946738
07db245a-991b-4532-a343-e28be9b214c1,Ravichandran,Pillai,Male,5,Single,9915212881,"534, Market Yard",Thiruvananthapuram,Kerala,683228,O+,Shopkeeper,Aadhaar,615457799468,True,2026-07-04T06:08:37.946738,2026-07-04T06:08:37.946738
9d68c411-2476-40af-8de7-956ea39647aa,Senthil,Iyengar,Male,49,Single,6548232269,"493, Hill Colony",Thrissur,Kerala,672443,O+,Labourer,Aadhaar,343239903822,True,2026-07-04T06:08:37.946738,2026-07-04T06:08:37.946738
8a4e6caa-a95a-4fc1-b109-2a89c577d565,Anjali,Bafna,Female,35,Married,8557090511,"586, Church Street",Amritsar,Punjab,148190,B+,Potter,Aadhaar,901082622915,True,2026-07-04T06:08:37.946738,2026-07-04T06:08:37.946738
bdfa7a04-49e6-441b-be1d-94aa5a501bf8,Kishor,Amin,Male,80,Divorced,6829197501,"88, Old Bazaar",Vasai-Virar,Maharashtra,428300,A+,Potter,Aadhaar,997871442183,True,2026-07-04T06:08:37.946738,2026-07-04T06:08:37.946738
019e1755-2b7b-41d5-8864-5724d66d7071,Jyotsna,Pawar,Female,14,Single,8855650208,"80, Shivaji Nagar",Ahmedabad,Gujarat,360058,O+,,Aadhaar,321456421813,True,2026-07-04T06:08:37.946738,2026-07-04T06:08:37.946738
8d2e81d4-a2ea-43aa-85f8-e3c863a707c1,Priti,Bafna,Female,39,Divorced,6615017335,"949, Civil Lines",Mumbai,Maharashtra,408516,A+,,Aadhaar,309414345105,True,2026-07-04T06:08:37.946738,2026-07-04T06:08:37.946738
91ca15fd-b991-4474-b124-f8b2c4702f56,Renu,Bedi,Female,51,Divorced,8179943300,"715, College Road",Bhopal,Madhya Pradesh,485965,O+,Nurse,Aadhaar,369330376774,True,2026-07-04T06:08:37.946738,2026-07-04T06:08:37.946738
d7bd5e7e-f03b-49fe-82de-72b70a7ada1a,Balaji,Barman,Male,60,Widowed,7467921702,"494, Market Yard",Hyderabad,Telangana,507892,A+,Clerk,Aadhaar,772969802743,True,2026-07-04T06:08:37.946738,2026-07-04T06:08:37.946738
5ad6e73a-187f-4712-9ff9-356cbd345583,Rajwinder Kaur,Bafna,Female,31,Widowed,8681245163,"898, River Side",Dehradun,Uttarakhand,249446,O+,,Aadhaar,392618385332,True,2026-07-04T06:08:37.946738,2026-07-04T06:08:37.946738
8baca5fb-8881-4377-88df-751e3926cc44,Divya,Naicker,Female,21,Single,8947700659,"983, River Side",Chennai,Tamil Nadu,636399,B+,Retired,Aadhaar,103106482891,True,2026-07-04T06:08:37.946738,2026-07-04T06:08:37.946738
2b969ac3-621a-4c53-9f16-c7675115cf0f,Karthik,Mudaliar,Male,27,Married,8329642094,"503, Sector 12",Vijayawada,Andhra Pradesh,517951,B+,Accountant,Aadhaar,905360087294,True,2026-07-04T06:08:37.946738,2026-07-04T06:08:37.946738
0c793d4d-44a4-48a6-8496-e1955aa89709,Radha,Chandran,Female,55,Married,9878868080,"765, Lake View",Chennai,Tamil Nadu,613565,B+,Engineer,Aadhaar,433386021054,True,2026-07-04T06:08:37.946738,2026-07-04T06:08:37.946738
6e1a5d26-354d-4221-a579-43e1d71536d1,Anand,Desai,Male,30,Married,9501021314,"460, Church Street",Pune,Maharashtra,423914,O+,Retired,Aadhaar,710522992999,True,2026-07-04T06:08:37.946738,2026-07-04T06:08:37.946738
7cc59eab-efbb-4ffb-b6ba-daa5c5dec2c5,Amit,Bhalla,Male,52,Married,8437740871,"491, Model Town",Dharamshala,Himachal Pradesh,175288,A+,Shopkeeper,Aadhaar,544839402120,True,2026-07-04T06:08:37.946738,2026-07-04T06:08:37.946738
70e0d1c5-b218-47d0-94c9-a4175f3dabb7,Bijoy,Chopra,Male,51,Single,6572988905,"388, Temple Road",Patna,Bihar,801367,A+,Shopkeeper,Aadhaar,758747499089,True,2026-07-04T06:08:37.946738,2026-07-04T06:08:37.946738
987efba4-c3e7-4b3f-bf42-d4df67d03428,Geeta,Sethi,Female,6,Single,9452338392,"470, Old Bazaar",Kanpur,Uttar Pradesh,248441,O+,Retired,Aadhaar,951555958038,True,2026-07-04T06:08:37.946738,2026-07-04T06:08:37.946738
f2b89bb1-f56a-4988-acb9-472d37fd07a7,Sailen,Raman,Male,28,Divorced,9504979614,"744, Nehru Nagar",Kollam,Kerala,687916,A+,Fisherman,Aadhaar,663135989876,True,2026-07-04T06:08:37.946738,2026-07-04T06:08:37.946738
8403752b-6727-45e4-ac6d-895efa9fd300,Archana,Bhatt,Female,25,Divorced,7428357144,"540, Market Yard",Gorakhpur,Uttar Pradesh,235092,O+,Fisherman,Aadhaar,722374366222,True,2026-07-04T06:08:37.946738,2026-07-04T06:08:37.946738
3b05924d-8645-48e0-9dff-b8c669c2df63,Chandan,Baishya,Male,37,Widowed,8331336169,"967, Gandhi Chowk",Siliguri,West Bengal,710704,O+,Weaver,Aadhaar,584607169296,True,2026-07-04T06:08:37.946738,2026-07-04T06:08:37.946738
46b1a23b-e083-4e6b-ac53-67f85df3b50a,Surinder,Rawat,Male,30,Married,9787876602,"215, College Road",Patiala,Punjab,151419,B+,Housewife,Aadhaar,808986147748,True,2026-07-04T06:08:37.946738,2026-07-04T06:08:37.946738
50610de5-f43c-4fd7-93bb-e5d9a3d8c526,Priti,Oswal,Female,59,Divorced,9750908667,"370, River Side",Mumbai,Maharashtra,443020,A+,Business,Aadhaar,396922256892,True,2026-07-04T06:08:37.946738,2026-07-04T06:08:37.946738
a899e2d1-0829-45f3-bc13-45d3c617fb80,Kamala,Nambiar,Female,34,Married,7132328054,"858, New Colony",Hyderabad,Telangana,505010,O+,Student,Aadhaar,407896540365,True,2026-07-04T06:08:37.946738,2026-07-04T06:08:37.946738
6bffeba5-d72f-4c5a-870a-e8c02f6d4503,Manjusha,Dave,Female,73,Widowed,6352916617,"692, Temple Road",Navi Mumbai,Maharashtra,425355,B+,Plumber,Aadhaar,763599111193,True,2026-07-04T06:08:37.946738,2026-07-04T06:08:37.946738
c55c705f-c64c-4d8a-95cb-d3523dafbea1,Yamini,Pawar,Female,12,Single,8231213341,"553, Civil Lines",Udaipur,Rajasthan,322205,B+,Homemaker,Aadhaar,851846647154,True,2026-07-04T06:08:37.946738,2026-07-04T06:08:37.946738
8db8dd98-527d-4611-b0d2-22de29e13246,Ratna,Mondal,Female,19,Single,8392803355,"352, Shivaji Nagar",Muzaffarpur,Bihar,831485,B+,Homemaker,Aadhaar,278882079156,True,2026-07-04T06:08:37.946738,2026-07-04T06:08:37.946738
5dcf573a-b0db-48f9-96e6-13b9de1d5b5d,Rashmi Rekha,Krishnan,Female,10,Single,9956681603,"8, Civil Lines",Bangalore,Karnataka,574708,B+,Farmer,Aadhaar,673008359250,True,2026-07-04T06:08:37.946738,2026-07-04T06:08:37.946738
ea3e7bbc-0979-46a3-b549-7c39d85153b6,Jaspreet,Sandhu,Male,10,Single,8131571201,"109, Model Town",Bilaspur,Chhattisgarh,494717,B+,Homemaker,Aadhaar,456418412167,True,2026-07-04T06:08:37.946738,2026-07-04T06:08:37.946738
1ba8ad73-18c7-419e-aa5b-e96efaabfc7a,Urmi,Bhalla,Female,34,Single,6919344510,"491, Green Park",Haridwar,Uttarakhand,246198,B+,Nurse,Aadhaar,940674656348,True,2026-07-04T06:08:37.946738,2026-07-04T06:08:37.946738
bd3a6849-ae4f-44f3-bf0e-664be4a13779,Jyoti,Sekhon,Female,68,Married,7111113955,"961, Model Town",Faridabad,Haryana,123334,A+,Shopkeeper,Aadhaar,669576968406,True,2026-07-04T06:08:37.946738,2026-07-04T06:08:37.946738
3991c888-9867-4ce1-a7a2-78bddd73735d,Chitra,Nambiar,Female,41,Married,8341589662,"404, Ring Road",Mangalore,Karnataka,568816,B-,Government Employee,Aadhaar,472158226585,True,2026-07-04T06:08:37.946738,2026-07-04T06:08:37.946738
aea0d899-435e-48b0-868d-301694be1345,Swati,Kumar,Female,12,Single,7670196892,"631, Civil Lines",Mumbai,Maharashtra,416690,AB+,Farmer,Aadhaar,842126782972,True,2026-07-04T06:08:37.946738,2026-07-04T06:08:37.946738
e53ce10a-2017-4555-945b-9162af9373b7,Manas,Dey,Male,31,Divorced,9742815283,"41, Nehru Nagar",Kolkata,West Bengal,705219,B+,Housewife,Aadhaar,447489188171,True,2026-07-04T06:08:37.946738,2026-07-04T06:08:37.946738
6489deca-5f92-4638-afe8-027754b13b38,Hemant,Biswas,Male,9,Single,8846455509,"821, Shivaji Nagar",Jamshedpur,Jharkhand,828145,B+,Engineer,Aadhaar,624735714373,True,2026-07-04T06:08:37.946738,2026-07-04T06:08:37.946738
c830c906-b1e1-4589-863f-845ca1a44bb7,Mahua,Guha,Female,54,Single,8568032769,"962, New Colony",Dhanbad,Jharkhand,823182,,Accountant,Aadhaar,455608364005,True,2026-07-04T06:08:37.946738,2026-07-04T06:08:37.946738
d2566b26-7158-44bb-8f71-bf621d6c6d27,Vidya,Varma,Female,31,Married,9402088614,"67, MG Road",Kochi,Kerala,677006,O+,Priest,Aadhaar,835494783367,True,2026-07-04T06:08:37.946738,2026-07-04T06:08:37.946738
5968415e-605e-4c3c-86ad-7257f7fd239e,Satpal,Varma,Male,27,Widowed,9902910350,"66, Shivaji Nagar",Bhopal,Madhya Pradesh,454035,O+,Government Employee,Aadhaar,599982985631,True,2026-07-04T06:08:37.946738,2026-07-04T06:08:37.946738
89f5a21b-f2f8-4dc9-ae84-4e72ed15f312,Vijayan,Rabha,Male,15,Single,7857375376,"523, New Colony",Vijayawada,Andhra Pradesh,518753,AB+,Driver,Aadhaar,803581376749,True,2026-07-04T06:08:37.946738,2026-07-04T06:08:37.946738
a6de0e6a-12af-4670-9009-4a541d6e9bdb,Bharati,Basu,Female,21,Married,9844708446,"524, Gandhi Chowk",Kolkata,West Bengal,716257,A+,Shopkeeper,Aadhaar,973830939976,True,2026-07-04T06:08:37.946738,2026-07-04T06:08:37.946738
3fc5c1ff-11b4-42bf-9706-6708f92647cd,Namrata,Sahu,Female,19,Single,6640082157,"891, Old Bazaar",Howrah,West Bengal,701210,B+,Business,Aadhaar,933446094865,True,2026-07-04T06:08:37.946738,2026-07-04T06:08:37.946738
babe3b9e-b51b-47d7-b01f-bb57ebf0a3b0,Usha,Singh,Female,19,Single,9762307733,"24, College Road",Bhilai,Chhattisgarh,490891,O+,Fisherman,Aadhaar,600758266734,True,2026-07-04T06:08:37.946738,2026-07-04T06:08:37.946738
50dea41d-bb8d-4f5c-957b-d1a0a33699a1,Mahesh,Sekhon,Male,8,Single,8506502146,"317, Civil Lines",Bhopal,Madhya Pradesh,466402,O+,Business,Aadhaar,455142064166,True,2026-07-04T06:08:37.946738,2026-07-04T06:08:37.946738
97532ccc-a877-49e8-a549-c94403d2fb2c,Anita,Anand,Female,7,Single,6606992345,"574, Green Park",Bhilai,Chhattisgarh,491991,O+,Carpenter,Aadhaar,362155980512,True,2026-07-04T06:08:37.946738,2026-07-04T06:08:37.946738
a55dd62f-f6bf-4d2a-b007-385efb9c2fff,Kabita,Shah,Female,48,Widowed,8925677851,"727, Church Street",Bhopal,Madhya Pradesh,472689,AB+,Retired,Aadhaar,657865197186,True,2026-07-04T06:08:37.946738,2026-07-04T06:08:37.946738
5eb6bf5b-500f-4d06-b046-6bbab52e98ed,Riya,Kadam,Female,30,Single,7746781652,"595, Ring Road",Bikaner,Rajasthan,314601,O+,Clerk,Aadhaar,656367900802,True,2026-07-04T06:08:37.946738,2026-07-04T06:08:37.946738
fcbf8765-5594-430f-81fb-4fc9c4547a7a,Anamika,Kalra,Female,43,Widowed,9293391662,"744, Lake View",Saharanpur,Uttar Pradesh,232753,B+,Farmer,Aadhaar,714486063833,True,2026-07-04T06:08:37.946738,2026-07-04T06:08:37.946738
304e7a24-95da-4996-9254-3618c7dc59c7,Urvashi,Mukherjee,Female,44,Divorced,8466653340,"890, College Road",Dhanbad,Jharkhand,818157,B+,Retired,Aadhaar,590298618200,True,2026-07-04T06:08:37.946738,2026-07-04T06:08:37.946738
59a3046c-73df-4fc4-afec-4be75e853c00,Zohmingliana,Sangma,Male,63,Married,6813534700,"136, Nehru Nagar",Guwahati,Assam,784979,O+,,Aadhaar,973598018575,True,2026-07-04T06:08:37.946738,2026-07-04T06:08:37.946738
301182c2-0ff1-4c34-be28-8206caf80940,Chittaranjan,Mohanty,Male,81,Widowed,9631428090,"195, New Colony",Rourkela,Odisha,756497,O+,Government Employee,Aadhaar,395403711317,True,2026-07-04T06:08:37.946738,2026-07-04T06:08:37.946738
d236cfd6-9054-4a5f-9f77-eed0703b3951,Manoj,Gogoi,Male,16,Single,6172550014,"186, Nehru Nagar",Lucknow,Uttar Pradesh,226672,A+,Student,Aadhaar,817132396166,True,2026-07-04T06:08:37.946738,2026-07-04T06:08:37.946738
3477b548-0417-485e-b4d4-66f165d83b0a,Subrata,Ganguly,Male,39,Divorced,8619063947,"68, MG Road",Meerut,Uttar Pradesh,265057,A+,Student,Aadhaar,501237133402,True,2026-07-04T06:08:37.946738,2026-07-04T06:08:37.946738
2a4fdd16-3db0-4354-8d44-618bc4b5995a,Nitin,Sharma,Male,53,Married,9185957208,"651, Lake View",Chandigarh,Chandigarh,160029,O+,Software Engineer,Aadhaar,645266520511,True,2026-07-04T06:08:37.946738,2026-07-04T06:08:37.946738
11f94ded-42b8-4176-bd08-29b7154104a2,Pallavi,Verma,Female,51,Divorced,6962051964,"304, Shivaji Nagar",Faridabad,Haryana,130114,A+,Retired,Aadhaar,242645569473,True,2026-07-04T06:08:37.946738,2026-07-04T06:08:37.946738
f9a35f5b-8e05-4929-9a48-7e51ceebbab8,Kavya,Namboothiri,Female,49,Married,9587716319,"983, Civil Lines",Vellore,Tamil Nadu,632208,AB+,Homemaker,Aadhaar,234241937501,True,2026-07-04T06:08:37.946738,2026-07-04T06:08:37.946738
51b22b2e-6991-4581-bc22-05cd6e54cb1b,Vivek,Sekhon,Male,34,Married,6803625523,"98, Market Yard",Delhi,Delhi,110008,A+,Government Employee,Aadhaar,846765514401,True,2026-07-04T06:08:37.946738,2026-07-04T06:08:37.946738
61546602-499f-408a-8711-74bee0b2759a,Vandana,Gupta,Female,40,Single,7527848691,"644, Market Yard",Prayagraj,Uttar Pradesh,242970,B+,Government Employee,Aadhaar,765426438769,True,2026-07-04T06:08:37.946738,2026-07-04T06:08:37.946738
b928fea9-073f-438d-8591-d42aa94673dc,Barun,Pal,Male,14,Single,9668281827,"290, Hill Colony",Kolkata,West Bengal,726360,O+,Teacher,Aadhaar,444838682646,True,2026-07-04T06:08:37.946738,2026-07-04T06:08:37.946738
cfc08632-5136-42df-acb0-a5906da2413e,Bharat,Kothari,Male,65,Married,6125184800,"158, Temple Road",Thane,Maharashtra,430711,O+,Clerk,Aadhaar,953448236111,True,2026-07-04T06:08:37.946738,2026-07-04T06:08:37.946738
855fdf34-f71f-4a67-977d-1868951b5fdc,Aparna,Das,Female,56,Married,9978962380,"145, Model Town",Ranchi,Jharkhand,814727,O+,Plumber,Aadhaar,982507117022,True,2026-07-04T06:08:37.946738,2026-07-04T06:08:37.946738
63d1c34d-91f9-45e9-a6da-6bcfda3558ad,Jyotish,Bisht,Male,82,Married,9845864005,"81, Ambedkar Marg",Jammu,Jammu and Kashmir,182725,A+,Shopkeeper,Aadhaar,357181533337,True,2026-07-04T06:08:37.946738,2026-07-04T06:08:37.946738
e60e54f9-8eac-422e-9832-f83caed83c84,Vasant,Nambiar,Male,22,Married,9654622382,"109, MG Road",Thiruvananthapuram,Kerala,688504,B+,Carpenter,Aadhaar,559558237369,True,2026-07-04T06:08:37.946738,2026-07-04T06:08:37.946738
72d4b1d6-0d70-4c33-b1ca-35b8cd1375f0,Anjali,Mitra,Female,67,Divorced,6178051925,"13, Market Yard",Srinagar,Jammu and Kashmir,192531,O+,Nurse,Aadhaar,402508049999,True,2026-07-04T06:08:37.946738,2026-07-04T06:08:37.946738
abfcfcee-891f-483a-ac96-566671f15bb0,Lata,Bansal,Female,56,Widowed,9689759118,"583, Old Bazaar",Chandigarh,Chandigarh,160025,B+,Student,Aadhaar,603874861968,True,2026-07-04T06:08:37.946738,2026-07-04T06:08:37.946738
1cdc2c90-bd47-41a2-8a4c-2ea3ec075cd3,Jaspreet Kaur,Rathore,Female,44,Widowed,6516643223,"642, Temple Road",Panipat,Haryana,121558,O+,Carpenter,Aadhaar,626806030473,True,2026-07-04T06:08:37.946738,2026-07-04T06:08:37.946738
0e8610b2-35e5-4489-b392-1fe03e403358,Ramesh Babu,Trivedi,Male,45,Married,8791633289,"787, Ambedkar Marg",Noida,Uttar Pradesh,282394,B+,Carpenter,Aadhaar,255574453423,True,2026-07-04T06:08:37.946738,2026-07-04T06:08:37.946738
f7cfffcd-8c32-47c8-a5be-f5b06c0ba7f2,Yashpal,Chauhan,Male,22,Widowed,8837336518,"702, Civil Lines",Gurugram,Haryana,124771,A+,Shopkeeper,Aadhaar,996288287128,True,2026-07-04T06:08:37.946738,2026-07-04T06:08:37.946738
5eee778f-9771-4087-ad4a-baf4110378fa,Jayaraman,Hegde,Male,43,Married,6477268992,"965, Gandhi Chowk",Vijayawada,Andhra Pradesh,532105,O+,Government Employee,Aadhaar,547556348570,True,2026-07-04T06:08:37.946738,2026-07-04T06:08:37.946738
6b014cad-cd18-41c8-be50-b4cf3a1f74e3,Rajesh Kanna,Acharya,Male,43,Widowed,9255663820,"302, Sector 12",Chennai,Tamil Nadu,606167,A+,Business,Aadhaar,639176367571,True,2026-07-04T06:08:37.946738,2026-07-04T06:08:37.946738
3bf46a17-bd5b-42c1-82d8-a4de0f90f4f6,Rupali,Gaikwad,Female,39,Single,9667222964,"242, Ring Road",Kolhapur,Maharashtra,434243,B+,Priest,Aadhaar,468716652338,True,2026-07-04T06:08:37.946738,2026-07-04T06:08:37.946738
6f4bda0c-0a1d-4ae3-bb92-9fec07410cf9,Gopalakrishnan,Ganapathy,Male,14,Single,7505473997,"144, Market Yard",Kannur,Kerala,685624,AB+,Student,Aadhaar,242146998372,True,2026-07-04T06:08:37.946738,2026-07-04T06:08:37.946738
37bdeb4e-03d1-449a-9cc4-3251e84a2a3c,Radha,Krishnan,Female,29,Widowed,9556689853,"350, Station Road",Kochi,Kerala,695204,O+,Homemaker,Aadhaar,464205825880,True,2026-07-04T06:08:37.946738,2026-07-04T06:08:37.946738
84795a5a-ffe2-4766-85df-f9659c9a41b8,Velmurugan,Varma,Male,22,Single,8451869549,"267, Market Yard",Thrissur,Kerala,670956,A+,Farmer,Aadhaar,986285601544,True,2026-07-04T06:08:37.946738,2026-07-04T06:08:37.946738
533c9d37-1b3c-4532-b0cf-f462c05a34d9,Juthika,Ramamurthy,Female,23,Divorced,8223513913,"232, Hill Colony",Bangalore,Karnataka,581840,O+,,Aadhaar,948409692913,True,2026-07-04T06:08:37.946738,2026-07-04T06:08:37.946738
94b140fe-bb3a-4f2e-8cab-706cf6fd5f42,Milind,Chetty,Male,43,Widowed,6515432471,"894, MG Road",Thane,Maharashtra,443474,O+,Labourer,Aadhaar,565948988188,True,2026-07-04T06:08:37.946738,2026-07-04T06:08:37.946738
a95476c3-1428-49e4-aa16-ffd905b41c21,Nithya,Nair,Female,9,Single,6414500225,"690, Market Yard",Gulbarga,Karnataka,588324,O+,Carpenter,Aadhaar,287386654891,True,2026-07-04T06:08:37.946738,2026-07-04T06:08:37.946738
5cd464cc-1496-41e4-b6e3-6ab91b2becdf,Simanta,Deka,Male,19,Single,7592509902,"487, Gandhi Chowk",Guwahati,Assam,782110,AB+,Weaver,Aadhaar,522288443496,True,2026-07-04T06:08:37.946738,2026-07-04T06:08:37.946738
1926474b-a865-47b4-8f71-c936f35b6d4c,Kranti,Salunkhe,Female,55,Widowed,9711948961,"932, Sector 12",Thane,Maharashtra,400919,,,Aadhaar,932699457044,True,2026-07-04T06:08:37.946738,2026-07-04T06:08:37.946738
c75410c4-9e2b-4f8b-90aa-a9e4a4bbc51c,Yogesh,Shroff,Male,41,Widowed,8135365337,"159, River Side",Pune,Maharashtra,416064,B+,Business,Aadhaar,450640938842,True,2026-07-04T06:08:37.946738,2026-07-04T06:08:37.946738
c33b355d-635f-44af-83ef-703912cf9c41,Madhuri,Dubey,Female,37,Divorced,6114365042,"568, MG Road",Haridwar,Uttarakhand,255963,,Doctor,Aadhaar,708890663989,True,2026-07-04T06:08:37.946738,2026-07-04T06:08:37.946738
e741dd72-1c20-4c6e-b8d8-707f258eeb7b,Nitin,Agarwal,Male,15,Single,9662524310,"754, Green Park",Delhi,Delhi,110081,O+,Priest,Aadhaar,932830023923,True,2026-07-04T06:08:37.946738,2026-07-04T06:08:37.946738
4fbb6326-58f5-4ccf-b4bb-62c468f16461,Mohan,Srivastava,Male,13,Single,7320190621,"895, River Side",Delhi,Delhi,110060,B+,Student,Aadhaar,174170279823,True,2026-07-04T06:08:37.946738,2026-07-04T06:08:37.946738
a7444f54-1497-41ff-901b-964a9eedff88,Gurmeet Kaur,Roy,Female,54,Divorced,7765344683,"680, Station Road",Howrah,West Bengal,738952,O+,Business,Aadhaar,337979411356,True,2026-07-04T06:08:37.946738,2026-07-04T06:08:37.946738
284322d6-de7c-465c-8fe7-9234c3596e22,Rita,Chokshi,Female,59,Divorced,8761173320,"332, Church Street",Vadodara,Gujarat,365797,O+,Potter,Aadhaar,366030901075,True,2026-07-04T06:08:37.946738,2026-07-04T06:08:37.946738
406ceb68-6351-4380-92cc-0eb5371e13f5,Vasantha,Naik,Female,40,Divorced,7795397470,"529, New Colony",Madurai,Tamil Nadu,606387,AB+,,Aadhaar,713794937244,True,2026-07-04T06:08:37.946738,2026-07-04T06:08:37.946738
e2871dba-2375-466c-8437-1590ebeb1aa4,Deepa,Menon,Female,7,Single,8169239457,"439, Market Yard",Tiruchirappalli,Tamil Nadu,637114,O+,,Aadhaar,754828759368,True,2026-07-04T06:08:37.946738,2026-07-04T06:08:37.946738
dd23fe59-b279-406e-8494-b6ffaec1c354,Senthil,Naidu,Male,63,Divorced,7651176467,"287, Old Bazaar",Bangalore,Karnataka,585664,B+,Electrician,Aadhaar,144055470376,True,2026-07-04T06:08:37.946738,2026-07-04T06:08:37.946738
c5513da0-5c34-4033-8c34-e4cf7b7cf5c9,Pravin,Ramamurthy,Male,17,Single,6629622701,"673, Station Road",Jaipur,Rajasthan,302403,A+,,Aadhaar,982430370853,True,2026-07-04T06:08:37.946738,2026-07-04T06:08:37.946738
ff59d0cd-927b-40fc-9060-13c2579eb740,Shanmugam,Agarwal,Male,69,Single,8469199040,"839, Church Street",Ghaziabad,Uttar Pradesh,284403,,Weaver,Aadhaar,999470723166,True,2026-07-04T06:08:37.946738,2026-07-04T06:08:37.946738
d3dbfb1e-d2cc-4dd1-8317-8d9e50a30554,Kiran,Agarwal,Male,23,Widowed,7415032862,"636, Ring Road",Delhi,Delhi,110062,,Clerk,Aadhaar,145924449505,True,2026-07-04T06:08:37.946738,2026-07-04T06:08:37.946738
bc3b27d3-cfd3-4f74-a00f-1b6d3d8e95c7,Pallavi,Singh,Female,27,Widowed,9839911153,"497, Station Road",Ludhiana,Punjab,149414,B+,Tailor,Aadhaar,159945082453,True,2026-07-04T06:08:37.946738,2026-07-04T06:08:37.946738
0ff4f94e-5d5a-42d8-85a1-84dba4935579,Rajesh Kanna,Menon,Male,13,Single,6868924528,"708, College Road",Chennai,Tamil Nadu,616374,O+,Priest,Aadhaar,654396533523,True,2026-07-04T06:08:37.946738,2026-07-04T06:08:37.946738
4e5c1850-f65b-4ada-ab94-93088e6eecce,Sourav,Banerjee,Male,67,Widowed,9469629519,"468, Civil Lines",Kolkata,West Bengal,714078,A-,Accountant,Aadhaar,305088582704,True,2026-07-04T06:08:37.946738,2026-07-04T06:08:37.946738
3ce64f7b-731b-4f64-b35b-4d7df9136e1c,Nirmala,Mudaliar,Female,86,Divorced,8512503510,"898, Hill Colony",Erode,Tamil Nadu,623599,O+,Potter,Aadhaar,626137633863,True,2026-07-04T06:08:37.946738,2026-07-04T06:08:37.946738
10a459f9-80fd-42d7-8727-6e03971f7987,Mahesh,Singh,Male,23,Single,8478333625,"268, Temple Road",Sagar,Madhya Pradesh,467369,O+,Shopkeeper,Aadhaar,484441299647,True,2026-07-04T06:08:37.946738,2026-07-04T06:08:37.946738
dbaaa04f-c269-4f33-a30f-492d24759eba,Dharmesh,Patil,Male,43,Widowed,8137823993,"337, Temple Road",Jaipur,Rajasthan,314895,A+,Nurse,Aadhaar,814402797966,True,2026-07-04T06:08:37.946738,2026-07-04T06:08:37.946738
c6c9709a-8e1f-47c6-a8b9-3867c061bdf4,Bimal,Lahiri,Male,44,Widowed,8449709487,"578, Sector 12",Howrah,West Bengal,710718,O+,Doctor,Aadhaar,812668423792,True,2026-07-04T06:08:37.946738,2026-07-04T06:08:37.946738
cb69f6ec-ee21-4990-97fe-ea9e5ba6a605,Velmurugan,Reddy,Male,44,Married,6866467334,"711, Temple Road",Mysore,Karnataka,574467,A+,Housewife,Aadhaar,391326866055,True,2026-07-04T06:08:37.946738,2026-07-04T06:08:37.946738
d9902398-6b7b-45d7-a388-63722bf81403,Amitava,Gandhi,Male,34,Widowed,9371542391,"619, Model Town",Siliguri,West Bengal,741673,O+,Weaver,Aadhaar,742240261601,True,2026-07-04T06:08:37.946738,2026-07-04T06:08:37.946738
f79688f2-03ba-495b-936c-3a1c3da861b0,Manoj,Sidhu,Male,31,Divorced,9511349762,"315, Old Bazaar",Agra,Uttar Pradesh,269617,A+,Housewife,Aadhaar,557922161581,True,2026-07-04T06:08:37.946738,2026-07-04T06:08:37.946738
7f3aeca4-2300-41c9-ab72-81d1f786b7e3,Aarti,Shah,Female,12,Single,8308000593,"680, Gandhi Chowk",Pune,Maharashtra,408793,,Driver,Aadhaar,428522444001,True,2026-07-04T06:08:37.946738,2026-07-04T06:08:37.946738
2a4e409c-c3eb-4460-801d-002de933c0a0,Prashant,Khongsit,Male,43,Divorced,9715496346,"329, Church Street",Mumbai,Maharashtra,437047,AB+,Student,Aadhaar,349496658166,True,2026-07-04T06:08:37.946738,2026-07-04T06:08:37.946738
a200b511-f178-4cdb-b310-69b7cd012cc7,Pravin,Sawant,Male,18,Single,8724403645,"941, Ring Road",Ahmedabad,Gujarat,367151,O+,Fisherman,Aadhaar,741357940931,True,2026-07-04T06:08:37.946738,2026-07-04T06:08:37.946738
34dde2c8-0ccf-4ada-9618-10702459e05b,Anand,Vora,Male,63,Divorced,6209118193,"785, Temple Road",Navi Mumbai,Maharashtra,411741,A+,Potter,Aadhaar,412601915846,True,2026-07-04T06:08:37.946738,2026-07-04T06:08:37.946738
ecd09b8f-fc6a-4e64-8cb1-a7aacade4431,Sameer,More,Male,27,Divorced,8780697003,"925, Nehru Nagar",Ahmedabad,Gujarat,368501,B+,,Aadhaar,527283084272,True,2026-07-04T06:08:37.946738,2026-07-04T06:08:37.946738
2fae03b7-bc6d-497e-8669-6a19d9ea1208,Bijoy,Bagchi,Male,18,Single,7363752180,"742, Church Street",Kolkata,West Bengal,726089,O+,Priest,Aadhaar,704751549151,True,2026-07-04T06:08:37.946738,2026-07-04T06:08:37.946738
fc059a80-4851-47c3-99b2-f85bfbe0798f,Asha,Saxena,Female,17,Single,7476887585,"875, Ambedkar Marg",Delhi,Delhi,110061,O+,Retired,Aadhaar,148815979239,True,2026-07-04T06:08:37.946738,2026-07-04T06:08:37.946738
ba6d793f-79d8-4963-9c59-6b7c7529bee0,Shweta,Saxena,Female,59,Single,7458416662,"295, Green Park",Meerut,Uttar Pradesh,221155,AB+,Driver,Aadhaar,499143352563,True,2026-07-04T06:08:37.946738,2026-07-04T06:08:37.946738
ff394f18-21a1-4c49-9f47-3bbdee29b10b,Sadanand,Bhandari,Male,26,Widowed,7608170682,"373, Station Road",Gurugram,Haryana,124217,O+,Teacher,Aadhaar,715979184251,True,2026-07-04T06:08:37.946738,2026-07-04T06:08:37.946738
34bda049-bdc8-4d93-9965-1147df23a36b,Jayesh,Shukla,Male,30,Married,7697584514,"267, Model Town",Aurangabad,Maharashtra,440143,B+,Plumber,Aadhaar,716670754564,True,2026-07-04T06:08:37.946738,2026-07-04T06:08:37.946738
9bfd6bcc-a94a-4b03-b4cf-95674a1665bc,Kiran,Bhatt,Male,20,Single,6594833293,"639, Shivaji Nagar",Delhi,Delhi,110052,,Carpenter,Aadhaar,376183500194,True,2026-07-04T06:08:37.946738,2026-07-04T06:08:37.946738
15c110d4-3471-439b-a486-d0e2378bca29,Bandana,Ganguly,Female,26,Divorced,8939418284,"331, Lake View",Rourkela,Odisha,752276,B+,Retired,Aadhaar,923728014989,True,2026-07-04T06:08:37.946738,2026-07-04T06:08:37.946738
8052531d-2754-43df-994c-933b875bbe2b,Ganesh,Doshi,Male,7,Single,7841097160,"66, River Side",Pune,Maharashtra,406884,A+,Software Engineer,Aadhaar,211006880547,True,2026-07-04T06:08:37.946738,2026-07-04T06:08:37.946738
885d32b8-0fe7-4923-a03d-ffaa6d9eca6d,Balaji,Gowda,Male,24,Married,7687967109,"408, Ambedkar Marg",Vellore,Tamil Nadu,608755,A+,Accountant,Aadhaar,937397729435,True,2026-07-04T06:08:37.946738,2026-07-04T06:08:37.946738
0286a262-8ab3-4f23-951b-7310d3c0ee88,Rajagopal,Gowda,Male,47,Widowed,7283405282,"295, Civil Lines",Bangalore,Karnataka,560733,O+,Potter,Aadhaar,125834554224,True,2026-07-04T06:08:37.946738,2026-07-04T06:08:37.946738
d188cda4-1a4c-4a66-9883-f23dffb35b53,Kishor,Sawant,Male,34,Widowed,6787939613,"601, Green Park",Thane,Maharashtra,437171,O+,Driver,Aadhaar,762119885448,True,2026-07-04T06:08:37.946738,2026-07-04T06:08:37.946738
58ecc52e-38a5-4cac-9ef7-0df7d2562a7d,Manjusha,Sidhu,Female,12,Single,8537977943,"753, Green Park",Dharamshala,Himachal Pradesh,177553,B+,Potter,Aadhaar,756530522313,True,2026-07-04T06:08:37.946738,2026-07-04T06:08:37.946738
c665d182-170d-4ca3-8230-778794b33b7e,Chitra,Hegde,Female,68,Married,9142674017,"612, Nehru Nagar",Kurnool,Andhra Pradesh,527849,O+,,Aadhaar,890797886637,True,2026-07-04T06:08:37.946738,2026-07-04T06:08:37.946738
782e5d34-c808-44bd-aa5d-431061f1a09b,Bhuvana,Hegde,Female,57,Divorced,7731038065,"150, Ring Road",Visakhapatnam,Andhra Pradesh,525527,A+,Software Engineer,Aadhaar,316702072688,True,2026-07-04T06:08:37.946738,2026-07-04T06:08:37.946738
5c01b9b7-3c82-4368-b4c1-198abd675d4e,Ashok,Bansal,Male,23,Single,7299794583,"165, Lake View",Lucknow,Uttar Pradesh,230241,O+,Engineer,Aadhaar,294671246128,True,2026-07-04T06:08:37.946738,2026-07-04T06:08:37.946738
89051b54-1056-4c65-8830-45d4c5d0bcbe,Vipul,Chokshi,Male,35,Widowed,6872120663,"704, Ambedkar Marg",Aurangabad,Maharashtra,418213,O+,Driver,Aadhaar,749336885186,True,2026-07-04T06:08:37.946738,2026-07-04T06:08:37.946738
24710b2c-cd82-4caf-9d9a-fe7fe803e447,Pravin,Dave,Male,32,Single,7848762234,"660, Church Street",Sangli,Maharashtra,402268,O+,Weaver,Aadhaar,309128689392,True,2026-07-04T06:08:37.946738,2026-07-04T06:08:37.946738
e2cef468-b055-4fab-a8fd-5d2128f0d974,Nitin,Konwar,Male,26,Single,9645959443,"660, River Side",Jabalpur,Madhya Pradesh,473935,A+,,Aadhaar,938559332867,True,2026-07-04T06:08:37.946738,2026-07-04T06:08:37.946738
3ba430f7-9418-41a6-ab73-e6da2188a097,Nirav,Mehta,Male,50,Single,8968250755,"931, Green Park",Jaipur,Rajasthan,309462,O+,Carpenter,Aadhaar,628305361638,True,2026-07-04T06:08:37.946738,2026-07-04T06:08:37.946738
c552215a-2201-4ccb-99ce-03f4daef2493,Mangesh,Amin,Male,66,Widowed,9831509531,"468, Ring Road",Gandhinagar,Gujarat,390565,A+,Student,Aadhaar,392478571641,True,2026-07-04T06:08:37.946738,2026-07-04T06:08:37.946738
ae86dcee-6576-4e35-a1bc-2de7f843216a,Surinder,Sethi,Male,87,Single,7591853696,"865, MG Road",Prayagraj,Uttar Pradesh,223638,O+,Carpenter,Aadhaar,799228253224,True,2026-07-04T06:08:37.946738,2026-07-04T06:08:37.946738
4e7789f5-69da-4e66-aac2-8d8929f8abe7,Kavita,Ramanathan,Female,6,Single,9291060902,"670, Ring Road",Ludhiana,Punjab,142350,O+,Tailor,Aadhaar,656820403832,True,2026-07-04T06:08:37.946738,2026-07-04T06:08:37.946738
6cbd2df2-9213-4007-a2b8-8faea408e52a,Suresh Kumar,Mahato,Male,69,Married,7315155272,"435, Sector 12",Bhagalpur,Bihar,811176,A+,Driver,Aadhaar,890181266554,True,2026-07-04T06:08:37.946738,2026-07-04T06:08:37.946738
de82f13c-5eb6-45cc-80a7-acef41427ecd,Arun,Malhotra,Male,18,Single,7420374008,"890, Nehru Nagar",Delhi,Delhi,110090,B+,Potter,Aadhaar,624878303453,True,2026-07-04T06:08:37.946738,2026-07-04T06:08:37.946738
ee2d8d26-c2e4-4faf-b258-89bd98f74d52,Elango,Pillai,Male,69,Widowed,9672837495,"254, MG Road",Coimbatore,Tamil Nadu,640574,AB+,Labourer,Aadhaar,185676842796,True,2026-07-04T06:08:37.946738,2026-07-04T06:08:37.946738
76fc3d37-a982-4059-ba7d-394f44a2e6bf,Hitesh,Shukla,Male,31,Divorced,6566933628,"449, Temple Road",Pune,Maharashtra,419037,O+,Priest,Aadhaar,139654386767,True,2026-07-04T06:08:37.946738,2026-07-04T06:08:37.946738
dc68e4bc-b28a-489c-9b3b-fa9273b320b8,Meera,Verma,Female,52,Married,7416029652,"860, Ring Road",Jammu,Jammu and Kashmir,188581,A+,Homemaker,Aadhaar,241486722436,True,2026-07-04T06:08:37.946738,2026-07-04T06:08:37.946738
d62c194d-c71d-4934-bae4-c59957b0974d,Rahul,Naik,Male,29,Married,6806408291,"993, Nehru Nagar",Mumbai,Maharashtra,428792,O+,Engineer,Aadhaar,425582583139,True,2026-07-04T06:08:37.946738,2026-07-04T06:08:37.946738
83cfcb65-5b40-45b4-9547-2c8686095184,Jayaraman,Krishnan,Male,24,Married,7178796047,"61, Market Yard",Puducherry,Puducherry,605042,A+,Housewife,Aadhaar,485691133090,True,2026-07-04T06:08:37.946738,2026-07-04T06:08:37.946738
a54f5453-96a9-42d3-b83b-0139d60637e7,Sagarika,Biswas,Female,20,Single,6515578325,"426, MG Road",Gaya,Bihar,850513,B+,Clerk,Aadhaar,225701983177,True,2026-07-04T06:08:37.946738,2026-07-04T06:08:37.946738
447f001d-9106-4c44-a27e-ff2389887db8,Manasi,Patil,Female,16,Single,8872425077,"135, Market Yard",Surat,Gujarat,391073,O+,Driver,Aadhaar,527520542336,True,2026-07-04T06:08:37.946738,2026-07-04T06:08:37.946738
9f7191d9-2ad9-435b-b3e1-b41c71e9b268,Mehul,Oswal,Male,16,Single,6374936533,"213, Church Street",Mumbai,Maharashtra,440393,O+,Retired,Aadhaar,563242319347,True,2026-07-04T06:08:37.946738,2026-07-04T06:08:37.946738
08ad17ba-37a4-48dd-9dab-335c6fd6cc86,Manisha,Mishra,Female,22,Married,9314821669,"512, Gandhi Chowk",Delhi,Delhi,110024,O+,Driver,Aadhaar,811013540500,True,2026-07-04T06:08:37.946738,2026-07-04T06:08:37.946738
113d5c1a-f7ef-4384-8a42-f34bacc3ce92,Meenakshi,Kurup,Female,47,Married,9823973977,"608, Shivaji Nagar",Chennai,Tamil Nadu,620815,A+,Labourer,Aadhaar,839160154136,True,2026-07-04T06:08:37.946738,2026-07-04T06:08:37.946738
b1a721c6-b809-4ab8-a6d2-f15532f52b6d,Pradeep,Aggarwal,Male,44,Married,8929565196,"61, MG Road",Bathinda,Punjab,159500,B+,Student,Aadhaar,786599619954,True,2026-07-04T06:08:37.946738,2026-07-04T06:08:37.946738
e2efb169-1966-4ed5-ae44-8adae9c6a78f,Rukmini,Baishya,Female,14,Single,7654424488,"534, Market Yard",Guwahati,Assam,788026,AB+,Driver,Aadhaar,784003155156,True,2026-07-04T06:08:37.946738,2026-07-04T06:08:37.946738
de9a217a-8f51-4cbf-bbfe-23810cc78dc0,Sudip,Chakraborty,Male,18,Single,9557814279,"267, Station Road",Ranchi,Jharkhand,828703,O+,Nurse,Aadhaar,533165631299,True,2026-07-04T06:08:37.946738,2026-07-04T06:08:37.946738
d405d7be-1e9a-41f3-9030-6f05a2ea4ab6,Rekha,Dave,Female,36,Single,9259357854,"839, Sector 12",Ludhiana,Punjab,146194,O+,Electrician,Aadhaar,355622085750,True,2026-07-04T06:08:37.946738,2026-07-04T06:08:37.946738
c99b1588-ae65-42ba-b704-f3647322d82c,Devika,Chetty,Female,25,Widowed,6640432513,"625, Civil Lines",Tirupati,Andhra Pradesh,526748,O+,Labourer,Aadhaar,206351865326,True,2026-07-04T06:08:37.946738,2026-07-04T06:08:37.946738
d0ae85a2-a01f-4380-b5c8-ad182f52bbbc,Vidya,Warrier,Female,23,Married,9790342989,"168, MG Road",Tirupati,Andhra Pradesh,517699,B+,Business,Aadhaar,460636212050,True,2026-07-04T06:08:37.946738,2026-07-04T06:08:37.946738
00c40607-69bc-46ba-b298-6da3e9abc6e5,Surinder,Rout,Male,31,Divorced,6193883216,"872, MG Road",Korba,Chhattisgarh,494544,O+,,Aadhaar,300007978010,True,2026-07-04T06:08:37.946738,2026-07-04T06:08:37.946738
a02c54c5-5a01-400e-80c8-766598d2bea0,Geetha,Kamath,Female,31,Single,8147291586,"401, Temple Road",Kochi,Kerala,693010,B+,,Aadhaar,476737377920,True,2026-07-04T06:08:37.946738,2026-07-04T06:08:37.946738
9c65f62f-a46e-4643-970d-be2c32bdbccb,Kavita,Singh,Female,35,Single,6546772685,"641, New Colony",Delhi,Delhi,110024,B+,Software Engineer,Aadhaar,142217171878,True,2026-07-04T06:08:37.946738,2026-07-04T06:08:37.946738
46937b2c-94b4-44a6-8355-68ab1a76cbb8,Priyanka,Malhotra,Female,88,Married,7380514290,"217, College Road",Jammu,Jammu and Kashmir,181079,B+,Weaver,Aadhaar,927364007749,True,2026-07-04T06:08:37.946738,2026-07-04T06:08:37.946738
5e4e7a4d-62ec-43c3-b7a4-bd3fb23d0cdd,Ganesan,Raman,Male,6,Single,7543516827,"506, Lake View",Vijayawada,Andhra Pradesh,523636,B+,Engineer,Aadhaar,719673943991,True,2026-07-04T06:08:37.946738,2026-07-04T06:08:37.946738
ebcbd9f0-f2c4-40b4-9920-3d7faf0c9abc,Vinod,Verma,Male,51,Widowed,7986618620,"506, Old Bazaar",Srinagar,Jammu and Kashmir,190514,AB+,Doctor,Aadhaar,488461646653,True,2026-07-04T06:08:37.946738,2026-07-04T06:08:37.946738
6e256809-c8da-4c36-8fce-ab17715f776c,Deepak,Bhalla,Male,35,Married,7726245873,"61, Model Town",Ludhiana,Punjab,153911,B+,Tailor,Aadhaar,537581959983,True,2026-07-04T06:08:37.946738,2026-07-04T06:08:37.946738
dcff9c83-bed0-46b9-8760-7b28ebd5e05a,Vidya,Imchen,Female,60,Widowed,7742588052,"957, Shivaji Nagar",Shillong,Meghalaya,794017,O+,Teacher,Aadhaar,937710886392,True,2026-07-04T06:08:37.946738,2026-07-04T06:08:37.946738
de4c9478-1da1-491a-a5b0-4562866ce70a,Ganesh,Patel,Male,35,Single,7376040646,"929, Ambedkar Marg",Nashik,Maharashtra,426544,O+,Farmer,Aadhaar,638363397105,True,2026-07-04T06:08:37.946738,2026-07-04T06:08:37.946738
c16faf8e-ac09-470a-a63a-d97f3b780535,Jyotsna,Raman,Female,26,Widowed,6401395556,"229, River Side",Mumbai,Maharashtra,418936,A+,Retired,Aadhaar,257397047864,True,2026-07-04T06:08:37.946738,2026-07-04T06:08:37.946738
a954cd7a-1ed4-4036-97fb-0c059efae3aa,Dinesh,Bhandari,Male,89,Married,7877571768,"391, MG Road",Lucknow,Uttar Pradesh,224604,B+,Nurse,Aadhaar,741372155347,True,2026-07-04T06:08:37.946738,2026-07-04T06:08:37.946738
a055eef4-0bb4-44ed-bff2-fdf39a689652,Rajinder,Bhalla,Male,54,Widowed,7306131900,"685, River Side",Amritsar,Punjab,154739,A-,Homemaker,Aadhaar,145235633309,True,2026-07-04T06:08:37.946738,2026-07-04T06:08:37.946738
f5b75036-efb2-4b66-80c0-aa1a012b61df,Prashant,Kadam,Male,22,Single,9348944012,"387, Nehru Nagar",Solapur,Maharashtra,440664,B-,Driver,Aadhaar,955655085784,True,2026-07-04T06:08:37.946738,2026-07-04T06:08:37.946738
d222e858-86a6-4390-9223-4ef8313ffce3,Varsha,Chavan,Female,28,Married,6270132120,"293, River Side",Udaipur,Rajasthan,311876,B+,Driver,Aadhaar,422992976133,True,2026-07-04T06:08:37.946738,2026-07-04T06:08:37.946738
89537b8d-a9c8-46d2-81b5-a19eae8017dc,Shweta,Ahluwalia,Female,40,Divorced,9889360227,"5, Lake View",Varanasi,Uttar Pradesh,280762,B+,Retired,Aadhaar,655413757078,True,2026-07-04T06:08:37.946738,2026-07-04T06:08:37.946738
cc77d42a-ebbd-4241-a8c1-dbad56d21cbd,Nita,Modi,Female,9,Single,7911169985,"591, Model Town",Ahmedabad,Gujarat,396490,A+,Priest,Aadhaar,824251545740,True,2026-07-04T06:08:37.946738,2026-07-04T06:08:37.946738
7d8bddcc-1d79-472e-accf-d627956132c7,Savita,Bhatt,Female,35,Single,8504812197,"972, Temple Road",Varanasi,Uttar Pradesh,279994,A+,Government Employee,Aadhaar,531777605048,True,2026-07-04T06:08:37.946738,2026-07-04T06:08:37.946738
4f1d1d02-3cd0-4d58-8275-644b4f6d7f66,Vijay,Kadam,Male,50,Married,8811672378,"959, Model Town",Mumbai,Maharashtra,401453,B+,Homemaker,Aadhaar,779053247253,True,2026-07-04T06:08:37.946738,2026-07-04T06:08:37.946738
b1a4fa62-4efd-4492-82a7-8e412f8dbc43,Debashish,Bose,Male,52,Single,7397589429,"829, Old Bazaar",Purnia,Bihar,804617,O+,Homemaker,Aadhaar,378072793400,True,2026-07-04T06:08:37.946738,2026-07-04T06:08:37.946738
61ea0319-3c1f-4685-aeb2-e6a0c91da581,Bhuvana,Rao,Female,8,Single,8798581121,"504, Ring Road",Bangalore,Karnataka,564742,,Shopkeeper,Aadhaar,249654527927,True,2026-07-04T06:08:37.946738,2026-07-04T06:08:37.946738
fed7825b-a12d-46ff-8e32-accc575d155c,Tapan,Basu,Male,35,Divorced,9457494278,"343, MG Road",Kolkata,West Bengal,702266,A+,Fisherman,Aadhaar,803731657375,True,2026-07-04T06:08:37.946738,2026-07-04T06:08:37.946738
8f9d54bb-c5ee-4ff4-8ec3-fca107c8361e,Varsha,Bhandari,Female,41,Single,8606551424,"288, Gandhi Chowk",Agra,Uttar Pradesh,247700,A+,Nurse,Aadhaar,774953385217,True,2026-07-04T06:08:37.946738,2026-07-04T06:08:37.946738
80f477e8-d743-4dd0-ac81-504f5fff342f,Padma,Acharya,Female,49,Divorced,8685916309,"351, Gandhi Chowk",Vijayawada,Andhra Pradesh,529537,B+,Carpenter,Aadhaar,621819008055,True,2026-07-04T06:08:37.946738,2026-07-04T06:08:37.946738
44a272da-ec7a-4a37-821b-aa44ccc7400c,Debashish,Bisht,Male,29,Married,9429181315,"27, Nehru Nagar",Gurugram,Haryana,122007,A+,Driver,Aadhaar,969777062516,True,2026-07-04T06:08:37.946738,2026-07-04T06:08:37.946738
4bd46c8e-ce9f-4f2b-bbb1-0dbf4448543d,Mohan,Sodhi,Male,54,Single,9612796434,"491, Temple Road",Amritsar,Punjab,150764,O+,Shopkeeper,Aadhaar,939541976108,True,2026-07-04T06:08:37.946738,2026-07-04T06:08:37.946738
791cac89-8029-4c76-b10a-3e6aad18c09d,Karthik,Ramamurthy,Male,8,Single,7548986079,"839, Church Street",Bangalore,Karnataka,586137,A+,Driver,Aadhaar,515184299013,True,2026-07-04T06:08:37.946738,2026-07-04T06:08:37.946738
79841311-2cc9-4c13-9c3a-e2d1c0b127ab,Malathi,Krishnan,Female,20,Single,6351647359,"798, Ring Road",Madurai,Tamil Nadu,638283,B+,Software Engineer,Aadhaar,497065178105,True,2026-07-04T06:08:37.946738,2026-07-04T06:08:37.946738
f6f670a1-d393-421b-98b1-da0a95299af8,Padma,Menon,Female,29,Widowed,9136106103,"340, Sector 12",Chennai,Tamil Nadu,617038,B+,Plumber,Aadhaar,322042514185,True,2026-07-04T06:08:37.946738,2026-07-04T06:08:37.946738
11f3abe6-d45f-4629-9e9a-7bf1322441a2,Randhir,Sodhi,Male,42,Married,8357694501,"524, Hill Colony",Faridabad,Haryana,126426,AB+,Plumber,Aadhaar,943330507101,True,2026-07-04T06:08:37.946738,2026-07-04T06:08:37.946738
e654a438-9b02-49af-909a-e738b79d6971,Gopinath,Chandran,Male,83,Single,8433645851,"277, Station Road",Bangalore,Karnataka,586317,O+,Potter,Aadhaar,692222851415,True,2026-07-04T06:08:37.946738,2026-07-04T06:08:37.946738
4dc8551a-b116-4ff4-baf4-9b48a2a8dabe,Rajesh Kanna,Achari,Male,33,Married,9530107281,"205, Sector 12",Mangalore,Karnataka,590740,B+,Shopkeeper,Aadhaar,213667812162,True,2026-07-04T06:08:37.946738,2026-07-04T06:08:37.946738
eb1b0cc4-e7c6-454e-bb44-fa37eeaa9501,Ashwin,Panicker,Male,38,Married,9268426907,"67, Green Park",Coimbatore,Tamil Nadu,613870,B+,Engineer,Aadhaar,892539752260,True,2026-07-04T06:08:37.946738,2026-07-04T06:08:37.946738
9383dc85-0524-40d5-a093-d1da59da9c61,Rukmini,Doshi,Female,18,Single,9546023046,"888, Ambedkar Marg",Thane,Maharashtra,427801,O+,Carpenter,Aadhaar,700111644521,True,2026-07-04T06:08:37.946738,2026-07-04T06:08:37.946738
ec36121b-dd4f-4139-8304-d058358ec20f,Rajwinder Kaur,Raman,Female,67,Divorced,7235247163,"264, Green Park",Hyderabad,Telangana,506633,B+,Accountant,Aadhaar,601166620763,True,2026-07-04T06:08:37.946738,2026-07-04T06:08:37.946738
b2cc1ada-cd11-479d-b899-6704b2c9cbd7,Suresh Kumar,Gowda,Male,29,Widowed,9676359689,"380, Station Road",Kochi,Kerala,676301,O-,Homemaker,Aadhaar,959104667900,True,2026-07-04T06:08:37.946738,2026-07-04T06:08:37.946738
8a7581c0-6ce2-4cfe-ba1e-231e429315c7,Rajagopal,Venkataraman,Male,12,Single,9993680966,"893, Ambedkar Marg",Mysore,Karnataka,562146,O+,Student,Aadhaar,172793818861,True,2026-07-04T06:08:37.946738,2026-07-04T06:08:37.946738
f4ca3725-e1fc-4bc8-8654-eed1514e4656,Suman,Mukherjee,Male,22,Divorced,9606971109,"669, College Road",Kolkata,West Bengal,739697,O+,Housewife,Aadhaar,533137972989,True,2026-07-04T06:08:37.946738,2026-07-04T06:08:37.946738
cd11d778-9332-4ac6-b1fd-6224d6132cab,Indira,Sundaram,Female,38,Married,7487346338,"251, Civil Lines",Gulbarga,Karnataka,582753,AB+,Student,Aadhaar,134740040561,True,2026-07-04T06:08:37.946738,2026-07-04T06:08:37.946738
07cf9118-d3a5-4a09-be67-6aae0a47ab92,Mangesh,Chokshi,Male,87,Widowed,9605975064,"44, Civil Lines",Pune,Maharashtra,406246,A+,Clerk,Aadhaar,897394810424,True,2026-07-04T06:08:37.946738,2026-07-04T06:08:37.946738
7b36e064-1c13-434f-9785-d4524c63a558,Chandrasekhar,Kamath,Male,15,Single,8429226687,"380, Temple Road",Salem,Tamil Nadu,612647,A+,Homemaker,Aadhaar,983416616575,True,2026-07-04T06:08:37.946738,2026-07-04T06:08:37.946738
eb82bd3a-cb46-480f-a2db-76f91d7140b9,Gopalakrishnan,Raman,Male,31,Married,6810492098,"414, Model Town",Vijayawada,Andhra Pradesh,519335,A+,Potter,Aadhaar,796384351242,True,2026-07-04T06:08:37.946738,2026-07-04T06:08:37.946738
9d3cbf4c-648d-4948-b909-d7aa31427993,Dinesh Kumar,Chetty,Male,45,Married,6759497935,"850, Station Road",Tirunelveli,Tamil Nadu,617456,B+,Priest,Aadhaar,476370969505,True,2026-07-04T06:08:37.946738,2026-07-04T06:08:37.946738
700e25bf-0cdb-4f91-826b-ebe4afe674c9,Tejinder,Kamath,Male,53,Divorced,7227417466,"97, Shivaji Nagar",Visakhapatnam,Andhra Pradesh,515607,O+,Software Engineer,Aadhaar,745069597768,True,2026-07-04T06:08:37.946738,2026-07-04T06:08:37.946738
138b48da-dfe9-4e84-a841-a9ef3ec3ac93,Prashant,Rathi,Male,70,Married,9700018857,"771, Nehru Nagar",Mumbai,Maharashtra,441162,A-,,Aadhaar,133736648193,True,2026-07-04T06:08:37.946738,2026-07-04T06:08:37.946738
02fc1135-6c89-4752-9ee7-9386e7bb55e4,Dipankar,Mitra,Male,19,Single,6980584134,"891, Sector 12",Siliguri,West Bengal,713843,AB+,Clerk,Aadhaar,302705404398,True,2026-07-04T06:08:37.946738,2026-07-04T06:08:37.946738
fa009ac2-a4da-4ef9-b01d-d0c58574d922,Naresh,Trivedi,Male,10,Single,7720542611,"84, Green Park",Meerut,Uttar Pradesh,279019,A+,Retired,Aadhaar,978842883806,True,2026-07-04T06:08:37.946738,2026-07-04T06:08:37.946738
206ff0d3-dbdb-4639-bf22-5985b0ae452e,Vipul,Vora,Male,11,Single,7119401192,"931, Church Street",Udaipur,Rajasthan,338615,O+,,Aadhaar,559881593835,True,2026-07-04T06:08:37.946738,2026-07-04T06:08:37.946738
d9dca4d5-c3e0-4821-8f7c-21551cea8c0c,Debashish,Salunkhe,Male,8,Single,7753335326,"307, Church Street",Mumbai,Maharashtra,441397,A+,Government Employee,Aadhaar,329750261679,True,2026-07-04T06:08:37.946738,2026-07-04T06:08:37.946738
1d97bf1c-d3db-4010-8b2b-015563f98441,Ramesh,Chopra,Male,61,Single,6485271309,"226, Station Road",Gurugram,Haryana,134016,A+,Fisherman,Aadhaar,844353327468,True,2026-07-04T06:08:37.946738,2026-07-04T06:08:37.946738
45aac30f-6b32-4cf0-a30e-a019dabead7d,Jayanta,Nayak,Male,24,Widowed,8482549738,"100, Temple Road",Siliguri,West Bengal,737367,A+,,Aadhaar,803364343252,True,2026-07-04T06:08:37.946738,2026-07-04T06:08:37.946738
bd4d8bbf-2369-45d6-8382-89f87632e8a7,Savita,Bhatt,Female,49,Married,6351734339,"526, River Side",Gorakhpur,Uttar Pradesh,210647,A+,Retired,Aadhaar,128721398259,True,2026-07-04T06:08:37.946738,2026-07-04T06:08:37.946738
d96f978d-00a0-421d-924f-fba86f5f5773,Rita,Desai,Female,85,Widowed,7750802582,"267, Shivaji Nagar",Pune,Maharashtra,438661,O+,Plumber,Aadhaar,746526103659,True,2026-07-04T06:08:37.946738,2026-07-04T06:08:37.946738
0e463aad-da27-4dce-b388-63f426783e47,Padmanabhan,Hegde,Male,73,Married,7613525611,"25, Model Town",Chennai,Tamil Nadu,629636,B+,,Aadhaar,709744320155,True,2026-07-04T06:08:37.946738,2026-07-04T06:08:37.946738
50db7a3d-1ced-4dc3-9185-9198a592c606,Swati,Nanda,Female,53,Divorced,6963053560,"194, Sector 12",Jamnagar,Gujarat,361470,A+,Priest,Aadhaar,114060864709,True,2026-07-04T06:08:37.946738,2026-07-04T06:08:37.946738
b760de4c-0a91-415b-ba29-e4abe72ad9e1,Madhuri,Verma,Female,6,Single,6139947529,"992, Sector 12",Gurugram,Haryana,129433,A+,Carpenter,Aadhaar,949760700733,True,2026-07-04T06:08:37.946738,2026-07-04T06:08:37.946738
1404e556-4466-4db7-9e5c-335d8c9a61fe,Yashpal,Khanna,Male,53,Single,8450929359,"906, Civil Lines",Lucknow,Uttar Pradesh,275998,B+,Clerk,Aadhaar,393224145520,True,2026-07-04T06:08:37.946738,2026-07-04T06:08:37.946738
7bf601db-17ce-42d5-8f58-73b5145b896d,Jyotish,Saikia,Male,54,Single,7230091781,"342, Shivaji Nagar",Guwahati,Assam,785824,O+,Nurse,Aadhaar,438662486509,True,2026-07-04T06:08:37.946738,2026-07-04T06:08:37.946738
6555a243-3264-4225-a620-e3c0306db156,Bhavesh,Gandhi,Male,45,Married,7232553305,"398, College Road",Pune,Maharashtra,436935,O+,Weaver,Aadhaar,100259192004,True,2026-07-04T06:08:37.946738,2026-07-04T06:08:37.946738
5347fc35-7e31-4e39-b2eb-eddc5f50feaa,Ramesh,Aggarwal,Male,48,Divorced,8495865805,"641, Temple Road",Gurugram,Haryana,131659,B+,Labourer,Aadhaar,978952751686,True,2026-07-04T06:08:37.946738,2026-07-04T06:08:37.946738
709dcf2e-64fb-4fd7-b098-bb06150f1c51,Srinivasan,Shetty,Male,19,Single,7961091114,"518, MG Road",Kochi,Kerala,694575,B+,,Aadhaar,323258429257,True,2026-07-04T06:08:37.946738,2026-07-04T06:08:37.946738
d61108bb-f6d4-4b51-a3e3-c742f1eeb70e,Chandrasekhar,Pillai,Male,35,Divorced,7526547021,"157, Old Bazaar",Chennai,Tamil Nadu,629204,B+,Weaver,Aadhaar,611895784454,True,2026-07-04T06:08:37.946738,2026-07-04T06:08:37.946738
cd675a2e-73f4-4fd0-855e-d97a9e4429a8,Hiya,Lyngdoh,Female,5,Single,9714790762,"522, Gandhi Chowk",Agartala,Tripura,799192,O+,Shopkeeper,Aadhaar,507120187163,True,2026-07-04T06:08:37.946738,2026-07-04T06:08:37.946738
221c6fb5-1ef5-4f50-9682-7af2c976709c,Dinesh,Pandey,Male,20,Single,8251988972,"271, Lake View",Indore,Madhya Pradesh,481428,AB+,Software Engineer,Aadhaar,278941886355,True,2026-07-04T06:08:37.946738,2026-07-04T06:08:37.946738
b0197ec6-8b10-47c8-a0ec-fac7e4321350,Prasenjit,Trivedi,Male,42,Single,8256346914,"34, Ring Road",Ludhiana,Punjab,150998,A+,Doctor,Aadhaar,217013055553,True,2026-07-04T06:08:37.946738,2026-07-04T06:08:37.946738
f2c20ecd-0218-4f73-8f1d-efb79c685ba9,Parvathi,Kamath,Female,51,Married,7401321564,"871, Gandhi Chowk",Madurai,Tamil Nadu,614393,O+,Housewife,Aadhaar,432534806545,True,2026-07-04T06:08:37.946738,2026-07-04T06:08:37.946738
03d55ae3-abb5-4806-8db9-dd4af3596476,Sushma,Shah,Female,22,Widowed,8812739827,"931, New Colony",Nagpur,Maharashtra,409051,A+,,Aadhaar,240276182029,True,2026-07-04T06:08:37.946738,2026-07-04T06:08:37.946738
e0aff57d-5750-44aa-b8dd-57c3ecd9bb21,Amandeep Kaur,Sidhu,Female,22,Divorced,7477459853,"413, River Side",Gurugram,Haryana,128145,B+,Engineer,Aadhaar,857837676214,True,2026-07-04T06:08:37.946738,2026-07-04T06:08:37.946738
96dfe210-2384-412d-abbd-4474d9469cff,Malabika,Mitra,Female,41,Single,9643345124,"27, Nehru Nagar",Bhagalpur,Bihar,829026,O+,Shopkeeper,Aadhaar,821759476672,True,2026-07-04T06:08:37.946738,2026-07-04T06:08:37.946738
2879acd0-fb57-4af8-b437-6ce746d91bb1,Amandeep Kaur,Sharma,Female,6,Single,8252889073,"132, Church Street",Bhopal,Madhya Pradesh,487351,A+,Weaver,Aadhaar,938421547582,True,2026-07-04T06:08:37.946738,2026-07-04T06:08:37.946738
b79e7169-6c2f-441c-aed9-f53d2efbd004,Ashoke,Dey,Male,16,Single,9430070858,"695, Ring Road",Jamshedpur,Jharkhand,826544,,Doctor,Aadhaar,679803457743,True,2026-07-04T06:08:37.946738,2026-07-04T06:08:37.946738
527de628-7360-4357-974b-7262f310c5f7,Kamlesh,Sawant,Female,56,Married,7631200673,"121, Old Bazaar",Ludhiana,Punjab,152090,AB+,Farmer,Aadhaar,243028529861,True,2026-07-04T06:08:37.946738,2026-07-04T06:08:37.946738
74740f47-7850-4f84-8e90-6c67d04cd837,Ganesan,Venkataraman,Male,19,Single,9895393032,"595, Model Town",Thiruvananthapuram,Kerala,684614,O+,Priest,Aadhaar,667046522526,True,2026-07-04T06:08:37.946738,2026-07-04T06:08:37.946738
541fe514-9c34-4a6c-ad89-662ab819ba61,Sathish,Raman,Male,46,Widowed,6164904246,"160, Green Park",Madurai,Tamil Nadu,617069,A+,Student,Aadhaar,357428261238,True,2026-07-04T06:08:37.946738,2026-07-04T06:08:37.946738
f524bf2e-67c8-4fa3-a822-302280c5edd7,Swati,Bhagat,Female,21,Divorced,9225335463,"123, Hill Colony",Bikaner,Rajasthan,335343,O+,Student,Aadhaar,584115173684,True,2026-07-04T06:08:37.946738,2026-07-04T06:08:37.946738
01c9113b-c43f-47fd-b280-0a8c0c1f7c55,Shanmugam,Varma,Male,29,Single,9352390376,"709, Civil Lines",Hubli,Karnataka,581045,B+,Plumber,Aadhaar,675111654752,True,2026-07-04T06:08:37.946738,2026-07-04T06:08:37.946738
8c1cb6af-c237-469b-96eb-727bccbc083f,Natarajan,Subramaniam,Male,29,Widowed,8810683807,"449, New Colony",Chennai,Tamil Nadu,629936,,Tailor,Aadhaar,167513378087,True,2026-07-04T06:08:37.946738,2026-07-04T06:08:37.946738
a5a952d7-1231-4e41-b48b-4554e39cc879,Vandana,Yadav,Female,39,Married,6176489253,"497, Model Town",Ludhiana,Punjab,143404,A+,Business,Aadhaar,486381865758,True,2026-07-04T06:08:37.946738,2026-07-04T06:08:37.946738
9e272d81-2594-4b64-bed4-704fc9aedc63,Hitesh,Naik,Male,23,Married,8493018845,"351, Station Road",Mumbai,Maharashtra,421399,A+,Electrician,Aadhaar,488831074213,True,2026-07-04T06:08:37.946738,2026-07-04T06:08:37.946738
0c4bd71a-4afb-4e00-be75-f1d705b225be,Vasantha,Subramaniam,Female,71,Single,9430502305,"159, Lake View",Chennai,Tamil Nadu,608864,,,Aadhaar,100312863492,True,2026-07-04T06:08:37.946738,2026-07-04T06:08:37.946738
82aa11ca-3e40-43fd-b1b9-4a5bf8a385e4,Revathi,Menon,Female,35,Married,8651417911,"473, College Road",Mysore,Karnataka,561544,B+,Labourer,Aadhaar,135965765524,True,2026-07-04T06:08:37.946738,2026-07-04T06:08:37.946738
aebbcdac-5847-441f-b3ac-688415550621,Bhavesh,Kelkar,Male,78,Single,7163575146,"384, MG Road",Jaipur,Rajasthan,328688,A+,Software Engineer,Aadhaar,227252864310,True,2026-07-04T06:08:37.946738,2026-07-04T06:08:37.946738
e45ea0fd-aee0-4d11-8864-21a249eaafac,Sonal,Bisht,Female,29,Widowed,6211114546,"928, MG Road",Jalandhar,Punjab,141090,A+,Teacher,Aadhaar,638482801864,True,2026-07-04T06:08:37.946738,2026-07-04T06:08:37.946738
e6d17456-56ee-46ae-8c6c-93675150a3a4,Ritu,Bedi,Female,21,Married,9438277438,"128, New Colony",Bareilly,Uttar Pradesh,250324,B+,Software Engineer,Aadhaar,672679444183,True,2026-07-04T06:08:37.946738,2026-07-04T06:08:37.946738
7bb2cfd6-8bd5-4088-86a3-f63182f844b8,Vani,Bhat,Female,9,Single,7135225386,"508, Nehru Nagar",Coimbatore,Tamil Nadu,618796,O+,Teacher,Aadhaar,286648167862,True,2026-07-04T06:08:37.946738,2026-07-04T06:08:37.946738
3fef9553-ca48-4ed4-8933-65dfdec6bf68,Prasanta,Handique,Male,34,Divorced,9414667850,"169, Hill Colony",Mumbai,Maharashtra,426051,O+,Retired,Aadhaar,807342257444,True,2026-07-04T06:08:37.946738,2026-07-04T06:08:37.946738
4eda3b06-a9f0-4b9e-b82b-ec79f4c10eff,Deepika,Kumar,Female,38,Single,6801062634,"359, Station Road",Raipur,Chhattisgarh,495629,AB+,Housewife,Aadhaar,284533494549,True,2026-07-04T06:08:37.946738,2026-07-04T06:08:37.946738
72fc1fd5-8474-4128-80bf-27a081e9bd78,Pravin,Doshi,Male,25,Single,7383410069,"286, Hill Colony",Nashik,Maharashtra,444648,B+,,Aadhaar,223885059174,True,2026-07-04T06:08:37.946738,2026-07-04T06:08:37.946738
6b279a3c-ecc7-4573-b259-9e94015c7367,Gopalakrishnan,Acharya,Male,30,Single,9159798523,"136, Ambedkar Marg",Kollam,Kerala,679760,A+,Retired,Aadhaar,936420262815,True,2026-07-04T06:08:37.946738,2026-07-04T06:08:37.946738
9958b6ec-663e-4299-bf2b-1d3a594e5372,Rajesh Kanna,Krishnan,Male,46,Widowed,6730287222,"767, Nehru Nagar",Gulbarga,Karnataka,584825,A+,Tailor,Aadhaar,779321907695,True,2026-07-04T06:08:37.946738,2026-07-04T06:08:37.946738
d8878c88-8c8b-4810-bd22-a2a51e120d36,Kamala,Shetty,Female,70,Single,9977807193,"192, Sector 12",Kurnool,Andhra Pradesh,528009,B+,,Aadhaar,935531309296,True,2026-07-04T06:08:37.946738,2026-07-04T06:08:37.946738
5a939f54-27e6-4980-b658-b9ba81969286,Ila,Dey,Female,14,Single,7288915804,"883, Station Road",Bhubaneswar,Odisha,764247,B+,Doctor,Aadhaar,660456231529,True,2026-07-04T06:08:37.946738,2026-07-04T06:08:37.946738
29cc3aef-02a6-447f-bd5c-18f75583af58,Madhavi,Chokshi,Female,17,Single,6535317735,"612, Ring Road",Mumbai,Maharashtra,409150,A+,Homemaker,Aadhaar,372078237117,True,2026-07-04T06:08:37.946738,2026-07-04T06:08:37.946738
8ff044e8-fbc9-4b48-a25e-a41d66d2588a,Bidisha,Bedi,Female,32,Divorced,7271666622,"686, Sector 12",Faridabad,Haryana,135137,AB+,Plumber,Aadhaar,577753062254,True,2026-07-04T06:08:37.946738,2026-07-04T06:08:37.946738
64ac3a02-fa24-475f-8ba8-9c0a69315f63,Archana,Bhatt,Female,38,Single,9648944765,"224, Temple Road",Delhi,Delhi,110082,O+,Software Engineer,Aadhaar,556937539267,True,2026-07-04T06:08:37.946738,2026-07-04T06:08:37.946738
d33bd1c3-22c5-491a-859d-c4786ed72100,Moushumi,Balakrishnan,Female,33,Single,6127105755,"51, Station Road",Vellore,Tamil Nadu,609380,B+,Homemaker,Aadhaar,823311858320,True,2026-07-04T06:08:37.946738,2026-07-04T06:08:37.946738
395c0111-a655-4881-8b61-e5ba3ca7427d,Vijay Kumar,Pai,Male,74,Divorced,6384396097,"146, Ambedkar Marg",Bangalore,Karnataka,567076,A+,Student,Aadhaar,351550823918,True,2026-07-04T06:08:37.946738,2026-07-04T06:08:37.946738
e57a48ea-f43d-44c5-ad3b-c237438c04bb,Tejinder,Srivastava,Male,53,Divorced,9896101213,"898, Shivaji Nagar",Bhopal,Madhya Pradesh,466147,A+,Retired,Aadhaar,334121931043,True,2026-07-04T06:08:37.946738,2026-07-04T06:08:37.946738
125bed84-6994-467b-8cd4-e161368c2a8a,Kuldeep,Goyal,Male,12,Single,8756827416,"515, Ambedkar Marg",Aligarh,Uttar Pradesh,283658,AB+,Engineer,Aadhaar,744354424150,True,2026-07-04T06:08:37.946738,2026-07-04T06:08:37.946738
d764f1e4-1b0f-4ed3-ac93-6e7e088e9abd,Sadanand,Doshi,Male,35,Single,9257402023,"276, Ring Road",Kota,Rajasthan,322582,A+,Clerk,Aadhaar,525786246066,True,2026-07-04T06:08:37.946738,2026-07-04T06:08:37.946738
d49bc8d9-9f9b-4ca3-9a94-0ecbf8c5a8b7,Shilpa,Vora,Female,12,Single,8355671486,"150, Old Bazaar",Solapur,Maharashtra,403289,A+,Software Engineer,Aadhaar,305616212781,True,2026-07-04T06:08:37.946738,2026-07-04T06:08:37.946738
dbeabf88-47f7-46dc-b0e4-b99e41848bc8,Vaishali,Bhagat,Female,11,Single,9286283752,"794, Ring Road",Jalgaon,Maharashtra,438856,A+,Labourer,Aadhaar,569977794195,True,2026-07-04T06:08:37.946738,2026-07-04T06:08:37.946738
4b8e6f1c-d1ab-48b6-a8b1-535b05f02817,Ranjan,Ralte,Male,89,Divorced,8614217670,"68, Gandhi Chowk",Imphal,Manipur,795132,O+,Business,Aadhaar,269451382648,True,2026-07-04T06:08:37.946738,2026-07-04T06:08:37.946738
681ff57c-b884-42a6-b1d3-dee734328c43,Sunil,Bedi,Male,6,Single,6932450200,"421, Model Town",Meerut,Uttar Pradesh,257706,B+,Plumber,Aadhaar,967178449674,True,2026-07-04T06:08:37.946738,2026-07-04T06:08:37.946738
59f063f9-1572-4aa8-a2d6-1a08304e13ea,Vinod,Goyal,Male,31,Married,9985558911,"423, River Side",Shimla,Himachal Pradesh,174628,B+,Business,Aadhaar,728380979098,True,2026-07-04T06:08:37.946738,2026-07-04T06:08:37.946738
ad1398c1-0424-4a2f-8044-e5183a00f45a,Priya,Bhatt,Female,58,Widowed,7418641313,"622, Ambedkar Marg",Lucknow,Uttar Pradesh,255801,O+,Electrician,Aadhaar,399633884283,True,2026-07-04T06:08:37.946738,2026-07-04T06:08:37.946738
a9b1ea88-1dee-4dc6-bf5e-81a7fbc7c242,Rupali,Aggarwal,Female,7,Single,9305942635,"997, Lake View",Pune,Maharashtra,406072,B+,Carpenter,Aadhaar,357340525750,True,2026-07-04T06:08:37.946738,2026-07-04T06:08:37.946738
8241934c-afe9-468b-baab-598d5406ac3d,Rajeshwari,Varma,Female,10,Single,7882480367,"573, Old Bazaar",Guntur,Andhra Pradesh,515484,B+,Student,Aadhaar,426522293266,True,2026-07-04T06:08:37.946738,2026-07-04T06:08:37.946738
e66da7b4-49c8-48fc-9671-0134e6b501e5,Swathi,Salunkhe,Female,77,Single,6848154437,"451, Gandhi Chowk",Navi Mumbai,Maharashtra,439679,A+,Engineer,Aadhaar,350743270550,True,2026-07-04T06:08:37.946738,2026-07-04T06:08:37.946738
7954c5b3-5505-4291-87b3-a9922cb283a2,Vivek,Sawant,Male,16,Single,7447513073,"310, Ambedkar Marg",Saharanpur,Uttar Pradesh,264540,A+,Business,Aadhaar,134991596963,True,2026-07-04T06:08:37.946738,2026-07-04T06:08:37.946738
62a63ca6-f01f-4a4f-ad05-e404c53dd89c,Malathi,Verma,Female,14,Single,7649994167,"954, Ring Road",Bathinda,Punjab,151357,B+,Nurse,Aadhaar,929358095761,True,2026-07-04T06:08:37.946738,2026-07-04T06:08:37.946738
72664b22-55af-4b32-9423-e992c2925247,Subramaniam,Raman,Male,19,Single,8367154167,"748, College Road",Visakhapatnam,Andhra Pradesh,526099,O+,Plumber,Aadhaar,963765077861,True,2026-07-04T06:08:37.946738,2026-07-04T06:08:37.946738
1894f046-f73d-437e-883b-97097cc07f4b,Murugan,Iyer,Male,51,Widowed,8358779912,"232, Market Yard",Thrissur,Kerala,692347,O+,Weaver,Aadhaar,617039129238,True,2026-07-04T06:08:37.946738,2026-07-04T06:08:37.946738
37251249-bdec-4d37-a225-29d5f1ab3cb7,Mangesh,Modi,Male,52,Single,6286916649,"111, Market Yard",Mumbai,Maharashtra,434646,A+,Farmer,Aadhaar,784565688710,True,2026-07-04T06:08:37.946738,2026-07-04T06:08:37.946738
5664d520-eb1f-4238-8453-e958685a2288,Pallavi,Rathi,Female,42,Single,7169990449,"631, Ambedkar Marg",Mumbai,Maharashtra,442262,B+,Priest,Aadhaar,859107073645,True,2026-07-04T06:08:37.946738,2026-07-04T06:08:37.946738
1be139f3-c838-4b3d-9e0e-cb40183da649,Pooja,Agarwal,Female,29,Widowed,8364959887,"899, Ambedkar Marg",Lucknow,Uttar Pradesh,260383,B-,Farmer,Aadhaar,215268021529,True,2026-07-04T06:08:37.946738,2026-07-04T06:08:37.946738
230f021f-3c4b-4ee7-8bb8-2c91b64bfe6b,Nirali,Vaidya,Female,53,Divorced,7506558027,"489, Old Bazaar",Mumbai,Maharashtra,418439,O+,Software Engineer,Aadhaar,424621667886,True,2026-07-04T06:08:37.946738,2026-07-04T06:08:37.946738
5658f331-8ed5-4b81-a525-53bcfa17c433,Prabhakaran,Menon,Male,25,Single,8793987006,"330, Station Road",Bangalore,Karnataka,576617,A+,Doctor,Aadhaar,779242931499,True,2026-07-04T06:08:37.946738,2026-07-04T06:08:37.946738
17b2b7c8-05aa-43f6-a495-d0cd397355a1,Nirmala,Varma,Female,19,Single,6751196031,"475, Market Yard",Hyderabad,Telangana,506706,O+,Retired,Aadhaar,734184221870,True,2026-07-04T06:08:37.946738,2026-07-04T06:08:37.946738
7e71ba21-3c5d-4ecd-b723-aa03ea518aa4,Paresh,Doshi,Male,49,Single,9204103020,"79, Market Yard",Mumbai,Maharashtra,407594,B-,Housewife,Aadhaar,754306023458,True,2026-07-04T06:08:37.946738,2026-07-04T06:08:37.946738
4ec6eada-8429-401c-9a35-4d21d827bc7b,Simran,Ganapathy,Female,19,Single,8639611948,"798, Shivaji Nagar",Coimbatore,Tamil Nadu,639775,O+,Teacher,Aadhaar,609945825676,True,2026-07-04T06:08:37.946738,2026-07-04T06:08:37.946738
4f41299f-a3b2-40ee-93a5-cc42abdee719,Shantilal,Kelkar,Male,19,Single,8335513431,"88, Ring Road",Surat,Gujarat,367780,O+,Clerk,Aadhaar,735797645088,True,2026-07-04T06:08:37.946738,2026-07-04T06:08:37.946738
69fdd2a9-642f-4e35-976d-2767dbdef06b,Hiya,Nair,Female,29,Widowed,6935391184,"379, Station Road",Hyderabad,Telangana,507945,B+,Farmer,Aadhaar,574430177243,True,2026-07-04T06:08:37.946738,2026-07-04T06:08:37.946738
e651ded6-b39f-408a-9965-a9a2786bdfa1,Gurmeet Kaur,Sodhi,Female,58,Divorced,8182590339,"684, MG Road",Karnal,Haryana,130549,O+,Clerk,Aadhaar,783322672394,True,2026-07-04T06:08:37.946738,2026-07-04T06:08:37.946738
540c1e93-9a0d-4645-82ed-6ae49d40a14f,Sarita,Verma,Female,8,Single,8227070399,"730, Gandhi Chowk",Delhi,Delhi,110064,O+,Business,Aadhaar,257142270907,True,2026-07-04T06:08:37.946738,2026-07-04T06:08:37.946738
7659dea7-42d5-43a7-adcd-402eb8518277,Ritu,Anand,Female,54,Married,6940790828,"754, Gandhi Chowk",Ghaziabad,Uttar Pradesh,240827,B+,Tailor,Aadhaar,162587079322,True,2026-07-04T06:08:37.946738,2026-07-04T06:08:37.946738
b3321ade-b915-4ea0-9192-5ccca5567639,Sujatha,Iyengar,Female,18,Single,8758415431,"984, Green Park",Puducherry,Puducherry,605354,B+,Driver,Aadhaar,411574905065,True,2026-07-04T06:08:37.946738,2026-07-04T06:08:37.946738
59bd61b5-3730-426b-8bfa-5f5a42dee52e,Falguni,Shukla,Female,28,Widowed,9467917280,"68, River Side",Mumbai,Maharashtra,402756,O+,Housewife,Aadhaar,252725401655,True,2026-07-04T06:08:37.946738,2026-07-04T06:08:37.946738
0a32e885-aa79-46fb-acb0-f9f0c27333fa,Jyoti,Bisht,Female,11,Single,8963872125,"596, Nehru Nagar",Ghaziabad,Uttar Pradesh,227391,B+,Labourer,Aadhaar,232854743040,True,2026-07-04T06:08:37.946738,2026-07-04T06:08:37.946738
0adc9331-02f6-44da-92ba-181423e23137,Geeta,Brar,Female,48,Married,7993317733,"103, Hill Colony",Lucknow,Uttar Pradesh,221920,O+,Farmer,Aadhaar,309015233856,True,2026-07-04T06:08:37.946738,2026-07-04T06:08:37.946738
f0218cf6-e5af-4a47-ab89-3d46a415c0e4,Satpal,Mishra,Male,11,Single,6810191081,"825, MG Road",Dehradun,Uttarakhand,261827,A+,Business,Aadhaar,712211798480,True,2026-07-04T06:08:37.946738,2026-07-04T06:08:37.946738
b2a3e068-36dd-4cad-8724-640643b0e0d4,Ketan,Biswas,Male,90,Single,8554284039,"318, Sector 12",Rourkela,Odisha,753092,AB+,Carpenter,Aadhaar,597272508012,True,2026-07-04T06:08:37.946738,2026-07-04T06:08:37.946738
6de573f0-4a9b-4bfc-8fb6-381b3166a046,Kishor,Shah,Male,24,Single,7639232183,"720, Sector 12",Surat,Gujarat,369431,O+,Priest,Aadhaar,383791266027,True,2026-07-04T06:08:37.946738,2026-07-04T06:08:37.946738
3ad69891-5a92-4343-928d-f70dfc5cfe48,Rajni,Sandhu,Female,5,Single,7659626209,"917, Temple Road",Delhi,Delhi,110079,O+,Software Engineer,Aadhaar,126154765587,True,2026-07-04T06:08:37.946738,2026-07-04T06:08:37.946738
a5f50580-1308-405d-b55e-7e81ca76350c,Tripti,Bagchi,Female,28,Widowed,7917136296,"303, Hill Colony",Howrah,West Bengal,703439,A+,Software Engineer,Aadhaar,776548121881,True,2026-07-04T06:08:37.946738,2026-07-04T06:08:37.946738
9d9b85f5-0f37-4a98-b7f6-f40daf29c3bb,Bhavesh,Shah,Male,43,Married,6830247908,"945, Ambedkar Marg",Solapur,Maharashtra,441581,A+,Carpenter,Aadhaar,432044360053,True,2026-07-04T06:08:37.946738,2026-07-04T06:08:37.946738
0139b723-8e0f-46ae-9b77-37df48a4442b,Riya,Modi,Female,24,Married,9114948617,"997, Model Town",Rajkot,Gujarat,368826,O+,Tailor,Aadhaar,772657776500,True,2026-07-04T06:08:37.946738,2026-07-04T06:08:37.946738
9cbda408-d9dc-4923-9064-1d4156c43d87,Hiranya,Shah,Male,54,Single,7106696816,"708, Sector 12",Mumbai,Maharashtra,406936,A+,Electrician,Aadhaar,176286946966,True,2026-07-04T06:08:37.946738,2026-07-04T06:08:37.946738
71485c67-c559-4c57-a83b-dafb9adf10c7,Randhir,Sodhi,Male,74,Widowed,8222861544,"160, College Road",Chandigarh,Chandigarh,160028,B+,Electrician,Aadhaar,947939708553,True,2026-07-04T06:08:37.946738,2026-07-04T06:08:37.946738
6c2a7857-3c85-47ee-8d2b-9ed32de827ef,Yogesh,Rathi,Male,7,Single,9997309650,"546, New Colony",Nashik,Maharashtra,440053,O+,Electrician,Aadhaar,208063005079,True,2026-07-04T06:08:37.946738,2026-07-04T06:08:37.946738
e1dd725e-9caa-47e5-9ce7-e8379ef3c3bd,Sadanand,Sengupta,Male,30,Divorced,7168646179,"594, Station Road",Nashik,Maharashtra,439186,AB+,,Aadhaar,907007945951,True,2026-07-04T06:08:37.946738,2026-07-04T06:08:37.946738
40b9a69e-1952-4755-bdb6-8f9fca2e3208,Nandini,Basu,Female,9,Single,7910983003,"463, Hill Colony",Bhubaneswar,Odisha,756747,O+,Shopkeeper,Aadhaar,698520416629,True,2026-07-04T06:08:37.946738,2026-07-04T06:08:37.946738
e756123e-b964-466d-9e4e-e95280a021df,Usha,Chettiar,Female,88,Divorced,6445269116,"121, Hill Colony",Amritsar,Punjab,153332,A+,Teacher,Aadhaar,901436931404,True,2026-07-04T06:08:37.946738,2026-07-04T06:08:37.946738
3b38cb70-d4b2-4e64-ac6c-c87434e669c0,Renu,Khanna,Female,56,Single,8543273027,"516, Market Yard",Panipat,Haryana,121046,O+,Government Employee,Aadhaar,648082304802,True,2026-07-04T06:08:37.946738,2026-07-04T06:08:37.946738
649492ea-e354-4fd5-bb8a-7d04522e977c,Divya,Grover,Female,45,Married,9336622695,"520, Station Road",Gurugram,Haryana,129267,B+,Doctor,Aadhaar,610083310635,True,2026-07-04T06:08:37.946738,2026-07-04T06:08:37.946738
a44e30c7-bb41-468c-b2fc-b6b1647bc0eb,Rajni,Chopra,Female,57,Single,6298043789,"785, Civil Lines",Delhi,Delhi,110072,O+,Carpenter,Aadhaar,869939264208,True,2026-07-04T06:08:37.946738,2026-07-04T06:08:37.946738
0aafe002-affd-45bb-88d7-100da7482c0d,Payel,Tiwari,Female,67,Widowed,9382990529,"605, Green Park",Jammu,Jammu and Kashmir,190323,O+,Business,Aadhaar,464848210823,True,2026-07-04T06:08:37.946738,2026-07-04T06:08:37.946738
65edb64f-684f-47d2-ac1b-990577954ca5,Hema,Pai,Female,64,Widowed,8712548854,"624, New Colony",Salem,Tamil Nadu,640248,A+,Software Engineer,Aadhaar,486306487111,True,2026-07-04T06:08:37.946738,2026-07-04T06:08:37.946738
fc91c987-9958-4063-a772-72601534eea1,Foram,Patel,Female,42,Married,6688633414,"92, Green Park",Mumbai,Maharashtra,443737,O+,Labourer,Aadhaar,186425480866,True,2026-07-04T06:08:37.946738,2026-07-04T06:08:37.946738
8ce96d83-889b-4b69-b1d7-27285a2f3155,Sunita,Goyal,Female,28,Married,6437701289,"686, MG Road",Ludhiana,Punjab,149236,A+,Homemaker,Aadhaar,779042879979,True,2026-07-04T06:08:37.946738,2026-07-04T06:08:37.946738
490a8a2d-bfcf-43f3-8865-e70424fbfde4,Vandana,Bedi,Female,76,Single,8821971405,"298, Church Street",Ludhiana,Punjab,159675,A+,Farmer,Aadhaar,117879560659,True,2026-07-04T06:08:37.946738,2026-07-04T06:08:37.946738
504fa130-5d32-464c-ac98-7f792f41173a,Juthika,Sahoo,Female,67,Married,9687540552,"454, Station Road",Dhanbad,Jharkhand,823631,O+,Shopkeeper,Aadhaar,766238751101,True,2026-07-04T06:08:37.946738,2026-07-04T06:08:37.946738
c0650fe4-214d-4f85-b5b2-6602fe6b09a7,Sachin,Rout,Male,32,Divorced,6832037433,"412, Gandhi Chowk",Jaipur,Rajasthan,344937,B+,Housewife,Aadhaar,210880052681,True,2026-07-04T06:08:37.946738,2026-07-04T06:08:37.946738
8fefd823-0ad1-434d-a433-73868de2eadf,Prasenjit,Varma,Male,23,Single,9597166222,"755, Nehru Nagar",Bokaro,Jharkhand,826410,B+,Business,Aadhaar,825157144010,True,2026-07-04T06:08:37.946738,2026-07-04T06:08:37.946738
c7efb875-8c14-41e8-bd01-33460f9944f4,Ranjit,Baishya,Male,29,Single,9556036800,"128, MG Road",Kolkata,West Bengal,700706,O+,Engineer,Aadhaar,940198296187,True,2026-07-04T06:08:37.946738,2026-07-04T06:08:37.946738
d8f43d90-e8a2-42e1-82e9-5647a2fab43a,Malathi,Pal,Female,41,Widowed,8309028176,"576, Church Street",Tiruchirappalli,Tamil Nadu,641601,B+,Electrician,Aadhaar,666362676925,True,2026-07-04T06:08:37.946738,2026-07-04T06:08:37.946738
15554a3a-4c89-4c0b-ba0d-49dc4e15b0c1,Aparna,Patel,Female,13,Single,6702543024,"529, Gandhi Chowk",Jodhpur,Rajasthan,342280,A+,Weaver,Aadhaar,890789318778,True,2026-07-04T06:08:37.946738,2026-07-04T06:08:37.946738
1136dc52-612f-43b0-959b-74cf2e968b57,Rajendra,Rane,Male,30,Single,7395800061,"84, Market Yard",Solapur,Maharashtra,400817,B+,Potter,Aadhaar,651858939427,True,2026-07-04T06:08:37.946738,2026-07-04T06:08:37.946738
6b4987f8-0dc8-47b3-9b34-39a962914da5,Rupa,Sahu,Female,28,Married,6306139022,"692, Station Road",Patna,Bihar,811317,A+,Business,Aadhaar,435240142041,True,2026-07-04T06:08:37.946738,2026-07-04T06:08:37.946738
d1a4ec05-a99c-40a6-8f15-e1d565367157,Poonam,Shukla,Female,38,Married,9374245621,"601, Church Street",Ahmedabad,Gujarat,391183,O+,Shopkeeper,Aadhaar,751212206770,True,2026-07-04T06:08:37.946738,2026-07-04T06:08:37.946738
3af5ffda-57e1-4c17-a595-96a9a6135670,Sanjay,Tiwari,Male,57,Divorced,6858600897,"128, Hill Colony",Delhi,Delhi,110084,A+,Priest,Aadhaar,642190479867,True,2026-07-04T06:08:37.946738,2026-07-04T06:08:37.946738
5e83caba-3cac-4b91-b2d3-54ac30e36892,Kavita,Sandhu,Female,15,Single,7456582769,"725, Gandhi Chowk",Bilaspur,Chhattisgarh,494080,O+,Clerk,Aadhaar,547675789604,True,2026-07-04T06:08:37.946738,2026-07-04T06:08:37.946738
38e4ee11-a9e4-410c-9b71-66f00b24d487,Rituraj,Grover,Male,10,Single,8408972059,"414, Station Road",Saharanpur,Uttar Pradesh,211661,O+,Farmer,Aadhaar,282179894466,True,2026-07-04T06:08:37.946738,2026-07-04T06:08:37.946738
fce7439c-ae9c-4902-bad9-7b1049a5cfbe,Dharmesh,Shroff,Male,79,Divorced,8872057190,"652, Old Bazaar",Ahmedabad,Gujarat,373965,B+,Business,Aadhaar,369277756545,True,2026-07-04T06:08:37.946738,2026-07-04T06:08:37.946738
f5c9cc2c-4376-4fc3-a0b1-8cb8f586dd0d,Nisha,Mohanty,Female,56,Widowed,6733400989,"136, River Side",Delhi,Delhi,110011,A+,Plumber,Aadhaar,752536089581,True,2026-07-04T06:08:37.946738,2026-07-04T06:08:37.946738
4151d2bc-4208-4c1e-be90-aaa0c8e3b932,Pushpa,Ramanathan,Female,54,Widowed,9257547257,"675, Nehru Nagar",Madurai,Tamil Nadu,618930,B+,Shopkeeper,Aadhaar,218879917959,True,2026-07-04T06:08:37.946738,2026-07-04T06:08:37.946738
f78b0a7d-cf1f-4e3c-82a6-cbcb27f4cef8,Sharmila,Biswas,Female,34,Married,8423257152,"265, Ring Road",Kolkata,West Bengal,727568,A+,Shopkeeper,Aadhaar,421255878218,True,2026-07-04T06:08:37.946738,2026-07-04T06:08:37.946738
51d4d3ce-9cf9-4c79-a56a-d98c0be40cc0,Rutuja,Doshi,Female,13,Single,8506847931,"326, MG Road",Pune,Maharashtra,436718,B+,Government Employee,Aadhaar,620044150616,True,2026-07-04T06:08:37.946738,2026-07-04T06:08:37.946738
c226e6a0-5094-4f31-ae2b-3fdf8746aa6a,Komal,Kelkar,Female,24,Divorced,8379852046,"540, Civil Lines",Pune,Maharashtra,440321,O+,Business,Aadhaar,585316219560,True,2026-07-04T06:08:37.946738,2026-07-04T06:08:37.946738
b3333346-9f40-4887-a161-c42ddc9b278c,Elango,Sundaram,Male,17,Single,6869420031,"209, Lake View",Puducherry,Puducherry,605216,O+,Shopkeeper,Aadhaar,349883034062,True,2026-07-04T06:08:37.946738,2026-07-04T06:08:37.946738
e56fe805-12af-4cde-be9f-f6e56ed4065c,Rimjhim,Sandhu,Female,9,Single,6824550310,"54, College Road",Jalandhar,Punjab,147741,O+,Homemaker,Aadhaar,712578361161,True,2026-07-04T06:08:37.946738,2026-07-04T06:08:37.946738
38e68909-c10c-459a-819b-a1692579d7a3,Anamika,Khiamniungan,Female,20,Single,7787365862,"472, Church Street",Guwahati,Assam,783920,A+,Student,Aadhaar,348868388237,True,2026-07-04T06:08:37.946738,2026-07-04T06:08:37.946738
785266c0-5923-4033-b6ff-f00877b49de1,Sarat,Chahal,Male,39,Widowed,6666688189,"126, Ambedkar Marg",Imphal,Manipur,795155,B+,Doctor,Aadhaar,881206475039,True,2026-07-04T06:08:37.946738,2026-07-04T06:08:37.946738
42c98ab3-1e6d-41a6-bfef-2b3626b14b9b,Subramaniam,Sundaram,Male,55,Widowed,7970543249,"317, Model Town",Bangalore,Karnataka,566147,O+,Weaver,Aadhaar,587890202033,True,2026-07-04T06:08:37.946738,2026-07-04T06:08:37.946738
c40bf6cd-cb61-4d28-91d1-4d1fc7ccf21f,Kiran,Agarwal,Male,24,Widowed,7989010016,"642, Nehru Nagar",Indore,Madhya Pradesh,451601,B+,Fisherman,Aadhaar,346786873365,True,2026-07-04T06:08:37.946738,2026-07-04T06:08:37.946738
33af66d5-ee03-4562-bcf6-0cd40945d936,Karthik,Chettiar,Male,19,Single,7428330218,"261, Green Park",Tirunelveli,Tamil Nadu,632947,O+,Farmer,Aadhaar,190775699692,True,2026-07-04T06:08:37.946738,2026-07-04T06:08:37.946738
e78a62f1-8299-4339-9a5f-8ac122d97f70,Ashoke,Raman,Male,43,Married,7605473681,"784, Station Road",Tiruchirappalli,Tamil Nadu,618415,O+,Student,Aadhaar,522799386130,True,2026-07-04T06:08:37.946738,2026-07-04T06:08:37.946738
217778a7-5d68-426b-bf98-748b46028031,Balaji,Ao,Male,63,Divorced,8214612416,"437, Temple Road",Coimbatore,Tamil Nadu,623481,A+,Doctor,Aadhaar,156042092630,True,2026-07-04T06:08:37.946738,2026-07-04T06:08:37.946738
59e6ef88-3e53-45d3-8b9b-03cf11254cc4,Revathi,Chetty,Female,79,Single,6517645526,"141, Old Bazaar",Bangalore,Karnataka,587644,B+,,Aadhaar,926398960710,True,2026-07-04T06:08:37.946738,2026-07-04T06:08:37.946738
284d07c5-f1b7-4e7e-a699-039802e3e571,Anitha,Shukla,Female,24,Widowed,9786003930,"837, Gandhi Chowk",Hyderabad,Telangana,508959,O+,Plumber,Aadhaar,350776296135,True,2026-07-04T06:08:37.946738,2026-07-04T06:08:37.946738
2b43f04a-e1e1-4160-a539-aa11627594cd,Rajinder,Grover,Male,14,Single,7609575435,"996, Shivaji Nagar",Panipat,Haryana,126411,A+,Homemaker,Aadhaar,138372233521,True,2026-07-04T06:08:37.946738,2026-07-04T06:08:37.946738
77519483-77a8-4877-9190-8c1e7002980f,Ranjan,Baruah,Male,45,Widowed,6511879881,"802, Market Yard",Aizawl,Mizoram,796690,O+,Student,Aadhaar,271781018456,True,2026-07-04T06:08:37.946738,2026-07-04T06:08:37.946738
aa6b6169-e646-4cc3-9a42-8959a53b1146,Chandrasekhar,Pai,Male,61,Married,9746296401,"95, Ring Road",Chennai,Tamil Nadu,624287,B+,Teacher,Aadhaar,346266239128,True,2026-07-04T06:08:37.946738,2026-07-04T06:08:37.946738
bd4950cb-34f0-4961-99c0-424069c0b9c7,Vani,Krishnan,Female,69,Divorced,9585219009,"888, Temple Road",Puducherry,Puducherry,605129,O+,Electrician,Aadhaar,432829946929,True,2026-07-04T06:08:37.946738,2026-07-04T06:08:37.946738
64c33750-0543-4bdd-a1fe-5993a9904d5e,Padma,Salunkhe,Female,20,Single,7843119581,"45, Church Street",Jodhpur,Rajasthan,340150,A+,Business,Aadhaar,596516637906,True,2026-07-04T06:08:37.946738,2026-07-04T06:08:37.946738
66c15aed-a013-40fa-b5a3-f502a6a24f59,Prabhakaran,Hegde,Male,16,Single,8906092318,"823, Lake View",Tirunelveli,Tamil Nadu,640788,B+,Engineer,Aadhaar,233343218489,True,2026-07-04T06:08:37.946738,2026-07-04T06:08:37.946738
ac8bacc0-9830-4f5c-aa17-30219116260e,Rajeshwari,Saxena,Female,24,Widowed,8971635859,"188, Sector 12",Vellore,Tamil Nadu,600317,,Fisherman,Aadhaar,803690097775,True,2026-07-04T06:08:37.946738,2026-07-04T06:08:37.946738
0ddade53-810b-47b5-8673-e61450c2c570,Ashwini,Amin,Female,63,Single,8666186334,"736, Church Street",Ajmer,Rajasthan,324088,A-,Labourer,Aadhaar,389140147133,True,2026-07-04T06:08:37.946738,2026-07-04T06:08:37.946738
c6083999-b8d7-4334-961b-e059f83cfcfe,Anitha,Ramanathan,Female,44,Widowed,7778655281,"595, Nehru Nagar",Salem,Tamil Nadu,619874,O+,Electrician,Aadhaar,381385346756,True,2026-07-04T06:08:37.946738,2026-07-04T06:08:37.946738
528ecac6-6fed-47a9-b5aa-5c71145699d5,Malabika,Basu,Female,35,Divorced,7919224044,"326, Civil Lines",Rourkela,Odisha,752859,A+,,Aadhaar,546069000139,True,2026-07-04T06:08:37.946738,2026-07-04T06:08:37.946738
ebb43b2b-6b2f-47e8-bf63-33c17757eb48,Kranti,Vaidya,Female,54,Single,7962708904,"291, College Road",Surat,Gujarat,391611,O+,Software Engineer,Aadhaar,607468865916,True,2026-07-04T06:08:37.946738,2026-07-04T06:08:37.946738
87aa308d-3712-45b0-a5a8-dd185da47e58,Snehal,Kelkar,Female,26,Widowed,9304583553,"326, Gandhi Chowk",Pune,Maharashtra,436667,A+,Teacher,Aadhaar,301067386033,True,2026-07-04T06:08:37.946738,2026-07-04T06:08:37.946738
248d5a49-4228-474b-959f-10e23e8b9635,Rahul,Thakur,Male,16,Single,9393768683,"810, Ambedkar Marg",Bhavnagar,Gujarat,391614,O+,Carpenter,Aadhaar,162954658319,True,2026-07-04T06:08:37.946738,2026-07-04T06:08:37.946738
e7e7cb53-fa7f-45ee-9976-7a30f3717032,Manikandan,Ganapathy,Male,15,Single,8142737670,"73, Gandhi Chowk",Visakhapatnam,Andhra Pradesh,529945,O+,Teacher,Aadhaar,877172647142,True,2026-07-04T06:08:37.946738,2026-07-04T06:08:37.946738
8d7e4120-149a-4555-aba7-6c2d0c809ca1,Harpreet Kaur,Chahal,Female,33,Divorced,9958656840,"715, Civil Lines",Delhi,Delhi,110061,O+,Nurse,Aadhaar,258031838297,True,2026-07-04T06:08:37.946738,2026-07-04T06:08:37.946738
becb1144-2531-4625-828c-ca2f836e278e,Divya,Iyengar,Female,9,Single,9784259228,"624, Market Yard",Coimbatore,Tamil Nadu,630845,,Weaver,Aadhaar,662911251842,True,2026-07-04T06:08:37.946738,2026-07-04T06:08:37.946738
df5240fa-cb2f-446b-a51e-a5063a9b9819,Prakash,Shroff,Male,41,Married,6665483356,"933, Old Bazaar",Mumbai,Maharashtra,415970,A+,Electrician,Aadhaar,207463009848,True,2026-07-04T06:08:37.946738,2026-07-04T06:08:37.946738
9c37a518-debd-4463-8b4c-ce330be3d875,Sanjay,Chahal,Male,47,Single,6442127450,"99, Nehru Nagar",Patiala,Punjab,143995,AB+,Potter,Aadhaar,903451641992,True,2026-07-04T06:08:37.946738,2026-07-04T06:08:37.946738
28288a03-8cab-430a-a975-f3a2a259a423,Rita,Sahu,Female,64,Divorced,6142591166,"859, Ambedkar Marg",Jamnagar,Gujarat,378456,B+,Potter,Aadhaar,714951154439,True,2026-07-04T06:08:37.946738,2026-07-04T06:08:37.946738
0d25157b-c6be-4be9-8187-9417bbf43da3,Anil,Sangma,Male,34,Divorced,6564539826,"457, Shivaji Nagar",Prayagraj,Uttar Pradesh,215228,O+,Farmer,Aadhaar,994022927491,True,2026-07-04T06:08:37.946738,2026-07-04T06:08:37.946738
df3d75f7-0592-4ffc-a089-c4d162838e5d,Foram,Jadhav,Female,24,Widowed,7868802255,"86, Lake View",Jalgaon,Maharashtra,443475,B-,Driver,Aadhaar,796915886954,True,2026-07-04T06:08:37.946738,2026-07-04T06:08:37.946738
fb131d0e-32e0-41df-97e0-92ed2a37e67a,Rajagopal,Shetty,Male,30,Widowed,7370402157,"667, Shivaji Nagar",Chennai,Tamil Nadu,627456,O+,Student,Aadhaar,609638518950,True,2026-07-04T06:08:37.946738,2026-07-04T06:08:37.946738
e3199b83-d200-42c9-bee6-f7df95cb910a,Sujatha,Gowda,Female,26,Married,9196741735,"707, Model Town",Bangalore,Karnataka,580173,A+,Labourer,Aadhaar,557517142879,True,2026-07-04T06:08:37.946738,2026-07-04T06:08:37.946738
24fa4437-7796-4357-801d-8d09ea8fdfae,Geetha,Amin,Female,52,Divorced,6635794987,"934, Model Town",Visakhapatnam,Andhra Pradesh,535151,O+,Shopkeeper,Aadhaar,135349261461,True,2026-07-04T06:08:37.946738,2026-07-04T06:08:37.946738
f6ea90a5-1288-4558-90a7-987282f1aad0,Revathi,Shetty,Female,61,Divorced,8754921866,"613, Gandhi Chowk",Kollam,Kerala,690888,O+,Electrician,Aadhaar,428200043490,True,2026-07-04T06:08:37.946738,2026-07-04T06:08:37.946738
7e3609f1-e637-41ee-8be7-bc58ac448333,Rina,Ganguly,Female,85,Widowed,9595872342,"735, Ambedkar Marg",Siliguri,West Bengal,716065,A+,Tailor,Aadhaar,380021218915,True,2026-07-04T06:08:37.946738,2026-07-04T06:08:37.946738
d5821560-ab2c-416c-8d76-bbd83cbcc9bc,Raghavan,Chandran,Male,48,Single,7940729147,"796, Station Road",Hyderabad,Telangana,507675,A+,Driver,Aadhaar,687266489644,True,2026-07-04T06:08:37.946738,2026-07-04T06:08:37.946738
01ae0709-c135-48aa-b3c9-cf3cd84a61e6,Krupa,Balakrishnan,Female,64,Widowed,6303049671,"914, MG Road",Mumbai,Maharashtra,401830,O+,Shopkeeper,Aadhaar,458267775613,True,2026-07-04T06:08:37.946738,2026-07-04T06:08:37.946738
93437a17-7e71-4989-8694-20223f4ac0b8,Varsha,Acharya,Female,73,Widowed,8876577383,"251, Model Town",Madurai,Tamil Nadu,622880,B+,Student,Aadhaar,936548788201,True,2026-07-04T06:08:37.946738,2026-07-04T06:08:37.946738
1c3dadc3-08a9-469c-8cec-2cabef52524b,Jayasree,Guha,Female,50,Married,6316718138,"239, Market Yard",Dhanbad,Jharkhand,833934,B+,Engineer,Aadhaar,601102383781,True,2026-07-04T06:08:37.946738,2026-07-04T06:08:37.946738
e06a0016-f78a-41c2-b20b-c9006924b776,Asha,Sidhu,Female,9,Single,6783660358,"390, Shivaji Nagar",Shimla,Himachal Pradesh,172736,O+,Government Employee,Aadhaar,220573949720,True,2026-07-04T06:08:37.946738,2026-07-04T06:08:37.946738
ec748b37-8f1b-45fb-af0b-7b7d769cbbdb,Vidya,Shroff,Female,71,Single,9784605015,"374, MG Road",Vadodara,Gujarat,384191,AB+,Homemaker,Aadhaar,253586807852,True,2026-07-04T06:08:37.946738,2026-07-04T06:08:37.946738
b80bf487-4d47-4fc1-89cc-ea41e366c55f,Provat,Bose,Male,25,Married,8416646801,"227, MG Road",Bhubaneswar,Odisha,752164,O+,Business,Aadhaar,515225991690,True,2026-07-04T06:08:37.946738,2026-07-04T06:08:37.946738
ebbd36ba-79f1-42f1-80f6-6abda660e0e2,Sujatha,Ganapathy,Female,22,Single,9312247762,"957, Station Road",Thiruvananthapuram,Kerala,682897,A+,Labourer,Aadhaar,194920743764,True,2026-07-04T06:08:37.946738,2026-07-04T06:08:37.946738
2a516214-71da-47cd-8a2c-4d16dd02c18a,Sarika,Oswal,Female,52,Married,8216799918,"273, Station Road",Amravati,Maharashtra,428304,A+,Software Engineer,Aadhaar,515727567929,True,2026-07-04T06:08:37.946738,2026-07-04T06:08:37.946738
8db08270-0d4c-4141-ae4b-921343bffd4a,Tanushree,Gill,Female,69,Married,9633888133,"308, Shivaji Nagar",Meerut,Uttar Pradesh,271808,A+,Shopkeeper,Aadhaar,685643547016,True,2026-07-04T06:08:37.946738,2026-07-04T06:08:37.946738
9e00d203-3cf5-47a5-bae6-cc5e8a2a2fac,Archana,Chopra,Female,23,Single,9960203911,"844, Station Road",Ujjain,Madhya Pradesh,470001,O+,Software Engineer,Aadhaar,699532773995,True,2026-07-04T06:08:37.946738,2026-07-04T06:08:37.946738
516b7c5f-b96d-4485-9fec-155375dc2d1a,Vaibhav,Rane,Male,60,Single,6122902094,"10, Ambedkar Marg",Thane,Maharashtra,419675,B+,Doctor,Aadhaar,591658749237,True,2026-07-04T06:08:37.946738,2026-07-04T06:08:37.946738
443a9771-7e89-45c1-8846-f12a16fcbdee,Piyali,Lahiri,Female,34,Divorced,9237495563,"762, College Road",Ranchi,Jharkhand,832483,O+,Labourer,Aadhaar,365434158026,True,2026-07-04T06:08:37.946738,2026-07-04T06:08:37.946738
af25f4d2-58f7-4742-a92d-83f15cb2fa58,Santosh,Sangma,Male,47,Single,8529831108,"710, Model Town",Delhi,Delhi,110059,A+,Fisherman,Aadhaar,998402837534,True,2026-07-04T06:08:37.946738,2026-07-04T06:08:37.946738
9809b677-c964-497e-a0a0-2b72e04a919d,Sonali,More,Female,32,Married,6577716423,"360, Ambedkar Marg",Pune,Maharashtra,432148,O+,Accountant,Aadhaar,793908279838,True,2026-07-04T06:08:37.946738,2026-07-04T06:08:37.946738
16f4af01-5cd4-4017-a7e9-1c63f85780d6,Prashant,Lodha,Male,11,Single,9175072388,"469, Gandhi Chowk",Mumbai,Maharashtra,415138,O+,Homemaker,Aadhaar,868352669072,True,2026-07-04T06:08:37.946738,2026-07-04T06:08:37.946738
66549146-747e-4434-91a2-c19e1a9d462d,Rohit,Srivastava,Male,69,Divorced,7755961845,"435, Sector 12",Jalandhar,Punjab,146525,A+,Doctor,Aadhaar,270799016175,True,2026-07-04T06:08:37.946738,2026-07-04T06:08:37.946738
4907305b-22ba-4e56-81d4-aa53569ca2a7,Rajinder,Sandhu,Male,43,Widowed,7815801484,"712, Green Park",Jabalpur,Madhya Pradesh,481550,O+,Retired,Aadhaar,253717671428,True,2026-07-04T06:08:37.946738,2026-07-04T06:08:37.946738
42e269fa-d80c-4633-9dcd-69ebd323474b,Ravi,Aggarwal,Male,30,Married,7886857498,"560, Old Bazaar",Lucknow,Uttar Pradesh,252877,B+,Government Employee,Aadhaar,415338094425,True,2026-07-04T06:08:37.946738,2026-07-04T06:08:37.946738
af8eb2a8-2060-463a-815d-fab7c7234991,Rakesh,Bhagat,Male,46,Widowed,8130585865,"175, Temple Road",Navi Mumbai,Maharashtra,408204,O+,Weaver,Aadhaar,111961309926,True,2026-07-04T06:08:37.946738,2026-07-04T06:08:37.946738
b5dbfa09-fceb-4db9-a844-dbb068b17a93,Vinod,Chahal,Male,27,Widowed,7255278133,"609, Gandhi Chowk",Aligarh,Uttar Pradesh,257039,A+,Housewife,Aadhaar,909344561195,True,2026-07-04T06:08:37.946738,2026-07-04T06:08:37.946738
ec5f820c-3655-49fd-a83c-c1c6e05e1e72,Manas,Biswas,Male,32,Widowed,8313486698,"31, MG Road",Ranchi,Jharkhand,828212,B+,Carpenter,Aadhaar,598074028228,True,2026-07-04T06:08:37.946738,2026-07-04T06:08:37.946738
813f3ca7-0775-4b76-b5e8-ed4a3833a17c,Radha,Rao,Female,19,Single,9362514351,"206, Station Road",Hyderabad,Telangana,506012,O+,Labourer,Aadhaar,143795149991,True,2026-07-04T06:08:37.946738,2026-07-04T06:08:37.946738
9bd01649-eb29-45a2-9d20-971502af6464,Shanthi,Bose,Female,33,Single,8124941136,"468, Temple Road",Kurnool,Andhra Pradesh,529015,B+,Software Engineer,Aadhaar,118713703555,True,2026-07-04T06:08:37.946738,2026-07-04T06:08:37.946738
e6c87ef0-18c9-4179-afb9-16f5255bc1af,Rajni,Anand,Female,25,Single,7513918438,"782, Sector 12",Agra,Uttar Pradesh,266072,O+,Weaver,Aadhaar,839510199914,True,2026-07-04T06:08:37.946738,2026-07-04T06:08:37.946738
2b12a475-146b-4dc7-8343-bcb8d56e45a2,Simran,Gill,Female,49,Single,8726063986,"807, Temple Road",Delhi,Delhi,110007,O+,Accountant,Aadhaar,104962326127,True,2026-07-04T06:08:37.946738,2026-07-04T06:08:37.946738
1f661db7-a960-4658-992f-6085b57e59f8,Renu,Chokshi,Female,43,Single,9187213202,"580, Ambedkar Marg",Mumbai,Maharashtra,433159,B+,Accountant,Aadhaar,686736992430,True,2026-07-04T06:08:37.946738,2026-07-04T06:08:37.946738
47db311c-feaf-41d9-bc73-7b0ef7f38c09,Chandrima,Ghosh,Female,11,Single,9891370809,"371, Market Yard",Bhubaneswar,Odisha,764795,A+,Teacher,Aadhaar,883535354053,True,2026-07-04T06:08:37.946738,2026-07-04T06:08:37.946738
cd69671d-b0b3-4b9d-87d1-80ecf10f2b5f,Sonal,Chauhan,Female,17,Single,8238186477,"703, Lake View",Lucknow,Uttar Pradesh,281567,O+,Retired,Aadhaar,973325747060,True,2026-07-04T06:08:37.946738,2026-07-04T06:08:37.946738
e6366a5f-fefd-48c7-8a40-dd8c68d2ae69,Rajesh Kanna,Chandran,Male,26,Widowed,7224254374,"246, Old Bazaar",Hyderabad,Telangana,502255,A+,Electrician,Aadhaar,978006102598,True,2026-07-04T06:08:37.946738,2026-07-04T06:08:37.946738
1b6418a0-65f9-4c2b-888c-2cbcbcabf565,Pranab,Mondal,Male,24,Married,6656923483,"900, Shivaji Nagar",Gaya,Bihar,821004,B+,Priest,Aadhaar,521380317285,True,2026-07-04T06:08:37.946738,2026-07-04T06:08:37.946738
ccd19291-574a-4a84-9b83-0b095b9b8b0f,Bhavesh,Gaikwad,Male,32,Divorced,7674456594,"96, Model Town",Kota,Rajasthan,319831,O+,Farmer,Aadhaar,539303216390,True,2026-07-04T06:08:37.946738,2026-07-04T06:08:37.946738
e5dc799b-17ae-485d-bc5e-2ba04e2622ed,Satpal,Biswas,Male,24,Divorced,8793338533,"763, Ring Road",Agra,Uttar Pradesh,257085,A+,Government Employee,Aadhaar,663134209066,True,2026-07-04T06:08:37.946738,2026-07-04T06:08:37.946738
512071d0-492a-457a-a512-4577791da411,Rupali,Mudaliar,Female,80,Divorced,9400105896,"842, Nehru Nagar",Aurangabad,Maharashtra,423027,O+,Driver,Aadhaar,938851533342,True,2026-07-04T06:08:37.946738,2026-07-04T06:08:37.946738
551e3d18-835a-4d39-9777-4c0bcb211393,Suganya,Kurup,Female,41,Single,9947400166,"273, Ring Road",Salem,Tamil Nadu,631413,AB+,Shopkeeper,Aadhaar,917501771985,True,2026-07-04T06:08:37.946738,2026-07-04T06:08:37.946738
d018c18a-1c3b-4ff3-a0e3-365c2dcbb2b8,Manoj,Bedi,Male,28,Divorced,7755924347,"748, New Colony",Jabalpur,Madhya Pradesh,479199,B+,Nurse,Aadhaar,885761023085,True,2026-07-04T06:08:37.946738,2026-07-04T06:08:37.946738
4987886a-6bdc-4e42-b46a-6e4c14c0e5d8,Deven,Bagchi,Male,55,Divorced,9587636043,"263, Ring Road",Bhubaneswar,Odisha,754112,O+,Carpenter,Aadhaar,740821888702,True,2026-07-04T06:08:37.946738,2026-07-04T06:08:37.946738
5278c805-0598-4a56-a5d7-b0f8d23d3809,Kavita,Rane,Female,46,Married,7460059880,"755, Lake View",Amritsar,Punjab,146003,B+,Electrician,Aadhaar,993933918525,True,2026-07-04T06:08:37.946738,2026-07-04T06:08:37.946738
8ea20819-bd88-48cd-aa14-dfacdac3c7f1,Vaibhav,Rao,Male,51,Widowed,9646292682,"810, Lake View",Nashik,Maharashtra,432662,A+,Tailor,Aadhaar,483560168495,True,2026-07-04T06:08:37.946738,2026-07-04T06:08:37.946738
cba4b0d5-edaf-49fc-b9da-eeae46dcc1d2,Amandeep Kaur,Malhotra,Female,72,Married,9745980415,"863, Ring Road",Indore,Madhya Pradesh,477312,O+,Teacher,Aadhaar,879918413030,True,2026-07-04T06:08:37.946738,2026-07-04T06:08:37.946738
528bfad3-86bf-4d48-85be-c9b831ffb61a,Amitava,Pal,Male,44,Single,9820061720,"530, Temple Road",Ranchi,Jharkhand,825861,B+,Carpenter,Aadhaar,677979340356,True,2026-07-04T06:08:37.946738,2026-07-04T06:08:37.946738
af0bb077-850f-4f7e-be8e-0c4b60d18708,Divya,Mehta,Female,7,Single,8250120235,"268, Ambedkar Marg",Mumbai,Maharashtra,406334,O+,Fisherman,Aadhaar,509769962725,True,2026-07-04T06:08:37.946738,2026-07-04T06:08:37.946738
e50e404b-e60c-42fa-9317-83bffac9ece3,Suresh Kumar,Varma,Male,20,Single,9569485772,"55, Civil Lines",Puducherry,Puducherry,605584,B+,Farmer,Aadhaar,795535109830,True,2026-07-04T06:08:37.946738,2026-07-04T06:08:37.946738
e0a28186-7891-4713-be39-a337ddf95a81,Hemant,Ahluwalia,Male,35,Divorced,9175011403,"147, River Side",Moradabad,Uttar Pradesh,259805,B+,Doctor,Aadhaar,465914722973,True,2026-07-04T06:08:37.946738,2026-07-04T06:08:37.946738
44d1b256-62df-4124-accf-b502d8ff8813,Sonali,Bhatt,Female,26,Single,8699655102,"843, River Side",Bhopal,Madhya Pradesh,488408,A+,Engineer,Aadhaar,134576734130,True,2026-07-04T06:08:37.946738,2026-07-04T06:08:37.946738
52ae21f2-fef5-4c82-8631-cde75ad2fb23,Ritu,Bafna,Female,5,Single,6330774128,"415, Sector 12",Jaipur,Rajasthan,313015,AB+,Fisherman,Aadhaar,323671692993,True,2026-07-04T06:08:37.946738,2026-07-04T06:08:37.946738
fcc05fff-903c-4c43-8bea-4ae6126ed8e6,Malabika,Patra,Female,6,Single,9987313465,"403, Station Road",Bokaro,Jharkhand,815453,A+,Electrician,Aadhaar,825536192067,True,2026-07-04T06:08:37.946738,2026-07-04T06:08:37.946738
32f8d252-2f9f-47db-b48d-7b49368e1a15,Neha,Dhillon,Female,80,Widowed,7186873393,"726, Old Bazaar",Varanasi,Uttar Pradesh,212390,AB+,Farmer,Aadhaar,853725256812,True,2026-07-04T06:08:37.946738,2026-07-04T06:08:37.946738
6c3c4594-498d-4b6b-9a9c-66d287649448,Nirali,Pawar,Female,19,Single,9850648261,"660, Old Bazaar",Solapur,Maharashtra,406034,B+,Electrician,Aadhaar,629788081948,True,2026-07-04T06:08:37.946738,2026-07-04T06:08:37.946738
00e03876-4346-4118-99f4-c77c75449a82,Satyajit,Yadav,Male,23,Divorced,8847643293,"769, Market Yard",Chandigarh,Chandigarh,160060,O+,Tailor,Aadhaar,731642949433,True,2026-07-04T06:08:37.946738,2026-07-04T06:08:37.946738
95fda344-e977-4de4-a623-ea8793e42fa7,Pranab,Mahato,Male,44,Married,9783902317,"12, MG Road",Howrah,West Bengal,708321,O+,Nurse,Aadhaar,403811210664,True,2026-07-04T06:08:37.946738,2026-07-04T06:08:37.946738
8b6a7b10-3feb-4527-b2dd-570adf6964a9,Priya,Ramamurthy,Female,29,Divorced,6551019274,"802, Ring Road",Chennai,Tamil Nadu,627764,AB+,Software Engineer,Aadhaar,197052528044,True,2026-07-04T06:08:37.946738,2026-07-04T06:08:37.946738
eff7b26f-0357-4d28-8d01-9e1390a7f602,Sushma,Rane,Female,49,Single,7108277313,"215, River Side",Vadodara,Gujarat,369255,O+,Retired,Aadhaar,808779700083,True,2026-07-04T06:08:37.946738,2026-07-04T06:08:37.946738
ca274654-2774-479d-b053-2f2cc4850586,Srinivasan,Warrier,Male,32,Widowed,7104570546,"594, Shivaji Nagar",Hyderabad,Telangana,504271,A+,,Aadhaar,222429201859,True,2026-07-04T06:08:37.946738,2026-07-04T06:08:37.946738
a94886a4-4728-48ce-a27c-3aeba567a91a,Uday,Jadhav,Male,22,Divorced,9428467214,"771, Civil Lines",Mumbai,Maharashtra,445365,A+,Farmer,Aadhaar,505080699979,True,2026-07-04T06:08:37.946738,2026-07-04T06:08:37.946738
a5d3f8a0-cf16-4bae-be41-7902b22f7658,Komal,Deshmukh,Female,24,Widowed,9570721017,"439, MG Road",Solapur,Maharashtra,413202,A-,Carpenter,Aadhaar,628536049064,True,2026-07-04T06:08:37.946738,2026-07-04T06:08:37.946738
0cc1ce0d-0c66-4094-bb6f-e176df9311b0,Manpreet,Ahluwalia,Male,10,Single,8221553679,"645, Market Yard",Gurugram,Haryana,131736,B+,Retired,Aadhaar,368878032730,True,2026-07-04T06:08:37.946738,2026-07-04T06:08:37.946738
ddb9f71d-bf95-4623-b5e2-a1e6824e73f4,Nitin,Sidhu,Male,38,Divorced,9694762418,"525, Model Town",Moradabad,Uttar Pradesh,273313,A+,Software Engineer,Aadhaar,478599872066,True,2026-07-04T06:08:37.946738,2026-07-04T06:08:37.946738
23ffc677-d898-4210-81a8-7b71081c286d,Ravi,Agarwal,Male,21,Single,8139884201,"503, New Colony",Dehradun,Uttarakhand,251722,B+,Labourer,Aadhaar,247574686016,True,2026-07-04T06:08:37.946738,2026-07-04T06:08:37.946738
ee926000-4ba3-424c-a72d-e93a754f34bf,Vijayan,Gaikwad,Male,41,Single,8289525810,"609, New Colony",Jaipur,Rajasthan,323995,O+,Business,Aadhaar,547339144272,True,2026-07-04T06:08:37.946738,2026-07-04T06:08:37.946738
ced5ebef-840e-4079-bc83-5fbdadf127b7,Riya,Bafna,Female,5,Single,9575820553,"687, Civil Lines",Nagpur,Maharashtra,439437,B+,Engineer,Aadhaar,491037045240,True,2026-07-04T06:08:37.946738,2026-07-04T06:08:37.946738
75d96073-4915-4d1d-99e8-e395b9a5c459,Varsha,Kamath,Female,34,Divorced,8146066994,"685, College Road",Bangalore,Karnataka,565172,B-,,Aadhaar,363003974123,True,2026-07-04T06:08:37.946738,2026-07-04T06:08:37.946738
6c3e67fa-22ab-4a48-a665-1869a7a83e49,Kumaresan,Ganapathy,Male,42,Widowed,6759397006,"550, College Road",Bangalore,Karnataka,584717,B+,Software Engineer,Aadhaar,359416953271,True,2026-07-04T06:08:37.946738,2026-07-04T06:08:37.946738
e2b65851-62f5-44c9-a589-0d1b60579860,Anita,Anand,Female,22,Divorced,7967584245,"407, Lake View",Shimla,Himachal Pradesh,173645,O+,Accountant,Aadhaar,429453682213,True,2026-07-04T06:08:37.946738,2026-07-04T06:08:37.946738
e3943e0b-e7d2-47d3-af05-b7e8457ac6cd,Sachin,Kelkar,Male,50,Divorced,9837405291,"956, River Side",Ahmedabad,Gujarat,370555,A+,Priest,Aadhaar,447844779740,True,2026-07-04T06:08:37.946738,2026-07-04T06:08:37.946738
924a2e97-8e93-47d5-9054-a145c26b48b3,Girish,Brar,Male,9,Single,7470162396,"739, New Colony",Rohtak,Haryana,128992,B+,Shopkeeper,Aadhaar,359079270474,True,2026-07-04T06:08:37.946738,2026-07-04T06:08:37.946738
dca77dd3-5b92-43a0-a977-dc70a23b1357,Ratna,Sahoo,Female,41,Divorced,9252922023,"154, Station Road",Kolkata,West Bengal,709266,A+,Retired,Aadhaar,929291928815,True,2026-07-04T06:08:37.946738,2026-07-04T06:08:37.946738
264e682c-ef30-417e-a377-0b0c537370a4,Jaspreet Kaur,Brar,Female,15,Single,8896878297,"62, Green Park",Karnal,Haryana,134802,B+,Homemaker,Aadhaar,864044000879,True,2026-07-04T06:08:37.946738,2026-07-04T06:08:37.946738
692713e6-7931-49da-886a-ee794b1a763c,Manisha,Anand,Female,23,Single,9796948412,"609, MG Road",Lucknow,Uttar Pradesh,216338,AB+,Engineer,Aadhaar,645621827592,True,2026-07-04T06:08:37.946738,2026-07-04T06:08:37.946738
a6517466-2b53-4a2b-a1b8-16aa2b8b137c,Bidisha,Ganapathy,Female,11,Single,8710292932,"225, River Side",Bhubaneswar,Odisha,756138,A+,Government Employee,Aadhaar,580795199301,True,2026-07-04T06:08:37.946738,2026-07-04T06:08:37.946738
dadb06d7-22ee-4ab0-a3af-175ac3a0f1a1,Rutuja,Subramaniam,Female,16,Single,6303512446,"637, River Side",Nagpur,Maharashtra,437657,B+,Tailor,Aadhaar,317324042632,True,2026-07-04T06:08:37.946738,2026-07-04T06:08:37.946738
9bb031ee-8705-413e-be30-4b66d2021835,Toshi,Bora,Male,16,Single,9114238199,"358, College Road",Guwahati,Assam,785897,B+,Nurse,Aadhaar,551867789254,True,2026-07-04T06:08:37.946738,2026-07-04T06:08:37.946738
2060e019-0bc2-4e0a-8b6b-7a955e77048b,Baldev,Gill,Male,7,Single,6168554691,"465, Model Town",Gwalior,Madhya Pradesh,451630,A+,Homemaker,Aadhaar,261191699790,True,2026-07-04T06:08:37.946738,2026-07-04T06:08:37.946738
9a5bdbc6-100b-4496-b652-9969f9a53294,Toshi,Reddiar,Male,12,Single,9244908422,"518, River Side",Bangalore,Karnataka,590775,O+,Student,Aadhaar,495379261139,True,2026-07-04T06:08:37.946738,2026-07-04T06:08:37.946738
b843da5e-d0ff-4ec2-96fd-6589b40ee552,Suresh,Bhatt,Male,30,Married,6260813929,"669, College Road",Faridabad,Haryana,121875,O+,Clerk,Aadhaar,725039255325,True,2026-07-04T06:08:37.946738,2026-07-04T06:08:37.946738
78169d7d-1f4f-4f02-a705-23d73ed23a43,Chitra,Iyer,Female,43,Single,9479255107,"316, Market Yard",Chennai,Tamil Nadu,604548,B+,Electrician,Aadhaar,159880906900,True,2026-07-04T06:08:37.946738,2026-07-04T06:08:37.946738
3e36dd05-f96e-425f-8125-87cb144eaf20,Dipti,Deshmukh,Female,33,Single,6943820229,"949, Nehru Nagar",Jalgaon,Maharashtra,424349,,Priest,Aadhaar,788363922869,True,2026-07-04T06:08:37.946738,2026-07-04T06:08:37.946738
59bbaed5-6512-460d-a0e5-bca161f0ffcd,Oindrila,Grover,Female,26,Divorced,8503886381,"444, Nehru Nagar",Bhubaneswar,Odisha,762800,O+,Farmer,Aadhaar,498798756605,True,2026-07-04T06:08:37.946738,2026-07-04T06:08:37.946738
b07375df-ccb4-4797-8521-35f1196bfbe6,Savita,Sandhu,Female,32,Single,6746221520,"316, Green Park",Lucknow,Uttar Pradesh,235938,O+,Software Engineer,Aadhaar,873273071808,True,2026-07-04T06:08:37.946738,2026-07-04T06:08:37.946738
1ffd8fe9-58a8-4a0b-a1d5-40283e3abbde,Kumaresan,Iyengar,Male,14,Single,6128890699,"142, Market Yard",Chennai,Tamil Nadu,627695,AB+,Engineer,Aadhaar,303188380975,True,2026-07-04T06:08:37.946738,2026-07-04T06:08:37.946738
a604af49-641c-4012-8352-2628d9721b7b,Renu,Ahluwalia,Female,16,Single,9918099252,"690, Shivaji Nagar",Bilaspur,Chhattisgarh,491922,B+,Priest,Aadhaar,959461898354,True,2026-07-04T06:08:37.946738,2026-07-04T06:08:37.946738
46e0a19e-c58b-4ba9-ba6b-88d50bbadcf9,Lalrinchhana,Rajkhowa,Male,55,Widowed,7368317943,"503, Hill Colony",Imphal,Manipur,795004,O+,Housewife,Aadhaar,663416697441,True,2026-07-04T06:08:37.946738,2026-07-04T06:08:37.946738
f396f413-57d6-4c57-9fee-ff8ab87b6eac,Shanthi,Ralte,Female,10,Single,9916486451,"545, Nehru Nagar",Bangalore,Karnataka,584508,B+,,Aadhaar,886192134193,True,2026-07-04T06:08:37.946738,2026-07-04T06:08:37.946738
b969b73b-383f-4b7a-a8a2-94a10ad616f2,Rutuja,Sandhu,Female,40,Widowed,6199353015,"874, Old Bazaar",Amritsar,Punjab,148833,O+,Weaver,Aadhaar,469247171972,True,2026-07-04T06:08:37.946738,2026-07-04T06:08:37.946738
e706c646-b90b-456f-ac4c-18a6f85b50e0,Sohini,More,Female,35,Widowed,6473182239,"686, Ambedkar Marg",Vadodara,Gujarat,379331,O+,Homemaker,Aadhaar,376343027998,True,2026-07-04T06:08:37.946738,2026-07-04T06:08:37.946738
6ea765fa-1633-4a41-b875-5141372fb062,Sourav,Basu,Male,11,Single,8411916090,"878, Old Bazaar",Tirupati,Andhra Pradesh,525897,O+,Carpenter,Aadhaar,648908298737,True,2026-07-04T06:08:37.946738,2026-07-04T06:08:37.946738
eb8c9c26-502c-4c19-a2cc-2438b3ceb9cd,Kavya,Pai,Female,40,Widowed,8930963498,"817, Shivaji Nagar",Vijayawada,Andhra Pradesh,522635,AB+,Nurse,Aadhaar,569788666416,True,2026-07-04T06:08:37.946738,2026-07-04T06:08:37.946738
865b9c77-380b-45f1-9d4f-83f2c7fe5b09,Priti,Shroff,Female,16,Single,7689126757,"530, Civil Lines",Ahmedabad,Gujarat,386470,O+,Teacher,Aadhaar,326567542613,True,2026-07-04T06:08:37.946738,2026-07-04T06:08:37.946738
136705fa-30a1-4435-a4b7-8fa198a32f6d,Nitin,Mishra,Male,28,Married,9105174941,"168, Green Park",Ghaziabad,Uttar Pradesh,267422,O+,Shopkeeper,Aadhaar,734926901627,True,2026-07-04T06:08:37.946738,2026-07-04T06:08:37.946738
7cc68326-cac7-4ff2-a865-fb4275e83f67,Elango,Warrier,Male,48,Married,9698681060,"165, Station Road",Guntur,Andhra Pradesh,526346,B+,Plumber,Aadhaar,997360394191,True,2026-07-04T06:08:37.946738,2026-07-04T06:08:37.946738
13d11bb7-8a4a-4001-a8a9-82b1910185f6,Jaspreet Kaur,Sidhu,Female,10,Single,9430116437,"458, Sector 12",Satna,Madhya Pradesh,451810,A+,Electrician,Aadhaar,562260719612,True,2026-07-04T06:08:37.946738,2026-07-04T06:08:37.946738
521daaee-e4ba-4a83-bab0-bbfb24738406,Yashpal,Singh,Male,20,Single,9233901350,"519, Civil Lines",Bareilly,Uttar Pradesh,238902,O+,Engineer,Aadhaar,446162854728,True,2026-07-04T06:08:37.946738,2026-07-04T06:08:37.946738
6271354a-eb77-4eac-8ba7-85366a806b52,Parvathi,Sailo,Female,7,Single,7434230565,"561, Sector 12",Chennai,Tamil Nadu,600398,O+,Potter,Aadhaar,153478432549,True,2026-07-04T06:08:37.946738,2026-07-04T06:08:37.946738
227778fa-406c-431d-971e-767cfab8de4b,Varsha,Sengupta,Female,69,Single,6203480301,"839, Church Street",Sangli,Maharashtra,424981,B+,Carpenter,Aadhaar,482581055616,True,2026-07-04T06:08:37.946738,2026-07-04T06:08:37.946738
61c10b4d-6d5f-4436-bd65-1989ad0e4ea9,Trupti,Joshi,Female,33,Divorced,6116751778,"634, MG Road",Kalyan,Maharashtra,431914,O+,Priest,Aadhaar,430528035066,True,2026-07-04T06:08:37.946738,2026-07-04T06:08:37.946738
dbf01682-d2d0-4afe-8e34-e8ad61ab9b96,Usha,Bhatt,Female,36,Divorced,7511952168,"563, Nehru Nagar",Noida,Uttar Pradesh,262211,O+,Fisherman,Aadhaar,670667765660,True,2026-07-04T06:08:37.946738,2026-07-04T06:08:37.946738
0f5d16d7-be8a-4306-92b8-f92e2c1ac334,Prakash,Bhagat,Male,23,Widowed,7602940908,"731, Station Road",Surat,Gujarat,372805,,Homemaker,Aadhaar,963363527673,True,2026-07-04T06:08:37.946738,2026-07-04T06:08:37.946738
84b67262-edcc-47d9-9da3-0dec351ef61b,Lata,Sharma,Female,29,Divorced,6381015497,"367, Ambedkar Marg",Varanasi,Uttar Pradesh,280982,B+,Plumber,Aadhaar,156740825706,True,2026-07-04T06:08:37.946738,2026-07-04T06:08:37.946738
6ae19368-6aaf-4a29-9299-b4e2ad2d8015,Milind,Kothari,Male,41,Single,7321973278,"801, Green Park",Nagpur,Maharashtra,414548,A+,,Aadhaar,331203022693,True,2026-07-04T06:08:37.946738,2026-07-04T06:08:37.946738
ffceef73-3071-4418-9011-250234d525ac,Suresh,Rathore,Male,25,Widowed,7451512143,"864, Shivaji Nagar",Patiala,Punjab,145384,B+,Clerk,Aadhaar,156719471007,True,2026-07-04T06:08:37.946738,2026-07-04T06:08:37.946738
6ffa2006-c517-420f-ad78-c5a0afadcd5a,Parvathi,Sengupta,Female,89,Divorced,8255764164,"431, Nehru Nagar",Asansol,West Bengal,741515,B+,Farmer,Aadhaar,875766238824,True,2026-07-04T06:08:37.946738,2026-07-04T06:08:37.946738
c41d4d5b-f08e-4e4e-8cf9-13d0a0e277f1,Trupti,Sawant,Female,15,Single,6515271554,"298, Gandhi Chowk",Pune,Maharashtra,404513,B+,Weaver,Aadhaar,561138557035,True,2026-07-04T06:08:37.946738,2026-07-04T06:08:37.946738
221d9933-e27e-4274-9965-53f48552b57b,Archana,Rathi,Female,80,Married,6543175497,"131, Hill Colony",Agra,Uttar Pradesh,276390,B+,Plumber,Aadhaar,767706349599,True,2026-07-04T06:08:37.946738,2026-07-04T06:08:37.946738
441b8601-d4c5-4c9c-a956-6cad9bc11e9b,Vijay,Deshmukh,Male,44,Widowed,6788234297,"495, Sector 12",Surat,Gujarat,391860,O+,Homemaker,Aadhaar,535317990784,True,2026-07-04T06:08:37.946738,2026-07-04T06:08:37.946738
56fb95f5-7937-4249-96e6-7dc9f5065640,Sowmya,Kurup,Female,13,Single,7675601385,"193, College Road",Davanagere,Karnataka,576072,B+,,Aadhaar,907798670314,True,2026-07-04T06:08:37.946738,2026-07-04T06:08:37.946738
14ce0613-269e-4f21-b995-21e160a40a58,Brij Mohan,Sidhu,Male,6,Single,9482721695,"805, Model Town",Ghaziabad,Uttar Pradesh,285018,A+,Student,Aadhaar,908687552593,True,2026-07-04T06:08:37.946738,2026-07-04T06:08:37.946738
d752fd65-44b6-4d0f-9642-32348318250c,Swapan,Patra,Male,20,Single,7764035991,"436, Lake View",Kolkata,West Bengal,713121,B+,Business,Aadhaar,337453074156,True,2026-07-04T06:08:37.946738,2026-07-04T06:08:37.946738
61c2c51a-b6a4-4dde-8b81-8c9a35ba7dc8,Naresh,Kumar,Male,20,Single,8167829726,"502, Model Town",Indore,Madhya Pradesh,468778,A+,Farmer,Aadhaar,896856329678,True,2026-07-04T06:08:37.946738,2026-07-04T06:08:37.946738
b684ee35-fd6a-4783-ac1d-cfcd608a3477,Prasenjit,Tiwari,Male,16,Single,6685772153,"48, Gandhi Chowk",Dharamshala,Himachal Pradesh,171319,A+,Student,Aadhaar,886419677097,True,2026-07-04T06:08:37.946738,2026-07-04T06:08:37.946738
78e56caf-2b52-4fed-b2da-252f6ce52154,Yogesh,Pradhan,Male,20,Single,7246456506,"196, Shivaji Nagar",Nashik,Maharashtra,436405,B+,Government Employee,Aadhaar,284406477871,True,2026-07-04T06:08:37.946738,2026-07-04T06:08:37.946738
8ca1ff3a-ceae-433c-95f2-e8ad080caba5,Ipsita,Majumdar,Female,41,Widowed,7609818158,"109, Old Bazaar",Bokaro,Jharkhand,834169,O+,Homemaker,Aadhaar,643058201894,True,2026-07-04T06:08:37.946738,2026-07-04T06:08:37.946738
4036fb0f-281c-48fe-ba75-4fd1348fb3a5,Randhir,Dubey,Male,78,Divorced,8299933913,"201, Station Road",Mathura,Uttar Pradesh,252544,O+,Government Employee,Aadhaar,145872297990,True,2026-07-04T06:08:37.946738,2026-07-04T06:08:37.946738
e692df20-0c8c-4bdc-93bc-4e7c1d6e6f9a,Vasant,Pandya,Male,34,Divorced,6709425930,"466, Civil Lines",Thane,Maharashtra,411534,O+,Clerk,Aadhaar,251777901156,True,2026-07-04T06:08:37.946738,2026-07-04T06:08:37.946738
08b39335-d135-40ae-ab8c-41c646034b76,Shweta,Sharma,Female,72,Single,7454047228,"440, Ring Road",Haridwar,Uttarakhand,244718,A-,Farmer,Aadhaar,777573395589,True,2026-07-04T06:08:37.946738,2026-07-04T06:08:37.946738
612be8d7-245f-44c6-9769-c30611d907ac,Ashwini,Dave,Female,86,Divorced,7817132568,"538, Ambedkar Marg",Ahmedabad,Gujarat,368083,AB+,Shopkeeper,Aadhaar,605440291737,True,2026-07-04T06:08:37.946738,2026-07-04T06:08:37.946738
00d7aa5e-43d9-4ac2-b25f-ee76a5dcd82e,Lakshmi,Venkataraman,Female,16,Single,6489002427,"345, Ambedkar Marg",Kochi,Kerala,686202,A+,Potter,Aadhaar,329579242923,True,2026-07-04T06:08:37.946738,2026-07-04T06:08:37.946738
0d3fbd90-e767-4301-91e4-6c75837ab03c,Sushma,Chokshi,Female,12,Single,9538517047,"986, College Road",Navi Mumbai,Maharashtra,432875,B+,Accountant,Aadhaar,395262095680,True,2026-07-04T06:08:37.946738,2026-07-04T06:08:37.946738
0c7687e4-ade3-4c10-bc7a-088de67caa53,Sunil,Chauhan,Male,26,Widowed,8595701239,"212, New Colony",Faridabad,Haryana,127596,A+,Shopkeeper,Aadhaar,117515614574,True,2026-07-04T06:08:37.946738,2026-07-04T06:08:37.946738
d3f8e653-1fbd-4d22-a353-4bee1ea47dd9,Anjali,Reddiar,Female,25,Divorced,6698315410,"943, Hill Colony",Coimbatore,Tamil Nadu,637894,A+,Homemaker,Aadhaar,428656924078,True,2026-07-04T06:08:37.946738,2026-07-04T06:08:37.946738
0416157e-a032-493a-b365-33152324200a,Shrikant,Jadhav,Male,6,Single,6281272196,"354, Hill Colony",Akola,Maharashtra,428393,O+,,Aadhaar,218163906562,True,2026-07-04T06:08:37.946738,2026-07-04T06:08:37.946738
ab76197a-b248-4356-a912-0be6c84804f1,Toshi,Mishra,Male,14,Single,8900104341,"107, Ring Road",Lucknow,Uttar Pradesh,201280,B+,,Aadhaar,873434245743,True,2026-07-04T06:08:37.946738,2026-07-04T06:08:37.946738
5ef75feb-e438-43fe-a122-ad38a73d2039,Randhir,Rathore,Male,29,Divorced,8177484614,"911, Station Road",Bhilai,Chhattisgarh,491408,A+,Business,Aadhaar,857060747652,True,2026-07-04T06:08:37.946738,2026-07-04T06:08:37.946738
3707f417-f3ff-473b-981f-3f1555a4784c,Kiran,Bhalla,Male,47,Married,8235821057,"260, MG Road",Kanpur,Uttar Pradesh,271369,O-,Weaver,Aadhaar,504320626592,True,2026-07-04T06:08:37.946738,2026-07-04T06:08:37.946738
3fe57164-93cc-4325-a1f1-3fe3c2bb1c94,Naresh,Dubey,Male,51,Divorced,9640214634,"877, Station Road",Hisar,Haryana,121314,B+,Accountant,Aadhaar,435662058120,True,2026-07-04T06:08:37.946738,2026-07-04T06:08:37.946738
de8662aa-bb6d-434f-a86e-c8c0828e36c7,Hema,Chettiar,Female,67,Married,7108601141,"623, Market Yard",Kochi,Kerala,689233,A+,Carpenter,Aadhaar,855186878470,True,2026-07-04T06:08:37.946738,2026-07-04T06:08:37.946738
b2feac74-baa6-48f2-9dcf-bcf3fa6fc0b2,Lata,Singh,Female,10,Single,7820171518,"866, Church Street",Indore,Madhya Pradesh,463357,O+,Farmer,Aadhaar,435228346659,True,2026-07-04T06:08:37.946738,2026-07-04T06:08:37.946738
1e21cf78-37c7-485b-8cd4-b9ed026191a8,Raghavan,Hegde,Male,30,Divorced,6628649265,"142, Nehru Nagar",Hyderabad,Telangana,501882,O+,,Aadhaar,470167602230,True,2026-07-04T06:08:37.946738,2026-07-04T06:08:37.946738
bb5c4e76-8204-4cb3-81d9-f7433efb6824,Bhavna,Bhatt,Female,59,Single,6207801251,"366, Gandhi Chowk",Jaipur,Rajasthan,339984,B+,Shopkeeper,Aadhaar,970807031163,True,2026-07-04T06:08:37.946738,2026-07-04T06:08:37.946738
7371a842-c494-40ee-bddc-7cc9d14a878b,Nita,Bhosale,Female,31,Married,6321561369,"658, Ring Road",Pune,Maharashtra,445313,B+,Clerk,Aadhaar,476413481407,True,2026-07-04T06:08:37.946738,2026-07-04T06:08:37.946738
cef46d6e-e6cb-4ae5-aae1-f9fe599623de,Chandan,Ganguly,Male,51,Single,8189624630,"765, Ring Road",Durgapur,West Bengal,721288,O+,Priest,Aadhaar,853015714845,True,2026-07-04T06:08:37.946738,2026-07-04T06:08:37.946738
a5c6fdcc-d478-4ea8-aff0-2c695f6ec6fa,Sourabh,Sahoo,Male,30,Single,8740045772,"870, College Road",Kolkata,West Bengal,723285,B-,Accountant,Aadhaar,343272549259,True,2026-07-04T06:08:37.946738,2026-07-04T06:08:37.946738
338b25eb-5927-40dd-ba36-be6658004b73,Rita,Rathi,Female,52,Widowed,6254260893,"201, Gandhi Chowk",Nagpur,Maharashtra,421199,O+,Government Employee,Aadhaar,325498824847,True,2026-07-04T06:08:37.946738,2026-07-04T06:08:37.946738
cbcc6971-6675-43e3-8c6c-931e276be480,Chittaranjan,Behera,Male,30,Married,7798728288,"276, River Side",Cuttack,Odisha,754770,O+,Carpenter,Aadhaar,789794113535,True,2026-07-04T06:08:37.946738,2026-07-04T06:08:37.946738
b061bcdd-8ab0-4133-b725-807e0f068253,Shilpa,Chavan,Female,69,Divorced,8834667199,"321, Ring Road",Navi Mumbai,Maharashtra,413285,B+,Priest,Aadhaar,772081040095,True,2026-07-04T06:08:37.946738,2026-07-04T06:08:37.946738
e8e8b369-0fb0-4a6c-9ee3-34fb3f919b4f,Rajeshwari,Mudaliar,Female,22,Divorced,7105117930,"914, Gandhi Chowk",Hyderabad,Telangana,503809,O+,Homemaker,Aadhaar,983632178291,True,2026-07-04T06:08:37.946738,2026-07-04T06:08:37.946738
60db6847-b3c1-4c0d-8bc3-f622df9eaa53,Bijoy,Mahato,Male,55,Married,9175710656,"304, New Colony",Dhanbad,Jharkhand,822278,B+,Clerk,Aadhaar,605666869128,True,2026-07-04T06:08:37.946738,2026-07-04T06:08:37.946738
b033fa48-769d-4026-8126-f0271f2cf1af,Vani,Sundaram,Female,11,Single,7527701103,"30, College Road",Visakhapatnam,Andhra Pradesh,531890,AB+,Plumber,Aadhaar,878735060689,True,2026-07-04T06:08:37.946738,2026-07-04T06:08:37.946738
af7e5df1-349a-41aa-b47b-9e1ec6ee56c9,Madhuri,Bedi,Female,45,Single,7269677099,"750, Old Bazaar",Faridabad,Haryana,128403,B+,Accountant,Aadhaar,564042377497,True,2026-07-04T06:08:37.946738,2026-07-04T06:08:37.946738
bee4351e-4b52-451f-8f68-b6309d1ef154,Kalpesh,Joshi,Male,58,Married,7152899156,"141, Green Park",Thane,Maharashtra,413932,O+,Business,Aadhaar,683571240431,True,2026-07-04T06:08:37.946738,2026-07-04T06:08:37.946738
165b5aa6-20c2-46c6-a804-13f7dd94139e,Sonal,Agarwal,Female,56,Married,9263692131,"151, Model Town",Bhopal,Madhya Pradesh,452996,A+,Fisherman,Aadhaar,345769144076,True,2026-07-04T06:08:37.946738,2026-07-04T06:08:37.946738
706faf77-ab47-450b-9433-3293c2db47e2,Rajni,Sandhu,Female,48,Single,9745976990,"162, Market Yard",Faridabad,Haryana,130033,AB-,Tailor,Aadhaar,275327545125,True,2026-07-04T06:08:37.946738,2026-07-04T06:08:37.946738
d2009b27-d2a4-48ad-8929-3f8e2877a5a6,Dinesh Kumar,Panicker,Male,39,Widowed,6427051082,"262, Sector 12",Kochi,Kerala,686679,B+,,Aadhaar,269234309673,True,2026-07-04T06:08:37.946738,2026-07-04T06:08:37.946738
f4b50327-0d37-4e07-98a1-2ed5b5d91525,Suresh Kumar,Naidu,Male,13,Single,9251638528,"52, Station Road",Vellore,Tamil Nadu,638678,B+,Farmer,Aadhaar,398576332869,True,2026-07-04T06:08:37.946738,2026-07-04T06:08:37.946738
d90300ba-8f47-4c62-af77-fe4b6d20d47c,Yashpal,Mishra,Male,16,Single,6852425097,"984, Market Yard",Bathinda,Punjab,159363,B+,Farmer,Aadhaar,104276528982,True,2026-07-04T06:08:37.946738,2026-07-04T06:08:37.946738
b8cbcda5-e425-42b2-b383-ebe9fd385773,Archana,Srivastava,Female,20,Single,9203957700,"846, River Side",Moradabad,Uttar Pradesh,222770,B+,Farmer,Aadhaar,407176419014,True,2026-07-04T06:08:37.946738,2026-07-04T06:08:37.946738
9b3324b7-0c80-49fb-b18f-7e1c1c9420bd,Madhuri,Grover,Female,11,Single,7393139766,"851, Nehru Nagar",Saharanpur,Uttar Pradesh,269109,A+,Doctor,Aadhaar,815776843148,True,2026-07-04T06:08:37.946738,2026-07-04T06:08:37.946738
3f546a54-9698-417d-aa06-3001e7d82810,Snehal,Naicker,Female,16,Single,8182096068,"39, Civil Lines",Solapur,Maharashtra,431185,B+,Nurse,Aadhaar,758567102925,True,2026-07-04T06:08:37.946738,2026-07-04T06:08:37.946738
e11fb1f0-eccc-4986-bf1f-873f73c280be,Nayanmoni,Pawar,Female,20,Single,9351543842,"323, Green Park",Mumbai,Maharashtra,433884,O+,Nurse,Aadhaar,408277054589,True,2026-07-04T06:08:37.946738,2026-07-04T06:08:37.946738
cc56bb65-8065-4b49-9019-69fa810f3c2e,Sujatha,Menon,Female,32,Married,6290864966,"853, New Colony",Thrissur,Kerala,691263,O+,Potter,Aadhaar,842415356499,True,2026-07-04T06:08:37.946738,2026-07-04T06:08:37.946738
ae52e608-d93b-4cce-b0de-212d884cc4df,Asha,Tiwari,Female,63,Widowed,9149007719,"135, Model Town",Lucknow,Uttar Pradesh,249589,O+,Software Engineer,Aadhaar,278281395154,True,2026-07-04T06:08:37.946738,2026-07-04T06:08:37.946738
65863217-febe-4ebe-945e-3168b9ee61ed,Anil,Chopra,Male,15,Single,9344604684,"832, Gandhi Chowk",Noida,Uttar Pradesh,253313,B+,Teacher,Aadhaar,534200064205,True,2026-07-04T06:08:37.946738,2026-07-04T06:08:37.946738
4bd4a856-37ed-4790-84a6-06dbe97b7e54,Velmurugan,Chandran,Male,73,Married,6761086241,"204, Hill Colony",Hyderabad,Telangana,503761,O+,Tailor,Aadhaar,113265950063,True,2026-07-04T06:08:37.946738,2026-07-04T06:08:37.946738
93d4056b-9a3f-491d-b80b-1c2ee38a0f99,Geetha,Rao,Female,75,Single,6856241225,"81, Ring Road",Hyderabad,Telangana,508376,O+,Engineer,Aadhaar,908746175940,True,2026-07-04T06:08:37.946738,2026-07-04T06:08:37.946738
9fc7deb1-27c3-44ee-aadd-9b7767fcd6e1,Harpreet,Aggarwal,Male,49,Widowed,7955135630,"336, River Side",Delhi,Delhi,110053,O+,,Aadhaar,748932781376,True,2026-07-04T06:08:37.946738,2026-07-04T06:08:37.946738
5cdcbab3-7bb7-4d09-abeb-6108f150b8ce,Chitra,Menon,Female,54,Widowed,6764062164,"373, Gandhi Chowk",Kannur,Kerala,691844,O+,,Aadhaar,528534906469,True,2026-07-04T06:08:37.946738,2026-07-04T06:08:37.946738
fa9fd966-9cad-4b2e-8b4d-f2d0ce71e627,Jyoti,Bhandari,Female,6,Single,9433727036,"816, Hill Colony",Faridabad,Haryana,132050,AB+,Farmer,Aadhaar,639113773868,True,2026-07-04T06:08:37.946738,2026-07-04T06:08:37.946738
ef218980-1b7d-48cf-9b06-d1647e9078d7,Bharat,Doshi,Male,46,Single,7938314425,"288, Sector 12",Surat,Gujarat,376784,O+,Business,Aadhaar,646788372158,True,2026-07-04T06:08:37.946738,2026-07-04T06:08:37.946738
9ac1f127-0100-4c78-9871-431b28a96273,Sujata,Doshi,Female,64,Single,6859313050,"996, River Side",Pune,Maharashtra,404875,B+,Government Employee,Aadhaar,426079997510,True,2026-07-04T06:08:37.946738,2026-07-04T06:08:37.946738
e0db3ca2-f4e5-4a27-b360-7837be3a3fab,Rajesh Kanna,Nambiar,Male,48,Married,9554706244,"844, Lake View",Hyderabad,Telangana,506159,O+,Doctor,Aadhaar,498546202203,True,2026-07-04T06:08:37.946738,2026-07-04T06:08:37.946738
7c6e4d7a-bffb-420f-a83c-8cc69327a971,Tapan,Adhikari,Male,29,Divorced,6936458334,"886, Church Street",Kolkata,West Bengal,729924,O+,Student,Aadhaar,526565972046,True,2026-07-04T06:08:37.946738,2026-07-04T06:08:37.946738
32e19e66-105e-4a94-bf49-ae129f59cc5b,Swathi,Warrier,Female,69,Divorced,9202142313,"344, Market Yard",Kochi,Kerala,695332,A+,Engineer,Aadhaar,139257496738,True,2026-07-04T06:08:37.946738,2026-07-04T06:08:37.946738
72fe11f4-b306-4de6-9140-d90c2df195d4,Sudesh,Bhatt,Female,35,Widowed,9626705809,"647, River Side",Delhi,Delhi,110024,A+,Student,Aadhaar,473109811835,True,2026-07-04T06:08:37.946738,2026-07-04T06:08:37.946738
118316d2-4157-4d1a-b828-b55a7611e3f7,Ravichandran,Mudaliar,Male,30,Widowed,6653751949,"428, Gandhi Chowk",Coimbatore,Tamil Nadu,633029,B+,Weaver,Aadhaar,925454824766,True,2026-07-04T06:08:37.946738,2026-07-04T06:08:37.946738
8c8c6acf-9971-4fe5-a9c2-b484b802d2f5,Pranab,Pal,Male,17,Single,7987110066,"889, Ambedkar Marg",Bokaro,Jharkhand,813110,O+,Software Engineer,Aadhaar,339772565372,True,2026-07-04T06:08:37.946738,2026-07-04T06:08:37.946738
78c52b49-419a-4578-9941-f18f3b410a9e,Paresh,Thakur,Male,15,Single,6213855023,"914, Ring Road",Jamnagar,Gujarat,362778,AB+,,Aadhaar,490129452983,True,2026-07-04T06:08:37.946738,2026-07-04T06:08:37.946738
4ee54cf1-5cba-462e-bafe-65c0e0306c96,Foram,Deshmukh,Female,14,Single,9889685428,"617, River Side",Vadodara,Gujarat,360455,O+,Homemaker,Aadhaar,756175400834,True,2026-07-04T06:08:37.946738,2026-07-04T06:08:37.946738
353f8ec7-50fb-4cd0-9c39-04a31862f682,Shrikant,Bhagat,Male,23,Single,9242895464,"419, River Side",Ahmedabad,Gujarat,387176,O+,Retired,Aadhaar,598501697142,True,2026-07-04T06:08:37.946738,2026-07-04T06:08:37.946738
2285ab72-6999-4151-ad10-3b5895cbeab0,Rajeshwari,Rao,Female,44,Widowed,8859474676,"554, New Colony",Chennai,Tamil Nadu,630287,AB+,Engineer,Aadhaar,204216445005,True,2026-07-04T06:08:37.946738,2026-07-04T06:08:37.946738
8f95cac1-d47b-48be-9931-551d91b65fea,Arjun,Nair,Male,62,Divorced,8462890208,"42, Old Bazaar",Bangalore,Karnataka,574089,O+,Accountant,Aadhaar,686420480330,True,2026-07-04T06:08:37.946738,2026-07-04T06:08:37.946738
6db36014-975a-47a1-a895-ea9ce99eb2b2,Geeta,Kalra,Female,86,Single,9166825296,"449, Sector 12",Vijayawada,Andhra Pradesh,517645,O+,Doctor,Aadhaar,786491711837,True,2026-07-04T06:08:37.946738,2026-07-04T06:08:37.946738
f89298f7-fa44-44de-9072-ff886fc1f2f1,Vaishali,Iyengar,Female,80,Widowed,9289943678,"320, Green Park",Nashik,Maharashtra,434928,B+,Clerk,Aadhaar,928615107564,True,2026-07-04T06:08:37.946738,2026-07-04T06:08:37.946738
7abf50ba-4808-41ba-8346-8b098be21f6d,Sameer,Dave,Male,52,Married,7428359764,"327, Ring Road",Nashik,Maharashtra,420309,B+,Labourer,Aadhaar,147180332500,True,2026-07-04T06:08:37.946738,2026-07-04T06:08:37.946738
459051ec-0ef3-4aa1-baea-ac59b79e1289,Bhuvana,Hegde,Female,43,Married,9708033328,"955, MG Road",Hubli,Karnataka,578773,B+,Fisherman,Aadhaar,799957488227,True,2026-07-04T06:08:37.946738,2026-07-04T06:08:37.946738
cb8d448c-77e4-4066-9234-2736fedd80c8,Kavitha,Reddy,Female,32,Married,7867458436,"861, Church Street",Thiruvananthapuram,Kerala,683238,A+,Electrician,Aadhaar,173585652177,True,2026-07-04T06:08:37.946738,2026-07-04T06:08:37.946738
58eb8618-6cf6-47b2-b3bb-e937957fee4b,Manpreet,Brar,Male,54,Widowed,8125023655,"25, Nehru Nagar",Jammu,Jammu and Kashmir,192537,O+,Clerk,Aadhaar,519912246018,True,2026-07-04T06:08:37.946738,2026-07-04T06:08:37.946738
09459af8-099f-4c88-a566-c31abafaeed6,Uttam,Dubey,Male,72,Married,7221991425,"462, Old Bazaar",Delhi,Delhi,110070,B+,Accountant,Aadhaar,124483583510,True,2026-07-04T06:08:37.946738,2026-07-04T06:08:37.946738
0f735f10-bd0d-43f8-8c88-3e1c0adc607f,Priti,Shah,Female,8,Single,9298359697,"5, Model Town",Thane,Maharashtra,410005,AB+,Homemaker,Aadhaar,257952049056,True,2026-07-04T06:08:37.946738,2026-07-04T06:08:37.946738
6b7d5899-0508-4e9f-8b8a-1736552e63af,Pranab,Bhandari,Male,72,Divorced,9685501577,"333, Model Town",Gwalior,Madhya Pradesh,462206,O+,Shopkeeper,Aadhaar,560232414565,True,2026-07-04T06:08:37.946738,2026-07-04T06:08:37.946738
4bf8ada2-c69a-483b-b753-14d5ec892bd0,Nagarajan,Panda,Male,32,Widowed,9689639433,"381, Temple Road",Rourkela,Odisha,760808,B+,Software Engineer,Aadhaar,590217026151,True,2026-07-04T06:08:37.946738,2026-07-04T06:08:37.946738
11b72d31-809f-4a40-a3f7-4c8d95c8b5aa,Rajesh Kanna,Varma,Male,37,Married,9471377177,"148, Station Road",Bangalore,Karnataka,581858,B+,Housewife,Aadhaar,701666863856,True,2026-07-04T06:08:37.946738,2026-07-04T06:08:37.946738
2521886b-c5e9-49cd-b25c-4173ebee06dc,Pallavi,Naicker,Female,29,Divorced,9422740997,"456, College Road",Hyderabad,Telangana,503225,B+,Engineer,Aadhaar,121464786617,True,2026-07-04T06:08:37.946738,2026-07-04T06:08:37.946738
65b0ccd7-f46b-47a6-9245-f71505100cce,Tejinder,Grover,Male,37,Divorced,9816849123,"732, Ring Road",Faridabad,Haryana,132968,AB+,Driver,Aadhaar,830275051992,True,2026-07-04T06:08:37.946738,2026-07-04T06:08:37.946738
56bc4b5f-31c4-4166-961d-88c870b944b5,Priyanka,Krishnan,Female,87,Divorced,8199475074,"545, Temple Road",Hyderabad,Telangana,505210,A+,Engineer,Aadhaar,843337489368,True,2026-07-04T06:08:37.946738,2026-07-04T06:08:37.946738
d15ba030-56da-40d2-9e84-277c27496e7b,Jaspreet,Sekhon,Male,14,Single,9809669673,"522, College Road",Agra,Uttar Pradesh,242279,A+,Government Employee,Aadhaar,986523593090,True,2026-07-04T06:08:37.946738,2026-07-04T06:08:37.946738
1403f6ab-efaa-4cc7-88a7-c3ad04b5e119,Tanmoy,Sahu,Male,5,Single,9597264083,"38, Ambedkar Marg",Gaya,Bihar,853401,A+,Student,Aadhaar,182928269552,True,2026-07-04T06:08:37.946738,2026-07-04T06:08:37.946738
85f92eab-86f3-4fd8-be3c-fd8cb9fc8a42,Vijayan,Chettiar,Male,30,Divorced,7440555392,"118, Temple Road",Bangalore,Karnataka,577793,,Student,Aadhaar,610601324706,True,2026-07-04T06:08:37.946738,2026-07-04T06:08:37.946738
f1b74f26-5ce1-4bf5-b6da-fd2eb7a6b788,Ajay,Bhandari,Male,43,Married,6872896813,"784, Hill Colony",Ghaziabad,Uttar Pradesh,234295,B+,Driver,Aadhaar,635515587975,True,2026-07-04T06:08:37.946738,2026-07-04T06:08:37.946738
fce721cb-2234-40c7-9aef-c71ae661f596,Manikandan,Bhatt,Male,37,Single,6690339578,"812, Civil Lines",Mysore,Karnataka,573628,B+,Government Employee,Aadhaar,491911325097,True,2026-07-04T06:08:37.946738,2026-07-04T06:08:37.946738
b62018af-dde1-4980-830b-59695b729dac,Vipul,Dave,Male,33,Divorced,8648118412,"280, Old Bazaar",Surat,Gujarat,387984,O+,Priest,Aadhaar,787423827247,True,2026-07-04T06:08:37.946738,2026-07-04T06:08:37.946738
ea5d3196-c6b1-4398-9f06-327e2af9b2af,Ranganathan,Iyengar,Male,24,Married,9528672473,"953, MG Road",Bangalore,Karnataka,578798,O+,Teacher,Aadhaar,567483864001,True,2026-07-04T06:08:37.946738,2026-07-04T06:08:37.946738
39305cbf-e473-4f97-81d5-1540d021a1fd,Chitra,Raman,Female,90,Divorced,7188161441,"146, Lake View",Kozhikode,Kerala,692424,O+,Teacher,Aadhaar,603253158604,True,2026-07-04T06:08:37.946738,2026-07-04T06:08:37.946738
f6fff6b0-135b-438a-a36b-8fe386ad44db,Trupti,Deshmukh,Female,45,Single,6295065651,"981, Gandhi Chowk",Jaipur,Rajasthan,323364,B+,Priest,Aadhaar,187419574027,True,2026-07-04T06:08:37.946738,2026-07-04T06:08:37.946738
337e2567-6595-4545-b08a-49f624d1b01a,Murugan,Balakrishnan,Male,20,Single,7346884913,"501, MG Road",Kochi,Kerala,670041,A+,Tailor,Aadhaar,183201200382,True,2026-07-04T06:08:37.946738,2026-07-04T06:08:37.946738
447ac11c-a5ff-4793-8cfa-c86811ba7f3a,Debashish,Malhotra,Male,17,Single,9647047046,"765, Ring Road",Aligarh,Uttar Pradesh,232436,O+,Government Employee,Aadhaar,565186090609,True,2026-07-04T06:08:37.946738,2026-07-04T06:08:37.946738
973e7f77-d431-4722-b080-a4714de0af23,Varsha,Kadam,Female,15,Single,8970806405,"264, Civil Lines",Margao,Goa,403458,A+,Electrician,Aadhaar,494050318554,True,2026-07-04T06:08:37.946738,2026-07-04T06:08:37.946738
50784745-871c-4de6-ab4d-7504c4c4845c,Malathi,Kelkar,Female,11,Single,9685755453,"153, Shivaji Nagar",Vadodara,Gujarat,377789,O+,Carpenter,Aadhaar,263552051216,True,2026-07-04T06:08:37.946738,2026-07-04T06:08:37.946738
207c4835-531a-4eb6-82ad-ebcd49b6212b,Angelina,Rabha,Female,33,Single,7122505994,"489, Hill Colony",Agartala,Tripura,799062,O+,Potter,Aadhaar,123482167358,True,2026-07-04T06:08:37.946738,2026-07-04T06:08:37.946738
b9ce4a19-492a-4417-bdbd-b8d2f48be6d4,Rajeshwari,Raman,Female,12,Single,8865446925,"838, Old Bazaar",Nellore,Andhra Pradesh,524845,A+,Driver,Aadhaar,585175684170,True,2026-07-04T06:08:37.946738,2026-07-04T06:08:37.946738
cf7a73c8-6d26-41c6-bbdf-e698cb32fbba,Paresh,Lodha,Male,60,Single,6823461220,"43, Shivaji Nagar",Mumbai,Maharashtra,419562,O+,Driver,Aadhaar,571597631392,True,2026-07-04T06:08:37.946738,2026-07-04T06:08:37.946738
ca2b7386-07d5-4ab2-a08a-2e3d5d815ae1,Nirav,More,Male,21,Married,6306562409,"878, Church Street",Jaipur,Rajasthan,337359,A+,Electrician,Aadhaar,848142089844,True,2026-07-04T06:08:37.946738,2026-07-04T06:08:37.946738
c8a5cfc4-7381-455b-ac51-b7d271611440,Baldev,Bansal,Male,25,Single,9428238200,"189, Ambedkar Marg",Lucknow,Uttar Pradesh,201878,O+,Tailor,Aadhaar,704910504324,True,2026-07-04T06:08:37.946738,2026-07-04T06:08:37.946738
e3e471a0-8d7e-4b13-88b7-188d9bbe7b60,Suresh Kumar,Sethi,Male,31,Widowed,6881843286,"752, Ambedkar Marg",Warangal,Telangana,509228,A+,Government Employee,Aadhaar,365047683946,True,2026-07-04T06:08:37.946738,2026-07-04T06:08:37.946738
6a90200d-1905-4e63-a0ed-8725e688c65f,Rajeshwari,Pillai,Female,20,Single,6646293424,"483, MG Road",Thrissur,Kerala,692495,,Accountant,Aadhaar,238206813515,True,2026-07-04T06:08:37.946738,2026-07-04T06:08:37.946738
b7a700c0-2292-4260-ab61-774442e3bcba,Dinesh Kumar,Ramanathan,Male,7,Single,9922849039,"51, Lake View",Madurai,Tamil Nadu,637438,B+,Retired,Aadhaar,226473835744,True,2026-07-04T06:08:37.946738,2026-07-04T06:08:37.946738
755a6643-5894-4432-afde-3951dd48a91e,Swapan,Sahoo,Male,23,Married,6623008034,"197, River Side",Siliguri,West Bengal,702883,A+,Teacher,Aadhaar,682032051942,True,2026-07-04T06:08:37.946738,2026-07-04T06:08:37.946738
411d43df-8a39-41ab-a418-1eb955d4a972,Sujatha,Iyengar,Female,25,Single,8157125677,"158, Ring Road",Hyderabad,Telangana,505575,O+,Housewife,Aadhaar,960982102566,True,2026-07-04T06:08:37.946738,2026-07-04T06:08:37.946738
db97f1b3-0236-4058-add6-d8cd5842d79e,Ashok,Pradhan,Male,50,Widowed,8563072602,"919, Ring Road",Karnal,Haryana,127252,B+,Retired,Aadhaar,825559003863,True,2026-07-04T06:08:37.946738,2026-07-04T06:08:37.946738
3979efee-6625-4e1b-967d-35fe100adf5f,Devika,Iyengar,Female,56,Married,6998604674,"715, Ambedkar Marg",Thrissur,Kerala,676938,A+,Government Employee,Aadhaar,398545665792,True,2026-07-04T06:08:37.946738,2026-07-04T06:08:37.946738
047bbe6c-08cd-4b5e-a218-cd396fb8b580,Ritu,Dubey,Female,12,Single,7449093866,"868, Hill Colony",Meerut,Uttar Pradesh,230232,O+,Potter,Aadhaar,901622138423,True,2026-07-04T06:08:37.946738,2026-07-04T06:08:37.946738
a1f379fc-1a64-47a8-9ef4-8755f4afdb6c,Partha,Kar,Male,18,Single,6605426235,"506, Temple Road",Bhubaneswar,Odisha,763094,B+,Nurse,Aadhaar,815963805583,True,2026-07-04T06:08:37.946738,2026-07-04T06:08:37.946738
5a8f9387-65bf-4989-b231-b380645e8442,Ramesh,Sethi,Male,74,Single,8636417472,"623, Civil Lines",Delhi,Delhi,110080,O+,Shopkeeper,Aadhaar,192676365333,True,2026-07-04T06:08:37.946738,2026-07-04T06:08:37.946738
e92c007b-3014-4248-89e7-746226684381,Madhuri,Pawar,Female,34,Widowed,8780064237,"360, Lake View",Gurugram,Haryana,121784,B+,Clerk,Aadhaar,603964876489,True,2026-07-04T06:08:37.946738,2026-07-04T06:08:37.946738
1a3d1a17-2382-4502-b70f-05f73f51b9a8,Geeta,Chahal,Female,46,Single,7627426476,"56, Hill Colony",Noida,Uttar Pradesh,237815,O+,Priest,Aadhaar,830597140986,True,2026-07-04T06:08:37.946738,2026-07-04T06:08:37.946738
802f4903-1754-46f2-adc9-d31ee0d9015d,Girish,Momin,Male,13,Single,7761573564,"232, Station Road",Bhopal,Madhya Pradesh,476408,A+,,Aadhaar,372510515943,True,2026-07-04T06:08:37.946738,2026-07-04T06:08:37.946738
5afc917b-90ac-43f0-a220-4bb7a2af8ce0,Ranjit,Dey,Male,25,Married,8416235787,"809, River Side",Kolkata,West Bengal,731877,O+,Labourer,Aadhaar,684279042025,True,2026-07-04T06:08:37.946738,2026-07-04T06:08:37.946738
688adca4-9d48-4e1d-aab0-60cf6bf8df17,Bijoy,Pradhan,Male,12,Single,6566299074,"712, MG Road",Bhubaneswar,Odisha,760853,O+,,Aadhaar,499301555490,True,2026-07-04T06:08:37.946738,2026-07-04T06:08:37.946738
3db1847c-0ad2-410e-a5bd-8f236e4920ea,Janaki,Reddiar,Female,56,Single,6858215962,"18, Green Park",Thiruvananthapuram,Kerala,680264,B+,Clerk,Aadhaar,122494686092,True,2026-07-04T06:08:37.946738,2026-07-04T06:08:37.946738
d361e502-eaa8-4b21-8317-900b9e8b44b7,Bhavani,Chetty,Female,87,Divorced,6654059992,"703, Temple Road",Chennai,Tamil Nadu,607870,B+,Retired,Aadhaar,375813978401,True,2026-07-04T06:08:37.946738,2026-07-04T06:08:37.946738
f49531c0-113d-45f6-a95b-ae40384e479e,Madhavi,Kalra,Female,61,Single,8930816115,"352, Lake View",Sagar,Madhya Pradesh,465769,O+,Clerk,Aadhaar,871650425865,True,2026-07-04T06:08:37.946738,2026-07-04T06:08:37.946738
0f210481-5812-4b6a-9497-f32b82f76fd9,Indira,Nair,Female,38,Widowed,7411665049,"571, Hill Colony",Tiruchirappalli,Tamil Nadu,615729,AB+,Potter,Aadhaar,896461537195,True,2026-07-04T06:08:37.946738,2026-07-04T06:08:37.946738
6dd5b758-6440-4ab8-a5ce-8a14d5ec7b5a,Bipul,Imchen,Male,62,Single,7638958470,"81, Hill Colony",Guwahati,Assam,781729,B+,Electrician,Aadhaar,229251868590,True,2026-07-04T06:08:37.946738,2026-07-04T06:08:37.946738
91bd7c95-198a-442b-93a4-6b4986ae81c3,Goutam,Lodha,Male,5,Single,8442895267,"466, Sector 12",Kalyan,Maharashtra,406914,B+,Plumber,Aadhaar,106564705820,True,2026-07-04T06:08:37.946738,2026-07-04T06:08:37.946738
9e8ef633-3ff8-4856-b029-32908dd23014,Mahesh,Sarkar,Male,5,Single,6396660396,"845, Hill Colony",Muzaffarpur,Bihar,838586,O+,Engineer,Aadhaar,949489647537,True,2026-07-04T06:08:37.946738,2026-07-04T06:08:37.946738
dc10b5b3-1737-42d6-a477-5480fc8451fa,Yashpal,Lodha,Male,53,Single,8409869295,"256, Market Yard",Mumbai,Maharashtra,427559,O-,Engineer,Aadhaar,915698959822,True,2026-07-04T06:08:37.946738,2026-07-04T06:08:37.946738
3e1d930f-4db4-45a3-928e-0a1800248b99,Hema,Hegde,Female,36,Single,9452503704,"636, Market Yard",Visakhapatnam,Andhra Pradesh,525144,B+,Priest,Aadhaar,418275404829,True,2026-07-04T06:08:37.946738,2026-07-04T06:08:37.946738
ee652f98-8a1e-42e9-a873-382c9a290843,Poonam,Gill,Female,54,Single,7660677473,"910, Shivaji Nagar",Prayagraj,Uttar Pradesh,250267,O+,Electrician,Aadhaar,958148567714,True,2026-07-04T06:08:37.946738,2026-07-04T06:08:37.946738
1300866e-771c-47f0-96cb-45f60e7bb177,Manjusha,Dave,Female,11,Single,7882442860,"735, Market Yard",Vadodara,Gujarat,389689,A+,Plumber,Aadhaar,866326656569,True,2026-07-04T06:08:37.946738,2026-07-04T06:08:37.946738
fe06d467-bc84-45fe-b95b-e2e988001e8e,Gargi,Nambiar,Female,69,Divorced,8744742429,"931, Market Yard",Coimbatore,Tamil Nadu,632142,B+,Carpenter,Aadhaar,656742260297,True,2026-07-04T06:08:37.946738,2026-07-04T06:08:37.946738
fec0445f-9e10-463b-ad0d-0e77f8e72045,Arun,Bhatt,Male,25,Single,9352331764,"858, Civil Lines",Delhi,Delhi,110073,O+,Shopkeeper,Aadhaar,834124135829,True,2026-07-04T06:08:37.946738,2026-07-04T06:08:37.946738
0c796324-e563-42eb-a6ed-899c9a5ac363,Shanmugam,Acharya,Male,41,Widowed,8532330333,"4, Church Street",Vijayawada,Andhra Pradesh,520093,O+,Housewife,Aadhaar,337290692938,True,2026-07-04T06:08:37.946738,2026-07-04T06:08:37.946738
30fd27fe-e478-410b-8c71-81daf3eda749,Yashpal,Saxena,Male,32,Married,7866922359,"795, Station Road",Bhopal,Madhya Pradesh,472710,O+,Electrician,Aadhaar,339472766982,True,2026-07-04T06:08:37.946738,2026-07-04T06:08:37.946738
2ccb0305-9dac-4e2b-bf5e-4c55ef93b0be,Nikhil,Chokshi,Male,42,Married,6548214060,"131, Model Town",Ahmedabad,Gujarat,365447,O+,Potter,Aadhaar,188582210332,True,2026-07-04T06:08:37.946738,2026-07-04T06:08:37.946738
2632224b-8704-4938-9145-07ac61767d62,Indira,Namboothiri,Female,55,Divorced,6220046975,"721, Market Yard",Gulbarga,Karnataka,584723,A+,Plumber,Aadhaar,743509479354,True,2026-07-04T06:08:37.946738,2026-07-04T06:08:37.946738
618a4005-81ad-4e7c-860e-3f11a1d53ac0,Swati,Rao,Female,20,Single,9251694103,"647, Temple Road",Kolhapur,Maharashtra,429829,,Homemaker,Aadhaar,832548089489,True,2026-07-04T06:08:37.946738,2026-07-04T06:08:37.946738
1012c4f9-4ee1-4be4-a6ee-e20f783f7c76,Neha,Bhalla,Female,68,Divorced,9166427603,"65, New Colony",Gurugram,Haryana,122256,B+,,Aadhaar,468448216605,True,2026-07-04T06:08:37.946738,2026-07-04T06:08:37.946738
2c6c31aa-c92f-4b91-8ee7-827b6766d6b4,Temjen,Agarwal,Male,6,Single,7184578478,"249, Ambedkar Marg",Agra,Uttar Pradesh,273779,B+,,Aadhaar,443248805515,True,2026-07-04T06:08:37.946738,2026-07-04T06:08:37.946738
804be807-fb81-4d70-97fe-136e8967bd37,Krupa,Oswal,Female,66,Widowed,6399386740,"418, Church Street",Mumbai,Maharashtra,423870,O+,Student,Aadhaar,327029302086,True,2026-07-04T06:08:37.946738,2026-07-04T06:08:37.946738
e0db8637-b641-4fbe-bbfc-0daf9f0ad8ef,Deepa,Panicker,Female,9,Single,9307646042,"25, Model Town",Tiruchirappalli,Tamil Nadu,625025,O+,Weaver,Aadhaar,466788560496,True,2026-07-04T06:08:37.946738,2026-07-04T06:08:37.946738
ef021884-24e2-4f6c-bc46-644308e04c44,Rohit,Iyer,Male,69,Married,6543692921,"375, Civil Lines",Gurugram,Haryana,127515,,Retired,Aadhaar,570785669333,True,2026-07-04T06:08:37.946738,2026-07-04T06:08:37.946738
f87f229b-0837-43f7-970f-789f33f9c44e,Jayanthi,Gowda,Female,38,Widowed,8687935209,"959, College Road",Hyderabad,Telangana,504501,A+,Driver,Aadhaar,129709902416,True,2026-07-04T06:08:37.946738,2026-07-04T06:08:37.946738
2b29434e-e43e-4e38-8118-cb63968d6dd9,Pradeep,Bhandari,Male,20,Single,6506537324,"961, Model Town",Raipur,Chhattisgarh,494904,O+,Priest,Aadhaar,208937508323,True,2026-07-04T06:08:37.946738,2026-07-04T06:08:37.946738
c1a387c4-fb85-4e81-aa50-69b69e144e84,Sadanand,More,Male,25,Single,9922403731,"977, Sector 12",Mumbai,Maharashtra,415436,B-,Electrician,Aadhaar,773162612839,True,2026-07-04T06:08:37.946738,2026-07-04T06:08:37.946738
aa051384-acd8-4656-9b71-173a929c6270,Mangesh,Shroff,Male,5,Single,7356769590,"581, Shivaji Nagar",Jaipur,Rajasthan,344177,O+,Retired,Aadhaar,246973905236,True,2026-07-04T06:08:37.946738,2026-07-04T06:08:37.946738
d8c91963-aca6-499a-9aa1-5e05acabe879,Pushpa,Venkataraman,Female,46,Married,7648534693,"788, Model Town",Madurai,Tamil Nadu,600171,AB+,Labourer,Aadhaar,663124650172,True,2026-07-04T06:08:37.946738,2026-07-04T06:08:37.946738
9e2a853a-5e1f-44ce-b08d-9a49184d8283,Ramesh,Kalra,Male,80,Married,9583339550,"410, Ambedkar Marg",Jalandhar,Punjab,158779,B+,Engineer,Aadhaar,770618963454,True,2026-07-04T06:08:37.946738,2026-07-04T06:08:37.946738
5b975e7e-acbe-489e-accb-22d4e820d2d4,Ganesh,Modi,Male,85,Single,6500872131,"254, Church Street",Solapur,Maharashtra,428297,O+,Tailor,Aadhaar,442387737080,True,2026-07-04T06:08:37.946738,2026-07-04T06:08:37.946738
719cd58c-0590-4c13-98a5-951ecc5488d2,Sunita,Tiwari,Female,39,Widowed,9814175205,"509, Gandhi Chowk",Kanpur,Uttar Pradesh,257245,B+,Homemaker,Aadhaar,688743465597,True,2026-07-04T06:08:37.946738,2026-07-04T06:08:37.946738
90079120-05ab-4fc1-90c2-51969179754b,Murugan,Warrier,Male,27,Single,9104196741,"218, Lake View",Mysore,Karnataka,574135,A+,Weaver,Aadhaar,825383586565,True,2026-07-04T06:08:37.946738,2026-07-04T06:08:37.946738
94594524-16eb-42ec-a972-021a6f599acd,Ipsita,Shetty,Female,7,Single,9314696372,"464, Hill Colony",Bhubaneswar,Odisha,758040,B+,Student,Aadhaar,422569343030,True,2026-07-04T06:08:37.946738,2026-07-04T06:08:37.946738
d577a609-7dae-4c56-809a-33d62df487bc,Trishna,Iyer,Female,72,Widowed,8599930516,"290, Gandhi Chowk",Puducherry,Puducherry,605454,B+,Government Employee,Aadhaar,603989435385,True,2026-07-04T06:08:37.946738,2026-07-04T06:08:37.946738
23b5bcf9-8ac0-4703-8f59-cb96df2c0537,Usha,Aggarwal,Female,10,Single,7778668277,"132, Sector 12",Raipur,Chhattisgarh,492449,A+,Potter,Aadhaar,511143770504,True,2026-07-04T06:08:37.946738,2026-07-04T06:08:37.946738
35c05666-8add-4f54-ba07-0e0dd06a0a3f,Kailash Bora,Bafna,Male,40,Divorced,8968769319,"271, Green Park",Jaipur,Rajasthan,309932,A+,Fisherman,Aadhaar,131999524274,True,2026-07-04T06:08:37.946738,2026-07-04T06:08:37.946738
6b556baf-ea5a-460b-9866-bfbfeb2626b7,Swathi,Shah,Female,15,Single,8309583002,"676, Market Yard",Visakhapatnam,Andhra Pradesh,529535,A-,Shopkeeper,Aadhaar,282432709715,True,2026-07-04T06:08:37.946738,2026-07-04T06:08:37.946738
22b43c03-9ce7-4dbb-a748-4aa7733faefa,Heena,Nanda,Female,37,Single,6446519770,"770, College Road",Ahmedabad,Gujarat,396015,O+,Accountant,Aadhaar,291163475108,True,2026-07-04T06:08:37.946738,2026-07-04T06:08:37.946738
249c17e0-a788-4880-9611-a70f24c92f5a,Kuldeep,Desai,Male,35,Single,8289983561,"642, Ambedkar Marg",Varanasi,Uttar Pradesh,201513,B+,Government Employee,Aadhaar,796624497435,True,2026-07-04T06:08:37.946738,2026-07-04T06:08:37.946738
0b4bcd32-9d64-45e8-969c-0700330e1015,Shweta,Aggarwal,Female,26,Single,6279879704,"323, Gandhi Chowk",Korba,Chhattisgarh,490187,O+,Student,Aadhaar,716747360813,True,2026-07-04T06:08:37.946738,2026-07-04T06:08:37.946738
b3ba7b47-8cb3-4ba0-8158-e4fd9c139fa5,Tapan Baruah,Pandya,Male,64,Widowed,7281288445,"442, Nehru Nagar",Kolkata,West Bengal,715207,O+,Teacher,Aadhaar,816639682834,True,2026-07-04T06:08:37.946738,2026-07-04T06:08:37.946738
ab4913b2-ded9-424a-8630-4c6c6622342c,Hema,Rao,Female,8,Single,8152852818,"918, Temple Road",Hyderabad,Telangana,508882,O+,Farmer,Aadhaar,974292312785,True,2026-07-04T06:08:37.946738,2026-07-04T06:08:37.946738
c5fc7c86-5d58-484a-ab24-9021d342e4a7,Doyel,Dubey,Female,5,Single,7793762371,"881, Lake View",Kolkata,West Bengal,727306,AB+,Farmer,Aadhaar,785405399592,True,2026-07-04T06:08:37.946738,2026-07-04T06:08:37.946738
07e7331b-fe2b-444a-8141-b60b69c985bb,Gurmeet Kaur,Aggarwal,Female,19,Single,6352017975,"416, Ring Road",Haridwar,Uttarakhand,260411,A+,Business,Aadhaar,841370059316,True,2026-07-04T06:08:37.946738,2026-07-04T06:08:37.946738
6c764aa6-975d-4836-b025-02eb4fef63e5,Kuldeep,Yadav,Male,14,Single,8916122594,"235, Shivaji Nagar",Moradabad,Uttar Pradesh,274974,AB+,Accountant,Aadhaar,789026091122,True,2026-07-04T06:08:37.946738,2026-07-04T06:08:37.946738
38b9dea5-4041-4df0-9970-602807d7bc54,Savita,Chopra,Female,17,Single,8962427380,"497, Gandhi Chowk",Faridabad,Haryana,133905,B+,Priest,Aadhaar,611292093003,True,2026-07-04T06:08:37.946738,2026-07-04T06:08:37.946738
b8241fb4-3bff-4580-804d-411f7c20d0d5,Vishal,Kadam,Male,5,Single,8770091891,"153, Ambedkar Marg",Kota,Rajasthan,341994,AB+,,Aadhaar,926087176418,True,2026-07-04T06:08:37.946738,2026-07-04T06:08:37.946738
b7889060-b2bf-4fba-a80b-3652a11050f2,Nagarajan,Naidu,Male,43,Widowed,7681936279,"478, Nehru Nagar",Salem,Tamil Nadu,624602,O+,Business,Aadhaar,228841844250,True,2026-07-04T06:08:37.946738,2026-07-04T06:08:37.946738
1dffeffc-6c0f-4e23-812e-82e6bd422600,Sudip,Pradhan,Male,53,Married,7878686034,"728, Temple Road",Kolkata,West Bengal,721316,A+,Electrician,Aadhaar,818951393642,True,2026-07-04T06:08:37.946738,2026-07-04T06:08:37.946738
46547a25-7843-4b0d-ac69-8c593d9318d2,Vani,Krishnan,Female,39,Married,6851560087,"96, River Side",Visakhapatnam,Andhra Pradesh,532919,O+,,Aadhaar,372343270727,True,2026-07-04T06:08:37.946738,2026-07-04T06:08:37.946738
d83d00c6-5b66-473e-af72-891c8b6b100a,Ketan,Dave,Male,58,Widowed,6815140896,"527, New Colony",Nagpur,Maharashtra,440985,B+,Software Engineer,Aadhaar,828658063240,True,2026-07-04T06:08:37.946738,2026-07-04T06:08:37.946738
59e023da-a091-449c-ba8b-ad6f8530836e,Dipa,Choudhury,Female,12,Single,9721814231,"572, Nehru Nagar",Durgapur,West Bengal,742039,AB+,Homemaker,Aadhaar,325891571022,True,2026-07-04T06:08:37.946738,2026-07-04T06:08:37.946738
9db532d1-f65b-4955-bcb0-6a5b25991c85,Vikram,Kumar,Male,19,Single,6106164083,"427, River Side",Srinagar,Jammu and Kashmir,185340,B+,Homemaker,Aadhaar,307085909523,True,2026-07-04T06:08:37.946738,2026-07-04T06:08:37.946738
f4cb46f1-fc28-487f-b5b5-99079590f99a,Ravi,Rawat,Male,27,Married,9472572241,"3, Old Bazaar",Ghaziabad,Uttar Pradesh,274915,A+,Priest,Aadhaar,122669220291,True,2026-07-04T06:08:37.946738,2026-07-04T06:08:37.946738
216f1908-ae40-4d13-8cc3-b67d28832cc9,Gurpreet,Bedi,Male,25,Married,6963829882,"824, Old Bazaar",Gurugram,Haryana,130918,O+,Accountant,Aadhaar,895492968419,True,2026-07-04T06:08:37.946738,2026-07-04T06:08:37.946738
ab3acaa5-30e1-4c04-a569-bac94a1a7765,Sujatha,Reddy,Female,20,Single,8884701926,"446, Temple Road",Mysore,Karnataka,584017,A+,Software Engineer,Aadhaar,218154736645,True,2026-07-04T06:08:37.946738,2026-07-04T06:08:37.946738
0b1b6235-0def-4a5e-a3b8-5722703e5522,Bimal,Nayak,Male,33,Divorced,7288803020,"61, Gandhi Chowk",Patna,Bihar,839206,B+,,Aadhaar,953098572091,True,2026-07-04T06:08:37.946738,2026-07-04T06:08:37.946738
af6a790c-3724-4212-94a9-ab310eafe7fb,Jignesh,Ganapathy,Male,28,Married,6794521287,"759, New Colony",Hyderabad,Telangana,501906,O+,Nurse,Aadhaar,697410065346,True,2026-07-04T06:08:37.946738,2026-07-04T06:08:37.946738
9e9b8cbf-504a-4fc5-be21-5746b62712d6,Sivakumar,Kurup,Male,29,Married,6372687985,"891, Shivaji Nagar",Nellore,Andhra Pradesh,526312,B+,Driver,Aadhaar,470155853026,True,2026-07-04T06:08:37.946738,2026-07-04T06:08:37.946738
e62e8828-ce94-4254-8e6b-3f324abf7674,Vaidehi,Ramanathan,Female,29,Married,9168468682,"261, River Side",Hubli,Karnataka,587977,,Engineer,Aadhaar,875925588615,True,2026-07-04T06:08:37.946738,2026-07-04T06:08:37.946738
9354bc06-dce9-4445-8ed1-06776d5804d9,Divya,Kalra,Female,65,Divorced,7797036202,"762, Church Street",Delhi,Delhi,110019,A+,Labourer,Aadhaar,777853561437,True,2026-07-04T06:08:37.946738,2026-07-04T06:08:37.946738
459fd855-4041-451b-a02c-73d919760812,Ratna,Dey,Female,81,Divorced,9621909833,"366, Shivaji Nagar",Dhanbad,Jharkhand,821414,B+,Labourer,Aadhaar,946009273613,True,2026-07-04T06:08:37.946738,2026-07-04T06:08:37.946738
76cd2ae9-e33c-469d-afd3-3d8f3c4b472d,Nirmala,Pillai,Female,35,Married,7397914225,"378, Nehru Nagar",Hyderabad,Telangana,507747,B+,Labourer,Aadhaar,979075041411,True,2026-07-04T06:08:37.946738,2026-07-04T06:08:37.946738
19418eab-948b-4f5e-9365-89d4ade3f5d3,Anjali,Grover,Female,6,Single,9283957069,"212, New Colony",Meerut,Uttar Pradesh,231007,B+,Farmer,Aadhaar,795773480201,True,2026-07-04T06:08:37.946738,2026-07-04T06:08:37.946738
0feef444-38b9-43a7-8752-da1338ff04ca,Varsha,Rathi,Female,30,Married,7460204306,"672, Sector 12",Nagpur,Maharashtra,408949,A+,Farmer,Aadhaar,239804794719,True,2026-07-04T06:08:37.946738,2026-07-04T06:08:37.946738
63cfc35d-efd4-4fcc-bdb4-baefc3eeb707,Sameer,Vora,Male,47,Single,6395720847,"850, Temple Road",Navi Mumbai,Maharashtra,430871,,Tailor,Aadhaar,950077511337,True,2026-07-04T06:08:37.946738,2026-07-04T06:08:37.946738
57cc083d-5d5a-4033-9e7a-ff3b62d04f2a,Krupa,Kadam,Female,6,Single,8545300601,"182, Hill Colony",Aurangabad,Maharashtra,430196,O+,Potter,Aadhaar,358715079208,True,2026-07-04T06:08:37.946738,2026-07-04T06:08:37.946738
6b9a837f-c9d4-447e-be35-0d6438371c4f,Nithya,Varma,Female,10,Single,9907102639,"65, Temple Road",Bangalore,Karnataka,572583,O+,,Aadhaar,246006325779,True,2026-07-04T06:08:37.946738,2026-07-04T06:08:37.946738
6364f864-a02a-41c1-8b8c-46671a03700b,Kuldeep,Sharma,Male,53,Married,7189851040,"852, Old Bazaar",Noida,Uttar Pradesh,245069,B+,Carpenter,Aadhaar,928092003020,True,2026-07-04T06:08:37.946738,2026-07-04T06:08:37.946738
6a42b0f1-2030-4a56-8bdf-b5bdf6aa8356,Puja,Trivedi,Female,13,Single,6603758499,"589, Gandhi Chowk",Noida,Uttar Pradesh,278712,AB+,Weaver,Aadhaar,502135638684,True,2026-07-04T06:08:37.946738,2026-07-04T06:08:37.946738
63b9e366-b9e8-4794-b787-a3d336620a95,Madhuri,Bhatt,Female,54,Divorced,9994733944,"106, Ambedkar Marg",Ludhiana,Punjab,155910,O+,Labourer,Aadhaar,857489593186,True,2026-07-04T06:08:37.946738,2026-07-04T06:08:37.946738
07385c31-bd38-447d-a413-63d4d8476fef,Usha,Neog,Female,12,Single,7106244067,"49, Shivaji Nagar",Lucknow,Uttar Pradesh,225238,O+,Labourer,Aadhaar,200717426791,True,2026-07-04T06:08:37.946738,2026-07-04T06:08:37.946738
52f6edc6-4772-4b45-a8ae-5c8bdc15138c,Puja,Anand,Female,18,Single,6970902960,"614, New Colony",Chandigarh,Chandigarh,160080,B+,Engineer,Aadhaar,247389242187,True,2026-07-04T06:08:37.946738,2026-07-04T06:08:37.946738
2e9f62b6-c98b-4ed6-8d4d-ef6bc48ab56a,Bipul,Panicker,Male,64,Divorced,9777052273,"263, Shivaji Nagar",Vijayawada,Andhra Pradesh,516556,B+,Doctor,Aadhaar,645862135123,True,2026-07-04T06:08:37.946738,2026-07-04T06:08:37.946738
9f6564b3-770f-4303-a2e0-626851fe7349,Vivek,Singh,Male,14,Single,8299651109,"664, Nehru Nagar",Faridabad,Haryana,126101,B+,Nurse,Aadhaar,879109232820,True,2026-07-04T06:08:37.946738,2026-07-04T06:08:37.946738
3aac489b-4320-4d1f-ba36-6c2723e0c476,Amandeep Kaur,Dubey,Female,24,Single,9929485834,"723, Lake View",Ghaziabad,Uttar Pradesh,231160,A+,Fisherman,Aadhaar,474377372522,True,2026-07-04T06:08:37.946738,2026-07-04T06:08:37.946738
8bcef71c-2a7d-464f-b67a-d377cbc72641,Rahul,Gandhi,Male,23,Divorced,8596767959,"485, Temple Road",Nagpur,Maharashtra,420609,O+,Homemaker,Aadhaar,725150223899,True,2026-07-04T06:08:37.946738,2026-07-04T06:08:37.946738
c23e928f-5dcf-47f7-937a-e209752dba57,Vaibhav,Sawant,Male,16,Single,8587024883,"268, River Side",Akola,Maharashtra,444593,B-,Engineer,Aadhaar,661468486597,True,2026-07-04T06:08:37.946738,2026-07-04T06:08:37.946738
c0f9bcfd-197b-495b-9ce6-15c5164c92a3,Anjali,Trivedi,Female,26,Widowed,8781132518,"587, Ring Road",Korba,Chhattisgarh,492281,B+,Shopkeeper,Aadhaar,488803019704,True,2026-07-04T06:08:37.946738,2026-07-04T06:08:37.946738
2213cc4c-f7a7-4ebc-9bf5-34e90dcb95dc,Chaitali,Majumdar,Female,59,Single,6775728454,"377, Market Yard",Patna,Bihar,809205,B+,Government Employee,Aadhaar,163212901423,True,2026-07-04T06:08:37.946738,2026-07-04T06:08:37.946738
a2730d16-4701-4868-b501-4cf1de0dc913,Geeta,Bafna,Female,24,Divorced,8812025827,"407, Ambedkar Marg",Gurugram,Haryana,133552,O+,Clerk,Aadhaar,913324722968,True,2026-07-04T06:08:37.946738,2026-07-04T06:08:37.946738
651fa0b4-d45b-4168-8b8f-583ceef1f958,Gurpreet,Sharma,Male,46,Divorced,9573949708,"654, Model Town",Ludhiana,Punjab,141976,O-,Tailor,Aadhaar,772641422934,True,2026-07-04T06:08:37.946738,2026-07-04T06:08:37.946738
d0bd3ab9-df5e-4dea-87da-6f0a3acd10f8,Kalpesh,Bhosale,Male,37,Married,6916863242,"676, River Side",Akola,Maharashtra,412472,B+,Carpenter,Aadhaar,658705902176,True,2026-07-04T06:08:37.946738,2026-07-04T06:08:37.946738
77ad08d7-5cc9-4cd1-9aad-ac4a69f22351,Satyajit,Biswas,Male,45,Widowed,6490033055,"38, Temple Road",Cuttack,Odisha,767694,O+,Engineer,Aadhaar,603082886706,True,2026-07-04T06:08:37.946738,2026-07-04T06:08:37.946738
d12ba8a2-87c5-4725-9539-11da1428d388,Anitha,Sarkar,Female,88,Divorced,7432603810,"236, Lake View",Thiruvananthapuram,Kerala,674035,O-,Clerk,Aadhaar,191701447841,True,2026-07-04T06:08:37.946738,2026-07-04T06:08:37.946738
31874042-f8c7-4579-abbc-d9dce58625fb,Vaishali,Shroff,Female,28,Single,7684216095,"268, Old Bazaar",Jodhpur,Rajasthan,322256,O+,Engineer,Aadhaar,250934943621,True,2026-07-04T06:08:37.946738,2026-07-04T06:08:37.946738
60012b3d-f0da-4b02-94f2-75e5ff93d559,Kiran,Singh,Male,84,Widowed,7160036923,"567, River Side",Amritsar,Punjab,157053,B+,Software Engineer,Aadhaar,264004755900,True,2026-07-04T06:08:37.946738,2026-07-04T06:08:37.946738
ea2384fe-16a0-418b-8235-3d493225b9da,Ranjit,Chokshi,Male,84,Divorced,6980586661,"818, Temple Road",Pune,Maharashtra,434767,O+,Accountant,Aadhaar,549715244812,True,2026-07-04T06:08:37.946738,2026-07-04T06:08:37.946738
db08b8c7-f19a-4cbd-9e91-72b92c91882a,Pushpa,Behera,Female,45,Single,8841744623,"873, Ring Road",Mysore,Karnataka,579017,B+,Carpenter,Aadhaar,750043464129,True,2026-07-04T06:08:37.946738,2026-07-04T06:08:37.946738
4f994b84-e963-4e20-aa18-15a1c148c00d,Nitin,Srivastava,Male,8,Single,8338099559,"259, Model Town",Meerut,Uttar Pradesh,257578,A+,Software Engineer,Aadhaar,568415728808,True,2026-07-04T06:08:37.946738,2026-07-04T06:08:37.946738
963e2f4f-c2cc-4947-b8e7-2a62e498bdc8,Anita,Bhandari,Female,69,Single,7228334821,"76, New Colony",Bhopal,Madhya Pradesh,467064,AB+,Potter,Aadhaar,117955293931,True,2026-07-04T06:08:37.946738,2026-07-04T06:08:37.946738
937d685e-ca41-4f30-939f-66947aae98d3,Janaki,Ramanathan,Female,80,Widowed,6265496486,"397, New Colony",Tirunelveli,Tamil Nadu,618688,,Plumber,Aadhaar,532620321661,True,2026-07-04T06:08:37.946738,2026-07-04T06:08:37.946738
55d4a0b4-bb35-492a-ae8b-deb233782ec7,Dinesh Kumar,Gowda,Male,13,Single,9516762907,"518, River Side",Hyderabad,Telangana,508658,,Priest,Aadhaar,945853427126,True,2026-07-04T06:08:37.946738,2026-07-04T06:08:37.946738
f95695e4-4128-474d-888e-74a0b09683e4,Nikhil,Bhosale,Male,19,Single,9210829909,"972, Sector 12",Surat,Gujarat,366266,B+,Labourer,Aadhaar,602587887656,True,2026-07-04T06:08:37.946738,2026-07-04T06:08:37.946738
d91ef741-757a-423c-ac4d-aa72c5e568a8,Satpal,Dubey,Male,17,Single,8963181303,"806, MG Road",Ahmedabad,Gujarat,389003,B+,Homemaker,Aadhaar,905193349903,True,2026-07-04T06:08:37.946738,2026-07-04T06:08:37.946738
2e284b44-3142-424d-a94b-204faa5f012a,Santosh,Gupta,Male,20,Single,8384796634,"175, Ring Road",Gurugram,Haryana,130112,A+,,Aadhaar,942263486225,True,2026-07-04T06:08:37.946738,2026-07-04T06:08:37.946738
a0d44752-15ae-464e-8e63-8d4b94b854ad,Aparna,Dave,Female,5,Single,8943829755,"80, Old Bazaar",Ahmedabad,Gujarat,386253,B+,Business,Aadhaar,812685458905,True,2026-07-04T06:08:37.946738,2026-07-04T06:08:37.946738
cf60d133-5705-466c-bb3a-fba9550b483b,Prabhakaran,Venkataraman,Male,45,Married,8850297975,"490, Temple Road",Kurnool,Andhra Pradesh,522722,O+,Weaver,Aadhaar,441801183185,True,2026-07-04T06:08:37.946738,2026-07-04T06:08:37.946738
abe29e44-a051-4914-ba43-b8ccb92b580c,Bandana,Sahoo,Female,39,Single,8248806058,"479, Temple Road",Patna,Bihar,832135,A+,Doctor,Aadhaar,955737923310,True,2026-07-04T06:08:37.946738,2026-07-04T06:08:37.946738
f75dbae5-811c-404e-a099-65d6af20e7d5,Vaidehi,Panicker,Female,31,Single,9208801606,"387, Ring Road",Bangalore,Karnataka,567752,B+,Weaver,Aadhaar,546493521162,True,2026-07-04T06:08:37.946738,2026-07-04T06:08:37.946738
8de061a5-08a3-44f3-8c8a-45400a480d22,Jyotsna,Nanda,Female,27,Divorced,8626874439,"561, Station Road",Jodhpur,Rajasthan,321612,B+,Fisherman,Aadhaar,457226551762,True,2026-07-04T06:08:37.946738,2026-07-04T06:08:37.946738
9da137d6-7be2-44f6-a9a0-ad3ae69fd8fa,Surinder,Mishra,Male,55,Widowed,6389760079,"79, Nehru Nagar",Delhi,Delhi,110011,O+,Engineer,Aadhaar,438496019820,True,2026-07-04T06:08:37.946738,2026-07-04T06:08:37.946738
9fcbe922-e2d5-44a9-99e4-1e288df0de79,Kavitha,Subramaniam,Female,40,Single,7936129399,"513, Nehru Nagar",Bangalore,Karnataka,566099,A+,Driver,Aadhaar,269818817466,True,2026-07-04T06:08:37.946738,2026-07-04T06:08:37.946738
8906409b-04cc-440a-8e46-5db657cf5c75,Debjani,Chatterjee,Female,25,Single,9655553367,"660, Church Street",Durgapur,West Bengal,729401,O+,Weaver,Aadhaar,402065356077,True,2026-07-04T06:08:37.946738,2026-07-04T06:08:37.946738
b34bc715-032d-4268-99ce-bc285490d3e3,Amitava,Malhotra,Male,45,Divorced,9568551840,"622, Shivaji Nagar",Bilaspur,Chhattisgarh,497552,A+,Weaver,Aadhaar,265180630978,True,2026-07-04T06:08:37.946738,2026-07-04T06:08:37.946738
bd80301a-cc6a-4c49-95e3-e903738160d2,Dulal,Mukherjee,Male,46,Divorced,7323430652,"848, Ring Road",Gaya,Bihar,849474,A+,Software Engineer,Aadhaar,151064543082,True,2026-07-04T06:08:37.946738,2026-07-04T06:08:37.946738
b893d4e2-b6f7-4c13-885a-550344645265,Kumaresan,Vaidya,Male,38,Married,7698208045,"311, Sector 12",Junagadh,Gujarat,360127,AB+,Plumber,Aadhaar,244707024390,True,2026-07-04T06:08:37.946738,2026-07-04T06:08:37.946738
a94b05a6-bbc1-4df8-acd7-4cb081a730cb,Krupa,Salunkhe,Female,69,Divorced,6383440046,"294, Market Yard",Rajkot,Gujarat,381383,O+,Electrician,Aadhaar,538802798160,True,2026-07-04T06:08:37.946738,2026-07-04T06:08:37.946738
6245d5ec-7293-476b-bdde-01b668aa8042,Gautam,Panda,Male,33,Single,6833366426,"17, MG Road",Kolkata,West Bengal,741713,O+,Farmer,Aadhaar,905227865974,True,2026-07-04T06:08:37.946738,2026-07-04T06:08:37.946738
92c486d1-11c6-4003-9a3e-78617c81d9f7,Devendra,Dubey,Male,30,Single,6237206354,"527, Hill Colony",Indore,Madhya Pradesh,456783,,Driver,Aadhaar,339741980433,True,2026-07-04T06:08:37.946738,2026-07-04T06:08:37.946738
c92c016d-74e9-4ce5-893c-85b529d7f458,Mahesh,Pandey,Male,7,Single,8176669400,"921, Temple Road",Agra,Uttar Pradesh,208590,B+,Priest,Aadhaar,930020860083,True,2026-07-04T06:08:37.946738,2026-07-04T06:08:37.946738
2a9f3b93-9838-426e-858e-21b001f4e47d,Sujata,Amin,Female,47,Widowed,9909943814,"879, Temple Road",Vadodara,Gujarat,367830,B+,,Aadhaar,206116664246,True,2026-07-04T06:08:37.946738,2026-07-04T06:08:37.946738
efc60f35-5084-4943-adca-ffdaedfc6088,Yamini,Vora,Female,66,Single,6936598102,"267, Church Street",Thane,Maharashtra,443386,B+,Tailor,Aadhaar,132118092843,True,2026-07-04T06:08:37.946738,2026-07-04T06:08:37.946738
168bb85c-ec69-4e1a-9c5f-e0c0f60ed5d1,Jayanta,Bhattacharya,Male,90,Widowed,9315435658,"33, Model Town",Bhubaneswar,Odisha,767110,O+,Clerk,Aadhaar,334181625620,True,2026-07-04T06:08:37.946738,2026-07-04T06:08:37.946738
07fd2aee-6d00-43d5-8b4e-6167dece9932,Ratna,Banerjee,Female,57,Single,6786184920,"974, Market Yard",Kolkata,West Bengal,731950,O+,Carpenter,Aadhaar,502698082546,True,2026-07-04T06:08:37.946738,2026-07-04T06:08:37.946738
ca7c235e-3147-4d09-a723-0bcb595d3d3d,Yamuna,Kadam,Female,32,Single,8338781786,"514, Model Town",Jaipur,Rajasthan,333691,A+,Teacher,Aadhaar,896863175786,True,2026-07-04T06:08:37.946738,2026-07-04T06:08:37.946738
50cc7471-d8e4-4bc4-bfa4-138c99eb2804,Titli,Sanyal,Female,11,Single,9918257742,"108, New Colony",Patna,Bihar,811061,B+,Plumber,Aadhaar,846221084351,True,2026-07-04T06:08:37.946738,2026-07-04T06:08:37.946738
c1e586f8-ee41-4fc6-a4ff-33760eec8fed,Vijay Kumar,Lyngdoh,Male,37,Single,7381515817,"673, Shivaji Nagar",Hyderabad,Telangana,507448,O+,Tailor,Aadhaar,265126942794,True,2026-07-04T06:08:37.946738,2026-07-04T06:08:37.946738
d7aac0d2-3042-4709-a454-276be1c5eccd,Gurpreet,Chopra,Male,55,Widowed,9588200680,"471, Ring Road",Ghaziabad,Uttar Pradesh,263904,O+,Nurse,Aadhaar,384743855977,True,2026-07-04T06:08:37.946738,2026-07-04T06:08:37.946738
abba7254-943f-4cee-aa6d-0800f8de6706,Pranab,Panda,Male,26,Married,7119485713,"830, Station Road",Gaya,Bihar,818768,A-,Business,Aadhaar,901768965965,True,2026-07-04T06:08:37.946738,2026-07-04T06:08:37.946738
e65d176f-9161-4b4f-b9d6-b9851694a97d,Ramesh,Dutta,Male,8,Single,8858982980,"321, MG Road",Srinagar,Jammu and Kashmir,193254,O+,Teacher,Aadhaar,659332770756,True,2026-07-04T06:08:37.946738,2026-07-04T06:08:37.946738
57e68067-205e-4206-8815-d95ab6fed552,Ganesh,Kadam,Male,28,Married,7863653393,"585, Church Street",Thane,Maharashtra,401890,A+,Plumber,Aadhaar,700147135981,True,2026-07-04T06:08:37.946738,2026-07-04T06:08:37.946738
13b33900-e572-48d0-8307-3e359d39379f,Sudhir Ranjan,Roy,Male,40,Single,7995021017,"493, Lake View",Patna,Bihar,802556,B+,Plumber,Aadhaar,872240949904,True,2026-07-04T06:08:37.946738,2026-07-04T06:08:37.946738
4aa9fbb9-bf29-4c5a-955f-70c2d486b994,Manasi,Rathi,Female,35,Divorced,9311013194,"930, Nehru Nagar",Nashik,Maharashtra,414587,B+,Software Engineer,Aadhaar,931382946281,True,2026-07-04T06:08:37.946738,2026-07-04T06:08:37.946738
38598c12-9038-4887-ae9d-6c56e89201ce,Rutuja,Naik,Female,32,Widowed,8729862158,"66, Ambedkar Marg",Vadodara,Gujarat,395764,B+,Driver,Aadhaar,581751353589,True,2026-07-04T06:08:37.946738,2026-07-04T06:08:37.946738
5afbdf1e-9a90-44af-bd2c-f65ef92cc2d8,Murugan,Sidhu,Male,68,Divorced,7462348421,"516, Ring Road",Chennai,Tamil Nadu,611497,,Student,Aadhaar,301014969468,True,2026-07-04T06:08:37.946738,2026-07-04T06:08:37.946738
6036ee24-4670-4a08-ae1b-f0ab227abb74,Usha,Srivastava,Female,57,Divorced,7359183243,"71, Ambedkar Marg",Lucknow,Uttar Pradesh,235919,O+,Retired,Aadhaar,357112415442,True,2026-07-04T06:08:37.946738,2026-07-04T06:08:37.946738
5e9ca432-e276-4ded-9aba-34fd1de34e6a,Shanmugam,Nambiar,Male,30,Divorced,6801677802,"586, Lake View",Kollam,Kerala,692951,,Housewife,Aadhaar,463915881585,True,2026-07-04T06:08:37.946738,2026-07-04T06:08:37.946738
96bdf50d-df88-4883-af68-7d126e115173,Hema,Ramamurthy,Female,45,Divorced,9200769348,"438, Ring Road",Bangalore,Karnataka,584794,A-,Homemaker,Aadhaar,937919602891,True,2026-07-04T06:08:37.946738,2026-07-04T06:08:37.946738
97b5b6b0-7ad3-43e7-9f75-06f8d6c3f772,Pushpa,Ramamurthy,Female,15,Single,6191688055,"801, MG Road",Hyderabad,Telangana,500383,O+,Electrician,Aadhaar,670527582547,True,2026-07-04T06:08:37.946738,2026-07-04T06:08:37.946738
c439ae20-2674-4d76-9434-7c47395da36b,Rajinder,Singh,Male,19,Single,7296948441,"191, Old Bazaar",Meerut,Uttar Pradesh,208413,A+,Housewife,Aadhaar,266103799948,True,2026-07-04T06:08:37.946738,2026-07-04T06:08:37.946738
f147e9bc-94ce-4023-a30d-af5bed60f832,Ranganathan,Venkataraman,Male,69,Widowed,9272124761,"455, Lake View",Hyderabad,Telangana,508099,A+,Shopkeeper,Aadhaar,999529259958,True,2026-07-04T06:08:37.946738,2026-07-04T06:08:37.946738
ddf9e65e-761f-45a2-81e4-d561678ef1b8,Jyoti,Sodhi,Female,9,Single,8234934542,"889, MG Road",Bathinda,Punjab,152319,O+,Homemaker,Aadhaar,284119114402,True,2026-07-04T06:08:37.946738,2026-07-04T06:08:37.946738
9c1a9d86-47c2-4dd7-bc12-5ed55238fb4e,Vijayan,Shah,Male,13,Single,9655972547,"881, Green Park",Tirupati,Andhra Pradesh,533473,O+,Plumber,Aadhaar,337966287631,True,2026-07-04T06:08:37.946738,2026-07-04T06:08:37.946738
c21472e0-d5e0-4cf4-87cb-b834ccad49c7,Purabi,Bhattacharya,Female,78,Divorced,7283040488,"727, Old Bazaar",Ranchi,Jharkhand,816348,B+,Nurse,Aadhaar,950264453910,True,2026-07-04T06:08:37.946738,2026-07-04T06:08:37.946738
3cc8edd1-6981-4431-8a4a-de24e93ea365,Rajeshwari,Rajkhowa,Female,27,Married,6280150630,"364, Shivaji Nagar",Mysore,Karnataka,561913,O+,Teacher,Aadhaar,693004279381,True,2026-07-04T06:08:37.946738,2026-07-04T06:08:37.946738
65719869-fef1-4ce0-af7e-66653a3d9b25,Sadanand,Gandhi,Male,37,Divorced,9650907015,"212, MG Road",Ahmedabad,Gujarat,372632,B-,Homemaker,Aadhaar,774525486319,True,2026-07-04T06:08:37.946738,2026-07-04T06:08:37.946738
eaaf6747-2a4e-460c-a581-fc230f3f22a9,Bijoy,Rajkhowa,Male,26,Married,8891108447,"669, Ambedkar Marg",Bhubaneswar,Odisha,763478,B+,Doctor,Aadhaar,459974749273,True,2026-07-04T06:08:37.946738,2026-07-04T06:08:37.946738
68d0f58f-a06d-4c48-81de-3837dd5e1ea3,Tanmoy,Gill,Male,9,Single,8197910342,"929, River Side",Indore,Madhya Pradesh,467195,O+,Accountant,Aadhaar,480892270603,True,2026-07-04T06:08:37.946738,2026-07-04T06:08:37.946738
251639a1-b611-43da-bd29-6093b09f18ae,Harpreet,Dubey,Male,6,Single,9860029454,"834, New Colony",Lucknow,Uttar Pradesh,281898,B+,Driver,Aadhaar,824684025904,True,2026-07-04T06:08:37.946738,2026-07-04T06:08:37.946738
baaf1077-fd9f-4dd4-a8e5-8dc121b06e73,Pooja,Dubey,Female,70,Divorced,7500310980,"276, Ring Road",Gurugram,Haryana,132100,A+,Driver,Aadhaar,848386340016,True,2026-07-04T06:08:37.946738,2026-07-04T06:08:37.946738
0600f9f4-6904-4782-a82d-66dae7275844,Nagarajan,Nambiar,Male,17,Single,7355249212,"634, Temple Road",Tirupati,Andhra Pradesh,529475,B+,,Aadhaar,449798486063,True,2026-07-04T06:08:37.946738,2026-07-04T06:08:37.946738
317685ac-a1e6-4fa2-9783-75b0db052e01,Prabhakaran,Raman,Male,41,Married,6592832044,"214, Market Yard",Kozhikode,Kerala,693602,O+,Fisherman,Aadhaar,402323476436,True,2026-07-04T06:08:37.946738,2026-07-04T06:08:37.946738
4f9161e3-450d-4b4c-824c-17706f2b09c1,Rahul,Chavan,Male,10,Single,6756537060,"371, Temple Road",Aurangabad,Maharashtra,421816,O+,Fisherman,Aadhaar,428824433266,True,2026-07-04T06:08:37.946738,2026-07-04T06:08:37.946738
75be3f5f-2d14-4100-bece-149bee1b4406,Rajinder,Khanna,Male,17,Single,9136448759,"727, Shivaji Nagar",Jammu,Jammu and Kashmir,182210,A+,Clerk,Aadhaar,826201694274,True,2026-07-04T06:08:37.946738,2026-07-04T06:08:37.946738
8434ad70-d2f4-4b0d-8402-7c3d6bc4d924,Mahua,Choudhury,Female,73,Married,8678623617,"260, Temple Road",Patna,Bihar,802181,B+,Government Employee,Aadhaar,867384242651,True,2026-07-04T06:08:37.946738,2026-07-04T06:08:37.946738
7da4b74e-af99-41df-a6ab-064940292a7e,Nagarajan,Verma,Male,36,Widowed,8526322436,"206, Gandhi Chowk",Hyderabad,Telangana,504112,B+,Retired,Aadhaar,560332653191,True,2026-07-04T06:08:37.946738,2026-07-04T06:08:37.946738
70107b59-347f-485e-8911-1171df56bc2e,Vandana,Marak,Female,44,Single,9733986342,"616, Green Park",Gurugram,Haryana,129829,AB+,Nurse,Aadhaar,797996471398,True,2026-07-04T06:08:37.946738,2026-07-04T06:08:37.946738
33d49180-9b31-4c78-8c1d-2e4272bd1be6,Kuldeep,Malhotra,Male,16,Single,8857199890,"487, Model Town",Indore,Madhya Pradesh,461842,O+,Plumber,Aadhaar,449152379380,True,2026-07-04T06:08:37.946738,2026-07-04T06:08:37.946738
d8f0a764-fd72-4199-bdf0-966860819a3e,Kavya,Balakrishnan,Female,32,Widowed,7435074026,"554, Church Street",Bangalore,Karnataka,588241,B+,Fisherman,Aadhaar,875097312260,True,2026-07-04T06:08:37.946738,2026-07-04T06:08:37.946738
39ec0549-5f3f-4d04-9650-4e6c5f33d88c,Kamala,Gowda,Female,77,Divorced,9155046995,"936, Gandhi Chowk",Belgaum,Karnataka,590488,B+,Retired,Aadhaar,786148569061,True,2026-07-04T06:08:37.946738,2026-07-04T06:08:37.946738
c6baf0d9-44bd-4d32-8dad-0180a75b068a,Shantilal,Desai,Male,57,Widowed,8527398382,"244, Ambedkar Marg",Vadodara,Gujarat,387681,A+,Weaver,Aadhaar,538254471540,True,2026-07-04T06:08:37.946738,2026-07-04T06:08:37.946738
a2a9fe34-7064-4509-a268-54589926fb80,Jyotsna,Sekhon,Female,38,Single,7879199477,"822, Civil Lines",Bhopal,Madhya Pradesh,464860,B+,Labourer,Aadhaar,659572503299,True,2026-07-04T06:08:37.946738,2026-07-04T06:08:37.946738
c1b0ccfc-8466-48bc-96b4-75732d760477,Ritu,Bhalla,Female,53,Divorced,9445606846,"213, Sector 12",Rohtak,Haryana,129192,B+,Potter,Aadhaar,123911782715,True,2026-07-04T06:08:37.946738,2026-07-04T06:08:37.946738
24985ce5-b682-4fac-8791-da0c03834601,Rahul,Jadhav,Male,36,Divorced,9539534876,"870, Gandhi Chowk",Pune,Maharashtra,430573,B+,Plumber,Aadhaar,382592340177,True,2026-07-04T06:08:37.946738,2026-07-04T06:08:37.946738
b51cbe77-7269-42e1-b573-f80692342db4,Jayasree,Ganguly,Female,74,Widowed,6258611229,"885, New Colony",Lucknow,Uttar Pradesh,239667,AB+,Teacher,Aadhaar,246690870939,True,2026-07-04T06:08:37.946738,2026-07-04T06:08:37.946738
637c9f70-84c3-49e7-9d7a-5107727e0d1b,Dinesh Kumar,Oswal,Male,18,Single,6736022666,"476, Temple Road",Madurai,Tamil Nadu,625846,AB+,Shopkeeper,Aadhaar,966519623185,True,2026-07-04T06:08:37.946738,2026-07-04T06:08:37.946738
25b9bf51-8840-410e-ba2a-755a21eda5b2,Kalpesh,Mishra,Male,5,Single,9594958947,"773, Ring Road",Nashik,Maharashtra,420219,B+,Shopkeeper,Aadhaar,516226012013,True,2026-07-04T06:08:37.946738,2026-07-04T06:08:37.946738
5c3d5a61-3c85-4109-8df3-85ed3da49f10,Ashwini,Gaikwad,Female,30,Married,7320048846,"228, Ambedkar Marg",Jaipur,Rajasthan,321897,A+,Homemaker,Aadhaar,212412465890,True,2026-07-04T06:08:37.946738,2026-07-04T06:08:37.946738
29dd99e7-0ab4-4f95-bdf7-f37c3e851875,Radha,Warrier,Female,38,Widowed,9845957882,"394, Lake View",Bangalore,Karnataka,582456,B+,Housewife,Aadhaar,840683804647,True,2026-07-04T06:08:37.946738,2026-07-04T06:08:37.946738
52346e6e-07b5-4779-8dd1-bc81e61ceb58,Sailen,Sarma,Male,13,Single,9331335189,"909, Church Street",Agartala,Tripura,799188,AB+,Farmer,Aadhaar,821839622290,True,2026-07-04T06:08:37.946738,2026-07-04T06:08:37.946738
acd5fdb9-ca57-4c12-bb6e-70452b9dea43,Padmanabhan,Balakrishnan,Male,54,Widowed,7108107877,"86, River Side",Bangalore,Karnataka,572703,B+,,Aadhaar,496237307953,True,2026-07-04T06:08:37.946738,2026-07-04T06:08:37.946738
134f29d4-8b89-42d1-aec8-db4bbc4d7b83,Vijay Kumar,Kamath,Male,6,Single,9101765779,"647, Market Yard",Bangalore,Karnataka,562387,O+,,Aadhaar,173578890948,True,2026-07-04T06:08:37.946738,2026-07-04T06:08:37.946738
dee21c43-bf32-497d-b69b-4bc7e120684c,Diganta,Kachari,Male,5,Single,9479752563,"148, Gandhi Chowk",Kohima,Nagaland,797083,AB+,Accountant,Aadhaar,290265261320,True,2026-07-04T06:08:37.946738,2026-07-04T06:08:37.946738
b5d1522f-2965-41ff-8fe8-0dafd4cc2cc2,Ivy,Dubey,Female,21,Single,6901403679,"659, Old Bazaar",Bilaspur,Chhattisgarh,496610,O+,Tailor,Aadhaar,520314594945,True,2026-07-04T06:08:37.946738,2026-07-04T06:08:37.946738
9ad4a825-388e-4f4f-b22f-476f51763f35,Kajal,Desai,Female,54,Divorced,6994648954,"390, Sector 12",Nashik,Maharashtra,444534,B+,Weaver,Aadhaar,678784384288,True,2026-07-04T06:08:37.946738,2026-07-04T06:08:37.946738
aff3987c-8a2f-49d3-900c-681067d6943f,Lakshya,Brar,Male,44,Widowed,7158393479,"312, Market Yard",Dibrugarh,Assam,784958,O+,Housewife,Aadhaar,531415125047,True,2026-07-04T06:08:37.946738,2026-07-04T06:08:37.946738
789b2c79-c47c-4d00-8904-04c1513e3843,Natarajan,Chandran,Male,17,Single,8331919948,"572, Civil Lines",Hyderabad,Telangana,502556,A+,Student,Aadhaar,161578238335,True,2026-07-04T06:08:37.946738,2026-07-04T06:08:37.946738
4c956f9c-bdd2-48d8-a03d-92b2b8b67dd5,Payel,Kadam,Female,23,Married,6379247656,"918, College Road",Bhubaneswar,Odisha,759409,B+,Potter,Aadhaar,680889884998,True,2026-07-04T06:08:37.946738,2026-07-04T06:08:37.946738
3e75b769-aaf1-4322-931a-029e4e80b0f5,Rajinder,Sarkar,Male,84,Married,7727947370,"507, Ambedkar Marg",Darbhanga,Bihar,802859,A+,Farmer,Aadhaar,337384580345,True,2026-07-04T06:08:37.946738,2026-07-04T06:08:37.946738
42da2243-154c-4a5c-ae48-44242340ef71,Yashpal,Rawat,Male,54,Widowed,6812544456,"594, College Road",Delhi,Delhi,110090,O+,Electrician,Aadhaar,651491737354,True,2026-07-04T06:08:37.946738,2026-07-04T06:08:37.946738
c6a42c77-2918-4f2c-8c18-27e46db0fd91,Divya,Anand,Female,30,Single,9572279674,"400, Lake View",Raipur,Chhattisgarh,492881,B+,Nurse,Aadhaar,425928329177,True,2026-07-04T06:08:37.946738,2026-07-04T06:08:37.946738
85fdad3d-1545-48c6-81d4-7f2f1e1f6a9a,Sunita,Yadav,Female,42,Single,8240115229,"725, College Road",Shimla,Himachal Pradesh,174615,O+,Student,Aadhaar,199527650330,True,2026-07-04T06:08:37.946738,2026-07-04T06:08:37.946738
4d5d9cc6-f018-49e8-bb5a-d3abd5b0b01d,Devika,Subramaniam,Female,40,Divorced,6839861110,"295, Station Road",Kochi,Kerala,694469,O+,Labourer,Aadhaar,596063311468,True,2026-07-04T06:08:37.946738,2026-07-04T06:08:37.946738
caf41d4b-580c-4cd3-8fb1-5eef8435b118,Pravin,Bhosale,Male,19,Single,9257356799,"773, Civil Lines",Mumbai,Maharashtra,404456,AB+,Clerk,Aadhaar,614242127292,True,2026-07-04T06:08:37.946738,2026-07-04T06:08:37.946738
f99dee8b-8cc7-47d9-b17b-97f385db2941,Kiran,Ahluwalia,Male,72,Widowed,8646834129,"147, Market Yard",Bhopal,Madhya Pradesh,478253,AB-,Priest,Aadhaar,786801839924,True,2026-07-04T06:08:37.946738,2026-07-04T06:08:37.946738
911c4617-1516-41b4-9154-9f0481f4c01f,Manikandan,Acharya,Male,43,Divorced,8666423116,"954, Ambedkar Marg",Coimbatore,Tamil Nadu,617586,B+,Priest,Aadhaar,241150481293,True,2026-07-04T06:08:37.946738,2026-07-04T06:08:37.946738
d36c0688-1e31-4a11-95d3-2810e7d2ffea,Velmurugan,Sundaram,Male,26,Divorced,6206455125,"953, Church Street",Kozhikode,Kerala,695305,B+,Teacher,Aadhaar,986047515406,True,2026-07-04T06:08:37.946738,2026-07-04T06:08:37.946738
6a03532d-2c09-4638-9a29-4c8380526218,Manoj,Nanda,Male,34,Married,6623983898,"74, Lake View",Bhavnagar,Gujarat,388730,A+,Farmer,Aadhaar,304995490651,True,2026-07-04T06:08:37.946738,2026-07-04T06:08:37.946738
4f4ba23d-2292-4d16-96a0-1c28a7e93517,Deepali,Naik,Female,40,Single,6519131946,"50, Church Street",Ahmedabad,Gujarat,364533,A+,Potter,Aadhaar,771807880949,True,2026-07-04T06:08:37.946738,2026-07-04T06:08:37.946738
eb1ea277-764b-48cf-8f30-d57dad8d3015,Probin,Pillai,Male,17,Single,8862696954,"459, Gandhi Chowk",Chennai,Tamil Nadu,638141,A+,Carpenter,Aadhaar,875226960914,True,2026-07-04T06:08:37.946738,2026-07-04T06:08:37.946738
97e3550d-e67e-44fc-ae9a-cad5caee0e0d,Anil,Sodhi,Male,62,Widowed,7229308717,"961, Station Road",Delhi,Delhi,110031,A+,Housewife,Aadhaar,772199812003,True,2026-07-04T06:08:37.946738,2026-07-04T06:08:37.946738
7e0becb6-45bb-42b4-8f16-8c1731c9bce1,Gurpreet,Reddy,Male,48,Married,8524237335,"215, Gandhi Chowk",Chennai,Tamil Nadu,604663,B+,Fisherman,Aadhaar,813033980173,True,2026-07-04T06:08:37.946738,2026-07-04T06:08:37.946738
14569e53-aca0-4a84-b4cb-5b0f4151f982,Jignesh,Salunkhe,Male,28,Widowed,7217304262,"561, Ambedkar Marg",Jamnagar,Gujarat,374572,B-,Shopkeeper,Aadhaar,735357704584,True,2026-07-04T06:08:37.946738,2026-07-04T06:08:37.946738
0f2a6b3e-5fae-4459-a02b-a3d2322fe2bc,Manasi,Iyer,Female,58,Divorced,9372894941,"770, Green Park",Thane,Maharashtra,407181,B+,Retired,Aadhaar,746950655238,True,2026-07-04T06:08:37.946738,2026-07-04T06:08:37.946738
cbb50583-49e5-4512-8092-7cf0b6f98f0c,Krupa,Kelkar,Female,36,Widowed,6936124782,"480, Shivaji Nagar",Thane,Maharashtra,401478,A+,Accountant,Aadhaar,831633629701,True,2026-07-04T06:08:37.946738,2026-07-04T06:08:37.946738
4e8c3f48-57c3-4bb4-8990-cf9b00b22325,Vaidehi,Warrier,Female,17,Single,6239187162,"99, Hill Colony",Chennai,Tamil Nadu,603564,B+,Electrician,Aadhaar,590385790584,True,2026-07-04T06:08:37.946738,2026-07-04T06:08:37.946738
b63076f1-c20d-4951-8659-3edb3d18ee29,Ashok,Mishra,Male,49,Married,9572503551,"501, Ring Road",Aligarh,Uttar Pradesh,284975,O+,Farmer,Aadhaar,714036344059,True,2026-07-04T06:08:37.946738,2026-07-04T06:08:37.946738
aca73edd-a23a-4780-bb2d-7ef5ed178866,Baldev,Sidhu,Male,19,Single,8279399040,"340, Market Yard",Delhi,Delhi,110094,AB-,Student,Aadhaar,470390675639,True,2026-07-04T06:08:37.946738,2026-07-04T06:08:37.946738
39b084db-3a59-4491-961e-50e72fbc3e29,Girish,Panda,Male,42,Single,7273211067,"920, Old Bazaar",Lucknow,Uttar Pradesh,229987,O+,Student,Aadhaar,385383162293,True,2026-07-04T06:08:37.946738,2026-07-04T06:08:37.946738
412d19d1-0978-464b-b677-77a694277456,Jaspreet Kaur,Oswal,Female,8,Single,6464534603,"541, Green Park",Bhopal,Madhya Pradesh,482183,A+,Student,Aadhaar,850971952670,True,2026-07-04T06:08:37.946738,2026-07-04T06:08:37.946738
066eb6db-9969-4948-94e3-dc996e77a032,Amit,Yadav,Male,65,Widowed,7150718087,"193, Civil Lines",Srinagar,Jammu and Kashmir,191107,A+,Housewife,Aadhaar,491744813078,True,2026-07-04T06:08:37.946738,2026-07-04T06:08:37.946738
430b7d65-d1fe-47b3-a904-b995f0733f05,Bijoy,Mitra,Male,10,Single,9505423203,"426, River Side",Darbhanga,Bihar,818339,B+,Driver,Aadhaar,786038316455,True,2026-07-04T06:08:37.946738,2026-07-04T06:08:37.946738
e183ac4a-0c2e-49b0-bab6-c9933761b87d,Manisha,Rathore,Female,42,Widowed,8960405422,"323, Old Bazaar",Indore,Madhya Pradesh,466229,A+,Electrician,Aadhaar,737009134591,True,2026-07-04T06:08:37.946738,2026-07-04T06:08:37.946738
079f1de1-4c54-41eb-85bb-4773bd8cea12,Bharati,Dey,Female,8,Single,6526878364,"974, College Road",Bhubaneswar,Odisha,764109,O+,Student,Aadhaar,137840646501,True,2026-07-04T06:08:37.946738,2026-07-04T06:08:37.946738
e2bec65f-f35d-4138-9d97-97a09e0dee22,Rohit,Brar,Male,16,Single,9106111343,"775, Church Street",Noida,Uttar Pradesh,234968,B+,Carpenter,Aadhaar,571893665389,True,2026-07-04T06:08:37.946738,2026-07-04T06:08:37.946738
62224a8c-f47a-43dc-8a24-11cd2eaf9d9a,Ritu,Mahato,Female,87,Widowed,6591798762,"366, Civil Lines",Jabalpur,Madhya Pradesh,472835,O+,Government Employee,Aadhaar,282163434138,True,2026-07-04T06:08:37.946738,2026-07-04T06:08:37.946738
26f9c591-a152-4fcf-adea-ee1f15bc20d6,Bhavesh,Bhagat,Male,50,Single,7856937618,"976, Model Town",Aurangabad,Maharashtra,403455,B+,Electrician,Aadhaar,724239750192,True,2026-07-04T06:08:37.946738,2026-07-04T06:08:37.946738
814f7366-7762-43d7-a4f1-03b5d4cc1919,Swathi,Subramaniam,Female,86,Single,7930759343,"944, Ring Road",Guntur,Andhra Pradesh,523463,O+,Software Engineer,Aadhaar,905656190480,True,2026-07-04T06:08:37.946738,2026-07-04T06:08:37.946738
3b6af9a9-80e1-4210-8ac7-28f8e1fe19c2,Yogesh,Vaidya,Male,7,Single,7608351432,"979, Model Town",Ahmedabad,Gujarat,382207,B+,,Aadhaar,348826255697,True,2026-07-04T06:08:37.946738,2026-07-04T06:08:37.946738
c4d77a53-9aea-4143-8788-f2002a7beeed,Kuldeep,Bisht,Male,11,Single,8936064512,"840, Market Yard",Saharanpur,Uttar Pradesh,269705,A-,Tailor,Aadhaar,602525123316,True,2026-07-04T06:08:37.946738,2026-07-04T06:08:37.946738
8381cebe-30e9-4829-a1da-6031331d009e,Uday,Shukla,Male,87,Single,9908431917,"618, Green Park",Surat,Gujarat,365382,B+,,Aadhaar,474151362699,True,2026-07-04T06:08:37.946738,2026-07-04T06:08:37.946738
25e5cc3e-0ab2-4b62-826f-a2675560a54b,Rajesh,Bhandari,Male,42,Married,6725954004,"826, River Side",Varanasi,Uttar Pradesh,277424,O+,Homemaker,Aadhaar,822921942031,True,2026-07-04T06:08:37.946738,2026-07-04T06:08:37.946738
623b4b8a-c34b-403f-a318-36253d8edeb7,Subrata,Chakraborty,Male,69,Divorced,8130547696,"304, Church Street",Kolkata,West Bengal,705366,A-,Plumber,Aadhaar,984104610852,True,2026-07-04T06:08:37.946738,2026-07-04T06:08:37.946738
a82ccd09-b5ff-44b1-9ff5-02f4a2ac202f,Deepak,Bhandari,Male,6,Single,7193762983,"570, River Side",Gwalior,Madhya Pradesh,457641,O+,Software Engineer,Aadhaar,539182816331,True,2026-07-04T06:08:37.946738,2026-07-04T06:08:37.946738
ffae729d-c8e0-4c28-bafe-ed2dfa9355b4,Tanmoy,Sahoo,Male,7,Single,9291872594,"410, Civil Lines",Kolkata,West Bengal,706568,B+,,Aadhaar,578608892662,True,2026-07-04T06:08:37.946738,2026-07-04T06:08:37.946738
cb74689a-b16f-4fba-9ace-47111c7548e1,Dipa,Lahiri,Female,17,Single,6328626528,"330, Sector 12",Kolkata,West Bengal,703020,A+,Business,Aadhaar,274067466209,True,2026-07-04T06:08:37.946738,2026-07-04T06:08:37.946738
8a21ed32-bff5-4c31-96cf-1213ef01fd8b,Mrinal Kanti,Behera,Male,43,Divorced,6677374826,"736, College Road",Howrah,West Bengal,718520,B-,Weaver,Aadhaar,186654070902,True,2026-07-04T06:08:37.946738,2026-07-04T06:08:37.946738
da677cd4-bcbd-4712-92a4-0f14d4b08f9b,Rajendra,Desai,Male,35,Divorced,7598055711,"147, Civil Lines",Kolhapur,Maharashtra,421895,O+,Housewife,Aadhaar,366764221380,True,2026-07-04T06:08:37.946738,2026-07-04T06:08:37.946738
79652a5e-35dd-41bf-8f8e-ca50fca1973c,Kakoli,Gill,Female,16,Single,8634182368,"751, Church Street",Gurugram,Haryana,136013,O+,Teacher,Aadhaar,722996692610,True,2026-07-04T06:08:37.946738,2026-07-04T06:08:37.946738
3c508e1d-8307-4d9e-b08d-e8859d81f602,Nirali,Amin,Female,11,Single,8534787174,"740, Nehru Nagar",Jalgaon,Maharashtra,408021,B+,Driver,Aadhaar,554239707101,True,2026-07-04T06:08:37.946738,2026-07-04T06:08:37.946738
d37389ab-35ff-4744-8573-b5874eb0128b,Sonal,Sodhi,Female,34,Widowed,7758373257,"215, Nehru Nagar",Jammu,Jammu and Kashmir,183719,B+,Homemaker,Aadhaar,238334647575,True,2026-07-04T06:08:37.946738,2026-07-04T06:08:37.946738
f0dfa122-0b65-4f77-8a67-85ea1ad23139,Doyel,Sodhi,Female,23,Widowed,7894597859,"194, Temple Road",Meerut,Uttar Pradesh,271132,O+,Farmer,Aadhaar,187841161596,True,2026-07-04T06:08:37.946738,2026-07-04T06:08:37.946738
c735f965-a79b-4691-8fdb-da62b0253bd3,Harpreet Kaur,Bhalla,Female,33,Married,7142208979,"258, College Road",Faridabad,Haryana,126536,O+,Nurse,Aadhaar,523871883446,True,2026-07-04T06:08:37.946738,2026-07-04T06:08:37.946738
979331b6-8d9d-4940-a400-51e367e9b8d2,Rajesh Kanna,Chetty,Male,78,Single,7162403404,"928, Ring Road",Kochi,Kerala,694754,O+,Electrician,Aadhaar,703746698808,True,2026-07-04T06:08:37.946738,2026-07-04T06:08:37.946738
fbf5415d-475c-4aed-808f-96ba754a1321,Kiran,Verma,Male,23,Married,7348838503,"206, Old Bazaar",Amritsar,Punjab,154659,A+,Fisherman,Aadhaar,793612829365,True,2026-07-04T06:08:37.946738,2026-07-04T06:08:37.946738
0e4563c7-aabe-43d5-99c8-4e6c117648a1,Poonam,Goyal,Female,15,Single,7764740828,"159, MG Road",Kanpur,Uttar Pradesh,209904,O+,Fisherman,Aadhaar,623485201207,True,2026-07-04T06:08:37.946738,2026-07-04T06:08:37.946738
b202e923-6f5d-4965-ba2a-15ee4940633e,Amandeep Kaur,Bansal,Female,50,Married,6342505787,"619, Shivaji Nagar",Agra,Uttar Pradesh,271590,O+,Nurse,Aadhaar,442517821854,True,2026-07-04T06:08:37.946738,2026-07-04T06:08:37.946738
cf4494f7-39e3-403b-9245-917ee64f56c2,Vasant,Patel,Male,11,Single,6866928181,"702, Model Town",Vadodara,Gujarat,376368,B+,Nurse,Aadhaar,945022715925,True,2026-07-04T06:08:37.946738,2026-07-04T06:08:37.946738
96bf9f23-dfdc-4685-ad68-d366e6503b85,Jyotish,Lalrinawma,Male,29,Married,8491704004,"911, College Road",Silchar,Assam,781715,AB+,Accountant,Aadhaar,809147235062,True,2026-07-04T06:08:37.946738,2026-07-04T06:08:37.946738
a3a89023-90bb-4315-a781-33c793824070,Ajay,Aggarwal,Male,54,Single,7353354677,"66, New Colony",Delhi,Delhi,110063,A+,Driver,Aadhaar,330128282880,True,2026-07-04T06:08:37.946738,2026-07-04T06:08:37.946738
3c6499d7-4948-4249-bded-c2b4b2e73e01,Bipin Chandra,Kumar,Male,65,Married,9269983879,"236, Shivaji Nagar",Delhi,Delhi,110094,A+,Carpenter,Aadhaar,428555192646,True,2026-07-04T06:08:37.946738,2026-07-04T06:08:37.946738
469f1a9a-a7c2-44dd-9814-1c4c499f6016,Payal,Patel,Female,56,Single,8917818081,"963, Sector 12",Ahmedabad,Gujarat,376409,O+,Shopkeeper,Aadhaar,935792637144,True,2026-07-04T06:08:37.946738,2026-07-04T06:08:37.946738
b61ae821-c31a-4f4a-a3e4-a07fbd6c946f,Amandeep Kaur,Verma,Female,30,Single,7726804941,"134, Lake View",Noida,Uttar Pradesh,284910,O+,Engineer,Aadhaar,176934768340,True,2026-07-04T06:08:37.946738,2026-07-04T06:08:37.946738
0c4d3863-ba91-443c-895f-c2b6d8fbdba2,Tejinder,Dubey,Male,44,Single,8197394931,"29, Shivaji Nagar",Delhi,Delhi,110039,O+,Homemaker,Aadhaar,216837496328,True,2026-07-04T06:08:37.946738,2026-07-04T06:08:37.946738
95566e73-40ab-4ae8-9dec-7aef30f56aee,Pramod,Kumar,Male,51,Divorced,9945640649,"443, Hill Colony",Patiala,Punjab,160021,B+,Nurse,Aadhaar,870680013180,True,2026-07-04T06:08:37.946738,2026-07-04T06:08:37.946738
cbb67ba2-1d77-4e0b-9060-5d6f740aa548,Shantilal,Bhagat,Male,25,Married,6200381959,"706, Ring Road",Bhavnagar,Gujarat,364153,,Fisherman,Aadhaar,798328641319,True,2026-07-04T06:08:37.946738,2026-07-04T06:08:37.946738
f578b379-9e65-469c-85ba-532a0f33e008,Paresh,Vora,Male,26,Married,8263195991,"914, Lake View",Nashik,Maharashtra,433673,O+,Homemaker,Aadhaar,129814112576,True,2026-07-04T06:08:37.946738,2026-07-04T06:08:37.946738
b68bee5e-758a-4583-b7e2-b07b1b30155e,Devika,Balakrishnan,Female,40,Married,9903317115,"939, MG Road",Bangalore,Karnataka,589963,O+,Potter,Aadhaar,716070182881,True,2026-07-04T06:08:37.946738,2026-07-04T06:08:37.946738
389a0e91-8dd5-4e98-bf4c-b91b3b0e8438,Geetha,Naidu,Female,8,Single,7347742030,"696, Model Town",Chennai,Tamil Nadu,621077,B+,Student,Aadhaar,164741931990,True,2026-07-04T06:08:37.946738,2026-07-04T06:08:37.946738
45f9d76a-4016-4d8e-953d-c7a01dfb867d,Natarajan,Chetty,Male,25,Single,8964010901,"880, MG Road",Hyderabad,Telangana,507154,O+,Engineer,Aadhaar,962568957105,True,2026-07-04T06:08:37.946738,2026-07-04T06:08:37.946738
818b7e43-1329-430a-b428-dbdf12a318bc,Monalisa,Namboothiri,Female,13,Single,6383325166,"99, Temple Road",Hyderabad,Telangana,501638,O+,Government Employee,Aadhaar,433776018519,True,2026-07-04T06:08:37.946738,2026-07-04T06:08:37.946738
64144fdf-18a4-49a5-b317-6efb8f086ece,Girish,Khanna,Male,43,Divorced,8798973679,"431, Ring Road",Agra,Uttar Pradesh,231491,O+,Government Employee,Aadhaar,151023645211,True,2026-07-04T06:08:37.946738,2026-07-04T06:08:37.946738
e7dbd0c0-ef7b-443e-9041-92d681334f01,Sushma,Pandya,Female,6,Single,6561508244,"129, New Colony",Vadodara,Gujarat,369962,B+,,Aadhaar,756052589093,True,2026-07-04T06:08:37.946738,2026-07-04T06:08:37.946738
efab5c69-dccc-4777-a6d2-96f76d3e6d28,Riya,Bhosale,Female,83,Married,7974384558,"855, New Colony",Bhilwara,Rajasthan,314415,A+,Clerk,Aadhaar,708922152809,True,2026-07-04T06:08:37.946738,2026-07-04T06:08:37.946738
809bb13a-0654-4c59-8770-d40b37176710,Kamlesh,Mitra,Female,7,Single,8911167988,"508, River Side",Siliguri,West Bengal,710026,B+,Housewife,Aadhaar,958802771021,True,2026-07-04T06:08:37.946738,2026-07-04T06:08:37.946738
a2554a26-431b-4a5a-b77a-18b7f8d3bab5,Pushpa,Kurup,Female,8,Single,6775839853,"172, Nehru Nagar",Thiruvananthapuram,Kerala,673747,A+,Tailor,Aadhaar,401617589753,True,2026-07-04T06:08:37.946738,2026-07-04T06:08:37.946738
af99609c-ceaf-4bf9-a759-1462c9881306,Brij Mohan,Singh,Male,56,Married,6703024365,"743, Civil Lines",Delhi,Delhi,110015,A+,Labourer,Aadhaar,897175446890,True,2026-07-04T06:08:37.946738,2026-07-04T06:08:37.946738
3fa51f7b-50ab-4738-b0c2-0942005d225e,Falguni,Kothari,Female,10,Single,8316940806,"105, Green Park",Navi Mumbai,Maharashtra,421453,O+,Accountant,Aadhaar,305281613823,True,2026-07-04T06:08:37.946738,2026-07-04T06:08:37.946738
d74f95c1-b4cd-4e35-a852-5ca6dff3b945,Jignesh,Lodha,Male,5,Single,8679512073,"86, Hill Colony",Akola,Maharashtra,414941,O+,Student,Aadhaar,395263294463,True,2026-07-04T06:08:37.946738,2026-07-04T06:08:37.946738
a754aeda-95ef-4c0f-a098-aad5855bc814,Brij Mohan,Sidhu,Male,42,Widowed,7345796121,"355, Gandhi Chowk",Srinagar,Jammu and Kashmir,190294,B+,Weaver,Aadhaar,580196994621,True,2026-07-04T06:08:37.946738,2026-07-04T06:08:37.946738
b24a3ecd-4379-4d2c-b0db-da1a08682c18,Rutuja,Thakur,Female,44,Married,9875186566,"239, Sector 12",Nagpur,Maharashtra,418708,B+,Student,Aadhaar,557936106077,True,2026-07-04T06:08:37.946738,2026-07-04T06:08:37.946738
62f1a056-7f24-404b-bd2e-ad77cc82de90,Vinod,Bedi,Male,57,Divorced,6948561413,"258, Church Street",Indore,Madhya Pradesh,462370,A+,Shopkeeper,Aadhaar,399030663568,True,2026-07-04T06:08:37.946738,2026-07-04T06:08:37.946738
24053a25-a899-43e2-822a-cd42b3f0d48b,Kumaresan,Venkataraman,Male,43,Widowed,7356672981,"690, Green Park",Madurai,Tamil Nadu,613519,O+,Farmer,Aadhaar,349198696497,True,2026-07-04T06:08:37.946738,2026-07-04T06:08:37.946738
ab0bf751-1cdc-40f6-a60e-38cb709fd1bb,Manoj,Trivedi,Male,5,Single,8113382359,"504, Church Street",Gurugram,Haryana,127123,B-,Nurse,Aadhaar,558925311136,True,2026-07-04T06:08:37.946738,2026-07-04T06:08:37.946738
b775c804-412e-415f-84fd-a6d540d9cf9e,Sameer,Thakur,Male,19,Single,8908242328,"650, Green Park",Sangli,Maharashtra,422063,,Plumber,Aadhaar,706574783557,True,2026-07-04T06:08:37.946738,2026-07-04T06:08:37.946738
8ad4a5d3-abbe-45d9-aefa-d2f06768f519,Mahesh,Aggarwal,Male,36,Widowed,6626758884,"232, Shivaji Nagar",Surat,Gujarat,391756,O+,Clerk,Aadhaar,684727575156,True,2026-07-04T06:08:37.946738,2026-07-04T06:08:37.946738
11337c31-83d5-4569-a530-d4bdfacc0ce0,Hema,Menon,Female,31,Single,7314111193,"538, Civil Lines",Vijayawada,Andhra Pradesh,520077,A+,Shopkeeper,Aadhaar,254109607012,True,2026-07-04T06:08:37.946738,2026-07-04T06:08:37.946738
b0a13b3d-f1e0-4cd4-8043-61bc0a17a344,Seema,Goyal,Female,17,Single,7381649829,"376, Hill Colony",Haridwar,Uttarakhand,245649,O+,Labourer,Aadhaar,209554857540,True,2026-07-04T06:08:37.946738,2026-07-04T06:08:37.946738
151c0340-9aaf-460a-a65a-84662c5b5b5e,Asha,Sidhu,Female,45,Single,9342054914,"500, Sector 12",Gwalior,Madhya Pradesh,487894,O+,Carpenter,Aadhaar,203046581411,True,2026-07-04T06:08:37.946738,2026-07-04T06:08:37.946738
975fa4fe-df3f-4300-9a82-8d126a5c8583,Vikram,Kumar,Male,57,Widowed,9201935813,"238, Model Town",Varanasi,Uttar Pradesh,247019,O+,Fisherman,Aadhaar,284936202950,True,2026-07-04T06:08:37.946738,2026-07-04T06:08:37.946738
6168bf39-5c85-440a-b235-4a0026bdb2cf,Janaki,Krishnan,Female,51,Married,8597519871,"466, Ambedkar Marg",Chennai,Tamil Nadu,636589,O+,Government Employee,Aadhaar,925252291035,True,2026-07-04T06:08:37.946738,2026-07-04T06:08:37.946738
75c3d53a-eaca-49aa-b2ee-c7fc4db0e720,Satpal,Tiwari,Male,30,Widowed,6737186274,"1, Lake View",Indore,Madhya Pradesh,461830,A+,Driver,Aadhaar,509203668197,True,2026-07-04T06:08:37.946738,2026-07-04T06:08:37.946738
adc1e967-d98e-414f-bf68-45fe9e1c2e90,Parvathi,Kurup,Female,74,Single,7610082194,"852, Civil Lines",Coimbatore,Tamil Nadu,627229,O+,Clerk,Aadhaar,642156301159,True,2026-07-04T06:08:37.946738,2026-07-04T06:08:37.946738
d206d7dc-0bb2-4fba-976d-bc22b35c200a,Sameer,Mehta,Male,18,Single,8669563061,"212, MG Road",Nagpur,Maharashtra,416864,O+,Accountant,Aadhaar,337909178205,True,2026-07-04T06:08:37.946738,2026-07-04T06:08:37.946738
e181ee27-673b-4cef-ba10-fc2a1d32fb4a,Jignesh,Nandi,Male,11,Single,9383684118,"700, Ring Road",Kolhapur,Maharashtra,439531,O+,Labourer,Aadhaar,207991493411,True,2026-07-04T06:08:37.946738,2026-07-04T06:08:37.946738
03b1d29f-d907-4486-bc4d-b7b703f6c2d9,Rajwinder Kaur,Bhandari,Female,15,Single,6763217094,"217, River Side",Delhi,Delhi,110027,O+,Weaver,Aadhaar,406622646365,True,2026-07-04T06:08:37.946738,2026-07-04T06:08:37.946738
7f562f15-a65d-49d0-b5f3-ca69df32d209,Chaitali,More,Female,38,Widowed,8260582660,"722, College Road",Jamshedpur,Jharkhand,817376,A+,Engineer,Aadhaar,763738167691,True,2026-07-04T06:08:37.946738,2026-07-04T06:08:37.946738
9067a3d3-6730-4b14-95a2-afc12a666aa2,Mohan,Chauhan,Male,45,Divorced,9571666300,"225, Station Road",Rohtak,Haryana,133977,O+,Priest,Aadhaar,745742798332,True,2026-07-04T06:08:37.946738,2026-07-04T06:08:37.946738
ae33bc29-c969-4152-a278-a06b5a6df2da,Lopamudra,Kar,Female,22,Widowed,7340353444,"998, Market Yard",Jamshedpur,Jharkhand,825692,B+,Homemaker,Aadhaar,252193002331,True,2026-07-04T06:08:37.946738,2026-07-04T06:08:37.946738
3d6f3a75-5d58-4940-8a00-a648ea7b872e,Suganya,Menon,Female,59,Divorced,7141438471,"40, Market Yard",Thiruvananthapuram,Kerala,689317,B+,Housewife,Aadhaar,948855390493,True,2026-07-04T06:08:37.946738,2026-07-04T06:08:37.946738
c81f5788-7cbf-4044-b987-cf876fe565b0,Selvam,Kelkar,Male,28,Single,6216441785,"516, Market Yard",Hyderabad,Telangana,509079,AB+,Retired,Aadhaar,730762154518,True,2026-07-04T06:08:37.946738,2026-07-04T06:08:37.946738
9b33c1cd-d98c-4e31-ae3c-5b5c3c41fe9e,Sowmya,Raman,Female,16,Single,8938344977,"922, College Road",Vijayawada,Andhra Pradesh,532149,O+,Teacher,Aadhaar,776235510805,True,2026-07-04T06:08:37.946738,2026-07-04T06:08:37.946738
36f6474b-a114-4864-a245-7c0b16a9def8,Uma,Sen,Female,54,Divorced,9265548800,"930, New Colony",Kurnool,Andhra Pradesh,516330,B+,Business,Aadhaar,524694232727,True,2026-07-04T06:08:37.946738,2026-07-04T06:08:37.946738
be8e0765-c199-4ac2-a2d0-784c76028551,Mohan,Sethi,Male,72,Divorced,7499591925,"132, Green Park",Jabalpur,Madhya Pradesh,465643,,Tailor,Aadhaar,379220881327,True,2026-07-04T06:08:37.946738,2026-07-04T06:08:37.946738
2ec9a191-608a-4a36-ab60-3f6753370c8e,Jayesh,Tiwari,Male,18,Single,6593321935,"325, Shivaji Nagar",Gwalior,Madhya Pradesh,485654,,Priest,Aadhaar,630416779010,True,2026-07-04T06:08:37.946738,2026-07-04T06:08:37.946738
f6c9eba4-d704-4a46-b158-77da93c86353,Vaishali,Naik,Female,30,Married,7692993902,"657, MG Road",Mumbai,Maharashtra,408593,AB+,Business,Aadhaar,297413978736,True,2026-07-04T06:08:37.946738,2026-07-04T06:08:37.946738
e35f2da7-7b78-4fba-b6c2-33c6b4490989,Bandana,Varma,Female,26,Divorced,9539414105,"188, Temple Road",Mysore,Karnataka,571629,B-,Shopkeeper,Aadhaar,991396797782,True,2026-07-04T06:08:37.946738,2026-07-04T06:08:37.946738
91172ad8-4aba-4fe1-8921-0c3ae18313f4,Indrajit,Dave,Male,38,Married,7931511388,"405, New Colony",Thane,Maharashtra,405092,B+,Software Engineer,Aadhaar,587254530359,True,2026-07-04T06:08:37.946738,2026-07-04T06:08:37.946738
53089068-bf3c-44e7-ae03-f61d6cfa8233,Bhavna,Mukherjee,Female,20,Single,8422085659,"480, Shivaji Nagar",Pune,Maharashtra,403151,A+,Government Employee,Aadhaar,857582433250,True,2026-07-04T06:08:37.946738,2026-07-04T06:08:37.946738
e01ab78d-4001-46f5-8139-9dcbe2b1de2c,Rina,Gill,Female,41,Married,9540007582,"554, Nehru Nagar",Jamshedpur,Jharkhand,829061,O+,Fisherman,Aadhaar,724693972720,True,2026-07-04T06:08:37.946738,2026-07-04T06:08:37.946738
bddb455b-89d2-4759-84c3-5ed11856b8ec,Padma,Acharya,Female,25,Divorced,8929972630,"134, Model Town",Hyderabad,Telangana,508383,O+,Driver,Aadhaar,761552114572,True,2026-07-04T06:08:37.946738,2026-07-04T06:08:37.946738
1679ef86-7f01-4393-b8dc-56743a08de0a,Jyoti,Saxena,Female,85,Married,7895437131,"904, MG Road",Noida,Uttar Pradesh,223198,B+,Priest,Aadhaar,377356199356,True,2026-07-04T06:08:37.946738,2026-07-04T06:08:37.946738
081f927e-749a-44f5-8449-d4ec8f1c26cd,Santosh,Khanna,Male,21,Married,9933654844,"399, Old Bazaar",Ghaziabad,Uttar Pradesh,255490,A+,Nurse,Aadhaar,127159559772,True,2026-07-04T06:08:37.946738,2026-07-04T06:08:37.946738
70bde42c-0fef-45a2-8832-44c657157d1a,Selvam,Chettiar,Male,34,Single,6883098431,"680, Model Town",Kozhikode,Kerala,693320,AB+,Housewife,Aadhaar,209115096414,True,2026-07-04T06:08:37.946738,2026-07-04T06:08:37.946738
dde5ccb7-3e3e-4b0b-a3f8-8fbefeb3187e,Grace,Bafna,Female,23,Married,6545111009,"613, River Side",Solapur,Maharashtra,435860,O+,Labourer,Aadhaar,179338398575,True,2026-07-04T06:08:37.946738,2026-07-04T06:08:37.946738
32ff36f0-2aff-48fb-a558-26677a988fd4,Murugan,Kurup,Male,42,Widowed,9680272576,"980, New Colony",Bangalore,Karnataka,561769,AB+,Accountant,Aadhaar,664646597663,True,2026-07-04T06:08:37.946738,2026-07-04T06:08:37.946738
c191d60e-694a-486a-816e-e926e9edb17b,Meenakshi,Oswal,Female,14,Single,6461148137,"196, Hill Colony",Vadodara,Gujarat,392740,O+,Plumber,Aadhaar,476340138842,True,2026-07-04T06:08:37.946738,2026-07-04T06:08:37.946738
6b68d2b3-7f75-48e1-9e7e-983cb67d642a,Munin,Singh,Male,17,Single,7710285454,"762, Market Yard",Meerut,Uttar Pradesh,265700,O+,Farmer,Aadhaar,379561140992,True,2026-07-04T06:08:37.946738,2026-07-04T06:08:37.946738
758d9bfd-92df-47cb-9bcd-2d66204b5b7e,Sadanand,Naidu,Male,71,Married,8922101991,"137, Model Town",Pune,Maharashtra,409245,,Weaver,Aadhaar,501092994526,True,2026-07-04T06:08:37.946738,2026-07-04T06:08:37.946738
a6ae2a4c-fc76-4faa-a9ac-69a779b48b8a,Janaki,Joshi,Female,68,Single,8279551857,"919, Gandhi Chowk",Nagpur,Maharashtra,404169,AB+,Shopkeeper,Aadhaar,636431505407,True,2026-07-04T06:08:37.946738,2026-07-04T06:08:37.946738
8f925d48-f2dd-4213-a83f-19d214b99efe,Paresh,Gaikwad,Male,19,Single,6290617143,"287, Civil Lines",Pune,Maharashtra,409807,O+,Software Engineer,Aadhaar,991092765357,True,2026-07-04T06:08:37.946738,2026-07-04T06:08:37.946738
95114166-9104-402b-b350-d953b73b004e,Anita,Verma,Female,25,Widowed,9659110825,"278, Ambedkar Marg",Chandigarh,Chandigarh,160058,O+,Teacher,Aadhaar,991164448030,True,2026-07-04T06:08:37.946738,2026-07-04T06:08:37.946738
e70573c5-676a-499c-bc7a-a1334f549c8f,Lakshmi,Khanna,Female,17,Single,6692139136,"970, River Side",Bangalore,Karnataka,564320,O+,Teacher,Aadhaar,182225377041,True,2026-07-04T06:08:37.946738,2026-07-04T06:08:37.946738
e8111592-4faa-4f4e-94ca-b8c279590a30,Nikhil,Amin,Male,29,Divorced,6632826606,"169, New Colony",Navi Mumbai,Maharashtra,419578,O+,Plumber,Aadhaar,403961458878,True,2026-07-04T06:08:37.946738,2026-07-04T06:08:37.946738
4ab83f67-a54d-44dd-9355-40389d416b66,Shilpa,Pandya,Female,36,Widowed,9636036526,"640, Civil Lines",Mumbai,Maharashtra,407830,B+,Priest,Aadhaar,664671574482,True,2026-07-04T06:08:37.946738,2026-07-04T06:08:37.946738
37edd4b0-be77-45c0-a11c-3888f69c882e,Riya,Modi,Female,49,Divorced,6243129126,"543, Nehru Nagar",Thane,Maharashtra,426754,B+,Driver,Aadhaar,212205892323,True,2026-07-04T06:08:37.946738,2026-07-04T06:08:37.946738
e4ae77a3-8e8d-4b07-8922-e87096861f85,Sunil,Warrier,Male,40,Divorced,9869988549,"567, Old Bazaar",Kanpur,Uttar Pradesh,281397,B+,Government Employee,Aadhaar,245295732773,True,2026-07-04T06:08:37.946738,2026-07-04T06:08:37.946738
a4fe2cce-b9f1-4e45-b8f8-166a4bce1756,Ashok,Yadav,Male,53,Widowed,7372199178,"462, New Colony",Bhopal,Madhya Pradesh,476239,O+,Shopkeeper,Aadhaar,984948271491,True,2026-07-04T06:08:37.946738,2026-07-04T06:08:37.946738
61a84cc8-a5f5-4fba-bce1-ee6c1429c431,Kavya,Menon,Female,40,Widowed,7722259879,"804, Hill Colony",Chennai,Tamil Nadu,631134,B+,Homemaker,Aadhaar,784139246729,True,2026-07-04T06:08:37.946738,2026-07-04T06:08:37.946738
2b3e3e65-50cb-48fa-bb9a-9eda30f5718a,Madhuri,Verma,Female,61,Widowed,8152044445,"354, Shivaji Nagar",Firozabad,Uttar Pradesh,214801,A-,,Aadhaar,103928881035,True,2026-07-04T06:08:37.946738,2026-07-04T06:08:37.946738
93c8c554-2c65-4e91-b518-e26b28a62b7f,Farida,Iyengar,Female,23,Single,7322032702,"208, Temple Road",Hyderabad,Telangana,507618,B+,Software Engineer,Aadhaar,487134226027,True,2026-07-04T06:08:37.946738,2026-07-04T06:08:37.946738
d6a7e6d9-27e3-4885-9aa4-bbfab26ee70d,Barun,Kadam,Male,7,Single,7501324629,"226, Civil Lines",Vadodara,Gujarat,369169,A+,Accountant,Aadhaar,947225459043,True,2026-07-04T06:08:37.946738,2026-07-04T06:08:37.946738
8863b1f4-ea3c-4d1b-bc48-97c61d3d614c,Raghavan,Chetty,Male,7,Single,6194824577,"763, Old Bazaar",Mangalore,Karnataka,569866,B+,Plumber,Aadhaar,258979850818,True,2026-07-04T06:08:37.946738,2026-07-04T06:08:37.946738
1c36f69a-2759-4319-a84b-7266ac2efc28,Rekha,Sekhon,Female,45,Married,6631241517,"105, Civil Lines",Gorakhpur,Uttar Pradesh,264181,B+,Fisherman,Aadhaar,798446868697,True,2026-07-04T06:08:37.946738,2026-07-04T06:08:37.946738
d734a962-85b8-4b72-a9b2-a7ec8a75fcbe,Monalisa,Mehta,Female,51,Widowed,6361275347,"651, Station Road",Guwahati,Assam,788707,A+,Shopkeeper,Aadhaar,211757198842,True,2026-07-04T06:08:37.946738,2026-07-04T06:08:37.946738
2d19a659-6560-46da-8ae8-04ffc9fe530f,Prashant,Kumar,Male,41,Widowed,8491539880,"844, Nehru Nagar",Faridabad,Haryana,122390,,Labourer,Aadhaar,680505476104,True,2026-07-04T06:08:37.946738,2026-07-04T06:08:37.946738
a206e819-f818-4f70-85f4-6da24ba80ddf,Rita,Kelkar,Female,32,Single,9359929572,"212, Shivaji Nagar",Surat,Gujarat,362280,B+,Doctor,Aadhaar,490150968550,True,2026-07-04T06:08:37.946738,2026-07-04T06:08:37.946738
d18bf163-2e70-490b-bd98-2ac230db60b5,Amit,Sandhu,Male,44,Married,6911937942,"312, Temple Road",Ghaziabad,Uttar Pradesh,215815,AB+,Teacher,Aadhaar,279123648847,True,2026-07-04T06:08:37.946738,2026-07-04T06:08:37.946738
9b53149c-01f4-4294-98fe-e76e70990970,Madhuri,Rathore,Female,24,Married,8840688038,"802, Temple Road",Kanpur,Uttar Pradesh,237725,O+,Plumber,Aadhaar,292130890220,True,2026-07-04T06:08:37.946738,2026-07-04T06:08:37.946738
d8bdbdf9-690a-4d9f-91d8-5ddcf673d632,Kantilal,Thakur,Male,18,Single,9827811790,"842, Green Park",Mumbai,Maharashtra,413958,O-,Student,Aadhaar,752334945986,True,2026-07-04T06:08:37.946738,2026-07-04T06:08:37.946738
824ee1e7-1256-4c95-9e4b-344dace3f58b,Prashant,Ghosh,Male,38,Divorced,8534004758,"21, Church Street",Udaipur,Rajasthan,326964,B+,Tailor,Aadhaar,127362873242,True,2026-07-04T06:08:37.946738,2026-07-04T06:08:37.946738
84d1b36f-0828-425f-9255-a9aac9e739cf,Shweta,Ahluwalia,Female,30,Married,7396915898,"990, Civil Lines",Varanasi,Uttar Pradesh,283397,A+,Engineer,Aadhaar,715636175261,True,2026-07-04T06:08:37.946738,2026-07-04T06:08:37.946738
df83a7de-1c1e-4cc4-b38b-c72371c930c6,Hitesh,Rathi,Male,57,Married,8886668010,"305, Nehru Nagar",Thane,Maharashtra,419486,O+,Business,Aadhaar,445386210783,True,2026-07-04T06:08:37.946738,2026-07-04T06:08:37.946738
3984cb89-0fa7-42bc-845b-9016489832cf,Priti,Shah,Female,11,Single,6571032037,"165, Ring Road",Pune,Maharashtra,430346,AB+,,Aadhaar,494781708954,True,2026-07-04T06:08:37.946738,2026-07-04T06:08:37.946738
4fb53238-c028-4781-8b0d-4fa4a7a387b4,Kiran,Sandhu,Male,22,Divorced,9951724632,"740, New Colony",Faridabad,Haryana,133816,O+,Electrician,Aadhaar,435803892513,True,2026-07-04T06:08:37.946738,2026-07-04T06:08:37.946738
00b12d3b-b192-4a57-a6b6-b746b75526d4,Pradeep,Sekhon,Male,13,Single,9787659998,"423, Ambedkar Marg",Ludhiana,Punjab,144379,A+,Nurse,Aadhaar,405627565952,True,2026-07-04T06:08:37.946738,2026-07-04T06:08:37.946738
8b500484-7344-4a10-b34d-80606550b777,Devika,Raman,Female,39,Married,9858947290,"565, Ambedkar Marg",Guntur,Andhra Pradesh,520817,A+,Engineer,Aadhaar,714338451152,True,2026-07-04T06:08:37.946738,2026-07-04T06:08:37.946738
c4cc3c7e-8f94-4339-8c23-783afb855090,Geetha,Barman,Female,79,Married,6506332996,"872, Station Road",Hyderabad,Telangana,504521,B+,Retired,Aadhaar,775991928098,True,2026-07-04T06:08:37.946738,2026-07-04T06:08:37.946738
068d0605-a42c-4962-8143-edc296c754e4,Hemant,Dubey,Male,53,Married,8382217709,"114, Church Street",Bhopal,Madhya Pradesh,458440,B+,Plumber,Aadhaar,429642800406,True,2026-07-04T06:08:37.946738,2026-07-04T06:08:37.946738
cd10e0ee-74b2-4d4e-a403-939f234c2475,Ipsita,Sawant,Female,11,Single,7508334231,"129, Green Park",Mathura,Uttar Pradesh,204973,B+,Carpenter,Aadhaar,989953388765,True,2026-07-04T06:08:37.946738,2026-07-04T06:08:37.946738
b7c476ce-0379-4174-a253-c69bb6bd5cc2,Sujata,Kadam,Female,21,Widowed,6274678565,"603, MG Road",Vadodara,Gujarat,380409,B+,Nurse,Aadhaar,488914952588,True,2026-07-04T06:08:37.946738,2026-07-04T06:08:37.946738
022d5d37-31a9-48f4-82f7-ee4dc834768a,Aarti,Vora,Female,55,Married,6886703509,"409, Temple Road",Mumbai,Maharashtra,426702,O+,Teacher,Aadhaar,274241530716,True,2026-07-04T06:08:37.946738,2026-07-04T06:08:37.946738
4a68ffac-5720-4f44-b8f4-53287f0c6894,Aparna,Sawant,Female,43,Single,7502281422,"847, Green Park",Nashik,Maharashtra,403676,O+,Accountant,Aadhaar,276279778278,True,2026-07-04T06:08:37.946738,2026-07-04T06:08:37.946738
798a2c63-d2e0-40b4-afb0-fc1ae5a9393a,Mangesh,Parekh,Male,59,Divorced,6987578474,"731, Green Park",Surat,Gujarat,396172,O+,Clerk,Aadhaar,927536046833,True,2026-07-04T06:08:37.946738,2026-07-04T06:08:37.946738
d30e9049-829b-4500-a2c1-0f89777589ee,Surinder,Sethi,Male,56,Divorced,8405916446,"605, Model Town",Haridwar,Uttarakhand,253265,B+,Teacher,Aadhaar,257380343992,True,2026-07-04T06:08:37.946738,2026-07-04T06:08:37.946738
82a7a110-43df-4c83-9991-e132ab273937,Jonali,Hazarika,Female,29,Married,8475946346,"409, Hill Colony",Silchar,Assam,786286,O+,Farmer,Aadhaar,436651946448,True,2026-07-04T06:08:37.946738,2026-07-04T06:08:37.946738
df4feac9-96eb-4dd4-918e-1d239db0cf0b,Senthil,Ramamurthy,Male,31,Single,9203003445,"887, Ring Road",Salem,Tamil Nadu,641180,,Shopkeeper,Aadhaar,133154623506,True,2026-07-04T06:08:37.946738,2026-07-04T06:08:37.946738
80fecad7-b631-459f-9308-c84bcaaeff88,Biplab,Kurup,Male,27,Widowed,9500458751,"815, Shivaji Nagar",Kurnool,Andhra Pradesh,518464,B+,Priest,Aadhaar,738042683207,True,2026-07-04T06:08:37.946738,2026-07-04T06:08:37.946738
bbb564f1-2ec7-4673-9a42-9b76a2c85e7f,Payal,Shukla,Female,43,Married,9661042992,"281, Ambedkar Marg",Thane,Maharashtra,419901,B+,Clerk,Aadhaar,911522547256,True,2026-07-04T06:08:37.946738,2026-07-04T06:08:37.946738
d3dfed4a-beba-43a1-991b-6e2e5d4991cc,Riya,Vaidya,Female,60,Divorced,7668455259,"83, Church Street",Thane,Maharashtra,427813,O+,Business,Aadhaar,351801539514,True,2026-07-04T06:08:37.946738,2026-07-04T06:08:37.946738
4e162165-59f2-4a4e-bcda-672cf68b41f4,Subrata,Sahu,Male,71,Widowed,9321343999,"996, River Side",Gaya,Bihar,829547,B+,Weaver,Aadhaar,423877166159,True,2026-07-04T06:08:37.946738,2026-07-04T06:08:37.946738
cacdff01-266f-4bb5-b740-4e94b72df63a,Hansaben,Kadam,Female,56,Widowed,6723786413,"443, Ambedkar Marg",Mumbai,Maharashtra,441524,B+,Tailor,Aadhaar,481557026698,True,2026-07-04T06:08:37.946738,2026-07-04T06:08:37.946738
11775150-6103-4174-8953-d945fab09d3f,Chandrasekhar,Singh,Male,31,Single,6137407650,"603, Ambedkar Marg",Ghaziabad,Uttar Pradesh,251182,A+,Nurse,Aadhaar,278157000863,True,2026-07-04T06:08:37.946738,2026-07-04T06:08:37.946738
dc08fe69-6e55-468d-abb3-b3a726393329,Lopamudra,Pal,Female,28,Divorced,7169933797,"579, College Road",Bhagalpur,Bihar,852211,B+,Nurse,Aadhaar,181371223061,True,2026-07-04T06:08:37.946738,2026-07-04T06:08:37.946738
601a6663-769f-4d10-9775-9afde7a8ccd8,Sourabh,Sanyal,Male,12,Single,6497780706,"989, College Road",Rourkela,Odisha,753828,B+,Tailor,Aadhaar,177373262966,True,2026-07-04T06:08:37.946738,2026-07-04T06:08:37.946738
83f4c6af-08bc-4f5a-8b71-f1ce90bae002,Indrajit,Malhotra,Male,81,Married,9396011349,"396, MG Road",Indore,Madhya Pradesh,481947,A+,Farmer,Aadhaar,846015114590,True,2026-07-04T06:08:37.946738,2026-07-04T06:08:37.946738
dcbd0e57-c8cf-425c-b78b-c56c42c3479a,Meera,Varma,Female,10,Single,9846172635,"670, Lake View",Coimbatore,Tamil Nadu,626220,B+,Homemaker,Aadhaar,117404285739,True,2026-07-04T06:08:37.946738,2026-07-04T06:08:37.946738
be68c536-113e-4349-8a01-f09268844afa,Urmi,Kapoor,Female,24,Widowed,7785622353,"58, Gandhi Chowk",Panipat,Haryana,129317,,Shopkeeper,Aadhaar,885984493205,True,2026-07-04T06:08:37.946738,2026-07-04T06:08:37.946738
3f6f6d8e-b1b4-4c2c-b75d-4430d480ad63,Rajeshwari,Chettiar,Female,72,Married,8996143875,"742, College Road",Puducherry,Puducherry,605428,B+,Farmer,Aadhaar,889430540995,True,2026-07-04T06:08:37.946738,2026-07-04T06:08:37.946738
f73744e2-c397-49e4-916b-b3d7b26c9c47,Ranjit,Chakraborty,Male,37,Single,6384786617,"399, Old Bazaar",Ranchi,Jharkhand,829628,O+,Clerk,Aadhaar,102316631273,True,2026-07-04T06:08:37.946738,2026-07-04T06:08:37.946738
f180de99-99ca-499e-a09f-f94db3d7c0b2,Murugan,Kurup,Male,33,Divorced,7279411878,"780, Shivaji Nagar",Kozhikode,Kerala,671263,B+,,Aadhaar,358129572681,True,2026-07-04T06:08:37.946738,2026-07-04T06:08:37.946738
8cf3d405-6fd4-46fc-82bd-20cdb8f42dda,Mangesh,Dhillon,Male,34,Single,8668725491,"561, Gandhi Chowk",Kanpur,Uttar Pradesh,235879,B+,Potter,Aadhaar,865621168901,True,2026-07-04T06:08:37.946738,2026-07-04T06:08:37.946738
340ddf84-808a-42f6-91a9-fa1aa175527d,Jayanthi,Raman,Female,89,Widowed,6820084207,"995, Market Yard",Mangalore,Karnataka,586959,B+,Retired,Aadhaar,761261691930,True,2026-07-04T06:08:37.946738,2026-07-04T06:08:37.946738
2405c3ae-1486-4713-b965-3f76cdffb81b,Madhavi,Patel,Female,18,Single,6825532564,"975, River Side",Thane,Maharashtra,431673,A+,Potter,Aadhaar,215117720654,True,2026-07-04T06:08:37.946738,2026-07-04T06:08:37.946738
ee1720af-61f0-4b7f-a72d-35c0b55bc206,Jayasree,Naicker,Female,55,Married,8807362881,"78, Ambedkar Marg",Chennai,Tamil Nadu,640632,O+,Housewife,Aadhaar,761690457691,True,2026-07-04T06:08:37.946738,2026-07-04T06:08:37.946738
22f2af4f-bbb4-4e29-b93f-daafb4cf7374,Arjun,Reddy,Male,36,Single,6391058651,"133, Nehru Nagar",Bangalore,Karnataka,562869,O-,Teacher,Aadhaar,624673539981,True,2026-07-04T06:08:37.946738,2026-07-04T06:08:37.946738
a423004e-b3ed-4531-b06e-f31857fb163d,Jayaraman,Chavan,Male,52,Single,8215397482,"161, Lake View",Mumbai,Maharashtra,425532,AB+,Weaver,Aadhaar,670570367130,True,2026-07-04T06:08:37.946738,2026-07-04T06:08:37.946738
fb330956-da4e-4113-8b83-4eace00bcb55,Manjusha,Jadhav,Female,14,Single,7384101817,"600, Station Road",Mumbai,Maharashtra,445258,AB+,,Aadhaar,541274865611,True,2026-07-04T06:08:37.946738,2026-07-04T06:08:37.946738
adc7fd16-9307-433a-8736-d1df6c6f70b7,Ritu,Pandey,Female,70,Married,9987924801,"395, Sector 12",Panipat,Haryana,134422,B+,Housewife,Aadhaar,287092269740,True,2026-07-04T06:08:37.946738,2026-07-04T06:08:37.946738
fe8b6a36-0ed6-4ccc-acd4-d06cba0b2588,Oindrila,Ghosh,Female,24,Married,9283031056,"287, Church Street",Ranchi,Jharkhand,825369,A+,Engineer,Aadhaar,675763791378,True,2026-07-04T06:08:37.946738,2026-07-04T06:08:37.946738
b517eb30-311f-4f8f-be85-6edf3f426a98,Manpreet,Patil,Male,12,Single,7465219635,"230, Lake View",Rajkot,Gujarat,380115,B+,Government Employee,Aadhaar,859741111249,True,2026-07-04T06:08:37.946738,2026-07-04T06:08:37.946738
9221b026-a7b5-49ca-aa58-7ff850e52c83,Parvathi,Sundaram,Female,51,Divorced,6628813297,"746, Station Road",Hyderabad,Telangana,507856,A+,Student,Aadhaar,390768082697,True,2026-07-04T06:08:37.946738,2026-07-04T06:08:37.946738
b88b4e32-70af-45eb-9b64-9c16d1207c81,Gurmeet Kaur,Chauhan,Female,77,Single,9154969639,"186, College Road",Bareilly,Uttar Pradesh,210350,B+,Weaver,Aadhaar,648971209463,True,2026-07-04T06:08:37.946738,2026-07-04T06:08:37.946738
242608a0-4221-4737-b5aa-9a9f47df3811,Kishor,More,Male,46,Married,7114241257,"563, Model Town",Pune,Maharashtra,412232,O+,Software Engineer,Aadhaar,347860112263,True,2026-07-04T06:08:37.946738,2026-07-04T06:08:37.946738
58e8d49e-f523-4c71-8a0d-c4ee6f4702ca,Sudip,Choudhury,Male,19,Single,6827266247,"71, Lake View",Kolkata,West Bengal,738935,O+,Labourer,Aadhaar,609332110614,True,2026-07-04T06:08:37.946738,2026-07-04T06:08:37.946738
8cb83234-a167-4ecd-8d5f-b856b6776bd9,Dharmesh,Desai,Male,27,Widowed,7349546866,"520, Green Park",Junagadh,Gujarat,386157,,,Aadhaar,995432556372,True,2026-07-04T06:08:37.946738,2026-07-04T06:08:37.946738
f6163604-c468-4901-a630-0ffc985768ad,Poonam,Khongsit,Female,22,Single,8363989805,"863, River Side",Indore,Madhya Pradesh,454302,O+,Shopkeeper,Aadhaar,234113723000,True,2026-07-04T06:08:37.946738,2026-07-04T06:08:37.946738
a1fec3e8-d879-4795-9979-1264a8f9a80d,Seema,Mishra,Female,23,Widowed,8401932178,"969, Station Road",Indore,Madhya Pradesh,464610,O+,Student,Aadhaar,819649298621,True,2026-07-04T06:08:37.946738,2026-07-04T06:08:37.946738
99058f5c-baf8-465c-abf2-4dfcb0d118d1,Jayasree,Sen,Female,65,Divorced,6101497219,"914, Lake View",Muzaffarpur,Bihar,843543,B+,Labourer,Aadhaar,965998541837,True,2026-07-04T06:08:37.946738,2026-07-04T06:08:37.946738
114cb1e6-7de6-48ad-b6af-a04fb8d2250d,Vaidehi,Balakrishnan,Female,55,Widowed,9632471912,"997, Green Park",Bangalore,Karnataka,570833,O+,Accountant,Aadhaar,973810865763,True,2026-07-04T06:08:37.946738,2026-07-04T06:08:37.946738
2f8278ee-c95e-477a-8325-435637bdb5d4,Aparna,Patil,Female,27,Married,6951584868,"438, Shivaji Nagar",Surat,Gujarat,367484,B-,Electrician,Aadhaar,413525125410,True,2026-07-04T06:08:37.946738,2026-07-04T06:08:37.946738
d782fb68-a462-4488-ad4c-18d580f6e2db,Trupti,Parekh,Female,77,Married,9408674219,"631, Ambedkar Marg",Jaipur,Rajasthan,341277,O+,Government Employee,Aadhaar,226019463728,True,2026-07-04T06:08:37.946738,2026-07-04T06:08:37.946738
20e23aec-4eb5-4673-a498-6d90cf36b8eb,Meenakshi,Kurup,Female,37,Married,6223048969,"491, Sector 12",Mysore,Karnataka,585617,B+,Shopkeeper,Aadhaar,277468472871,True,2026-07-04T06:08:37.946738,2026-07-04T06:08:37.946738
8a38cb85-e6e6-4520-af86-f4e3787ce903,Nandini,Nandi,Female,62,Divorced,7838239232,"594, MG Road",Durgapur,West Bengal,734672,B+,Accountant,Aadhaar,325743288759,True,2026-07-04T06:08:37.946738,2026-07-04T06:08:37.946738
67d51acf-ffaa-4cfa-b27e-c36f258d0926,Vinod,Rawat,Male,85,Single,7174282269,"925, College Road",Varanasi,Uttar Pradesh,279330,B+,Business,Aadhaar,556451339991,True,2026-07-04T06:08:37.946738,2026-07-04T06:08:37.946738
57d431c3-28f4-4570-8566-e770c1a771c8,Muthukumar,Chettiar,Male,14,Single,9617447695,"816, Station Road",Coimbatore,Tamil Nadu,603509,O+,Electrician,Aadhaar,664796958165,True,2026-07-04T06:08:37.946738,2026-07-04T06:08:37.946738
aff5f27d-d011-4a84-9240-9bf391bd776c,Komal,Salunkhe,Female,61,Widowed,8887910145,"224, New Colony",Mumbai,Maharashtra,410639,,Housewife,Aadhaar,574537804821,True,2026-07-04T06:08:37.946738,2026-07-04T06:08:37.946738
7d8fbddf-0ec2-409b-a417-550759ac10e2,Lakshmi,Ganapathy,Female,29,Widowed,7465144040,"222, Station Road",Hubli,Karnataka,576883,O+,Farmer,Aadhaar,709665752006,True,2026-07-04T06:08:37.946738,2026-07-04T06:08:37.946738
a77f5cad-520c-4f6f-b3b8-2d4c05d37dc9,Ramesh,Kalra,Male,43,Single,6276546977,"37, MG Road",Faridabad,Haryana,134276,B+,Priest,Aadhaar,830850440741,True,2026-07-04T06:08:37.946738,2026-07-04T06:08:37.946738
04888bde-c21c-40c2-8dc8-626a8d11123a,Prakash,Rathi,Male,51,Married,6361898168,"966, College Road",Surat,Gujarat,377741,A-,Software Engineer,Aadhaar,136683220204,True,2026-07-04T06:08:37.946738,2026-07-04T06:08:37.946738
ef7393df-4e39-4e63-a99d-52857696775e,Jaspreet Kaur,Parekh,Female,9,Single,6352925489,"827, Ambedkar Marg",Bareilly,Uttar Pradesh,268187,A+,Tailor,Aadhaar,525476429765,True,2026-07-04T06:08:37.946738,2026-07-04T06:08:37.946738
54615b6a-2954-40e4-a1e0-9403731b9afb,Bhushan,Kadam,Male,85,Divorced,9986423906,"869, MG Road",Nagpur,Maharashtra,412044,O+,Fisherman,Aadhaar,793627852388,True,2026-07-04T06:08:37.946738,2026-07-04T06:08:37.946738
a7e60da6-fcb2-499c-b0cc-d2f033ca2148,Ashwin,Acharya,Male,13,Single,6972616277,"718, Old Bazaar",Puducherry,Puducherry,605076,O+,,Aadhaar,808241741841,True,2026-07-04T06:08:37.946738,2026-07-04T06:08:37.946738
536370bf-bb5c-4020-be4d-14ee212b97c3,Rajagopal,Acharya,Male,88,Single,6734309561,"262, Market Yard",Bangalore,Karnataka,578898,A+,Tailor,Aadhaar,677738598188,True,2026-07-04T06:08:37.946738,2026-07-04T06:08:37.946738
096eb98a-097f-46da-af7b-67b8adab27a8,Pallavi,Agarwal,Female,21,Widowed,8532619074,"860, Model Town",Varanasi,Uttar Pradesh,263502,O+,,Aadhaar,107423949977,True,2026-07-04T06:08:37.946738,2026-07-04T06:08:37.946738
e19c8958-509d-434e-9c6b-7ec827a47414,Vasantha,Bhat,Female,31,Widowed,7899803256,"661, Nehru Nagar",Kurnool,Andhra Pradesh,518961,AB+,Priest,Aadhaar,416079416619,True,2026-07-04T06:08:37.946738,2026-07-04T06:08:37.946738
a0af1d79-7cfb-4f18-959d-12da616eb98e,Anil,Gill,Male,7,Single,6674862080,"507, Ring Road",Aligarh,Uttar Pradesh,213809,O+,Nurse,Aadhaar,149179882141,True,2026-07-04T06:08:37.946738,2026-07-04T06:08:37.946738
81c07034-ae80-4524-9aea-e771ebdc40e1,Amandeep Kaur,Brar,Female,18,Single,8187052710,"262, Civil Lines",Delhi,Delhi,110048,B-,Clerk,Aadhaar,913587128963,True,2026-07-04T06:08:37.946738,2026-07-04T06:08:37.946738
79661723-6d76-415d-b879-b0e8cd0e3aae,Ashish,Mehta,Male,49,Divorced,8939967516,"929, River Side",Mumbai,Maharashtra,400096,B+,Engineer,Aadhaar,217598784709,True,2026-07-04T06:08:37.946738,2026-07-04T06:08:37.946738
654f2708-918b-4199-ba37-282ebd43f605,Ashwin,Varma,Male,6,Single,8160900250,"60, Ring Road",Salem,Tamil Nadu,633397,AB-,Driver,Aadhaar,377249061733,True,2026-07-04T06:08:37.946738,2026-07-04T06:08:37.946738
6293fbd9-02d7-4550-9096-dad2ece85905,Foram,Ao,Female,19,Single,9487145142,"378, College Road",Bhavnagar,Gujarat,364358,O+,Teacher,Aadhaar,867746000302,True,2026-07-04T06:08:37.946738,2026-07-04T06:08:37.946738
ee99a6a9-5fdf-4b4b-aa32-4c51f8a7f417,Trupti,Oswal,Female,39,Divorced,7737347117,"736, Sector 12",Mumbai,Maharashtra,411185,O+,Doctor,Aadhaar,305200730160,True,2026-07-04T06:08:37.946738,2026-07-04T06:08:37.946738
c200a219-6483-4365-8c3b-8c198ca37b6f,Pravin,Reddy,Male,17,Single,8597382417,"467, Lake View",Jodhpur,Rajasthan,332106,O+,Weaver,Aadhaar,265123905994,True,2026-07-04T06:08:37.946738,2026-07-04T06:08:37.946738
f9affe8b-5991-4fc2-af67-f5a9e8b8bc9a,Dinesh,Sethi,Male,48,Married,9600741130,"261, River Side",Delhi,Delhi,110064,B+,Clerk,Aadhaar,502364275352,True,2026-07-04T06:08:37.946738,2026-07-04T06:08:37.946738
a654d554-f2c1-4134-844f-7e2682d811ca,Padmanabhan,Reddiar,Male,18,Single,8228766857,"323, Sector 12",Chennai,Tamil Nadu,606906,B-,Teacher,Aadhaar,643517818397,True,2026-07-04T06:08:37.946738,2026-07-04T06:08:37.946738
9616a8dc-77e0-43b4-b4ec-2c7be84c09ae,Provat,Chatterjee,Male,23,Divorced,8798287300,"122, Ring Road",Berhampur,Odisha,760839,A+,,Aadhaar,846751703786,True,2026-07-04T06:08:37.946738,2026-07-04T06:08:37.946738
5f136df9-86c6-4a31-a8f7-8d5867fd3727,Jyotsna,Mehta,Female,22,Married,8481693171,"981, MG Road",Jaipur,Rajasthan,335681,B+,Housewife,Aadhaar,415768495144,True,2026-07-04T06:08:37.946738,2026-07-04T06:08:37.946738
219eee7b-729d-4213-a688-07b4ae28e238,Sarika,Acharya,Female,10,Single,9149300482,"867, Sector 12",Bangalore,Karnataka,575536,B+,Teacher,Aadhaar,537485564265,True,2026-07-04T06:08:37.946738,2026-07-04T06:08:37.946738
f1eb6226-222a-4c7a-976b-1027851bac66,Deepak,Gupta,Male,6,Single,7591540429,"372, Church Street",Amritsar,Punjab,148580,B+,Doctor,Aadhaar,748191424519,True,2026-07-04T06:08:37.946738,2026-07-04T06:08:37.946738
449360e9-2088-42d7-85b8-ba9456b54f4a,Madhuri,Kapoor,Female,41,Married,7210185353,"127, MG Road",Delhi,Delhi,110035,O+,,Aadhaar,958748805654,True,2026-07-04T06:08:37.946738,2026-07-04T06:08:37.946738
b127fab8-050d-4eed-b52f-a8326b86760a,Nayanmoni,Kurup,Female,28,Divorced,9311899472,"318, New Colony",Kochi,Kerala,674073,B+,Clerk,Aadhaar,596038552598,True,2026-07-04T06:08:37.946738,2026-07-04T06:08:37.946738
8d5246b9-2dfd-445b-88ee-0168ec22edc9,Manas,Bhattacharya,Male,39,Single,7186567475,"615, Model Town",Howrah,West Bengal,704838,A+,,Aadhaar,229383139953,True,2026-07-04T06:08:37.946738,2026-07-04T06:08:37.946738
2a068289-5882-42c7-99bd-8f98888bc035,Dipankar,Behera,Male,28,Married,9692685702,"794, Market Yard",Nashik,Maharashtra,400712,A+,Retired,Aadhaar,828037068775,True,2026-07-04T06:08:37.946738,2026-07-04T06:08:37.946738
be75bb3b-a42d-4500-9684-26e198640c45,Meera,Yadav,Female,56,Single,6812785340,"185, Green Park",Rohtak,Haryana,123299,A+,Teacher,Aadhaar,395977974894,True,2026-07-04T06:08:37.946738,2026-07-04T06:08:37.946738
79adae05-b39e-4621-a415-20b721292104,Kumaresan,Kachari,Male,24,Widowed,9804820003,"252, Lake View",Madurai,Tamil Nadu,618474,O+,Housewife,Aadhaar,891852468798,True,2026-07-04T06:08:37.946738,2026-07-04T06:08:37.946738
cf93c486-30d0-46ae-a5f9-706cdd151ae5,Vinod,Kalra,Male,68,Divorced,7119019194,"37, Model Town",Ghaziabad,Uttar Pradesh,224920,,Farmer,Aadhaar,768814499671,True,2026-07-04T06:08:37.946738,2026-07-04T06:08:37.946738
86547ded-c4f0-4f61-833f-e95e84d0af93,Elango,Mudaliar,Male,41,Widowed,8840493898,"373, Church Street",Erode,Tamil Nadu,623195,O+,Accountant,Aadhaar,614961190181,True,2026-07-04T06:08:37.946738,2026-07-04T06:08:37.946738
c78930b5-ea18-4977-b583-d11278408bcc,Kasturi,Momin,Female,7,Single,7542273089,"507, Green Park",Guwahati,Assam,787244,A+,Priest,Aadhaar,194874938001,True,2026-07-04T06:08:37.946738,2026-07-04T06:08:37.946738
7327cb2e-2ea1-48be-a37a-9180e01cfcb4,Ashish,Deka,Male,7,Single,7445333982,"673, River Side",Ahmedabad,Gujarat,391233,O+,Plumber,Aadhaar,546435926232,True,2026-07-04T06:08:37.946738,2026-07-04T06:08:37.946738
59f6b44e-63b0-4956-b470-b9d6942c1ee4,Trupti,Chokshi,Female,10,Single,6107176014,"372, Civil Lines",Mumbai,Maharashtra,428954,O+,Clerk,Aadhaar,331474212718,True,2026-07-04T06:08:37.946738,2026-07-04T06:08:37.946738
ab6230b2-11d6-40ee-98ec-c4e24a399443,Sarika,Mehta,Female,19,Single,6916006909,"852, MG Road",Thane,Maharashtra,401606,O+,Engineer,Aadhaar,608735625999,True,2026-07-04T06:08:37.946738,2026-07-04T06:08:37.946738
9b1df89a-0e6b-4496-9a6b-2cfc89fb2e69,Nita,Mondal,Female,31,Divorced,9417661687,"306, Ambedkar Marg",Muzaffarpur,Bihar,806367,O+,Plumber,Aadhaar,628682407620,True,2026-07-04T06:08:37.946738,2026-07-04T06:08:37.946738
7f81f9f6-48a7-4f96-864b-dff87f38d38a,Sadanand,Salunkhe,Male,27,Divorced,6317529594,"443, Green Park",Margao,Goa,403114,B+,Plumber,Aadhaar,747506929606,True,2026-07-04T06:08:37.946738,2026-07-04T06:08:37.946738
58de7df2-2a97-449c-934a-f408495f34de,Anil,Bansal,Male,28,Widowed,6429075392,"359, Church Street",Bhopal,Madhya Pradesh,450209,B+,Potter,Aadhaar,151075794351,True,2026-07-04T06:08:37.946738,2026-07-04T06:08:37.946738
5f81fb7f-9a68-47c7-bfda-7ac5882e5437,Pallavi,Aggarwal,Female,63,Widowed,7632808484,"61, Ring Road",Gurugram,Haryana,131077,B+,Government Employee,Aadhaar,528750535178,True,2026-07-04T06:08:37.946738,2026-07-04T06:08:37.946738
16071785-6508-43a4-bc76-e2a25e39ac40,Sudhir Ranjan,Halder,Male,19,Single,6367794160,"101, Gandhi Chowk",Jamshedpur,Jharkhand,813474,O+,Business,Aadhaar,180398694645,True,2026-07-04T06:08:37.946738,2026-07-04T06:08:37.946738
105160d9-9245-42ba-822b-67b905c08888,Kamal Kumar,Kurup,Male,50,Divorced,9135533018,"521, Hill Colony",Coimbatore,Tamil Nadu,611343,O+,Clerk,Aadhaar,822612782514,True,2026-07-04T06:08:37.946738,2026-07-04T06:08:37.946738
09aee06b-0205-41b2-a2ad-2f6e9765912c,Archana,Gupta,Female,19,Single,7185864524,"481, Temple Road",Agra,Uttar Pradesh,272546,B+,Engineer,Aadhaar,334735534535,True,2026-07-04T06:08:37.946738,2026-07-04T06:08:37.946738
fafb241c-3513-4fcb-85e2-3279b3eaf0e8,Ganesan,Reddy,Male,12,Single,8293808096,"972, Civil Lines",Bangalore,Karnataka,574384,B+,Weaver,Aadhaar,936792869763,True,2026-07-04T06:08:37.946738,2026-07-04T06:08:37.946738
99c5820f-8c8e-4972-b513-8d5e285938b2,Oindrila,Mitra,Female,12,Single,6172137418,"417, Old Bazaar",Asansol,West Bengal,717186,A+,Clerk,Aadhaar,511605393909,True,2026-07-04T06:08:37.946738,2026-07-04T06:08:37.946738
8b99e195-64eb-43d9-b0b4-c4ab87278892,Balaji,Gowda,Male,70,Divorced,8265540042,"79, Model Town",Kannur,Kerala,684227,O+,Engineer,Aadhaar,275410046845,True,2026-07-04T06:08:37.946738,2026-07-04T06:08:37.946738
db6d6ddb-d854-43fa-af2d-7299a5721ef0,Amitava,Biswas,Male,9,Single,6512782574,"289, Ring Road",Dhanbad,Jharkhand,816228,,Driver,Aadhaar,130109789455,True,2026-07-04T06:08:37.946738,2026-07-04T06:08:37.946738
b6169739-25a7-44c8-a77f-5ed7b4039953,Poonam,Srivastava,Female,25,Married,9917045124,"631, Temple Road",Varanasi,Uttar Pradesh,215027,A+,Priest,Aadhaar,695243969289,True,2026-07-04T06:08:37.946738,2026-07-04T06:08:37.946738
75bbcec8-e786-4096-aaae-70d749b681a4,Radha,Chettiar,Female,36,Married,9657617410,"759, Gandhi Chowk",Chennai,Tamil Nadu,621856,B+,Software Engineer,Aadhaar,564373529008,True,2026-07-04T06:08:37.946738,2026-07-04T06:08:37.946738
73e2cde0-e1a2-4bc2-bfb4-726fa62e9f80,Savita,Ahluwalia,Female,71,Divorced,9971954873,"851, Hill Colony",Faridabad,Haryana,129765,O+,Accountant,Aadhaar,260492928592,True,2026-07-04T06:08:37.946738,2026-07-04T06:08:37.946738
aaaaa43e-e578-4ec0-8208-78774f19906e,Malathi,Reddy,Female,15,Single,8119460657,"409, Lake View",Hyderabad,Telangana,509136,O+,Accountant,Aadhaar,516957482151,True,2026-07-04T06:08:37.946738,2026-07-04T06:08:37.946738
bd776b12-e06d-4bdb-83b6-9da194a8bf99,Kavita,Khanna,Female,38,Married,8760149777,"917, Temple Road",Jammu,Jammu and Kashmir,194162,B+,Carpenter,Aadhaar,520701135179,True,2026-07-04T06:08:37.946738,2026-07-04T06:08:37.946738
fbda8f4e-ebfa-43e4-a1ae-0fcc0413820d,Krupa,Nayak,Female,6,Single,7758237898,"670, Temple Road",Mysore,Karnataka,579262,B+,Labourer,Aadhaar,798512344775,True,2026-07-04T06:08:37.946738,2026-07-04T06:08:37.946738
a601379b-5fbf-4927-9daf-30130fcd4f2e,Indira,Gowda,Female,11,Single,7886341139,"278, Nehru Nagar",Hyderabad,Telangana,502854,O+,Accountant,Aadhaar,310263989915,True,2026-07-04T06:08:37.946738,2026-07-04T06:08:37.946738
7ae05f32-1c69-4852-9de8-143093987a5b,Ashish,Bhandari,Male,9,Single,6716107319,"406, Station Road",Navi Mumbai,Maharashtra,427689,O+,Student,Aadhaar,961432302639,True,2026-07-04T06:08:37.946738,2026-07-04T06:08:37.946738
90c0736e-b336-4f49-97c6-b9c38e182f65,Diana,Chavan,Female,26,Divorced,7571803591,"822, Shivaji Nagar",Navi Mumbai,Maharashtra,402634,B+,Government Employee,Aadhaar,115665891785,True,2026-07-04T06:08:37.946738,2026-07-04T06:08:37.946738
4c9cdfc3-ac94-475f-84e1-408eb38c271d,Dolly,Longkumer,Female,25,Widowed,8946513069,"846, Nehru Nagar",Guwahati,Assam,788768,B+,,Aadhaar,715901177409,True,2026-07-04T06:08:37.946738,2026-07-04T06:08:37.946738
68c6613d-995a-4510-a905-8890f0694081,Ashok,Behera,Male,32,Single,8245627171,"457, New Colony",Bhavnagar,Gujarat,365526,AB+,Nurse,Aadhaar,594832720014,True,2026-07-04T06:08:37.946738,2026-07-04T06:08:37.946738
cf5f5cdd-fece-47a9-8937-c4b4cea60d1d,Sanjay,Sidhu,Male,52,Single,7720941575,"454, River Side",Delhi,Delhi,110063,O+,Tailor,Aadhaar,176715133791,True,2026-07-04T06:08:37.946738,2026-07-04T06:08:37.946738
c26a6f08-dde0-443e-acbd-09583403f073,Pallavi,Chauhan,Female,69,Married,7766401061,"588, Model Town",Raipur,Chhattisgarh,496646,,Housewife,Aadhaar,819285693435,True,2026-07-04T06:08:37.946738,2026-07-04T06:08:37.946738
14fec45e-91c9-48ca-8a7e-9485287e7a75,Bhavani,Mukherjee,Female,7,Single,7215814573,"709, Lake View",Dhanbad,Jharkhand,816997,O-,Potter,Aadhaar,213631632719,True,2026-07-04T06:08:37.946738,2026-07-04T06:08:37.946738
d73301b2-7338-4276-8c4e-f3e9f84b8c3d,Jayanthi,Nayak,Female,58,Single,9783915969,"367, New Colony",Kolkata,West Bengal,735692,A+,Clerk,Aadhaar,753250851612,True,2026-07-04T06:08:37.946738,2026-07-04T06:08:37.946738
8723c73f-12f8-4a49-9840-d94b8ed9cc7d,Vaidehi,Gowda,Female,39,Single,7283596986,"810, Hill Colony",Bangalore,Karnataka,573062,B-,,Aadhaar,406693148814,True,2026-07-04T06:08:37.946738,2026-07-04T06:08:37.946738
6f4e2ad1-0175-47a9-ad19-8d6617cb4e8c,Madhuri,Sekhon,Female,52,Widowed,6537274964,"446, Gandhi Chowk",Noida,Uttar Pradesh,220678,,Engineer,Aadhaar,989220566034,True,2026-07-04T06:08:37.946738,2026-07-04T06:08:37.946738
88a88a33-9a76-4827-9b5b-5003da668bca,Yogesh,Gandhi,Male,36,Married,9526516494,"183, Ambedkar Marg",Pune,Maharashtra,401506,B+,Homemaker,Aadhaar,279187655838,True,2026-07-04T06:08:37.946738,2026-07-04T06:08:37.946738
e8eef59b-1861-4725-a7a6-6f418bd82645,Ritu,Srivastava,Female,13,Single,6507678023,"200, Gandhi Chowk",Meerut,Uttar Pradesh,241896,,Software Engineer,Aadhaar,333031460150,True,2026-07-04T06:08:37.946738,2026-07-04T06:08:37.946738
8196cf8d-3ceb-4729-9a65-64c76b6a348f,Ketan,Nanda,Male,49,Divorced,8258989500,"973, River Side",Jaipur,Rajasthan,326810,A+,Electrician,Aadhaar,968773436065,True,2026-07-04T06:08:37.946738,2026-07-04T06:08:37.946738
eecf1b0c-1d54-4b8c-9df0-6b31c460b845,Rekha,Chahal,Female,12,Single,9139815584,"445, Nehru Nagar",Amritsar,Punjab,150116,O+,Housewife,Aadhaar,417531649518,True,2026-07-04T06:08:37.946738,2026-07-04T06:08:37.946738
ac81d75d-04f0-46ba-92ba-3a10a4329626,Anitha,Gowda,Female,36,Married,8255252611,"976, Gandhi Chowk",Hyderabad,Telangana,501627,O+,Accountant,Aadhaar,357111578453,True,2026-07-04T06:08:37.946738,2026-07-04T06:08:37.946738
7fbe14b0-9e65-4b96-badf-c5b581d468b8,Renu,Singh,Female,64,Single,7705289250,"299, Station Road",Raipur,Chhattisgarh,493788,O+,Fisherman,Aadhaar,638149275339,True,2026-07-04T06:08:37.946738,2026-07-04T06:08:37.946738
186c9245-22ef-4626-9092-0fb5ef77687a,Gopinath,Nambiar,Male,74,Married,9877720749,"905, Ring Road",Kollam,Kerala,671625,A+,Plumber,Aadhaar,730096699286,True,2026-07-04T06:08:37.946738,2026-07-04T06:08:37.946738
abb4b314-5313-4fde-9430-974fb10fb377,Sohini,Mondal,Female,19,Single,9430439588,"419, Temple Road",Kolkata,West Bengal,714301,B+,,Aadhaar,250710400590,True,2026-07-04T06:08:37.946738,2026-07-04T06:08:37.946738
cab4aefc-e26e-47f6-919b-0448ca22b5a1,Dinesh Kumar,Naicker,Male,22,Widowed,9438706706,"917, Temple Road",Kochi,Kerala,685093,B+,Carpenter,Aadhaar,535411460630,True,2026-07-04T06:08:37.946738,2026-07-04T06:08:37.946738
6e159c0f-0217-41fd-beb8-c8a89da19948,Sagarika,Rout,Female,77,Widowed,6328176102,"171, Ring Road",Ranchi,Jharkhand,817647,O+,Weaver,Aadhaar,320560069671,True,2026-07-04T06:08:37.946738,2026-07-04T06:08:37.946738
7b4e5c53-0272-483f-b97f-28248abc96bc,Gautam,Dey,Male,19,Single,6114171290,"17, Ring Road",Bhubaneswar,Odisha,769750,B+,,Aadhaar,465298903303,True,2026-07-04T06:08:37.946738,2026-07-04T06:08:37.946738
2c70b3c6-bb06-48b5-b591-a40d88aad7d8,Pradeep,Bhalla,Male,81,Married,8739271716,"683, Gandhi Chowk",Jhansi,Uttar Pradesh,271377,AB+,Clerk,Aadhaar,733324206771,True,2026-07-04T06:08:37.946738,2026-07-04T06:08:37.946738
fecaea94-3788-4fe5-9eb4-1c3b00e71787,Vivek,Sekhon,Male,33,Married,9484317762,"37, River Side",Delhi,Delhi,110043,O+,Housewife,Aadhaar,512155115932,True,2026-07-04T06:08:37.946738,2026-07-04T06:08:37.946738
bfe2fd92-c76f-4a7d-8962-89013a72ac8a,Mangesh,Deshmukh,Male,29,Married,8728894931,"330, MG Road",Nashik,Maharashtra,412531,AB-,Potter,Aadhaar,495552693138,True,2026-07-04T06:08:37.946738,2026-07-04T06:08:37.946738
cd152549-713e-4df0-ad08-676a823ced8a,Vandana,Dubey,Female,34,Widowed,6752392160,"712, Market Yard",Jalandhar,Punjab,143645,B+,Housewife,Aadhaar,229046887186,True,2026-07-04T06:08:37.946738,2026-07-04T06:08:37.946738
5323d539-7ccf-403b-a515-3d8de8166fa3,Vijay,Sawant,Male,25,Single,8315921941,"551, Model Town",Mumbai,Maharashtra,426013,O+,Weaver,Aadhaar,615916270253,True,2026-07-04T06:08:37.946738,2026-07-04T06:08:37.946738
8e32369d-940d-4989-ab71-49bc6531dcb7,Mrinal Kanti,Ghosh,Male,40,Married,8538537428,"567, Green Park",Kolkata,West Bengal,711649,B+,Labourer,Aadhaar,233887045164,True,2026-07-04T06:08:37.946738,2026-07-04T06:08:37.946738
3b100bf2-364c-4d88-81ce-b8a197650914,Varsha,Chokshi,Female,59,Divorced,9340147862,"91, Model Town",Nashik,Maharashtra,443529,O+,Potter,Aadhaar,305553125475,True,2026-07-04T06:08:37.946738,2026-07-04T06:08:37.946738
8c2be4f7-fc18-4423-b755-769e15109b9c,Rita,Vaidya,Female,51,Married,7845680962,"825, Temple Road",Thane,Maharashtra,411688,O+,Government Employee,Aadhaar,113992441874,True,2026-07-04T06:08:37.946738,2026-07-04T06:08:37.946738
70947e3c-a28e-4ca0-9960-97c3b3fded64,Pooja,Sharma,Female,59,Widowed,8739914733,"572, Ring Road",Delhi,Delhi,110033,AB+,Homemaker,Aadhaar,168322290222,True,2026-07-04T06:08:37.946738,2026-07-04T06:08:37.946738
76da2a0a-0ceb-4602-9dc1-97b8b445b72c,Nirav,Acharya,Male,28,Divorced,8167656907,"892, Market Yard",Hyderabad,Telangana,505737,,Farmer,Aadhaar,522409330945,True,2026-07-04T06:08:37.946738,2026-07-04T06:08:37.946738
ceef0cf4-bec1-4965-a746-65cda97b8bd0,Falguni,Shukla,Female,20,Single,9194725071,"145, Model Town",Surat,Gujarat,382307,A+,Farmer,Aadhaar,624005474437,True,2026-07-04T06:08:37.946738,2026-07-04T06:08:37.946738
53333167-4b07-4e72-8228-0605b4e62861,Anil,Sidhu,Male,45,Widowed,9953676799,"255, Temple Road",Delhi,Delhi,110055,B+,Housewife,Aadhaar,545561622719,True,2026-07-04T06:08:37.946738,2026-07-04T06:08:37.946738
46df2869-5aec-4eaa-a5c1-3f578873d24c,Harpreet,Dhillon,Male,28,Married,6817911008,"82, Station Road",Lucknow,Uttar Pradesh,211946,O+,Clerk,Aadhaar,919473611015,True,2026-07-04T06:08:37.946738,2026-07-04T06:08:37.946738
0ebc7b98-e843-4e87-806c-9750b616e592,Gurpreet,Doley,Male,19,Single,6925120434,"360, College Road",Ludhiana,Punjab,152058,A+,,Aadhaar,289209458833,True,2026-07-04T06:08:37.946738,2026-07-04T06:08:37.946738
30e700ea-fd35-4361-aa60-18a0b9bffc05,Hema,Acharya,Female,25,Widowed,9661050310,"957, Station Road",Bangalore,Karnataka,580248,A+,Government Employee,Aadhaar,353964384827,True,2026-07-04T06:08:37.946738,2026-07-04T06:08:37.946738
625a98df-6144-4846-a15f-5f0a016831ef,Moushumi,Guha,Female,33,Divorced,6520931654,"717, Shivaji Nagar",Patna,Bihar,827675,O+,Labourer,Aadhaar,252898974769,True,2026-07-04T06:08:37.946738,2026-07-04T06:08:37.946738
e6e9c073-a805-4b8e-b257-6dc764bdeca8,Anitha,Krishnan,Female,53,Widowed,9869469163,"697, MG Road",Hyderabad,Telangana,503148,B+,Accountant,Aadhaar,496792861381,True,2026-07-04T06:08:37.946738,2026-07-04T06:08:37.946738
c0690a3a-aa76-4b16-8efd-c530e1de0cc3,Satpal,Panicker,Male,59,Widowed,8405604815,"533, Shivaji Nagar",Hyderabad,Telangana,507547,B+,Fisherman,Aadhaar,235867238067,True,2026-07-04T06:08:37.946738,2026-07-04T06:08:37.946738
7a0d0de5-9ab6-40cc-8179-28c13c1aee96,Riya,Chokshi,Female,51,Married,6682376722,"515, Ring Road",Mumbai,Maharashtra,420349,O+,Government Employee,Aadhaar,102993272840,True,2026-07-04T06:08:37.946738,2026-07-04T06:08:37.946738
8d1e2104-020e-4efb-9ef8-0c5c5428b092,Ramesh,Agarwal,Male,14,Single,8649758399,"877, Hill Colony",Haridwar,Uttarakhand,248376,A+,Weaver,Aadhaar,287833198850,True,2026-07-04T06:08:37.946738,2026-07-04T06:08:37.946738
1cd1d217-e366-45da-acae-36a7bd26133e,Nisha,Goyal,Female,43,Married,7682729224,"888, New Colony",Dharamshala,Himachal Pradesh,175632,B+,Priest,Aadhaar,628243829811,True,2026-07-04T06:08:37.946738,2026-07-04T06:08:37.946738
f6db1ac5-a4dc-4858-9d21-6daa76614121,Vandana,Doshi,Female,39,Widowed,6640851342,"223, Green Park",Aligarh,Uttar Pradesh,204094,O+,Student,Aadhaar,939464891697,True,2026-07-04T06:08:37.946738,2026-07-04T06:08:37.946738
83624e1c-202e-496a-8a9d-d2fd7e75a46d,Kuldeep,Pandey,Male,5,Single,6335144397,"878, Church Street",Ujjain,Madhya Pradesh,483711,O+,Potter,Aadhaar,824258755699,True,2026-07-04T06:08:37.946738,2026-07-04T06:08:37.946738
a3ec6e68-b6aa-45e5-8f89-0e285f84fd4f,Simran,Bisht,Female,40,Widowed,7384149264,"33, Church Street",Chandigarh,Chandigarh,160047,B+,Labourer,Aadhaar,754395213216,True,2026-07-04T06:08:37.946738,2026-07-04T06:08:37.946738
6cc8a782-8c56-4411-9dd5-ef247534ae30,Dulal,Shetty,Male,44,Single,7756474461,"450, Green Park",Muzaffarpur,Bihar,851558,O+,Software Engineer,Aadhaar,487764562417,True,2026-07-04T06:08:37.946738,2026-07-04T06:08:37.946738
d508a37f-bc6c-49f9-af1a-31b7f55309ec,Meera,Gill,Female,57,Divorced,7942418225,"890, River Side",Jalandhar,Punjab,143626,O+,Weaver,Aadhaar,540505712955,True,2026-07-04T06:08:37.946738,2026-07-04T06:08:37.946738
1b72f0d8-f9b1-4dd0-8527-aaca765586d3,Komal,Deshmukh,Female,38,Single,6103786362,"642, Gandhi Chowk",Kolhapur,Maharashtra,428865,O+,Fisherman,Aadhaar,495098223067,True,2026-07-04T06:08:37.946738,2026-07-04T06:08:37.946738
a58eb594-82b4-4a43-9ce3-91aa5db4db9d,Jyoti,Joshi,Female,24,Widowed,9782155216,"868, Green Park",Darbhanga,Bihar,817692,A+,Housewife,Aadhaar,640378085375,True,2026-07-04T06:08:37.946738,2026-07-04T06:08:37.946738
c00f6e71-821e-4bf6-b98d-83cc66917938,Pravin,Mehta,Male,11,Single,7514442399,"642, Lake View",Solapur,Maharashtra,429819,A+,Driver,Aadhaar,125610646393,True,2026-07-04T06:08:37.946738,2026-07-04T06:08:37.946738
3b5649e8-2514-4c93-8b05-e2f1e79bd15d,Kajal,Vora,Female,53,Single,7644212476,"527, Green Park",Kalyan,Maharashtra,425577,A+,Tailor,Aadhaar,161921880179,True,2026-07-04T06:08:37.946738,2026-07-04T06:08:37.946738
20bb0c76-06b2-4ed8-a476-48e09b416401,Vijay,Neog,Male,15,Single,9130120992,"861, Civil Lines",Vasai-Virar,Maharashtra,424447,O+,Software Engineer,Aadhaar,863427233576,True,2026-07-04T06:08:37.946738,2026-07-04T06:08:37.946738
6ce98a80-048f-4336-93f6-7380f3b82b7b,Divya,Krishnan,Female,5,Single,6960977003,"989, Green Park",Bangalore,Karnataka,581628,AB-,Carpenter,Aadhaar,416967795762,True,2026-07-04T06:08:37.946738,2026-07-04T06:08:37.946738
053ffe1e-5c09-4efa-b77b-fad253e575c3,Madhavi,Naik,Female,20,Single,6949419538,"141, Market Yard",Mumbai,Maharashtra,436710,A+,Teacher,Aadhaar,171092287065,True,2026-07-04T06:08:37.946738,2026-07-04T06:08:37.946738
7373fab9-12b7-428f-a202-6c2fea18f95b,Mangesh,Patil,Male,13,Single,6925079878,"445, New Colony",Kalyan,Maharashtra,421187,B+,Doctor,Aadhaar,259461037477,True,2026-07-04T06:08:37.946738,2026-07-04T06:08:37.946738
15d6d9ce-d17a-4c04-bab3-b538ae9d82b7,Praveen Kumar,Iyengar,Male,55,Divorced,6896454459,"880, Model Town",Bangalore,Karnataka,575999,A+,Retired,Aadhaar,821606490189,True,2026-07-04T06:08:37.946738,2026-07-04T06:08:37.946738
7d386f34-9f90-4c4b-a79a-94bf36904196,Arun,Ramanathan,Male,5,Single,6194606585,"554, Civil Lines",Kochi,Kerala,675833,B+,Weaver,Aadhaar,424954728060,True,2026-07-04T06:08:37.946738,2026-07-04T06:08:37.946738
a468649b-3933-4872-98ac-f671cbda9424,Sudesh,Vora,Female,39,Single,6588032694,"195, Shivaji Nagar",Delhi,Delhi,110038,B+,Carpenter,Aadhaar,418493677670,True,2026-07-04T06:08:37.946738,2026-07-04T06:08:37.946738
0e3383f9-3044-4d2d-b204-e4cd38c72bc9,Surinder,Tiwari,Male,66,Single,9885991184,"563, River Side",Faridabad,Haryana,123184,AB+,Accountant,Aadhaar,291710341944,True,2026-07-04T06:08:37.946738,2026-07-04T06:08:37.946738
c8a54387-6d57-4ef4-8db3-794069d50d47,Sushma,Gandhi,Female,24,Married,9755834222,"275, Old Bazaar",Kolhapur,Maharashtra,426586,B+,,Aadhaar,778951107902,True,2026-07-04T06:08:37.946738,2026-07-04T06:08:37.946738
4fc117fc-5c39-41e9-84f6-870ac51a5027,Radha,Acharya,Female,51,Widowed,8979089717,"824, New Colony",Warangal,Telangana,504178,,Priest,Aadhaar,462104132663,True,2026-07-04T06:08:37.946738,2026-07-04T06:08:37.946738
b8319ee3-538b-44f9-b1ef-adeff583abef,Ratna,Sarkar,Female,29,Single,6615733140,"837, Green Park",Durgapur,West Bengal,707506,AB+,Priest,Aadhaar,137312244365,True,2026-07-04T06:08:37.946738,2026-07-04T06:08:37.946738
3a690834-d8d8-4236-9733-894c0c294841,Hiranya,Kelkar,Male,6,Single,6133904072,"523, Gandhi Chowk",Rajkot,Gujarat,395838,A+,Weaver,Aadhaar,620631783719,True,2026-07-04T06:08:37.946738,2026-07-04T06:08:37.946738
d653a14b-947e-4540-a518-2fdbc6d72e78,Shrikant,Naik,Male,12,Single,8439222080,"878, Civil Lines",Mumbai,Maharashtra,444155,O+,Business,Aadhaar,171701969103,True,2026-07-04T06:08:37.946738,2026-07-04T06:08:37.946738
f77a8f32-0788-4fcc-b437-df367441dd0a,Vandana,Pandey,Female,65,Divorced,8912147469,"538, Shivaji Nagar",Faridabad,Haryana,122161,B+,Shopkeeper,Aadhaar,848065720831,True,2026-07-04T06:08:37.946738,2026-07-04T06:08:37.946738
3c14fe83-0c20-4b11-a6ef-1e2bf881c37b,Dulal,Mahato,Male,13,Single,9420378414,"763, Ambedkar Marg",Howrah,West Bengal,720205,O+,Student,Aadhaar,505904786476,True,2026-07-04T06:08:37.946738,2026-07-04T06:08:37.946738
d8ce3ed6-76bc-45bb-892f-04bd8bb58228,Trupti,Barman,Female,34,Single,8408529882,"550, Hill Colony",Guwahati,Assam,781589,A+,Electrician,Aadhaar,557256991778,True,2026-07-04T06:08:37.946738,2026-07-04T06:08:37.946738
ef2cb0ac-da6c-4f40-a79a-6a37cff46298,Kalpesh,Pawar,Male,76,Married,6951515914,"175, Old Bazaar",Jodhpur,Rajasthan,313662,A+,Driver,Aadhaar,343011525009,True,2026-07-04T06:08:37.946738,2026-07-04T06:08:37.946738
152ef4cd-c138-42c6-b84e-bbd3b98a9ed4,Ranganathan,Venkataraman,Male,36,Widowed,6813302687,"21, Green Park",Chennai,Tamil Nadu,617355,AB+,Electrician,Aadhaar,605035076689,True,2026-07-04T06:08:37.946738,2026-07-04T06:08:37.946738
e91c5584-9b0f-4ede-8014-37d54df1e88e,Sameer,Desai,Male,79,Widowed,8441585383,"549, Market Yard",Mumbai,Maharashtra,402955,O+,Weaver,Aadhaar,548688719692,True,2026-07-04T06:08:37.946738,2026-07-04T06:08:37.946738
1fa31c4e-6e97-472f-88c9-5729663a143b,Jonali,Chettiar,Female,20,Single,6288994788,"561, Green Park",Hyderabad,Telangana,503518,O-,Business,Aadhaar,495259204174,True,2026-07-04T06:08:37.946738,2026-07-04T06:08:37.946738
16525421-d12e-4037-8c52-ab10822cd8aa,Lopamudra,Shroff,Female,11,Single,7612800915,"235, Sector 12",Mumbai,Maharashtra,411083,B+,Priest,Aadhaar,534522410583,True,2026-07-04T06:08:37.946738,2026-07-04T06:08:37.946738
3c7cf80c-43c2-4ab7-8ab5-6f33d33d4c68,Jyoti,Yimchunger,Female,21,Widowed,7256287673,"73, New Colony",Prayagraj,Uttar Pradesh,211110,A+,Labourer,Aadhaar,427611160599,True,2026-07-04T06:08:37.946738,2026-07-04T06:08:37.946738
33bc642f-c2f5-45b5-b9d6-637b35cc4e93,Rajinder,Grover,Male,38,Widowed,8903235863,"15, Ring Road",Noida,Uttar Pradesh,241920,B+,Potter,Aadhaar,932218107454,True,2026-07-04T06:08:37.946738,2026-07-04T06:08:37.946738
b5bd558c-779d-4c64-87a3-b1881f74b2ae,Rita,Salunkhe,Female,8,Single,6622816288,"57, Nehru Nagar",Margao,Goa,403064,O+,Farmer,Aadhaar,393950473427,True,2026-07-04T06:08:37.946738,2026-07-04T06:08:37.946738
9b94727c-94a4-42cf-a9cb-ac472d0075b6,Ashish,Amin,Male,45,Married,8549663009,"608, MG Road",Mumbai,Maharashtra,408636,A+,Doctor,Aadhaar,649979713754,True,2026-07-04T06:08:37.946738,2026-07-04T06:08:37.946738
4501d9b5-ca3c-4101-ba1d-b17533a937df,Sudip,Achari,Male,7,Single,9595996808,"150, Shivaji Nagar",Vijayawada,Andhra Pradesh,527427,A+,Retired,Aadhaar,405912034393,True,2026-07-04T06:08:37.946738,2026-07-04T06:08:37.946738
bda6f93b-fe38-4b52-a360-98b79b6c223c,Manisha,Chatterjee,Female,41,Widowed,8914823590,"278, River Side",Berhampur,Odisha,753209,A+,Clerk,Aadhaar,649311419341,True,2026-07-04T06:08:37.946738,2026-07-04T06:08:37.946738
eed4399b-f90c-439a-85d4-1ad7a9b3c513,Nripen,Kalita,Male,6,Single,9231628769,"526, College Road",Gangtok,Sikkim,737131,O+,Plumber,Aadhaar,884685051743,True,2026-07-04T06:08:37.946738,2026-07-04T06:08:37.946738
df650d07-b775-40e8-85b4-7a84b7876c15,Bhavna,Vora,Female,6,Single,8596716909,"81, Civil Lines",Mumbai,Maharashtra,414338,O+,Engineer,Aadhaar,549702963469,True,2026-07-04T06:08:37.946738,2026-07-04T06:08:37.946738
d5343e10-1596-41eb-8ee0-abb18f4fba65,Nikhil,Sawant,Male,68,Divorced,7499425712,"658, Temple Road",Jalgaon,Maharashtra,437167,O+,Fisherman,Aadhaar,364895685772,True,2026-07-04T06:08:37.946738,2026-07-04T06:08:37.946738
2d0d8694-7059-4093-ab87-2217f09b165d,Bibhuti,Venkataraman,Male,56,Married,8560128111,"388, Gandhi Chowk",Chennai,Tamil Nadu,601817,,Carpenter,Aadhaar,171738949884,True,2026-07-04T06:08:37.946738,2026-07-04T06:08:37.946738
