id,patient_id,medical_record_id,ai_plan,ml_context,doctor_rating,doctor_comments,is_retrained,created_at
2f3bf262-c335-4298-9a50-7d3724ecf58e,4fb5f8e9-de14-4ad2-a28d-8eb25e69f54a,78d71c79-1d22-465a-8a7d-f40e4f88f6b6,{},"{""disease"":""Common Cold"",""dosha"":""Kapha"",""prakriti"":""Kapha"",""season"":""Shishira""}",negative,Patient responded well to treatment.,False,2026-07-03T11:05:33.265506
5a61a8c2-61a5-4915-924f-e0a7d6854219,6e84f7a6-eb67-48e5-9d55-6a4a09594123,57df80b1-368d-4040-8730-421348fec7ea,{},"{""disease"":""Common Cold"",""dosha"":""Kapha"",""prakriti"":""Kapha"",""season"":""Shishira""}",positive,"Minimal response, dosage adjusted.",False,2026-07-03T11:05:33.265506
6e3e1ac3-b341-40c0-8313-b9aaeb3fbf8a,e2149137-65cc-48e3-81d8-5226fe2dcfa1,597b3475-7b06-419c-8c0f-8371e4cd5a87,{},"{""disease"":""Constipation (Vibandha)"",""dosha"":""Vata"",""prakriti"":""Vata"",""season"":""Shishira""}",positive,Excellent recovery.,False,2026-07-03T11:05:33.265506
b382c854-6d1a-46a4-b299-1cde0dea8b70,98e6ba41-b762-4752-aa46-66120355f8de,02eae712-112e-4d47-90cd-45224829040c,{},"{""disease"":""Cough (Kasa)"",""dosha"":""Kapha"",""prakriti"":""Kapha"",""season"":""Shishira""}",positive,"Minimal response, dosage adjusted.",False,2026-07-03T11:05:33.265506
179f91b8-bd56-4300-8a35-8088a2a911f3,d1922d18-a85a-4413-8f30-0a1e25b7dfb3,c3246405-5b7a-4846-997a-ca5c11dc61d2,{},"{""disease"":""Common Cold"",""dosha"":""Kapha"",""prakriti"":""Kapha"",""season"":""Shishira""}",positive,Patient responded well to treatment.,False,2026-07-03T11:05:33.265506
d181036c-a5dd-4744-8b81-fed62cf70fdc,ee8a5344-5c59-46af-bbc4-14de251c5771,eb83c75e-f0a1-4868-927d-a13485711e34,{},"{""disease"":""Joint Pain (Amavata)"",""dosha"":""Vata"",""prakriti"":""Vata"",""season"":""Shishira""}",positive,"Minimal response, dosage adjusted.",False,2026-07-03T11:05:33.265506
cf136d7c-48af-42b5-8b4b-bd479d880127,1d00dc35-fc33-470a-be8d-e14e80b17e40,ad5484c9-61ae-433f-861f-3844e92b3f80,{},"{""disease"":""Bronchitis (Kasa)"",""dosha"":""Kapha"",""prakriti"":""Kapha"",""season"":""Shishira""}",positive,Excellent recovery.,False,2026-07-03T11:05:33.265506
84690bfa-22bf-4802-b9f8-653a00e67604,726a0544-9ef5-4fcc-a522-5ed2b32a0dd5,ac687b5a-6b24-4f79-9629-1ad4dc9cc510,{},"{""disease"":""Constipation (Vibandha)"",""dosha"":""Vata"",""prakriti"":""Vata"",""season"":""Shishira""}",negative,Good improvement noted after 2 weeks.,False,2026-07-03T11:05:33.265506
f56ded28-2e9d-46f5-b496-1128e4d803fd,d86aac54-f472-4863-b75f-da024a0445c4,cae0b290-c1f1-45d2-b068-29d09fd0001c,{},"{""disease"":""Asthma (Tamaka Shwasa)"",""dosha"":""Kapha"",""prakriti"":""Kapha"",""season"":""Shishira""}",positive,Good improvement noted after 2 weeks.,False,2026-07-03T11:05:33.265506
1376a829-0abd-4576-a4f7-192f43149aae,ce660c61-3a43-416d-97ea-38320d61464b,05444958-218d-4a35-b0d9-49702f4f70e5,{},"{""disease"":""Joint Pain (Amavata)"",""dosha"":""Vata"",""prakriti"":""Vata"",""season"":""Shishira""}",positive,,False,2026-07-03T11:05:33.265506
cd82e90a-820d-423b-a899-0ce872ce61d7,4424bbef-e9cf-45b6-8f78-d9063f13c9f0,e69608c0-c002-4dc3-9a3b-14522c9b21f1,{},"{""disease"":""Constipation (Vibandha)"",""dosha"":""Vata"",""prakriti"":""Vata"",""season"":""Shishira""}",positive,Good improvement noted after 2 weeks.,False,2026-07-03T11:05:33.265506
f868e998-685c-47da-87cf-b5281b5a2bc8,bcd5d8a7-dbef-4a86-9f3f-5d9203ee44f1,e752ce83-be90-4cb2-b387-38267a2289b7,{},"{""disease"":""Asthma (Tamaka Shwasa)"",""dosha"":""Kapha"",""prakriti"":""Kapha"",""season"":""Shishira""}",positive,,False,2026-07-03T11:05:33.265506
b5589558-2515-4a93-a5ed-b9a977855a5e,23693197-f808-4c2b-b8d5-95c6ad1929cc,a23b0adb-6742-4e2a-9715-9212f5ffe30d,{},"{""disease"":""Common Cold"",""dosha"":""Kapha"",""prakriti"":""Kapha"",""season"":""Shishira""}",positive,,False,2026-07-03T11:05:33.265506
372c6c41-088c-4f9a-ad31-f905c7b0c304,c549a658-4581-40d1-b0a2-3b3070b94950,b9e20a7e-3f55-4a6b-bfc2-c047827dfc0b,{},"{""disease"":""Joint Pain (Amavata)"",""dosha"":""Vata"",""prakriti"":""Vata"",""season"":""Shishira""}",positive,Excellent recovery.,False,2026-07-03T11:05:33.265506
8e83d8b7-dffe-4732-83f0-f3831d7c478d,802e48c6-0dbc-460b-a0e5-64d9eea7fc53,a57aa030-e362-40c4-886c-9d20211e1392,{},"{""disease"":""Common Cold"",""dosha"":""Kapha"",""prakriti"":""Kapha"",""season"":""Shishira""}",positive,,False,2026-07-03T11:05:33.265506
cde93280-14e6-41b0-bbe3-d01a14ce2630,6910e26f-e6ca-45ef-9c45-4dee264db0f8,df231e61-8093-45ea-ab2d-2237b803b260,{},"{""disease"":""Common Cold"",""dosha"":""Kapha"",""prakriti"":""Kapha"",""season"":""Shishira""}",positive,Good improvement noted after 2 weeks.,False,2026-07-03T11:05:33.265506
6e38f04c-d15d-4a97-b433-0db8f6cd151f,47858567-6aac-44d7-9781-0cc941cbdfe4,ba0687be-b29e-4d28-8442-0f23a8cab6e2,{},"{""disease"":""Asthma (Tamaka Shwasa)"",""dosha"":""Kapha"",""prakriti"":""Kapha"",""season"":""Shishira""}",positive,Requires follow-up after 1 month.,False,2026-07-03T11:05:33.265506
124e5234-e98f-4b77-909b-dcae7e5bc608,20e3faa4-c35f-4b69-b0cc-33fb8d47f6c5,8d930eae-724c-4b9b-94ac-32857de3cad6,{},"{""disease"":""Joint Pain (Amavata)"",""dosha"":""Vata"",""prakriti"":""Vata"",""season"":""Shishira""}",positive,Good improvement noted after 2 weeks.,False,2026-07-03T11:05:33.265506
bc5ef87f-1ccd-438c-838f-852583af4b29,e07cfeba-3c9f-4102-a70a-39204c01fc3f,c1dfbd4f-0d54-4277-9f2c-4cf205ad8870,{},"{""disease"":""Asthma (Tamaka Shwasa)"",""dosha"":""Kapha"",""prakriti"":""Kapha"",""season"":""Shishira""}",positive,Requires follow-up after 1 month.,False,2026-07-03T11:05:33.265506
b4fab4ea-84f0-46a7-83e9-253b6a5bcfc1,6ee05050-0903-4d67-b686-bc9ee67f4818,378759d1-de13-4ef4-8cb3-2a005b28f11d,{},"{""disease"":""Asthma (Tamaka Shwasa)"",""dosha"":""Kapha"",""prakriti"":""Kapha"",""season"":""Shishira""}",positive,Excellent recovery.,False,2026-07-03T11:05:33.265506
468fa595-f566-4984-a371-2248c052ba70,b7b3f2ca-7786-42cd-b1d9-c40140828041,2649daef-96e5-4a5c-9f24-ffb8a5595960,{},"{""disease"":""Asthma (Tamaka Shwasa)"",""dosha"":""Kapha"",""prakriti"":""Kapha"",""season"":""Shishira""}",negative,Good improvement noted after 2 weeks.,False,2026-07-03T11:05:33.265506
6de6808a-0c3c-48b8-85fd-f19ec081350b,6d861f09-0077-420a-9c25-d085b2b7a889,cc8fa71b-8090-4ecd-bb5e-f894e41ca273,{},"{""disease"":""Joint Pain (Amavata)"",""dosha"":""Vata"",""prakriti"":""Vata"",""season"":""Shishira""}",positive,Patient responded well to treatment.,False,2026-07-03T11:05:33.265506
422ef501-431b-4c5d-9a93-43a9ce00be27,98321cdc-abcd-42c7-9f17-b906cbfb79f8,9bdb18e7-24d4-45db-b035-b95b07d03a1f,{},"{""disease"":""Asthma (Tamaka Shwasa)"",""dosha"":""Kapha"",""prakriti"":""Kapha"",""season"":""Shishira""}",positive,Patient responded well to treatment.,False,2026-07-03T11:05:33.265506
436edb7d-ae19-4fae-a3d5-aec89819cfed,b70fedb3-9048-42f5-9ac3-63f66ecfb90a,0e709190-34e2-468a-b0bd-0e41aba3f09a,{},"{""disease"":""Common Cold"",""dosha"":""Kapha"",""prakriti"":""Kapha"",""season"":""Shishira""}",positive,Patient responded well to treatment.,False,2026-07-03T11:05:33.265506
b775d3d9-b93f-4dc2-b60a-b5d4ba2ba223,441f1874-a9fd-4f31-9e85-d4112f97f7a7,f5dcae84-3e45-4b53-9cd2-24163436d08e,{},"{""disease"":""Asthma (Tamaka Shwasa)"",""dosha"":""Kapha"",""prakriti"":""Kapha"",""season"":""Shishira""}",positive,Requires follow-up after 1 month.,False,2026-07-03T11:05:33.265506
3f575edc-2b07-462a-b404-30dd880cb79b,a265ce0b-ca57-415e-93d7-a18f14fc40d2,80b8bb9d-7947-4ce9-b327-a5ab9d6313fd,{},"{""disease"":""Cough (Kasa)"",""dosha"":""Kapha"",""prakriti"":""Kapha"",""season"":""Shishira""}",positive,Good improvement noted after 2 weeks.,False,2026-07-03T11:05:33.265506
a9c1ff76-8fb4-4971-a351-5928c1b2c8b0,20331df7-0754-45ff-80e8-a441eef41dc7,c666dd64-4bac-4f21-8ed2-034ebfc56e04,{},"{""disease"":""Common Cold"",""dosha"":""Kapha"",""prakriti"":""Kapha"",""season"":""Shishira""}",positive,Patient responded well to treatment.,False,2026-07-03T11:05:33.265506
7ec30158-31d4-4171-bd75-54aa8bd086fe,b41f8f15-7d78-4d16-9e4e-2e3d0ba431d1,70015b5c-1477-4eb4-bb24-72b432e67e67,{},"{""disease"":""Bronchitis (Kasa)"",""dosha"":""Kapha"",""prakriti"":""Kapha"",""season"":""Shishira""}",positive,"Minimal response, dosage adjusted.",False,2026-07-03T11:05:33.265506
97f89707-2887-4183-8589-996606e5220d,8fc7efec-f525-4ece-94f6-0f21afc8d133,68f6f007-3770-4f42-9406-51ca62cfcbe4,{},"{""disease"":""Bronchitis (Kasa)"",""dosha"":""Kapha"",""prakriti"":""Kapha"",""season"":""Shishira""}",negative,"Minimal response, dosage adjusted.",False,2026-07-03T11:05:33.265506
4b44b6e2-be89-4dfe-a3d7-49ffeca9555f,3a327c93-4fc0-46b9-b640-0e78ce6054dd,cf095312-7f59-4ea2-98d6-08e63c6822ea,{},"{""disease"":""Joint Pain (Amavata)"",""dosha"":""Vata"",""prakriti"":""Vata"",""season"":""Shishira""}",negative,Requires follow-up after 1 month.,False,2026-07-03T11:05:33.265506
729f681c-8dc9-4349-abe9-508afd5fb627,53db3cd7-08f8-47a6-b232-e756d58e049e,e2428cb1-78cb-4110-bf92-c856d0ae190d,{},"{""disease"":""Joint Pain (Amavata)"",""dosha"":""Vata"",""prakriti"":""Vata"",""season"":""Shishira""}",negative,Requires follow-up after 1 month.,False,2026-07-03T11:05:33.265506
27ecba33-edb5-4364-adc3-902a60b10e7d,b8304e0a-3a8f-4b14-b867-3bd6e4ae8233,88bec2cc-f5a4-4cdf-bb7d-b2351f1b49e9,{},"{""disease"":""Cough (Kasa)"",""dosha"":""Kapha"",""prakriti"":""Kapha"",""season"":""Shishira""}",positive,Requires follow-up after 1 month.,False,2026-07-03T11:05:33.265506
a0ed4ef5-c184-406b-88b9-3b14867f4313,5814e1dc-d0e2-4f4d-98ca-44720ea1c7f5,305b4730-ec4e-491c-8eb7-598ebef4cba9,{},"{""disease"":""Cough (Kasa)"",""dosha"":""Kapha"",""prakriti"":""Kapha"",""season"":""Shishira""}",positive,Requires follow-up after 1 month.,False,2026-07-03T11:05:33.265506
85c0a06d-ff50-4b24-97ea-79c91f199b34,1e359d5d-7768-470f-a347-70b8e28e6bf8,e833b373-eb18-46a4-862b-7e80c5b47903,{},"{""disease"":""Asthma (Tamaka Shwasa)"",""dosha"":""Kapha"",""prakriti"":""Kapha"",""season"":""Shishira""}",negative,,False,2026-07-03T11:05:33.265506
2f6cb650-edc2-417f-b63b-b55003d96f40,efaae104-995f-4f1c-950e-2c3be2c75237,ab7ca872-fc19-4623-adaa-79e645d663ff,{},"{""disease"":""Constipation (Vibandha)"",""dosha"":""Vata"",""prakriti"":""Vata"",""season"":""Shishira""}",positive,Good improvement noted after 2 weeks.,False,2026-07-03T11:05:33.265506
d4518037-60e1-461c-ab35-7ad210810839,1888f6f7-5d27-4a5a-9f07-399bf5c9b2ed,587d49e0-6302-4a72-8f15-5fb4a691d0ad,{},"{""disease"":""Cough (Kasa)"",""dosha"":""Kapha"",""prakriti"":""Kapha"",""season"":""Shishira""}",positive,"Minimal response, dosage adjusted.",False,2026-07-03T11:05:33.265506
1e156298-5aee-4702-a6c6-950cbb5a1158,81a48133-5ea2-4775-a92b-b173a78693b9,28081ee7-ec01-44eb-89f7-caee3f8f1465,{},"{""disease"":""Cough (Kasa)"",""dosha"":""Kapha"",""prakriti"":""Kapha"",""season"":""Shishira""}",negative,"Minimal response, dosage adjusted.",False,2026-07-03T11:05:33.265506
176a7ca6-208d-4f85-af48-4a3bec5d8bc5,cb740f09-ee3b-47a4-927e-7920b916d772,f0a7ff17-c33d-419d-8466-e69214ad185a,{},"{""disease"":""Cough (Kasa)"",""dosha"":""Kapha"",""prakriti"":""Kapha"",""season"":""Shishira""}",positive,"Minimal response, dosage adjusted.",False,2026-07-03T11:05:33.265506
637b58dd-66ca-4461-8c2b-fce6c700ee7a,3afcba49-65dd-46f8-9fa0-7013e56af098,da508769-3af2-4d35-bba8-b296cfa9a6d1,{},"{""disease"":""Asthma (Tamaka Shwasa)"",""dosha"":""Kapha"",""prakriti"":""Kapha"",""season"":""Shishira""}",positive,,False,2026-07-03T11:05:33.265506
266b12b4-1ea7-4890-9399-dc4ffa0cb577,d7f6b712-cbec-4b14-91a0-38a63d02a0ed,260d98a7-7b99-4e90-816e-b081b8f8752b,{},"{""disease"":""Cough (Kasa)"",""dosha"":""Kapha"",""prakriti"":""Kapha"",""season"":""Shishira""}",positive,Excellent recovery.,False,2026-07-03T11:05:33.265506
427fe16b-512f-424b-9ab9-4c0dbe70cce9,9a7c3a9f-6688-4f36-a0c5-a0c643f86397,081b30f7-6450-4695-9ad9-c0aabe954be9,{},"{""disease"":""Bronchitis (Kasa)"",""dosha"":""Kapha"",""prakriti"":""Kapha"",""season"":""Shishira""}",positive,,False,2026-07-03T11:05:33.265506
fc380a68-1570-44ee-bc76-9b8309fc9b99,d3e9e3ed-00ef-4cd2-9ea2-5de5ff487ba3,2ef6a6a8-11e7-40da-8f86-a5d0b150f91b,{},"{""disease"":""Joint Pain (Amavata)"",""dosha"":""Vata"",""prakriti"":""Vata"",""season"":""Shishira""}",positive,Excellent recovery.,False,2026-07-03T11:05:33.265506
81b0d2c9-a47c-42a9-8ffb-fe5f6b7d4911,e3a8b40e-104d-49b5-b1fb-9c95e5efd9be,58b80dc4-9d43-40b9-8416-0790d8e363dd,{},"{""disease"":""Asthma (Tamaka Shwasa)"",""dosha"":""Kapha"",""prakriti"":""Kapha"",""season"":""Shishira""}",positive,Good improvement noted after 2 weeks.,False,2026-07-03T11:05:33.265506
31b48ff8-7280-4cc3-8f19-fedfdd3b109c,7c68fc39-17fe-480d-8e3d-5f5c1b3ffcc0,0c95ab17-94ba-494b-81ad-300182d261e3,{},"{""disease"":""Joint Pain (Amavata)"",""dosha"":""Vata"",""prakriti"":""Vata"",""season"":""Shishira""}",positive,"Minimal response, dosage adjusted.",False,2026-07-03T11:05:33.265506
1e7dabb1-bd1b-43e0-bf58-62c37a94c38b,1895acd7-b472-439c-900f-868a68083e02,5da5e878-c730-44c6-99ce-57fe0cb0cc0c,{},"{""disease"":""Asthma (Tamaka Shwasa)"",""dosha"":""Kapha"",""prakriti"":""Kapha"",""season"":""Shishira""}",negative,Excellent recovery.,False,2026-07-03T11:05:33.265506
f66db099-4edd-4b46-bbe0-71ad625b76d1,bd87b187-e30f-49f6-a0fd-8b49bcd8cf0e,726bca6d-85c6-4c92-8143-955042c3591d,{},"{""disease"":""Constipation (Vibandha)"",""dosha"":""Vata"",""prakriti"":""Vata"",""season"":""Shishira""}",positive,Good improvement noted after 2 weeks.,False,2026-07-03T11:05:33.265506
d239cfba-106a-4e5f-b0aa-677b43a5d97e,c00e0328-4da5-463d-ab77-57effef4188b,3f39b455-e2ea-4393-8ed6-37db308d952b,{},"{""disease"":""Common Cold"",""dosha"":""Kapha"",""prakriti"":""Kapha"",""season"":""Shishira""}",negative,Excellent recovery.,False,2026-07-03T11:05:33.265506
11b593e5-8382-425c-b09f-5a1a44e14131,90441c78-d438-40c2-8c9f-9a5397f98f8a,86e142fd-7392-49e6-a9fc-a3008269712e,{},"{""disease"":""Asthma (Tamaka Shwasa)"",""dosha"":""Kapha"",""prakriti"":""Kapha"",""season"":""Shishira""}",positive,Good improvement noted after 2 weeks.,False,2026-07-03T11:05:33.265506
08fad754-7823-44e1-a4f3-f274cf35c753,bf741850-6488-4b26-ae22-4b833e9aee2a,1d19d3d2-29ce-4406-9dd1-42d0d42e0250,{},"{""disease"":""Bronchitis (Kasa)"",""dosha"":""Kapha"",""prakriti"":""Kapha"",""season"":""Shishira""}",positive,Patient responded well to treatment.,False,2026-07-03T11:05:33.265506
937d304e-f103-4ccd-a723-cc49533dd473,b99aeef8-fcfe-4464-8d48-4a1d862871d6,4d71f8cd-e84e-468e-b025-e20a625ca580,{},"{""disease"":""Constipation (Vibandha)"",""dosha"":""Vata"",""prakriti"":""Vata"",""season"":""Shishira""}",positive,Patient responded well to treatment.,False,2026-07-03T11:05:33.265506
367189c2-5a41-439f-92e6-ba33a93f8860,4c783e9d-495d-4c4d-a0f4-6f5ad0de5fba,d4fc92eb-db1a-432b-acb8-d36f6b62da59,{},"{""disease"":""Bronchitis (Kasa)"",""dosha"":""Kapha"",""prakriti"":""Kapha"",""season"":""Shishira""}",negative,Patient responded well to treatment.,False,2026-07-03T11:05:33.265506
66320c58-676a-4c53-bcce-f445f548b507,4fb9fb01-2835-4f9b-ad64-f9f690562be8,d491aed4-cc9a-4468-a8b5-08b23fc2f391,{},"{""disease"":""Constipation (Vibandha)"",""dosha"":""Vata"",""prakriti"":""Vata"",""season"":""Shishira""}",positive,Patient responded well to treatment.,False,2026-07-03T11:05:33.265506
4da52963-08e2-482e-a35c-c50a7dbc202a,ec150a89-88a1-4497-94d1-797adb15f393,e4930ec1-cc0f-4fc5-a3c7-9779503d03d5,{},"{""disease"":""Constipation (Vibandha)"",""dosha"":""Vata"",""prakriti"":""Vata"",""season"":""Shishira""}",negative,Good improvement noted after 2 weeks.,False,2026-07-03T11:05:33.265506
b8150edf-e4c9-4c19-a3b5-1624af48ce56,b45a0641-3cff-4e1a-8bce-40a8df3fa799,2aceb227-66a4-46a4-9a4c-63f05001d9cc,{},"{""disease"":""Constipation (Vibandha)"",""dosha"":""Vata"",""prakriti"":""Vata"",""season"":""Shishira""}",negative,"Minimal response, dosage adjusted.",False,2026-07-03T11:05:33.265506
b7f30d64-5680-426a-94c9-cb18c31d7824,4571dd57-064d-4016-a800-f13c33ed96fa,8e0f2b6d-94a5-429f-a0ab-ee009dec6ea4,{},"{""disease"":""Asthma (Tamaka Shwasa)"",""dosha"":""Kapha"",""prakriti"":""Kapha"",""season"":""Shishira""}",positive,Excellent recovery.,False,2026-07-03T11:05:33.265506
3f6341e3-3e66-47c8-bd17-26184b2bcbb5,1e359d5d-7768-470f-a347-70b8e28e6bf8,777d91c0-ecb1-41fe-9393-fb51b833fd19,{},"{""disease"":""Constipation (Vibandha)"",""dosha"":""Vata"",""prakriti"":""Vata"",""season"":""Shishira""}",positive,Excellent recovery.,False,2026-07-03T11:05:33.265506
b8bcc654-cc6f-4165-8b47-87323d8b0faf,5f999622-7d9c-4b02-b29b-67df78fc574e,f569afc8-47c2-4d7d-b201-bb1891008ab2,{},"{""disease"":""Joint Pain (Amavata)"",""dosha"":""Vata"",""prakriti"":""Vata"",""season"":""Shishira""}",negative,Patient responded well to treatment.,False,2026-07-03T11:05:33.265506
51a926b1-baa6-46d3-91b6-444d42219ce7,809d0f5a-db30-4e49-b921-50b7688e7258,41b18945-2ed8-45b2-a6a9-0e1ae1554846,{},"{""disease"":""Bronchitis (Kasa)"",""dosha"":""Kapha"",""prakriti"":""Kapha"",""season"":""Shishira""}",positive,Good improvement noted after 2 weeks.,False,2026-07-03T11:05:33.265506
fafc5618-13d3-409e-a12f-eb12439b2702,1236d8c2-2a49-449b-a3e4-dd6ed2f707b7,fe05a9f7-dabb-419d-8f09-f271f94f31cc,{},"{""disease"":""Joint Pain (Amavata)"",""dosha"":""Vata"",""prakriti"":""Vata"",""season"":""Shishira""}",negative,Good improvement noted after 2 weeks.,False,2026-07-03T11:05:33.265506
6114327e-1b7b-4c84-b0a2-1323a7fea072,704abacf-4cfb-4703-afeb-16be393c8c86,3ef963d3-dd2c-495c-a0a1-1f062c11514c,{},"{""disease"":""Joint Pain (Amavata)"",""dosha"":""Vata"",""prakriti"":""Vata"",""season"":""Shishira""}",negative,Good improvement noted after 2 weeks.,False,2026-07-03T11:05:33.265506
c3fffafe-16c8-44a1-902e-f351fda82176,b70b6866-fc93-49b0-82ff-5829d7478c5e,b79d69ac-683f-4d55-a2b2-3fe3af4558b4,{},"{""disease"":""Joint Pain (Amavata)"",""dosha"":""Vata"",""prakriti"":""Vata"",""season"":""Shishira""}",positive,Patient responded well to treatment.,False,2026-07-03T11:05:33.265506
11760c36-e510-43ea-a0b2-6dd305ee4577,4ffe3b34-8f11-4b68-b9e1-58c7cfd63905,e84648df-0d8e-49b5-9a3f-56f51a0b5c10,{},"{""disease"":""Cough (Kasa)"",""dosha"":""Kapha"",""prakriti"":""Kapha"",""season"":""Shishira""}",positive,Requires follow-up after 1 month.,False,2026-07-03T11:05:33.265506
6806be63-8c57-47e8-9083-e9fec8e8ab42,6c3e91d7-4c5c-41e9-b04e-6118deaff127,e0ec0e76-1831-49ad-9c0f-380bf3a29eb7,{},"{""disease"":""Constipation (Vibandha)"",""dosha"":""Vata"",""prakriti"":""Vata"",""season"":""Shishira""}",positive,"Minimal response, dosage adjusted.",False,2026-07-03T11:05:33.265506
2ad45445-f6e6-4e32-beda-124c95df0062,3cd98ca7-8078-45cd-825d-9e94d41e7673,94a6d3f5-bd96-495d-9323-ab9d6e636a47,{},"{""disease"":""Cough (Kasa)"",""dosha"":""Kapha"",""prakriti"":""Kapha"",""season"":""Shishira""}",negative,Requires follow-up after 1 month.,False,2026-07-03T11:05:33.265506
d1c24b6e-797b-4338-8bca-7e90d640d18a,3b2b32e1-d89f-4be7-85a6-7f655317bb74,225607cb-dbbe-42c8-a123-c6ea53aa6ab1,{},"{""disease"":""Cough (Kasa)"",""dosha"":""Kapha"",""prakriti"":""Kapha"",""season"":""Shishira""}",positive,,False,2026-07-03T11:05:33.265506
ffcad6f1-7c75-46d1-b9b5-8a6cfa55fcc5,39b43dfe-cabd-49dd-8fe5-b451fc8a1dcc,a1d2616b-9685-41f6-bf58-ab5d98b67579,{},"{""disease"":""Joint Pain (Amavata)"",""dosha"":""Vata"",""prakriti"":""Vata"",""season"":""Shishira""}",positive,Requires follow-up after 1 month.,False,2026-07-03T11:05:33.265506
13ec324a-e760-4711-b7ad-90fb2f437207,3f89e890-2a43-4bf1-b75c-a71d6dd423c7,97e72457-208d-42f2-994d-e8ab36a0d73a,{},"{""disease"":""Cough (Kasa)"",""dosha"":""Kapha"",""prakriti"":""Kapha"",""season"":""Shishira""}",positive,Excellent recovery.,False,2026-07-03T11:05:33.265506
62a0940c-c938-402e-a32c-27a8ad6f6ac1,f52e044c-b681-43ee-96aa-8b7da5f57eb6,1f38d13a-ed2c-4200-b53c-e528bb882c1c,{},"{""disease"":""Joint Pain (Amavata)"",""dosha"":""Vata"",""prakriti"":""Vata"",""season"":""Shishira""}",positive,Excellent recovery.,False,2026-07-03T11:05:33.265506
9b1534f9-9a2e-4c16-97ae-9352971f4bd8,4400a02a-5141-4bf2-915f-c0426fef94a6,200563e8-cf7f-4b8d-b9af-47b475f5a8e8,{},"{""disease"":""Constipation (Vibandha)"",""dosha"":""Vata"",""prakriti"":""Vata"",""season"":""Shishira""}",positive,Requires follow-up after 1 month.,False,2026-07-03T11:05:33.265506
c2e4790f-0715-4559-bbe4-2c35d24a411c,5b649c9e-2cf1-4dc6-ba33-7e996ad77ef6,c33bf0a8-1bb3-4eb4-980e-997af49ec6dc,{},"{""disease"":""Asthma (Tamaka Shwasa)"",""dosha"":""Kapha"",""prakriti"":""Kapha"",""season"":""Shishira""}",positive,Patient responded well to treatment.,False,2026-07-03T11:05:33.265506
f2e26872-90d8-428e-bf49-0cb6414dfebe,2d96f55d-53fe-4716-8195-be112cbad501,81bb2219-6b16-4ef9-b59b-46eefe5110c0,{},"{""disease"":""Cough (Kasa)"",""dosha"":""Kapha"",""prakriti"":""Kapha"",""season"":""Shishira""}",positive,Excellent recovery.,False,2026-07-03T11:05:33.265506
4e846a62-3e87-4496-8341-29f4cce61003,870d7afe-c6c2-4882-9958-af76ea166c67,c8fcff5d-dd26-42d2-9889-f73ebe47ec71,{},"{""disease"":""Asthma (Tamaka Shwasa)"",""dosha"":""Kapha"",""prakriti"":""Kapha"",""season"":""Shishira""}",positive,Patient responded well to treatment.,False,2026-07-03T11:05:33.265506
da4b28b0-3dbb-4658-9ba2-61c9459d44ab,3d6bbac1-1d74-4b9a-baee-90088c9f5ece,cce5c536-26f2-4fff-8d98-aa86b5bd454c,{},"{""disease"":""Asthma (Tamaka Shwasa)"",""dosha"":""Kapha"",""prakriti"":""Kapha"",""season"":""Shishira""}",positive,,False,2026-07-03T11:05:33.265506
9a9e9ac0-8238-4841-aa18-698c90b91088,72e0e2e5-163e-471e-ace5-fbb417990dc5,7307c284-ccec-4737-8610-e069ecf0231b,{},"{""disease"":""Common Cold"",""dosha"":""Kapha"",""prakriti"":""Kapha"",""season"":""Shishira""}",positive,Good improvement noted after 2 weeks.,False,2026-07-03T11:05:33.265506
3862712b-7dc1-4ea1-8317-7fe490eb5b5c,bdbd75f9-e153-40b1-a2cb-71f24ef4cd3f,86abc9d9-53d7-48f7-852c-ab942a4dbc94,{},"{""disease"":""Joint Pain (Amavata)"",""dosha"":""Vata"",""prakriti"":""Vata"",""season"":""Shishira""}",positive,Excellent recovery.,False,2026-07-03T11:05:33.265506
bbc83b26-1db2-4fb9-9fea-459256629d44,e1efcd00-e449-4ad3-9924-97ba721d96c1,a7016c53-2bbb-47a8-b1ea-6675eec50465,{},"{""disease"":""Cough (Kasa)"",""dosha"":""Kapha"",""prakriti"":""Kapha"",""season"":""Shishira""}",negative,Patient responded well to treatment.,False,2026-07-03T11:05:33.265506
621e5253-43e9-4ecb-a649-6381410c44e5,cef256de-7027-4c91-b77c-aeba646f95c2,f2cb1f2d-c478-45cf-a57e-76e109ed5781,{},"{""disease"":""Asthma (Tamaka Shwasa)"",""dosha"":""Kapha"",""prakriti"":""Kapha"",""season"":""Shishira""}",positive,Patient responded well to treatment.,False,2026-07-03T11:05:33.265506
14c8f52a-b002-4d36-945a-01b8efdeeb3b,9d26ec89-f36f-41cc-8de7-30f32000dd52,8f2d9cd7-a55c-4f63-8198-38ac3ea96047,{},"{""disease"":""Asthma (Tamaka Shwasa)"",""dosha"":""Kapha"",""prakriti"":""Kapha"",""season"":""Shishira""}",positive,,False,2026-07-03T11:05:33.265506
e91050d3-3ddb-4d36-b0cb-b0188307ad30,238fd634-88bd-43cc-9426-ecd5dd6df426,04c43645-a309-4e95-90d4-a3acb756b08c,{},"{""disease"":""Cough (Kasa)"",""dosha"":""Kapha"",""prakriti"":""Kapha"",""season"":""Shishira""}",positive,Excellent recovery.,False,2026-07-03T11:05:33.265506
0ccb989f-cb27-4896-b711-7064f7e4657a,0f248608-b576-405c-8ef2-f4c93de4738f,e84324d3-9b23-4d2a-a8e3-e520fabcecd1,{},"{""disease"":""Asthma (Tamaka Shwasa)"",""dosha"":""Kapha"",""prakriti"":""Kapha"",""season"":""Shishira""}",negative,,False,2026-07-03T11:05:33.265506
7360f9a4-2b85-41cf-84a9-289331631d0a,b052dc67-eff1-4d67-b185-1643888dd0e2,999868f9-a5d0-4cd9-997f-e4704ade1691,{},"{""disease"":""Bronchitis (Kasa)"",""dosha"":""Kapha"",""prakriti"":""Kapha"",""season"":""Shishira""}",negative,,False,2026-07-03T11:05:33.265506
ff8a0599-b19d-4169-bd87-5f06a470fd2b,d3576797-5424-453b-a494-48892044246a,f1a1c78f-f98e-40f0-a6ca-83cdbe21ee0e,{},"{""disease"":""Joint Pain (Amavata)"",""dosha"":""Vata"",""prakriti"":""Vata"",""season"":""Shishira""}",negative,,False,2026-07-03T11:05:33.265506
d87e6715-a623-44c9-a7ed-a5b6f7f4b515,6815d93a-0eb2-4754-af80-4ca8e423fce7,ecbecb1a-71ef-40d7-9bf8-7f0960183684,{},"{""disease"":""Joint Pain (Amavata)"",""dosha"":""Vata"",""prakriti"":""Vata"",""season"":""Shishira""}",negative,Excellent recovery.,False,2026-07-03T11:05:33.265506
f3fddaa8-0eb6-4516-922b-64b84ce0041b,3ce2ae1c-e79e-45a8-874a-e3e1d7b5ce42,fd603d84-3565-4a9e-a9f9-0a9766ffa2ac,{},"{""disease"":""Bronchitis (Kasa)"",""dosha"":""Kapha"",""prakriti"":""Kapha"",""season"":""Shishira""}",negative,Good improvement noted after 2 weeks.,False,2026-07-03T11:05:33.265506
98b5ff76-1cc3-4752-97e1-60d085095be2,5bdc5d7e-38bb-4e47-98ed-8d77ae6a0d7d,fb55c650-ac35-4cf6-b171-7a6865f863da,{},"{""disease"":""Cough (Kasa)"",""dosha"":""Kapha"",""prakriti"":""Kapha"",""season"":""Shishira""}",negative,Patient responded well to treatment.,False,2026-07-03T11:05:33.265506
de72366e-9525-4c97-b5c5-d9c0de1dedda,a380d836-e795-4f24-8593-5f7a891c14e2,d8027526-e5ec-4345-8442-cd49bb46ed36,{},"{""disease"":""Asthma (Tamaka Shwasa)"",""dosha"":""Kapha"",""prakriti"":""Kapha"",""season"":""Shishira""}",positive,,False,2026-07-03T11:05:33.265506
043f6e5b-5aec-475b-b024-60a2ac0c3b98,238fd634-88bd-43cc-9426-ecd5dd6df426,c5ef50ac-61a5-422a-ac21-71f5641dd7b3,{},"{""disease"":""Asthma (Tamaka Shwasa)"",""dosha"":""Kapha"",""prakriti"":""Kapha"",""season"":""Shishira""}",positive,Requires follow-up after 1 month.,False,2026-07-03T11:05:33.265506
fc3006ff-af7a-4d84-ac74-99af63ec045a,fe89faac-b42c-4ef1-beca-7f35770db8d2,278aa98a-557b-499f-8951-71d088f103eb,{},"{""disease"":""Bronchitis (Kasa)"",""dosha"":""Kapha"",""prakriti"":""Kapha"",""season"":""Shishira""}",positive,Excellent recovery.,False,2026-07-03T11:05:33.265506
a05f810f-f6bb-4229-8691-7f4c0ac4cfa9,e99d80b7-18a0-4f14-8e4b-67310934d00d,78b42deb-5a1e-4979-882a-b1dd5cd4c6b4,{},"{""disease"":""Leprosy (Kushtha Roga)"",""dosha"":""Pitta-Vata"",""prakriti"":""Pitta"",""season"":""Shishira""}",negative,Patient responded well to treatment.,False,2026-07-03T11:05:33.265506
f65cf692-2e97-475c-88be-7f32c1d6255e,46bd71d5-b6ec-41ce-9c66-44ba18b33e6e,56e5077f-ecc9-437a-9c31-564192d2b0cc,{},"{""disease"":""Whooping Cough (Deergha Kasa)"",""dosha"":""Kapha"",""prakriti"":""Kapha"",""season"":""Shishira""}",positive,"Minimal response, dosage adjusted.",False,2026-07-03T11:05:33.265506
a2bb2213-ba4e-48ff-87c8-5ba3c818e02f,e233cc94-8c91-4284-b394-aabbbc20ed73,a6c2b9ee-3a03-427a-8d9b-c351c862ee11,{},"{""disease"":""Gastritis (Urdhva Amlapitta)"",""dosha"":""Pitta"",""prakriti"":""Pitta"",""season"":""Shishira""}",negative,,False,2026-07-03T11:05:33.265506
431d684f-601c-495b-8163-b589a493e987,cd154569-9040-423e-886b-b5ad3cfd07d4,4e49d1cb-95b5-4d7f-aa2e-fb6e33845692,{},"{""disease"":""Metabolic Syndrome (Santarpana Janya Vikara)"",""dosha"":""Kapha"",""prakriti"":""Kapha"",""season"":""Shishira""}",positive,Requires follow-up after 1 month.,False,2026-07-03T11:05:33.265506
1ef2d6a1-f7f0-402d-8ea0-79c675905cfc,81115e80-f80c-43a6-b720-642f06c24ea9,ef7e7595-bce5-483b-bb8a-01e86c481c09,{},"{""disease"":""Frozen Shoulder (Avabahuka)"",""dosha"":""Vata"",""prakriti"":""Vata"",""season"":""Shishira""}",positive,,False,2026-07-03T11:05:33.265506
e80bbbc1-7d56-4ee8-8697-39aa42bf8b01,1e7e45e5-0133-4392-a3e7-a694d154a73b,b83d4894-ec20-4243-b0fb-3e9042707409,{},"{""disease"":""Chickenpox (Laghu Masurika)"",""dosha"":""Pitta"",""prakriti"":""Pitta"",""season"":""Shishira""}",positive,Patient responded well to treatment.,False,2026-07-03T11:05:33.265506
2241738a-7edb-43da-920b-4d40624089bc,cd1ac773-4b49-4e76-8657-0099a1661789,fb5c46fa-8cc7-470f-bb68-552cdcf289f7,{},"{""disease"":""Gallstones (Pittashmari)"",""dosha"":""Pitta-Kapha"",""prakriti"":""Pitta"",""season"":""Shishira""}",positive,"Minimal response, dosage adjusted.",False,2026-07-03T11:05:33.265506
a4f9ff90-4719-4aa2-bff9-819aa9901370,a78ffa73-a072-4202-9c2e-ce7e16a15ccd,de14c857-5c4d-42d4-86f4-6d27c66dca23,{},"{""disease"":""Burnout (Chitta Klama)"",""dosha"":""Vata-Pitta"",""prakriti"":""Vata"",""season"":""Shishira""}",positive,Requires follow-up after 1 month.,False,2026-07-03T11:05:33.265506
14b136ef-58ee-41f8-8909-00f99f74b1ef,bdbd75f9-e153-40b1-a2cb-71f24ef4cd3f,d7322558-2fa2-4023-a3f3-d6200220d319,{},"{""disease"":""Ulcerative Colitis (Raktatisara)"",""dosha"":""Vata-Pitta"",""prakriti"":""Pitta"",""season"":""Shishira""}",negative,"Minimal response, dosage adjusted.",False,2026-07-03T11:05:33.265506
f07c160a-d8ec-4e53-adeb-5a6290f892aa,55527f2c-6a58-4f92-a2ea-208a7f3bb5aa,8f219182-b76b-491f-a5f6-b36b06b50c8d,{},"{""disease"":""Frozen Shoulder (Avabahuka)"",""dosha"":""Vata"",""prakriti"":""Vata"",""season"":""Shishira""}",positive,Requires follow-up after 1 month.,False,2026-07-03T11:05:33.265506
74c37dc5-71aa-4916-a8d7-38d77474ad04,0607d575-d9a3-421c-aa70-86cbfe8b59f4,395b2568-2031-47fc-aef7-c0dde7b359ae,{},"{""disease"":""Dandruff (Darunaka)"",""dosha"":""Kapha-Pitta"",""prakriti"":""Kapha"",""season"":""Shishira""}",positive,"Minimal response, dosage adjusted.",False,2026-07-03T11:05:33.265506
6d419599-ac6c-4ac1-b9d5-70d651892513,9d26ec89-f36f-41cc-8de7-30f32000dd52,7b4eb100-c1e5-43f5-b1f3-c12896396b0e,{},"{""disease"":""Menstrual Disorder (Artava Dushti)"",""dosha"":""Vata-Pitta"",""prakriti"":""Vata"",""season"":""Shishira""}",negative,,False,2026-07-03T11:05:33.265506
1cbcc190-226c-475e-b2f9-b51a2b52b48e,c3034117-47a1-4672-83d5-7060a68f63f2,905fbdca-ff90-4d78-ace2-29883319e91d,{},"{""disease"":""Anemia (Pandu Roga)"",""dosha"":""Pitta"",""prakriti"":""Pitta"",""season"":""Shishira""}",negative,"Minimal response, dosage adjusted.",False,2026-07-03T11:05:33.265506
46737b81-70a6-4e44-b814-32496329ed06,e6a2e7dd-0b14-4a98-ae59-996686f54bcd,453d98ca-0c22-488d-94ea-5b18cdcfa219,{},"{""disease"":""Goiter (Galaganda)"",""dosha"":""Vata-Pitta"",""prakriti"":""Kapha"",""season"":""Shishira""}",positive,Requires follow-up after 1 month.,False,2026-07-03T11:05:33.265506
ee13fc80-1800-45a5-8629-a859ee231826,a2d405ec-bdfc-4233-bb30-6efca2da2d9e,c247162a-4d9a-414d-a00a-4873771f7d2a,{},"{""disease"":""Ear Infection (Karna Shoola)"",""dosha"":""Kapha-Vata"",""prakriti"":""Kapha"",""season"":""Shishira""}",negative,"Minimal response, dosage adjusted.",False,2026-07-03T11:05:33.265506
99508a9b-b482-4887-bee3-0c869a097573,1d00dc35-fc33-470a-be8d-e14e80b17e40,c0df0fb9-ebbb-4f55-9d8a-2ea1616c4048,{},"{""disease"":""Mumps (Karnamoola Shotha)"",""dosha"":""Kapha"",""prakriti"":""Kapha"",""season"":""Shishira""}",positive,Good improvement noted after 2 weeks.,False,2026-07-03T11:05:33.265506
7f7da18f-535f-4ff4-9de9-57ee11d322b1,7db6583d-a3d4-463c-8ace-7f7985ee6ddb,f914e3ef-9560-431f-81b9-c4440569137e,{},"{""disease"":""Warts (Charmakeela)"",""dosha"":""Kapha"",""prakriti"":""Kapha"",""season"":""Shishira""}",negative,Excellent recovery.,False,2026-07-03T11:05:33.265506
4db76388-663f-4b8b-a553-e1ad08454afc,0444f304-d2d5-4eef-9df4-4b38f0712c46,c5c95a96-71a3-4afd-82e9-945022196650,{},"{""disease"":""Angina (Hrit Shoola)"",""dosha"":""Vata-Kapha"",""prakriti"":""Vata"",""season"":""Shishira""}",positive,Requires follow-up after 1 month.,False,2026-07-03T11:05:33.265506
54002ba7-ff20-4e4b-a2dd-7276a5a489af,57ac687b-cfd1-4c26-a6ef-9ef9784fe7c1,2dda2035-a46c-4eae-a9c4-e059e0d18ccf,{},"{""disease"":""Conjunctivitis (Netra Abhishyanda)"",""dosha"":""Pitta"",""prakriti"":""Pitta"",""season"":""Shishira""}",positive,Patient responded well to treatment.,False,2026-07-03T11:05:33.265506
51865675-9724-4e11-a00b-c3d33aa4924c,b559e569-3c1c-4d8f-a9bf-e1d850987fba,3b6e60a2-bedc-4721-bf4f-280f636c417d,{},"{""disease"":""Lymphadenopathy (Apachi)"",""dosha"":""Pitta"",""prakriti"":""Pitta"",""season"":""Shishira""}",negative,Good improvement noted after 2 weeks.,False,2026-07-03T11:05:33.265506
c4521a01-3fbd-40e3-87c1-4a5fd7dc633c,b45a0641-3cff-4e1a-8bce-40a8df3fa799,7f774f21-0d23-4de3-8a96-8d8f7140476a,{},"{""disease"":""Psoriasis (Kitibha Kushtha)"",""dosha"":""Pitta"",""prakriti"":""Pitta"",""season"":""Shishira""}",negative,Requires follow-up after 1 month.,False,2026-07-03T11:05:33.265506
6b7435d5-6eae-4b94-ad18-89ba2c456aea,b56996c2-8d55-43ee-a273-08fb3b9a9e41,956dfaf4-b5e6-48b0-8767-a634f5ad7ddb,{},"{""disease"":""Epilepsy (Apasmara)"",""dosha"":""Vata"",""prakriti"":""Vata"",""season"":""Shishira""}",positive,Requires follow-up after 1 month.,False,2026-07-03T11:05:33.265506
9bd10883-0c14-4b3d-9cb3-90babbe2bc6e,8e19d97b-7381-4316-8120-3e70a3e0fc81,48603141-320f-4bb2-9983-e3574306ab0d,{},"{""disease"":""Hyperlipidemia (Medo Vriddhi)"",""dosha"":""Kapha"",""prakriti"":""Kapha"",""season"":""Shishira""}",negative,"Minimal response, dosage adjusted.",False,2026-07-03T11:05:33.265506
04c07b63-4050-4ad3-a402-02aa99e5cfab,b052dc67-eff1-4d67-b185-1643888dd0e2,b25be6b7-b20d-4339-a1d9-9d8fcbbc8773,{},"{""disease"":""Fibromyalgia (Sarvanga Vata)"",""dosha"":""Vata"",""prakriti"":""Vata"",""season"":""Shishira""}",positive,Excellent recovery.,False,2026-07-03T11:05:33.265506
4f687f2f-4870-48da-a59c-7c21c893cc5c,bd0e5a8b-16d4-4f02-aa4f-c54dc2d79ba8,c5a24a97-67a2-481f-956a-a254a1a6f6d4,{},"{""disease"":""Burnout (Chitta Klama)"",""dosha"":""Vata-Pitta"",""prakriti"":""Vata"",""season"":""Shishira""}",positive,Good improvement noted after 2 weeks.,False,2026-07-03T11:05:33.265506
2592e23d-bdd7-445f-b4bb-e0bb50a570b2,bb650585-b1a0-4158-88d7-52614c0e3584,81f285c3-9157-4f8a-98e9-5b76757c5920,{},"{""disease"":""Typhoid (Antrika Jwara)"",""dosha"":""Pitta"",""prakriti"":""Pitta"",""season"":""Shishira""}",positive,"Minimal response, dosage adjusted.",False,2026-07-03T11:05:33.265506
2b3a1cfb-e6c8-46a3-b9e4-54bcde25d897,9f8a98d2-a7aa-41a6-a9b6-3e052ae361b4,db7b7c4e-5ac8-4403-886a-57593c727a2e,{},"{""disease"":""Kidney Stones (Ashmari)"",""dosha"":""Vata-Kapha"",""prakriti"":""Kapha"",""season"":""Shishira""}",negative,,False,2026-07-03T11:05:33.265506
877333f0-4303-4890-97b0-10bb1cce66be,5a4729a5-b64f-405f-b900-2d70a2ff1c66,20532990-fa9d-415b-8c21-3d3d6ddb0fff,{},"{""disease"":""Scoliosis (Kubjata)"",""dosha"":""Vata"",""prakriti"":""Vata"",""season"":""Shishira""}",negative,Patient responded well to treatment.,False,2026-07-03T11:05:33.265506
69173e43-339b-4c74-94a4-4ba42557e265,e6aaf6b0-8c8c-4125-b15c-de9f34dda81e,f5acf78a-80f0-452c-940d-484953d5b24a,{},"{""disease"":""Pharyngitis (Galashotha)"",""dosha"":""Kapha"",""prakriti"":""Kapha"",""season"":""Shishira""}",positive,Patient responded well to treatment.,False,2026-07-03T11:05:33.265506
cfbb05ae-a4ba-4a8e-8b74-b1ea65e77158,302816fc-58aa-4b96-b56b-f33f8ec63da7,7f454583-8b48-425a-a001-f20df0ea56fc,{},"{""disease"":""Fatty Liver (Yakrit Meda Vriddhi)"",""dosha"":""Kapha-Pitta"",""prakriti"":""Kapha"",""season"":""Shishira""}",negative,,False,2026-07-03T11:05:33.265506
35b0f953-dade-44bc-9a9f-66de082b3d17,3f6f08a0-fd3c-4407-a86a-0d6b530ec7b3,c7dc2ac1-dfb0-43df-97e0-2c349484f4c2,{},"{""disease"":""Digestive Disorder (Vikara)"",""dosha"":""Pitta-Vata"",""prakriti"":""Pitta"",""season"":""Shishira""}",positive,,False,2026-07-03T11:05:33.265506
9ce7de99-8c27-4351-b3c9-7a8ff542960f,d65f2d2d-1292-4806-944f-83f3098f056f,c941cb7b-8bec-4ac1-a56c-9287991935a6,{},"{""disease"":""Varicose Veins (Sira Granthi)"",""dosha"":""Vata"",""prakriti"":""Vata"",""season"":""Shishira""}",positive,Patient responded well to treatment.,False,2026-07-03T11:05:33.265506
5ac79040-e213-4866-95c9-fffb176779bc,5aed274c-93eb-4565-b320-83ac9ca24032,1dac09de-3898-467f-9e8f-347c6ce0d1b6,{},"{""disease"":""Thyroid Disorder (Galaganda Vikara)"",""dosha"":""Vata-Pitta"",""prakriti"":""Vata"",""season"":""Shishira""}",positive,"Minimal response, dosage adjusted.",False,2026-07-03T11:05:33.265506
0852061c-e9db-4c45-a41c-0bc22be0978f,daf9b6c7-3958-4620-b9c6-fbad55c01da3,da3186e0-f23b-4588-a1f7-05778ed06fde,{},"{""disease"":""Urinary Tract Infection (Mutradaha)"",""dosha"":""Pitta"",""prakriti"":""Pitta"",""season"":""Shishira""}",positive,Patient responded well to treatment.,False,2026-07-03T11:05:33.265506
ec7dbcb3-1490-429f-be81-a7099748deb6,33d39fd4-fa6f-496d-b800-e6575f4b54f4,d9b84bc2-ed7e-4821-a21c-5336bf3501c2,{},"{""disease"":""Heart Disease (Hridroga)"",""dosha"":""Vata-Pitta"",""prakriti"":""Vata"",""season"":""Shishira""}",positive,"Minimal response, dosage adjusted.",False,2026-07-03T11:05:33.265506
56ec4eac-3c12-42eb-9142-2cb9364d860c,a208147f-d12d-4eb4-8b06-6dc44ee0c0d1,1e040f4c-5d40-46b1-84f5-727aaf81cba3,{},"{""disease"":""Gout (Vatarakta)"",""dosha"":""Vata-Pitta"",""prakriti"":""Pitta"",""season"":""Shishira""}",positive,"Minimal response, dosage adjusted.",False,2026-07-03T11:05:33.265506
1f6d6d73-569c-4a80-b505-107fdb5928a2,e8a1050b-c761-48ab-9b87-8a706f3b933f,d91a6451-409d-4876-90f1-8858d6474d35,{},"{""disease"":""Burnout (Chitta Klama)"",""dosha"":""Vata-Pitta"",""prakriti"":""Vata"",""season"":""Shishira""}",negative,"Minimal response, dosage adjusted.",False,2026-07-03T11:05:33.265506
cb49028c-8754-4b5e-957b-bcf92d73d910,b6700f93-77b3-472a-99d1-0f5aa02f4a8c,14a1102b-c7b4-4686-acfe-d0d79c01eeca,{},"{""disease"":""Sciatica (Gridhrasi)"",""dosha"":""Vata"",""prakriti"":""Vata"",""season"":""Shishira""}",negative,Patient responded well to treatment.,False,2026-07-03T11:05:33.265506
8b6dc816-ed39-4b25-b915-719c466da9af,f7735153-ebdb-4a60-8d5c-ca03e17ec055,c08ca5cf-f8fa-48eb-952a-a34b6b752703,{},"{""disease"":""Worm Infection (Krimi Roga)"",""dosha"":""Vata"",""prakriti"":""Vata"",""season"":""Shishira""}",negative,"Minimal response, dosage adjusted.",False,2026-07-03T11:05:33.265506
6f68244e-c6a7-4c7c-823f-18703d6891dc,816dc866-ebe8-4377-b1ae-9ff8fa1be226,fc94c582-2356-401a-a09c-665237750671,{},"{""disease"":""Vertigo (Bhrama)"",""dosha"":""Vata-Pitta"",""prakriti"":""Vata"",""season"":""Shishira""}",positive,Excellent recovery.,False,2026-07-03T11:05:33.265506
b4c317cb-7e9c-44f4-aa51-2a39965ee425,1eebdf3d-6820-4b80-a3a4-029a09622620,124446fb-ffb0-4ac9-90d1-c927a1dbbca2,{},"{""disease"":""Measles (Romantika)"",""dosha"":""Pitta"",""prakriti"":""Pitta"",""season"":""Shishira""}",positive,Requires follow-up after 1 month.,False,2026-07-03T11:05:33.265506
6d036a30-b745-461b-9014-f4077e2ff16d,b0bb2b40-4f60-4e5f-a5bc-7f95a5826ba8,6fd80850-d730-41cb-bd93-3054ae070304,{},"{""disease"":""Gastritis (Urdhva Amlapitta)"",""dosha"":""Pitta"",""prakriti"":""Pitta"",""season"":""Shishira""}",positive,"Minimal response, dosage adjusted.",False,2026-07-03T11:05:33.265506
af59f4de-b255-4693-9e9c-31b969737d86,6c5b4adc-74b6-4673-8ff7-34b070518821,e93128d0-8824-4774-88b1-7e771869ea02,{},"{""disease"":""Vertigo (Bhrama)"",""dosha"":""Vata-Pitta"",""prakriti"":""Vata"",""season"":""Shishira""}",positive,Good improvement noted after 2 weeks.,False,2026-07-03T11:05:33.265506
23756401-fbe2-4d39-b48a-8727fdebf316,493ce533-a40e-41da-b998-80990e815203,718e3920-ded4-4cb3-8f0b-948b8c195206,{},"{""disease"":""Tennis Elbow (Kurpara Shoola)"",""dosha"":""Vata"",""prakriti"":""Vata"",""season"":""Shishira""}",positive,Good improvement noted after 2 weeks.,False,2026-07-03T11:05:33.265506
a5e09cb0-8e7c-4dbd-ac03-c1e068765099,b04a2d73-1fa1-4be0-95bc-c1de06279db2,5f08ea93-3993-4c38-8fe3-6203e873044e,{},"{""disease"":""Vertigo (Bhrama)"",""dosha"":""Vata-Pitta"",""prakriti"":""Vata"",""season"":""Shishira""}",positive,Excellent recovery.,False,2026-07-03T11:05:33.265506
5da360a6-6169-48c8-9d70-2bf7b7ee272f,6bdf1d70-531f-44b3-b456-2544d6fc76f9,3e2f2217-10f7-4b64-8ec7-86b3828bee3e,{},"{""disease"":""Conjunctivitis (Netra Abhishyanda)"",""dosha"":""Pitta"",""prakriti"":""Pitta"",""season"":""Shishira""}",positive,,False,2026-07-03T11:05:33.265506
8740e225-8207-410c-a24c-f0aac5417fbc,555ab5cc-8c89-4fc3-93e0-b67a8d5cd78b,5a2f23d1-218e-4302-bced-0fc1b998e77f,{},"{""disease"":""Lymphadenopathy (Apachi)"",""dosha"":""Pitta"",""prakriti"":""Pitta"",""season"":""Shishira""}",positive,Patient responded well to treatment.,False,2026-07-03T11:05:33.265506
fce870a9-4e61-4bc7-b17d-adcc8a693ddc,4ea26a91-81f4-4484-8b88-1d9fab2d4d07,fdc8d01f-c28e-4b4c-b9de-c2d0e386f752,{},"{""disease"":""Back Pain (Prishtha Shoola)"",""dosha"":""Vata"",""prakriti"":""Vata"",""season"":""Shishira""}",negative,"Minimal response, dosage adjusted.",False,2026-07-03T11:05:33.265506
39ad8eb7-04b4-424b-ba0f-04bbc989037c,9f848fca-57e9-4bea-80b2-27b3643ba6a3,e6962603-640b-487f-85dd-b21f2d8dd632,{},"{""disease"":""Hypertension (Raktachaapa Vriddhi)"",""dosha"":""Pitta"",""prakriti"":""Pitta"",""season"":""Shishira""}",positive,"Minimal response, dosage adjusted.",False,2026-07-03T11:05:33.265506
53569252-873c-4f83-8aa7-1540c87c5e3d,cd904409-24fc-4557-b82d-c5c3e8daede2,3cb1fd6a-d2e9-42a7-93ef-023c043f937e,{},"{""disease"":""Eczema (Vicharchika)"",""dosha"":""Pitta"",""prakriti"":""Pitta"",""season"":""Shishira""}",positive,,False,2026-07-03T11:05:33.265506
daac0524-6a57-4212-95c2-23dbe3eebc65,5bfd7492-c854-41c0-93df-57389c318952,e1332e44-b1f3-48a7-9f07-88d1ebc857d8,{},"{""disease"":""Thyroid Disorder (Galaganda Vikara)"",""dosha"":""Vata-Pitta"",""prakriti"":""Vata"",""season"":""Shishira""}",positive,Excellent recovery.,False,2026-07-03T11:05:33.265506
f41738d9-8388-47bf-9866-e5f49a069f1a,11bf2eac-aa7a-4ba7-bbce-d04555359cd7,9e55998f-fa55-4759-a5b3-14f453819210,{},"{""disease"":""Sinusitis (Apinasa)"",""dosha"":""Vata-Kapha"",""prakriti"":""Kapha"",""season"":""Shishira""}",positive,"Minimal response, dosage adjusted.",False,2026-07-03T11:05:33.265506
c187066c-ecea-45d1-b5a9-0bccb05eab11,dcbb6106-5659-40ed-9091-5097c7586407,1611b9cd-764b-4ca4-913b-49332a84f933,{},"{""disease"":""Tonsillitis (Tundikeri)"",""dosha"":""Kapha-Pitta"",""prakriti"":""Kapha"",""season"":""Shishira""}",positive,"Minimal response, dosage adjusted.",False,2026-07-03T11:05:33.265506
0e81cb6e-6d65-4c90-9ae4-f9333331e071,ea71d260-7182-4f42-b5e8-f53b222bb11a,90794ae6-a94a-4675-9ed2-8d97f55f5212,{},"{""disease"":""Joint Pain (Amavata)"",""dosha"":""Vata"",""prakriti"":""Vata"",""season"":""Shishira""}",positive,Patient responded well to treatment.,False,2026-07-03T11:05:33.265506
6da26f63-0868-4651-8f11-d88eba1f7081,185b60ba-1aff-45c2-87ed-0becaa2e2a71,35829ec0-3f13-46fa-845a-54b3d3bac06b,{},"{""disease"":""Anxiety (Chittodvega)"",""dosha"":""Vata"",""prakriti"":""Vata"",""season"":""Shishira""}",positive,Excellent recovery.,False,2026-07-03T11:05:33.265506
ab4701e7-15fd-4384-8761-9a7ef8aa2b3a,83dacb16-5e0b-4d52-8df6-19f9ab44dcde,7b1c67cb-6909-40e9-919f-1ceae552b4af,{},"{""disease"":""Cough (Kasa)"",""dosha"":""Kapha"",""prakriti"":""Kapha"",""season"":""Shishira""}",positive,Good improvement noted after 2 weeks.,False,2026-07-03T11:05:33.265506
3c621d47-84a6-4883-80b9-93be92d66f9b,4765c693-4fbd-46b9-9035-05882ba6c9c0,87a649e0-f9a8-4dfe-9a5a-1aa5f43c1ef7,{},"{""disease"":""Joint Pain (Amavata)"",""dosha"":""Vata"",""prakriti"":""Vata"",""season"":""Shishira""}",positive,Patient responded well to treatment.,False,2026-07-03T11:05:33.265506
5e45a4b5-cf15-41a7-850b-0da63f2a31bb,ae306701-4121-4429-9755-8aa83694a025,2de15e88-b872-44b1-a6fa-af32bfbba507,{},"{""disease"":""Anxiety (Chittodvega)"",""dosha"":""Vata"",""prakriti"":""Vata"",""season"":""Shishira""}",positive,"Minimal response, dosage adjusted.",False,2026-07-03T11:05:33.265506
02e6fc33-8dc0-4031-96bb-a58fcd7dfec0,cdc53634-b109-4a90-9e24-27af7ec732bd,a1723baf-5134-4164-bd15-174d3412c3b1,{},"{""disease"":""Constipation (Vibandha)"",""dosha"":""Vata"",""prakriti"":""Vata"",""season"":""Shishira""}",negative,Excellent recovery.,False,2026-07-03T11:05:33.265506
84a18bb7-c5cf-462e-999b-0a4c5028e1a2,919dd9fe-8727-4be0-b1d9-605ec59b16a6,f167003b-bd87-4137-a47e-fc68232649e5,{},"{""disease"":""Joint Pain (Amavata)"",""dosha"":""Vata"",""prakriti"":""Vata"",""season"":""Shishira""}",positive,,False,2026-07-03T11:05:33.265506
8d2065e7-4f34-4f18-8bfb-a7c333033184,b70fedb3-9048-42f5-9ac3-63f66ecfb90a,eac26d7d-a23f-450b-9763-91ff8fb6d54c,{},"{""disease"":""Joint Pain (Amavata)"",""dosha"":""Vata"",""prakriti"":""Vata"",""season"":""Shishira""}",positive,Patient responded well to treatment.,False,2026-07-03T11:05:33.265506
e264be99-84fd-4d48-a729-36f883349f58,3c687bce-33cc-4b0c-891d-283dce9cc7a1,270595a1-8322-4d4f-8ec8-e5582de32a19,{},"{""disease"":""Joint Pain (Amavata)"",""dosha"":""Vata"",""prakriti"":""Vata"",""season"":""Shishira""}",positive,Good improvement noted after 2 weeks.,False,2026-07-03T11:05:33.265506
fa44a2bd-34ba-46cf-a9a0-ff44f77a1d1f,e6aaf6b0-8c8c-4125-b15c-de9f34dda81e,04af714b-eaa3-45ac-9a14-eb5b13a1c3e4,{},"{""disease"":""Anxiety (Chittodvega)"",""dosha"":""Vata"",""prakriti"":""Vata"",""season"":""Shishira""}",positive,,False,2026-07-03T11:05:33.265506
5d2bd31e-49cf-4cca-a0c0-63cfe345cfa4,8fbbc541-4c1d-4549-9bf6-a39f3e4708e5,27fa5539-caa9-4c1e-bcd8-529c3f275932,{},"{""disease"":""Rhinitis (Pratishyaya)"",""dosha"":""Kapha"",""prakriti"":""Kapha"",""season"":""Shishira""}",positive,,False,2026-07-03T11:05:33.265506
2dbb773d-1f27-4278-9118-ea3d973629a2,923a888c-55cf-4d2b-99c9-2b8dc426276b,fa40f619-9a5e-4104-bb40-aca724caf96d,{},"{""disease"":""Anxiety (Chittodvega)"",""dosha"":""Vata"",""prakriti"":""Vata"",""season"":""Shishira""}",negative,"Minimal response, dosage adjusted.",False,2026-07-03T11:05:33.265506
d5a8b200-f372-4c82-be74-3047130a3958,f37e73f3-fb04-487c-ac16-cf2cb4242a12,e2cd7c97-7bb5-4298-acf9-b4ae98fe6d96,{},"{""disease"":""Asthma (Tamaka Shwasa)"",""dosha"":""Kapha"",""prakriti"":""Kapha"",""season"":""Shishira""}",positive,Good improvement noted after 2 weeks.,False,2026-07-03T11:05:33.265506
e7fc510d-22b7-46ff-a965-dc2dfb7f9723,0560cf02-dee3-42ec-b121-ebb6fc257e3d,9cf952cc-8076-4119-9dd2-ea24a512ce51,{},"{""disease"":""Asthma (Tamaka Shwasa)"",""dosha"":""Kapha"",""prakriti"":""Kapha"",""season"":""Shishira""}",positive,Good improvement noted after 2 weeks.,False,2026-07-03T11:05:33.265506
0be8446b-f11f-4ab2-93d0-087c1bbba849,32d20d68-3081-4cf4-8b7f-6071d93a2cc5,4f1452fa-1cfb-4a5d-a21f-f7c1a607e3fa,{},"{""disease"":""Joint Pain (Amavata)"",""dosha"":""Vata"",""prakriti"":""Vata"",""season"":""Shishira""}",positive,Requires follow-up after 1 month.,False,2026-07-03T11:05:33.265506
56377110-613a-41ee-a0ba-edbd4108ada0,6184736c-c7e8-41a2-8f83-628c0c474acd,6586590a-5ad2-48d8-a833-5ee6edc48dd4,{},"{""disease"":""Anxiety (Chittodvega)"",""dosha"":""Vata"",""prakriti"":""Vata"",""season"":""Shishira""}",negative,Good improvement noted after 2 weeks.,False,2026-07-03T11:05:33.265506
83ad3ed3-634c-43be-bb8d-daee4c9ae46f,32fb151f-1500-4802-bf2e-a28569bca551,790c2101-0c07-40e2-9fe5-3b45de22e514,{},"{""disease"":""Constipation (Vibandha)"",""dosha"":""Vata"",""prakriti"":""Vata"",""season"":""Shishira""}",negative,Requires follow-up after 1 month.,False,2026-07-03T11:05:33.265506
c8848cb3-9e9a-400d-aa4b-30673de63762,b6700f93-77b3-472a-99d1-0f5aa02f4a8c,9e51dc4c-0e28-459b-a299-efd69da98aea,{},"{""disease"":""Asthma (Tamaka Shwasa)"",""dosha"":""Kapha"",""prakriti"":""Kapha"",""season"":""Shishira""}",positive,Patient responded well to treatment.,False,2026-07-03T11:05:33.265506
e18e7ffa-9e08-4930-a2cf-037ceca57fa4,8c2a121a-1419-4c9b-8832-c318ea5bf70c,004e04e7-2134-43b0-8732-c6cf75a63603,{},"{""disease"":""Asthma (Tamaka Shwasa)"",""dosha"":""Kapha"",""prakriti"":""Kapha"",""season"":""Shishira""}",negative,Patient responded well to treatment.,False,2026-07-03T11:05:33.265506
5aeb2b8a-b8f2-432c-9ca2-ef8b5e303724,b052dc67-eff1-4d67-b185-1643888dd0e2,2c14f56b-5b00-440f-b617-40f2dff964af,{},"{""disease"":""Joint Pain (Amavata)"",""dosha"":""Vata"",""prakriti"":""Vata"",""season"":""Shishira""}",positive,Patient responded well to treatment.,False,2026-07-03T11:05:33.265506
09bbcdd9-85fc-4c96-b1cb-85d4bc7cf8a1,67b44b89-6709-4fbd-8d7d-6e09a89bfc30,eaf6d535-ec99-46fa-be2b-0beebf766842,{},"{""disease"":""Constipation (Vibandha)"",""dosha"":""Vata"",""prakriti"":""Vata"",""season"":""Shishira""}",positive,Excellent recovery.,False,2026-07-03T11:05:33.265506
8aa91964-2c5c-4539-a116-e184065f1536,88541d32-5fcf-4d73-893f-b3a3d4b1b707,54cd6cea-a65a-4d65-a6f9-7d6aff4e896c,{},"{""disease"":""Constipation (Vibandha)"",""dosha"":""Vata"",""prakriti"":""Vata"",""season"":""Shishira""}",positive,"Minimal response, dosage adjusted.",False,2026-07-03T11:05:33.265506
a5477982-4463-4cfa-874d-4bc31f15f760,919dd9fe-8727-4be0-b1d9-605ec59b16a6,f526f8bc-2159-40ed-9ba9-ed6240740353,{},"{""disease"":""Cough (Kasa)"",""dosha"":""Kapha"",""prakriti"":""Kapha"",""season"":""Shishira""}",positive,Excellent recovery.,False,2026-07-03T11:05:33.265506
c3411b76-3fc6-4b1e-837a-d115a3136f42,4ec8a664-7ac6-4a20-9858-da1eecb4efa0,a9c45738-cd78-4bbb-907e-2022254aac6a,{},"{""disease"":""Rhinitis (Pratishyaya)"",""dosha"":""Kapha"",""prakriti"":""Kapha"",""season"":""Shishira""}",positive,,False,2026-07-03T11:05:33.265506
204e7f76-8251-4971-97ae-16860e14f0e1,e2e7ef21-a5dd-4765-903d-770a6aa7b5b8,28601c51-223a-496c-824d-a290fdcc5ec9,{},"{""disease"":""Asthma (Tamaka Shwasa)"",""dosha"":""Kapha"",""prakriti"":""Kapha"",""season"":""Shishira""}",positive,Requires follow-up after 1 month.,False,2026-07-03T11:05:33.265506
e7169a4a-cfc0-42a6-a74a-39d36e5a4263,a8875edb-f381-4a2e-be33-fbaa2694b26f,99607c74-7fc1-4594-8d20-a1bf58dba027,{},"{""disease"":""Joint Pain (Amavata)"",""dosha"":""Vata"",""prakriti"":""Vata"",""season"":""Shishira""}",positive,,False,2026-07-03T11:05:33.265506
10b1376f-7567-4eab-b0b7-2c6b2f2996dd,71ea6e60-7682-4ad2-bcdb-684c24439b95,1bf514fd-6375-4173-8be6-4ed4655325f9,{},"{""disease"":""Anxiety (Chittodvega)"",""dosha"":""Vata"",""prakriti"":""Vata"",""season"":""Shishira""}",negative,"Minimal response, dosage adjusted.",False,2026-07-03T11:05:33.265506
7e7e6cd1-53cd-48c7-a7da-dd557c90b2ff,fbdbd9c2-c61b-491a-b6cd-4d56a1ac14b0,8d07510f-edff-4a7a-a231-38a7db30d4cf,{},"{""disease"":""Asthma (Tamaka Shwasa)"",""dosha"":""Kapha"",""prakriti"":""Kapha"",""season"":""Shishira""}",negative,Requires follow-up after 1 month.,False,2026-07-03T11:05:33.265506
e424567f-8f9c-49ad-9d63-5b170dccbfa7,ad7a75c7-29e5-41c7-b74c-f083a374960f,14cb3cd2-6498-4a34-952c-8efbfae53ff1,{},"{""disease"":""Cough (Kasa)"",""dosha"":""Kapha"",""prakriti"":""Kapha"",""season"":""Shishira""}",positive,Excellent recovery.,False,2026-07-03T11:05:33.265506
2fb28d01-f7ac-4967-a575-f5a3c61ca229,908db5ac-d49c-4b57-ba9f-7139d55bebd0,6df834f5-9133-4d67-83a3-be36658840a0,{},"{""disease"":""Asthma (Tamaka Shwasa)"",""dosha"":""Kapha"",""prakriti"":""Kapha"",""season"":""Shishira""}",negative,Requires follow-up after 1 month.,False,2026-07-03T11:05:33.265506
7523edb5-21fe-4bdc-85f0-6ab7ad0e174c,e8beecfb-36c9-4d1d-9856-e91005d7527d,23090379-bf38-45bc-9b29-4eb072af2668,{},"{""disease"":""Constipation (Vibandha)"",""dosha"":""Vata"",""prakriti"":""Vata"",""season"":""Shishira""}",positive,Excellent recovery.,False,2026-07-03T11:05:33.265506
82798191-c3f7-489d-b676-03cddf67910a,5c81d240-7588-4bdd-aefe-8662ce026c82,37f9c57c-6939-4f35-9017-2c8158c040ab,{},"{""disease"":""Asthma (Tamaka Shwasa)"",""dosha"":""Kapha"",""prakriti"":""Kapha"",""season"":""Shishira""}",negative,"Minimal response, dosage adjusted.",False,2026-07-03T11:05:33.265506
36a7683d-771c-4c7e-a5bb-ed441b3f7711,77e0261b-d462-40a6-9715-fb5dbf204533,09f41d3d-67f1-438c-af96-8eeb7be8ced5,{},"{""disease"":""Cough (Kasa)"",""dosha"":""Kapha"",""prakriti"":""Kapha"",""season"":""Shishira""}",positive,Requires follow-up after 1 month.,False,2026-07-03T11:05:33.265506
0849b075-2bf1-4287-b0d2-e27ed9e563f8,555ab5cc-8c89-4fc3-93e0-b67a8d5cd78b,d45b8436-d73b-41ab-8643-29d36bf4e807,{},"{""disease"":""Cough (Kasa)"",""dosha"":""Kapha"",""prakriti"":""Kapha"",""season"":""Shishira""}",positive,,False,2026-07-03T11:05:33.265506
3380f8bc-f76f-4d11-8b2e-483e0073efe4,809d0f5a-db30-4e49-b921-50b7688e7258,b74eca65-5318-45df-8394-d88319a5cc80,{},"{""disease"":""Asthma (Tamaka Shwasa)"",""dosha"":""Kapha"",""prakriti"":""Kapha"",""season"":""Shishira""}",negative,,False,2026-07-03T11:05:33.265506
f8d893c9-382c-4355-ac98-354a8c1cbbe9,022858d9-cc53-4068-8aab-09925dbcc4c6,0447c741-aaf1-4b94-96c5-962dad94fcda,{},"{""disease"":""Anxiety (Chittodvega)"",""dosha"":""Vata"",""prakriti"":""Vata"",""season"":""Shishira""}",positive,Excellent recovery.,False,2026-07-03T11:05:33.265506
7ab5184d-dbd7-4fec-8cc1-8357c9af7a45,4f59a5b0-1126-41ba-8f53-ddbaf28bd393,c1da5038-25ba-42c7-970b-993a56c22e4e,{},"{""disease"":""Constipation (Vibandha)"",""dosha"":""Vata"",""prakriti"":""Vata"",""season"":""Shishira""}",negative,Requires follow-up after 1 month.,False,2026-07-03T11:05:33.265506
b11baae2-51b0-426b-95cb-d3d2e5fbf99b,47b82b89-25d8-4641-82db-29c85c78a0a8,6f200494-3d07-49a4-866e-e7a60edfbab4,{},"{""disease"":""Constipation (Vibandha)"",""dosha"":""Vata"",""prakriti"":""Vata"",""season"":""Shishira""}",positive,Good improvement noted after 2 weeks.,False,2026-07-03T11:05:33.265506
5e844b62-e596-4752-8975-a291d7504737,5de20296-88b5-41f8-a109-b75b6d9b3c61,7a005445-ad8d-47a0-9d6d-edbe6c94f0f9,{},"{""disease"":""Asthma (Tamaka Shwasa)"",""dosha"":""Kapha"",""prakriti"":""Kapha"",""season"":""Shishira""}",positive,Requires follow-up after 1 month.,False,2026-07-03T11:05:33.265506
a79564ff-c84f-42f0-af55-56ebd54dbc01,013d24fb-de3f-46a5-a397-b3233c0c6a38,26258b3c-5542-4999-bc28-98459f282e17,{},"{""disease"":""Anxiety (Chittodvega)"",""dosha"":""Vata"",""prakriti"":""Vata"",""season"":""Shishira""}",positive,,False,2026-07-03T11:05:33.265506
84747063-a146-4c3d-a15b-e7e61e707fe5,668fcd78-5dd8-4a63-b69d-8cd22f8f8d77,9ecb6e63-0d54-4aa7-b084-ef947ec2d0d4,{},"{""disease"":""Anxiety (Chittodvega)"",""dosha"":""Vata"",""prakriti"":""Vata"",""season"":""Shishira""}",negative,Patient responded well to treatment.,False,2026-07-03T11:05:33.265506
654b29a2-bf7d-4368-9711-548844a3fca0,d1117b7d-b826-49ba-a204-890faeac4230,460571f0-bbae-44f2-9bf1-692684153878,{},"{""disease"":""Joint Pain (Amavata)"",""dosha"":""Vata"",""prakriti"":""Vata"",""season"":""Shishira""}",positive,Excellent recovery.,False,2026-07-03T11:05:33.265506
ed3649b0-acfb-4b6d-94fe-892392ac9053,3d0247b2-e0a0-43a9-9b08-fd32d80c51c4,fd9899dd-e2f8-4a42-843b-21ea418b205a,{},"{""disease"":""Joint Pain (Amavata)"",""dosha"":""Vata"",""prakriti"":""Vata"",""season"":""Shishira""}",positive,Patient responded well to treatment.,False,2026-07-03T11:05:33.265506
9725f968-06b8-41c6-8444-26580be43c21,4571dd57-064d-4016-a800-f13c33ed96fa,3fabb1b2-7e2b-4247-a49e-fe775fda6be1,{},"{""disease"":""Asthma (Tamaka Shwasa)"",""dosha"":""Kapha"",""prakriti"":""Kapha"",""season"":""Shishira""}",positive,Patient responded well to treatment.,False,2026-07-03T11:05:33.265506
d2c1d9cc-94be-4733-9ba9-66033e415736,60c98316-c9d5-47f2-ae1a-f237f0e057c9,e685a5da-9f9e-48a3-8558-d95c33a5e3da,{},"{""disease"":""Joint Pain (Amavata)"",""dosha"":""Vata"",""prakriti"":""Vata"",""season"":""Shishira""}",positive,,False,2026-07-03T11:05:33.265506
20ffe133-391c-470b-8d02-891f8814a793,e6aaf6b0-8c8c-4125-b15c-de9f34dda81e,262b5f93-b77e-4105-a358-4299c389062b,{},"{""disease"":""Rhinitis (Pratishyaya)"",""dosha"":""Kapha"",""prakriti"":""Kapha"",""season"":""Shishira""}",positive,"Minimal response, dosage adjusted.",False,2026-07-03T11:05:33.265506
fcd931be-a63c-45fe-8642-c5b59d2de1b5,5c03408e-9a09-4fb8-8c17-5ee07c9e9039,386238c4-6cbc-4b50-ab3b-788b694e6b9d,{},"{""disease"":""Joint Pain (Amavata)"",""dosha"":""Vata"",""prakriti"":""Vata"",""season"":""Shishira""}",positive,Requires follow-up after 1 month.,False,2026-07-03T11:05:33.265506
f6b16fbc-7a14-4d24-82cd-ec67d5034e2d,82b3f3e1-dcaa-4889-b2c5-b2c6cf0dce4e,ca0a91bc-b928-418f-a3a5-6a1321caea63,{},"{""disease"":""Anxiety (Chittodvega)"",""dosha"":""Vata"",""prakriti"":""Vata"",""season"":""Shishira""}",negative,Patient responded well to treatment.,False,2026-07-03T11:05:33.265506
bb965b03-537e-45f5-a4a6-6b511cb758c7,6e790b3b-331d-4e1f-9a80-897f720c0cd0,f27164b1-3b95-4ce9-b6ba-a1f236a8cad0,{},"{""disease"":""Asthma (Tamaka Shwasa)"",""dosha"":""Kapha"",""prakriti"":""Kapha"",""season"":""Shishira""}",negative,Good improvement noted after 2 weeks.,False,2026-07-03T11:05:33.265506
54de4e20-2200-4143-88e4-0089b5668733,ad7a75c7-29e5-41c7-b74c-f083a374960f,c1df3477-7c9d-4f39-a521-76cb7da4026b,{},"{""disease"":""Rhinitis (Pratishyaya)"",""dosha"":""Kapha"",""prakriti"":""Kapha"",""season"":""Shishira""}",positive,Good improvement noted after 2 weeks.,False,2026-07-03T11:05:33.265506
dc210de5-8a3f-44f1-b6c7-8dd153e23c14,302816fc-58aa-4b96-b56b-f33f8ec63da7,0902dbd1-e486-4f16-882d-b595060d90e5,{},"{""disease"":""Constipation (Vibandha)"",""dosha"":""Vata"",""prakriti"":""Vata"",""season"":""Shishira""}",positive,,False,2026-07-03T11:05:33.265506
139cfc41-115e-4eb0-806e-43422544542e,1e7ff456-61fb-46a3-b39d-5bab6ad372b3,027b470f-248f-4536-bdc1-8299c3cd08e2,{},"{""disease"":""Joint Pain (Amavata)"",""dosha"":""Vata"",""prakriti"":""Vata"",""season"":""Shishira""}",positive,Good improvement noted after 2 weeks.,False,2026-07-03T11:05:33.265506
e5b01cb7-bcb7-490f-8ce9-755b626c94f1,dffadd63-56d7-4407-90bb-64b12273bfe7,ef8af20b-a476-4961-b8c0-d48d48f600cc,{},"{""disease"":""Constipation (Vibandha)"",""dosha"":""Vata"",""prakriti"":""Vata"",""season"":""Shishira""}",positive,,False,2026-07-03T11:05:33.265506
62b0c0cd-9fdb-4d49-8f24-1069aeea7a3a,e07cfeba-3c9f-4102-a70a-39204c01fc3f,be6cefd6-7db5-4fcf-b783-2b4a0e74b35c,{},"{""disease"":""Rhinitis (Pratishyaya)"",""dosha"":""Kapha"",""prakriti"":""Kapha"",""season"":""Shishira""}",positive,,False,2026-07-03T11:05:33.265506
4514e120-4959-47b3-8cda-68f07ee76fe9,7928e7cf-c449-4d7e-8c10-9a404c9dda75,9ac8f90f-388c-4e2c-ae9d-74e8bce697f1,{},"{""disease"":""Asthma (Tamaka Shwasa)"",""dosha"":""Kapha"",""prakriti"":""Kapha"",""season"":""Shishira""}",positive,Requires follow-up after 1 month.,False,2026-07-03T11:05:33.265506
01da9ff2-6a68-4196-a891-04763a47b274,b6ce1286-8f7d-41b3-8052-46b15da0f482,4d968095-cfeb-4bf1-9d2d-f5c9aec0c27c,{},"{""disease"":""Anxiety (Chittodvega)"",""dosha"":""Vata"",""prakriti"":""Vata"",""season"":""Shishira""}",negative,"Minimal response, dosage adjusted.",False,2026-07-03T11:05:33.265506
ddd99e78-92e6-45fd-ba13-088c1a2e30d3,715978e0-4565-45f5-9f67-7e3ea24febcf,7b85a8dd-507a-4ae0-bbb9-aca078577d65,{},"{""disease"":""Cough (Kasa)"",""dosha"":""Kapha"",""prakriti"":""Kapha"",""season"":""Shishira""}",negative,Patient responded well to treatment.,False,2026-07-03T11:05:33.265506
a7a9e370-4505-488d-9a26-5534d09eecb5,e12b01b3-2939-476d-a29c-22c62cf1440a,93e7fe6f-359c-41c9-bff2-9b97a39bea80,{},"{""disease"":""Rhinitis (Pratishyaya)"",""dosha"":""Kapha"",""prakriti"":""Kapha"",""season"":""Shishira""}",positive,"Minimal response, dosage adjusted.",False,2026-07-03T11:05:33.265506
73ea7bf8-c8d7-485f-9552-9d5deea1851a,b021bb1e-6e42-419a-bcff-6dacfc1a7d5c,eabd5c6e-0e0a-486e-8852-574f16fc3e80,{},"{""disease"":""Anxiety (Chittodvega)"",""dosha"":""Vata"",""prakriti"":""Vata"",""season"":""Shishira""}",positive,Good improvement noted after 2 weeks.,False,2026-07-03T11:05:33.265506
2b9fd0ab-147e-42ee-b894-e500d48083d0,7c807a94-9bea-4a7a-9ef2-4a4c33a61949,be449440-4d76-45b6-ae35-49ffb4343101,{},"{""disease"":""Asthma (Tamaka Shwasa)"",""dosha"":""Kapha"",""prakriti"":""Kapha"",""season"":""Shishira""}",positive,Good improvement noted after 2 weeks.,False,2026-07-03T11:05:33.265506
39e4c39d-18b5-4f5b-9901-2c6b493a6aff,f68a4b14-46bc-4566-ba9e-6a61ad229b86,af918c4c-a5a7-4cbe-be41-1cac395518ab,{},"{""disease"":""Anxiety (Chittodvega)"",""dosha"":""Vata"",""prakriti"":""Vata"",""season"":""Shishira""}",positive,Good improvement noted after 2 weeks.,False,2026-07-03T11:05:33.265506
2e8a37a0-75fe-4857-a7ca-8bb8f2e930c3,6d861f09-0077-420a-9c25-d085b2b7a889,e4d03f78-33a9-4f9d-97cb-c874dbdc61f2,{},"{""disease"":""Cough (Kasa)"",""dosha"":""Kapha"",""prakriti"":""Kapha"",""season"":""Shishira""}",negative,,False,2026-07-03T11:05:33.265506
d55c1c0b-6e84-410f-b663-fb92ad4e3f8c,81115e80-f80c-43a6-b720-642f06c24ea9,50bdea5f-028f-4deb-996f-f928fc197c76,{},"{""disease"":""Joint Pain (Amavata)"",""dosha"":""Vata"",""prakriti"":""Vata"",""season"":""Shishira""}",positive,Patient responded well to treatment.,False,2026-07-03T11:05:33.265506
92952bbf-aa09-4ca6-8d49-084761c11a82,9e41afc4-d4c9-47d4-ab3b-dc6cadb1a142,0f009228-1d66-4af2-8e88-175944fc1cfb,{},"{""disease"":""Cough (Kasa)"",""dosha"":""Kapha"",""prakriti"":""Kapha"",""season"":""Shishira""}",negative,,False,2026-07-03T11:05:33.265506
1cd2e04d-45bd-4b59-97e3-79c7b9184fe0,f7eb68cd-37f7-4230-acc4-08fe206e93f8,1c7a1dda-cb8e-48d3-8ead-b04077455250,{},"{""disease"":""Cough (Kasa)"",""dosha"":""Kapha"",""prakriti"":""Kapha"",""season"":""Shishira""}",positive,Requires follow-up after 1 month.,False,2026-07-03T11:05:33.265506
08e911f4-9fdc-4b36-8111-44e10a594aea,b5a20d52-826a-404a-98f2-1c7cc74afc03,0a1bb13d-3784-4e0f-9c1e-c98f020f7e0e,{},"{""disease"":""Anxiety (Chittodvega)"",""dosha"":""Vata"",""prakriti"":""Vata"",""season"":""Shishira""}",negative,Excellent recovery.,False,2026-07-03T11:05:33.265506
5a1c147b-7a7f-4c63-ac1a-75b85c5b265e,9205ae42-b451-45be-8ede-80396a10ae1c,17ccad25-d7dc-4f77-9edf-ee7596ff80e9,{},"{""disease"":""Constipation (Vibandha)"",""dosha"":""Vata"",""prakriti"":""Vata"",""season"":""Shishira""}",negative,Good improvement noted after 2 weeks.,False,2026-07-03T11:05:33.265506
ba9d0e88-ddcb-465f-bc73-99a2d7c5f64c,3c692c45-3ea3-48a5-b49d-a253ec2a185a,91ecef33-1f75-4a4a-a327-36d50113e1d8,{},"{""disease"":""Cough (Kasa)"",""dosha"":""Kapha"",""prakriti"":""Kapha"",""season"":""Shishira""}",positive,,False,2026-07-03T11:05:33.265506
36b20451-b143-4e4c-ab31-e38c10cfe91e,012e3e81-9fa5-47ef-a669-493bfda5ee10,37346727-e94c-4b10-baef-4f4e58e5a8df,{},"{""disease"":""Constipation (Vibandha)"",""dosha"":""Vata"",""prakriti"":""Vata"",""season"":""Shishira""}",negative,"Minimal response, dosage adjusted.",False,2026-07-03T11:05:33.265506
0004a88f-d450-4edb-8803-88f325cb0e37,4424bbef-e9cf-45b6-8f78-d9063f13c9f0,2359469a-0087-4d68-bf4c-0c66b9023846,{},"{""disease"":""Constipation (Vibandha)"",""dosha"":""Vata"",""prakriti"":""Vata"",""season"":""Shishira""}",negative,,False,2026-07-03T11:05:33.265506
d82b26e9-fd26-41cb-b2bd-11df2eb5572d,505365c6-d933-43d2-a5e2-4a44b9ce71e1,51848162-b694-4923-9906-9f07b8e9c968,{},"{""disease"":""Joint Pain (Amavata)"",""dosha"":""Vata"",""prakriti"":""Vata"",""season"":""Shishira""}",positive,Excellent recovery.,False,2026-07-03T11:05:33.265506
a1e5f105-2e06-4880-afa1-b406f7392332,887c2549-d782-46e3-864c-ebfe36d81f69,46b0d143-8c2a-43e9-aa68-10d06dc361fb,{},"{""disease"":""Constipation (Vibandha)"",""dosha"":""Vata"",""prakriti"":""Vata"",""season"":""Shishira""}",positive,"Minimal response, dosage adjusted.",False,2026-07-03T11:05:33.265506
57288a94-f4c1-4ac1-bc9c-8076955b8e6f,a73ae9f9-de66-4bed-b723-c250ab73a65c,07152aaf-5406-46e6-92ba-a7b4192456e9,{},"{""disease"":""Joint Pain (Amavata)"",""dosha"":""Vata"",""prakriti"":""Vata"",""season"":""Shishira""}",negative,"Minimal response, dosage adjusted.",False,2026-07-03T11:05:33.265506
67f717d8-6da6-4b2f-aa5c-c4d5fd4a5726,cb740f09-ee3b-47a4-927e-7920b916d772,c7c1a353-7f72-4c16-973f-c22a638c8c1e,{},"{""disease"":""Constipation (Vibandha)"",""dosha"":""Vata"",""prakriti"":""Vata"",""season"":""Shishira""}",negative,Good improvement noted after 2 weeks.,False,2026-07-03T11:05:33.265506
22011307-8a21-45d3-8f7f-a963a40dd37f,d334836d-f7e8-4a2c-8348-0d18e7793074,ce397f43-4b17-49d7-b7d8-eb7e3d8c173b,{},"{""disease"":""Joint Pain (Amavata)"",""dosha"":""Vata"",""prakriti"":""Vata"",""season"":""Shishira""}",positive,"Minimal response, dosage adjusted.",False,2026-07-03T11:05:33.265506
453840c1-ce16-4557-a922-fa18ff005b24,31744a7f-b6c2-49d0-8e82-4d5227c06185,b6bf6f37-dba2-4510-a026-d8bec1fcf0b7,{},"{""disease"":""Constipation (Vibandha)"",""dosha"":""Vata"",""prakriti"":""Vata"",""season"":""Shishira""}",positive,Good improvement noted after 2 weeks.,False,2026-07-03T11:05:33.265506
09f17cfd-7cab-4362-b4df-5f38b0c7295d,5a57dd8f-085f-4867-9b4f-e61543fa2870,61252ffc-15ba-4f1b-b1ad-8e35185c1ed0,{},"{""disease"":""Rhinitis (Pratishyaya)"",""dosha"":""Kapha"",""prakriti"":""Kapha"",""season"":""Shishira""}",positive,"Minimal response, dosage adjusted.",False,2026-07-03T11:05:33.265506
6a834a4b-f021-425d-a3b6-19a8c793a07e,d334836d-f7e8-4a2c-8348-0d18e7793074,200e8fc1-0230-463c-a009-558400019a48,{},"{""disease"":""Asthma (Tamaka Shwasa)"",""dosha"":""Kapha"",""prakriti"":""Kapha"",""season"":""Shishira""}",negative,Requires follow-up after 1 month.,False,2026-07-03T11:05:33.265506
5cf6b1c7-52b9-4483-b6e4-76e55b2acecd,d3e9e3ed-00ef-4cd2-9ea2-5de5ff487ba3,0c5c9ea4-c5a7-467a-9869-4ad253585c0a,{},"{""disease"":""Rhinitis (Pratishyaya)"",""dosha"":""Kapha"",""prakriti"":""Kapha"",""season"":""Shishira""}",positive,Requires follow-up after 1 month.,False,2026-07-03T11:05:33.265506
3268de8b-fce0-4b5e-a03e-7fd7672d465f,88bbc328-212d-4766-8274-cb8fbab426f0,531c4893-5029-42d9-a129-fd43359884f8,{},"{""disease"":""Rhinitis (Pratishyaya)"",""dosha"":""Kapha"",""prakriti"":""Kapha"",""season"":""Shishira""}",positive,Excellent recovery.,False,2026-07-03T11:05:33.265506
beaf67e8-0808-4910-bac7-282bc8e5ab45,5b077a5a-6fe9-449a-b002-65fa60750bef,f6978e54-1a05-4688-9fe1-f2eff74daf4a,{},"{""disease"":""Rhinitis (Pratishyaya)"",""dosha"":""Kapha"",""prakriti"":""Kapha"",""season"":""Shishira""}",negative,,False,2026-07-03T11:05:33.265506
38656a39-561e-4c24-acbd-a553505279d4,1c1ced8e-3f9e-4ab9-9c10-f62a266ef8a5,e31a53db-4f58-4d0a-9095-97a4302e083d,{},"{""disease"":""Constipation (Vibandha)"",""dosha"":""Vata"",""prakriti"":""Vata"",""season"":""Shishira""}",positive,Patient responded well to treatment.,False,2026-07-03T11:05:33.265506
14aad81f-a1b3-495f-a89b-1a98a6650231,66f4a610-56d9-4a36-819f-96ceb1ebe9d0,a7c2d73f-0ccf-41ce-92fd-7eeb0d963d9c,{},"{""disease"":""Conjunctivitis (Netra Abhishyanda)"",""dosha"":""Pitta"",""prakriti"":""Pitta"",""season"":""Shishira""}",positive,Good improvement noted after 2 weeks.,False,2026-07-03T11:05:33.265506
cf89ce53-2853-43fa-bec7-b4a21ec949f2,45b8dab4-ecc9-4ee6-a1af-37d2f01132a9,d971b38b-4214-4883-9938-34b7d3daad00,{},"{""disease"":""Celiac Disease (Grahani Roga)"",""dosha"":""Vata-Pitta"",""prakriti"":""Vata"",""season"":""Shishira""}",positive,Patient responded well to treatment.,False,2026-07-03T11:05:33.265506
4e808fc9-cad3-4ee6-8a22-8ef8656d1505,32d695c7-d917-4fac-9b01-2a5e14ebc7ac,a4eb26d0-37b5-433c-8684-dcbf9c3c77c5,{},"{""disease"":""Gastritis (Urdhva Amlapitta)"",""dosha"":""Pitta"",""prakriti"":""Pitta"",""season"":""Shishira""}",negative,Patient responded well to treatment.,False,2026-07-03T11:05:33.265506
1d9476b4-364c-4382-b710-a46b1f275979,17889c42-57f5-4de2-b1dd-54dd00b2ec77,0086d1dd-d804-457f-907f-4176382bb431,{},"{""disease"":""Boils (Vidradhi)"",""dosha"":""Pitta-Kapha"",""prakriti"":""Pitta"",""season"":""Shishira""}",negative,Good improvement noted after 2 weeks.,False,2026-07-03T11:05:33.265506
2d607dec-2f19-4b6c-bdcd-932fe0f08196,9a72e043-3f74-4f90-a110-a5800b9b8323,c519f1c9-aa13-41d9-ac58-06207afd7478,{},"{""disease"":""Sciatica (Gridhrasi)"",""dosha"":""Vata"",""prakriti"":""Vata"",""season"":""Shishira""}",positive,Good improvement noted after 2 weeks.,False,2026-07-03T11:05:33.265506
583c735c-8eca-4f73-a002-9875bc0452b5,e3f00da9-8434-49e0-a93d-7d984ea47e16,dae9fa14-c2f5-4a5c-aa33-720f694327d3,{},"{""disease"":""Psoriasis (Kitibha Kushtha)"",""dosha"":""Pitta"",""prakriti"":""Pitta"",""season"":""Shishira""}",negative,Excellent recovery.,False,2026-07-03T11:05:33.265506
cf746fb1-ad2b-425c-a07c-bcbf86eb9032,60c98316-c9d5-47f2-ae1a-f237f0e057c9,be4c3c90-32eb-4cbe-b5bb-1816f526dbcf,{},"{""disease"":""Irritable Bowel Syndrome (Grahani)"",""dosha"":""Vata"",""prakriti"":""Vata"",""season"":""Shishira""}",negative,"Minimal response, dosage adjusted.",False,2026-07-03T11:05:33.265506
642eb780-87c8-4f1b-82c3-a5ad5386093b,ecdf9681-f183-4da1-adfd-1362e48b0d74,d1ddb59c-11cf-40b1-9a32-a9799791f37d,{},"{""disease"":""Amebiasis (Pittaja Atisara)"",""dosha"":""Pitta-Kapha"",""prakriti"":""Pitta"",""season"":""Shishira""}",positive,"Minimal response, dosage adjusted.",False,2026-07-03T11:05:33.265506
7f9eac78-3ab2-46d8-b5b6-97ec1cd4bc91,ff85b342-6b1a-4fad-8c2d-ab2e57df6db2,55696830-5dc9-4a92-afe2-76e4d44688bb,{},"{""disease"":""Fatty Liver (Yakrit Meda Vriddhi)"",""dosha"":""Kapha-Pitta"",""prakriti"":""Kapha"",""season"":""Shishira""}",positive,Requires follow-up after 1 month.,False,2026-07-03T11:05:33.265506
68f0d47f-bb62-4d61-946f-b7816509830c,35a938c1-45df-43f5-9185-b86a99fae957,a9329361-725c-436f-8033-758de9bd1e2c,{},"{""disease"":""Mumps (Karnamoola Shotha)"",""dosha"":""Kapha"",""prakriti"":""Kapha"",""season"":""Shishira""}",negative,"Minimal response, dosage adjusted.",False,2026-07-03T11:05:33.265506
96ceb59b-27ba-45ad-90a9-931427cd4651,51041b61-94a8-4639-9097-492d572b5ce4,563be63e-dfb3-4ca1-afa7-90b83a0fcf3d,{},"{""disease"":""Pharyngitis (Galashotha)"",""dosha"":""Kapha"",""prakriti"":""Kapha"",""season"":""Shishira""}",positive,Patient responded well to treatment.,False,2026-07-03T11:05:33.265506
ae5f1e9b-ba14-41b3-a951-ebf1afd45425,7b081731-f6e6-4bc0-92e7-0926927197f2,5f3c1a2d-3d23-48f6-81e5-34fee7462462,{},"{""disease"":""Urinary Tract Infection (Mutradaha)"",""dosha"":""Pitta"",""prakriti"":""Pitta"",""season"":""Shishira""}",positive,Patient responded well to treatment.,False,2026-07-03T11:05:33.265506
416ed35b-d1e4-4f96-9af0-e6a982fd36b8,9d26ec89-f36f-41cc-8de7-30f32000dd52,7877ec5b-30db-4065-90bf-cfca6be7dda3,{},"{""disease"":""Eczema (Vicharchika)"",""dosha"":""Pitta"",""prakriti"":""Pitta"",""season"":""Shishira""}",positive,"Minimal response, dosage adjusted.",False,2026-07-03T11:05:33.265506
099283e9-1958-4ba1-8f04-1714c7e49bd9,4c6fa8ac-6a07-4f08-81c3-027193f6d0b9,0ce58046-5c68-43fa-b7f3-91439b7ebfc7,{},"{""disease"":""Chronic Fatigue Syndrome (Klama)"",""dosha"":""Vata-Kapha"",""prakriti"":""Vata"",""season"":""Shishira""}",positive,"Minimal response, dosage adjusted.",False,2026-07-03T11:05:33.265506
506db6df-4a46-4f40-aa9c-92b35d6729f6,55527f2c-6a58-4f92-a2ea-208a7f3bb5aa,1a2a9a47-3757-4b65-8f93-856fae151e80,{},"{""disease"":""Gingivitis (Danta Vidradhi)"",""dosha"":""Pitta"",""prakriti"":""Pitta"",""season"":""Shishira""}",positive,,False,2026-07-03T11:05:33.265506
90033314-7efc-4720-a141-76b55d4ee652,938cff92-e5a8-4ae9-8423-235d185ac7e7,7fe3523b-019e-45c6-979e-6978eb28061a,{},"{""disease"":""Liver Disorder (Yakrit Vikara)"",""dosha"":""Pitta-Kapha"",""prakriti"":""Pitta"",""season"":""Shishira""}",positive,,False,2026-07-03T11:05:33.265506
513ba0f5-aaa8-4339-ad4b-faea886629c2,7c68fc39-17fe-480d-8e3d-5f5c1b3ffcc0,51ecb9fa-49dd-4b4f-be1e-c96d2efefd96,{},"{""disease"":""Erectile Dysfunction (Klaibya)"",""dosha"":""Vata"",""prakriti"":""Vata"",""season"":""Shishira""}",positive,Excellent recovery.,False,2026-07-03T11:05:33.265506
e8aede79-2c9f-4858-9e03-982fea73d6e0,35935672-32f0-4cd7-8955-a662bfa0cb39,0006542d-9715-40cd-a084-2ed1a301a8a8,{},"{""disease"":""Metabolic Syndrome (Santarpana Janya Vikara)"",""dosha"":""Kapha"",""prakriti"":""Kapha"",""season"":""Shishira""}",negative,Patient responded well to treatment.,False,2026-07-03T11:05:33.265506
a49d4e3f-b303-4fd7-8708-e89b2fdc7c49,7fe7668f-ef3d-4bc2-8b4b-183240e39098,8d3c0a82-1f86-4a45-a015-b9c6a73addd4,{},"{""disease"":""Goiter (Galaganda)"",""dosha"":""Vata-Pitta"",""prakriti"":""Kapha"",""season"":""Shishira""}",positive,,False,2026-07-03T11:05:33.265506
270947ac-562f-406b-ae10-3c8af076f174,4ec8a664-7ac6-4a20-9858-da1eecb4efa0,36c0f3bb-5fbb-435d-8ec6-94198be1e751,{},"{""disease"":""Conjunctivitis (Netra Abhishyanda)"",""dosha"":""Pitta"",""prakriti"":""Pitta"",""season"":""Shishira""}",positive,Requires follow-up after 1 month.,False,2026-07-03T11:05:33.265506
7bc4657c-3f25-4555-8e56-e0ba6bf3ce62,6ecfc310-2e95-41b5-b6ee-86e01bafe2b3,413ccd27-13bb-4a64-93a2-69f4a1b5f354,{},"{""disease"":""Gastritis (Urdhva Amlapitta)"",""dosha"":""Pitta"",""prakriti"":""Pitta"",""season"":""Shishira""}",positive,Requires follow-up after 1 month.,False,2026-07-03T11:05:33.265506
4f7b4467-fba6-4cfd-aa75-f8084ccbcbd6,2bb03827-4f0d-4dd3-b661-6752df8aaa35,4a953324-a404-4af8-b4ea-7496ea100067,{},"{""disease"":""Boils (Vidradhi)"",""dosha"":""Pitta-Kapha"",""prakriti"":""Pitta"",""season"":""Shishira""}",positive,Patient responded well to treatment.,False,2026-07-03T11:05:33.265506
15ae5b5c-840e-4ede-a3df-3796b1d57bf3,2a0f500f-084e-4f26-a3bd-84c6460e3142,f7b11d1b-85b2-4974-a4df-874803a553d5,{},"{""disease"":""Depression (Vishada)"",""dosha"":""Vata-Pitta"",""prakriti"":""Vata"",""season"":""Shishira""}",negative,"Minimal response, dosage adjusted.",False,2026-07-03T11:05:33.265506
b2054ecd-cd8a-4fb2-a18e-5d6cda65f2ba,417eee7f-0b21-4936-84f5-6f8572472cb9,dd66fc3e-008f-4d15-866c-5d7c4c10e467,{},"{""disease"":""Gout (Vatarakta)"",""dosha"":""Vata-Pitta"",""prakriti"":""Pitta"",""season"":""Shishira""}",positive,Excellent recovery.,False,2026-07-03T11:05:33.265506
0d7f3a8c-8120-4677-bb68-e712296ce79f,d1cf9352-15bd-4106-8051-f0e95268a154,7f3ce3d7-420f-4ce0-966e-43ef747ccd8f,{},"{""disease"":""Warts (Charmakeela)"",""dosha"":""Kapha"",""prakriti"":""Kapha"",""season"":""Shishira""}",positive,Requires follow-up after 1 month.,False,2026-07-03T11:05:33.265506
8c22e377-b7ac-4d1b-9dc8-d8fe51b392d8,923a888c-55cf-4d2b-99c9-2b8dc426276b,091a9c51-b2d8-4fa5-bbe8-5fc6364e1719,{},"{""disease"":""Typhoid (Antrika Jwara)"",""dosha"":""Pitta"",""prakriti"":""Pitta"",""season"":""Shishira""}",negative,,False,2026-07-03T11:05:33.265506
6ae96d25-4481-4fb6-8937-52cdc29d036c,88bd4b71-42a5-4e5d-9661-7ab364e79bc2,b425ce69-ccd9-4383-95ae-84061a5be725,{},"{""disease"":""Hepatitis (Kamala)"",""dosha"":""Pitta"",""prakriti"":""Pitta"",""season"":""Shishira""}",positive,,False,2026-07-03T11:05:33.265506
98c266ec-290c-4806-b20d-f1943e23fabc,1602ef2e-0031-469b-9a7f-6b4ad32085b6,c1d69221-b736-4697-b5cc-8f950dce07ae,{},"{""disease"":""Alopecia (Indralupta)"",""dosha"":""Pitta"",""prakriti"":""Pitta"",""season"":""Shishira""}",positive,Good improvement noted after 2 weeks.,False,2026-07-03T11:05:33.265506
a1ae71cd-b1ec-42d3-9ab9-d52c2ace4052,e8a1050b-c761-48ab-9b87-8a706f3b933f,a26b7e87-2a9b-4f07-8df9-e20eb177fbf3,{},"{""disease"":""Peptic Ulcer (Parinama Shoola)"",""dosha"":""Pitta"",""prakriti"":""Pitta"",""season"":""Shishira""}",negative,Requires follow-up after 1 month.,False,2026-07-03T11:05:33.265506
5e48c647-edd2-4eb7-b2a8-8164fbafe76c,b70b6866-fc93-49b0-82ff-5829d7478c5e,377a98a1-96c8-4b9c-9a4b-18e52a9c9109,{},"{""disease"":""Peptic Ulcer (Parinama Shoola)"",""dosha"":""Pitta"",""prakriti"":""Pitta"",""season"":""Shishira""}",positive,Excellent recovery.,False,2026-07-03T11:05:33.265506
17e07225-ed16-45d4-8416-c5c6758c3e86,aa15fab5-3ec4-43e0-8861-ea6a4a239468,e7941782-51c4-4193-a39b-53363933a308,{},"{""disease"":""Prostate Enlargement (Vriddhi)"",""dosha"":""Vata"",""prakriti"":""Vata"",""season"":""Shishira""}",negative,,False,2026-07-03T11:05:33.265506
8c67617b-99de-47d5-aac3-bd017c737855,1602ef2e-0031-469b-9a7f-6b4ad32085b6,e8b6bc21-d9d8-4ecb-8cc8-53274579f4d1,{},"{""disease"":""Sinusitis (Apinasa)"",""dosha"":""Vata-Kapha"",""prakriti"":""Kapha"",""season"":""Shishira""}",positive,Patient responded well to treatment.,False,2026-07-03T11:05:33.265506
8c9ef0a4-4c5b-40ec-9dc6-7372158e7969,19dd4f5c-d541-4af3-9939-948007f8ee11,b36c2c09-3da8-42ce-ae8a-c4e215e3aedd,{},"{""disease"":""Amebiasis (Pittaja Atisara)"",""dosha"":""Pitta-Kapha"",""prakriti"":""Pitta"",""season"":""Shishira""}",negative,Excellent recovery.,False,2026-07-03T11:05:33.265506
73eb9ffa-6e0e-4aaa-954d-4fbc937544f3,9027b642-6669-4e5d-9de9-6197e231bf03,2a6e4029-446d-47ad-9e37-2934281ebfaf,{},"{""disease"":""Pharyngitis (Galashotha)"",""dosha"":""Kapha"",""prakriti"":""Kapha"",""season"":""Shishira""}",positive,,False,2026-07-03T11:05:33.265506
84db8ae8-fa30-4a72-9d09-cc20453ad20d,bd4edcfc-e63c-453c-8f52-da5b28ca241f,c0a639b0-cfba-4c4c-a805-c97a5080a72e,{},"{""disease"":""Amebiasis (Pittaja Atisara)"",""dosha"":""Pitta-Kapha"",""prakriti"":""Pitta"",""season"":""Shishira""}",negative,Good improvement noted after 2 weeks.,False,2026-07-03T11:05:33.265506
fba30a98-2002-4f5a-ae37-02fca2949f8d,a265ce0b-ca57-415e-93d7-a18f14fc40d2,1b2a820c-a56c-45b5-a9f2-673e0270ba4b,{},"{""disease"":""Digestive Disorder (Vikara)"",""dosha"":""Pitta-Vata"",""prakriti"":""Pitta"",""season"":""Shishira""}",negative,Excellent recovery.,False,2026-07-03T11:05:33.265506
b29783d8-dff1-4a08-aa2d-0c357ba6adf4,f4d5afd4-e183-4732-a4a7-866f5f2c2fc2,78862a43-ee68-4e4b-8458-f99a84a1af96,{},"{""disease"":""Indigestion (Ajirna)"",""dosha"":""Kapha"",""prakriti"":""Kapha"",""season"":""Vasanta""}",positive,Good improvement noted after 2 weeks.,False,2026-07-03T11:05:33.265506
0385fc7a-b893-4f48-8721-44db0b4a5cb8,4c61e122-6f1f-4f63-b29f-83610ff915d5,7f2c0a52-5eab-4998-8941-01603d1838f0,{},"{""disease"":""Rhinitis (Pratishyaya)"",""dosha"":""Kapha"",""prakriti"":""Kapha"",""season"":""Vasanta""}",negative,Good improvement noted after 2 weeks.,False,2026-07-03T11:05:33.265506
91ac2f0d-1942-496d-9f8f-9e1842e567ab,7c68fc39-17fe-480d-8e3d-5f5c1b3ffcc0,482c005c-3906-4c03-9b18-2ca3a78a868c,{},"{""disease"":""Allergy (Sheetapitta)"",""dosha"":""Kapha"",""prakriti"":""Kapha"",""season"":""Vasanta""}",positive,Good improvement noted after 2 weeks.,False,2026-07-03T11:05:33.265506
3ef0628b-3673-43fd-8987-49088e154887,b090dcec-dc65-48cd-8bb3-e10ba922eed2,83309410-ae5e-4700-80f7-541764d6b64d,{},"{""disease"":""Rhinitis (Pratishyaya)"",""dosha"":""Kapha"",""prakriti"":""Kapha"",""season"":""Vasanta""}",negative,Requires follow-up after 1 month.,False,2026-07-03T11:05:33.265506
d70a3ea3-3273-4eb7-be70-49fc4870fc41,c981ceb4-4da5-4b89-aeaf-50903cac3ced,72022d09-a0c9-4da9-9a38-b6dc9aa4daf2,{},"{""disease"":""Lethargy (Tandra)"",""dosha"":""Kapha"",""prakriti"":""Kapha"",""season"":""Vasanta""}",positive,Patient responded well to treatment.,False,2026-07-03T11:05:33.265506
f930149f-d695-47c9-ba69-6267639e6899,ed4afae7-e3c6-465c-9cfe-456ec694f253,47825683-84b5-4be8-8956-1b50cddbc343,{},"{""disease"":""Indigestion (Ajirna)"",""dosha"":""Kapha"",""prakriti"":""Kapha"",""season"":""Vasanta""}",positive,"Minimal response, dosage adjusted.",False,2026-07-03T11:05:33.265506
41102c27-898a-403e-bd21-5e27ce1abf12,7db6583d-a3d4-463c-8ace-7f7985ee6ddb,09914b1e-79d3-4588-a96b-c118d6a35a69,{},"{""disease"":""Lethargy (Tandra)"",""dosha"":""Kapha"",""prakriti"":""Kapha"",""season"":""Vasanta""}",negative,Good improvement noted after 2 weeks.,False,2026-07-03T11:05:33.265506
ff5f89d3-2ac5-4d1e-aaab-c22a39b4c69e,4d68af35-eafe-4b0a-9ece-0d6def3e9ef5,a6b7c420-2553-4653-80fd-503ea6d2aa57,{},"{""disease"":""Allergy (Sheetapitta)"",""dosha"":""Kapha"",""prakriti"":""Kapha"",""season"":""Vasanta""}",positive,Excellent recovery.,False,2026-07-03T11:05:33.265506
7b1edf94-5771-4099-8142-5c7bd52d9b5f,fce7a316-7a3c-4e5c-a936-2bdfb6b526e5,ed210699-75a2-4a4c-ad73-c769ab8e3fde,{},"{""disease"":""Rhinitis (Pratishyaya)"",""dosha"":""Kapha"",""prakriti"":""Kapha"",""season"":""Vasanta""}",positive,"Minimal response, dosage adjusted.",False,2026-07-03T11:05:33.265506
f7a5a594-0571-4f09-abeb-9d78d9daf177,99f32148-8f53-4be0-8145-2abaa01d34f4,ada1ccae-ea86-4b2a-a4e9-381b90fda3e0,{},"{""disease"":""Rhinitis (Pratishyaya)"",""dosha"":""Kapha"",""prakriti"":""Kapha"",""season"":""Vasanta""}",positive,"Minimal response, dosage adjusted.",False,2026-07-03T11:05:33.265506
06a366af-b7b1-4621-969f-d3fa357c33ee,3b6a48b0-f031-49bc-808a-b87c877de3f6,070d92ef-1c97-4df1-b483-c6e610538fa5,{},"{""disease"":""Fever (Jwara)"",""dosha"":""Pitta"",""prakriti"":""Pitta-Kapha"",""season"":""Vasanta""}",positive,"Minimal response, dosage adjusted.",False,2026-07-03T11:05:33.265506
e1e46401-e3f5-4861-9933-2c021106362d,4f17519f-35af-4605-a20f-cba0dae2ee59,e55408c3-fe2d-4184-802f-e7b695127817,{},"{""disease"":""Indigestion (Ajirna)"",""dosha"":""Kapha"",""prakriti"":""Kapha"",""season"":""Vasanta""}",positive,Good improvement noted after 2 weeks.,False,2026-07-03T11:05:33.265506
46b6b591-7867-4aed-a373-c99351905e4d,91a480dd-a69f-46da-b123-1aa2299411b5,b88e464a-4b73-4eb1-ae9f-4c26a48d317e,{},"{""disease"":""Indigestion (Ajirna)"",""dosha"":""Kapha"",""prakriti"":""Kapha"",""season"":""Vasanta""}",positive,,False,2026-07-03T11:05:33.265506
d2800635-fc3c-4621-8395-d3bfd34339c7,63b567d6-740d-4a20-adc5-10f7f9cfbc99,3327b7e9-29b3-4e17-ae44-cb102d3092d2,{},"{""disease"":""Fever (Jwara)"",""dosha"":""Pitta"",""prakriti"":""Pitta-Kapha"",""season"":""Vasanta""}",negative,"Minimal response, dosage adjusted.",False,2026-07-03T11:05:33.265506
3daafb2e-0837-43fb-a105-793fab3f5f12,7c8a3185-3a64-40de-8ff1-d1ce49285e30,f81459c0-ae73-4610-8ff1-e975e0ef7e33,{},"{""disease"":""Indigestion (Ajirna)"",""dosha"":""Kapha"",""prakriti"":""Kapha"",""season"":""Vasanta""}",positive,,False,2026-07-03T11:05:33.265506
f55e8a66-75fd-4701-a9fa-5e15ba8754d0,a6593654-1c00-458a-b45b-f60b44fe0196,29ef6859-3102-43dc-9d7f-25a45a1fb254,{},"{""disease"":""Skin Disorder (Kushtha)"",""dosha"":""Pitta"",""prakriti"":""Pitta"",""season"":""Vasanta""}",positive,"Minimal response, dosage adjusted.",False,2026-07-03T11:05:33.265506
789179b8-8169-48dd-b59d-c4ed55d22a84,96cd86af-a011-409e-8853-55cf183fc03d,73074b82-9c7f-41f3-899d-62f96d808e94,{},"{""disease"":""Rhinitis (Pratishyaya)"",""dosha"":""Kapha"",""prakriti"":""Kapha"",""season"":""Vasanta""}",negative,,False,2026-07-03T11:05:33.265506
7c724494-f4ef-4527-9db7-79ff29fa9f15,a437cbaa-d6ec-4051-b939-8cc1ce50c44c,7aa13e08-94f1-4932-b0f5-98ccab99d48d,{},"{""disease"":""Indigestion (Ajirna)"",""dosha"":""Kapha"",""prakriti"":""Kapha"",""season"":""Vasanta""}",positive,"Minimal response, dosage adjusted.",False,2026-07-03T11:05:33.265506
2378c261-7407-4bc1-acbb-94c576cfb1ed,cef256de-7027-4c91-b77c-aeba646f95c2,16386eb9-8030-4fe7-9730-adc5fae0f729,{},"{""disease"":""Lethargy (Tandra)"",""dosha"":""Kapha"",""prakriti"":""Kapha"",""season"":""Vasanta""}",positive,Excellent recovery.,False,2026-07-03T11:05:33.265506
61e3a25a-5c30-4009-a89a-764f2536c3e8,70011745-1ada-4382-993a-94af2f6eb587,19465f7c-6364-4f23-b7b2-37c108d6568f,{},"{""disease"":""Fever (Jwara)"",""dosha"":""Pitta"",""prakriti"":""Pitta-Kapha"",""season"":""Vasanta""}",positive,Requires follow-up after 1 month.,False,2026-07-03T11:05:33.265506
f81242f6-2f8e-4684-9139-806780c37a4a,88f1a3b6-14f2-4aa7-a7bc-4e5575714874,f1aee6ae-b96b-4034-b6d0-9e9e88c53ae3,{},"{""disease"":""Skin Disorder (Kushtha)"",""dosha"":""Pitta"",""prakriti"":""Pitta"",""season"":""Vasanta""}",positive,Good improvement noted after 2 weeks.,False,2026-07-03T11:05:33.265506
2e95e204-f4ad-4e80-bf8e-71a381a5ebe1,a208147f-d12d-4eb4-8b06-6dc44ee0c0d1,3ae02d9b-af4d-45b3-aaa8-c5349b5a6b6c,{},"{""disease"":""Allergy (Sheetapitta)"",""dosha"":""Kapha"",""prakriti"":""Kapha"",""season"":""Vasanta""}",positive,"Minimal response, dosage adjusted.",False,2026-07-03T11:05:33.265506
0f8fc95f-1539-4637-abc5-ee3d16ee2f59,c2bd62d4-1a44-40d8-8141-8e1efbfebfd1,8dcd8e2b-952d-49e5-9179-00dafabba0cb,{},"{""disease"":""Rhinitis (Pratishyaya)"",""dosha"":""Kapha"",""prakriti"":""Kapha"",""season"":""Vasanta""}",positive,Requires follow-up after 1 month.,False,2026-07-03T11:05:33.265506
a1753de0-b241-410a-9143-7e3a32d80124,6d861f09-0077-420a-9c25-d085b2b7a889,c71fda2f-fb1c-4c6f-942b-f219fb0d2728,{},"{""disease"":""Fever (Jwara)"",""dosha"":""Pitta"",""prakriti"":""Pitta-Kapha"",""season"":""Vasanta""}",positive,Excellent recovery.,False,2026-07-03T11:05:33.265506
2a1dc35d-06ab-4e3f-b65b-6c8dbf3ba76d,3b2b32e1-d89f-4be7-85a6-7f655317bb74,bc96b2c0-7b7f-41cf-8eb3-075024311208,{},"{""disease"":""Allergy (Sheetapitta)"",""dosha"":""Kapha"",""prakriti"":""Kapha"",""season"":""Vasanta""}",positive,Patient responded well to treatment.,False,2026-07-03T11:05:33.265506
e00c0d8f-c429-497f-b83c-a4fe587fadee,d6521bf4-a085-44b3-b8e4-d0a7a06af9ef,07705568-78e1-46cd-a67e-cff4f1bc5cfd,{},"{""disease"":""Fever (Jwara)"",""dosha"":""Pitta"",""prakriti"":""Pitta-Kapha"",""season"":""Vasanta""}",negative,Good improvement noted after 2 weeks.,False,2026-07-03T11:05:33.265506
61dad39a-f9b1-4cec-aa07-45ed75ee7b9c,4563d3b6-d896-46ac-a1ca-dee38c51265f,b12ff740-ef8a-444e-bc8c-784c3d0b7a00,{},"{""disease"":""Skin Disorder (Kushtha)"",""dosha"":""Pitta"",""prakriti"":""Pitta"",""season"":""Vasanta""}",positive,Good improvement noted after 2 weeks.,False,2026-07-03T11:05:33.265506
33bf195c-d707-4b63-a749-a0570daaba92,f2dfafab-2d92-4755-ba87-5604820b334a,70959b94-1cfd-4642-ab9f-29fc1c267f82,{},"{""disease"":""Skin Disorder (Kushtha)"",""dosha"":""Pitta"",""prakriti"":""Pitta"",""season"":""Vasanta""}",positive,Patient responded well to treatment.,False,2026-07-03T11:05:33.265506
effd9168-0553-448e-ba47-84832ed377f8,46a77e6b-5f8d-4c15-90f9-b457ebbd9c27,ca6b39fc-5343-451e-92e5-0aea4696e072,{},"{""disease"":""Allergy (Sheetapitta)"",""dosha"":""Kapha"",""prakriti"":""Kapha"",""season"":""Vasanta""}",positive,Requires follow-up after 1 month.,False,2026-07-03T11:05:33.265506
ae916b5c-c3b3-48e5-a38a-e515e42461f0,1ceb4c9c-c535-4693-a6af-7c095a76efeb,c32d5c4e-f0c7-4097-819f-5714727dbce0,{},"{""disease"":""Skin Disorder (Kushtha)"",""dosha"":""Pitta"",""prakriti"":""Pitta"",""season"":""Vasanta""}",negative,Good improvement noted after 2 weeks.,False,2026-07-03T11:05:33.265506
6d91e31e-253f-4eeb-b071-b9baeb5c4a11,e3a8b40e-104d-49b5-b1fb-9c95e5efd9be,b06db6c8-55b0-499e-b597-f78f5a47b2b6,{},"{""disease"":""Indigestion (Ajirna)"",""dosha"":""Kapha"",""prakriti"":""Kapha"",""season"":""Vasanta""}",positive,Patient responded well to treatment.,False,2026-07-03T11:05:33.265506
33062b3a-9e7d-454e-b822-8ccbde337801,a04c271d-c768-4a22-83ec-46db423e542b,d1d91744-0d84-486c-8c88-0124a66a0d83,{},"{""disease"":""Rhinitis (Pratishyaya)"",""dosha"":""Kapha"",""prakriti"":""Kapha"",""season"":""Vasanta""}",positive,Requires follow-up after 1 month.,False,2026-07-03T11:05:33.265506
b829bcac-f33a-458f-8bd0-887b864cca52,acc4fb54-6be4-46f2-968e-124ddf2e629c,aec77394-e6a5-486b-8b1b-a2db94235a95,{},"{""disease"":""Fever (Jwara)"",""dosha"":""Pitta"",""prakriti"":""Pitta-Kapha"",""season"":""Vasanta""}",positive,"Minimal response, dosage adjusted.",False,2026-07-03T11:05:33.265506
d67473f3-8cfd-4187-ba6e-2cad4123f678,a265ce0b-ca57-415e-93d7-a18f14fc40d2,f75eb281-1d6a-48b3-bc95-674571052e14,{},"{""disease"":""Fever (Jwara)"",""dosha"":""Pitta"",""prakriti"":""Pitta-Kapha"",""season"":""Vasanta""}",positive,Requires follow-up after 1 month.,False,2026-07-03T11:05:33.265506
55de045a-831d-40a9-987e-5e904b6128a8,7cc5ac08-483b-4e54-8678-f323be76d462,8f588d23-47a4-4cb8-85b5-d45aa40a1991,{},"{""disease"":""Fever (Jwara)"",""dosha"":""Pitta"",""prakriti"":""Pitta-Kapha"",""season"":""Vasanta""}",positive,Requires follow-up after 1 month.,False,2026-07-03T11:05:33.265506
e5d1d690-8c9f-4d41-819a-0edb4e52f3be,b04a2d73-1fa1-4be0-95bc-c1de06279db2,45234464-cd9c-492c-ba2d-b8712dd8bbd5,{},"{""disease"":""Fever (Jwara)"",""dosha"":""Pitta"",""prakriti"":""Pitta-Kapha"",""season"":""Vasanta""}",positive,,False,2026-07-03T11:05:33.265506
a6681e83-bd79-418c-998f-99f13a29327e,86db459b-e385-44a5-9643-f2b1ebc9c0fc,7621d517-1342-49cd-be98-7234b469efcd,{},"{""disease"":""Indigestion (Ajirna)"",""dosha"":""Kapha"",""prakriti"":""Kapha"",""season"":""Vasanta""}",positive,Excellent recovery.,False,2026-07-03T11:05:33.265506
7d07d516-f8e8-436c-8a86-d88ac77867c5,731d9945-c268-42d9-9fc7-b573b49d96cc,aedecea1-d675-4af1-9c6c-a6aa6106fb9f,{},"{""disease"":""Lethargy (Tandra)"",""dosha"":""Kapha"",""prakriti"":""Kapha"",""season"":""Vasanta""}",negative,Excellent recovery.,False,2026-07-03T11:05:33.265506
b464e570-4fc2-44d5-a780-e06aadb71926,094db29e-90a4-4da0-b3c1-9dc7c1041600,9586446c-037f-4b17-9edf-d69339480341,{},"{""disease"":""Rhinitis (Pratishyaya)"",""dosha"":""Kapha"",""prakriti"":""Kapha"",""season"":""Vasanta""}",positive,Excellent recovery.,False,2026-07-03T11:05:33.265506
564c9170-5875-48d8-a895-d999ad393251,3c434fcd-f07c-4c86-b880-afaf2747cbff,72179ab7-1044-4f0c-b35e-ddfa3ef419cf,{},"{""disease"":""Rhinitis (Pratishyaya)"",""dosha"":""Kapha"",""prakriti"":""Kapha"",""season"":""Vasanta""}",positive,Requires follow-up after 1 month.,False,2026-07-03T11:05:33.265506
b538b049-b929-49f5-922b-8e560801cc17,956a1aea-8acc-4487-8829-408896c8dc40,0cef8ffe-7cd3-40b2-93a8-30f69aed6903,{},"{""disease"":""Rhinitis (Pratishyaya)"",""dosha"":""Kapha"",""prakriti"":""Kapha"",""season"":""Vasanta""}",positive,Patient responded well to treatment.,False,2026-07-03T11:05:33.265506
a1ff3cb2-9416-43dc-90c3-368aa1f2cc86,cb847133-7382-4518-9918-c5ad3c54080e,ac25efe8-43c5-477a-9be8-adb84f0e49ec,{},"{""disease"":""Rhinitis (Pratishyaya)"",""dosha"":""Kapha"",""prakriti"":""Kapha"",""season"":""Vasanta""}",positive,Excellent recovery.,False,2026-07-03T11:05:33.265506
9cef2725-0dec-4a57-88ee-0edd3f01d9ce,c92e0fc7-3198-4532-b141-b1bbc2e34a9a,7d9d754b-0121-45d7-9df0-670f7c34a591,{},"{""disease"":""Fever (Jwara)"",""dosha"":""Pitta"",""prakriti"":""Pitta-Kapha"",""season"":""Vasanta""}",positive,Patient responded well to treatment.,False,2026-07-03T11:05:33.265506
e4402dc9-1f54-4f4f-9869-5d9a9e70a9fd,6e61c4d6-37e1-48eb-b390-4e989d4a5a91,7364a721-3b58-4923-b571-191db3d28d38,{},"{""disease"":""Indigestion (Ajirna)"",""dosha"":""Kapha"",""prakriti"":""Kapha"",""season"":""Vasanta""}",negative,"Minimal response, dosage adjusted.",False,2026-07-03T11:05:33.265506
c7b17edb-dbe3-4620-9b3d-0259b12d3336,ba3c405c-731e-415e-824c-0ba66784336d,20ac481e-1457-4128-a68f-a5402f17dda8,{},"{""disease"":""Rhinitis (Pratishyaya)"",""dosha"":""Kapha"",""prakriti"":""Kapha"",""season"":""Vasanta""}",positive,Good improvement noted after 2 weeks.,False,2026-07-03T11:05:33.265506
eb92dba0-e100-4b30-91d6-3565688b0ff8,475aae0e-af4e-4ac3-a623-7b4b3fa10fd0,af697550-907a-4c18-92dd-b20213160ccf,{},"{""disease"":""Fever (Jwara)"",""dosha"":""Pitta"",""prakriti"":""Pitta-Kapha"",""season"":""Vasanta""}",positive,Excellent recovery.,False,2026-07-03T11:05:33.265506
04af975e-518b-434e-9a00-1fa4484bd44f,e4ad632f-3dbe-4377-ac80-6dfee47ad1c8,3f469db8-ad47-43c0-bbad-cdfdf103a8f8,{},"{""disease"":""Skin Disorder (Kushtha)"",""dosha"":""Pitta"",""prakriti"":""Pitta"",""season"":""Vasanta""}",positive,Excellent recovery.,False,2026-07-03T11:05:33.265506
aa41630d-2399-411c-9acf-57db1dfcc938,ccb0be9b-ffc4-41e2-aab9-f4cedef39498,ab615879-e885-4892-b26c-6e9e86b9aafa,{},"{""disease"":""Indigestion (Ajirna)"",""dosha"":""Kapha"",""prakriti"":""Kapha"",""season"":""Vasanta""}",positive,Requires follow-up after 1 month.,False,2026-07-03T11:05:33.265506
76cc0bd4-33c4-4bb0-b4f8-03d05f1ea1d9,8a0e1d5d-892e-434b-be04-bd0daf9dbb15,cf8c3def-9521-4d4f-ac08-5c6b5a717b37,{},"{""disease"":""Indigestion (Ajirna)"",""dosha"":""Kapha"",""prakriti"":""Kapha"",""season"":""Vasanta""}",positive,Good improvement noted after 2 weeks.,False,2026-07-03T11:05:33.265506
4547a9c2-f101-453c-a1ad-d52192f5971b,704abacf-4cfb-4703-afeb-16be393c8c86,7aca00f8-d482-4c25-abde-bc26f09fcf96,{},"{""disease"":""Indigestion (Ajirna)"",""dosha"":""Kapha"",""prakriti"":""Kapha"",""season"":""Vasanta""}",positive,Patient responded well to treatment.,False,2026-07-03T11:05:33.265506
985e7e03-4389-4a2d-9291-dab9c269310d,4509f805-7e61-4658-9f69-2b3d8206ae47,b7e6b9b1-84db-4680-b8a5-0b38afaf99c5,{},"{""disease"":""Fever (Jwara)"",""dosha"":""Pitta"",""prakriti"":""Pitta-Kapha"",""season"":""Vasanta""}",negative,,False,2026-07-03T11:05:33.265506
017d54a4-2ea0-4797-8eac-4eea318eacb2,e4ad632f-3dbe-4377-ac80-6dfee47ad1c8,7ef1ddfb-6e3a-4f93-981e-4a89033769f8,{},"{""disease"":""Lethargy (Tandra)"",""dosha"":""Kapha"",""prakriti"":""Kapha"",""season"":""Vasanta""}",negative,"Minimal response, dosage adjusted.",False,2026-07-03T11:05:33.265506
fd25f5eb-8cee-46ff-9cc0-909c64b42bdf,a208147f-d12d-4eb4-8b06-6dc44ee0c0d1,5b2ff790-19bb-4097-b661-29cb80c4af99,{},"{""disease"":""Eczema (Vicharchika)"",""dosha"":""Pitta"",""prakriti"":""Pitta"",""season"":""Vasanta""}",negative,Requires follow-up after 1 month.,False,2026-07-03T11:05:33.265506
42108ec6-cd21-45e7-b51e-af4a6eef7d1b,3730d8a1-557b-4224-9319-4901dc66ab18,29289c15-8855-4901-b3ce-8bf34e152adc,{},"{""disease"":""Gout (Vatarakta)"",""dosha"":""Vata-Pitta"",""prakriti"":""Pitta"",""season"":""Vasanta""}",positive,Good improvement noted after 2 weeks.,False,2026-07-03T11:05:33.265506
1d9d0175-e78f-4e34-af1f-dc85b37bf414,a8875edb-f381-4a2e-be33-fbaa2694b26f,281e5331-c3b5-449f-a2a0-59c5111ce333,{},"{""disease"":""Osteoporosis (Asthi Kshaya)"",""dosha"":""Vata"",""prakriti"":""Vata"",""season"":""Vasanta""}",negative,Patient responded well to treatment.,False,2026-07-03T11:05:33.265506
4dd23a1e-43a1-4795-8af9-0e0593a94511,172df041-c146-4a2f-87ba-e417dfbe71e6,2f633fbb-ecfd-4613-a55a-4460d3751f37,{},"{""disease"":""Hypertension (Raktachaapa Vriddhi)"",""dosha"":""Pitta"",""prakriti"":""Pitta"",""season"":""Vasanta""}",positive,Excellent recovery.,False,2026-07-03T11:05:33.265506
26cfba53-a8d2-4767-90d7-60d1f522c275,a32e273c-a03c-4579-8b40-cd1dabe1b85a,24d960a3-4759-431d-a4e3-63236c6b1ef6,{},"{""disease"":""Erectile Dysfunction (Klaibya)"",""dosha"":""Vata"",""prakriti"":""Vata"",""season"":""Vasanta""}",positive,Excellent recovery.,False,2026-07-03T11:05:33.265506
bc3f3c46-6e9b-4614-b30b-37c727b0a90c,3cca0873-c067-40c9-9ae5-f986a02e95d1,1600c505-4702-45f9-93d8-6e76b674d463,{},"{""disease"":""Hyperthyroidism (Atisweda)"",""dosha"":""Pitta"",""prakriti"":""Pitta"",""season"":""Vasanta""}",negative,Requires follow-up after 1 month.,False,2026-07-03T11:05:33.265506
7bdf7269-eab3-48da-9fa9-f009ac06b3bf,7eea4e0e-f569-48fe-9a20-87d4b9880548,12a1b09c-c507-4326-b3d4-a4838d85da60,{},"{""disease"":""Conjunctivitis (Netra Abhishyanda)"",""dosha"":""Pitta"",""prakriti"":""Pitta"",""season"":""Vasanta""}",positive,,False,2026-07-03T11:05:33.265506
17be9790-c86b-4940-b414-1d22aa3d3a24,d56a8d27-6a5a-4e28-a957-7d883cf46c3c,d6fe5bfd-3084-4694-bde3-6c41494b1fdb,{},"{""disease"":""Measles (Romantika)"",""dosha"":""Pitta"",""prakriti"":""Pitta"",""season"":""Vasanta""}",positive,Excellent recovery.,False,2026-07-03T11:05:33.265506
0e40e586-0938-4d1a-a853-4844fd8d1553,1e7ff456-61fb-46a3-b39d-5bab6ad372b3,c5f8480b-0d3e-4cd6-b224-77669b7de338,{},"{""disease"":""Cystitis (Mutrakrichra)"",""dosha"":""Vata"",""prakriti"":""Vata"",""season"":""Vasanta""}",positive,Patient responded well to treatment.,False,2026-07-03T11:05:33.265506
a80675b8-c962-4f93-8356-64ed01d59116,32d695c7-d917-4fac-9b01-2a5e14ebc7ac,1b33b3b2-8d0f-4ac6-ac66-4ff605ebb123,{},"{""disease"":""Chronic Fatigue Syndrome (Klama)"",""dosha"":""Vata-Kapha"",""prakriti"":""Vata"",""season"":""Vasanta""}",positive,Patient responded well to treatment.,False,2026-07-03T11:05:33.265506
a1e5680c-597d-4c32-a215-08a650bdd52c,b01c2f08-620e-4003-9146-b2bc5089f338,bf5d7634-9c2f-49ff-8ec0-563f4dd00490,{},"{""disease"":""Hepatitis (Kamala)"",""dosha"":""Pitta"",""prakriti"":""Pitta"",""season"":""Vasanta""}",positive,Good improvement noted after 2 weeks.,False,2026-07-03T11:05:33.265506
fb2fc2b2-a1bf-4e14-a444-7d632e51da81,40c1fd73-fb27-47f2-9b77-1eb961f88bd2,d4072613-d820-467f-a163-3fea6d4f75e6,{},"{""disease"":""Heart Disease (Hridroga)"",""dosha"":""Vata-Pitta"",""prakriti"":""Vata"",""season"":""Vasanta""}",positive,Patient responded well to treatment.,False,2026-07-03T11:05:33.265506
2ef3ec9c-00f6-4c8a-8456-d4be2f8dbab9,3d0247b2-e0a0-43a9-9b08-fd32d80c51c4,87b3c7aa-ba3b-4ac3-893d-9118a5567df5,{},"{""disease"":""Ear Infection (Karna Shoola)"",""dosha"":""Kapha-Vata"",""prakriti"":""Kapha"",""season"":""Vasanta""}",positive,"Minimal response, dosage adjusted.",False,2026-07-03T11:05:33.265506
891e33f5-dbd2-4427-b302-45a40b364132,ae306701-4121-4429-9755-8aa83694a025,d69c3081-163d-4e9a-9be4-22db042382c8,{},"{""disease"":""Peptic Ulcer (Parinama Shoola)"",""dosha"":""Pitta"",""prakriti"":""Pitta"",""season"":""Vasanta""}",positive,Good improvement noted after 2 weeks.,False,2026-07-03T11:05:33.265506
b25ea055-61b9-45c2-bdaa-e2ec2f7c673a,19b86c81-ec50-4631-8408-187b3b18bab6,00c2fdf8-2097-4e30-ba6e-19296e392265,{},"{""disease"":""Tonsillitis (Tundikeri)"",""dosha"":""Kapha-Pitta"",""prakriti"":""Kapha"",""season"":""Vasanta""}",positive,Patient responded well to treatment.,False,2026-07-03T11:05:33.265506
0fee955a-32dd-45ec-b59e-67370e2a565d,7fe7668f-ef3d-4bc2-8b4b-183240e39098,81aa5db0-f128-47e6-94cd-5eb0682b35d0,{},"{""disease"":""Hyperlipidemia (Medo Vriddhi)"",""dosha"":""Kapha"",""prakriti"":""Kapha"",""season"":""Vasanta""}",positive,,False,2026-07-03T11:05:33.265506
28fc3845-2c9b-43ff-9b11-b6575986297f,6b9fb090-091c-4629-b48a-908b23dd480a,1298bc6a-0ac1-4c97-9b80-65493c59bcae,{},"{""disease"":""Cirrhosis (Yakrit Vriddhi)"",""dosha"":""Pitta"",""prakriti"":""Pitta"",""season"":""Vasanta""}",positive,Patient responded well to treatment.,False,2026-07-03T11:05:33.265506
8d052220-4603-4f7a-a836-f9805a34d373,0b4e2fc4-5466-4165-86ed-37639ebad97c,58cd0d79-63d9-43a4-8c64-1febe848a2ba,{},"{""disease"":""Back Pain (Prishtha Shoola)"",""dosha"":""Vata"",""prakriti"":""Vata"",""season"":""Vasanta""}",negative,Patient responded well to treatment.,False,2026-07-03T11:05:33.265506
4bc1ccd1-d156-4f90-96a9-8faf17e2efb5,95b67459-8e2a-429b-aeff-0bb5c454d6b6,a7903d6f-05f2-44b5-88de-b3b1e993758e,{},"{""disease"":""Eczema (Vicharchika)"",""dosha"":""Pitta"",""prakriti"":""Pitta"",""season"":""Vasanta""}",positive,Good improvement noted after 2 weeks.,False,2026-07-03T11:05:33.265506
825a9495-7a59-45a3-8884-962f5815467b,4f861f57-659b-45cd-9876-4a0257c3bdb9,0a3ccece-3286-41fe-906e-166d5b57e182,{},"{""disease"":""Osteoporosis (Asthi Kshaya)"",""dosha"":""Vata"",""prakriti"":""Vata"",""season"":""Vasanta""}",positive,Good improvement noted after 2 weeks.,False,2026-07-03T11:05:33.265506
9374a462-247f-493d-b91f-5602a06c3280,de2279cc-2c48-43b0-9931-88f87e54fc6c,6d65ab1e-3e52-4989-9c29-4913ad34e8b1,{},"{""disease"":""Warts (Charmakeela)"",""dosha"":""Kapha"",""prakriti"":""Kapha"",""season"":""Vasanta""}",positive,Requires follow-up after 1 month.,False,2026-07-03T11:05:33.265506
b574a3b2-c674-4ad8-994b-b691b9116e21,6b9fb090-091c-4629-b48a-908b23dd480a,f05d3e8c-b70e-4729-ad5f-4c19bf5439c3,{},"{""disease"":""Pharyngitis (Galashotha)"",""dosha"":""Kapha"",""prakriti"":""Kapha"",""season"":""Vasanta""}",positive,Good improvement noted after 2 weeks.,False,2026-07-03T11:05:33.265506
0dcab09c-6c6a-4d2c-a0fc-76995766dc90,acfa07de-e0a6-41b1-8f85-1c0e5d9c1db1,96554f82-75a1-4274-9c1b-eef7b92ed7e4,{},"{""disease"":""Heart Disease (Hridroga)"",""dosha"":""Vata-Pitta"",""prakriti"":""Vata"",""season"":""Vasanta""}",negative,"Minimal response, dosage adjusted.",False,2026-07-03T11:05:33.265506
ba308b03-a9fa-4b6e-9020-b9d4feaf5993,daf9b6c7-3958-4620-b9c6-fbad55c01da3,5baa4753-487c-437c-b44a-07810e039114,{},"{""disease"":""Urinary Tract Infection (Mutradaha)"",""dosha"":""Pitta"",""prakriti"":""Pitta"",""season"":""Vasanta""}",positive,Excellent recovery.,False,2026-07-03T11:05:33.265506
a352003e-e7f5-4587-aba9-6e7efd2250fa,3de1091e-220d-4434-ae97-b9e9a079b027,d968faaa-4319-4f38-a50f-0b59d7d9fd73,{},"{""disease"":""Depression (Vishada)"",""dosha"":""Vata-Pitta"",""prakriti"":""Vata"",""season"":""Vasanta""}",positive,Good improvement noted after 2 weeks.,False,2026-07-03T11:05:33.265506
dd1c0fba-dd5a-448c-97fd-6bf274e4fc75,daf9b6c7-3958-4620-b9c6-fbad55c01da3,70607fb7-284f-404f-89f9-7ccaf6f1e217,{},"{""disease"":""Whooping Cough (Deergha Kasa)"",""dosha"":""Kapha"",""prakriti"":""Kapha"",""season"":""Vasanta""}",negative,Requires follow-up after 1 month.,False,2026-07-03T11:05:33.265506
3c4e3cf8-53b5-4744-8b5a-a5ab961075ac,4cb06b73-eabf-4bdc-9bf1-94bba6b9c057,1b2b3c6d-a4a6-4407-b870-a7e88bdd081e,{},"{""disease"":""Osteoarthritis (Sandhivata)"",""dosha"":""Vata-Kapha"",""prakriti"":""Vata"",""season"":""Vasanta""}",positive,Good improvement noted after 2 weeks.,False,2026-07-03T11:05:33.265506
31f774a5-b2b9-46f4-800c-b778b8bbfb6f,fb675350-88ef-4f41-b8b6-8b5e4f63d995,3eb7f54e-59f7-4f39-b855-080216f20b90,{},"{""disease"":""Digestive Disorder (Vikara)"",""dosha"":""Pitta-Vata"",""prakriti"":""Pitta"",""season"":""Vasanta""}",positive,Excellent recovery.,False,2026-07-03T11:05:33.265506
aa3962da-3f3a-47d2-b4f8-7b6731e1f7ec,bad51b0a-4a59-4e13-a60d-dc6c88ed0f3b,3307f5fe-10cb-486e-a4f4-94d905e419a5,{},"{""disease"":""Glaucoma (Adhimantha)"",""dosha"":""Pitta"",""prakriti"":""Pitta"",""season"":""Vasanta""}",positive,Good improvement noted after 2 weeks.,False,2026-07-03T11:05:33.265506
0642a84a-e778-4604-8530-a41f7b23871d,7b2929b3-4baf-4ca3-b9da-56df7d7ca10c,3e79907c-b5fa-40ab-9665-26eb92da948b,{},"{""disease"":""Hyperlipidemia (Medo Vriddhi)"",""dosha"":""Kapha"",""prakriti"":""Kapha"",""season"":""Vasanta""}",positive,Requires follow-up after 1 month.,False,2026-07-03T11:05:33.265506
f506bad7-8b3f-404a-8137-ae0eb101a568,c2bd62d4-1a44-40d8-8141-8e1efbfebfd1,f5058e3b-227c-4b0b-9435-e06c4e0c1aee,{},"{""disease"":""Ear Infection (Karna Shoola)"",""dosha"":""Kapha-Vata"",""prakriti"":""Kapha"",""season"":""Vasanta""}",positive,,False,2026-07-03T11:05:33.265506
11531c54-ea8f-47bf-aa33-ae40ae6a7de5,f05a9cb5-6110-4502-95e1-810ac6ab6b33,1d57fa10-1874-4d1e-bcfe-c86bbf5ede0d,{},"{""disease"":""Boils (Vidradhi)"",""dosha"":""Pitta-Kapha"",""prakriti"":""Pitta"",""season"":""Vasanta""}",positive,,False,2026-07-03T11:05:33.265506
81665248-9512-40a6-be0e-a6edd222e74e,82129659-a2bc-45e8-b145-d604b3235ba1,90ad0eb0-b995-4a12-b984-07172c1d3406,{},"{""disease"":""Hyperlipidemia (Medo Vriddhi)"",""dosha"":""Kapha"",""prakriti"":""Kapha"",""season"":""Vasanta""}",positive,Requires follow-up after 1 month.,False,2026-07-03T11:05:33.265506
27e6bd93-fd11-4612-8e42-42f6c033a465,13f53412-f4f1-4ec6-b2a0-a129b3d306b2,17552dce-e0e2-45c7-9cd1-412742dc4fd7,{},"{""disease"":""Irritable Bowel Syndrome (Grahani)"",""dosha"":""Vata"",""prakriti"":""Vata"",""season"":""Vasanta""}",positive,Patient responded well to treatment.,False,2026-07-03T11:05:33.265506
0e10e3b0-2347-44e6-825d-1faf7b08c440,b132388d-0113-4aa6-9960-a5bebd09ad8c,7b948aef-ad71-46b2-8fee-4036a277c973,{},"{""disease"":""Piles - Anal Fissure (Parikartika)"",""dosha"":""Vata"",""prakriti"":""Vata"",""season"":""Vasanta""}",positive,Patient responded well to treatment.,False,2026-07-03T11:05:33.265506
fdd68a19-61c9-45e5-a03a-f45107ce4cc9,b70b6866-fc93-49b0-82ff-5829d7478c5e,3aac5a5c-63c3-4d1e-b7a4-fc1fd3f378f6,{},"{""disease"":""Cystitis (Mutrakrichra)"",""dosha"":""Vata"",""prakriti"":""Vata"",""season"":""Vasanta""}",positive,"Minimal response, dosage adjusted.",False,2026-07-03T11:05:33.265506
7e1101a5-52af-4e90-b7c2-dbd6e8f2ff75,be26446d-93d6-4805-ab7c-cdeeb20a2eb4,616309d8-a7cc-4941-8dba-6ba6b249d6d8,{},"{""disease"":""Typhoid (Antrika Jwara)"",""dosha"":""Pitta"",""prakriti"":""Pitta"",""season"":""Vasanta""}",positive,,False,2026-07-03T11:05:33.265506
c27a2164-c5e3-456e-8ef3-3edb636503cd,f63d7a99-d9a3-4001-815a-e87596bbdf9e,7f47468a-7b14-4867-9dcd-ad3b8d579655,{},"{""disease"":""Worm Infection (Krimi Roga)"",""dosha"":""Vata"",""prakriti"":""Vata"",""season"":""Vasanta""}",positive,Patient responded well to treatment.,False,2026-07-03T11:05:33.265506
2db2a8d4-4bb6-4676-b839-ead3e8f12cdc,d6521bf4-a085-44b3-b8e4-d0a7a06af9ef,9ed793aa-3147-41f3-996e-df55d923819c,{},"{""disease"":""Warts (Charmakeela)"",""dosha"":""Kapha"",""prakriti"":""Kapha"",""season"":""Vasanta""}",negative,Patient responded well to treatment.,False,2026-07-03T11:05:33.265506
d6f74b6f-2185-46fb-8924-b0328a9019a7,5b077a5a-6fe9-449a-b002-65fa60750bef,e1f4a5e3-d6e8-46fe-9bd9-ee3530e610ae,{},"{""disease"":""Gastritis (Urdhva Amlapitta)"",""dosha"":""Pitta"",""prakriti"":""Pitta"",""season"":""Vasanta""}",positive,Requires follow-up after 1 month.,False,2026-07-03T11:05:33.265506
35cf90f1-d71b-44da-b996-bbd2002edb98,8022ad34-47ee-43fc-8e67-dae64c97a128,4bfa2b7f-e58c-4abe-ab54-515feee0f6b9,{},"{""disease"":""Celiac Disease (Grahani Roga)"",""dosha"":""Vata-Pitta"",""prakriti"":""Vata"",""season"":""Vasanta""}",positive,Excellent recovery.,False,2026-07-03T11:05:33.265506
9620f76e-9374-4ba3-bcca-1890cbfe7714,23693197-f808-4c2b-b8d5-95c6ad1929cc,47e9092d-ab56-4eca-a2f7-11bae10d60fd,{},"{""disease"":""Sciatica (Gridhrasi)"",""dosha"":""Vata"",""prakriti"":""Vata"",""season"":""Vasanta""}",negative,Patient responded well to treatment.,False,2026-07-03T11:05:33.265506
8078a5f3-1c9b-4299-a8fd-663b72515de1,e233cc94-8c91-4284-b394-aabbbc20ed73,e92051a2-2995-4cb2-8fdc-5d5c72a01f24,{},"{""disease"":""Warts (Charmakeela)"",""dosha"":""Kapha"",""prakriti"":""Kapha"",""season"":""Vasanta""}",negative,"Minimal response, dosage adjusted.",False,2026-07-03T11:05:33.265506
828a5c02-4750-4f94-8d31-73d6e57ea152,4765c693-4fbd-46b9-9035-05882ba6c9c0,cdb1477d-02dd-4db5-973e-28dc1567efa5,{},"{""disease"":""Vitiligo (Shwitra)"",""dosha"":""Pitta-Vata"",""prakriti"":""Pitta"",""season"":""Vasanta""}",positive,Excellent recovery.,False,2026-07-03T11:05:33.265506
7eac83d7-7313-4f4a-a411-b652639e1774,4997fdea-a18c-4c35-95fb-3c0f5a0d9460,2a727750-3e25-4dfa-8223-ca544f319af2,{},"{""disease"":""Thyroid Disorder (Galaganda Vikara)"",""dosha"":""Vata-Pitta"",""prakriti"":""Vata"",""season"":""Vasanta""}",negative,Requires follow-up after 1 month.,False,2026-07-03T11:05:33.265506
71d7e53b-08da-4095-a20e-a37fddda7699,4f048eaf-3e00-4fad-a583-8453c8594b6b,1b7de237-f327-4f72-9866-fcec4457f196,{},"{""disease"":""Kidney Stones (Ashmari)"",""dosha"":""Vata-Kapha"",""prakriti"":""Kapha"",""season"":""Vasanta""}",positive,Patient responded well to treatment.,False,2026-07-03T11:05:33.265506
5c2888d1-cdc6-4d17-950a-e142d9d45297,5bdc5d7e-38bb-4e47-98ed-8d77ae6a0d7d,0ce5d85e-03f5-42b6-8286-a72ba2785cf7,{},"{""disease"":""Stress (Manasika Tanava)"",""dosha"":""Vata"",""prakriti"":""Vata"",""season"":""Vasanta""}",positive,,False,2026-07-03T11:05:33.265506
1657a457-2820-4723-b667-adf3fab4028a,1a17d497-cd2e-42e9-b5b5-22873db11016,a6014f43-a733-412f-982c-19483ac17c8a,{},"{""disease"":""Conjunctivitis (Netra Abhishyanda)"",""dosha"":""Pitta"",""prakriti"":""Pitta"",""season"":""Vasanta""}",positive,Requires follow-up after 1 month.,False,2026-07-03T11:05:33.265506
ca839f6f-cddb-4e9a-858a-bc5d2113ffd0,65428551-34a8-4aee-b697-5a7143551ac9,06708a50-6aa3-48cd-af75-cdae86ac19c4,{},"{""disease"":""Fever (Jwara)"",""dosha"":""Pitta"",""prakriti"":""Pitta"",""season"":""Vasanta""}",positive,"Minimal response, dosage adjusted.",False,2026-07-03T11:05:33.265506
fddf782d-87ac-4a1a-862c-2cfccf5e6356,27f668d2-75ec-4d83-82a4-cd4070673a42,37395372-340f-463f-b291-460fb1499b59,{},"{""disease"":""Allergy (Sheetapitta)"",""dosha"":""Kapha"",""prakriti"":""Kapha"",""season"":""Vasanta""}",positive,,False,2026-07-03T11:05:33.265506
8527e87f-afbb-4b07-acd1-5b9014478bac,f73e2468-4692-4fa3-b5b6-10c0c1a076a5,6a935e4e-47e3-4e60-8044-92fe72cf535b,{},"{""disease"":""Allergy (Sheetapitta)"",""dosha"":""Kapha"",""prakriti"":""Kapha"",""season"":""Vasanta""}",negative,Patient responded well to treatment.,False,2026-07-03T11:05:33.265506
4bdf4f2a-cd2c-42de-b005-870d12516961,4c597878-9673-488f-913b-f357b4de9f39,c6fc24e7-3548-48e4-85f6-c837e33c1c3c,{},"{""disease"":""Skin Disorder (Kushtha)"",""dosha"":""Pitta"",""prakriti"":""Pitta"",""season"":""Vasanta""}",positive,Patient responded well to treatment.,False,2026-07-03T11:05:33.265506
bfe289d4-5e24-46c4-9552-f35ba4473c34,4571dd57-064d-4016-a800-f13c33ed96fa,9d6c3566-f8b8-490b-8aac-c55cd8e5d0a4,{},"{""disease"":""Allergy (Sheetapitta)"",""dosha"":""Kapha"",""prakriti"":""Kapha"",""season"":""Vasanta""}",negative,Patient responded well to treatment.,False,2026-07-03T11:05:33.265506
a02b3636-0ca6-40b0-a8a5-5aab54744540,77f19a8a-1991-4d55-b1d8-ac23c07a4a20,237ff480-0369-411a-bece-2d4eed7ceffb,{},"{""disease"":""Allergy (Sheetapitta)"",""dosha"":""Kapha"",""prakriti"":""Kapha"",""season"":""Vasanta""}",positive,,False,2026-07-03T11:05:33.265506
a9359f26-f8e3-4242-bc4f-7c8f675b6ff0,990bb1b9-acaa-42db-87d3-687436db2af3,5dafccf5-5d1d-4eae-99f2-2567511c33f5,{},"{""disease"":""Hemorrhoids (Arsha)"",""dosha"":""Vata"",""prakriti"":""Vata-Pitta"",""season"":""Vasanta""}",positive,Patient responded well to treatment.,False,2026-07-03T11:05:33.265506
0f7401bf-769e-4350-8535-d79a1ca80e38,20ae3449-eb94-44cc-ac10-82206d2b7917,43f41819-f8dc-460b-be72-a24e975da5d0,{},"{""disease"":""Skin Disorder (Kushtha)"",""dosha"":""Pitta"",""prakriti"":""Pitta"",""season"":""Vasanta""}",negative,Patient responded well to treatment.,False,2026-07-03T11:05:33.265506
386ef1fd-54da-451d-9b44-33c484937dba,2647f102-7112-46dd-b7d9-de7ebcdaec36,9885b074-58cb-47eb-83e1-45895d716288,{},"{""disease"":""Hemorrhoids (Arsha)"",""dosha"":""Vata"",""prakriti"":""Vata-Pitta"",""season"":""Vasanta""}",negative,Requires follow-up after 1 month.,False,2026-07-03T11:05:33.265506
7e41396f-abdf-429d-a2ab-e168717b77b5,4563d3b6-d896-46ac-a1ca-dee38c51265f,e7ba9f01-61be-4c25-afb0-76228cce0c13,{},"{""disease"":""Allergy (Sheetapitta)"",""dosha"":""Kapha"",""prakriti"":""Kapha"",""season"":""Vasanta""}",positive,,False,2026-07-03T11:05:33.265506
dc0c6ed4-1357-4a08-a852-c8e82d106b08,2c5b6ca1-118c-45a7-88db-09aa4fea866c,0bfb43ba-6447-4ca6-b77c-1987a2320452,{},"{""disease"":""Hemorrhoids (Arsha)"",""dosha"":""Vata"",""prakriti"":""Vata-Pitta"",""season"":""Vasanta""}",positive,Good improvement noted after 2 weeks.,False,2026-07-03T11:05:33.265506
332e8443-abdf-4137-b38e-86b618b6d5f4,329eec71-6983-4994-bc45-9aac9ba8e8b8,b3ee92da-8234-42f3-8f89-7319d5e871a1,{},"{""disease"":""Skin Disorder (Kushtha)"",""dosha"":""Pitta"",""prakriti"":""Pitta"",""season"":""Vasanta""}",negative,Requires follow-up after 1 month.,False,2026-07-03T11:05:33.265506
fbb03909-2cc9-459a-ac6a-27345dd1c3db,475aae0e-af4e-4ac3-a623-7b4b3fa10fd0,704ee89d-3109-4c57-9a4d-71116fafbcc0,{},"{""disease"":""Acidity (Amlapitta)"",""dosha"":""Pitta"",""prakriti"":""Pitta"",""season"":""Vasanta""}",positive,Patient responded well to treatment.,False,2026-07-03T11:05:33.265506
788ddfde-2d58-4d29-95ef-4d76c825bb4f,6bdf1d70-531f-44b3-b456-2544d6fc76f9,0476e278-bc87-4240-91d8-5220579f43a4,{},"{""disease"":""Migraine (Ardhavabhedaka)"",""dosha"":""Pitta"",""prakriti"":""Pitta"",""season"":""Vasanta""}",positive,Good improvement noted after 2 weeks.,False,2026-07-03T11:05:33.265506
be9a0050-d491-4d3b-a3c4-b35df88f9c16,1aaee3a0-3ba5-406f-baec-2ea62e2b56f3,7f6d7ce2-785d-4f1a-8016-a49e3307b31a,{},"{""disease"":""Skin Disorder (Kushtha)"",""dosha"":""Pitta"",""prakriti"":""Pitta"",""season"":""Vasanta""}",positive,Requires follow-up after 1 month.,False,2026-07-03T11:05:33.265506
34514fdc-6690-4bd4-a306-c596db359dbb,cb847133-7382-4518-9918-c5ad3c54080e,bce8c6b9-7de5-4a9b-952b-40aec8d02829,{},"{""disease"":""Migraine (Ardhavabhedaka)"",""dosha"":""Pitta"",""prakriti"":""Pitta"",""season"":""Vasanta""}",negative,"Minimal response, dosage adjusted.",False,2026-07-03T11:05:33.265506
b6ca8ab8-c118-4561-bf72-e0d0d64c9175,80d77ae8-8006-4812-acc6-d96a9f20540b,01bd89d9-13f3-421f-ab13-a5c89b6a3a7e,{},"{""disease"":""Migraine (Ardhavabhedaka)"",""dosha"":""Pitta"",""prakriti"":""Pitta"",""season"":""Vasanta""}",positive,Excellent recovery.,False,2026-07-03T11:05:33.265506
9d7abd3e-4045-491d-985f-8b81c39451de,5ac0ad97-4dc8-4c19-ace3-23cbee554c88,0e3bb5ea-5b6e-4b5f-a92e-74289b842694,{},"{""disease"":""Allergy (Sheetapitta)"",""dosha"":""Kapha"",""prakriti"":""Kapha"",""season"":""Vasanta""}",negative,Patient responded well to treatment.,False,2026-07-03T11:05:33.265506
f48ace5e-b818-4826-bf9e-6cf6ab13319f,acb6a8a1-ec1a-44ff-8b74-60c5816b414c,ceef89d8-5213-4bb8-bbc6-7dada96aee19,{},"{""disease"":""Skin Disorder (Kushtha)"",""dosha"":""Pitta"",""prakriti"":""Pitta"",""season"":""Vasanta""}",positive,Excellent recovery.,False,2026-07-03T11:05:33.265506
790d2a72-179e-4696-8aed-b411d0b92932,0af07d63-872e-4974-a6f2-d6092fb62373,9cc90112-5d52-4e7d-9cf5-3eb9f57041e2,{},"{""disease"":""Hemorrhoids (Arsha)"",""dosha"":""Vata"",""prakriti"":""Vata-Pitta"",""season"":""Vasanta""}",positive,Good improvement noted after 2 weeks.,False,2026-07-03T11:05:33.265506
499c590a-56bf-4504-ac95-be8fbfd3b8db,b93d6a58-c904-47be-8757-39fbcc2ba754,9395a148-76a3-41f7-814c-1646fa2a6c82,{},"{""disease"":""Allergy (Sheetapitta)"",""dosha"":""Kapha"",""prakriti"":""Kapha"",""season"":""Vasanta""}",positive,Patient responded well to treatment.,False,2026-07-03T11:05:33.265506
5ca791ab-f161-4ce3-ad75-5ddad312b930,1b8907f8-c801-4a84-bbb3-a6d21a4da257,a3f536cf-056f-4bfa-a3dc-947232e2f5a4,{},"{""disease"":""Allergy (Sheetapitta)"",""dosha"":""Kapha"",""prakriti"":""Kapha"",""season"":""Vasanta""}",positive,"Minimal response, dosage adjusted.",False,2026-07-03T11:05:33.265506
f20be8a2-26dc-407d-86fc-622f6b56347e,222fda28-a937-4d34-9297-045360ff2bc2,9070c496-9280-40ba-8472-d4bbaf3a32b2,{},"{""disease"":""Allergy (Sheetapitta)"",""dosha"":""Kapha"",""prakriti"":""Kapha"",""season"":""Vasanta""}",positive,Excellent recovery.,False,2026-07-03T11:05:33.265506
39610aae-5409-4791-9d77-0b0c5d52be2a,1bd1a606-f0aa-477e-b5af-4465704114cb,1f93f102-74f2-4951-8577-6c9e9a8cc815,{},"{""disease"":""Migraine (Ardhavabhedaka)"",""dosha"":""Pitta"",""prakriti"":""Pitta"",""season"":""Vasanta""}",positive,"Minimal response, dosage adjusted.",False,2026-07-03T11:05:33.265506
7111ef5d-037d-4078-8e90-783207a4414f,ec2a5f5a-8f75-4def-819b-26cb5a3fe120,91c5bbdc-66ea-494b-8769-3d1e8e1b26c5,{},"{""disease"":""Hemorrhoids (Arsha)"",""dosha"":""Vata"",""prakriti"":""Vata-Pitta"",""season"":""Vasanta""}",positive,Good improvement noted after 2 weeks.,False,2026-07-03T11:05:33.265506
031c445a-f1db-46b3-bcf9-f03938a9ad85,ed68d180-35ef-42c4-9fb5-95ca08981a13,82cae99c-53b5-47de-b252-a101133af868,{},"{""disease"":""Allergy (Sheetapitta)"",""dosha"":""Kapha"",""prakriti"":""Kapha"",""season"":""Vasanta""}",positive,Good improvement noted after 2 weeks.,False,2026-07-03T11:05:33.265506
237f6a5c-cb8b-4e1b-a752-0806b4944472,51d61c71-15f3-4877-83ba-54cb33c9caab,ce6052ef-74b1-4e5d-9c00-5812eb37be23,{},"{""disease"":""Acidity (Amlapitta)"",""dosha"":""Pitta"",""prakriti"":""Pitta"",""season"":""Vasanta""}",negative,Excellent recovery.,False,2026-07-03T11:05:33.265506
ee774d13-dabd-4413-a9af-eb20d186d744,c28e46ca-bb16-40a9-a0dd-ca94f2eff858,277fbed8-5c95-49c6-a834-b0e918a4eb2d,{},"{""disease"":""Skin Disorder (Kushtha)"",""dosha"":""Pitta"",""prakriti"":""Pitta"",""season"":""Vasanta""}",positive,"Minimal response, dosage adjusted.",False,2026-07-03T11:05:33.265506
85b18da5-2b2b-4c20-916a-0d520c1c48ce,b45a0641-3cff-4e1a-8bce-40a8df3fa799,1136fa9d-4fcd-4ec2-93ea-44ba01cf9419,{},"{""disease"":""Acidity (Amlapitta)"",""dosha"":""Pitta"",""prakriti"":""Pitta"",""season"":""Vasanta""}",positive,"Minimal response, dosage adjusted.",False,2026-07-03T11:05:33.265506
d3d0e51a-744d-4375-a603-5214cf77d559,a47d1254-7336-47cc-a6aa-5362fd16fa5d,9e407293-9ffc-4758-aadf-c8de90b8d703,{},"{""disease"":""Migraine (Ardhavabhedaka)"",""dosha"":""Pitta"",""prakriti"":""Pitta"",""season"":""Vasanta""}",positive,Good improvement noted after 2 weeks.,False,2026-07-03T11:05:33.265506
78c76622-5679-4ac4-9a47-c8c25cfd915c,4c6fa8ac-6a07-4f08-81c3-027193f6d0b9,cda938dd-789d-401a-8764-ec9b1644f721,{},"{""disease"":""Hemorrhoids (Arsha)"",""dosha"":""Vata"",""prakriti"":""Vata-Pitta"",""season"":""Vasanta""}",positive,,False,2026-07-03T11:05:33.265506
1799a898-3982-4cf7-bdaa-c20043034e34,08aa84de-e5ed-4482-8f62-08862965f54a,f537c1ea-ddb4-4b0a-895d-429a8a3de778,{},"{""disease"":""Migraine (Ardhavabhedaka)"",""dosha"":""Pitta"",""prakriti"":""Pitta"",""season"":""Vasanta""}",positive,"Minimal response, dosage adjusted.",False,2026-07-03T11:05:33.265506
1a4e9364-017d-4e27-9fd7-9e021db71ae6,23017af6-e0b1-43ce-9ee4-3828ed8551f8,e558c3ea-d77c-48bb-ab50-a343ae9882eb,{},"{""disease"":""Fever (Jwara)"",""dosha"":""Pitta"",""prakriti"":""Pitta"",""season"":""Vasanta""}",positive,Good improvement noted after 2 weeks.,False,2026-07-03T11:05:33.265506
4a0e0630-696a-47f1-9ba9-7ae4228b2bd4,f881449d-440b-40b4-800a-69f2146a47b3,b64180c3-aa30-474f-b7a2-677c510d3305,{},"{""disease"":""Acidity (Amlapitta)"",""dosha"":""Pitta"",""prakriti"":""Pitta"",""season"":""Vasanta""}",positive,Requires follow-up after 1 month.,False,2026-07-03T11:05:33.265506
66a9f85f-f763-4a06-862c-07012a98e95b,daf9b6c7-3958-4620-b9c6-fbad55c01da3,c2ae2d96-cf13-4df7-a877-e2297d406275,{},"{""disease"":""Acidity (Amlapitta)"",""dosha"":""Pitta"",""prakriti"":""Pitta"",""season"":""Vasanta""}",positive,Good improvement noted after 2 weeks.,False,2026-07-03T11:05:33.265506
095f9e29-fa87-4ce1-aa46-bb8471cb4e9b,3da22f31-c409-48ac-b0b8-b418d1d428c6,89dbc51b-cc20-409d-9ccc-0fedca14d1c4,{},"{""disease"":""Allergy (Sheetapitta)"",""dosha"":""Kapha"",""prakriti"":""Kapha"",""season"":""Vasanta""}",positive,"Minimal response, dosage adjusted.",False,2026-07-03T11:05:33.265506
27b1a069-2786-42d7-a094-c3ea284dbd81,10792a5b-0d46-4b38-a9bb-b2f2efa7f10e,7b38985f-624e-426f-8976-ac53ce4414ac,{},"{""disease"":""Skin Disorder (Kushtha)"",""dosha"":""Pitta"",""prakriti"":""Pitta"",""season"":""Vasanta""}",positive,Excellent recovery.,False,2026-07-03T11:05:33.265506
29bf0adb-6352-4c68-8d9e-7264b83e4a7f,3afcba49-65dd-46f8-9fa0-7013e56af098,4a171f57-a4e9-43f2-90f2-f1cea0e81101,{},"{""disease"":""Hemorrhoids (Arsha)"",""dosha"":""Vata"",""prakriti"":""Vata-Pitta"",""season"":""Vasanta""}",positive,,False,2026-07-03T11:05:33.265506
2cec3b5c-2f21-41fc-b8fe-46f9305250d6,fd0d50f0-aca2-4154-beba-a56f799fe71e,249de037-b00b-49a9-90a4-803302b387ab,{},"{""disease"":""Skin Disorder (Kushtha)"",""dosha"":""Pitta"",""prakriti"":""Pitta"",""season"":""Vasanta""}",positive,,False,2026-07-03T11:05:33.265506
3145565c-fa8e-4356-9fe9-b0477fbca676,4228045e-21df-4026-be8a-75897d5fdc33,d71563d0-cd8e-47f1-a3eb-0b34040d6d35,{},"{""disease"":""Hemorrhoids (Arsha)"",""dosha"":""Vata"",""prakriti"":""Vata-Pitta"",""season"":""Vasanta""}",positive,Excellent recovery.,False,2026-07-03T11:05:33.265506
43f598c3-863c-4575-b6ba-6b87d971d545,e3df459c-3bd3-4032-a484-eebe1a01f251,e7cd7eca-da1d-4cdf-ae88-b5471f3a108e,{},"{""disease"":""Fever (Jwara)"",""dosha"":""Pitta"",""prakriti"":""Pitta"",""season"":""Vasanta""}",positive,"Minimal response, dosage adjusted.",False,2026-07-03T11:05:33.265506
56e5722c-1b96-411f-a462-9e264428a3cf,879a6629-a37f-4da9-a046-c5ae1e31523e,8759e52e-4f4b-4ab1-b92a-e73531e54462,{},"{""disease"":""Fever (Jwara)"",""dosha"":""Pitta"",""prakriti"":""Pitta"",""season"":""Vasanta""}",positive,Excellent recovery.,False,2026-07-03T11:05:33.265506
b7133fb8-8b3b-4b12-9ac5-eb44867b0cfb,1ceb4c9c-c535-4693-a6af-7c095a76efeb,5d08c916-d57e-4d51-a9af-8af5a0673091,{},"{""disease"":""Skin Disorder (Kushtha)"",""dosha"":""Pitta"",""prakriti"":""Pitta"",""season"":""Vasanta""}",positive,Excellent recovery.,False,2026-07-03T11:05:33.265506
2cfa151e-3bf8-4e56-b381-c9e100a3fa2c,9e0d7b33-041b-4823-8f71-fecda4c7e0e0,5928c617-1cd1-4e27-859b-c94db26482df,{},"{""disease"":""Skin Disorder (Kushtha)"",""dosha"":""Pitta"",""prakriti"":""Pitta"",""season"":""Vasanta""}",positive,,False,2026-07-03T11:05:33.265506
29297371-8345-4a5b-ae56-ca6619e27949,6090d357-d298-457d-880c-1319f80a8bef,1ac58674-aea4-49e2-9c18-1ea3f825a9a2,{},"{""disease"":""Fever (Jwara)"",""dosha"":""Pitta"",""prakriti"":""Pitta"",""season"":""Vasanta""}",positive,,False,2026-07-03T11:05:33.265506
33f870f7-faca-42de-af45-330bdf816442,4f17519f-35af-4605-a20f-cba0dae2ee59,7c2ba2ac-0df9-44ed-984b-7cfbad3b0da6,{},"{""disease"":""Hemorrhoids (Arsha)"",""dosha"":""Vata"",""prakriti"":""Vata-Pitta"",""season"":""Vasanta""}",positive,Excellent recovery.,False,2026-07-03T11:05:33.265506
dc8f9c32-b307-432f-a032-91a8e8d0cef9,4bbe3e7a-29b3-4854-a834-562c79dbad49,7d3aaead-b64f-413a-9cdf-838eb56e8bea,{},"{""disease"":""Migraine (Ardhavabhedaka)"",""dosha"":""Pitta"",""prakriti"":""Pitta"",""season"":""Vasanta""}",negative,Requires follow-up after 1 month.,False,2026-07-03T11:05:33.265506
927a56fc-e5b5-4088-be1c-12adcdbe9f30,cc3c611e-8fad-423d-9d7b-2ba115c4a103,00fd5815-9844-480a-94ef-c9367775f369,{},"{""disease"":""Acidity (Amlapitta)"",""dosha"":""Pitta"",""prakriti"":""Pitta"",""season"":""Vasanta""}",negative,"Minimal response, dosage adjusted.",False,2026-07-03T11:05:33.265506
b1585dfc-0965-4e4e-8a1e-c3819c4c39a7,a32e273c-a03c-4579-8b40-cd1dabe1b85a,fcf6ccce-17e1-4911-9474-aae698040445,{},"{""disease"":""Fever (Jwara)"",""dosha"":""Pitta"",""prakriti"":""Pitta"",""season"":""Vasanta""}",positive,Excellent recovery.,False,2026-07-03T11:05:33.265506
f174fca5-0ef0-479f-a5e9-41d3b3138376,1f81f015-ef0e-4b84-bc60-420f86d4281b,7880f48f-5239-4fb0-a3c9-c54386af18bb,{},"{""disease"":""Allergy (Sheetapitta)"",""dosha"":""Kapha"",""prakriti"":""Kapha"",""season"":""Vasanta""}",positive,"Minimal response, dosage adjusted.",False,2026-07-03T11:05:33.265506
cf903dad-d279-4aeb-9cdb-89755aea57e7,4416e4b2-eeea-4b9f-98d0-0d23f89fcc80,45f23d44-e2bc-47a6-bac6-87c7a2ffab97,{},"{""disease"":""Fever (Jwara)"",""dosha"":""Pitta"",""prakriti"":""Pitta"",""season"":""Vasanta""}",positive,Patient responded well to treatment.,False,2026-07-03T11:05:33.265506
ae277e67-58c0-4c16-a0ae-212a77b5266b,09e9310f-703f-4138-9a6a-a567754bc701,1d78fb5a-ef2a-4b40-9c36-df270a31543f,{},"{""disease"":""Skin Disorder (Kushtha)"",""dosha"":""Pitta"",""prakriti"":""Pitta"",""season"":""Vasanta""}",positive,Requires follow-up after 1 month.,False,2026-07-03T11:05:33.265506
c6d9671c-ef07-4b08-91c4-ec9c62b85ab9,7405f515-8d14-4922-85b9-32970e01833d,157c333f-a3c9-436b-861d-06a0d9f3410b,{},"{""disease"":""Fever (Jwara)"",""dosha"":""Pitta"",""prakriti"":""Pitta"",""season"":""Vasanta""}",positive,Excellent recovery.,False,2026-07-03T11:05:33.265506
3ff95f27-7140-4589-a6ff-4f1641bf60d0,e4826804-30c0-4271-aba9-f0fa47a4d295,887538ce-f2b7-44c1-81ce-8f46ee6159a5,{},"{""disease"":""Acidity (Amlapitta)"",""dosha"":""Pitta"",""prakriti"":""Pitta"",""season"":""Vasanta""}",positive,,False,2026-07-03T11:05:33.265506
a7185a20-6e1a-48ba-be62-a6c53dc92ff8,c981ceb4-4da5-4b89-aeaf-50903cac3ced,36091e52-8de8-4108-ae8e-9a1c490d5ca9,{},"{""disease"":""Depression (Vishada)"",""dosha"":""Vata-Pitta"",""prakriti"":""Vata"",""season"":""Vasanta""}",negative,,False,2026-07-03T11:05:33.265506
8a471a6c-6f14-4979-98c8-6fc03c4bca0e,8fc7efec-f525-4ece-94f6-0f21afc8d133,b6126240-5bba-4c70-8c81-f7c93c2e55b5,{},"{""disease"":""Hypertension (Raktachaapa Vriddhi)"",""dosha"":""Pitta"",""prakriti"":""Pitta"",""season"":""Vasanta""}",positive,"Minimal response, dosage adjusted.",False,2026-07-03T11:05:33.265506
841d0b81-97b2-438f-a526-aab4717d69b6,b30ca37b-a315-4855-83d7-b9eedff50f6d,e3ed77fa-fdf1-4544-af92-30465b8970d6,{},"{""disease"":""Cystitis (Mutrakrichra)"",""dosha"":""Vata"",""prakriti"":""Vata"",""season"":""Vasanta""}",negative,Good improvement noted after 2 weeks.,False,2026-07-03T11:05:33.265506
af22d999-beb1-4c9b-ab91-9d2aaa111ecc,1eebdf3d-6820-4b80-a3a4-029a09622620,f11aee07-c419-4f5b-b468-3ab19d69819c,{},"{""disease"":""Fatty Liver (Yakrit Meda Vriddhi)"",""dosha"":""Kapha-Pitta"",""prakriti"":""Kapha"",""season"":""Vasanta""}",negative,Good improvement noted after 2 weeks.,False,2026-07-03T11:05:33.265506
ff27de08-00b5-48a3-bec2-5339ffe62266,3e34aacc-e9f0-4706-a3b3-e518d3b39877,100beb68-8d58-4c5b-8fb1-293967ccaf13,{},"{""disease"":""Fatty Liver (Yakrit Meda Vriddhi)"",""dosha"":""Kapha-Pitta"",""prakriti"":""Kapha"",""season"":""Vasanta""}",negative,Good improvement noted after 2 weeks.,False,2026-07-03T11:05:33.265506
adbdf855-e9ff-44cb-b3a3-e9653d9f79ea,cd1ac773-4b49-4e76-8657-0099a1661789,29b3e55e-78c0-4db9-98eb-33e235eb0521,{},"{""disease"":""Osteoarthritis (Sandhivata)"",""dosha"":""Vata-Kapha"",""prakriti"":""Vata"",""season"":""Vasanta""}",positive,Patient responded well to treatment.,False,2026-07-03T11:05:33.265506
0eabb17d-2143-4734-b79d-d0d1c7054b1d,5a4729a5-b64f-405f-b900-2d70a2ff1c66,ce45cbe5-38f8-4909-90f9-00c68672c750,{},"{""disease"":""Epilepsy (Apasmara)"",""dosha"":""Vata"",""prakriti"":""Vata"",""season"":""Vasanta""}",negative,Good improvement noted after 2 weeks.,False,2026-07-03T11:05:33.265506
9902f891-4e17-44a1-bbf6-0c3297692814,f1804293-6d69-4cb9-ab21-183ce260b5f2,a6e014ae-1301-4991-b140-09590973074f,{},"{""disease"":""Goiter (Galaganda)"",""dosha"":""Vata-Pitta"",""prakriti"":""Kapha"",""season"":""Vasanta""}",positive,Good improvement noted after 2 weeks.,False,2026-07-03T11:05:33.265506
8aaa9191-4101-4143-8ad0-3e3e4dd90ac3,0bda3cac-f391-4f5b-829a-12354617b820,2dbffff2-847e-41d2-b17b-11fd052d79cf,{},"{""disease"":""Ear Infection (Karna Shoola)"",""dosha"":""Kapha-Vata"",""prakriti"":""Kapha"",""season"":""Vasanta""}",positive,"Minimal response, dosage adjusted.",False,2026-07-03T11:05:33.265506
2b19c5ba-4023-433e-a4ae-39a0bd608665,fb8f5ee9-eb28-49ae-9b13-1a79bfbe6552,61fd875f-3115-4e25-9486-d8a18359fa90,{},"{""disease"":""Gastritis (Urdhva Amlapitta)"",""dosha"":""Pitta"",""prakriti"":""Pitta"",""season"":""Vasanta""}",positive,Patient responded well to treatment.,False,2026-07-03T11:05:33.265506
c0cb6291-cc7a-45d2-8b14-3c246b3fbe1b,4947f6ec-50be-4c70-af2e-95eecf006144,b5b52793-a587-456c-9369-c32d304ccb07,{},"{""disease"":""Sciatica (Gridhrasi)"",""dosha"":""Vata"",""prakriti"":""Vata"",""season"":""Vasanta""}",negative,Patient responded well to treatment.,False,2026-07-03T11:05:33.265506
6c0421b6-fce6-466e-8346-990043a28c20,b021bb1e-6e42-419a-bcff-6dacfc1a7d5c,4d1e19cf-51a1-4e65-98e6-49d516079d80,{},"{""disease"":""Spondylosis (Griva Sandhigata Vata)"",""dosha"":""Vata"",""prakriti"":""Vata"",""season"":""Vasanta""}",negative,"Minimal response, dosage adjusted.",False,2026-07-03T11:05:33.265506
ff4ad245-29bc-4701-b06e-69f62afa1594,f010ef5f-b7cb-49e1-96d5-8adb1422546b,ab78bbf9-90ec-42ed-bc8c-cec2116ecbe4,{},"{""disease"":""Vitiligo (Shwitra)"",""dosha"":""Pitta-Vata"",""prakriti"":""Pitta"",""season"":""Vasanta""}",positive,"Minimal response, dosage adjusted.",False,2026-07-03T11:05:33.265506
a8d8ee08-acf9-4646-90b1-7c4e986db197,919000b2-65aa-4505-b464-efa6d94412df,561686ad-9b0b-43c5-b2bd-bbbfd7357e78,{},"{""disease"":""Thyroid Disorder (Galaganda Vikara)"",""dosha"":""Vata-Pitta"",""prakriti"":""Vata"",""season"":""Vasanta""}",positive,Patient responded well to treatment.,False,2026-07-03T11:05:33.265506
f4ee296d-0c3a-4281-bd24-fb8f119bc771,fea594d1-51c1-49d5-b122-05b855ebd770,576be9d9-4ecf-4fdf-b4b6-bb62d1c7516f,{},"{""disease"":""Psoriasis (Kitibha Kushtha)"",""dosha"":""Pitta"",""prakriti"":""Pitta"",""season"":""Vasanta""}",positive,Excellent recovery.,False,2026-07-03T11:05:33.265506
76d214ac-94dc-4e35-8430-fe4b9396dbcb,f7735153-ebdb-4a60-8d5c-ca03e17ec055,fa6d615b-920a-43a1-9057-27e5f74f0709,{},"{""disease"":""Hypertension (Raktachaapa Vriddhi)"",""dosha"":""Pitta"",""prakriti"":""Pitta"",""season"":""Vasanta""}",negative,Excellent recovery.,False,2026-07-03T11:05:33.265506
bbfc3080-f600-4051-9f14-ce8b67b045f7,ff00749e-2ae0-428b-a85a-adebe54613eb,aec88093-2c51-4628-b8a2-76061d15f59b,{},"{""disease"":""Tennis Elbow (Kurpara Shoola)"",""dosha"":""Vata"",""prakriti"":""Vata"",""season"":""Vasanta""}",positive,"Minimal response, dosage adjusted.",False,2026-07-03T11:05:33.265506
af47f61a-8050-4ca3-bf3b-20765f8bc9c5,a3640bd3-673a-4e4b-a8fa-1aa16e1a8f22,5dc70449-4b6c-4a51-a827-45d70d4b2123,{},"{""disease"":""Scoliosis (Kubjata)"",""dosha"":""Vata"",""prakriti"":""Vata"",""season"":""Vasanta""}",negative,Patient responded well to treatment.,False,2026-07-03T11:05:33.265506
d9c36387-b46e-4b41-8f65-19e2e974549a,1888f6f7-5d27-4a5a-9f07-399bf5c9b2ed,95661119-11f6-484c-a7fa-78595e0691d6,{},"{""disease"":""Ear Infection (Karna Shoola)"",""dosha"":""Kapha-Vata"",""prakriti"":""Kapha"",""season"":""Vasanta""}",negative,Patient responded well to treatment.,False,2026-07-03T11:05:33.265506
a5d5e254-6b52-44f7-a23c-cb017969e911,97db3500-3e60-4c91-a461-a1befdc5de8e,af776543-2ab0-4ab1-9221-13abdfa52ea0,{},"{""disease"":""Hyperthyroidism (Atisweda)"",""dosha"":""Pitta"",""prakriti"":""Pitta"",""season"":""Vasanta""}",positive,Requires follow-up after 1 month.,False,2026-07-03T11:05:33.265506
26452426-0e6f-4e11-afd9-821689f5a50a,433745ec-d4b7-4131-81ac-776e3c533b33,ea09f210-610a-41a6-8c9d-18e886af2c4d,{},"{""disease"":""Cystitis (Mutrakrichra)"",""dosha"":""Vata"",""prakriti"":""Vata"",""season"":""Vasanta""}",positive,Patient responded well to treatment.,False,2026-07-03T11:05:33.265506
2aabb486-260f-4889-b7d7-28eff2e3bff6,be26446d-93d6-4805-ab7c-cdeeb20a2eb4,c5263a50-f93d-4a02-96d1-8161a5d72c34,{},"{""disease"":""Eczema (Vicharchika)"",""dosha"":""Pitta"",""prakriti"":""Pitta"",""season"":""Vasanta""}",positive,,False,2026-07-03T11:05:33.265506
55caa2c2-674d-4940-b6fb-81e06a0f67c0,4dd3be8c-41fa-44a5-9b76-7699fb405460,2f520cec-9435-4ce4-9f36-27f64ecbb048,{},"{""disease"":""Scoliosis (Kubjata)"",""dosha"":""Vata"",""prakriti"":""Vata"",""season"":""Vasanta""}",positive,Excellent recovery.,False,2026-07-03T11:05:33.265506
d7c61513-247f-443d-a72a-aad02d3b055d,8a353a2d-fb96-4f8e-bc81-d2f296f19176,1fbce4da-8de7-4430-8764-85c1bd1a2d3c,{},"{""disease"":""Osteoarthritis (Sandhivata)"",""dosha"":""Vata-Kapha"",""prakriti"":""Vata"",""season"":""Vasanta""}",negative,Requires follow-up after 1 month.,False,2026-07-03T11:05:33.265506
0bf3d36a-fd32-41a3-b6d9-d1ebbad0014f,cdff0861-7101-4d39-8c1a-38dbe3aded59,de182c6f-a1a5-4d79-a1f3-2808a4a04ead,{},"{""disease"":""Conjunctivitis (Netra Abhishyanda)"",""dosha"":""Pitta"",""prakriti"":""Pitta"",""season"":""Vasanta""}",negative,"Minimal response, dosage adjusted.",False,2026-07-03T11:05:33.265506
bf1b6188-86f4-4d23-a8cd-82aea7142ba9,681e7266-003e-4fea-b8c1-50e55220cc77,ea957db4-d002-4f0e-9038-dcfe9b964c35,{},"{""disease"":""Tonsillitis (Tundikeri)"",""dosha"":""Kapha-Pitta"",""prakriti"":""Kapha"",""season"":""Vasanta""}",negative,,False,2026-07-03T11:05:33.265506
8e507ff7-b52a-455c-911e-7d6736bde327,f05a9cb5-6110-4502-95e1-810ac6ab6b33,0bf72369-6cd9-4e42-bf82-c6a53635de6e,{},"{""disease"":""Heart Disease (Hridroga)"",""dosha"":""Vata-Pitta"",""prakriti"":""Vata"",""season"":""Vasanta""}",positive,"Minimal response, dosage adjusted.",False,2026-07-03T11:05:33.265506
38b140b3-b28a-4dea-b081-859f101ed0da,f4d5afd4-e183-4732-a4a7-866f5f2c2fc2,c07f9186-291a-4ed9-9413-8907d05ebd71,{},"{""disease"":""Tonsillitis (Tundikeri)"",""dosha"":""Kapha-Pitta"",""prakriti"":""Kapha"",""season"":""Vasanta""}",negative,,False,2026-07-03T11:05:33.265506
a653f9a2-07ba-4179-ad89-cf2498c3ab58,bee20f11-3865-4feb-a005-871c0d584c67,1e694d19-b54a-4df4-b844-bb01c2f5a02a,{},"{""disease"":""Cystitis (Mutrakrichra)"",""dosha"":""Vata"",""prakriti"":""Vata"",""season"":""Vasanta""}",negative,Excellent recovery.,False,2026-07-03T11:05:33.265506
40e42252-0b1e-4c75-b68d-f2d6861be24e,e4826804-30c0-4271-aba9-f0fa47a4d295,052508c5-d0e9-4cca-be4b-263d18d54a3c,{},"{""disease"":""Irritable Bowel Syndrome (Grahani)"",""dosha"":""Vata"",""prakriti"":""Vata"",""season"":""Vasanta""}",positive,Patient responded well to treatment.,False,2026-07-03T11:05:33.265506
991ef060-0d59-405e-aa0a-e8d26c812a48,fb8f5ee9-eb28-49ae-9b13-1a79bfbe6552,58eb94cb-f0d7-4f5f-8f18-c59a6922c67b,{},"{""disease"":""Gingivitis (Danta Vidradhi)"",""dosha"":""Pitta"",""prakriti"":""Pitta"",""season"":""Vasanta""}",positive,Requires follow-up after 1 month.,False,2026-07-03T11:05:33.265506
a24b756d-e897-430c-a0f9-75a4afa9bb82,a32e273c-a03c-4579-8b40-cd1dabe1b85a,75e1ca26-64e9-4637-9745-05133c96aa8e,{},"{""disease"":""Urinary Tract Infection (Mutradaha)"",""dosha"":""Pitta"",""prakriti"":""Pitta"",""season"":""Vasanta""}",negative,"Minimal response, dosage adjusted.",False,2026-07-03T11:05:33.265506
2b03c3d4-240e-4271-8ce4-dc0ab74d7c55,dc0c1a22-90ca-42f0-ab8a-39cfd955526f,bcd1bc5c-077c-4839-aa83-ae9dcbdaa6d5,{},"{""disease"":""Chronic Kidney Disease (Vrikka Vaikalya)"",""dosha"":""Vata-Pitta"",""prakriti"":""Vata"",""season"":""Vasanta""}",positive,Patient responded well to treatment.,False,2026-07-03T11:05:33.265506
acffd47e-cac1-41ba-9fc4-1b26cd75c302,5b489b04-54a8-468d-ac4f-159c8d84ccbc,19559e5e-5280-46ed-9860-3306bc24cfa7,{},"{""disease"":""Ear Infection (Karna Shoola)"",""dosha"":""Kapha-Vata"",""prakriti"":""Kapha"",""season"":""Vasanta""}",positive,Patient responded well to treatment.,False,2026-07-03T11:05:33.265506
4b0bfb10-3d85-4ff8-80ad-ddd13c7f2463,9f848fca-57e9-4bea-80b2-27b3643ba6a3,bd9d5d56-cc1a-4985-a86b-eecd4b23fe0c,{},"{""disease"":""Infertility (Vandhyatva)"",""dosha"":""Vata-Pitta"",""prakriti"":""Vata"",""season"":""Vasanta""}",positive,"Minimal response, dosage adjusted.",False,2026-07-03T11:05:33.265506
281933dc-0034-4639-bb8c-a383f97146eb,f6b7380f-2a17-403a-ba0e-4fd6d89f8a89,35c0402b-fdaf-4666-ac7f-fb820467f1ae,{},"{""disease"":""Liver Disorder (Yakrit Vikara)"",""dosha"":""Pitta-Kapha"",""prakriti"":""Pitta"",""season"":""Vasanta""}",positive,Excellent recovery.,False,2026-07-03T11:05:33.265506
b18803b4-8d4a-4887-b305-1046fce4ee9c,17562084-958d-47fa-9dc6-e2b6ad96a638,41b5009b-51ef-4e03-a7a7-fbbee252a1d1,{},"{""disease"":""Hypertension (Raktachaapa Vriddhi)"",""dosha"":""Pitta"",""prakriti"":""Pitta"",""season"":""Vasanta""}",positive,,False,2026-07-03T11:05:33.265506
a4bb5dbe-bbbe-45d7-ae22-5d272958a653,d3a3d84a-df51-41a9-923c-be4f116333a0,77676a7c-8f57-42b6-b6b3-9112e8f8c3fe,{},"{""disease"":""Urinary Tract Infection (Mutradaha)"",""dosha"":""Pitta"",""prakriti"":""Pitta"",""season"":""Vasanta""}",positive,"Minimal response, dosage adjusted.",False,2026-07-03T11:05:33.265506
d38b0a36-62dd-4de7-b545-2ad4fa14ec71,6b4b5d3c-c204-4ae7-841c-d8a9e613ea1a,60c2e641-0d81-4fb9-bb82-b9cf93d307e1,{},"{""disease"":""Conjunctivitis (Netra Abhishyanda)"",""dosha"":""Pitta"",""prakriti"":""Pitta"",""season"":""Vasanta""}",positive,Requires follow-up after 1 month.,False,2026-07-03T11:05:33.265506
0f5a89c2-5835-483b-81fe-e73674d27257,32fb151f-1500-4802-bf2e-a28569bca551,5601c8f1-fd83-4142-a0ee-ccc88b80ff1e,{},"{""disease"":""Burnout (Chitta Klama)"",""dosha"":""Vata-Pitta"",""prakriti"":""Vata"",""season"":""Vasanta""}",positive,"Minimal response, dosage adjusted.",False,2026-07-03T11:05:33.265506
8d1a2b37-6374-4c89-95e3-fc689f2ad96e,fceb3277-55c1-4e8c-a70e-e6dbb57d54f8,af1f41ae-6645-43e6-bce4-f6d9631f6eb6,{},"{""disease"":""Varicose Veins (Sira Granthi)"",""dosha"":""Vata"",""prakriti"":""Vata"",""season"":""Vasanta""}",positive,Good improvement noted after 2 weeks.,False,2026-07-03T11:05:33.265506
9ba1801f-3d72-43f6-944e-521a9ffd02f0,cc7d2039-de65-4375-81ea-5c175caa1724,43233b79-1931-4b0d-98c6-8b6b8cbe0f12,{},"{""disease"":""Stress (Manasika Tanava)"",""dosha"":""Vata"",""prakriti"":""Vata"",""season"":""Vasanta""}",negative,Requires follow-up after 1 month.,False,2026-07-03T11:05:33.265506
42e8c58a-8ec2-48b2-b74a-73a0ab46be6d,1e7e45e5-0133-4392-a3e7-a694d154a73b,98daa193-f330-473e-b0b6-e5cf811fa635,{},"{""disease"":""Worm Infection (Krimi Roga)"",""dosha"":""Vata"",""prakriti"":""Vata"",""season"":""Vasanta""}",positive,,False,2026-07-03T11:05:33.265506
06ba1e09-919b-46c7-9a6c-06554d6d5d58,e2e19b7c-867f-43b6-9141-af8b63dab285,ac1ab739-8e0f-48c4-ac3a-b79021ab62ad,{},"{""disease"":""Lymphoma (Granthi Arbuda)"",""dosha"":""Pitta-Vata"",""prakriti"":""Pitta"",""season"":""Vasanta""}",negative,Excellent recovery.,False,2026-07-03T11:05:33.265506
180815db-f38b-413a-9238-d77c7077ae76,40b5a9ae-90a4-4f6c-a098-b31928f94be8,db123d70-546b-4bce-ba29-90d072e5b3f6,{},"{""disease"":""Chikungunya (Sandhi Jwara)"",""dosha"":""Vata-Pitta"",""prakriti"":""Pitta"",""season"":""Vasanta""}",positive,Excellent recovery.,False,2026-07-03T11:05:33.265506
a6e91859-95bb-434c-8afe-a6ea6a476fc0,6a627237-5674-4a07-94bd-f01bda4d24ad,dec3304d-73ee-4d9f-bbe7-4159043a1a18,{},"{""disease"":""Osteoarthritis (Sandhivata)"",""dosha"":""Vata-Kapha"",""prakriti"":""Vata"",""season"":""Vasanta""}",positive,"Minimal response, dosage adjusted.",False,2026-07-03T11:05:33.265506
6371f97f-7f64-4962-96d2-6f140c9305df,6632d43c-3a96-476e-84b8-dcec0dde708c,f6f6e8f3-b87d-459b-944f-725de3ed58f6,{},"{""disease"":""Migraine (Ardhavabhedaka)"",""dosha"":""Pitta"",""prakriti"":""Pitta"",""season"":""Grishma""}",negative,"Minimal response, dosage adjusted.",False,2026-07-03T11:05:33.265506
4d6bb349-cb37-4409-b366-eaa6150e3fda,b01c2f08-620e-4003-9146-b2bc5089f338,6a51f40c-b02b-4a22-baa5-f381354bd9fa,{},"{""disease"":""Skin Rash (Kushtha)"",""dosha"":""Pitta"",""prakriti"":""Pitta"",""season"":""Grishma""}",positive,Excellent recovery.,False,2026-07-03T11:05:33.265506
4f6cf31e-9163-4706-9cb8-a88bb898263d,aec2efec-f3f5-41b2-9577-f1bc6f1bca95,8894ecbe-c9b6-4764-be82-34021dd3b4bb,{},"{""disease"":""Heat Stroke (Ushna Jwar)"",""dosha"":""Pitta"",""prakriti"":""Pitta"",""season"":""Grishma""}",positive,Patient responded well to treatment.,False,2026-07-03T11:05:33.265506
997448d1-394c-4922-acf2-294dccade585,91a24ece-afbc-4ba8-952f-8dd6097940f2,a5d12569-1e0d-464a-928b-504bb38d0500,{},"{""disease"":""Heat Stroke (Ushna Jwar)"",""dosha"":""Pitta"",""prakriti"":""Pitta"",""season"":""Grishma""}",positive,Patient responded well to treatment.,False,2026-07-03T11:05:33.265506
8d532a29-72b7-4dbe-a4d9-da7d0bae798c,6a627237-5674-4a07-94bd-f01bda4d24ad,98ea47d1-1e46-4ac1-b91f-163304df22b4,{},"{""disease"":""Urinary Disorder (Mutraghata)"",""dosha"":""Pitta"",""prakriti"":""Pitta"",""season"":""Grishma""}",negative,Good improvement noted after 2 weeks.,False,2026-07-03T11:05:33.265506
20f5c0a2-7da8-41fc-a8c2-0fde6dce9630,b021bb1e-6e42-419a-bcff-6dacfc1a7d5c,145bca62-094b-48c1-9bbe-372018063f6f,{},"{""disease"":""Migraine (Ardhavabhedaka)"",""dosha"":""Pitta"",""prakriti"":""Pitta"",""season"":""Grishma""}",positive,Patient responded well to treatment.,False,2026-07-03T11:05:33.265506
91f6eafc-a70f-4247-b3eb-eed49104e99c,1572a1aa-b834-4a99-b93e-90463e7d1865,3482aed3-bdb1-4550-9c95-9f8f018d36ec,{},"{""disease"":""Acidity (Amlapitta)"",""dosha"":""Pitta"",""prakriti"":""Pitta"",""season"":""Grishma""}",negative,Good improvement noted after 2 weeks.,False,2026-07-03T11:05:33.265506
d7cc6d40-e78b-4d4f-a496-326cec101e44,657d2a40-8be6-4f0a-828b-592a173a22bd,6dfa6fd3-c0a0-4ff2-b9f7-1da549ffde7c,{},"{""disease"":""Migraine (Ardhavabhedaka)"",""dosha"":""Pitta"",""prakriti"":""Pitta"",""season"":""Grishma""}",positive,"Minimal response, dosage adjusted.",False,2026-07-03T11:05:33.265506
cb629062-56cf-43e6-b5b8-9bbb46f0816e,919000b2-65aa-4505-b464-efa6d94412df,30d5450d-3a2c-461e-aec1-c307e3e87cd0,{},"{""disease"":""Dehydration (Trishna)"",""dosha"":""Pitta"",""prakriti"":""Pitta"",""season"":""Grishma""}",positive,Good improvement noted after 2 weeks.,False,2026-07-03T11:05:33.265506
85a0b4ed-5f84-4f7b-b6bd-061de9a28a8d,a91c5d1d-124c-4eaa-a906-a0b3a7f20bd6,80bd221e-eda5-4fb5-8e93-e70eee3e05ca,{},"{""disease"":""Skin Rash (Kushtha)"",""dosha"":""Pitta"",""prakriti"":""Pitta"",""season"":""Grishma""}",negative,Patient responded well to treatment.,False,2026-07-03T11:05:33.265506
60a22e4f-8c32-4ffd-b47b-41125ecc2fc4,d1bdd759-8b5f-4f83-87e5-b0ca4ce9b8e8,b954250c-9805-4417-a7fa-19ccd0ae7804,{},"{""disease"":""Dehydration (Trishna)"",""dosha"":""Pitta"",""prakriti"":""Pitta"",""season"":""Grishma""}",positive,Patient responded well to treatment.,False,2026-07-03T11:05:33.265506
b7f619ee-c629-4210-bf36-ac3d94535b87,ec2a5f5a-8f75-4def-819b-26cb5a3fe120,fffbc133-9f65-4524-bb5f-0de948d2e4f8,{},"{""disease"":""Skin Rash (Kushtha)"",""dosha"":""Pitta"",""prakriti"":""Pitta"",""season"":""Grishma""}",positive,,False,2026-07-03T11:05:33.265506
e9d875d7-d1c7-49a4-8d75-ccf6b3fb4461,96662633-21fc-4411-804d-419b305215e4,58c77f74-eb2f-463c-bb36-f7d4059b0590,{},"{""disease"":""Skin Rash (Kushtha)"",""dosha"":""Pitta"",""prakriti"":""Pitta"",""season"":""Grishma""}",negative,Good improvement noted after 2 weeks.,False,2026-07-03T11:05:33.265506
e2dfaa2b-a0ad-4ab7-b1b6-38fcb42f34a7,72b2881a-bcb0-4a20-84c1-3648ac2e2c49,6eb474f2-d7cc-45a9-8de7-dda68bd2c5bd,{},"{""disease"":""Skin Rash (Kushtha)"",""dosha"":""Pitta"",""prakriti"":""Pitta"",""season"":""Grishma""}",positive,Patient responded well to treatment.,False,2026-07-03T11:05:33.265506
ada0cfdc-2c19-44ce-a295-8b552a0e80b8,d3e9e3ed-00ef-4cd2-9ea2-5de5ff487ba3,b1214a2e-06d5-45b7-92a9-75dce04625c7,{},"{""disease"":""Acidity (Amlapitta)"",""dosha"":""Pitta"",""prakriti"":""Pitta"",""season"":""Grishma""}",positive,Excellent recovery.,False,2026-07-03T11:05:33.265506
f07227df-b4b9-49f4-91ab-76944fdb6d01,e2e7ef21-a5dd-4765-903d-770a6aa7b5b8,9f486480-2741-4e60-8ae7-00f462adb8bf,{},"{""disease"":""Migraine (Ardhavabhedaka)"",""dosha"":""Pitta"",""prakriti"":""Pitta"",""season"":""Grishma""}",negative,,False,2026-07-03T11:05:33.265506
9fa49b3c-51c9-4083-a23f-8c1778c47da2,abd81e42-eef4-49a8-a27d-37a25f1c35bc,fae261ec-3ba2-4714-94e7-4358d21f6c0f,{},"{""disease"":""Migraine (Ardhavabhedaka)"",""dosha"":""Pitta"",""prakriti"":""Pitta"",""season"":""Grishma""}",positive,,False,2026-07-03T11:05:33.265506
aff3e012-3d5d-43e8-b7c1-6515e3e591eb,936e7eea-1b7f-448d-808d-f30f1a0daf00,558fd6a0-3173-4bdf-ace0-42cc6cad2c41,{},"{""disease"":""Skin Rash (Kushtha)"",""dosha"":""Pitta"",""prakriti"":""Pitta"",""season"":""Grishma""}",positive,,False,2026-07-03T11:05:33.265506
a6a85a3f-ae48-42e2-895c-f582038b8391,278b17ed-0861-4cf5-b606-be2b5c4948f9,8f140ce9-4baa-4a3b-9e08-8c04849f4b2f,{},"{""disease"":""Dehydration (Trishna)"",""dosha"":""Pitta"",""prakriti"":""Pitta"",""season"":""Grishma""}",positive,,False,2026-07-03T11:05:33.265506
83e7da40-d866-4c6f-9590-8c7363002c8e,fcb3555b-2d3e-4781-b8b7-3e79aa9bac48,1fd649b4-5bcf-45ea-9171-f8c5c530fbbd,{},"{""disease"":""Migraine (Ardhavabhedaka)"",""dosha"":""Pitta"",""prakriti"":""Pitta"",""season"":""Grishma""}",positive,Good improvement noted after 2 weeks.,False,2026-07-03T11:05:33.265506
c9e963dd-9409-4280-8917-4ee7b3c5ff17,b132388d-0113-4aa6-9960-a5bebd09ad8c,82af6e12-02c3-4ee8-858d-858471d92805,{},"{""disease"":""Skin Rash (Kushtha)"",""dosha"":""Pitta"",""prakriti"":""Pitta"",""season"":""Grishma""}",positive,"Minimal response, dosage adjusted.",False,2026-07-03T11:05:33.265506
d4e3efaa-79bf-4f2a-9429-3a7d8d8ae399,95a5c4de-24b2-4b6a-a372-c1a6092bc230,613c5be0-df38-4597-b42f-4292c2302241,{},"{""disease"":""Migraine (Ardhavabhedaka)"",""dosha"":""Pitta"",""prakriti"":""Pitta"",""season"":""Grishma""}",positive,Excellent recovery.,False,2026-07-03T11:05:33.265506
c34b21e5-060c-45e1-8864-3932188f8ea3,6b9fb090-091c-4629-b48a-908b23dd480a,9383d70c-d28a-4f18-bf65-6ac75b42b9c0,{},"{""disease"":""Heat Stroke (Ushna Jwar)"",""dosha"":""Pitta"",""prakriti"":""Pitta"",""season"":""Grishma""}",negative,"Minimal response, dosage adjusted.",False,2026-07-03T11:05:33.265506
587db4d3-0827-4c19-aef3-fec9f133b0db,f86e7fbe-d8a2-4d1c-8e4e-f2cdce46a9b1,8a82aaeb-6f13-49b4-be63-0c62f30c30ab,{},"{""disease"":""Skin Rash (Kushtha)"",""dosha"":""Pitta"",""prakriti"":""Pitta"",""season"":""Grishma""}",negative,Patient responded well to treatment.,False,2026-07-03T11:05:33.265506
40f4e599-2c38-4a2f-ac56-9bd93c07be42,7fe7668f-ef3d-4bc2-8b4b-183240e39098,7452ecd9-3a3c-42ee-b8fe-31f1d30709b0,{},"{""disease"":""Dehydration (Trishna)"",""dosha"":""Pitta"",""prakriti"":""Pitta"",""season"":""Grishma""}",positive,Requires follow-up after 1 month.,False,2026-07-03T11:05:33.265506
ca44f143-319a-4ef0-920a-9e914a3be676,521855db-c8fe-4aa5-a827-6e6a639330c2,73437289-bbe6-4976-9d50-69baea06d9b0,{},"{""disease"":""Skin Rash (Kushtha)"",""dosha"":""Pitta"",""prakriti"":""Pitta"",""season"":""Grishma""}",positive,Excellent recovery.,False,2026-07-03T11:05:33.265506
56bf69ab-3418-47a1-9a42-e3487cc95311,561498a7-3e94-47e1-96a6-42ee39b203ff,5d22f63a-230a-4a0a-a71d-55b0d557537b,{},"{""disease"":""Urinary Disorder (Mutraghata)"",""dosha"":""Pitta"",""prakriti"":""Pitta"",""season"":""Grishma""}",negative,Patient responded well to treatment.,False,2026-07-03T11:05:33.265506
1aacaa5b-45ba-4502-9ed9-f7e1b26de786,816dc866-ebe8-4377-b1ae-9ff8fa1be226,2044e920-b891-4718-b039-f98150a61ecb,{},"{""disease"":""Heat Stroke (Ushna Jwar)"",""dosha"":""Pitta"",""prakriti"":""Pitta"",""season"":""Grishma""}",negative,Patient responded well to treatment.,False,2026-07-03T11:05:33.265506
5b6f2224-606e-4673-b772-44d2f1f40e87,0eb78130-992f-4dc9-9eb4-5405ddeb8065,ad128a66-ed6d-41b2-853c-f5e95fbe2cc0,{},"{""disease"":""Heat Stroke (Ushna Jwar)"",""dosha"":""Pitta"",""prakriti"":""Pitta"",""season"":""Grishma""}",positive,,False,2026-07-03T11:05:33.265506
905ce6af-bdba-40e8-b96c-719c58235d18,9a7c3a9f-6688-4f36-a0c5-a0c643f86397,97e5b19b-6d3a-4cec-ac27-a14c9a9ac22e,{},"{""disease"":""Skin Rash (Kushtha)"",""dosha"":""Pitta"",""prakriti"":""Pitta"",""season"":""Grishma""}",positive,,False,2026-07-03T11:05:33.265506
7c2ff816-9ab8-4118-956b-aa3b7825883e,9ae4e38b-d76c-4ff6-8c11-94a6dea6e825,3294faac-200d-4172-96b8-14ff5d087b54,{},"{""disease"":""Heat Stroke (Ushna Jwar)"",""dosha"":""Pitta"",""prakriti"":""Pitta"",""season"":""Grishma""}",positive,Good improvement noted after 2 weeks.,False,2026-07-03T11:05:33.265506
f4206d0c-53cc-4eda-bbad-8153ca8487d3,d53538f7-b819-4bb2-9ca1-2ed43062ad1e,126d2abc-b986-4187-a130-44ccf95b6784,{},"{""disease"":""Migraine (Ardhavabhedaka)"",""dosha"":""Pitta"",""prakriti"":""Pitta"",""season"":""Grishma""}",positive,"Minimal response, dosage adjusted.",False,2026-07-03T11:05:33.265506
fb0513d5-3846-462e-b3d6-ab0988312512,d41e7c32-1817-4d39-ac7f-627362a28d5e,481dd955-ee4d-490a-916e-f290645076de,{},"{""disease"":""Urinary Disorder (Mutraghata)"",""dosha"":""Pitta"",""prakriti"":""Pitta"",""season"":""Grishma""}",positive,Good improvement noted after 2 weeks.,False,2026-07-03T11:05:33.265506
d5ada0ad-475a-467b-a84f-eca50f2dbdea,6e0cf555-9007-43cd-98eb-1e34d984c38b,3781adf4-cd10-4dec-83dd-66a5bf311c9d,{},"{""disease"":""Heat Stroke (Ushna Jwar)"",""dosha"":""Pitta"",""prakriti"":""Pitta"",""season"":""Grishma""}",positive,Requires follow-up after 1 month.,False,2026-07-03T11:05:33.265506
c4573932-64fa-4a07-acd4-5853a9e13e7a,55e961ec-5a0c-47b2-b675-c37a3c3836c1,7927eabd-982c-483d-8889-a528243847da,{},"{""disease"":""Dehydration (Trishna)"",""dosha"":""Pitta"",""prakriti"":""Pitta"",""season"":""Grishma""}",negative,Patient responded well to treatment.,False,2026-07-03T11:05:33.265506
a3b203c8-89ee-43b3-82d2-37b11bf2a047,b7b3f2ca-7786-42cd-b1d9-c40140828041,14a2e491-fb37-4313-b714-44a4692663ec,{},"{""disease"":""Dehydration (Trishna)"",""dosha"":""Pitta"",""prakriti"":""Pitta"",""season"":""Grishma""}",positive,"Minimal response, dosage adjusted.",False,2026-07-03T11:05:33.265506
f09cc2dd-f9d2-402b-a1cb-7a5f6160675e,2080eba4-fd00-4c33-9228-ff92981a6306,9f59f565-5ce1-44f5-8fc4-1f0edb4cc575,{},"{""disease"":""Dehydration (Trishna)"",""dosha"":""Pitta"",""prakriti"":""Pitta"",""season"":""Grishma""}",positive,Patient responded well to treatment.,False,2026-07-03T11:05:33.265506
81708034-75d8-425a-b47d-1646de74b2fd,a3640bd3-673a-4e4b-a8fa-1aa16e1a8f22,f4aea494-eea6-430c-a1a4-6894a1e759a2,{},"{""disease"":""Urinary Disorder (Mutraghata)"",""dosha"":""Pitta"",""prakriti"":""Pitta"",""season"":""Grishma""}",positive,Requires follow-up after 1 month.,False,2026-07-03T11:05:33.265506
d4027840-53c6-4d40-9345-ef6c9ad2c903,4ea275f1-c2f9-4bd0-945d-35e83e9ab232,908d1a41-2d93-46d0-9ae6-5f8b29c83167,{},"{""disease"":""Skin Rash (Kushtha)"",""dosha"":""Pitta"",""prakriti"":""Pitta"",""season"":""Grishma""}",positive,Good improvement noted after 2 weeks.,False,2026-07-03T11:05:33.265506
1a1f6853-854d-4437-b345-4940679760b9,76609f2a-22ce-4d20-aebf-1cc021eab18e,5337f0a7-e7c7-492b-9409-0a1b86839487,{},"{""disease"":""Skin Rash (Kushtha)"",""dosha"":""Pitta"",""prakriti"":""Pitta"",""season"":""Grishma""}",negative,"Minimal response, dosage adjusted.",False,2026-07-03T11:05:33.265506
ce7092e1-aa2e-48cc-87e9-0bf0ab0b2b47,b56996c2-8d55-43ee-a273-08fb3b9a9e41,1193cee9-2015-479e-b249-354798acbad7,{},"{""disease"":""Skin Rash (Kushtha)"",""dosha"":""Pitta"",""prakriti"":""Pitta"",""season"":""Grishma""}",negative,Requires follow-up after 1 month.,False,2026-07-03T11:05:33.265506
e010e779-2e95-4eda-80de-30498dcb38f5,1b8907f8-c801-4a84-bbb3-a6d21a4da257,e7f61591-1c96-484d-baa3-248de03722b8,{},"{""disease"":""Migraine (Ardhavabhedaka)"",""dosha"":""Pitta"",""prakriti"":""Pitta"",""season"":""Grishma""}",negative,,False,2026-07-03T11:05:33.265506
e0750446-f1a5-4a05-aa15-889aaf264bbb,1535ee5a-0d55-461c-b6a7-728d12046189,e6360c72-ac59-4c9d-8416-669e23f3d2c0,{},"{""disease"":""Skin Rash (Kushtha)"",""dosha"":""Pitta"",""prakriti"":""Pitta"",""season"":""Grishma""}",positive,Good improvement noted after 2 weeks.,False,2026-07-03T11:05:33.265506
20c71114-1761-4e0f-a278-71aae5d224d5,2647f102-7112-46dd-b7d9-de7ebcdaec36,a2de47dc-b4ba-450e-9aad-3288280037e2,{},"{""disease"":""Acidity (Amlapitta)"",""dosha"":""Pitta"",""prakriti"":""Pitta"",""season"":""Grishma""}",positive,Excellent recovery.,False,2026-07-03T11:05:33.265506
20561e07-c638-49e6-b674-509423c4ffe9,bd111b70-a218-4bca-9bd0-23d8b2814665,9ff016e2-3dc6-4125-9496-d4babd8ef906,{},"{""disease"":""Skin Rash (Kushtha)"",""dosha"":""Pitta"",""prakriti"":""Pitta"",""season"":""Grishma""}",positive,Excellent recovery.,False,2026-07-03T11:05:33.265506
536d0a7c-2554-4ada-baee-bb02d9f34b4c,e5c3032d-9884-4779-a577-8c0bc29ce0c7,7ae24a7a-a864-4857-90ca-e06b322c69bd,{},"{""disease"":""Acidity (Amlapitta)"",""dosha"":""Pitta"",""prakriti"":""Pitta"",""season"":""Grishma""}",positive,Patient responded well to treatment.,False,2026-07-03T11:05:33.265506
d11ce2b1-9831-4cf2-ac97-00efad903440,110486cb-89d7-4fc5-9304-4fd3c9a914d9,878cfe33-6f06-418c-a0f5-89012233b254,{},"{""disease"":""Acidity (Amlapitta)"",""dosha"":""Pitta"",""prakriti"":""Pitta"",""season"":""Grishma""}",positive,Excellent recovery.,False,2026-07-03T11:05:33.265506
74653397-7080-46a5-ac0a-adee08476e88,241e65cf-ac9d-4b5a-af47-b8641a48d384,652abde0-a22a-471c-ab0f-61685906428d,{},"{""disease"":""Skin Rash (Kushtha)"",""dosha"":""Pitta"",""prakriti"":""Pitta"",""season"":""Grishma""}",positive,"Minimal response, dosage adjusted.",False,2026-07-03T11:05:33.265506
8d3c1941-b0ed-4c82-9330-3fcefbaa74e9,3c692c45-3ea3-48a5-b49d-a253ec2a185a,c3d1d5b6-902f-4e12-8ca7-48971a603f98,{},"{""disease"":""Migraine (Ardhavabhedaka)"",""dosha"":""Pitta"",""prakriti"":""Pitta"",""season"":""Grishma""}",positive,Good improvement noted after 2 weeks.,False,2026-07-03T11:05:33.265506
b4726f35-50bf-40b3-a4e3-90263e17dc84,2859a253-a766-4e3d-b8eb-8a952727637b,db049b89-c3c1-46a1-a75b-f618c0056372,{},"{""disease"":""Dehydration (Trishna)"",""dosha"":""Pitta"",""prakriti"":""Pitta"",""season"":""Grishma""}",positive,"Minimal response, dosage adjusted.",False,2026-07-03T11:05:33.265506
3a8183ce-45b9-4c53-aeb5-5645396b0e56,ff85b342-6b1a-4fad-8c2d-ab2e57df6db2,6016f583-06f1-420f-904e-7fbffe7e2f39,{},"{""disease"":""Skin Rash (Kushtha)"",""dosha"":""Pitta"",""prakriti"":""Pitta"",""season"":""Grishma""}",positive,Good improvement noted after 2 weeks.,False,2026-07-03T11:05:33.265506
a290d2b0-f528-496e-90f1-ce2428cc5a15,f2b03105-b124-49bd-ab07-249f0413e859,783c82a5-90eb-404e-ac58-ae9f5a7f28eb,{},"{""disease"":""Skin Rash (Kushtha)"",""dosha"":""Pitta"",""prakriti"":""Pitta"",""season"":""Grishma""}",positive,,False,2026-07-03T11:05:33.265506
62a7ef17-95f8-41fe-bdb3-8e0afcec4281,4416e4b2-eeea-4b9f-98d0-0d23f89fcc80,23d91ce1-4e0d-4bc7-980f-382193c7a963,{},"{""disease"":""Dehydration (Trishna)"",""dosha"":""Pitta"",""prakriti"":""Pitta"",""season"":""Grishma""}",negative,Good improvement noted after 2 weeks.,False,2026-07-03T11:05:33.265506
8c0b2007-8806-498f-b2e9-d5a48fd5901d,81a9595e-f9fa-4798-b57a-6411305979d7,c82b9ad7-5991-4526-b7cd-28f0df8c875a,{},"{""disease"":""Acidity (Amlapitta)"",""dosha"":""Pitta"",""prakriti"":""Pitta"",""season"":""Grishma""}",negative,Requires follow-up after 1 month.,False,2026-07-03T11:05:33.265506
a04a48ae-fb92-485c-8c07-c1e1a88c121a,fddd652b-0e02-426b-bb0d-2a92f9a6f39d,e2d5a451-486f-4920-8abc-028dfc036794,{},"{""disease"":""Dehydration (Trishna)"",""dosha"":""Pitta"",""prakriti"":""Pitta"",""season"":""Grishma""}",positive,Excellent recovery.,False,2026-07-03T11:05:33.265506
09ee36d9-0b4a-48c9-83f6-271c8b86ea45,da107e8b-0fce-4d30-acb4-2d9b6cc0d44c,d234171b-06f6-48cd-bc54-21b53a7dc369,{},"{""disease"":""Skin Rash (Kushtha)"",""dosha"":""Pitta"",""prakriti"":""Pitta"",""season"":""Grishma""}",positive,Good improvement noted after 2 weeks.,False,2026-07-03T11:05:33.265506
269887ba-34cf-4af2-b18a-1060891f294f,799bcd34-abdd-40f8-9548-c62076b40398,873f11a7-4430-48db-8d32-e470b6ee85d4,{},"{""disease"":""Dehydration (Trishna)"",""dosha"":""Pitta"",""prakriti"":""Pitta"",""season"":""Grishma""}",positive,,False,2026-07-03T11:05:33.265506
a9fa9642-4e8b-4d9d-8ccf-839b3947a948,052cfeae-2d1b-48d0-8c23-06c701cd0a0d,95825c41-560c-4d46-bf74-1e7e9981fc09,{},"{""disease"":""Heat Stroke (Ushna Jwar)"",""dosha"":""Pitta"",""prakriti"":""Pitta"",""season"":""Grishma""}",positive,Good improvement noted after 2 weeks.,False,2026-07-03T11:05:33.265506
3bf5eb1d-d631-4c8c-8d58-b8509cff9c89,b70b6866-fc93-49b0-82ff-5829d7478c5e,9f42f2d7-86fd-460d-be0b-22b3cb8ba305,{},"{""disease"":""Migraine (Ardhavabhedaka)"",""dosha"":""Pitta"",""prakriti"":""Pitta"",""season"":""Grishma""}",negative,Patient responded well to treatment.,False,2026-07-03T11:05:33.265506
45e9065d-8300-4088-8cc2-b2b1516de590,3793ac91-3818-48db-914a-3e766d6aca47,c5749819-d6df-468f-a293-4cf9a63d2855,{},"{""disease"":""Migraine (Ardhavabhedaka)"",""dosha"":""Pitta"",""prakriti"":""Pitta"",""season"":""Grishma""}",positive,Patient responded well to treatment.,False,2026-07-03T11:05:33.265506
fe020cca-a5e2-4e05-a1b9-a2ed3df15001,db0de662-dbfb-4d5c-82a8-4c023a91c8a4,0a4465fd-66be-4b6d-94ab-530b9890ac95,{},"{""disease"":""Heat Stroke (Ushna Jwar)"",""dosha"":""Pitta"",""prakriti"":""Pitta"",""season"":""Grishma""}",positive,"Minimal response, dosage adjusted.",False,2026-07-03T11:05:33.265506
ad58e571-027d-473e-aef7-8e4d21039fe1,b24372cb-0bf9-463e-b70e-5cb1c24a300e,2e9cc49a-1430-47d9-a048-fc9aa66aef1f,{},"{""disease"":""Migraine (Ardhavabhedaka)"",""dosha"":""Pitta"",""prakriti"":""Pitta"",""season"":""Grishma""}",negative,Good improvement noted after 2 weeks.,False,2026-07-03T11:05:33.265506
2a3316e9-fe66-4bed-ab29-dbe2380b201d,ae306701-4121-4429-9755-8aa83694a025,f6ccc685-0a62-4705-839c-b84179b3d576,{},"{""disease"":""Heat Stroke (Ushna Jwar)"",""dosha"":""Pitta"",""prakriti"":""Pitta"",""season"":""Grishma""}",positive,Requires follow-up after 1 month.,False,2026-07-03T11:05:33.265506
28ee5de0-aea9-48bf-94bc-6bbc85ccf0fb,2cc5a09b-75f3-42dd-a323-981481ada4e4,04da88c4-48fc-4aa2-b821-38cf05a5d810,{},"{""disease"":""Urinary Disorder (Mutraghata)"",""dosha"":""Pitta"",""prakriti"":""Pitta"",""season"":""Grishma""}",negative,Requires follow-up after 1 month.,False,2026-07-03T11:05:33.265506
0d61f7ff-0b3d-4d31-969d-d85618f0f62f,46bd71d5-b6ec-41ce-9c66-44ba18b33e6e,b0be2045-fd0f-4161-8f10-8d6d23746aa0,{},"{""disease"":""Acidity (Amlapitta)"",""dosha"":""Pitta"",""prakriti"":""Pitta"",""season"":""Grishma""}",negative,Excellent recovery.,False,2026-07-03T11:05:33.265506
35d014e1-7ad2-45d0-90a7-4eee978d9a92,9fd0404f-3a5b-47cd-8f23-7a38da6ec1e1,b6df9c8e-5f2b-4eb9-b0cb-ec1399d472a8,{},"{""disease"":""Skin Rash (Kushtha)"",""dosha"":""Pitta"",""prakriti"":""Pitta"",""season"":""Grishma""}",positive,Requires follow-up after 1 month.,False,2026-07-03T11:05:33.265506
91349e42-f764-4480-b834-4bb2e0268345,11bf2eac-aa7a-4ba7-bbce-d04555359cd7,e9534701-d783-4cf6-b1b9-27db94c30ecf,{},"{""disease"":""Migraine (Ardhavabhedaka)"",""dosha"":""Pitta"",""prakriti"":""Pitta"",""season"":""Grishma""}",positive,Excellent recovery.,False,2026-07-03T11:05:33.265506
8bb6be44-3d7e-4204-979d-0421bf1a25d4,4509f805-7e61-4658-9f69-2b3d8206ae47,8dea4ab7-5ebc-4d7b-a188-c0718dbe6c2e,{},"{""disease"":""Skin Rash (Kushtha)"",""dosha"":""Pitta"",""prakriti"":""Pitta"",""season"":""Grishma""}",positive,Good improvement noted after 2 weeks.,False,2026-07-03T11:05:33.265506
c377a51c-f8f7-407f-bbde-e45ab874d6f5,6e790b3b-331d-4e1f-9a80-897f720c0cd0,92c1a8f1-e2dd-4b69-9df2-ca3b66e729bc,{},"{""disease"":""Migraine (Ardhavabhedaka)"",""dosha"":""Pitta"",""prakriti"":""Pitta"",""season"":""Grishma""}",positive,Patient responded well to treatment.,False,2026-07-03T11:05:33.265506
7151d734-1c94-4847-9650-5b8ef3859c92,ef288a4a-96e6-4c3e-94f5-96bc406e0134,480e512f-16f8-42cf-bcf0-26368e5a6857,{},"{""disease"":""Skin Rash (Kushtha)"",""dosha"":""Pitta"",""prakriti"":""Pitta"",""season"":""Grishma""}",negative,Good improvement noted after 2 weeks.,False,2026-07-03T11:05:33.265506
f11d233f-4d3a-4468-9281-fdd5d2beb8b7,4e6f468d-6358-4376-aa1c-a68066dbebb8,28789f0a-e044-4431-b4f3-2c27836c8531,{},"{""disease"":""Skin Rash (Kushtha)"",""dosha"":""Pitta"",""prakriti"":""Pitta"",""season"":""Grishma""}",negative,Good improvement noted after 2 weeks.,False,2026-07-03T11:05:33.265506
fcd29817-a724-477a-be60-842e1136ca2d,6d24b306-4259-41cd-ade2-c841be7f108b,5d3d11ea-6fd6-4d49-86c4-fac46bc59a69,{},"{""disease"":""Dehydration (Trishna)"",""dosha"":""Pitta"",""prakriti"":""Pitta"",""season"":""Grishma""}",positive,Requires follow-up after 1 month.,False,2026-07-03T11:05:33.265506
c4deeb28-9b48-4060-be6f-88e54252cd6d,f7735153-ebdb-4a60-8d5c-ca03e17ec055,44b67862-0622-4753-86a6-bb8b836b57f9,{},"{""disease"":""Urinary Disorder (Mutraghata)"",""dosha"":""Pitta"",""prakriti"":""Pitta"",""season"":""Grishma""}",positive,Good improvement noted after 2 weeks.,False,2026-07-03T11:05:33.265506
34500de5-6fe6-42a3-8399-d15fd13f75bf,b70b6866-fc93-49b0-82ff-5829d7478c5e,b409e7cc-e356-41fe-827a-16823bf7a60b,{},"{""disease"":""Skin Rash (Kushtha)"",""dosha"":""Pitta"",""prakriti"":""Pitta"",""season"":""Grishma""}",positive,Good improvement noted after 2 weeks.,False,2026-07-03T11:05:33.265506
4b6978a4-13e8-463c-a1f0-4fbf4e0e4682,1e7e45e5-0133-4392-a3e7-a694d154a73b,6d40ed2e-7da7-4397-a7ef-26ba6b48ecc4,{},"{""disease"":""Urinary Disorder (Mutraghata)"",""dosha"":""Pitta"",""prakriti"":""Pitta"",""season"":""Grishma""}",positive,Patient responded well to treatment.,False,2026-07-03T11:05:33.265506
06050e7e-1029-4ca2-af3b-f54050517b12,3b7c7c29-638b-4ef4-a322-c0b42d0d89cf,df2630bd-3244-4143-81b0-bf7a0adb8bea,{},"{""disease"":""Dehydration (Trishna)"",""dosha"":""Pitta"",""prakriti"":""Pitta"",""season"":""Grishma""}",negative,,False,2026-07-03T11:05:33.265506
0c1af56b-dd06-4dc0-b51b-335b656b9366,98321cdc-abcd-42c7-9f17-b906cbfb79f8,375ae142-9075-466e-b890-82b44d9c189e,{},"{""disease"":""Skin Rash (Kushtha)"",""dosha"":""Pitta"",""prakriti"":""Pitta"",""season"":""Grishma""}",negative,,False,2026-07-03T11:05:33.265506
f12c00d1-ddcb-43cb-b657-2b95556e2be0,dd6e8020-d86b-4d96-bd46-95f11d7b4265,9da040c6-ab9f-4ca0-8fc7-40c24c5f5e33,{},"{""disease"":""Skin Rash (Kushtha)"",""dosha"":""Pitta"",""prakriti"":""Pitta"",""season"":""Grishma""}",negative,Good improvement noted after 2 weeks.,False,2026-07-03T11:05:33.265506
d818a64b-8c4c-488e-a1af-0db6da77b408,6e61c4d6-37e1-48eb-b390-4e989d4a5a91,e7bf82ac-e32c-4839-a102-57c218b101c9,{},"{""disease"":""Acidity (Amlapitta)"",""dosha"":""Pitta"",""prakriti"":""Pitta"",""season"":""Grishma""}",positive,"Minimal response, dosage adjusted.",False,2026-07-03T11:05:33.265506
13c0eb8a-c12c-4a72-8e06-033f62624a97,f6b7380f-2a17-403a-ba0e-4fd6d89f8a89,6586e859-c3ca-4904-9c6b-2f9cb33da97d,{},"{""disease"":""Pharyngitis (Galashotha)"",""dosha"":""Kapha"",""prakriti"":""Kapha"",""season"":""Grishma""}",negative,Patient responded well to treatment.,False,2026-07-03T11:05:33.265506
4835d07e-c29c-42eb-baab-31cde3ea1bbc,4fb9fb01-2835-4f9b-ad64-f9f690562be8,b09316f6-3731-4d36-b136-d03ac25439bc,{},"{""disease"":""Hyperlipidemia (Medo Vriddhi)"",""dosha"":""Kapha"",""prakriti"":""Kapha"",""season"":""Grishma""}",negative,Requires follow-up after 1 month.,False,2026-07-03T11:05:33.265506
82ecd39a-df0b-45e9-8dae-601c1481f506,71ea6e60-7682-4ad2-bcdb-684c24439b95,16a6d246-4bb0-4a5f-b6c5-4d315471be84,{},"{""disease"":""Cystitis (Mutrakrichra)"",""dosha"":""Vata"",""prakriti"":""Vata"",""season"":""Grishma""}",negative,"Minimal response, dosage adjusted.",False,2026-07-03T11:05:33.265506
1bcfa1c0-29fd-4be8-9faf-21d4a2671088,b8c2f23f-7205-4ce2-b408-163f542bd7b2,96565209-4a0d-4119-ac7b-1ef63536e319,{},"{""disease"":""Eczema (Vicharchika)"",""dosha"":""Pitta"",""prakriti"":""Pitta"",""season"":""Grishma""}",positive,Requires follow-up after 1 month.,False,2026-07-03T11:05:33.265506
c3c20088-413e-4cd0-b351-1b3c3855d2a5,e2e19b7c-867f-43b6-9141-af8b63dab285,34dab4cc-5b72-4d19-b497-8073d606cf52,{},"{""disease"":""Amebiasis (Pittaja Atisara)"",""dosha"":""Pitta-Kapha"",""prakriti"":""Pitta"",""season"":""Grishma""}",negative,Good improvement noted after 2 weeks.,False,2026-07-03T11:05:33.265506
6551b79b-d511-4ad5-9d56-ad8be48e7729,067ebc07-3cac-4907-8604-747cc35f720f,a6b4ea0f-2b38-4ec0-a6fe-0fcdc7261633,{},"{""disease"":""Menstrual Disorder (Artava Dushti)"",""dosha"":""Vata-Pitta"",""prakriti"":""Vata"",""season"":""Grishma""}",positive,,False,2026-07-03T11:05:33.265506
714d7d05-79e4-4d64-adc3-cbdc1f74f5ff,01d1fa93-bd3f-44b0-b8a1-81b87e0e7564,030c914e-a341-4ed9-843d-cc9e6126821a,{},"{""disease"":""Sinusitis (Apinasa)"",""dosha"":""Vata-Kapha"",""prakriti"":""Kapha"",""season"":""Grishma""}",positive,"Minimal response, dosage adjusted.",False,2026-07-03T11:05:33.265506
acfd66cc-6701-461d-842a-49ac89a21725,afd4dacb-cf1f-4aff-bae3-79b29d3c1d07,e70a8097-ee51-4601-b442-c00592a87c33,{},"{""disease"":""Conjunctivitis (Netra Abhishyanda)"",""dosha"":""Pitta"",""prakriti"":""Pitta"",""season"":""Grishma""}",positive,Good improvement noted after 2 weeks.,False,2026-07-03T11:05:33.265506
ccce9d4f-bb14-40e6-be19-67c612d51514,c92e0fc7-3198-4532-b141-b1bbc2e34a9a,8c61a848-2c53-4e4a-9c1e-9e02f20ea324,{},"{""disease"":""Vertigo (Bhrama)"",""dosha"":""Vata-Pitta"",""prakriti"":""Vata"",""season"":""Grishma""}",negative,Excellent recovery.,False,2026-07-03T11:05:33.265506
22dcfa80-d8c6-46bf-add7-2faf2f5f9bf1,406c7e48-9304-446f-b8e1-725230853684,d9460033-5ec8-4438-9892-5e6a58b84f64,{},"{""disease"":""Menstrual Disorder (Artava Dushti)"",""dosha"":""Vata-Pitta"",""prakriti"":""Vata"",""season"":""Grishma""}",positive,,False,2026-07-03T11:05:33.265506
46d787f0-3569-4085-b8e5-feb93543a67e,0607d575-d9a3-421c-aa70-86cbfe8b59f4,1d15d3cc-285c-4950-b4dd-8a9ad2bb6983,{},"{""disease"":""Osteoporosis (Asthi Kshaya)"",""dosha"":""Vata"",""prakriti"":""Vata"",""season"":""Grishma""}",positive,Excellent recovery.,False,2026-07-03T11:05:33.265506
df29ff80-188c-4a9f-8bc8-8e58e8ff7892,e6a2e7dd-0b14-4a98-ae59-996686f54bcd,a5d225c9-c241-414a-8952-49c2d91504ea,{},"{""disease"":""Pharyngitis (Galashotha)"",""dosha"":""Kapha"",""prakriti"":""Kapha"",""season"":""Grishma""}",positive,Good improvement noted after 2 weeks.,False,2026-07-03T11:05:33.265506
5d44b3f9-bf69-4fcb-ba4f-f1c5631d3df5,20331df7-0754-45ff-80e8-a441eef41dc7,95e0da33-568c-47e5-a652-4405a563d9d2,{},"{""disease"":""Chikungunya (Sandhi Jwara)"",""dosha"":""Vata-Pitta"",""prakriti"":""Pitta"",""season"":""Grishma""}",negative,"Minimal response, dosage adjusted.",False,2026-07-03T11:05:33.265506
4c4db2df-ad61-4d8a-a254-3fccc5582060,83dacb16-5e0b-4d52-8df6-19f9ab44dcde,018a4815-5dde-4fe4-8bd5-fb3be4751818,{},"{""disease"":""Heart Disease (Hridroga)"",""dosha"":""Vata-Pitta"",""prakriti"":""Vata"",""season"":""Grishma""}",positive,Patient responded well to treatment.,False,2026-07-03T11:05:33.265506
9bfc019e-e820-4415-9554-653fa9011b88,e1cee793-006f-47b4-9577-96447819dc3b,150ca04e-4482-413f-b053-35ff14a1101e,{},"{""disease"":""Mumps (Karnamoola Shotha)"",""dosha"":""Kapha"",""prakriti"":""Kapha"",""season"":""Grishma""}",positive,"Minimal response, dosage adjusted.",False,2026-07-03T11:05:33.265506
51a12639-31a0-4667-b982-4fa6849f8821,ea941aad-c397-4656-bd2d-d1e4ca74eec0,ce8a7230-96e3-4661-8c71-77b743b15eff,{},"{""disease"":""Gout (Vatarakta)"",""dosha"":""Vata-Pitta"",""prakriti"":""Pitta"",""season"":""Grishma""}",positive,Excellent recovery.,False,2026-07-03T11:05:33.265506
eabb12c5-2e19-47e3-993f-fc2b5839b4db,1a17d497-cd2e-42e9-b5b5-22873db11016,32504d19-8a0d-47d5-8de5-05894d65846c,{},"{""disease"":""Angina (Hrit Shoola)"",""dosha"":""Vata-Kapha"",""prakriti"":""Vata"",""season"":""Grishma""}",positive,Good improvement noted after 2 weeks.,False,2026-07-03T11:05:33.265506
f096c4c5-18b6-43ed-9b35-8c0cec294a9a,1888f6f7-5d27-4a5a-9f07-399bf5c9b2ed,f4ad3363-1457-4cf8-9055-9a5276532099,{},"{""disease"":""Peptic Ulcer (Parinama Shoola)"",""dosha"":""Pitta"",""prakriti"":""Pitta"",""season"":""Grishma""}",positive,"Minimal response, dosage adjusted.",False,2026-07-03T11:05:33.265506
cba96465-1690-4745-ad57-bd419cc49832,9794940b-e5ef-4b76-b611-e0a5df9ef8ec,997c45d3-780a-4aeb-9be1-86f83c20d3a8,{},"{""disease"":""Eczema (Vicharchika)"",""dosha"":""Pitta"",""prakriti"":""Pitta"",""season"":""Grishma""}",positive,,False,2026-07-03T11:05:33.265506
f69b6b20-117a-4f34-b4da-96cf35eeec8e,9027b642-6669-4e5d-9de9-6197e231bf03,26a44753-2da0-4bc8-b402-800e0216f778,{},"{""disease"":""Sinusitis (Apinasa)"",""dosha"":""Vata-Kapha"",""prakriti"":""Kapha"",""season"":""Grishma""}",negative,Excellent recovery.,False,2026-07-03T11:05:33.265506
1abb6841-a25c-4d16-813f-0327cc589f83,b090dcec-dc65-48cd-8bb3-e10ba922eed2,90cd6e33-3f0c-4be5-9624-0316176cbf6a,{},"{""disease"":""Stress (Manasika Tanava)"",""dosha"":""Vata"",""prakriti"":""Vata"",""season"":""Grishma""}",positive,,False,2026-07-03T11:05:33.265506
1367cc99-fd97-405a-bb04-e739b9187f5c,4a13bf4f-03a9-451f-ae11-e54a099b2603,6d866c73-de14-457e-8d0f-93fd132bfa50,{},"{""disease"":""Hyperthyroidism (Atisweda)"",""dosha"":""Pitta"",""prakriti"":""Pitta"",""season"":""Grishma""}",positive,,False,2026-07-03T11:05:33.265506
9d39580c-a30c-4764-b7d8-dd231b6411e1,b9cc8b32-8d6f-49dc-ad9a-1c8db1abe0b7,e49725ff-7b62-4686-bc6b-c19c8b009f14,{},"{""disease"":""Vitiligo (Shwitra)"",""dosha"":""Pitta-Vata"",""prakriti"":""Pitta"",""season"":""Grishma""}",negative,"Minimal response, dosage adjusted.",False,2026-07-03T11:05:33.265506
8583f801-8237-43b0-a56b-f35e3d40966f,ef288a4a-96e6-4c3e-94f5-96bc406e0134,340828f7-d908-48bd-b98a-2e367e8b729e,{},"{""disease"":""Digestive Disorder (Vikara)"",""dosha"":""Pitta-Vata"",""prakriti"":""Pitta"",""season"":""Grishma""}",positive,Excellent recovery.,False,2026-07-03T11:05:33.265506
3f8ac735-0232-4d91-a1ac-71b791acde97,5814e1dc-d0e2-4f4d-98ca-44720ea1c7f5,236c3d72-a563-4334-84cb-0b6071ed1d75,{},"{""disease"":""Irritable Bowel Syndrome (Grahani)"",""dosha"":""Vata"",""prakriti"":""Vata"",""season"":""Grishma""}",negative,Excellent recovery.,False,2026-07-03T11:05:33.265506
0782768a-9126-46c9-9e7e-e163ad1ceadf,b16790cc-1c02-4203-b2c9-7bf3bbc6dce8,802df6b1-2173-44cc-9f25-2a71cf501405,{},"{""disease"":""Liver Disorder (Yakrit Vikara)"",""dosha"":""Pitta-Kapha"",""prakriti"":""Pitta"",""season"":""Grishma""}",negative,Requires follow-up after 1 month.,False,2026-07-03T11:05:33.265506
5d588ea0-1188-4093-87a2-bf47da7e427b,dc0c1a22-90ca-42f0-ab8a-39cfd955526f,1c8100e6-8812-4133-99f6-0f79107fc9ac,{},"{""disease"":""Eczema (Vicharchika)"",""dosha"":""Pitta"",""prakriti"":""Pitta"",""season"":""Grishma""}",positive,,False,2026-07-03T11:05:33.265506
de77cbf3-ef79-4c80-beec-a93f679c8fc2,f37e73f3-fb04-487c-ac16-cf2cb4242a12,f838e9e7-116d-491b-93a1-23cb1f7d78bb,{},"{""disease"":""Contact Dermatitis (Sparshaja Kushtha)"",""dosha"":""Pitta"",""prakriti"":""Pitta"",""season"":""Grishma""}",positive,Good improvement noted after 2 weeks.,False,2026-07-03T11:05:33.265506
317f222a-0500-4027-a764-ae7a514a62c8,f6e215b9-1922-4ac2-8985-9ef28012368d,4ebe9917-d92d-4ce2-ab28-44697394dc79,{},"{""disease"":""Typhoid (Antrika Jwara)"",""dosha"":""Pitta"",""prakriti"":""Pitta"",""season"":""Grishma""}",positive,Excellent recovery.,False,2026-07-03T11:05:33.265506
a6427534-43ca-4b8e-8a1a-a66bd53e2ab3,4563d3b6-d896-46ac-a1ca-dee38c51265f,d1908305-3377-4a7b-9959-37d4568aa907,{},"{""disease"":""Piles - Anal Fissure (Parikartika)"",""dosha"":""Vata"",""prakriti"":""Vata"",""season"":""Grishma""}",negative,,False,2026-07-03T11:05:33.265506
14c44df9-09d7-4777-ac36-529ae618997c,fc545c3c-e005-4c08-a38d-0bf097af1e84,a4144845-0184-4adc-b292-e37f49599dae,{},"{""disease"":""Worm Infection (Krimi Roga)"",""dosha"":""Vata"",""prakriti"":""Vata"",""season"":""Grishma""}",positive,Good improvement noted after 2 weeks.,False,2026-07-03T11:05:33.265506
8d1bb0bf-3da4-46ca-8c08-8ff338b88392,96cd86af-a011-409e-8853-55cf183fc03d,329d944e-8140-4117-b407-2c6c9a916294,{},"{""disease"":""Cystitis (Mutrakrichra)"",""dosha"":""Vata"",""prakriti"":""Vata"",""season"":""Grishma""}",positive,Excellent recovery.,False,2026-07-03T11:05:33.265506
1ade2fcf-dcbd-4145-9797-18265cc42ed4,521855db-c8fe-4aa5-a827-6e6a639330c2,8adec90b-1b2b-492d-a019-574e1ddd9de9,{},"{""disease"":""Peptic Ulcer (Parinama Shoola)"",""dosha"":""Pitta"",""prakriti"":""Pitta"",""season"":""Grishma""}",negative,Excellent recovery.,False,2026-07-03T11:05:33.265506
ff929325-be46-4257-ae74-ed30b6c8a19e,2aad5ba1-33ce-4964-9501-64fc36235b5f,4f2a0ae2-8cce-4fcb-9153-168daf711daf,{},"{""disease"":""Stress (Manasika Tanava)"",""dosha"":""Vata"",""prakriti"":""Vata"",""season"":""Grishma""}",positive,"Minimal response, dosage adjusted.",False,2026-07-03T11:05:33.265506
ea11e391-437b-4679-886d-af2805ed195c,c3034117-47a1-4672-83d5-7060a68f63f2,4dad7e2a-de99-4f43-a567-288481f3647d,{},"{""disease"":""Acne (Yuvana Pidika)"",""dosha"":""Pitta-Kapha"",""prakriti"":""Pitta"",""season"":""Grishma""}",positive,Requires follow-up after 1 month.,False,2026-07-03T11:05:33.265506
fd87ebcf-a8bc-4e7a-af01-e8e53572968b,fcb3555b-2d3e-4781-b8b7-3e79aa9bac48,a030c4b8-90f0-4352-9897-09a028d63670,{},"{""disease"":""Fatty Liver (Yakrit Meda Vriddhi)"",""dosha"":""Kapha-Pitta"",""prakriti"":""Kapha"",""season"":""Grishma""}",positive,,False,2026-07-03T11:05:33.265506
78fe8319-70ea-4254-8db3-5823d0eaa856,0bf61ee8-167a-4e36-be1d-fb01c6def3b6,ebf15053-c2e6-4255-80aa-7e680a11db3c,{},"{""disease"":""Prostate Enlargement (Vriddhi)"",""dosha"":""Vata"",""prakriti"":""Vata"",""season"":""Grishma""}",positive,Requires follow-up after 1 month.,False,2026-07-03T11:05:33.265506
490d4d2e-a83b-474c-8fc4-53cb301ec335,023dc9bc-0a47-4053-80d0-34c0fc765d8e,2b0c7de8-4baf-4a8b-b4e2-8757d66aeb38,{},"{""disease"":""Varicose Veins (Sira Granthi)"",""dosha"":""Vata"",""prakriti"":""Vata"",""season"":""Grishma""}",positive,Requires follow-up after 1 month.,False,2026-07-03T11:05:33.265506
2e67cc35-d6f0-477e-9a48-2f33fe814530,3c074679-e282-4ed6-9283-aaab4cc4cc30,cec894a9-ee26-4505-a187-7d6af095c124,{},"{""disease"":""Sciatica (Gridhrasi)"",""dosha"":""Vata"",""prakriti"":""Vata"",""season"":""Grishma""}",positive,Patient responded well to treatment.,False,2026-07-03T11:05:33.265506
2baa9c1f-a26a-47f9-946d-edb71e37ce0b,5dedd30d-4536-42d5-b657-352f2ab2ec79,d3101a7f-9d4f-4c44-83ed-4b528eeb7140,{},"{""disease"":""Gout (Vatarakta)"",""dosha"":""Vata-Pitta"",""prakriti"":""Pitta"",""season"":""Grishma""}",positive,Good improvement noted after 2 weeks.,False,2026-07-03T11:05:33.265506
8afc268a-9249-46b0-820d-bad93e40bd30,ed68d180-35ef-42c4-9fb5-95ca08981a13,8e5b3b75-423d-4dea-9793-7a42af29d755,{},"{""disease"":""Anemia (Pandu Roga)"",""dosha"":""Pitta"",""prakriti"":""Pitta"",""season"":""Grishma""}",positive,Excellent recovery.,False,2026-07-03T11:05:33.265506
3b6b103b-8acc-4c73-a380-0bca1b8e7cdc,ecc67b78-7069-4509-8a49-77213e4d7b60,533398e4-8cd4-4fe6-9514-434b9f5298a6,{},"{""disease"":""Tonsillitis (Tundikeri)"",""dosha"":""Kapha-Pitta"",""prakriti"":""Kapha"",""season"":""Grishma""}",negative,,False,2026-07-03T11:05:33.265506
030c0a30-a86f-4869-9ff6-383b78bfcec9,f11f882e-26dd-41e5-87c1-1afec3409011,ba2027ed-6fdf-427b-82a1-7820c604783f,{},"{""disease"":""Depression (Vishada)"",""dosha"":""Vata-Pitta"",""prakriti"":""Vata"",""season"":""Grishma""}",positive,,False,2026-07-03T11:05:33.265506
0800dd6f-fd7e-49dc-856e-bfeb54ab1046,9a72e043-3f74-4f90-a110-a5800b9b8323,35b8e3f8-1bce-4280-b86b-6edd0e0a00dc,{},"{""disease"":""Contact Dermatitis (Sparshaja Kushtha)"",""dosha"":""Pitta"",""prakriti"":""Pitta"",""season"":""Grishma""}",positive,Excellent recovery.,False,2026-07-03T11:05:33.265506
3bfdb949-86b2-4bcb-98eb-06e88c9f1f53,4416e4b2-eeea-4b9f-98d0-0d23f89fcc80,5726ae3b-3c18-4a17-b86f-8ebe31e4c09d,{},"{""disease"":""Warts (Charmakeela)"",""dosha"":""Kapha"",""prakriti"":""Kapha"",""season"":""Grishma""}",positive,"Minimal response, dosage adjusted.",False,2026-07-03T11:05:33.265506
39123c4d-5ad3-47e8-bcb2-3be18e935e1c,5814e1dc-d0e2-4f4d-98ca-44720ea1c7f5,fc0cdf96-118b-4ad6-92fc-c922fecc6df9,{},"{""disease"":""Acne (Yuvana Pidika)"",""dosha"":""Pitta-Kapha"",""prakriti"":""Pitta"",""season"":""Grishma""}",positive,,False,2026-07-03T11:05:33.265506
79399960-50a9-46d5-bba9-ba7a7a2cede3,5c81d240-7588-4bdd-aefe-8662ce026c82,f28c8607-f6f0-48db-a2b7-601051b0b839,{},"{""disease"":""Vitiligo (Shwitra)"",""dosha"":""Pitta-Vata"",""prakriti"":""Pitta"",""season"":""Grishma""}",positive,Requires follow-up after 1 month.,False,2026-07-03T11:05:33.265506
11839cc1-bf61-4691-a09b-0a6d3e68e533,fb675350-88ef-4f41-b8b6-8b5e4f63d995,f7f421c6-d34d-409c-a21c-9e3f9c61bc5f,{},"{""disease"":""Filariasis (Shlipada)"",""dosha"":""Kapha-Pitta"",""prakriti"":""Kapha"",""season"":""Grishma""}",positive,Excellent recovery.,False,2026-07-03T11:05:33.265506
4ba692cb-ad9b-4d62-92f0-258a14e7e2b6,fe89faac-b42c-4ef1-beca-7f35770db8d2,990ab7af-058d-48e3-b5f1-78015ae04a64,{},"{""disease"":""Stress (Manasika Tanava)"",""dosha"":""Vata"",""prakriti"":""Vata"",""season"":""Grishma""}",positive,,False,2026-07-03T11:05:33.265506
83f1162c-8289-4377-8ea7-fb62d33f7c8a,dffadd63-56d7-4407-90bb-64b12273bfe7,06327f8e-acaf-41fb-b61a-3cfc857a8032,{},"{""disease"":""Irritable Bowel Syndrome (Grahani)"",""dosha"":""Vata"",""prakriti"":""Vata"",""season"":""Grishma""}",negative,"Minimal response, dosage adjusted.",False,2026-07-03T11:05:33.265506
71fab45b-c89d-48f2-81ee-2a552640dab9,5d88a728-570d-4b0f-a63b-28efe8390b13,83531cea-2055-447e-b503-5380e8933449,{},"{""disease"":""Insomnia (Anidra)"",""dosha"":""Vata"",""prakriti"":""Vata-Pitta"",""season"":""Grishma""}",negative,Good improvement noted after 2 weeks.,False,2026-07-03T11:05:33.265506
99e4f783-1a83-4ff5-9373-1e31a363c225,96f3965f-35b1-41f4-9439-58c245660cec,5c46c9c9-a2bb-45d7-a700-5f878127819b,{},"{""disease"":""Fever (Jwara)"",""dosha"":""Pitta"",""prakriti"":""Pitta"",""season"":""Grishma""}",positive,Requires follow-up after 1 month.,False,2026-07-03T11:05:33.265506
d3715024-a6df-4308-a391-0f9a24913756,01c540cd-b592-42bd-afc3-b9ec164ec439,34809825-cfac-43d7-bc9a-a5b2686c4e54,{},"{""disease"":""Acidity (Amlapitta)"",""dosha"":""Pitta"",""prakriti"":""Pitta"",""season"":""Grishma""}",positive,Excellent recovery.,False,2026-07-03T11:05:33.265506
9bd14d5a-5f4c-43bb-b279-364e52808360,d1922d18-a85a-4413-8f30-0a1e25b7dfb3,b272772b-da32-447c-915b-1a80d179c00e,{},"{""disease"":""Heat Stroke (Ushna Jwar)"",""dosha"":""Pitta"",""prakriti"":""Pitta"",""season"":""Grishma""}",negative,"Minimal response, dosage adjusted.",False,2026-07-03T11:05:33.265506
40fda3b3-cb44-4243-a6c6-125afa676e3d,f657c739-f37b-4e5d-9112-57df9d98b558,4efa9acd-1661-4ec2-9022-359ac7f66ef5,{},"{""disease"":""Heat Stroke (Ushna Jwar)"",""dosha"":""Pitta"",""prakriti"":""Pitta"",""season"":""Grishma""}",positive,Good improvement noted after 2 weeks.,False,2026-07-03T11:05:33.265506
110fe750-235c-46a7-ba63-4357e97f60d5,b123549f-3956-4693-9d04-dc2564515eb5,da14bf02-b7ae-410b-839d-9de5dd0bb899,{},"{""disease"":""Diarrhea (Atisara)"",""dosha"":""Pitta"",""prakriti"":""Pitta"",""season"":""Grishma""}",positive,"Minimal response, dosage adjusted.",False,2026-07-03T11:05:33.265506
6200dca6-acd8-43f7-8823-b7c23ef1b375,ec2a5f5a-8f75-4def-819b-26cb5a3fe120,7361ba5b-e20e-45ac-93b9-9ecd75296e99,{},"{""disease"":""Skin Rash (Kushtha)"",""dosha"":""Pitta"",""prakriti"":""Pitta"",""season"":""Grishma""}",positive,Patient responded well to treatment.,False,2026-07-03T11:05:33.265506
958a747e-8c19-4e90-9420-95baa36ba787,406c7e48-9304-446f-b8e1-725230853684,273b6694-8e9f-427d-82cc-0591001e4033,{},"{""disease"":""Heat Stroke (Ushna Jwar)"",""dosha"":""Pitta"",""prakriti"":""Pitta"",""season"":""Grishma""}",positive,Patient responded well to treatment.,False,2026-07-03T11:05:33.265506
43e7809b-79e3-4dc1-a13f-214d23cd5eea,fbd6a056-a2ca-4b7e-bf5e-fba558452aa6,62d2eb6e-03e2-46d8-8322-3841fbfa78c2,{},"{""disease"":""Fever (Jwara)"",""dosha"":""Pitta"",""prakriti"":""Pitta"",""season"":""Grishma""}",positive,,False,2026-07-03T11:05:33.265506
382aa557-84b5-4aed-a1fb-5fbf81a2afcb,62a75794-ed38-4386-8e83-009037cf786a,a857e3d2-c489-4878-b08d-cf7f02dbf727,{},"{""disease"":""Diarrhea (Atisara)"",""dosha"":""Pitta"",""prakriti"":""Pitta"",""season"":""Grishma""}",positive,Good improvement noted after 2 weeks.,False,2026-07-03T11:05:33.265506
8e43c393-9b54-436e-befe-59cb2a62c1a7,3ee264d2-3372-43d3-9076-31f07e760024,6d7ee404-86cf-4206-a4f5-d8d829e9790e,{},"{""disease"":""Acidity (Amlapitta)"",""dosha"":""Pitta"",""prakriti"":""Pitta"",""season"":""Grishma""}",positive,Good improvement noted after 2 weeks.,False,2026-07-03T11:05:33.265506
76d89506-aa48-4715-984d-1509e5e3ac37,9a46f8cd-671d-4353-b092-2ace8727fcee,b46cc258-78c4-47f7-b174-dc353a65efe9,{},"{""disease"":""Skin Rash (Kushtha)"",""dosha"":""Pitta"",""prakriti"":""Pitta"",""season"":""Grishma""}",positive,Excellent recovery.,False,2026-07-03T11:05:33.265506
35d10b0b-4c61-43ae-827d-a7d1f6c2659d,f2b03105-b124-49bd-ab07-249f0413e859,88eefdc6-2bde-43d0-ab71-b30d2f8e2f9f,{},"{""disease"":""Heat Stroke (Ushna Jwar)"",""dosha"":""Pitta"",""prakriti"":""Pitta"",""season"":""Grishma""}",positive,Excellent recovery.,False,2026-07-03T11:05:33.265506
8813e10d-556c-40c1-9b5e-f6f4355cc82e,4122ef2e-ea21-4bdb-9f2b-d37d74748dde,7a820de3-0927-4348-8335-0bb68a0a60bc,{},"{""disease"":""Insomnia (Anidra)"",""dosha"":""Vata"",""prakriti"":""Vata-Pitta"",""season"":""Grishma""}",negative,"Minimal response, dosage adjusted.",False,2026-07-03T11:05:33.265506
b1b8a18e-df1b-4fd2-9bf6-547aab005014,7cc5ac08-483b-4e54-8678-f323be76d462,66ff170e-6596-4151-ab62-c9f8b6f20d22,{},"{""disease"":""Skin Rash (Kushtha)"",""dosha"":""Pitta"",""prakriti"":""Pitta"",""season"":""Grishma""}",negative,Patient responded well to treatment.,False,2026-07-03T11:05:33.265506
d9b25e4f-c624-4e01-bb69-046617e9770d,a33b9ff8-c6cc-4297-97b5-523bd7de72c8,fe70ff92-e86b-43db-8ffa-b01807aa3c6f,{},"{""disease"":""Fever (Jwara)"",""dosha"":""Pitta"",""prakriti"":""Pitta"",""season"":""Grishma""}",positive,Patient responded well to treatment.,False,2026-07-03T11:05:33.265506
891961f7-4fee-479a-917b-753a66f125af,45b8dab4-ecc9-4ee6-a1af-37d2f01132a9,ffc6ba1e-8a9b-46f0-9e9e-52cbd913f577,{},"{""disease"":""Insomnia (Anidra)"",""dosha"":""Vata"",""prakriti"":""Vata-Pitta"",""season"":""Grishma""}",positive,,False,2026-07-03T11:05:33.265506
ff363488-cad8-4eb6-b999-7b98a4f31e65,1236d8c2-2a49-449b-a3e4-dd6ed2f707b7,d1dea16b-c255-4d5f-a64d-35cc9f9fc207,{},"{""disease"":""Fever (Jwara)"",""dosha"":""Pitta"",""prakriti"":""Pitta"",""season"":""Grishma""}",positive,Excellent recovery.,False,2026-07-03T11:05:33.265506
ee9e7439-5faa-4267-809d-05d671acb144,d334836d-f7e8-4a2c-8348-0d18e7793074,c612180e-313b-457a-bba8-895423f62468,{},"{""disease"":""Fever (Jwara)"",""dosha"":""Pitta"",""prakriti"":""Pitta"",""season"":""Grishma""}",positive,"Minimal response, dosage adjusted.",False,2026-07-03T11:05:33.265506
ab37b79d-b183-474a-b398-289cfb96a134,17aadfbf-c118-4eff-83ee-785fef98771a,62997e70-fab0-4b42-9efb-6cdbfa95f55c,{},"{""disease"":""Insomnia (Anidra)"",""dosha"":""Vata"",""prakriti"":""Vata-Pitta"",""season"":""Grishma""}",negative,"Minimal response, dosage adjusted.",False,2026-07-03T11:05:33.265506
e8c04e37-9ccb-49b2-aa8f-a2825a6de430,512ff615-7fc3-4c20-b3ab-ae3f16470b94,3aa643cd-222a-4a61-ae09-6276107b1228,{},"{""disease"":""Insomnia (Anidra)"",""dosha"":""Vata"",""prakriti"":""Vata-Pitta"",""season"":""Grishma""}",positive,Patient responded well to treatment.,False,2026-07-03T11:05:33.265506
397d35a6-af97-4810-9340-da4da287bb87,9b81443e-70c0-4787-8d5f-9f3ee7afc7e1,129db1d9-61e1-4133-9d80-a40782175bb8,{},"{""disease"":""Heat Stroke (Ushna Jwar)"",""dosha"":""Pitta"",""prakriti"":""Pitta"",""season"":""Grishma""}",positive,Patient responded well to treatment.,False,2026-07-03T11:05:33.265506
e8c38112-1689-4084-8cb8-3ee3120a4db1,ce00a5eb-eaa4-4054-92e5-eefb2944f120,7577dd40-9cad-41f0-b5f2-3a1b9c8f232f,{},"{""disease"":""Skin Rash (Kushtha)"",""dosha"":""Pitta"",""prakriti"":""Pitta"",""season"":""Grishma""}",negative,Good improvement noted after 2 weeks.,False,2026-07-03T11:05:33.265506
b517cd10-7768-4c2d-9f86-1936e76c183c,7db6583d-a3d4-463c-8ace-7f7985ee6ddb,4a55ecbd-4202-48d8-ade4-4d9425311ad6,{},"{""disease"":""Insomnia (Anidra)"",""dosha"":""Vata"",""prakriti"":""Vata-Pitta"",""season"":""Grishma""}",positive,Patient responded well to treatment.,False,2026-07-03T11:05:33.265506
93d6f7d8-82cf-4ca5-871e-1a624f1d6676,a265ce0b-ca57-415e-93d7-a18f14fc40d2,b324aca3-521e-4167-a31a-d91fa1e2abf5,{},"{""disease"":""Skin Rash (Kushtha)"",""dosha"":""Pitta"",""prakriti"":""Pitta"",""season"":""Grishma""}",positive,Patient responded well to treatment.,False,2026-07-03T11:05:33.265506
1965b8f3-77d0-460d-8d1a-80fb7ba4eb2c,b5a20d52-826a-404a-98f2-1c7cc74afc03,980eee0e-30db-4c13-a467-1dd7cca89bc7,{},"{""disease"":""Diarrhea (Atisara)"",""dosha"":""Pitta"",""prakriti"":""Pitta"",""season"":""Grishma""}",positive,Good improvement noted after 2 weeks.,False,2026-07-03T11:05:33.265506
b3d6eed6-f376-4cde-b0d5-af8359078014,da119ab8-32bc-41cf-9c9b-61fa5b244629,9e5e34e0-38c6-4366-ab53-d1d14573bca8,{},"{""disease"":""Skin Rash (Kushtha)"",""dosha"":""Pitta"",""prakriti"":""Pitta"",""season"":""Grishma""}",positive,"Minimal response, dosage adjusted.",False,2026-07-03T11:05:33.265506
0de9d31f-5c48-4937-988f-b0339c854658,da107e8b-0fce-4d30-acb4-2d9b6cc0d44c,76bd0b4e-6354-4d4b-8151-e236f45c6047,{},"{""disease"":""Heat Stroke (Ushna Jwar)"",""dosha"":""Pitta"",""prakriti"":""Pitta"",""season"":""Grishma""}",positive,,False,2026-07-03T11:05:33.265506
ea9f2850-ba5b-4a7a-a235-3e407a9a7f4f,66f4a610-56d9-4a36-819f-96ceb1ebe9d0,922ecec7-1159-4738-a75c-9afd86f82d77,{},"{""disease"":""Acidity (Amlapitta)"",""dosha"":""Pitta"",""prakriti"":""Pitta"",""season"":""Grishma""}",negative,"Minimal response, dosage adjusted.",False,2026-07-03T11:05:33.265506
6083dee8-4577-429c-898e-5c313a9ea3f7,4a13bf4f-03a9-451f-ae11-e54a099b2603,393bae4a-a274-4096-aabf-f24c99d9218d,{},"{""disease"":""Insomnia (Anidra)"",""dosha"":""Vata"",""prakriti"":""Vata-Pitta"",""season"":""Grishma""}",positive,"Minimal response, dosage adjusted.",False,2026-07-03T11:05:33.265506
8ee1a5a5-3591-43d3-8219-6585a72f2899,5d2a3a2d-a56d-4dd4-9fd6-13626df1bbec,efa94fc3-e4b0-4a8a-85b5-14031f444670,{},"{""disease"":""Diarrhea (Atisara)"",""dosha"":""Pitta"",""prakriti"":""Pitta"",""season"":""Grishma""}",negative,Requires follow-up after 1 month.,False,2026-07-03T11:05:33.265506
1c568f46-a740-4e50-a33e-f14369cf89d2,4653ebea-ed6a-4844-ada4-166a492e493f,46528bcc-a678-437c-8ffd-f5cfb8d99b7b,{},"{""disease"":""Acidity (Amlapitta)"",""dosha"":""Pitta"",""prakriti"":""Pitta"",""season"":""Grishma""}",positive,Excellent recovery.,False,2026-07-03T11:05:33.265506
98120706-b59f-4cbe-bfb9-373d23b28956,908db5ac-d49c-4b57-ba9f-7139d55bebd0,9064a09c-d8e0-4ca2-9a12-c24080152a7a,{},"{""disease"":""Insomnia (Anidra)"",""dosha"":""Vata"",""prakriti"":""Vata-Pitta"",""season"":""Grishma""}",positive,,False,2026-07-03T11:05:33.265506
f6a68eb1-bcf4-4724-94f1-8ef8b47ba600,81a48133-5ea2-4775-a92b-b173a78693b9,66b25017-d490-4b85-b832-2d4cfd406a52,{},"{""disease"":""Acidity (Amlapitta)"",""dosha"":""Pitta"",""prakriti"":""Pitta"",""season"":""Grishma""}",positive,Good improvement noted after 2 weeks.,False,2026-07-03T11:05:33.265506
0a9ca604-4d9f-4c87-9012-03530405e912,88541d32-5fcf-4d73-893f-b3a3d4b1b707,023f37bd-9027-4e11-a998-f3e6e5bae340,{},"{""disease"":""Fever (Jwara)"",""dosha"":""Pitta"",""prakriti"":""Pitta"",""season"":""Grishma""}",positive,Requires follow-up after 1 month.,False,2026-07-03T11:05:33.265506
aca73d12-c0b7-472f-b7a8-a7e02c745d45,25458f40-d1e1-4834-91f1-67b8acd5acf6,372d5f9b-fb9e-41f9-acad-4421176c0705,{},"{""disease"":""Diarrhea (Atisara)"",""dosha"":""Pitta"",""prakriti"":""Pitta"",""season"":""Grishma""}",negative,Requires follow-up after 1 month.,False,2026-07-03T11:05:33.265506
da35c213-0f94-4325-a8ce-93c0a8f64072,2d76ee07-67e2-4846-ac44-5d99079d88df,2299be99-0d98-4b77-97f0-952d98d0b1be,{},"{""disease"":""Skin Rash (Kushtha)"",""dosha"":""Pitta"",""prakriti"":""Pitta"",""season"":""Grishma""}",positive,Requires follow-up after 1 month.,False,2026-07-03T11:05:33.265506
819fedc4-8e37-4c60-8468-ecd7b1579641,4ebe7dd8-8503-47cb-9882-85dd218f2c2f,73eb0c7f-b449-4c3d-8d3e-11862a92ed5a,{},"{""disease"":""Fever (Jwara)"",""dosha"":""Pitta"",""prakriti"":""Pitta"",""season"":""Grishma""}",positive,"Minimal response, dosage adjusted.",False,2026-07-03T11:05:33.265506
5c2d1446-8dd0-4446-8176-1b0594bd4a47,256ca4a8-0cdf-4ad6-977e-4454c9605a71,dcb27a83-b240-4ef4-bf67-04347f6e66ff,{},"{""disease"":""Fever (Jwara)"",""dosha"":""Pitta"",""prakriti"":""Pitta"",""season"":""Grishma""}",negative,Patient responded well to treatment.,False,2026-07-03T11:05:33.265506
48056a7e-3912-42eb-9276-5658ef83cfa2,add4d8f3-f252-4574-b078-08dec70d47b3,bc274404-6777-476b-8806-521f9fa2026b,{},"{""disease"":""Acidity (Amlapitta)"",""dosha"":""Pitta"",""prakriti"":""Pitta"",""season"":""Grishma""}",positive,Good improvement noted after 2 weeks.,False,2026-07-03T11:05:33.265506
1a363b2b-a325-45b6-a403-c144aa853f53,50552609-3deb-4af5-ade4-4a67aef0ce2e,f2a7edf5-b8af-4f33-804d-e2b56c010ec3,{},"{""disease"":""Fever (Jwara)"",""dosha"":""Pitta"",""prakriti"":""Pitta"",""season"":""Grishma""}",positive,"Minimal response, dosage adjusted.",False,2026-07-03T11:05:33.265506
d21cb73e-4f75-4669-a257-7c20625cb84a,3f6f08a0-fd3c-4407-a86a-0d6b530ec7b3,7fb9886a-93eb-4281-904c-2ff8b61f24b3,{},"{""disease"":""Skin Rash (Kushtha)"",""dosha"":""Pitta"",""prakriti"":""Pitta"",""season"":""Grishma""}",positive,Patient responded well to treatment.,False,2026-07-03T11:05:33.265506
9dabbdd4-5221-4dc8-99f3-b4df6cc9db60,72e0e2e5-163e-471e-ace5-fbb417990dc5,9aac618b-3d37-4533-a025-205a061de696,{},"{""disease"":""Acidity (Amlapitta)"",""dosha"":""Pitta"",""prakriti"":""Pitta"",""season"":""Grishma""}",positive,Patient responded well to treatment.,False,2026-07-03T11:05:33.265506
dd20f67b-a515-4282-bd1e-e7ae441b727e,096ac027-c11d-48db-bd5c-a086d956f26c,35de7abd-79de-409b-bc21-55aba6f392a6,{},"{""disease"":""Heat Stroke (Ushna Jwar)"",""dosha"":""Pitta"",""prakriti"":""Pitta"",""season"":""Grishma""}",positive,Patient responded well to treatment.,False,2026-07-03T11:05:33.265506
2ed00527-bf4d-4be7-a945-3f2bbcf4222d,561498a7-3e94-47e1-96a6-42ee39b203ff,3adbc8dc-6d20-41df-b889-7d6bd95e96ce,{},"{""disease"":""Insomnia (Anidra)"",""dosha"":""Vata"",""prakriti"":""Vata-Pitta"",""season"":""Grishma""}",positive,Good improvement noted after 2 weeks.,False,2026-07-03T11:05:33.265506
7113ac52-537a-4238-abf9-01cbee337ac2,8c14d334-d0a4-4123-8899-f6849369b3b1,a763158a-c5b1-46af-b0cc-ffac08be18ce,{},"{""disease"":""Insomnia (Anidra)"",""dosha"":""Vata"",""prakriti"":""Vata-Pitta"",""season"":""Grishma""}",positive,Requires follow-up after 1 month.,False,2026-07-03T11:05:33.265506
9f782fe0-f900-4296-930b-58490b025346,af1b036f-15ce-4bee-90c9-6f5c85362c5e,cc6b5dbb-eb37-4246-a55e-a00fc9108ff9,{},"{""disease"":""Fever (Jwara)"",""dosha"":""Pitta"",""prakriti"":""Pitta"",""season"":""Grishma""}",negative,,False,2026-07-03T11:05:33.265506
8f399bcd-119e-4d23-b0e9-1c11ba5fe6eb,e8a1050b-c761-48ab-9b87-8a706f3b933f,13751f0a-1761-4f73-b2c8-81695caa9a6c,{},"{""disease"":""Skin Rash (Kushtha)"",""dosha"":""Pitta"",""prakriti"":""Pitta"",""season"":""Grishma""}",positive,Excellent recovery.,False,2026-07-03T11:05:33.265506
90749c66-f73d-48cc-bef7-e2dc0bb92619,47858567-6aac-44d7-9781-0cc941cbdfe4,72bc55fc-a250-4147-b0d5-62889e9a12b9,{},"{""disease"":""Fever (Jwara)"",""dosha"":""Pitta"",""prakriti"":""Pitta"",""season"":""Grishma""}",positive,Good improvement noted after 2 weeks.,False,2026-07-03T11:05:33.265506
92df13ca-4367-498a-9193-07dd8708d4aa,84cdf1ff-fdd5-4fe5-acc2-4e3ea3f03ad6,d30ffa86-0620-4be5-94ff-d7d7375f5efd,{},"{""disease"":""Insomnia (Anidra)"",""dosha"":""Vata"",""prakriti"":""Vata-Pitta"",""season"":""Grishma""}",positive,"Minimal response, dosage adjusted.",False,2026-07-03T11:05:33.265506
b0aaf04c-6c77-4a8d-8f2d-1e83a8a6b0ed,8e19d97b-7381-4316-8120-3e70a3e0fc81,f46b3c7d-7f82-4c03-be67-a7a066dcb922,{},"{""disease"":""Insomnia (Anidra)"",""dosha"":""Vata"",""prakriti"":""Vata-Pitta"",""season"":""Grishma""}",positive,"Minimal response, dosage adjusted.",False,2026-07-03T11:05:33.265506
edc4a703-739d-4a39-8c9a-8a10b42e739d,dce6d9e9-8a63-493d-af9b-a19b1aa39a95,9b2b4a64-8b42-4d52-b405-89fc13bdb37d,{},"{""disease"":""Skin Rash (Kushtha)"",""dosha"":""Pitta"",""prakriti"":""Pitta"",""season"":""Grishma""}",positive,Patient responded well to treatment.,False,2026-07-03T11:05:33.265506
a9e122c9-025f-42dd-a89c-0be7fd588eaf,9b81443e-70c0-4787-8d5f-9f3ee7afc7e1,f75cd4ad-d084-4844-9af6-b1013d1b6727,{},"{""disease"":""Skin Rash (Kushtha)"",""dosha"":""Pitta"",""prakriti"":""Pitta"",""season"":""Grishma""}",positive,Good improvement noted after 2 weeks.,False,2026-07-03T11:05:33.265506
e8e316ee-3461-4766-a0a0-ef13276f3c00,1535ee5a-0d55-461c-b6a7-728d12046189,313eb745-bd7b-4d1d-8515-a56b2fd92c94,{},"{""disease"":""Insomnia (Anidra)"",""dosha"":""Vata"",""prakriti"":""Vata-Pitta"",""season"":""Grishma""}",positive,Good improvement noted after 2 weeks.,False,2026-07-03T11:05:33.265506
deb7d928-1c63-4240-835e-76924bdd219e,da107e8b-0fce-4d30-acb4-2d9b6cc0d44c,b81fce72-741f-45f3-a8f7-13eeb2ec3a72,{},"{""disease"":""Fever (Jwara)"",""dosha"":""Pitta"",""prakriti"":""Pitta"",""season"":""Grishma""}",negative,,False,2026-07-03T11:05:33.265506
0277c5bc-6e0e-4260-b419-dab8298ad2a7,8a0e1d5d-892e-434b-be04-bd0daf9dbb15,f17f752a-4a4e-47f8-9132-424cddaeff12,{},"{""disease"":""Insomnia (Anidra)"",""dosha"":""Vata"",""prakriti"":""Vata-Pitta"",""season"":""Grishma""}",positive,,False,2026-07-03T11:05:33.265506
1099000a-6add-4288-8775-66be009b5a5c,bee20f11-3865-4feb-a005-871c0d584c67,96c48bc5-1b66-4abc-9973-2bac5ef23316,{},"{""disease"":""Skin Rash (Kushtha)"",""dosha"":""Pitta"",""prakriti"":""Pitta"",""season"":""Grishma""}",negative,Good improvement noted after 2 weeks.,False,2026-07-03T11:05:33.265506
6b41abad-67b5-4a35-9d3b-808443ded726,15a49ab9-d04c-4a40-98d8-de6506297e69,b1d32532-8548-478f-93e3-7a4bf87da638,{},"{""disease"":""Fever (Jwara)"",""dosha"":""Pitta"",""prakriti"":""Pitta"",""season"":""Grishma""}",negative,"Minimal response, dosage adjusted.",False,2026-07-03T11:05:33.265506
17de3bfb-2899-4d10-833d-3d4c87d263ca,14a18b3c-01bd-4e37-92cb-b0298026958b,e9add8d9-f16a-4982-873e-f2f920ac641a,{},"{""disease"":""Skin Rash (Kushtha)"",""dosha"":""Pitta"",""prakriti"":""Pitta"",""season"":""Grishma""}",positive,Requires follow-up after 1 month.,False,2026-07-03T11:05:33.265506
7edd0754-0cd9-47b7-8b88-9751c5795aeb,47df3556-8d0c-47a3-a64f-0fb92dc22b50,68742b6b-69f8-4d49-82f8-0136d98f3a1d,{},"{""disease"":""Diarrhea (Atisara)"",""dosha"":""Pitta"",""prakriti"":""Pitta"",""season"":""Grishma""}",positive,"Minimal response, dosage adjusted.",False,2026-07-03T11:05:33.265506
6f05faf4-157f-4ed7-82db-e4fda123129f,98f52e1c-8008-4eae-9c29-cdf54dcdc2f7,61e668b9-775f-4c29-9b68-223ae80feb62,{},"{""disease"":""Insomnia (Anidra)"",""dosha"":""Vata"",""prakriti"":""Vata-Pitta"",""season"":""Grishma""}",positive,Patient responded well to treatment.,False,2026-07-03T11:05:33.265506
f04aeaa2-0089-4f31-8b92-516f165ae284,66f4a610-56d9-4a36-819f-96ceb1ebe9d0,faabeedd-dadd-4474-8c45-d5c75e77d7f4,{},"{""disease"":""Heat Stroke (Ushna Jwar)"",""dosha"":""Pitta"",""prakriti"":""Pitta"",""season"":""Grishma""}",positive,Requires follow-up after 1 month.,False,2026-07-03T11:05:33.265506
c56d75bb-733d-477f-b113-5892bd82e903,f05a9cb5-6110-4502-95e1-810ac6ab6b33,2dea24fa-db55-4e18-a354-5fd69323790e,{},"{""disease"":""Skin Rash (Kushtha)"",""dosha"":""Pitta"",""prakriti"":""Pitta"",""season"":""Grishma""}",positive,,False,2026-07-03T11:05:33.265506
9a8b8299-9226-4d4f-b669-096392e00f9f,b3d50c10-33e4-4505-b573-db3b6ea8e33a,144fe665-4787-4c5b-b76e-980b059591cd,{},"{""disease"":""Acidity (Amlapitta)"",""dosha"":""Pitta"",""prakriti"":""Pitta"",""season"":""Grishma""}",positive,Excellent recovery.,False,2026-07-03T11:05:33.265506
6b985aec-428c-4bb1-b2d3-992eb16fe96e,6b34d482-464b-4342-8047-567d9d38c122,4f009a97-9de3-483c-a6cc-efa2508587a2,{},"{""disease"":""Fever (Jwara)"",""dosha"":""Pitta"",""prakriti"":""Pitta"",""season"":""Grishma""}",positive,,False,2026-07-03T11:05:33.265506
b689dde4-fd28-4641-a773-1f7695290c51,d334836d-f7e8-4a2c-8348-0d18e7793074,db3c1186-61eb-41e2-a6c1-d9f5bdc37411,{},"{""disease"":""Diarrhea (Atisara)"",""dosha"":""Pitta"",""prakriti"":""Pitta"",""season"":""Grishma""}",positive,Good improvement noted after 2 weeks.,False,2026-07-03T11:05:33.265506
928ea57e-877f-4ab9-8203-e9d95915c9a6,b70fedb3-9048-42f5-9ac3-63f66ecfb90a,ca269a48-55b0-4c02-8525-d59756614ac6,{},"{""disease"":""Fever (Jwara)"",""dosha"":""Pitta"",""prakriti"":""Pitta"",""season"":""Grishma""}",positive,,False,2026-07-03T11:05:33.265506
0c195857-5097-4c18-9469-2e8834cbf6ac,b593a2de-4dce-41fe-8df0-866da1496436,d3ac4f3b-985e-48b9-a36f-48bb41ce6437,{},"{""disease"":""Skin Rash (Kushtha)"",""dosha"":""Pitta"",""prakriti"":""Pitta"",""season"":""Grishma""}",positive,"Minimal response, dosage adjusted.",False,2026-07-03T11:05:33.265506
bb561e40-8c00-4e36-9bc3-0c5f759518b5,9e56f17a-efee-4bef-a153-8a422c870e42,c3920577-e5e1-4534-ba90-f0a968b3586d,{},"{""disease"":""Diarrhea (Atisara)"",""dosha"":""Pitta"",""prakriti"":""Pitta"",""season"":""Grishma""}",positive,Patient responded well to treatment.,False,2026-07-03T11:05:33.265506
0be5f01b-f490-43e3-99e2-c16fce7d8b48,bc599ee1-0c6b-4fb8-ba60-a0ec12122c97,b69eab6b-0f06-4e9e-902d-822abd236169,{},"{""disease"":""Acidity (Amlapitta)"",""dosha"":""Pitta"",""prakriti"":""Pitta"",""season"":""Grishma""}",positive,Excellent recovery.,False,2026-07-03T11:05:33.265506
260507e0-8274-434d-a2b0-a4194fd257bd,93ce8258-f6c1-4a17-88c4-c6132b841341,5540e0b0-5233-4361-9eba-f30a81d57714,{},"{""disease"":""Acidity (Amlapitta)"",""dosha"":""Pitta"",""prakriti"":""Pitta"",""season"":""Grishma""}",positive,Requires follow-up after 1 month.,False,2026-07-03T11:05:33.265506
e48a9336-05f7-4321-a8d3-21cd36e41f8b,0607d575-d9a3-421c-aa70-86cbfe8b59f4,4f14dda9-df7e-4bdc-b902-d719fb5d9ea1,{},"{""disease"":""Diarrhea (Atisara)"",""dosha"":""Pitta"",""prakriti"":""Pitta"",""season"":""Grishma""}",negative,Requires follow-up after 1 month.,False,2026-07-03T11:05:33.265506
febdca7c-6761-4c41-ba53-97e3710e0b16,b8304e0a-3a8f-4b14-b867-3bd6e4ae8233,bc9704c0-4d4d-4613-8046-3e79b7c57c4e,{},"{""disease"":""Alopecia (Indralupta)"",""dosha"":""Pitta"",""prakriti"":""Pitta"",""season"":""Grishma""}",negative,Excellent recovery.,False,2026-07-03T11:05:33.265506
cd805a28-790a-40d9-b253-0d3e84886665,ecdf9681-f183-4da1-adfd-1362e48b0d74,046444d1-136f-4ef8-9c52-c1bb98364148,{},"{""disease"":""Peptic Ulcer (Parinama Shoola)"",""dosha"":""Pitta"",""prakriti"":""Pitta"",""season"":""Grishma""}",positive,"Minimal response, dosage adjusted.",False,2026-07-03T11:05:33.265506
50f9aad3-d017-4795-ba05-479c609e75f4,20787549-8560-40a2-bef0-a262da1afedc,e38ccc91-273c-4d89-aee1-dc1ba5c8f447,{},"{""disease"":""Dandruff (Darunaka)"",""dosha"":""Kapha-Pitta"",""prakriti"":""Kapha"",""season"":""Grishma""}",positive,,False,2026-07-03T11:05:33.265506
123722c3-2814-4392-9721-e7729ac4a610,41e9605c-8948-4f5a-94d3-e43cb80d992f,240d8f83-fb52-46a7-8a2f-eb2014cda620,{},"{""disease"":""Warts (Charmakeela)"",""dosha"":""Kapha"",""prakriti"":""Kapha"",""season"":""Grishma""}",positive,Excellent recovery.,False,2026-07-03T11:05:33.265506
57c5671f-f3c9-4feb-a014-53f4c020bf43,e2149137-65cc-48e3-81d8-5226fe2dcfa1,1bb204f0-03aa-41c8-ad8c-23d94d9d0fe6,{},"{""disease"":""Acne (Yuvana Pidika)"",""dosha"":""Pitta-Kapha"",""prakriti"":""Pitta"",""season"":""Grishma""}",negative,"Minimal response, dosage adjusted.",False,2026-07-03T11:05:33.265506
7e06493d-2695-4611-bd91-711c48f2dbbf,c981ceb4-4da5-4b89-aeaf-50903cac3ced,fece18ff-5be7-42e3-bc55-0a6153da4c68,{},"{""disease"":""Peptic Ulcer (Parinama Shoola)"",""dosha"":""Pitta"",""prakriti"":""Pitta"",""season"":""Grishma""}",positive,Patient responded well to treatment.,False,2026-07-03T11:05:33.265506
2e618cf1-3a1a-4947-b5ae-cfb439c0881c,ee3d5465-0411-435b-a456-b5d0cb633f0f,a2f42670-c1e2-416b-94f5-8748c39c3d06,{},"{""disease"":""Gingivitis (Danta Vidradhi)"",""dosha"":""Pitta"",""prakriti"":""Pitta"",""season"":""Grishma""}",positive,Requires follow-up after 1 month.,False,2026-07-03T11:05:33.265506
cb48ca0d-177e-4f86-8865-3bee295ceb8a,1a17d497-cd2e-42e9-b5b5-22873db11016,1cbf3af1-6cba-4e1a-9f4d-5852b8b74161,{},"{""disease"":""Stress (Manasika Tanava)"",""dosha"":""Vata"",""prakriti"":""Vata"",""season"":""Grishma""}",negative,Good improvement noted after 2 weeks.,False,2026-07-03T11:05:33.265506
d708a0cd-a408-4f48-b9bd-39c5cecf257e,86242747-35a0-458a-8c27-e3b4178c71ef,ae7c6b47-a298-4e1d-9a41-7ceb2bc7d921,{},"{""disease"":""Digestive Disorder (Vikara)"",""dosha"":""Pitta-Vata"",""prakriti"":""Pitta"",""season"":""Grishma""}",negative,,False,2026-07-03T11:05:33.265506
478df62a-f076-4209-a2c9-f45759e82902,3d6bbac1-1d74-4b9a-baee-90088c9f5ece,424a1213-3fce-4f1d-94e6-51b56f4bdbb9,{},"{""disease"":""Gastritis (Urdhva Amlapitta)"",""dosha"":""Pitta"",""prakriti"":""Pitta"",""season"":""Grishma""}",positive,Patient responded well to treatment.,False,2026-07-03T11:05:33.265506
01fa72f1-b4e1-437c-97cc-7694f4f70b55,657d2a40-8be6-4f0a-828b-592a173a22bd,c9bf43c9-40ea-4214-b14f-f9705c2a0bf8,{},"{""disease"":""Worm Infection (Krimi Roga)"",""dosha"":""Vata"",""prakriti"":""Vata"",""season"":""Grishma""}",positive,,False,2026-07-03T11:05:33.265506
78f4f42b-3c2c-4484-b45e-83ab8a808744,2d96f55d-53fe-4716-8195-be112cbad501,e2ca6476-726a-414c-bac8-742e2116d246,{},"{""disease"":""Ear Infection (Karna Shoola)"",""dosha"":""Kapha-Vata"",""prakriti"":""Kapha"",""season"":""Grishma""}",positive,,False,2026-07-03T11:05:33.265506
b68c0adc-5def-4bb5-a58f-275560bd88c9,4424bbef-e9cf-45b6-8f78-d9063f13c9f0,5d82b108-cd01-45e6-8305-40529f94c38c,{},"{""disease"":""Alopecia (Indralupta)"",""dosha"":""Pitta"",""prakriti"":""Pitta"",""season"":""Grishma""}",positive,Requires follow-up after 1 month.,False,2026-07-03T11:05:33.265506
9c87ac9f-b477-448a-a475-42ee5a34dae2,6222748a-8c13-4da6-b495-502fb6c512f4,064a0b30-7687-43a8-9489-fdb74ab9350b,{},"{""disease"":""Vertigo (Bhrama)"",""dosha"":""Vata-Pitta"",""prakriti"":""Vata"",""season"":""Grishma""}",positive,Good improvement noted after 2 weeks.,False,2026-07-03T11:05:33.265506
fde2be68-5c81-40f7-84e9-d2f65ab72181,561498a7-3e94-47e1-96a6-42ee39b203ff,467a4e52-8fe8-4dca-aa09-97049ca66fea,{},"{""disease"":""Hypertension (Raktachaapa Vriddhi)"",""dosha"":""Pitta"",""prakriti"":""Pitta"",""season"":""Grishma""}",positive,Requires follow-up after 1 month.,False,2026-07-03T11:05:33.265506
6b82b39b-8a14-48e7-9002-e845139debc4,990bb1b9-acaa-42db-87d3-687436db2af3,62f1761c-9dba-41c8-941d-e506fc1ccf57,{},"{""disease"":""Stress (Manasika Tanava)"",""dosha"":""Vata"",""prakriti"":""Vata"",""season"":""Grishma""}",positive,"Minimal response, dosage adjusted.",False,2026-07-03T11:05:33.265506
d2d38216-c2fc-40c2-804a-b8deb984be6a,ddcc336f-74ea-4cb1-99ad-e7643ecb2c8b,e26a139a-162a-4cac-af4a-60ada8fe12fb,{},"{""disease"":""Hypertension (Raktachaapa Vriddhi)"",""dosha"":""Pitta"",""prakriti"":""Pitta"",""season"":""Grishma""}",positive,Requires follow-up after 1 month.,False,2026-07-03T11:05:33.265506
e24a7526-d4b6-48d0-a968-7f0dc7c81c67,7561127b-05e2-43a8-b90f-290dcd643e62,a89acc7f-70ee-4f91-9960-fda1770477ec,{},"{""disease"":""Peptic Ulcer (Parinama Shoola)"",""dosha"":""Pitta"",""prakriti"":""Pitta"",""season"":""Grishma""}",positive,,False,2026-07-03T11:05:33.265506
956f88e2-4d0d-4141-ba9e-412a6b550b9f,e3f00da9-8434-49e0-a93d-7d984ea47e16,f5d117b2-067d-4d2b-ba34-12be86cb0ce2,{},"{""disease"":""Pharyngitis (Galashotha)"",""dosha"":""Kapha"",""prakriti"":""Kapha"",""season"":""Grishma""}",positive,"Minimal response, dosage adjusted.",False,2026-07-03T11:05:33.265506
9b57226a-2f29-4ff2-be85-a4ed49f9b5c5,c537d593-0428-49b2-8591-d1d72fd039c9,678e593e-9120-475d-9d06-bece5cfd4322,{},"{""disease"":""Spondylosis (Griva Sandhigata Vata)"",""dosha"":""Vata"",""prakriti"":""Vata"",""season"":""Grishma""}",negative,,False,2026-07-03T11:05:33.265506
f8997d8a-465b-4422-8f83-e0d497a1d07c,a84d72aa-c022-4d0c-8052-df3f21270293,164c1389-a18b-4649-b828-e9f70767413d,{},"{""disease"":""Eczema (Vicharchika)"",""dosha"":""Pitta"",""prakriti"":""Pitta"",""season"":""Grishma""}",negative,,False,2026-07-03T11:05:33.265506
beb5cd9b-ffb9-432e-8356-a12739871540,25e05cf7-fc80-44fe-a2ca-cfea25a2c514,2ed6e850-f5aa-4472-bed9-6b75b3139b2c,{},"{""disease"":""Amebiasis (Pittaja Atisara)"",""dosha"":""Pitta-Kapha"",""prakriti"":""Pitta"",""season"":""Grishma""}",positive,Patient responded well to treatment.,False,2026-07-03T11:05:33.265506
3a913455-d4fc-4bd5-b79b-52deecdd2f36,ec81a18e-aa66-4f64-b030-15e9f6e1ef2f,ce6991a0-5162-4256-acb5-4d02933a9d8e,{},"{""disease"":""Amebiasis (Pittaja Atisara)"",""dosha"":""Pitta-Kapha"",""prakriti"":""Pitta"",""season"":""Grishma""}",positive,Good improvement noted after 2 weeks.,False,2026-07-03T11:05:33.265506
b5084222-bae2-4c15-8f9f-574c96a4ede6,4765c693-4fbd-46b9-9035-05882ba6c9c0,373118df-6d59-474a-b7e0-84b7da849a40,{},"{""disease"":""Whooping Cough (Deergha Kasa)"",""dosha"":""Kapha"",""prakriti"":""Kapha"",""season"":""Grishma""}",positive,Patient responded well to treatment.,False,2026-07-03T11:05:33.265506
160d492c-05ff-4ac8-bf4c-840ab34a24ce,2b000529-c39a-466f-8e6b-8fbf79337cf9,408be87c-f734-4e35-b498-a034540f03d5,{},"{""disease"":""Vertigo (Bhrama)"",""dosha"":""Vata-Pitta"",""prakriti"":""Vata"",""season"":""Grishma""}",positive,Good improvement noted after 2 weeks.,False,2026-07-03T11:05:33.265506
66fcb1f3-807a-43c8-9ac9-21c29ef2684d,6090d357-d298-457d-880c-1319f80a8bef,dedee0c5-8a8e-4126-af78-3f036efc1301,{},"{""disease"":""Boils (Vidradhi)"",""dosha"":""Pitta-Kapha"",""prakriti"":""Pitta"",""season"":""Grishma""}",positive,Patient responded well to treatment.,False,2026-07-03T11:05:33.265506
6a00222e-040e-4268-b088-c55f8109a064,d1cf9352-15bd-4106-8051-f0e95268a154,f9a1a0db-92ae-4f41-b4a0-fcfc08b07852,{},"{""disease"":""Menstrual Disorder (Artava Dushti)"",""dosha"":""Vata-Pitta"",""prakriti"":""Vata"",""season"":""Grishma""}",positive,Good improvement noted after 2 weeks.,False,2026-07-03T11:05:33.265506
83d11e11-54fc-4b50-a011-aeb5e77642b0,fea594d1-51c1-49d5-b122-05b855ebd770,784f1115-cfa3-4aa5-ac06-3ba1ab69c7c2,{},"{""disease"":""Varicose Veins (Sira Granthi)"",""dosha"":""Vata"",""prakriti"":""Vata"",""season"":""Grishma""}",positive,"Minimal response, dosage adjusted.",False,2026-07-03T11:05:33.265506
dd3409fa-9452-4ad1-9c90-a67ff11dfc90,9593b714-7242-45e1-9503-7a9047fbef78,717683f0-f339-4f8a-8706-ec7c76085627,{},"{""disease"":""Warts (Charmakeela)"",""dosha"":""Kapha"",""prakriti"":""Kapha"",""season"":""Grishma""}",negative,Good improvement noted after 2 weeks.,False,2026-07-03T11:05:33.265506
c852052f-eb5a-49bb-aa2d-8abfa4718d3f,284f2e04-052d-4688-b561-ec59b69c0c1e,a31d5ded-c1c4-4116-9061-0ace62fd7d81,{},"{""disease"":""Metabolic Syndrome (Santarpana Janya Vikara)"",""dosha"":""Kapha"",""prakriti"":""Kapha"",""season"":""Grishma""}",positive,"Minimal response, dosage adjusted.",False,2026-07-03T11:05:33.265506
5c77a7df-181c-40b2-a1d8-b5f3cb5c3c64,a2d93dcf-4ebc-43f7-91fe-86fc2ed3431f,11b16abf-8f0a-4d08-a4a1-452e822c4c8b,{},"{""disease"":""Boils (Vidradhi)"",""dosha"":""Pitta-Kapha"",""prakriti"":""Pitta"",""season"":""Grishma""}",positive,"Minimal response, dosage adjusted.",False,2026-07-03T11:05:33.265506
26a41c1a-f656-4d04-95a8-51f7dbbae7bb,cad4ed56-d931-4721-be0b-2af961ae1931,b5d57d06-10a7-4184-87cb-2e51aa588bab,{},"{""disease"":""Varicose Veins (Sira Granthi)"",""dosha"":""Vata"",""prakriti"":""Vata"",""season"":""Grishma""}",negative,"Minimal response, dosage adjusted.",False,2026-07-03T11:05:33.265506
2f07f4e0-50b4-4416-a706-a83b38e8a2a5,6e0cf555-9007-43cd-98eb-1e34d984c38b,44045842-d019-452e-ab93-6754037c7fba,{},"{""disease"":""Heart Disease (Hridroga)"",""dosha"":""Vata-Pitta"",""prakriti"":""Vata"",""season"":""Grishma""}",negative,Requires follow-up after 1 month.,False,2026-07-03T11:05:33.265506
dc19632a-da95-4a96-afd9-e812a9888add,ba3c405c-731e-415e-824c-0ba66784336d,dbb9a7e7-0654-4cad-b645-4e6e799ddb49,{},"{""disease"":""Varicose Veins (Sira Granthi)"",""dosha"":""Vata"",""prakriti"":""Vata"",""season"":""Grishma""}",positive,Excellent recovery.,False,2026-07-03T11:05:33.265506
5cc8e3e2-7960-42de-b95b-4fcef41130e0,2d76ee07-67e2-4846-ac44-5d99079d88df,7a993b4c-bca9-4d1c-ba2e-aa9f5e80342f,{},"{""disease"":""Ulcerative Colitis (Raktatisara)"",""dosha"":""Vata-Pitta"",""prakriti"":""Pitta"",""season"":""Grishma""}",negative,Requires follow-up after 1 month.,False,2026-07-03T11:05:33.265506
75ad2069-c026-4cab-a919-78ef2deb59b7,5d2a3a2d-a56d-4dd4-9fd6-13626df1bbec,2b916c07-ee94-43e9-9314-5b32efaa9727,{},"{""disease"":""Mumps (Karnamoola Shotha)"",""dosha"":""Kapha"",""prakriti"":""Kapha"",""season"":""Grishma""}",negative,,False,2026-07-03T11:05:33.265506
23cfc8df-4511-48d9-9d08-4f1e3b7bab50,726a0544-9ef5-4fcc-a522-5ed2b32a0dd5,a33c5763-0b3e-47b9-9ec5-b88786ab4967,{},"{""disease"":""Fatty Liver (Yakrit Meda Vriddhi)"",""dosha"":""Kapha-Pitta"",""prakriti"":""Kapha"",""season"":""Grishma""}",positive,,False,2026-07-03T11:05:33.265506
d226e5de-7174-4539-9593-4a9999144178,4571dd57-064d-4016-a800-f13c33ed96fa,85bd46c5-9d18-4698-88ca-70e6b00fd405,{},"{""disease"":""Vitiligo (Shwitra)"",""dosha"":""Pitta-Vata"",""prakriti"":""Pitta"",""season"":""Grishma""}",positive,Requires follow-up after 1 month.,False,2026-07-03T11:05:33.265506
60357613-f0f7-489a-b5a5-fc0fe997b986,68239268-dcce-424b-baf7-e0cd2c334c4e,044ec3d4-3882-43cd-af63-a2ec0401f47c,{},"{""disease"":""Hypertension (Raktachaapa Vriddhi)"",""dosha"":""Pitta"",""prakriti"":""Pitta"",""season"":""Grishma""}",positive,Requires follow-up after 1 month.,False,2026-07-03T11:05:33.265506
837a112c-11cb-49cc-9ecd-c0986be3f898,ec172880-b527-4e7d-9613-65c2052cb9fe,1bd40b32-aeeb-42d5-a9e0-d92e0ee3eb0b,{},"{""disease"":""Tinnitus (Karnanada)"",""dosha"":""Vata"",""prakriti"":""Vata"",""season"":""Grishma""}",positive,Requires follow-up after 1 month.,False,2026-07-03T11:05:33.265506
41eb95b4-18eb-491c-b576-a66a2e7f0bdf,88641111-ea6f-4e88-b7b8-ee4f8ca972fc,bdb6da56-829b-4242-a78d-ebf6d7f592d9,{},"{""disease"":""Acne (Yuvana Pidika)"",""dosha"":""Pitta-Kapha"",""prakriti"":""Pitta"",""season"":""Grishma""}",positive,Requires follow-up after 1 month.,False,2026-07-03T11:05:33.265506
624beca2-892d-4e9f-8049-a02d6fc2ca78,0f9da008-7ad8-49b4-b821-7077961a2d89,fa7a48fa-82f6-44e7-aede-2629603f4db9,{},"{""disease"":""Menstrual Disorder (Artava Dushti)"",""dosha"":""Vata-Pitta"",""prakriti"":""Vata"",""season"":""Grishma""}",positive,Good improvement noted after 2 weeks.,False,2026-07-03T11:05:33.265506
13111157-8477-4e17-98cf-afddbed025bd,4416e4b2-eeea-4b9f-98d0-0d23f89fcc80,fb675254-1577-4057-8223-a30ebfa14fe7,{},"{""disease"":""Menstrual Disorder (Artava Dushti)"",""dosha"":""Vata-Pitta"",""prakriti"":""Vata"",""season"":""Grishma""}",negative,Excellent recovery.,False,2026-07-03T11:05:33.265506
6bd8ddc7-e485-413e-8431-f117d996b2ef,3b33639f-c402-479e-985a-f9ef318ef8ed,2a36986d-1b66-4ac3-a5ec-3d198996522b,{},"{""disease"":""Epilepsy (Apasmara)"",""dosha"":""Vata"",""prakriti"":""Vata"",""season"":""Grishma""}",positive,Requires follow-up after 1 month.,False,2026-07-03T11:05:33.265506
b4549279-3974-4b60-b771-20746131a91a,20f81eb4-5a12-4a2b-912b-43f090504092,f6a82cda-5c2b-4baa-8826-c001dc669051,{},"{""disease"":""Fever (Jwara)"",""dosha"":""Pitta"",""prakriti"":""Pitta"",""season"":""Varsha""}",positive,Excellent recovery.,False,2026-07-03T11:05:33.265506
32b68ae2-577a-496c-b025-3ecb43ccd8ac,2d96f55d-53fe-4716-8195-be112cbad501,29781d99-0987-4a8b-90a5-11fa16cae726,{},"{""disease"":""Indigestion (Ajirna)"",""dosha"":""Vata"",""prakriti"":""Vata"",""season"":""Varsha""}",positive,Good improvement noted after 2 weeks.,False,2026-07-03T11:05:33.265506
8f9bc84b-01e7-4cf6-a6fc-3c6fad4c8b76,302816fc-58aa-4b96-b56b-f33f8ec63da7,aad2c407-8e5a-4c11-8ac0-5bcfca9e424a,{},"{""disease"":""Fever (Jwara)"",""dosha"":""Pitta"",""prakriti"":""Pitta"",""season"":""Varsha""}",positive,Requires follow-up after 1 month.,False,2026-07-03T11:05:33.265506
e9d7d52d-bc47-456b-92ac-5d67e3bf4e9d,f8af0b06-2aa7-4127-9b25-329f239407ef,e8acdde6-13dc-475d-aae6-4c21d207fc03,{},"{""disease"":""Joint Pain (Amavata)"",""dosha"":""Vata"",""prakriti"":""Vata"",""season"":""Varsha""}",positive,Good improvement noted after 2 weeks.,False,2026-07-03T11:05:33.265506
1b2f9cbc-d743-4c89-bb9f-cfcfa0dba892,a2863a16-b7d3-4555-af5e-b7b0d342a0b2,2229b1b6-127e-4ad5-851f-1ca2b186b126,{},"{""disease"":""Joint Pain (Amavata)"",""dosha"":""Vata"",""prakriti"":""Vata"",""season"":""Varsha""}",positive,Excellent recovery.,False,2026-07-03T11:05:33.265506
203a0274-2302-4acf-aa4c-da2fd66058ba,284f2e04-052d-4688-b561-ec59b69c0c1e,39eeaceb-9c00-4a77-877f-246dffdd4f35,{},"{""disease"":""Indigestion (Ajirna)"",""dosha"":""Vata"",""prakriti"":""Vata"",""season"":""Varsha""}",positive,,False,2026-07-03T11:05:33.265506
c00df869-5590-408e-94be-d8062a32e775,d1bdd759-8b5f-4f83-87e5-b0ca4ce9b8e8,7c6f80c1-f642-4bea-adb1-d72551c05120,{},"{""disease"":""Malaria (Vishama Jwara)"",""dosha"":""Pitta"",""prakriti"":""Pitta"",""season"":""Varsha""}",positive,Excellent recovery.,False,2026-07-03T11:05:33.265506
fc069927-3df6-4ae3-96b5-599c4efe9dd9,3ddb3fa8-90c4-4e3c-81b8-1527608659f3,2fcc9343-0b45-427b-ae7f-8b5d093b6735,{},"{""disease"":""Fever (Jwara)"",""dosha"":""Pitta"",""prakriti"":""Pitta"",""season"":""Varsha""}",negative,Good improvement noted after 2 weeks.,False,2026-07-03T11:05:33.265506
f2d5a9c1-6f54-42df-bd61-8f211f04c995,b19ef24e-6314-43ed-b37e-4259f2909819,fce0835d-70dd-4684-aa0f-c4b2d9ee8ba5,{},"{""disease"":""Joint Pain (Amavata)"",""dosha"":""Vata"",""prakriti"":""Vata"",""season"":""Varsha""}",positive,"Minimal response, dosage adjusted.",False,2026-07-03T11:05:33.265506
9a42cadb-e173-4e38-ab0a-3b199a2f49d0,23693197-f808-4c2b-b8d5-95c6ad1929cc,572982ec-7da6-4663-8ec5-73e017a33299,{},"{""disease"":""Indigestion (Ajirna)"",""dosha"":""Vata"",""prakriti"":""Vata"",""season"":""Varsha""}",positive,Excellent recovery.,False,2026-07-03T11:05:33.265506
86aeedf3-1765-467d-a449-6944ac7a337a,897987e2-558c-43d7-b337-52921e51c6af,7d07edf8-60e9-4b54-a491-f826705b4231,{},"{""disease"":""Skin Infection (Kushtha)"",""dosha"":""Kapha"",""prakriti"":""Kapha"",""season"":""Varsha""}",positive,Excellent recovery.,False,2026-07-03T11:05:33.265506
c2516207-6470-4357-ae92-c37621948c60,eed344af-298a-43cd-a157-9004d7b63686,5494c1db-7e8f-4a28-a6df-f210a5b62525,{},"{""disease"":""Fever (Jwara)"",""dosha"":""Pitta"",""prakriti"":""Pitta"",""season"":""Varsha""}",positive,,False,2026-07-03T11:05:33.265506
7c6cdee2-c178-4d0d-b2e6-7d3c64c9d5b4,555ab5cc-8c89-4fc3-93e0-b67a8d5cd78b,b8e25ecd-fc41-4745-a8d9-bd20ad0af149,{},"{""disease"":""Indigestion (Ajirna)"",""dosha"":""Vata"",""prakriti"":""Vata"",""season"":""Varsha""}",positive,Requires follow-up after 1 month.,False,2026-07-03T11:05:33.265506
4ef04001-3fa3-4485-88e4-e57c5844a8ac,bad51b0a-4a59-4e13-a60d-dc6c88ed0f3b,b6ee1209-d576-4995-a496-1a19cea6cd21,{},"{""disease"":""Dengue (Dandashthaka Jwara)"",""dosha"":""Pitta"",""prakriti"":""Pitta"",""season"":""Varsha""}",positive,Excellent recovery.,False,2026-07-03T11:05:33.265506
3bbf4a37-79b0-4d53-a7ac-f609cead6025,6e84f7a6-eb67-48e5-9d55-6a4a09594123,cf467b6b-14d5-479f-ba5a-46a514e7f1f3,{},"{""disease"":""Skin Infection (Kushtha)"",""dosha"":""Kapha"",""prakriti"":""Kapha"",""season"":""Varsha""}",positive,Patient responded well to treatment.,False,2026-07-03T11:05:33.265506
ca256b9d-ab5e-42c1-838c-dd275f02a1a2,72e0e2e5-163e-471e-ace5-fbb417990dc5,2ac75b7f-bf8f-4e11-b89b-15699bdeba6e,{},"{""disease"":""Malaria (Vishama Jwara)"",""dosha"":""Pitta"",""prakriti"":""Pitta"",""season"":""Varsha""}",positive,Good improvement noted after 2 weeks.,False,2026-07-03T11:05:33.265506
259dbdd1-1821-435a-b834-a29bc7891da0,0e355b07-5976-4177-bc19-cc009bc22b31,8ee38513-535e-4de5-9e99-64879fbca800,{},"{""disease"":""Fever (Jwara)"",""dosha"":""Pitta"",""prakriti"":""Pitta"",""season"":""Varsha""}",positive,,False,2026-07-03T11:05:33.265506
0179c7bf-c6d5-43d0-8430-5dd244968600,d1117b7d-b826-49ba-a204-890faeac4230,4bf06d69-dfe0-47bb-981c-e1091bd2aaa1,{},"{""disease"":""Joint Pain (Amavata)"",""dosha"":""Vata"",""prakriti"":""Vata"",""season"":""Varsha""}",positive,,False,2026-07-03T11:05:33.265506
72aac9de-549d-4fed-aef8-2ac3201ed3cb,3b2b32e1-d89f-4be7-85a6-7f655317bb74,a274f90c-9e49-4361-b4c3-91fc2ff7f982,{},"{""disease"":""Joint Pain (Amavata)"",""dosha"":""Vata"",""prakriti"":""Vata"",""season"":""Varsha""}",positive,"Minimal response, dosage adjusted.",False,2026-07-03T11:05:33.265506
ac4cc3a7-eefc-4d24-bdc1-090cc5cc86ff,b021bb1e-6e42-419a-bcff-6dacfc1a7d5c,39c19879-c4a7-4903-ad5d-ed3b769d120d,{},"{""disease"":""Indigestion (Ajirna)"",""dosha"":""Vata"",""prakriti"":""Vata"",""season"":""Varsha""}",positive,Requires follow-up after 1 month.,False,2026-07-03T11:05:33.265506
109283c3-a106-4470-8dc3-8b9988d8f4c6,b1ca24de-ff5e-404a-9172-20781fcaa50d,80ff49c6-008c-47c0-91f8-f230a1618a9c,{},"{""disease"":""Skin Infection (Kushtha)"",""dosha"":""Kapha"",""prakriti"":""Kapha"",""season"":""Varsha""}",positive,Patient responded well to treatment.,False,2026-07-03T11:05:33.265506
d071225d-6cb7-4b83-81e6-fb67df843af6,a208147f-d12d-4eb4-8b06-6dc44ee0c0d1,2d595421-fb6b-4e26-8373-03a5485c2588,{},"{""disease"":""Skin Infection (Kushtha)"",""dosha"":""Kapha"",""prakriti"":""Kapha"",""season"":""Varsha""}",positive,Patient responded well to treatment.,False,2026-07-03T11:05:33.265506
7cbbda69-56ec-4b08-bf18-8f2859fac795,b30ca37b-a315-4855-83d7-b9eedff50f6d,9b390688-fa0c-4eb3-8b9c-22b72b9a0a55,{},"{""disease"":""Malaria (Vishama Jwara)"",""dosha"":""Pitta"",""prakriti"":""Pitta"",""season"":""Varsha""}",positive,Requires follow-up after 1 month.,False,2026-07-03T11:05:33.265506
63806b43-6bf5-4bdd-9a6a-166d7cdbb6a5,1bd1a606-f0aa-477e-b5af-4465704114cb,50ab4c27-e451-48c8-aaf8-6f4dbc8d6025,{},"{""disease"":""Skin Infection (Kushtha)"",""dosha"":""Kapha"",""prakriti"":""Kapha"",""season"":""Varsha""}",positive,Patient responded well to treatment.,False,2026-07-03T11:05:33.265506
e31c041a-aee3-4625-b678-1d2d83a9c8de,d7f6b712-cbec-4b14-91a0-38a63d02a0ed,5f81e930-4425-4c1e-b85b-a14aba052315,{},"{""disease"":""Dengue (Dandashthaka Jwara)"",""dosha"":""Pitta"",""prakriti"":""Pitta"",""season"":""Varsha""}",positive,Excellent recovery.,False,2026-07-03T11:05:33.265506
158ca915-dc2a-4c34-8062-655a3ab1fd6f,af1b036f-15ce-4bee-90c9-6f5c85362c5e,c31a89b1-33c7-41f7-a5f2-de1265429c6b,{},"{""disease"":""Diarrhea (Atisara)"",""dosha"":""Pitta"",""prakriti"":""Pitta"",""season"":""Varsha""}",positive,,False,2026-07-03T11:05:33.265506
496aef90-0da6-424a-a834-f4a66d6846ef,1602ef2e-0031-469b-9a7f-6b4ad32085b6,4fc9d198-0253-4f01-a73e-a4d1532c29af,{},"{""disease"":""Fever (Jwara)"",""dosha"":""Pitta"",""prakriti"":""Pitta"",""season"":""Varsha""}",positive,,False,2026-07-03T11:05:33.265506
e29d0235-680d-488f-a7e0-5f929f30cbfd,c3030c9a-00cc-4459-b859-fe10292f40d7,d2143663-9bf4-4424-82a3-d60bcbb6b2a0,{},"{""disease"":""Indigestion (Ajirna)"",""dosha"":""Vata"",""prakriti"":""Vata"",""season"":""Varsha""}",positive,Patient responded well to treatment.,False,2026-07-03T11:05:33.265506
89388204-87eb-4a39-96f4-e6c348b9a0e3,47df3556-8d0c-47a3-a64f-0fb92dc22b50,c225c3e8-01e7-428f-ad6c-ac65af7b38ff,{},"{""disease"":""Malaria (Vishama Jwara)"",""dosha"":""Pitta"",""prakriti"":""Pitta"",""season"":""Varsha""}",positive,Patient responded well to treatment.,False,2026-07-03T11:05:33.265506
44f69537-3db7-4de7-857d-bb76e4733df7,cdf86a65-a462-4c63-979b-4ddbfa3f2d31,7432f8bd-4e46-44f7-9781-c1e726385980,{},"{""disease"":""Skin Infection (Kushtha)"",""dosha"":""Kapha"",""prakriti"":""Kapha"",""season"":""Varsha""}",positive,Excellent recovery.,False,2026-07-03T11:05:33.265506
af94bc45-c1b5-4b12-8a8d-ea582d05353f,a4bae99d-a610-40a8-a967-8710252abaee,6e074d30-8e33-4af6-ab5d-8843f5631764,{},"{""disease"":""Skin Infection (Kushtha)"",""dosha"":""Kapha"",""prakriti"":""Kapha"",""season"":""Varsha""}",positive,Excellent recovery.,False,2026-07-03T11:05:33.265506
bfc15e6c-b7b3-46db-bb52-7fcdbacdfa36,b593a2de-4dce-41fe-8df0-866da1496436,a6e7245f-34f7-42bc-ad17-9dee94780b2c,{},"{""disease"":""Indigestion (Ajirna)"",""dosha"":""Vata"",""prakriti"":""Vata"",""season"":""Varsha""}",positive,"Minimal response, dosage adjusted.",False,2026-07-03T11:05:33.265506
5da3dd53-e7dd-4871-a140-6196fd8cb578,6a0adaf9-d7f2-49eb-bf36-94ab8b287f72,c4535ca1-3df1-4309-8321-1ced4d295893,{},"{""disease"":""Malaria (Vishama Jwara)"",""dosha"":""Pitta"",""prakriti"":""Pitta"",""season"":""Varsha""}",positive,"Minimal response, dosage adjusted.",False,2026-07-03T11:05:33.265506
bbefcafe-055e-4a8b-af63-87d28c37202f,9794940b-e5ef-4b76-b611-e0a5df9ef8ec,a2b91955-9bdc-4e49-be73-b0a1256b8173,{},"{""disease"":""Joint Pain (Amavata)"",""dosha"":""Vata"",""prakriti"":""Vata"",""season"":""Varsha""}",positive,,False,2026-07-03T11:05:33.265506
f94df5f7-19b3-422c-8b32-e234a8ee25d2,4ea275f1-c2f9-4bd0-945d-35e83e9ab232,2747a32c-3bfa-4705-a2d8-cdadc5c922e8,{},"{""disease"":""Fever (Jwara)"",""dosha"":""Pitta"",""prakriti"":""Pitta"",""season"":""Varsha""}",positive,Patient responded well to treatment.,False,2026-07-03T11:05:33.265506
0a3011fd-b86a-4bf2-937b-a980377b3af6,6c3e91d7-4c5c-41e9-b04e-6118deaff127,62d4b452-5b8b-40dc-ac4e-45f21bec5ebd,{},"{""disease"":""Indigestion (Ajirna)"",""dosha"":""Vata"",""prakriti"":""Vata"",""season"":""Varsha""}",negative,Excellent recovery.,False,2026-07-03T11:05:33.265506
aeee5269-091f-4857-a0dd-668639f65a47,4caa8dca-1b4d-48d6-b86d-c781c6faf21d,fd1489f9-1628-4e59-8894-30d75183a852,{},"{""disease"":""Diarrhea (Atisara)"",""dosha"":""Pitta"",""prakriti"":""Pitta"",""season"":""Varsha""}",positive,Good improvement noted after 2 weeks.,False,2026-07-03T11:05:33.265506
11d218ad-588e-46ae-93eb-61d5d56e99bd,d86aac54-f472-4863-b75f-da024a0445c4,af19d8fe-65fe-492a-902c-11d1d9fb0111,{},"{""disease"":""Joint Pain (Amavata)"",""dosha"":""Vata"",""prakriti"":""Vata"",""season"":""Varsha""}",negative,,False,2026-07-03T11:05:33.265506
c61baa81-2923-4a09-95fb-cc56b436757a,3ddb3fa8-90c4-4e3c-81b8-1527608659f3,f5acfce1-a89d-44ab-b4ed-edbc0a3aca7b,{},"{""disease"":""Dengue (Dandashthaka Jwara)"",""dosha"":""Pitta"",""prakriti"":""Pitta"",""season"":""Varsha""}",negative,Patient responded well to treatment.,False,2026-07-03T11:05:33.265506
7f615057-791b-4c0b-bcda-84b6b7a41f6b,5a57dd8f-085f-4867-9b4f-e61543fa2870,900f7762-4b72-46b1-bcba-73f5a7ce67ee,{},"{""disease"":""Joint Pain (Amavata)"",""dosha"":""Vata"",""prakriti"":""Vata"",""season"":""Varsha""}",negative,Good improvement noted after 2 weeks.,False,2026-07-03T11:05:33.265506
ede27d8c-283d-4bf8-bea5-a04210425909,e726f11b-11bb-4f80-87b3-c554a5e81cee,154d7fa5-05e3-4081-9a90-f8464eabaa61,{},"{""disease"":""Diarrhea (Atisara)"",""dosha"":""Pitta"",""prakriti"":""Pitta"",""season"":""Varsha""}",positive,"Minimal response, dosage adjusted.",False,2026-07-03T11:05:33.265506
05bb60c7-2af6-4ef6-b2f7-2d226926a231,3793ac91-3818-48db-914a-3e766d6aca47,e0481a9c-eb65-4597-b2b9-75044842e53b,{},"{""disease"":""Indigestion (Ajirna)"",""dosha"":""Vata"",""prakriti"":""Vata"",""season"":""Varsha""}",positive,Requires follow-up after 1 month.,False,2026-07-03T11:05:33.265506
58758c57-326f-4ed7-b2b5-ba985456dd9c,f2b03105-b124-49bd-ab07-249f0413e859,8836a072-4152-441a-97fc-97cdd35224c2,{},"{""disease"":""Dengue (Dandashthaka Jwara)"",""dosha"":""Pitta"",""prakriti"":""Pitta"",""season"":""Varsha""}",positive,Patient responded well to treatment.,False,2026-07-03T11:05:33.265506
3178ddfb-60a2-46ba-b112-36c981e17744,14d6fe6c-251d-4094-a395-154f42ccae76,1f71e46d-b123-4acd-b95d-afd01a88544c,{},"{""disease"":""Indigestion (Ajirna)"",""dosha"":""Vata"",""prakriti"":""Vata"",""season"":""Varsha""}",negative,Requires follow-up after 1 month.,False,2026-07-03T11:05:33.265506
0bd606b4-67c3-4523-a2ad-40058bcd8ea3,3730d8a1-557b-4224-9319-4901dc66ab18,83508387-8b48-4b35-8ef4-8c9f03daeb76,{},"{""disease"":""Indigestion (Ajirna)"",""dosha"":""Vata"",""prakriti"":""Vata"",""season"":""Varsha""}",positive,Patient responded well to treatment.,False,2026-07-03T11:05:33.265506
52bb7fbf-a3ae-450f-b17b-2b68dba07cb8,3793ac91-3818-48db-914a-3e766d6aca47,c1b78b16-4c59-454d-931f-8ee1fd0d2639,{},"{""disease"":""Diarrhea (Atisara)"",""dosha"":""Pitta"",""prakriti"":""Pitta"",""season"":""Varsha""}",positive,"Minimal response, dosage adjusted.",False,2026-07-03T11:05:33.265506
3f24f1d0-61e1-4341-895b-c14eae9028c2,9e0d7b33-041b-4823-8f71-fecda4c7e0e0,ab7f916b-d758-4107-a989-603cc3884e4f,{},"{""disease"":""Indigestion (Ajirna)"",""dosha"":""Vata"",""prakriti"":""Vata"",""season"":""Varsha""}",positive,Patient responded well to treatment.,False,2026-07-03T11:05:33.265506
9447d8b1-e349-4c1e-bff0-075a5f60bfd4,676649b4-f26d-4c6d-a756-5c3c7bb9e323,089ee041-2b69-46dd-9d5b-b34abb7e6855,{},"{""disease"":""Dengue (Dandashthaka Jwara)"",""dosha"":""Pitta"",""prakriti"":""Pitta"",""season"":""Varsha""}",positive,Excellent recovery.,False,2026-07-03T11:05:33.265506
2b6aff1f-dfbf-4075-a1b8-ba8b32b28fde,88541d32-5fcf-4d73-893f-b3a3d4b1b707,2014b8ae-6c95-42bc-8a34-af383e4d78e8,{},"{""disease"":""Malaria (Vishama Jwara)"",""dosha"":""Pitta"",""prakriti"":""Pitta"",""season"":""Varsha""}",positive,Good improvement noted after 2 weeks.,False,2026-07-03T11:05:33.265506
c82678ca-4fa2-4871-b10e-35c5da9590a7,40c8fdf4-e9a7-4a4f-8db2-d51ae882d4b1,9a2b0e87-3a36-4f61-989f-d4a831f365f3,{},"{""disease"":""Malaria (Vishama Jwara)"",""dosha"":""Pitta"",""prakriti"":""Pitta"",""season"":""Varsha""}",positive,Requires follow-up after 1 month.,False,2026-07-03T11:05:33.265506
d065b1fd-96ad-4e10-92e9-9f1e88c7ee08,70a0cfb7-ee40-4a08-bd6e-4e011a012e73,b6e4068f-4a14-4349-9607-b8c5dd421e43,{},"{""disease"":""Fever (Jwara)"",""dosha"":""Pitta"",""prakriti"":""Pitta"",""season"":""Varsha""}",positive,Patient responded well to treatment.,False,2026-07-03T11:05:33.265506
858ef60f-c868-4427-85db-640c57d97538,05c5d18d-77f0-4ca4-b2cb-7190f17e2181,d3691518-ac32-4108-b6b0-1b2cb3167b4e,{},"{""disease"":""Indigestion (Ajirna)"",""dosha"":""Vata"",""prakriti"":""Vata"",""season"":""Varsha""}",positive,"Minimal response, dosage adjusted.",False,2026-07-03T11:05:33.265506
9a0df067-ea1a-492f-a7cf-9d29c14f27ea,f2459330-195c-4d73-9b9e-e1536291858a,a048322e-35b7-4ab2-9b5d-e6882eecd85c,{},"{""disease"":""Fever (Jwara)"",""dosha"":""Pitta"",""prakriti"":""Pitta"",""season"":""Varsha""}",positive,Requires follow-up after 1 month.,False,2026-07-03T11:05:33.265506
c0bb3463-e11d-40ea-b892-62f79da82bdf,18bfc77a-5e23-4708-ad36-1701cb9ee789,fb419917-e290-460c-bbb1-747b25813911,{},"{""disease"":""Joint Pain (Amavata)"",""dosha"":""Vata"",""prakriti"":""Vata"",""season"":""Varsha""}",positive,"Minimal response, dosage adjusted.",False,2026-07-03T11:05:33.265506
9e3153b6-7120-4c4c-8a87-f4938391fcdc,7cc5ac08-483b-4e54-8678-f323be76d462,d87d1752-4779-499d-8a57-2aca0be5fa76,{},"{""disease"":""Dengue (Dandashthaka Jwara)"",""dosha"":""Pitta"",""prakriti"":""Pitta"",""season"":""Varsha""}",positive,"Minimal response, dosage adjusted.",False,2026-07-03T11:05:33.265506
0bc97c89-fbac-46e3-8a25-8577ad502fe7,fc6b9ba8-7c80-4764-8482-f20bc831c4e5,745bfc40-5634-4fe9-8c78-fc3e9a0fcfd8,{},"{""disease"":""Indigestion (Ajirna)"",""dosha"":""Vata"",""prakriti"":""Vata"",""season"":""Varsha""}",positive,,False,2026-07-03T11:05:33.265506
43077d47-fb24-4867-b02b-94c45385425e,f8af0b06-2aa7-4127-9b25-329f239407ef,ad9a1536-c87f-48ed-aa8d-0e22ad95f30f,{},"{""disease"":""Malaria (Vishama Jwara)"",""dosha"":""Pitta"",""prakriti"":""Pitta"",""season"":""Varsha""}",negative,Requires follow-up after 1 month.,False,2026-07-03T11:05:33.265506
423bea3d-3a83-4d9a-b784-f96a77ef4daf,f8af0b06-2aa7-4127-9b25-329f239407ef,4794bad3-bca0-4012-8b3a-aa226a43a82b,{},"{""disease"":""Fever (Jwara)"",""dosha"":""Pitta"",""prakriti"":""Pitta"",""season"":""Varsha""}",positive,Good improvement noted after 2 weeks.,False,2026-07-03T11:05:33.265506
ff859aa7-2168-4835-91e3-7c5ee236c2aa,cdff0861-7101-4d39-8c1a-38dbe3aded59,b5997691-30fc-428d-bbe4-3623659a08d6,{},"{""disease"":""Diarrhea (Atisara)"",""dosha"":""Pitta"",""prakriti"":""Pitta"",""season"":""Varsha""}",positive,,False,2026-07-03T11:05:33.265506
1406a6f0-392a-47dd-ac01-5a52c24fa9dd,d3e9e3ed-00ef-4cd2-9ea2-5de5ff487ba3,a70f4c4c-fd4e-4b33-8172-a7e6f8262347,{},"{""disease"":""Indigestion (Ajirna)"",""dosha"":""Vata"",""prakriti"":""Vata"",""season"":""Varsha""}",positive,Good improvement noted after 2 weeks.,False,2026-07-03T11:05:33.265506
8f5bdbfb-636a-4930-a626-8649eecd062d,81a9595e-f9fa-4798-b57a-6411305979d7,60ce7f2c-4f4e-4ad8-bb7f-9ce90343c366,{},"{""disease"":""Joint Pain (Amavata)"",""dosha"":""Vata"",""prakriti"":""Vata"",""season"":""Varsha""}",positive,Excellent recovery.,False,2026-07-03T11:05:33.265506
b390f012-e7eb-46e6-8e9c-da2ba5bcd1fa,5f050a4d-2240-4de3-86ad-cf19f243d441,98b97017-4495-4357-b38e-4f259b0fe7d7,{},"{""disease"":""Diarrhea (Atisara)"",""dosha"":""Pitta"",""prakriti"":""Pitta"",""season"":""Varsha""}",positive,Patient responded well to treatment.,False,2026-07-03T11:05:33.265506
41e744db-4414-4535-b67a-3e35f93a51d7,154bbf2d-5368-4eeb-9ffa-33967d0ab6c6,94bba678-968f-4431-91a9-2e9c388926a0,{},"{""disease"":""Diarrhea (Atisara)"",""dosha"":""Pitta"",""prakriti"":""Pitta"",""season"":""Varsha""}",positive,Excellent recovery.,False,2026-07-03T11:05:33.265506
d1838a41-10cf-449f-b149-09b62e6393da,881dc7fa-c689-4a27-aa73-9fc771cc3859,99e1bf62-3737-45cc-b8f6-dfb6e64c8af0,{},"{""disease"":""Joint Pain (Amavata)"",""dosha"":""Vata"",""prakriti"":""Vata"",""season"":""Varsha""}",positive,Requires follow-up after 1 month.,False,2026-07-03T11:05:33.265506
bb1be77e-714d-494f-8b04-f6505f893f4b,493ce533-a40e-41da-b998-80990e815203,7e9046f7-b24e-4fbb-a78f-5cbbd1aeb841,{},"{""disease"":""Skin Infection (Kushtha)"",""dosha"":""Kapha"",""prakriti"":""Kapha"",""season"":""Varsha""}",positive,Requires follow-up after 1 month.,False,2026-07-03T11:05:33.265506
3dd05ff3-4963-4584-85a2-d8b411536e76,a3d0adbd-0a8a-4458-b071-8ee03e1f452a,91bb8e74-c2ee-4d41-a6a5-774abb6c19ad,{},"{""disease"":""Malaria (Vishama Jwara)"",""dosha"":""Pitta"",""prakriti"":""Pitta"",""season"":""Varsha""}",positive,Requires follow-up after 1 month.,False,2026-07-03T11:05:33.265506
3e6f2f0d-11b2-4acb-908c-baa86a523687,5cec6846-ee26-4a02-8fb2-577ebb323eff,aba93929-400a-4a97-90aa-0c8584336955,{},"{""disease"":""Diarrhea (Atisara)"",""dosha"":""Pitta"",""prakriti"":""Pitta"",""season"":""Varsha""}",positive,Excellent recovery.,False,2026-07-03T11:05:33.265506
4a13f5e2-1f6a-4f8b-967d-82bbc93bd46a,84cdf1ff-fdd5-4fe5-acc2-4e3ea3f03ad6,6cf5d2e8-0d8d-41b6-a252-0f1cbd3126bb,{},"{""disease"":""Diarrhea (Atisara)"",""dosha"":""Pitta"",""prakriti"":""Pitta"",""season"":""Varsha""}",negative,Requires follow-up after 1 month.,False,2026-07-03T11:05:33.265506
9868ddf1-b53e-4773-9a43-805447da2c28,6632d43c-3a96-476e-84b8-dcec0dde708c,5c226028-e56f-4b03-b6ca-e2e94d27f750,{},"{""disease"":""Malaria (Vishama Jwara)"",""dosha"":""Pitta"",""prakriti"":""Pitta"",""season"":""Varsha""}",positive,Excellent recovery.,False,2026-07-03T11:05:33.265506
565051d2-a613-4426-9b9f-779dc0479281,9f8a98d2-a7aa-41a6-a9b6-3e052ae361b4,8963525f-dec2-4a15-b5c1-248f2b1f96f4,{},"{""disease"":""Malaria (Vishama Jwara)"",""dosha"":""Pitta"",""prakriti"":""Pitta"",""season"":""Varsha""}",negative,"Minimal response, dosage adjusted.",False,2026-07-03T11:05:33.265506
6ccf873d-9991-4cfb-96bf-17a484bcb03e,e1efcd00-e449-4ad3-9924-97ba721d96c1,893eddf3-6086-425d-895b-de3e372b378c,{},"{""disease"":""Joint Pain (Amavata)"",""dosha"":""Vata"",""prakriti"":""Vata"",""season"":""Varsha""}",negative,Excellent recovery.,False,2026-07-03T11:05:33.265506
66631b56-4acd-4a6e-86a6-f0fdc2cfe24d,ddcc336f-74ea-4cb1-99ad-e7643ecb2c8b,65ebde47-db35-41c5-9f4d-6f5622e5c221,{},"{""disease"":""Dengue (Dandashthaka Jwara)"",""dosha"":""Pitta"",""prakriti"":""Pitta"",""season"":""Varsha""}",positive,Requires follow-up after 1 month.,False,2026-07-03T11:05:33.265506
919c8d84-da4c-4377-a8a7-286aed496259,7fb71aa9-1172-43dd-901d-71c9308d0d5a,55799607-3f87-4e5b-bec6-a528be86b53f,{},"{""disease"":""Dengue (Dandashthaka Jwara)"",""dosha"":""Pitta"",""prakriti"":""Pitta"",""season"":""Varsha""}",positive,"Minimal response, dosage adjusted.",False,2026-07-03T11:05:33.265506
ef5ee41f-74f1-41af-9e08-77cbe9a7b8e5,ddcc336f-74ea-4cb1-99ad-e7643ecb2c8b,2af592ef-102c-44f0-8e3b-e91866b6ca13,{},"{""disease"":""Malaria (Vishama Jwara)"",""dosha"":""Pitta"",""prakriti"":""Pitta"",""season"":""Varsha""}",positive,Patient responded well to treatment.,False,2026-07-03T11:05:33.265506
e9972ee0-e690-43be-9cb7-746fc4ebc8b0,fce7a316-7a3c-4e5c-a936-2bdfb6b526e5,b61d3747-9a13-4c03-9549-312b9c0be488,{},"{""disease"":""Malaria (Vishama Jwara)"",""dosha"":""Pitta"",""prakriti"":""Pitta"",""season"":""Varsha""}",positive,Good improvement noted after 2 weeks.,False,2026-07-03T11:05:33.265506
b56b1d7a-c830-4f45-aa69-e18318040167,5b077a5a-6fe9-449a-b002-65fa60750bef,fdaea991-23af-4a80-aac1-a826c311f13a,{},"{""disease"":""Skin Infection (Kushtha)"",""dosha"":""Kapha"",""prakriti"":""Kapha"",""season"":""Varsha""}",negative,Patient responded well to treatment.,False,2026-07-03T11:05:33.265506
dcdeaf70-bb4c-4517-a805-c358c9859b92,cef256de-7027-4c91-b77c-aeba646f95c2,31a6a323-6646-42d4-a2bb-a07fa64d37b7,{},"{""disease"":""Fever (Jwara)"",""dosha"":""Pitta"",""prakriti"":""Pitta"",""season"":""Varsha""}",positive,Excellent recovery.,False,2026-07-03T11:05:33.265506
52083a39-eb05-407d-829f-5920108441cc,70a0cfb7-ee40-4a08-bd6e-4e011a012e73,8c8e76a1-b7f1-47b0-881c-23bc76a11a0a,{},"{""disease"":""Fever (Jwara)"",""dosha"":""Pitta"",""prakriti"":""Pitta"",""season"":""Varsha""}",positive,Excellent recovery.,False,2026-07-03T11:05:33.265506
295071c3-c6fd-459b-97b7-cdfb2b1c67f7,95a5c4de-24b2-4b6a-a372-c1a6092bc230,e1881d22-e83b-47cd-8595-2dad665f0029,{},"{""disease"":""Fever (Jwara)"",""dosha"":""Pitta"",""prakriti"":""Pitta"",""season"":""Varsha""}",positive,Excellent recovery.,False,2026-07-03T11:05:33.265506
0b57d142-22c2-4cbc-bfeb-ca4ebc4e39b0,b30ca37b-a315-4855-83d7-b9eedff50f6d,4a2386b1-d071-40ff-8096-14fd9012ab66,{},"{""disease"":""Digestive Disorder (Vikara)"",""dosha"":""Pitta-Vata"",""prakriti"":""Pitta"",""season"":""Varsha""}",positive,"Minimal response, dosage adjusted.",False,2026-07-03T11:05:33.265506
7a57fcd1-9cf2-431d-a338-431923d83678,310f9b10-b619-47ee-b429-3e77ea1012c0,d96f2534-0a50-4fa0-b11c-419abf16f5ac,{},"{""disease"":""Lymphadenopathy (Apachi)"",""dosha"":""Pitta"",""prakriti"":""Pitta"",""season"":""Varsha""}",positive,Good improvement noted after 2 weeks.,False,2026-07-03T11:05:33.265506
aff63640-2f01-4ca7-8a60-fe5aba174bd5,47858567-6aac-44d7-9781-0cc941cbdfe4,66ff3adb-820a-476a-acaa-46e05602f316,{},"{""disease"":""Worm Infection (Krimi Roga)"",""dosha"":""Vata"",""prakriti"":""Vata"",""season"":""Varsha""}",positive,"Minimal response, dosage adjusted.",False,2026-07-03T11:05:33.265506
e36cb9cc-5896-4558-a5c6-4dac83283676,b24372cb-0bf9-463e-b70e-5cb1c24a300e,d56990bc-9d04-4a37-93ce-ddb9632d1902,{},"{""disease"":""Menstrual Disorder (Artava Dushti)"",""dosha"":""Vata-Pitta"",""prakriti"":""Vata"",""season"":""Varsha""}",negative,"Minimal response, dosage adjusted.",False,2026-07-03T11:05:33.265506
006dc50e-ecfa-4deb-8f21-1b3d1459f658,bc599ee1-0c6b-4fb8-ba60-a0ec12122c97,79a3a471-de38-4d6c-9dba-77bcd789fd80,{},"{""disease"":""Hyperlipidemia (Medo Vriddhi)"",""dosha"":""Kapha"",""prakriti"":""Kapha"",""season"":""Varsha""}",positive,"Minimal response, dosage adjusted.",False,2026-07-03T11:05:33.265506
396ab03e-8063-46b4-b1f7-8f95738e449d,a437cbaa-d6ec-4051-b939-8cc1ce50c44c,0c9a4619-b845-495f-a903-ccfd0ff036a9,{},"{""disease"":""Gingivitis (Danta Vidradhi)"",""dosha"":""Pitta"",""prakriti"":""Pitta"",""season"":""Varsha""}",positive,Patient responded well to treatment.,False,2026-07-03T11:05:33.265506
dc239a16-bbdc-4e17-8789-8a923eff6374,b8558f6b-1005-494c-9253-bafc46f9130b,13b88d05-c07b-49d6-95e9-7f174a09f325,{},"{""disease"":""Goiter (Galaganda)"",""dosha"":""Vata-Pitta"",""prakriti"":""Kapha"",""season"":""Varsha""}",positive,Patient responded well to treatment.,False,2026-07-03T11:05:33.265506
5a9197b2-2dfa-4361-97ca-4599d30a600e,ccb0be9b-ffc4-41e2-aab9-f4cedef39498,ae57e222-7965-4293-afcf-934eeec88b11,{},"{""disease"":""Amebiasis (Pittaja Atisara)"",""dosha"":""Pitta-Kapha"",""prakriti"":""Pitta"",""season"":""Varsha""}",positive,,False,2026-07-03T11:05:33.265506
e2df2335-fb50-4a22-aa09-dc01e40e0c69,78b5103d-d013-4bf6-b81f-ece600e7fba4,cce7cb31-78db-4194-b4a4-295db2d4758d,{},"{""disease"":""Back Pain (Prishtha Shoola)"",""dosha"":""Vata"",""prakriti"":""Vata"",""season"":""Varsha""}",negative,Patient responded well to treatment.,False,2026-07-03T11:05:33.265506
ba002221-2a11-4cf1-8091-59fd13000991,4571dd57-064d-4016-a800-f13c33ed96fa,155b5d2b-1d15-4c4d-9e70-86b26d8be308,{},"{""disease"":""Prostate Enlargement (Vriddhi)"",""dosha"":""Vata"",""prakriti"":""Vata"",""season"":""Varsha""}",positive,Excellent recovery.,False,2026-07-03T11:05:33.265506
d4768410-2503-4961-ad3c-8c46fc94f805,b8c2f23f-7205-4ce2-b408-163f542bd7b2,170c5b15-bbe8-4682-a633-6f14d0660a2b,{},"{""disease"":""Tinnitus (Karnanada)"",""dosha"":""Vata"",""prakriti"":""Vata"",""season"":""Varsha""}",positive,,False,2026-07-03T11:05:33.265506
a77c3f23-06fa-4e69-a656-16090cd7caec,d334836d-f7e8-4a2c-8348-0d18e7793074,b10e5c73-00aa-42d4-bd11-58c89a786af1,{},"{""disease"":""Gingivitis (Danta Vidradhi)"",""dosha"":""Pitta"",""prakriti"":""Pitta"",""season"":""Varsha""}",positive,Requires follow-up after 1 month.,False,2026-07-03T11:05:33.265506
394d8849-4d61-406c-af30-6491f9f5e451,ecdd2715-8870-4038-b792-8e16cdbef190,76c72d90-e8db-4aba-a33e-d0e1e7d5ca14,{},"{""disease"":""Sinusitis (Apinasa)"",""dosha"":""Vata-Kapha"",""prakriti"":""Kapha"",""season"":""Varsha""}",positive,Excellent recovery.,False,2026-07-03T11:05:33.265506
45d50001-e67c-4363-9296-0ec3686330bc,870d7afe-c6c2-4882-9958-af76ea166c67,94caf98e-b95a-4bdf-9dc1-9e411e6391ab,{},"{""disease"":""Digestive Disorder (Vikara)"",""dosha"":""Pitta-Vata"",""prakriti"":""Pitta"",""season"":""Varsha""}",negative,Requires follow-up after 1 month.,False,2026-07-03T11:05:33.265506
b0019339-a647-434a-adfb-c2858b059ab4,12825953-c5f2-4160-bc7f-c5997e75486e,16f8cc58-49f3-4617-8e71-e80c9ac5fb07,{},"{""disease"":""Acne (Yuvana Pidika)"",""dosha"":""Pitta-Kapha"",""prakriti"":""Pitta"",""season"":""Varsha""}",positive,Excellent recovery.,False,2026-07-03T11:05:33.265506
9a6657f0-135a-4c83-a8e4-dfa8a2c7a815,b9b2ef83-b99f-4e76-a2ab-5d183eebf521,39d3e90f-06ab-4dbd-8c99-21631c0a973b,{},"{""disease"":""Irritable Bowel Syndrome (Grahani)"",""dosha"":""Vata"",""prakriti"":""Vata"",""season"":""Varsha""}",positive,Requires follow-up after 1 month.,False,2026-07-03T11:05:33.265506
35712c8a-7393-4d23-8f75-a251e424b216,0af349d2-942f-45d5-9bc2-64345d05fbea,70b69a6a-07ce-4169-a8cb-6cef7961a4c4,{},"{""disease"":""Digestive Disorder (Vikara)"",""dosha"":""Pitta-Vata"",""prakriti"":""Pitta"",""season"":""Varsha""}",positive,Excellent recovery.,False,2026-07-03T11:05:33.265506
6771d64f-76de-444f-85fd-7708f55d7c97,236bd531-011b-4496-b852-939257e25773,791ede7c-9a05-463f-ae41-1829b4b92cd9,{},"{""disease"":""Burnout (Chitta Klama)"",""dosha"":""Vata-Pitta"",""prakriti"":""Vata"",""season"":""Varsha""}",positive,Patient responded well to treatment.,False,2026-07-03T11:05:33.265506
cd870a54-3648-4ad7-9b34-a65df44a7394,fb8f5ee9-eb28-49ae-9b13-1a79bfbe6552,e32b4136-2e7f-4435-97a3-fee176c478f7,{},"{""disease"":""Metabolic Syndrome (Santarpana Janya Vikara)"",""dosha"":""Kapha"",""prakriti"":""Kapha"",""season"":""Varsha""}",positive,"Minimal response, dosage adjusted.",False,2026-07-03T11:05:33.265506
d24d2dca-eeea-44de-9f18-879b0e7775d9,01d1fa93-bd3f-44b0-b8a1-81b87e0e7564,13338b82-1c13-4abb-b42b-9451789286ca,{},"{""disease"":""Acne (Yuvana Pidika)"",""dosha"":""Pitta-Kapha"",""prakriti"":""Pitta"",""season"":""Varsha""}",positive,Excellent recovery.,False,2026-07-03T11:05:33.265506
646d0b11-8e60-403e-b1a3-b9758ed08eb1,1b8907f8-c801-4a84-bbb3-a6d21a4da257,bb5302b1-30ac-46b0-81f5-c825068bd8a5,{},"{""disease"":""Chikungunya (Sandhi Jwara)"",""dosha"":""Vata-Pitta"",""prakriti"":""Pitta"",""season"":""Varsha""}",positive,Excellent recovery.,False,2026-07-03T11:05:33.265506
1b3b7ede-0679-44d3-8dd0-1d0a7307da3e,47858567-6aac-44d7-9781-0cc941cbdfe4,a1dd4467-a150-4a02-9ed3-ed535a32e9df,{},"{""disease"":""Conjunctivitis (Netra Abhishyanda)"",""dosha"":""Pitta"",""prakriti"":""Pitta"",""season"":""Varsha""}",positive,Requires follow-up after 1 month.,False,2026-07-03T11:05:33.265506
cbcb9588-0974-4246-9c29-d78d4ffac1bb,e2e19b7c-867f-43b6-9141-af8b63dab285,ae1ba664-35db-48ae-89a5-bb3c37176e5c,{},"{""disease"":""Peptic Ulcer (Parinama Shoola)"",""dosha"":""Pitta"",""prakriti"":""Pitta"",""season"":""Varsha""}",negative,Good improvement noted after 2 weeks.,False,2026-07-03T11:05:33.265506
6974d8f3-ad0c-41f1-b7af-36fd15df5ac0,17aadfbf-c118-4eff-83ee-785fef98771a,c16a8c69-733c-43e0-8bcb-a28073370a52,{},"{""disease"":""Mumps (Karnamoola Shotha)"",""dosha"":""Kapha"",""prakriti"":""Kapha"",""season"":""Varsha""}",positive,Good improvement noted after 2 weeks.,False,2026-07-03T11:05:33.265506
904d6922-4ed3-4c35-ab11-bb42f8ff2db6,d56a8d27-6a5a-4e28-a957-7d883cf46c3c,2eacd4ad-a42d-4fa2-ae01-26dc5316e3d0,{},"{""disease"":""Tonsillitis (Tundikeri)"",""dosha"":""Kapha-Pitta"",""prakriti"":""Kapha"",""season"":""Varsha""}",positive,Requires follow-up after 1 month.,False,2026-07-03T11:05:33.265506
9e7de7df-fe58-457d-a7aa-34d605360f80,6e84f7a6-eb67-48e5-9d55-6a4a09594123,9d51f589-77e0-439f-a838-0e1eb3d6bc09,{},"{""disease"":""Sinusitis (Apinasa)"",""dosha"":""Vata-Kapha"",""prakriti"":""Kapha"",""season"":""Varsha""}",positive,Good improvement noted after 2 weeks.,False,2026-07-03T11:05:33.265506
2ff7ec3f-2b9b-4091-86f5-0335e5544c86,9daa4358-a717-447a-a1fb-171c97c752e5,dd2abfc6-e6ed-4b13-8e01-c86250198ea9,{},"{""disease"":""Depression (Vishada)"",""dosha"":""Vata-Pitta"",""prakriti"":""Vata"",""season"":""Varsha""}",negative,,False,2026-07-03T11:05:33.265506
6879e719-56f2-4e0c-9bc6-8eba60e597e8,879a6629-a37f-4da9-a046-c5ae1e31523e,f3433375-6e73-4232-b3ea-74ce8ffb9c34,{},"{""disease"":""Depression (Vishada)"",""dosha"":""Vata-Pitta"",""prakriti"":""Vata"",""season"":""Varsha""}",positive,Good improvement noted after 2 weeks.,False,2026-07-03T11:05:33.265506
56837698-e866-4c3e-bc48-c734a36cc93c,aa15fab5-3ec4-43e0-8861-ea6a4a239468,45d8979c-bc5d-49bb-baa7-89278e1449a3,{},"{""disease"":""Stress (Manasika Tanava)"",""dosha"":""Vata"",""prakriti"":""Vata"",""season"":""Varsha""}",positive,"Minimal response, dosage adjusted.",False,2026-07-03T11:05:33.265506
fded4e83-b0fc-4adf-86c6-2c1f289f978e,b246f2ff-847e-47c8-80eb-ce7edb739244,f53adb9f-2ae8-440f-8aca-75a8cb93d5ef,{},"{""disease"":""Infertility (Vandhyatva)"",""dosha"":""Vata-Pitta"",""prakriti"":""Vata"",""season"":""Varsha""}",positive,Excellent recovery.,False,2026-07-03T11:05:33.265506
5818bfd6-f87e-499a-8193-6ed0142b96ee,da119ab8-32bc-41cf-9c9b-61fa5b244629,54935a86-780f-4d03-bc7e-697916b06e23,{},"{""disease"":""Ulcerative Colitis (Raktatisara)"",""dosha"":""Vata-Pitta"",""prakriti"":""Pitta"",""season"":""Varsha""}",positive,Good improvement noted after 2 weeks.,False,2026-07-03T11:05:33.265506
4b81ea97-99f8-4026-8149-638d92a81b78,5f999622-7d9c-4b02-b29b-67df78fc574e,9314c1f9-09ed-40fb-93b8-f7faf7827b9a,{},"{""disease"":""Infertility (Vandhyatva)"",""dosha"":""Vata-Pitta"",""prakriti"":""Vata"",""season"":""Varsha""}",positive,,False,2026-07-03T11:05:33.265506
4b100ac4-d5a8-49a8-9d14-8a69280558ea,3da22f31-c409-48ac-b0b8-b418d1d428c6,67b856a7-56b0-458e-8cd8-d1aa93d66fac,{},"{""disease"":""Prostate Enlargement (Vriddhi)"",""dosha"":""Vata"",""prakriti"":""Vata"",""season"":""Varsha""}",positive,Requires follow-up after 1 month.,False,2026-07-03T11:05:33.265506
e242bd58-e825-4c0e-93a9-402d9b0ba5e9,7a255235-be19-4fef-9cfa-dfe170fe6ff9,c872e534-6fd5-40bb-acb9-d76cb4cacc77,{},"{""disease"":""Spondylosis (Griva Sandhigata Vata)"",""dosha"":""Vata"",""prakriti"":""Vata"",""season"":""Varsha""}",positive,"Minimal response, dosage adjusted.",False,2026-07-03T11:05:33.265506
85321666-e140-4e8b-86dd-1b247135da17,f8af0b06-2aa7-4127-9b25-329f239407ef,31ed699e-2ed6-45e8-982e-c42847526885,{},"{""disease"":""Burnout (Chitta Klama)"",""dosha"":""Vata-Pitta"",""prakriti"":""Vata"",""season"":""Varsha""}",negative,,False,2026-07-03T11:05:33.265506
ecd55dc4-9ee1-4f2b-8f28-ec7f82ad2693,33d39fd4-fa6f-496d-b800-e6575f4b54f4,08b2c085-c13c-44c0-b60c-15da3c91c7a9,{},"{""disease"":""Alopecia (Indralupta)"",""dosha"":""Pitta"",""prakriti"":""Pitta"",""season"":""Varsha""}",positive,Patient responded well to treatment.,False,2026-07-03T11:05:33.265506
b63d194a-685e-4c89-963b-a7d7e1cc1f44,a56620ff-cd66-445a-9379-79b79f07ea11,cb4cab06-f218-4b1e-8733-3ec764c4d86e,{},"{""disease"":""Tonsillitis (Tundikeri)"",""dosha"":""Kapha-Pitta"",""prakriti"":""Kapha"",""season"":""Varsha""}",positive,Good improvement noted after 2 weeks.,False,2026-07-03T11:05:33.265506
773d2ce3-afbf-4927-abfb-e99246f46972,b132388d-0113-4aa6-9960-a5bebd09ad8c,bf07cebc-ccf4-4765-8efc-5c46cc5697d8,{},"{""disease"":""Gout (Vatarakta)"",""dosha"":""Vata-Pitta"",""prakriti"":""Pitta"",""season"":""Varsha""}",positive,Requires follow-up after 1 month.,False,2026-07-03T11:05:33.265506
f39c1c7b-d903-4218-bd0c-a681d07a0008,512ff615-7fc3-4c20-b3ab-ae3f16470b94,446c0b23-a0ac-40f8-b306-7415a27c28e8,{},"{""disease"":""Hypertension (Raktachaapa Vriddhi)"",""dosha"":""Pitta"",""prakriti"":""Pitta"",""season"":""Varsha""}",positive,Excellent recovery.,False,2026-07-03T11:05:33.265506
32425a88-8d80-462a-924d-53108b3737b5,278b17ed-0861-4cf5-b606-be2b5c4948f9,7da26841-576c-4f6d-81f8-0f914d3b6c7f,{},"{""disease"":""Sciatica (Gridhrasi)"",""dosha"":""Vata"",""prakriti"":""Vata"",""season"":""Varsha""}",positive,"Minimal response, dosage adjusted.",False,2026-07-03T11:05:33.265506
99917919-4196-4735-8f46-b5f405bcbfd6,61e13cea-61ab-4d3b-9aed-773ece96fa27,90f06a3c-9a4b-4171-9019-3bbc5b582e8a,{},"{""disease"":""Liver Disorder (Yakrit Vikara)"",""dosha"":""Pitta-Kapha"",""prakriti"":""Pitta"",""season"":""Varsha""}",positive,Excellent recovery.,False,2026-07-03T11:05:33.265506
83956c7f-b60d-48d6-af95-5ea6011c63b9,0f248608-b576-405c-8ef2-f4c93de4738f,a18618ae-fe08-4c2c-9caf-3f98baa2e983,{},"{""disease"":""Dengue (Dandashthaka Jwara)"",""dosha"":""Pitta"",""prakriti"":""Pitta"",""season"":""Varsha""}",negative,Excellent recovery.,False,2026-07-03T11:05:33.265506
d38a3c0e-ee60-4b0c-8a0a-e71827e107e8,fce7a316-7a3c-4e5c-a936-2bdfb6b526e5,2b6d9418-6af6-4e7c-87cb-728de1238c97,{},"{""disease"":""Dengue (Dandashthaka Jwara)"",""dosha"":""Pitta"",""prakriti"":""Pitta"",""season"":""Varsha""}",positive,Good improvement noted after 2 weeks.,False,2026-07-03T11:05:33.265506
8dc17344-e418-4317-83e5-62db51c1ad55,ea26129d-95c5-47a2-b116-084b8b787324,4591f8b1-8220-4715-b160-817475cac06e,{},"{""disease"":""Dengue (Dandashthaka Jwara)"",""dosha"":""Pitta"",""prakriti"":""Pitta"",""season"":""Varsha""}",negative,Requires follow-up after 1 month.,False,2026-07-03T11:05:33.265506
65bdb78c-914a-4403-bd57-0c32e6e78f77,db501886-5f31-41c5-b8e9-e9d8b8dc433d,a83bd22a-7e67-4a5a-b1bc-b10f98b9478c,{},"{""disease"":""Fever (Jwara)"",""dosha"":""Pitta"",""prakriti"":""Pitta"",""season"":""Varsha""}",negative,"Minimal response, dosage adjusted.",False,2026-07-03T11:05:33.265506
ced85acf-0019-41b8-9104-8bdf70999ed4,096ac027-c11d-48db-bd5c-a086d956f26c,95e1f4f8-d606-4da2-a7e6-c740f0218b1a,{},"{""disease"":""Dengue (Dandashthaka Jwara)"",""dosha"":""Pitta"",""prakriti"":""Pitta"",""season"":""Varsha""}",positive,Patient responded well to treatment.,False,2026-07-03T11:05:33.265506
63c5965d-c743-48b7-ae77-2d81dc3ec64c,ec7594dd-41be-4a51-a36b-827e6f011660,d03e7efa-3a7b-43c4-9512-6fcb917236a1,{},"{""disease"":""Indigestion (Ajirna)"",""dosha"":""Vata"",""prakriti"":""Vata"",""season"":""Varsha""}",positive,Excellent recovery.,False,2026-07-03T11:05:33.265506
ba122fe9-8e27-42a1-b559-56e8e47c4950,1888f6f7-5d27-4a5a-9f07-399bf5c9b2ed,ecf292d4-11ec-44c6-8f85-3bfc9d2944dd,{},"{""disease"":""Dengue (Dandashthaka Jwara)"",""dosha"":""Pitta"",""prakriti"":""Pitta"",""season"":""Varsha""}",negative,,False,2026-07-03T11:05:33.265506
df5dd9ef-e410-4496-9fb9-db415aa16e6f,e726f11b-11bb-4f80-87b3-c554a5e81cee,0c2d4877-be8a-44ce-adb2-0836b561c5bc,{},"{""disease"":""Dengue (Dandashthaka Jwara)"",""dosha"":""Pitta"",""prakriti"":""Pitta"",""season"":""Varsha""}",negative,"Minimal response, dosage adjusted.",False,2026-07-03T11:05:33.265506
5c2f756d-1d9d-468b-9c4a-89821aeeec8b,8bbaaa32-f417-4c8e-b4ce-044046e2b7bf,04a7e55c-e2b8-460b-bce4-10efd906715d,{},"{""disease"":""Diarrhea (Atisara)"",""dosha"":""Pitta"",""prakriti"":""Pitta"",""season"":""Varsha""}",positive,Good improvement noted after 2 weeks.,False,2026-07-03T11:05:33.265506
228e2a9c-e4a1-44de-9d9d-e85779ac0cc5,e7621c85-6490-49b3-97e2-0736bf159cca,a68d0aa4-77ae-4477-9b74-4bc444f36ec0,{},"{""disease"":""Dengue (Dandashthaka Jwara)"",""dosha"":""Pitta"",""prakriti"":""Pitta"",""season"":""Varsha""}",negative,Patient responded well to treatment.,False,2026-07-03T11:05:33.265506
8fc8c924-8df0-4d09-a6e8-97a957ab245d,ddcc336f-74ea-4cb1-99ad-e7643ecb2c8b,da6fbae9-79c6-4543-8a59-110de80e3cdc,{},"{""disease"":""Dengue (Dandashthaka Jwara)"",""dosha"":""Pitta"",""prakriti"":""Pitta"",""season"":""Varsha""}",positive,,False,2026-07-03T11:05:33.265506
38e930a4-4c8b-4b3d-ac91-e742478e0f12,5f486f2c-66a3-4f11-9cd8-3a64bac4e545,e7ee2310-1da4-4007-8177-8a56a4cbd431,{},"{""disease"":""Fever (Jwara)"",""dosha"":""Pitta"",""prakriti"":""Pitta"",""season"":""Varsha""}",positive,Excellent recovery.,False,2026-07-03T11:05:33.265506
ae1e5595-3a35-46eb-945c-0c029ee3d4d6,da107e8b-0fce-4d30-acb4-2d9b6cc0d44c,cb16d09c-105b-4ee3-b768-f37dcc6483f6,{},"{""disease"":""Dengue (Dandashthaka Jwara)"",""dosha"":""Pitta"",""prakriti"":""Pitta"",""season"":""Varsha""}",positive,Good improvement noted after 2 weeks.,False,2026-07-03T11:05:33.265506
2504c82f-539c-4f81-bdb0-21204fd34b89,9205ae42-b451-45be-8ede-80396a10ae1c,27f9a53f-1a4f-4913-8e3b-4aa000da9dcf,{},"{""disease"":""Dengue (Dandashthaka Jwara)"",""dosha"":""Pitta"",""prakriti"":""Pitta"",""season"":""Varsha""}",positive,Patient responded well to treatment.,False,2026-07-03T11:05:33.265506
59092778-5281-4e6b-aeaa-93cc7daad96e,5aed274c-93eb-4565-b320-83ac9ca24032,a8e95c48-a965-4baa-acd3-490588c7883b,{},"{""disease"":""Fever (Jwara)"",""dosha"":""Pitta"",""prakriti"":""Pitta"",""season"":""Varsha""}",negative,Excellent recovery.,False,2026-07-03T11:05:33.265506
c93052bf-d86c-4d1a-afbe-3b44131841e2,d199c76c-07d4-4c34-8735-62c346a22643,e40f43a3-394a-4f3c-9b9a-8830c206e223,{},"{""disease"":""Indigestion (Ajirna)"",""dosha"":""Vata"",""prakriti"":""Vata"",""season"":""Varsha""}",negative,"Minimal response, dosage adjusted.",False,2026-07-03T11:05:33.265506
5d9d599c-3f93-43cb-b140-ec02e13a4cb1,4e6f468d-6358-4376-aa1c-a68066dbebb8,5b24d193-ff0c-464f-83dc-abe9d92a4a6a,{},"{""disease"":""Dengue (Dandashthaka Jwara)"",""dosha"":""Pitta"",""prakriti"":""Pitta"",""season"":""Varsha""}",negative,Requires follow-up after 1 month.,False,2026-07-03T11:05:33.265506
3f9ad279-fc62-4c13-9f16-ed02e73da3a7,81a48133-5ea2-4775-a92b-b173a78693b9,da62a2bc-6729-41cf-9df1-3594d7b70ffd,{},"{""disease"":""Dengue (Dandashthaka Jwara)"",""dosha"":""Pitta"",""prakriti"":""Pitta"",""season"":""Varsha""}",positive,Excellent recovery.,False,2026-07-03T11:05:33.265506
f46c1d24-fed8-4e80-8fb1-354d86a328a5,5d88a728-570d-4b0f-a63b-28efe8390b13,e8b811b4-cbb3-43f1-9f5f-eecf585f034b,{},"{""disease"":""Fever (Jwara)"",""dosha"":""Pitta"",""prakriti"":""Pitta"",""season"":""Varsha""}",negative,Excellent recovery.,False,2026-07-03T11:05:33.265506
44e5e10c-06c3-4820-8c19-ada87109c80c,a3d0adbd-0a8a-4458-b071-8ee03e1f452a,f3c37230-7f6d-4953-ab34-23460c8025ea,{},"{""disease"":""Fever (Jwara)"",""dosha"":""Pitta"",""prakriti"":""Pitta"",""season"":""Varsha""}",positive,"Minimal response, dosage adjusted.",False,2026-07-03T11:05:33.265506
0f71f4b4-50d2-4078-9c0b-9de50d472842,5b649c9e-2cf1-4dc6-ba33-7e996ad77ef6,49110474-42c9-4f44-9e33-b6bfe08a4abf,{},"{""disease"":""Malaria (Vishama Jwara)"",""dosha"":""Pitta"",""prakriti"":""Pitta"",""season"":""Varsha""}",positive,Patient responded well to treatment.,False,2026-07-03T11:05:33.265506
c2dbae9f-7eec-429a-9f5d-cee2a20eb239,6e790b3b-331d-4e1f-9a80-897f720c0cd0,79eca140-3700-41c9-a1bb-544bbb8f3bef,{},"{""disease"":""Dengue (Dandashthaka Jwara)"",""dosha"":""Pitta"",""prakriti"":""Pitta"",""season"":""Varsha""}",positive,,False,2026-07-03T11:05:33.265506
48aa2d51-326a-43af-8ed3-47868316c831,1a991d8e-17de-4883-bfb3-86d4e97dc1ae,1a7a3cac-0efd-4f6d-822e-c9a37bb26032,{},"{""disease"":""Dengue (Dandashthaka Jwara)"",""dosha"":""Pitta"",""prakriti"":""Pitta"",""season"":""Varsha""}",negative,Requires follow-up after 1 month.,False,2026-07-03T11:05:33.265506
0a2b9424-f9be-4cd4-b1cf-63d82a6a0e6a,990bb1b9-acaa-42db-87d3-687436db2af3,7873c535-b713-4d3b-acfe-d7662ed93bc2,{},"{""disease"":""Diarrhea (Atisara)"",""dosha"":""Pitta"",""prakriti"":""Pitta"",""season"":""Varsha""}",positive,Requires follow-up after 1 month.,False,2026-07-03T11:05:33.265506
68253fcc-156b-430f-ab03-3e3445ede91d,16a1de90-da6a-4cc1-9285-5b3be704c9df,419f839d-9993-4442-a960-bf21afa44268,{},"{""disease"":""Dengue (Dandashthaka Jwara)"",""dosha"":""Pitta"",""prakriti"":""Pitta"",""season"":""Varsha""}",negative,"Minimal response, dosage adjusted.",False,2026-07-03T11:05:33.265506
fa7c51ee-da93-4834-91f6-f677f423d21d,b70b6866-fc93-49b0-82ff-5829d7478c5e,efc01f09-0ca5-49c9-8f87-4504cabc624f,{},"{""disease"":""Indigestion (Ajirna)"",""dosha"":""Vata"",""prakriti"":""Vata"",""season"":""Varsha""}",positive,"Minimal response, dosage adjusted.",False,2026-07-03T11:05:33.265506
3ab4566c-fbb9-4659-8cc1-b977eca87cb2,a3d0adbd-0a8a-4458-b071-8ee03e1f452a,6d8210b6-de28-42e1-8daa-6a9b2099a55b,{},"{""disease"":""Fever (Jwara)"",""dosha"":""Pitta"",""prakriti"":""Pitta"",""season"":""Varsha""}",positive,Requires follow-up after 1 month.,False,2026-07-03T11:05:33.265506
fc7dcc71-0ede-4870-abe6-0ce5926e61b1,b559e569-3c1c-4d8f-a9bf-e1d850987fba,f64aab6a-99cd-4fc6-a582-9e5cd82d378c,{},"{""disease"":""Dengue (Dandashthaka Jwara)"",""dosha"":""Pitta"",""prakriti"":""Pitta"",""season"":""Varsha""}",positive,Patient responded well to treatment.,False,2026-07-03T11:05:33.265506
8a3fd5d3-6436-4597-b3a8-62c90ed93eaa,e8fc7959-0c7d-4af4-a794-219eefc066e0,505af37a-4df2-49d8-aa4e-d07a269c9ced,{},"{""disease"":""Dengue (Dandashthaka Jwara)"",""dosha"":""Pitta"",""prakriti"":""Pitta"",""season"":""Varsha""}",positive,"Minimal response, dosage adjusted.",False,2026-07-03T11:05:33.265506
475b4b9f-178a-4669-b56c-e062a4df8e15,1b8907f8-c801-4a84-bbb3-a6d21a4da257,e25ce362-d16b-417e-9774-f8f7f3f1d9ce,{},"{""disease"":""Fever (Jwara)"",""dosha"":""Pitta"",""prakriti"":""Pitta"",""season"":""Varsha""}",positive,Requires follow-up after 1 month.,False,2026-07-03T11:05:33.265506
3734f14f-50f9-4054-94fb-6951e858c9b9,e5b79175-2950-45f6-9957-7fad88f7e4cb,6318ff17-4a51-4580-9be9-c5c74e335b3e,{},"{""disease"":""Fever (Jwara)"",""dosha"":""Pitta"",""prakriti"":""Pitta"",""season"":""Varsha""}",positive,"Minimal response, dosage adjusted.",False,2026-07-03T11:05:33.265506
ae81ecc6-b766-4306-9fd7-f7e354f89aaa,61e13cea-61ab-4d3b-9aed-773ece96fa27,4675bba9-38d7-4990-b355-791ade343f47,{},"{""disease"":""Dengue (Dandashthaka Jwara)"",""dosha"":""Pitta"",""prakriti"":""Pitta"",""season"":""Varsha""}",positive,Patient responded well to treatment.,False,2026-07-03T11:05:33.265506
bab22973-cd36-4edd-b8a5-d454e19f0820,931f10ee-f204-4c0b-b769-d62524ea5c5a,a38622f4-ac1f-4cd6-bbdf-aa7dc8b5a33e,{},"{""disease"":""Dengue (Dandashthaka Jwara)"",""dosha"":""Pitta"",""prakriti"":""Pitta"",""season"":""Varsha""}",positive,Good improvement noted after 2 weeks.,False,2026-07-03T11:05:33.265506
9e5fdd9f-af7c-4e0d-a4a5-6a39a4380576,a5618e73-e168-44c8-ad7c-378dd674bfa5,f3c034fb-ecb4-417c-a2cb-f9ecae0b5414,{},"{""disease"":""Dengue (Dandashthaka Jwara)"",""dosha"":""Pitta"",""prakriti"":""Pitta"",""season"":""Varsha""}",positive,,False,2026-07-03T11:05:33.265506
4838faf9-9ae3-4576-a39b-6987f50b86a8,47858567-6aac-44d7-9781-0cc941cbdfe4,e11d5b64-6cbf-4a03-9be9-b7bd8936c481,{},"{""disease"":""Dengue (Dandashthaka Jwara)"",""dosha"":""Pitta"",""prakriti"":""Pitta"",""season"":""Varsha""}",positive,Excellent recovery.,False,2026-07-03T11:05:33.265506
789b2778-54e5-4e7e-bb09-9ec8260f9c33,8fbbc541-4c1d-4549-9bf6-a39f3e4708e5,cfa0c556-d91c-4d7f-9c00-9994bb460279,{},"{""disease"":""Fever (Jwara)"",""dosha"":""Pitta"",""prakriti"":""Pitta"",""season"":""Varsha""}",positive,,False,2026-07-03T11:05:33.265506
23fef9ae-344d-424d-bb0f-0e904c3d8b76,9200705b-2d04-4331-ae91-664b63fce28d,106b719f-9a3b-453d-a459-e5b92404e70f,{},"{""disease"":""Dengue (Dandashthaka Jwara)"",""dosha"":""Pitta"",""prakriti"":""Pitta"",""season"":""Varsha""}",positive,Patient responded well to treatment.,False,2026-07-03T11:05:33.265506
9666185e-4f5f-4c48-b595-8c66f8856128,c537d593-0428-49b2-8591-d1d72fd039c9,0518c6ac-0334-40f3-b74c-ad50b1106370,{},"{""disease"":""Malaria (Vishama Jwara)"",""dosha"":""Pitta"",""prakriti"":""Pitta"",""season"":""Varsha""}",positive,Requires follow-up after 1 month.,False,2026-07-03T11:05:33.265506
4b96ee59-2765-484d-856b-bb7e79fed87d,b7f1bc96-2036-4120-8cc5-25476cd0dba9,9eae32a4-6349-427e-8983-eaeee7babfb9,{},"{""disease"":""Indigestion (Ajirna)"",""dosha"":""Vata"",""prakriti"":""Vata"",""season"":""Varsha""}",positive,Good improvement noted after 2 weeks.,False,2026-07-03T11:05:33.265506
b16c10c7-7063-44b0-9387-0624f5bd8a22,6b34d482-464b-4342-8047-567d9d38c122,2f14a1ef-1eee-49bd-a6fd-2f156958946d,{},"{""disease"":""Indigestion (Ajirna)"",""dosha"":""Vata"",""prakriti"":""Vata"",""season"":""Varsha""}",negative,"Minimal response, dosage adjusted.",False,2026-07-03T11:05:33.265506
fb789d2e-3c25-4f0d-bf4d-de2d16e90981,4f59a5b0-1126-41ba-8f53-ddbaf28bd393,434130fb-8e12-4dd0-8243-d5c7a93a130f,{},"{""disease"":""Dengue (Dandashthaka Jwara)"",""dosha"":""Pitta"",""prakriti"":""Pitta"",""season"":""Varsha""}",negative,,False,2026-07-03T11:05:33.265506
206bdfc9-a9f8-4331-a9e0-c1d1b7ed4c89,b01c2f08-620e-4003-9146-b2bc5089f338,885d22d6-fe1a-49c7-89d4-86a317fe56d6,{},"{""disease"":""Dengue (Dandashthaka Jwara)"",""dosha"":""Pitta"",""prakriti"":""Pitta"",""season"":""Varsha""}",positive,,False,2026-07-03T11:05:33.265506
b425656a-a4bd-42fd-813d-57fca11d3f8d,f11f882e-26dd-41e5-87c1-1afec3409011,9c0759b8-f068-4388-9877-34834a8f5dd6,{},"{""disease"":""Dengue (Dandashthaka Jwara)"",""dosha"":""Pitta"",""prakriti"":""Pitta"",""season"":""Varsha""}",positive,Patient responded well to treatment.,False,2026-07-03T11:05:33.265506
41341ee4-586c-4cff-b0d3-35c87efb1261,a4ce5ab1-b45b-4210-9ed4-3997ed6f12f7,0c6bf3be-bd20-4857-9e95-ade020769634,{},"{""disease"":""Indigestion (Ajirna)"",""dosha"":""Vata"",""prakriti"":""Vata"",""season"":""Varsha""}",positive,Excellent recovery.,False,2026-07-03T11:05:33.265506
d90c4b87-82d9-47cd-a7a4-f90f2203c5ee,a208147f-d12d-4eb4-8b06-6dc44ee0c0d1,0cde6d4c-b28c-4bd5-a7f2-d8cacdf70bfa,{},"{""disease"":""Fever (Jwara)"",""dosha"":""Pitta"",""prakriti"":""Pitta"",""season"":""Varsha""}",negative,Good improvement noted after 2 weeks.,False,2026-07-03T11:05:33.265506
2206de25-dd2c-4995-a048-255aba944b0b,08aa84de-e5ed-4482-8f62-08862965f54a,ba5dc092-da06-4663-8159-9d56fc0dbce8,{},"{""disease"":""Fever (Jwara)"",""dosha"":""Pitta"",""prakriti"":""Pitta"",""season"":""Varsha""}",positive,Patient responded well to treatment.,False,2026-07-03T11:05:33.265506
5923b51b-352d-45bd-bd68-5e3af053e469,ecdd2715-8870-4038-b792-8e16cdbef190,d8620d2a-26e6-4396-b544-b9260a115256,{},"{""disease"":""Indigestion (Ajirna)"",""dosha"":""Vata"",""prakriti"":""Vata"",""season"":""Varsha""}",positive,"Minimal response, dosage adjusted.",False,2026-07-03T11:05:33.265506
32b67c4d-3b42-44cf-a016-f0718cd042f2,ad7a75c7-29e5-41c7-b74c-f083a374960f,863154ec-03fc-4acb-ae0f-6205ae7b8bc9,{},"{""disease"":""Diarrhea (Atisara)"",""dosha"":""Pitta"",""prakriti"":""Pitta"",""season"":""Varsha""}",positive,Requires follow-up after 1 month.,False,2026-07-03T11:05:33.265506
52612553-9646-4707-9bad-a34f5405c226,9b54c1cd-e8c9-4917-b1b1-0a2c9c5d851b,d6e0e0c7-fa8b-4f8f-b87c-211dd4b5c6dd,{},"{""disease"":""Dengue (Dandashthaka Jwara)"",""dosha"":""Pitta"",""prakriti"":""Pitta"",""season"":""Varsha""}",negative,Excellent recovery.,False,2026-07-03T11:05:33.265506
c9ae71ad-9308-4520-99b8-5ba9c93f7623,379584a5-8530-47b6-8104-98b0bbc9bda9,49c64258-6ce6-4fd2-97f8-0e92b953c9b6,{},"{""disease"":""Fever (Jwara)"",""dosha"":""Pitta"",""prakriti"":""Pitta"",""season"":""Varsha""}",positive,Requires follow-up after 1 month.,False,2026-07-03T11:05:33.265506
28918175-c1b0-4aa4-9890-5a7df7345584,6171640b-b4da-4c73-ac9b-cb26cf602af2,8a155e38-833d-4346-a909-c372613e667b,{},"{""disease"":""Fever (Jwara)"",""dosha"":""Pitta"",""prakriti"":""Pitta"",""season"":""Varsha""}",positive,Excellent recovery.,False,2026-07-03T11:05:33.265506
7e4749ca-e293-411f-ae55-916bbc4b99a2,ea365643-5144-4395-959b-53649d2a3c81,ea83579a-6b66-4416-8769-49af5c2d006b,{},"{""disease"":""Dengue (Dandashthaka Jwara)"",""dosha"":""Pitta"",""prakriti"":""Pitta"",""season"":""Varsha""}",negative,Requires follow-up after 1 month.,False,2026-07-03T11:05:33.265506
4f6e03e1-2984-4ef3-b899-f2ca7330337c,a265ce0b-ca57-415e-93d7-a18f14fc40d2,3b5338dc-0153-46de-b351-e960e692e3a9,{},"{""disease"":""Indigestion (Ajirna)"",""dosha"":""Vata"",""prakriti"":""Vata"",""season"":""Varsha""}",positive,Patient responded well to treatment.,False,2026-07-03T11:05:33.265506
c7fb7b38-aed4-476c-aca6-8686e22e9a11,f0755502-6c6b-43ea-92be-1e8fe6e8750c,36fc15af-47a3-4c15-a1d3-f688486dfb66,{},"{""disease"":""Malaria (Vishama Jwara)"",""dosha"":""Pitta"",""prakriti"":""Pitta"",""season"":""Varsha""}",negative,Excellent recovery.,False,2026-07-03T11:05:33.265506
743f640a-54b9-4f50-818c-147a1ffce246,cdc53634-b109-4a90-9e24-27af7ec732bd,b26feb76-fd38-4832-a557-e5db851a3544,{},"{""disease"":""Dengue (Dandashthaka Jwara)"",""dosha"":""Pitta"",""prakriti"":""Pitta"",""season"":""Varsha""}",positive,"Minimal response, dosage adjusted.",False,2026-07-03T11:05:33.265506
6918d046-6e8b-4ec2-9d31-d4cf30573146,af1ff92b-db40-4e77-8409-485ade2cbbbd,b0c2bb9d-5b20-45a8-9f99-ffc079889ab9,{},"{""disease"":""Dengue (Dandashthaka Jwara)"",""dosha"":""Pitta"",""prakriti"":""Pitta"",""season"":""Varsha""}",positive,Excellent recovery.,False,2026-07-03T11:05:33.265506
371b763b-acf6-4eda-9525-a74f7c214953,1e21e5fa-563d-446e-95f8-a369e03ffefb,733a79f6-872c-4123-86d1-3d6e5beb953f,{},"{""disease"":""Indigestion (Ajirna)"",""dosha"":""Vata"",""prakriti"":""Vata"",""season"":""Varsha""}",negative,"Minimal response, dosage adjusted.",False,2026-07-03T11:05:33.265506
65b84cf1-dfbe-4f50-97fd-25146c1895d5,d1922d18-a85a-4413-8f30-0a1e25b7dfb3,6d4589fa-cdd8-4165-8389-a6439eb8f2a7,{},"{""disease"":""Indigestion (Ajirna)"",""dosha"":""Vata"",""prakriti"":""Vata"",""season"":""Varsha""}",negative,,False,2026-07-03T11:05:33.265506
75ed301d-952f-4bb0-a004-5ef69c9ce56e,05c5d18d-77f0-4ca4-b2cb-7190f17e2181,c72f0b88-f707-42a3-b0fb-21a56b50c4c3,{},"{""disease"":""Indigestion (Ajirna)"",""dosha"":""Vata"",""prakriti"":""Vata"",""season"":""Varsha""}",negative,,False,2026-07-03T11:05:33.265506
71e34788-35ed-410b-90cb-d3421bf947f1,c549a658-4581-40d1-b0a2-3b3070b94950,8f3d7a28-85fd-4c16-a87e-80e6e97db726,{},"{""disease"":""Malaria (Vishama Jwara)"",""dosha"":""Pitta"",""prakriti"":""Pitta"",""season"":""Varsha""}",positive,Excellent recovery.,False,2026-07-03T11:05:33.265506
4473dcef-5c17-418d-9834-b15e297504d3,1895acd7-b472-439c-900f-868a68083e02,b3f7f461-4672-4655-8a26-70bbb3c299e9,{},"{""disease"":""Indigestion (Ajirna)"",""dosha"":""Vata"",""prakriti"":""Vata"",""season"":""Varsha""}",negative,Patient responded well to treatment.,False,2026-07-03T11:05:33.265506
b111eed8-ad90-4c80-9312-77cc3109ba33,c92e0fc7-3198-4532-b141-b1bbc2e34a9a,d068af81-8209-4bda-bbe2-093c99bfb881,{},"{""disease"":""Indigestion (Ajirna)"",""dosha"":""Vata"",""prakriti"":""Vata"",""season"":""Varsha""}",negative,"Minimal response, dosage adjusted.",False,2026-07-03T11:05:33.265506
b35a07f9-65a2-4914-9ec9-5bd50e04a0bb,512ff615-7fc3-4c20-b3ab-ae3f16470b94,101238c1-b266-4e82-b7e5-bab7e008e84f,{},"{""disease"":""Fever (Jwara)"",""dosha"":""Pitta"",""prakriti"":""Pitta"",""season"":""Varsha""}",positive,Requires follow-up after 1 month.,False,2026-07-03T11:05:33.265506
3131219a-4d7a-4ef2-8bda-7b37533abd40,12825953-c5f2-4160-bc7f-c5997e75486e,6a3d2cc5-d838-444a-b2ab-aa7312ea08f7,{},"{""disease"":""Dengue (Dandashthaka Jwara)"",""dosha"":""Pitta"",""prakriti"":""Pitta"",""season"":""Varsha""}",negative,Patient responded well to treatment.,False,2026-07-03T11:05:33.265506
8aa10fa4-2995-4861-a760-631f03d5271c,f05a9cb5-6110-4502-95e1-810ac6ab6b33,5607a0ef-95df-4f3d-b783-cbf4dc7693cf,{},"{""disease"":""Fever (Jwara)"",""dosha"":""Pitta"",""prakriti"":""Pitta"",""season"":""Varsha""}",negative,Excellent recovery.,False,2026-07-03T11:05:33.265506
e567513f-311d-4d3d-8e3e-62ff0d6f1625,f4d5afd4-e183-4732-a4a7-866f5f2c2fc2,a1bdfecd-9521-4a31-9987-18a73629fba0,{},"{""disease"":""Diarrhea (Atisara)"",""dosha"":""Pitta"",""prakriti"":""Pitta"",""season"":""Varsha""}",negative,Good improvement noted after 2 weeks.,False,2026-07-03T11:05:33.265506
1329e647-6a5d-4488-a5bf-bcaf210412bc,03bee406-a6c0-4dfb-b6e4-9f31eb880ec8,e9cb54fc-e495-438d-8028-1b21111551fc,{},"{""disease"":""Fever (Jwara)"",""dosha"":""Pitta"",""prakriti"":""Pitta"",""season"":""Varsha""}",positive,Excellent recovery.,False,2026-07-03T11:05:33.265506
53192104-0ebe-4dcd-a04c-3cbf88580205,a761cbf3-df21-4c28-9534-bc3dc2ee0a26,40d226a5-430e-4a37-a5a2-d7a22d5d88f7,{},"{""disease"":""Dengue (Dandashthaka Jwara)"",""dosha"":""Pitta"",""prakriti"":""Pitta"",""season"":""Varsha""}",positive,Patient responded well to treatment.,False,2026-07-03T11:05:33.265506
13e07456-29f4-4a9a-83b3-af841b02414d,829ee37e-d343-4d04-b301-9b28e3c34115,442a5d1b-3bc6-47dd-8480-444411c4b04f,{},"{""disease"":""Dengue (Dandashthaka Jwara)"",""dosha"":""Pitta"",""prakriti"":""Pitta"",""season"":""Varsha""}",positive,,False,2026-07-03T11:05:33.265506
818d2b59-bfcd-4360-a61c-a0567f373e7d,19dd4f5c-d541-4af3-9939-948007f8ee11,d0dfd5f5-8990-4df4-b66f-c7e8d07aa06a,{},"{""disease"":""Fever (Jwara)"",""dosha"":""Pitta"",""prakriti"":""Pitta"",""season"":""Varsha""}",positive,Excellent recovery.,False,2026-07-03T11:05:33.265506
ea529bb8-46b4-4b95-9cf0-a7a7d2bcb109,92aa69d8-ae85-4a34-8377-635d97bb1551,1081fe44-7296-475d-9540-a595654abb4d,{},"{""disease"":""Fever (Jwara)"",""dosha"":""Pitta"",""prakriti"":""Pitta"",""season"":""Varsha""}",negative,Requires follow-up after 1 month.,False,2026-07-03T11:05:33.265506
25a1b093-fd38-482e-b11f-d244c956e1f6,f881449d-440b-40b4-800a-69f2146a47b3,fb4a675c-f17d-4efb-8939-fa2aa8912264,{},"{""disease"":""Dengue (Dandashthaka Jwara)"",""dosha"":""Pitta"",""prakriti"":""Pitta"",""season"":""Varsha""}",positive,Good improvement noted after 2 weeks.,False,2026-07-03T11:05:33.265506
10a92a24-58b1-4daa-950b-218ae08ad014,806ca4d6-2b2d-4cb2-be9a-2515a1e864d3,2a2faf24-f90f-45c6-bb47-7eeff1d2ebdc,{},"{""disease"":""Fever (Jwara)"",""dosha"":""Pitta"",""prakriti"":""Pitta"",""season"":""Varsha""}",negative,Excellent recovery.,False,2026-07-03T11:05:33.265506
0b7fae26-19e1-427b-b2a0-ff088db5dc35,cd1ac773-4b49-4e76-8657-0099a1661789,04dacd39-5ebd-4abd-ba4e-30ad1d648e91,{},"{""disease"":""Malaria (Vishama Jwara)"",""dosha"":""Pitta"",""prakriti"":""Pitta"",""season"":""Varsha""}",positive,Excellent recovery.,False,2026-07-03T11:05:33.265506
0de18786-de29-4130-9ad5-bf04d7024fd1,5814e1dc-d0e2-4f4d-98ca-44720ea1c7f5,851778e7-f202-4231-8a84-ae1f44c1c51e,{},"{""disease"":""Fever (Jwara)"",""dosha"":""Pitta"",""prakriti"":""Pitta"",""season"":""Varsha""}",negative,Good improvement noted after 2 weeks.,False,2026-07-03T11:05:33.265506
5cc6c475-1afb-4a23-b772-03d62ae9a9c8,785b9d7f-7d8b-40d6-8917-25f3954d63be,7824369d-ebf5-4383-9480-9258e11f5bc3,{},"{""disease"":""Malaria (Vishama Jwara)"",""dosha"":""Pitta"",""prakriti"":""Pitta"",""season"":""Varsha""}",negative,Requires follow-up after 1 month.,False,2026-07-03T11:05:33.265506
d8defd74-d543-481f-bdce-0969f6858e9d,3e34aacc-e9f0-4706-a3b3-e518d3b39877,56e81645-381d-4e23-9828-afefcb4cb8b9,{},"{""disease"":""Fever (Jwara)"",""dosha"":""Pitta"",""prakriti"":""Pitta"",""season"":""Varsha""}",negative,Requires follow-up after 1 month.,False,2026-07-03T11:05:33.265506
b0b31ac3-4698-4249-95e7-10882d403549,c93b4586-7c6e-4e7c-a468-e25f23527270,35a04ca3-a52c-4871-9b34-087c067173e7,{},"{""disease"":""Dengue (Dandashthaka Jwara)"",""dosha"":""Pitta"",""prakriti"":""Pitta"",""season"":""Varsha""}",positive,Requires follow-up after 1 month.,False,2026-07-03T11:05:33.265506
04497356-ed61-42d4-a1ae-43d5820fbd97,8b08ffa4-3da5-4348-a84b-405c58ba4ab7,b2d68fe2-f025-41a9-a1e9-35d5127f1a95,{},"{""disease"":""Dengue (Dandashthaka Jwara)"",""dosha"":""Pitta"",""prakriti"":""Pitta"",""season"":""Varsha""}",negative,Requires follow-up after 1 month.,False,2026-07-03T11:05:33.265506
1ed68352-7c57-4c10-84b7-28a8e990ddbc,d86aac54-f472-4863-b75f-da024a0445c4,db006e19-77be-4146-8386-18496a9d83e2,{},"{""disease"":""Dengue (Dandashthaka Jwara)"",""dosha"":""Pitta"",""prakriti"":""Pitta"",""season"":""Varsha""}",positive,,False,2026-07-03T11:05:33.265506
05fb832f-7895-4f69-9d3c-73bdec98878d,256ca4a8-0cdf-4ad6-977e-4454c9605a71,69969ea9-3891-4d01-bfe7-c76ca7bfa760,{},"{""disease"":""Fever (Jwara)"",""dosha"":""Pitta"",""prakriti"":""Pitta"",""season"":""Varsha""}",negative,Good improvement noted after 2 weeks.,False,2026-07-03T11:05:33.265506
474570c1-8bcd-44ce-a863-abe32e042be7,25b33d1e-384d-426f-85d8-6013c2a5dbb4,8f5830f4-098c-4ac6-94ba-63e256cbe575,{},"{""disease"":""Malaria (Vishama Jwara)"",""dosha"":""Pitta"",""prakriti"":""Pitta"",""season"":""Varsha""}",positive,Good improvement noted after 2 weeks.,False,2026-07-03T11:05:33.265506
186cad79-abcf-4ad3-933a-0822ac44bbe8,b5a20d52-826a-404a-98f2-1c7cc74afc03,3d495b29-63cc-4d36-976b-34f59700b254,{},"{""disease"":""Dengue (Dandashthaka Jwara)"",""dosha"":""Pitta"",""prakriti"":""Pitta"",""season"":""Varsha""}",positive,,False,2026-07-03T11:05:33.265506
6ab5451e-09ae-4cf9-ad03-d75d0c4f66b1,8a0e1d5d-892e-434b-be04-bd0daf9dbb15,ccc95566-e081-4b3a-a609-2f7bbca58826,{},"{""disease"":""Fever (Jwara)"",""dosha"":""Pitta"",""prakriti"":""Pitta"",""season"":""Varsha""}",positive,Excellent recovery.,False,2026-07-03T11:05:33.265506
69b6ff17-8a36-41c6-b353-4ab2d7b9f7aa,d1117b7d-b826-49ba-a204-890faeac4230,713d358c-f805-44e6-90b6-f6cc91f4ab52,{},"{""disease"":""Dengue (Dandashthaka Jwara)"",""dosha"":""Pitta"",""prakriti"":""Pitta"",""season"":""Varsha""}",positive,Excellent recovery.,False,2026-07-03T11:05:33.265506
4d95af6c-396c-4a1b-a74f-1bcba3ea1b9f,022858d9-cc53-4068-8aab-09925dbcc4c6,2408dcf3-373a-49dd-aca2-d1052559c56e,{},"{""disease"":""Dengue (Dandashthaka Jwara)"",""dosha"":""Pitta"",""prakriti"":""Pitta"",""season"":""Varsha""}",negative,Patient responded well to treatment.,False,2026-07-03T11:05:33.265506
e263a93a-0184-4286-a869-f1d4096ab859,5d88a728-570d-4b0f-a63b-28efe8390b13,eaffbdb2-09cd-4fc3-8764-e6b06939fa1f,{},"{""disease"":""Dengue (Dandashthaka Jwara)"",""dosha"":""Pitta"",""prakriti"":""Pitta"",""season"":""Varsha""}",negative,Good improvement noted after 2 weeks.,False,2026-07-03T11:05:33.265506
6b32a5f5-08ca-45e4-a8be-3b0aa86a7e5c,5f050a4d-2240-4de3-86ad-cf19f243d441,dc229641-89a9-4b5a-b9b9-bee8cb6daa5f,{},"{""disease"":""Dengue (Dandashthaka Jwara)"",""dosha"":""Pitta"",""prakriti"":""Pitta"",""season"":""Varsha""}",negative,,False,2026-07-03T11:05:33.265506
27333a99-b8d3-4580-9010-57633002ac32,fddd652b-0e02-426b-bb0d-2a92f9a6f39d,d7b50402-24dd-4074-8652-dea66d2bafad,{},"{""disease"":""Indigestion (Ajirna)"",""dosha"":""Vata"",""prakriti"":""Vata"",""season"":""Varsha""}",positive,Requires follow-up after 1 month.,False,2026-07-03T11:05:33.265506
527e9241-dfc9-4713-b04a-843a469fa430,ee8a5344-5c59-46af-bbc4-14de251c5771,38fbd3e5-8ede-4b31-82a9-0fb919f99a6e,{},"{""disease"":""Fever (Jwara)"",""dosha"":""Pitta"",""prakriti"":""Pitta"",""season"":""Varsha""}",positive,Good improvement noted after 2 weeks.,False,2026-07-03T11:05:33.265506
9ae6adab-1a76-4822-89a2-f6b98f3b85ca,57ac687b-cfd1-4c26-a6ef-9ef9784fe7c1,8a944868-076b-429d-bfb7-db6a0323c3ce,{},"{""disease"":""Diarrhea (Atisara)"",""dosha"":""Pitta"",""prakriti"":""Pitta"",""season"":""Varsha""}",negative,Patient responded well to treatment.,False,2026-07-03T11:05:33.265506
b39495e6-c80a-4c2f-88a2-3045ccee04e7,ae306701-4121-4429-9755-8aa83694a025,21d07305-d611-4445-a38a-11e35e8614ce,{},"{""disease"":""Malaria (Vishama Jwara)"",""dosha"":""Pitta"",""prakriti"":""Pitta"",""season"":""Varsha""}",positive,"Minimal response, dosage adjusted.",False,2026-07-03T11:05:33.265506
765cc5f5-9ff2-46e3-bb93-04c618a2dcd0,b6ce1286-8f7d-41b3-8052-46b15da0f482,46a93ed1-76cd-42eb-b791-39b3b220581d,{},"{""disease"":""Indigestion (Ajirna)"",""dosha"":""Vata"",""prakriti"":""Vata"",""season"":""Varsha""}",positive,Excellent recovery.,False,2026-07-03T11:05:33.265506
91cf2aef-685c-4434-a53d-e4c424d5d5f0,b5a20d52-826a-404a-98f2-1c7cc74afc03,2790f0f3-7225-44b3-9753-5859f7b3a380,{},"{""disease"":""Malaria (Vishama Jwara)"",""dosha"":""Pitta"",""prakriti"":""Pitta"",""season"":""Varsha""}",positive,"Minimal response, dosage adjusted.",False,2026-07-03T11:05:33.265506
baec7d00-1407-482a-9ccf-4010ca53d7ac,ba6b11df-f10b-4b84-b644-570db0900c82,f724e411-9747-43cf-9329-ad15e08ef4cd,{},"{""disease"":""Dengue (Dandashthaka Jwara)"",""dosha"":""Pitta"",""prakriti"":""Pitta"",""season"":""Varsha""}",positive,Excellent recovery.,False,2026-07-03T11:05:33.265506
73ada8a9-2b22-4b5d-ac82-7ec6595ffc9c,d8409afe-4d08-4f6a-a5f3-83e9df67ff3b,dc8825d2-e682-45f4-92c1-b5fd6a33f626,{},"{""disease"":""Diarrhea (Atisara)"",""dosha"":""Pitta"",""prakriti"":""Pitta"",""season"":""Varsha""}",positive,Excellent recovery.,False,2026-07-03T11:05:33.265506
34f80fb7-e964-41da-8ea6-4e52bd1c8395,b6ce1286-8f7d-41b3-8052-46b15da0f482,a74d980b-fd4a-436b-ae35-8de3989335fe,{},"{""disease"":""Fever (Jwara)"",""dosha"":""Pitta"",""prakriti"":""Pitta"",""season"":""Varsha""}",positive,,False,2026-07-03T11:05:33.265506
582d3bfd-48cc-4aad-85ad-2d465367fee8,d86aac54-f472-4863-b75f-da024a0445c4,570163b5-0797-46a8-9e24-33cd3310b8a3,{},"{""disease"":""Malaria (Vishama Jwara)"",""dosha"":""Pitta"",""prakriti"":""Pitta"",""season"":""Varsha""}",positive,"Minimal response, dosage adjusted.",False,2026-07-03T11:05:33.265506
8533721c-7fba-4aea-956a-6aae50ea9003,236bd531-011b-4496-b852-939257e25773,3dff1709-e3e6-476f-859e-6f7e4fd0f4e1,{},"{""disease"":""Fever (Jwara)"",""dosha"":""Pitta"",""prakriti"":""Pitta"",""season"":""Varsha""}",positive,Requires follow-up after 1 month.,False,2026-07-03T11:05:33.265506
ef2a7a85-ebdd-477e-b6c0-d59df1cb658c,45a0893e-dabe-47bd-ae94-baa22ecb5e87,60af8b52-4eb8-4e23-a46e-c8180c7b8312,{},"{""disease"":""Dengue (Dandashthaka Jwara)"",""dosha"":""Pitta"",""prakriti"":""Pitta"",""season"":""Varsha""}",positive,,False,2026-07-03T11:05:33.265506
20441acc-0a89-429c-abf5-ae540c904b61,461ccfbd-7928-41e0-bc74-54e39824d9a7,573e8f78-113a-450c-a03a-05c81431dd9a,{},"{""disease"":""Dengue (Dandashthaka Jwara)"",""dosha"":""Pitta"",""prakriti"":""Pitta"",""season"":""Varsha""}",positive,Requires follow-up after 1 month.,False,2026-07-03T11:05:33.265506
3f862766-7337-4341-93f5-1e81f68caec2,be9fa21a-efcd-4e4d-81a1-18296d7861e8,4b01bd1e-e744-4ff0-8528-4945f5bb8670,{},"{""disease"":""Malaria (Vishama Jwara)"",""dosha"":""Pitta"",""prakriti"":""Pitta"",""season"":""Varsha""}",positive,Good improvement noted after 2 weeks.,False,2026-07-03T11:05:33.265506
4f63e711-f82c-4144-804c-a14f1d870ba0,05c5d18d-77f0-4ca4-b2cb-7190f17e2181,8a74fde4-c0ed-4699-8af4-d161119e804d,{},"{""disease"":""Fever (Jwara)"",""dosha"":""Pitta"",""prakriti"":""Pitta"",""season"":""Varsha""}",positive,"Minimal response, dosage adjusted.",False,2026-07-03T11:05:33.265506
47b014dd-0252-4bca-b996-8a8b413743f7,5f486f2c-66a3-4f11-9cd8-3a64bac4e545,a91bac39-9ad4-4c85-ab0f-6969302c68d5,{},"{""disease"":""Dengue (Dandashthaka Jwara)"",""dosha"":""Pitta"",""prakriti"":""Pitta"",""season"":""Varsha""}",positive,Patient responded well to treatment.,False,2026-07-03T11:05:33.265506
ef66566f-216e-4284-acb9-1d5457dd3d66,3b8fba31-663e-45b0-9e52-ecff95b0753b,3ac811fb-2615-4f9a-81c3-fb21c4f003ef,{},"{""disease"":""Dengue (Dandashthaka Jwara)"",""dosha"":""Pitta"",""prakriti"":""Pitta"",""season"":""Varsha""}",negative,Patient responded well to treatment.,False,2026-07-03T11:05:33.265506
dc904a35-dc1d-4731-9304-b69d8e4dc705,1e21e5fa-563d-446e-95f8-a369e03ffefb,49b7a57b-9ed0-45b9-9db5-629fbdc35c8c,{},"{""disease"":""Dengue (Dandashthaka Jwara)"",""dosha"":""Pitta"",""prakriti"":""Pitta"",""season"":""Varsha""}",positive,Patient responded well to treatment.,False,2026-07-03T11:05:33.265506
7d0abd06-dc9b-4add-9382-46cdcd61e704,c6dfcad8-0bc5-42a5-a9a9-11b726e64b66,8af4babf-e83b-43ea-940c-acf81f8b40b5,{},"{""disease"":""Diarrhea (Atisara)"",""dosha"":""Pitta"",""prakriti"":""Pitta"",""season"":""Varsha""}",positive,Good improvement noted after 2 weeks.,False,2026-07-03T11:05:33.265506
a4634f82-4eea-4e69-bf5b-5f229b73f3b5,15a49ab9-d04c-4a40-98d8-de6506297e69,8935c0f5-1c31-4be4-821f-bafd4ce1d190,{},"{""disease"":""Malaria (Vishama Jwara)"",""dosha"":""Pitta"",""prakriti"":""Pitta"",""season"":""Varsha""}",negative,Patient responded well to treatment.,False,2026-07-03T11:05:33.265506
8dc340db-abaa-4fb3-a42d-4d991f688434,f68a4b14-46bc-4566-ba9e-6a61ad229b86,124f45ce-c162-49e2-9510-445700c81c25,{},"{""disease"":""Fever (Jwara)"",""dosha"":""Pitta"",""prakriti"":""Pitta"",""season"":""Varsha""}",positive,Requires follow-up after 1 month.,False,2026-07-03T11:05:33.265506
f0923b2d-bd0f-4a5b-b349-c7ab6e4e3087,c98d9525-5790-4c35-8d42-af901e41cee7,660d60a1-6389-441b-8a94-62e33b44dc30,{},"{""disease"":""Dengue (Dandashthaka Jwara)"",""dosha"":""Pitta"",""prakriti"":""Pitta"",""season"":""Varsha""}",negative,Good improvement noted after 2 weeks.,False,2026-07-03T11:05:33.265506
8131e1fc-dce6-4d36-8661-c04c3cb765d1,02bfaedc-0b49-4b81-9cab-de576f27cf9b,5296eb84-b94e-4e46-8e06-88df12a4cdfd,{},"{""disease"":""Dengue (Dandashthaka Jwara)"",""dosha"":""Pitta"",""prakriti"":""Pitta"",""season"":""Varsha""}",negative,Excellent recovery.,False,2026-07-03T11:05:33.265506
3d3c4fb1-935e-4a18-a10d-038b3cd71808,831377bd-c805-4dc2-8ad9-463f41aaa542,ca4fb362-42cf-4fb6-a60c-bde7cc88fbee,{},"{""disease"":""Malaria (Vishama Jwara)"",""dosha"":""Pitta"",""prakriti"":""Pitta"",""season"":""Varsha""}",positive,Excellent recovery.,False,2026-07-03T11:05:33.265506
b280e9d2-8a0a-4491-b903-539bff71df75,92f8cdae-cf48-466a-af51-a5305a3e2151,22004fa7-a857-4291-8097-4b3823fea592,{},"{""disease"":""Indigestion (Ajirna)"",""dosha"":""Vata"",""prakriti"":""Vata"",""season"":""Varsha""}",positive,"Minimal response, dosage adjusted.",False,2026-07-03T11:05:33.265506
fcb74992-bd02-4560-87b1-27edf96da2b1,65428551-34a8-4aee-b697-5a7143551ac9,7f60a599-d342-4866-b738-46966e0803ed,{},"{""disease"":""Diarrhea (Atisara)"",""dosha"":""Pitta"",""prakriti"":""Pitta"",""season"":""Varsha""}",positive,"Minimal response, dosage adjusted.",False,2026-07-03T11:05:33.265506
21062325-4c4f-40f7-8d74-cd8c399c69b8,905be3a3-b1cd-47bd-b340-895f43f17ec0,b73dca7a-db8e-4376-b187-991087d00a2e,{},"{""disease"":""Fever (Jwara)"",""dosha"":""Pitta"",""prakriti"":""Pitta"",""season"":""Varsha""}",positive,,False,2026-07-03T11:05:33.265506
2e458930-6cf1-4059-9c8c-9924e04ea676,3da22f31-c409-48ac-b0b8-b418d1d428c6,4e36c553-5996-4e78-8806-903b4d8ea1db,{},"{""disease"":""Dengue (Dandashthaka Jwara)"",""dosha"":""Pitta"",""prakriti"":""Pitta"",""season"":""Varsha""}",negative,Good improvement noted after 2 weeks.,False,2026-07-03T11:05:33.265506
4fae3ea1-174f-406a-94f2-4f6bb66c10f1,aa15fab5-3ec4-43e0-8861-ea6a4a239468,d5fcad0f-f9af-4d46-950e-70f7c373e96d,{},"{""disease"":""Malaria (Vishama Jwara)"",""dosha"":""Pitta"",""prakriti"":""Pitta"",""season"":""Varsha""}",positive,"Minimal response, dosage adjusted.",False,2026-07-03T11:05:33.265506
cc0efa75-be3a-406e-b681-38dcd0444753,1602ef2e-0031-469b-9a7f-6b4ad32085b6,b70b88c0-1327-462e-aa1b-ce8f6b1b79e5,{},"{""disease"":""Malaria (Vishama Jwara)"",""dosha"":""Pitta"",""prakriti"":""Pitta"",""season"":""Varsha""}",positive,Patient responded well to treatment.,False,2026-07-03T11:05:33.265506
50455798-646d-4c2d-9c65-45ff607f4216,7561127b-05e2-43a8-b90f-290dcd643e62,a081f8ed-36c2-44db-9f2b-31d4e1e88cb9,{},"{""disease"":""Dengue (Dandashthaka Jwara)"",""dosha"":""Pitta"",""prakriti"":""Pitta"",""season"":""Varsha""}",negative,"Minimal response, dosage adjusted.",False,2026-07-03T11:05:33.265506
4fb4d1f8-6035-478c-b0da-66a068d523f7,2b000529-c39a-466f-8e6b-8fbf79337cf9,e981f388-6e70-48e3-8bea-53131b18e32b,{},"{""disease"":""Malaria (Vishama Jwara)"",""dosha"":""Pitta"",""prakriti"":""Pitta"",""season"":""Varsha""}",positive,,False,2026-07-03T11:05:33.265506
a2e935a5-1005-45f7-a46a-b1dc3898039f,4509f805-7e61-4658-9f69-2b3d8206ae47,46bd2345-bac9-4b95-bdd0-37a15feac3ef,{},"{""disease"":""Dengue (Dandashthaka Jwara)"",""dosha"":""Pitta"",""prakriti"":""Pitta"",""season"":""Varsha""}",positive,Patient responded well to treatment.,False,2026-07-03T11:05:33.265506
0d3d709a-09c4-408a-aa47-3e4f8bf3ae2a,d1cf9352-15bd-4106-8051-f0e95268a154,eac431a5-c87c-444d-99b4-46054e158c2c,{},"{""disease"":""Dengue (Dandashthaka Jwara)"",""dosha"":""Pitta"",""prakriti"":""Pitta"",""season"":""Varsha""}",positive,Patient responded well to treatment.,False,2026-07-03T11:05:33.265506
1ec4e09e-df16-4d05-ad71-ea26fbed7bfd,fcee5e65-2a2a-4aa5-a030-c4ed9c3894de,9b1f6d4e-4eb1-476b-b4a7-5c55c74207b4,{},"{""disease"":""Dengue (Dandashthaka Jwara)"",""dosha"":""Pitta"",""prakriti"":""Pitta"",""season"":""Varsha""}",positive,Patient responded well to treatment.,False,2026-07-03T11:05:33.265506
dd0043c4-c858-49b3-8bd2-2e228e09b4b8,0af349d2-942f-45d5-9bc2-64345d05fbea,e16788b5-d112-4826-a6c3-34c201376085,{},"{""disease"":""Dengue (Dandashthaka Jwara)"",""dosha"":""Pitta"",""prakriti"":""Pitta"",""season"":""Varsha""}",positive,Excellent recovery.,False,2026-07-03T11:05:33.265506
5cb97856-298b-4099-baef-09a85c7502e4,92e32fac-d315-482c-af8e-ef0f587a8747,fd4ddd68-8ea2-442a-8b93-226d6f249a78,{},"{""disease"":""Diarrhea (Atisara)"",""dosha"":""Pitta"",""prakriti"":""Pitta"",""season"":""Varsha""}",negative,Good improvement noted after 2 weeks.,False,2026-07-03T11:05:33.265506
08b0926f-7913-4cd6-ba30-8eaa185239cc,6129e829-2b57-4c53-b92e-0e6ae50ded4e,8c90dd48-3689-47a0-9cac-fc90264849fe,{},"{""disease"":""Dengue (Dandashthaka Jwara)"",""dosha"":""Pitta"",""prakriti"":""Pitta"",""season"":""Varsha""}",positive,Good improvement noted after 2 weeks.,False,2026-07-03T11:05:33.265506
cada914c-ee92-4ee2-863d-031f2ff29423,8707153e-3729-465e-b0fc-85d925e65aa9,743401bd-ef14-4ce5-a2ae-bd33244e45c1,{},"{""disease"":""Diarrhea (Atisara)"",""dosha"":""Pitta"",""prakriti"":""Pitta"",""season"":""Varsha""}",negative,Requires follow-up after 1 month.,False,2026-07-03T11:05:33.265506
563bedea-0d43-4f89-a2e2-d7c4c9e5b62d,5669592f-aef4-459e-a409-d6f5b51ee158,3b40bb2e-bfed-4dd7-b415-9ad301f27d5f,{},"{""disease"":""Fever (Jwara)"",""dosha"":""Pitta"",""prakriti"":""Pitta"",""season"":""Varsha""}",positive,Requires follow-up after 1 month.,False,2026-07-03T11:05:33.265506
578820ea-9009-4b70-8cfc-6732bacbfeda,aec2efec-f3f5-41b2-9577-f1bc6f1bca95,e3f01cdb-c993-40d9-9b13-c11c5d797393,{},"{""disease"":""Indigestion (Ajirna)"",""dosha"":""Vata"",""prakriti"":""Vata"",""season"":""Varsha""}",positive,Requires follow-up after 1 month.,False,2026-07-03T11:05:33.265506
dd3930b6-8879-4168-9fd9-480326aaa46d,c549a658-4581-40d1-b0a2-3b3070b94950,0d56bea0-a3fd-42a6-9ba3-a37a766ace79,{},"{""disease"":""Fever (Jwara)"",""dosha"":""Pitta"",""prakriti"":""Pitta"",""season"":""Varsha""}",positive,Patient responded well to treatment.,False,2026-07-03T11:05:33.265506
cc52b585-f3a6-428c-a8a9-8796bc4bf307,70a0cfb7-ee40-4a08-bd6e-4e011a012e73,da15fc0b-bff2-4420-a127-e597d038addf,{},"{""disease"":""Indigestion (Ajirna)"",""dosha"":""Vata"",""prakriti"":""Vata"",""season"":""Varsha""}",positive,Good improvement noted after 2 weeks.,False,2026-07-03T11:05:33.265506
92dbc619-f555-4b82-9280-0f6ae1fcb7b2,3ce2ae1c-e79e-45a8-874a-e3e1d7b5ce42,4381c4eb-29f8-4e51-b60b-1a401d441ea9,{},"{""disease"":""Dengue (Dandashthaka Jwara)"",""dosha"":""Pitta"",""prakriti"":""Pitta"",""season"":""Varsha""}",negative,Patient responded well to treatment.,False,2026-07-03T11:05:33.265506
5cf10214-57ca-4758-8e75-e2cfb5f3b4c7,d3a42e34-143f-433d-b339-bd249843ad50,39da3720-dad7-426b-bbec-2dfffb9fb43f,{},"{""disease"":""Fever (Jwara)"",""dosha"":""Pitta"",""prakriti"":""Pitta"",""season"":""Varsha""}",positive,Requires follow-up after 1 month.,False,2026-07-03T11:05:33.265506
696bcc1e-4d51-4643-ac27-b82e39f459dc,0eb78130-992f-4dc9-9eb4-5405ddeb8065,58d2af25-befa-4ae2-bfba-d280f83d2b00,{},"{""disease"":""Indigestion (Ajirna)"",""dosha"":""Vata"",""prakriti"":""Vata"",""season"":""Varsha""}",positive,Patient responded well to treatment.,False,2026-07-03T11:05:33.265506
47a3026e-f5f0-462b-a507-fee0a0c15e81,fbdbd9c2-c61b-491a-b6cd-4d56a1ac14b0,2f2c1798-d29a-4a3e-96bb-3e13f819a04f,{},"{""disease"":""Dengue (Dandashthaka Jwara)"",""dosha"":""Pitta"",""prakriti"":""Pitta"",""season"":""Varsha""}",negative,Patient responded well to treatment.,False,2026-07-03T11:05:33.265506
f85b8a92-b54a-4dbd-ab3c-8285f99ae397,5b077a5a-6fe9-449a-b002-65fa60750bef,b3be8047-c5e6-4f8e-8e4d-ae38a3807b03,{},"{""disease"":""Dengue (Dandashthaka Jwara)"",""dosha"":""Pitta"",""prakriti"":""Pitta"",""season"":""Varsha""}",positive,Requires follow-up after 1 month.,False,2026-07-03T11:05:33.265506
d35b50e6-18be-447d-804f-95c6a8780d62,ebcf1eab-c3a5-45b0-9b04-1d1a7b0a7c2b,a6f679f5-b16e-4156-bc02-b3a4419ebe80,{},"{""disease"":""Fever (Jwara)"",""dosha"":""Pitta"",""prakriti"":""Pitta"",""season"":""Varsha""}",positive,Excellent recovery.,False,2026-07-03T11:05:33.265506
3b0d88f1-2306-4f3d-9ee9-5285e11c80dc,c2bd62d4-1a44-40d8-8141-8e1efbfebfd1,a3ab7b3e-7c47-4745-8806-79b539ae0c28,{},"{""disease"":""Indigestion (Ajirna)"",""dosha"":""Vata"",""prakriti"":""Vata"",""season"":""Varsha""}",negative,Excellent recovery.,False,2026-07-03T11:05:33.265506
618a770c-2533-449c-9a6b-4acfcf350a27,a380d836-e795-4f24-8593-5f7a891c14e2,6e3acb70-6263-4e36-b0b0-bc37ec8d7969,{},"{""disease"":""Dengue (Dandashthaka Jwara)"",""dosha"":""Pitta"",""prakriti"":""Pitta"",""season"":""Varsha""}",negative,Patient responded well to treatment.,False,2026-07-03T11:05:33.265506
f3a5600e-59bd-42a4-b3a4-5f7f9b233c96,3ea89f94-59ec-477d-9e5f-8aaddc6e6e04,70b24704-94ab-4cd0-bd2b-51bdd925d732,{},"{""disease"":""Pharyngitis (Galashotha)"",""dosha"":""Kapha"",""prakriti"":""Kapha"",""season"":""Varsha""}",positive,"Minimal response, dosage adjusted.",False,2026-07-03T11:05:33.265506
817abea0-c43d-4052-9ca2-f0e5e93f95dd,f9e21173-1112-4f40-b874-349b656a8df2,f5bb4eba-4769-4588-a31a-7564a7134dd5,{},"{""disease"":""Chikungunya (Sandhi Jwara)"",""dosha"":""Vata-Pitta"",""prakriti"":""Pitta"",""season"":""Varsha""}",negative,Patient responded well to treatment.,False,2026-07-03T11:05:33.265506
ce315160-ded8-4c71-bf8f-a98e0b41645d,919dd9fe-8727-4be0-b1d9-605ec59b16a6,87e7cbe6-0664-4792-91e3-323d3d2c4d2b,{},"{""disease"":""Sciatica (Gridhrasi)"",""dosha"":""Vata"",""prakriti"":""Vata"",""season"":""Varsha""}",positive,Good improvement noted after 2 weeks.,False,2026-07-03T11:05:33.265506
a1a35945-8f9f-4455-8b0b-570315e04ce8,ea025677-cdc6-4561-9b4b-acf2a691b67e,c117fc18-3597-4779-b746-563bb8ad9852,{},"{""disease"":""Conjunctivitis (Netra Abhishyanda)"",""dosha"":""Pitta"",""prakriti"":""Pitta"",""season"":""Varsha""}",positive,Excellent recovery.,False,2026-07-03T11:05:33.265506
8378c5c1-8719-4cd6-a1fc-568de2509f4a,d65f2d2d-1292-4806-944f-83f3098f056f,f80e5472-404c-4ef8-b492-577d05ab811f,{},"{""disease"":""Stress (Manasika Tanava)"",""dosha"":""Vata"",""prakriti"":""Vata"",""season"":""Varsha""}",negative,"Minimal response, dosage adjusted.",False,2026-07-03T11:05:33.265506
f082817a-e4e5-4f49-9328-627ce937d6ca,0444f304-d2d5-4eef-9df4-4b38f0712c46,d2be8dd8-49ff-4dbb-916f-5f623316c649,{},"{""disease"":""Cystitis (Mutrakrichra)"",""dosha"":""Vata"",""prakriti"":""Vata"",""season"":""Varsha""}",negative,Patient responded well to treatment.,False,2026-07-03T11:05:33.265506
ccd92649-680b-428c-9eb0-9af1c378f9d8,03bee406-a6c0-4dfb-b6e4-9f31eb880ec8,50a1ed2c-dd5f-4ca3-9399-eaaf974b6ff0,{},"{""disease"":""Polycystic Kidney Disease (Vrikka Roga)"",""dosha"":""Vata-Pitta"",""prakriti"":""Vata"",""season"":""Varsha""}",positive,Good improvement noted after 2 weeks.,False,2026-07-03T11:05:33.265506
b4aa66c5-cb21-4302-b5b7-fbb38b21a275,b7b3f2ca-7786-42cd-b1d9-c40140828041,c59f9107-a568-4cde-8414-9fafff44ff71,{},"{""disease"":""Infertility (Vandhyatva)"",""dosha"":""Vata-Pitta"",""prakriti"":""Vata"",""season"":""Varsha""}",positive,Patient responded well to treatment.,False,2026-07-03T11:05:33.265506
fff3da16-772d-402c-81c1-9f08a679ecc6,f5943915-4cea-43b8-84d3-254eacf72596,3aedd9eb-c9d8-479b-b6f9-c800dc0c18f2,{},"{""disease"":""Psoriasis (Kitibha Kushtha)"",""dosha"":""Pitta"",""prakriti"":""Pitta"",""season"":""Varsha""}",negative,,False,2026-07-03T11:05:33.265506
7a485410-169a-4eee-b355-5531fa69625d,df2cf24b-adbd-4f50-b1b4-f23619cec2b6,2668f017-711e-4f84-98c8-69bcf4a64072,{},"{""disease"":""Dandruff (Darunaka)"",""dosha"":""Kapha-Pitta"",""prakriti"":""Kapha"",""season"":""Varsha""}",positive,Requires follow-up after 1 month.,False,2026-07-03T11:05:33.265506
8e89a1ab-4b1d-4d26-8a51-345477e69dc9,db0de662-dbfb-4d5c-82a8-4c023a91c8a4,a3caee51-d68d-44be-8ab5-9d5e82824f75,{},"{""disease"":""Tonsillitis (Tundikeri)"",""dosha"":""Kapha-Pitta"",""prakriti"":""Kapha"",""season"":""Varsha""}",positive,Patient responded well to treatment.,False,2026-07-03T11:05:33.265506
1dd8d1b7-d1a7-4829-a1c4-3656e6a3d232,c0d5c8c9-3c2d-4bc9-a784-25abb9ed17be,d6e87a2c-7e5b-4d8a-9da2-4eb7d1b0126d,{},"{""disease"":""Osteoporosis (Asthi Kshaya)"",""dosha"":""Vata"",""prakriti"":""Vata"",""season"":""Varsha""}",positive,Excellent recovery.,False,2026-07-03T11:05:33.265506
93495498-cd48-4bf7-aa85-a31ea4c134b9,6598fb6f-29d4-4b13-ad62-0f18e98871d0,d74b568f-738f-4a14-8ebf-62cc65d56bc9,{},"{""disease"":""Acne (Yuvana Pidika)"",""dosha"":""Pitta-Kapha"",""prakriti"":""Pitta"",""season"":""Varsha""}",positive,Excellent recovery.,False,2026-07-03T11:05:33.265506
bd303a6f-da9f-4d14-b4af-368c48066c6b,e8fc7959-0c7d-4af4-a794-219eefc066e0,44f6928d-340a-4c7a-9413-482cf1cda704,{},"{""disease"":""Gastritis (Urdhva Amlapitta)"",""dosha"":""Pitta"",""prakriti"":""Pitta"",""season"":""Varsha""}",positive,"Minimal response, dosage adjusted.",False,2026-07-03T11:05:33.265506
063f012b-8e68-4443-b87d-de93f7fe3850,bf741850-6488-4b26-ae22-4b833e9aee2a,fdcfe2bd-9bf3-437d-bfb1-a4bbb9e4c616,{},"{""disease"":""Gastritis (Urdhva Amlapitta)"",""dosha"":""Pitta"",""prakriti"":""Pitta"",""season"":""Varsha""}",positive,"Minimal response, dosage adjusted.",False,2026-07-03T11:05:33.265506
fc0e2a34-6956-4e4c-abbe-3fc51e8c635f,b6ce1286-8f7d-41b3-8052-46b15da0f482,48b54bfe-3ed7-4608-90fa-c2856171477e,{},"{""disease"":""Gout (Vatarakta)"",""dosha"":""Vata-Pitta"",""prakriti"":""Pitta"",""season"":""Varsha""}",positive,Excellent recovery.,False,2026-07-03T11:05:33.265506
513fb823-445f-4c96-97fb-9b9d7ab935cb,fbdbd9c2-c61b-491a-b6cd-4d56a1ac14b0,13835394-4ea5-40fd-94f9-aefe76c5ed5f,{},"{""disease"":""Back Pain (Prishtha Shoola)"",""dosha"":""Vata"",""prakriti"":""Vata"",""season"":""Varsha""}",positive,Requires follow-up after 1 month.,False,2026-07-03T11:05:33.265506
405c1dd5-b4c5-405b-8ebd-448da22d2e1e,da99b674-4d79-4e03-8869-ecdcce4d9b81,e6c00f53-23dc-43be-a3bd-103833812d42,{},"{""disease"":""Vitiligo (Shwitra)"",""dosha"":""Pitta-Vata"",""prakriti"":""Pitta"",""season"":""Varsha""}",negative,Good improvement noted after 2 weeks.,False,2026-07-03T11:05:33.265506
f51e8d1e-ef91-495d-b78e-254471bbfce1,ef288a4a-96e6-4c3e-94f5-96bc406e0134,f36302cb-a240-449e-a67a-0191a7f4d4a6,{},"{""disease"":""Gingivitis (Danta Vidradhi)"",""dosha"":""Pitta"",""prakriti"":""Pitta"",""season"":""Varsha""}",positive,,False,2026-07-03T11:05:33.265506
856c5d06-09d0-4687-817b-e9095f83fa13,9d39dbb9-bc52-4d73-9cac-f2382b1f0eae,c7ed87ee-8c1b-4057-a7f6-e40bb4692be2,{},"{""disease"":""Metabolic Syndrome (Santarpana Janya Vikara)"",""dosha"":""Kapha"",""prakriti"":""Kapha"",""season"":""Varsha""}",positive,Patient responded well to treatment.,False,2026-07-03T11:05:33.265506
50337879-2af9-4174-bbfe-af580869370f,184a4d1c-1311-401f-8313-623bcba5847d,d1c5ff64-09ae-453d-9f04-f02b6874d05e,{},"{""disease"":""Tinnitus (Karnanada)"",""dosha"":""Vata"",""prakriti"":""Vata"",""season"":""Varsha""}",positive,Good improvement noted after 2 weeks.,False,2026-07-03T11:05:33.265506
082c9bfd-51f9-42ca-849b-72748793c66e,b04a2d73-1fa1-4be0-95bc-c1de06279db2,dcac8471-03c1-4f98-89c4-6a2105503650,{},"{""disease"":""Gingivitis (Danta Vidradhi)"",""dosha"":""Pitta"",""prakriti"":""Pitta"",""season"":""Varsha""}",positive,,False,2026-07-03T11:05:33.265506
16825b78-1994-4a18-9cb9-e8c8820be179,2e151f74-fbb2-4edd-83d4-c5b7c85791c5,f9afde78-0a6b-4294-ad54-b7fe85ace50a,{},"{""disease"":""Chikungunya (Sandhi Jwara)"",""dosha"":""Vata-Pitta"",""prakriti"":""Pitta"",""season"":""Varsha""}",positive,Requires follow-up after 1 month.,False,2026-07-03T11:05:33.265506
361f28cd-6300-44b6-9340-29bbae98a89a,b56996c2-8d55-43ee-a273-08fb3b9a9e41,1e2e9bba-359d-458f-baf9-7cf0f2e499b0,{},"{""disease"":""Anemia (Pandu Roga)"",""dosha"":""Pitta"",""prakriti"":""Pitta"",""season"":""Varsha""}",positive,,False,2026-07-03T11:05:33.265506
c882d752-c935-4a1c-a0a6-1d3c71b6ad03,96e34006-b83d-4ed5-873a-ba11cd16085d,2d918e11-9873-4d46-a053-dd5ab8810d40,{},"{""disease"":""Alopecia (Indralupta)"",""dosha"":""Pitta"",""prakriti"":""Pitta"",""season"":""Varsha""}",positive,Excellent recovery.,False,2026-07-03T11:05:33.265506
d54767b9-14a5-4d24-9e0b-6546df7fe539,dd6e8020-d86b-4d96-bd46-95f11d7b4265,6bfa6373-b8c8-452f-b78b-c20ae0a983fe,{},"{""disease"":""Hypertension (Raktachaapa Vriddhi)"",""dosha"":""Pitta"",""prakriti"":""Pitta"",""season"":""Varsha""}",positive,,False,2026-07-03T11:05:33.265506
01317ea2-7d08-4a01-a957-f13cd9febbac,b021bb1e-6e42-419a-bcff-6dacfc1a7d5c,c0d6af09-191d-4ce4-8985-ce3ab5d92f4c,{},"{""disease"":""Conjunctivitis (Netra Abhishyanda)"",""dosha"":""Pitta"",""prakriti"":""Pitta"",""season"":""Varsha""}",positive,Requires follow-up after 1 month.,False,2026-07-03T11:05:33.265506
a859b1e8-abb7-4fdb-b155-01cbc14d5983,6b34d482-464b-4342-8047-567d9d38c122,370b95d1-cfc9-4980-923b-a279cb811a7a,{},"{""disease"":""Goiter (Galaganda)"",""dosha"":""Vata-Pitta"",""prakriti"":""Kapha"",""season"":""Varsha""}",positive,Good improvement noted after 2 weeks.,False,2026-07-03T11:05:33.265506
009cd308-13e4-4bdf-95c8-5faceb0d02dd,2080eba4-fd00-4c33-9228-ff92981a6306,2546aa17-740a-4c4b-bd1e-818beb0b5745,{},"{""disease"":""Hypertension (Raktachaapa Vriddhi)"",""dosha"":""Pitta"",""prakriti"":""Pitta"",""season"":""Varsha""}",negative,"Minimal response, dosage adjusted.",False,2026-07-03T11:05:33.265506
0720a32a-d3da-47ef-a999-4e6bbe406904,b5baa886-12fe-4c5c-8151-6c2f72c3c2b1,8bcaad3d-bb19-4989-b824-66ac06397d6a,{},"{""disease"":""Osteoporosis (Asthi Kshaya)"",""dosha"":""Vata"",""prakriti"":""Vata"",""season"":""Varsha""}",negative,Good improvement noted after 2 weeks.,False,2026-07-03T11:05:33.265506
aadcb9d0-7ada-4e1a-be03-638c901bdb9d,47858567-6aac-44d7-9781-0cc941cbdfe4,c50be116-a896-41d8-ba81-438d107f7bdf,{},"{""disease"":""Chikungunya (Sandhi Jwara)"",""dosha"":""Vata-Pitta"",""prakriti"":""Pitta"",""season"":""Varsha""}",positive,Requires follow-up after 1 month.,False,2026-07-03T11:05:33.265506
698fdf58-9004-4d7e-8c3f-501b5236caa5,938cff92-e5a8-4ae9-8423-235d185ac7e7,aa8d9c8c-7b7f-498f-a64e-5f3cccbe948e,{},"{""disease"":""Frozen Shoulder (Avabahuka)"",""dosha"":""Vata"",""prakriti"":""Vata"",""season"":""Varsha""}",positive,"Minimal response, dosage adjusted.",False,2026-07-03T11:05:33.265506
7b1f03ee-e841-4788-8d04-5c77cfeecad0,b7b3f2ca-7786-42cd-b1d9-c40140828041,7cd5abdd-bcd3-4e71-8017-7b8777f0d6a8,{},"{""disease"":""Thyroid Disorder (Galaganda Vikara)"",""dosha"":""Vata-Pitta"",""prakriti"":""Vata"",""season"":""Varsha""}",positive,Requires follow-up after 1 month.,False,2026-07-03T11:05:33.265506
e5cd7431-4644-44e7-8053-11b02dc71303,b5baa886-12fe-4c5c-8151-6c2f72c3c2b1,d3823391-16d5-4958-aaae-6e89e9047ca9,{},"{""disease"":""Back Pain (Prishtha Shoola)"",""dosha"":""Vata"",""prakriti"":""Vata"",""season"":""Varsha""}",positive,Patient responded well to treatment.,False,2026-07-03T11:05:33.265506
d6828890-4303-4a74-bf30-524baf1a991f,7765e897-4d14-423e-b0ec-e49d2287ba05,2e04059a-8486-4af7-8861-864a6feb9f6c,{},"{""disease"":""Burnout (Chitta Klama)"",""dosha"":""Vata-Pitta"",""prakriti"":""Vata"",""season"":""Varsha""}",positive,"Minimal response, dosage adjusted.",False,2026-07-03T11:05:33.265506
22272b19-ed4f-47cc-90f2-ffe6ca4be36b,726a0544-9ef5-4fcc-a522-5ed2b32a0dd5,9c1a4a01-70f7-42a9-b866-d9fd5fe2d330,{},"{""disease"":""Amebiasis (Pittaja Atisara)"",""dosha"":""Pitta-Kapha"",""prakriti"":""Pitta"",""season"":""Varsha""}",negative,Good improvement noted after 2 weeks.,False,2026-07-03T11:05:33.265506
71cd77ba-2cfd-45f4-a458-37c01bc9d940,72b2881a-bcb0-4a20-84c1-3648ac2e2c49,ae2562da-7f8c-4ba3-94be-1aad20b5cae3,{},"{""disease"":""Acidity (Amlapitta)"",""dosha"":""Pitta"",""prakriti"":""Pitta"",""season"":""Sharad""}",positive,Excellent recovery.,False,2026-07-03T11:05:33.265506
947bf7da-dc07-4591-b1c7-98d28818b25c,693f23cc-b396-429b-b9d3-46f02c8637b4,0637f8ae-da28-48cb-9d7c-4f2be720c853,{},"{""disease"":""Acidity (Amlapitta)"",""dosha"":""Pitta"",""prakriti"":""Pitta"",""season"":""Sharad""}",negative,Good improvement noted after 2 weeks.,False,2026-07-03T11:05:33.265506
b6ac6c31-2a0b-4478-9a41-d3075a6c72fa,0e355b07-5976-4177-bc19-cc009bc22b31,b4d16c62-8700-46a0-beb8-29891dd30f17,{},"{""disease"":""Acidity (Amlapitta)"",""dosha"":""Pitta"",""prakriti"":""Pitta"",""season"":""Sharad""}",positive,Good improvement noted after 2 weeks.,False,2026-07-03T11:05:33.265506
513d469b-4d25-49d5-8051-1dc13a3795e0,01d1fa93-bd3f-44b0-b8a1-81b87e0e7564,497aa7fb-7d92-4ebd-a1be-09edd76504b6,{},"{""disease"":""Acidity (Amlapitta)"",""dosha"":""Pitta"",""prakriti"":""Pitta"",""season"":""Sharad""}",negative,Good improvement noted after 2 weeks.,False,2026-07-03T11:05:33.265506
487757e8-2f4f-4939-aa78-012229f976c9,19dd4f5c-d541-4af3-9939-948007f8ee11,8b9cbac7-1409-4a16-bb3d-5b7cd32d7052,{},"{""disease"":""Fever (Jwara)"",""dosha"":""Pitta"",""prakriti"":""Pitta"",""season"":""Sharad""}",positive,Requires follow-up after 1 month.,False,2026-07-03T11:05:33.265506
2372a673-fa31-415a-ba7e-4161bd008a3b,5d88a728-570d-4b0f-a63b-28efe8390b13,5ef91933-f111-4620-8020-0703d381b263,{},"{""disease"":""Dengue (Dandashthaka Jwara)"",""dosha"":""Pitta"",""prakriti"":""Pitta"",""season"":""Sharad""}",positive,Excellent recovery.,False,2026-07-03T11:05:33.265506
6e87cff1-18da-45eb-b14f-ff7ecc4db31c,fbd6a056-a2ca-4b7e-bf5e-fba558452aa6,c8b8855f-2de8-40ab-83c7-084f74da04cd,{},"{""disease"":""Diarrhea (Atisara)"",""dosha"":""Pitta"",""prakriti"":""Pitta"",""season"":""Sharad""}",positive,Patient responded well to treatment.,False,2026-07-03T11:05:33.265506
38c467b7-751b-451b-9501-933534366da9,e233cc94-8c91-4284-b394-aabbbc20ed73,a53ab376-a99f-4020-b0fd-a4781679789f,{},"{""disease"":""Dengue (Dandashthaka Jwara)"",""dosha"":""Pitta"",""prakriti"":""Pitta"",""season"":""Sharad""}",positive,Requires follow-up after 1 month.,False,2026-07-03T11:05:33.265506
f1379f93-63a5-44d0-9577-9576d2230e50,4b8eae49-83ec-44b2-b597-3655b945c1f1,194bf11e-5f52-43fb-8ec1-fe6d4ebf31dc,{},"{""disease"":""Diarrhea (Atisara)"",""dosha"":""Pitta"",""prakriti"":""Pitta"",""season"":""Sharad""}",negative,,False,2026-07-03T11:05:33.265506
50481dc7-ce52-42f5-bd15-3454e0192480,8fc7efec-f525-4ece-94f6-0f21afc8d133,44cb151b-dfbe-43ea-aaaa-458d097b181b,{},"{""disease"":""Acidity (Amlapitta)"",""dosha"":""Pitta"",""prakriti"":""Pitta"",""season"":""Sharad""}",positive,Excellent recovery.,False,2026-07-03T11:05:33.265506
ec7963ec-4588-4f55-bce4-0a6fe51c62f2,b6700f93-77b3-472a-99d1-0f5aa02f4a8c,20c6d45a-f29b-4737-b252-b2d8c479d047,{},"{""disease"":""Dengue (Dandashthaka Jwara)"",""dosha"":""Pitta"",""prakriti"":""Pitta"",""season"":""Sharad""}",negative,,False,2026-07-03T11:05:33.265506
c5b0e4d5-df9d-4ae7-bb4c-fd6c931c6476,493ce533-a40e-41da-b998-80990e815203,4fad2186-6bd0-46c6-b768-09f291940594,{},"{""disease"":""Skin Disorder (Kushtha)"",""dosha"":""Pitta"",""prakriti"":""Pitta"",""season"":""Sharad""}",positive,Requires follow-up after 1 month.,False,2026-07-03T11:05:33.265506
b5adf73d-4bb9-40fc-9635-4b599b5fd2ab,d8409afe-4d08-4f6a-a5f3-83e9df67ff3b,7bb9d0c0-d51c-4514-aeb2-d58584f7ce20,{},"{""disease"":""Skin Disorder (Kushtha)"",""dosha"":""Pitta"",""prakriti"":""Pitta"",""season"":""Sharad""}",positive,Excellent recovery.,False,2026-07-03T11:05:33.265506
4ba04ed3-1510-46ee-8f82-969ed62598de,61e13cea-61ab-4d3b-9aed-773ece96fa27,cd3f90ab-76c5-4109-8d74-02260ab7bf2c,{},"{""disease"":""Eye Disorder (Netra Roga)"",""dosha"":""Pitta"",""prakriti"":""Pitta"",""season"":""Sharad""}",positive,Excellent recovery.,False,2026-07-03T11:05:33.265506
a45159b4-76e2-4050-a701-a7b243566a28,fd38fd08-0888-49fe-a87d-1e8a5ceac484,57ecf6cf-de24-4f0a-b682-de6783674716,{},"{""disease"":""Acidity (Amlapitta)"",""dosha"":""Pitta"",""prakriti"":""Pitta"",""season"":""Sharad""}",positive,Requires follow-up after 1 month.,False,2026-07-03T11:05:33.265506
26d56429-1521-418b-9f46-2d2bbb4fc680,897987e2-558c-43d7-b337-52921e51c6af,eecee146-d690-4d1e-a4b4-74c859487b3b,{},"{""disease"":""Eye Disorder (Netra Roga)"",""dosha"":""Pitta"",""prakriti"":""Pitta"",""season"":""Sharad""}",positive,Excellent recovery.,False,2026-07-03T11:05:33.265506
3b9276e9-6ef5-4ba8-b6d0-883095a4f74e,7fe7668f-ef3d-4bc2-8b4b-183240e39098,608d29bb-079a-4450-bc1b-44f1ce9cbbc8,{},"{""disease"":""Dengue (Dandashthaka Jwara)"",""dosha"":""Pitta"",""prakriti"":""Pitta"",""season"":""Sharad""}",negative,Patient responded well to treatment.,False,2026-07-03T11:05:33.265506
c00f81b8-1b05-41e7-8d0e-9b8ba941bf63,4f048eaf-3e00-4fad-a583-8453c8594b6b,c162bb54-2258-4752-a2d3-6c7941a5779d,{},"{""disease"":""Eye Disorder (Netra Roga)"",""dosha"":""Pitta"",""prakriti"":""Pitta"",""season"":""Sharad""}",positive,Patient responded well to treatment.,False,2026-07-03T11:05:33.265506
73477b05-3a91-48d4-9c21-9d446b05258b,e726f11b-11bb-4f80-87b3-c554a5e81cee,df8c6724-2fb9-4b9b-b6c3-d83ddb05b1bb,{},"{""disease"":""Fever (Jwara)"",""dosha"":""Pitta"",""prakriti"":""Pitta"",""season"":""Sharad""}",positive,"Minimal response, dosage adjusted.",False,2026-07-03T11:05:33.265506
a1573d09-cc62-4fdb-aca1-f6d7048e0d6b,fbdbd9c2-c61b-491a-b6cd-4d56a1ac14b0,35914d13-d6aa-4346-b737-227be8a103d7,{},"{""disease"":""Acidity (Amlapitta)"",""dosha"":""Pitta"",""prakriti"":""Pitta"",""season"":""Sharad""}",positive,Excellent recovery.,False,2026-07-03T11:05:33.265506
331e46e5-ac7d-4f9e-9559-f1939f07039b,094db29e-90a4-4da0-b3c1-9dc7c1041600,57bd2394-a737-4ae8-9ae3-16d1fbee832f,{},"{""disease"":""Diarrhea (Atisara)"",""dosha"":""Pitta"",""prakriti"":""Pitta"",""season"":""Sharad""}",negative,,False,2026-07-03T11:05:33.265506
1adc9935-ee0b-4068-b8e2-899975eb41cc,dd9f868e-94ed-4d40-bd6a-72521f13f9b0,39e70cb4-aa94-44ba-b061-5ddf26e615fc,{},"{""disease"":""Diarrhea (Atisara)"",""dosha"":""Pitta"",""prakriti"":""Pitta"",""season"":""Sharad""}",positive,Requires follow-up after 1 month.,False,2026-07-03T11:05:33.265506
4c897529-6403-4e0d-8f22-de36868f650a,5d2a3a2d-a56d-4dd4-9fd6-13626df1bbec,1dd84706-fa11-4dcf-a9c4-9f2f4f63c5ad,{},"{""disease"":""Diarrhea (Atisara)"",""dosha"":""Pitta"",""prakriti"":""Pitta"",""season"":""Sharad""}",negative,Good improvement noted after 2 weeks.,False,2026-07-03T11:05:33.265506
17eada42-e0e2-4f52-af77-645e2dbfef53,9a019980-cab9-41b9-9e34-9c900834d9b8,5fc90a70-596e-4869-b5e1-a465b7600bbe,{},"{""disease"":""Acidity (Amlapitta)"",""dosha"":""Pitta"",""prakriti"":""Pitta"",""season"":""Sharad""}",positive,Good improvement noted after 2 weeks.,False,2026-07-03T11:05:33.265506
a7cb6ea3-2723-42ed-a323-f41dcea0f0a9,a2d93dcf-4ebc-43f7-91fe-86fc2ed3431f,f04c6af0-5d32-41d7-84e5-e830c539d9d4,{},"{""disease"":""Diarrhea (Atisara)"",""dosha"":""Pitta"",""prakriti"":""Pitta"",""season"":""Sharad""}",negative,Requires follow-up after 1 month.,False,2026-07-03T11:05:33.265506
ed971648-a8d6-4f60-99e0-25fb010ae522,b9b2ef83-b99f-4e76-a2ab-5d183eebf521,3916c20a-e390-4155-a325-7a4b189b0dc4,{},"{""disease"":""Acidity (Amlapitta)"",""dosha"":""Pitta"",""prakriti"":""Pitta"",""season"":""Sharad""}",positive,Requires follow-up after 1 month.,False,2026-07-03T11:05:33.265506
3bbcdd3f-18a2-4c24-9d4c-049eb7c9df45,1f2497b9-e133-4306-9fc4-af604096d6ef,0675507e-2ad6-40c3-a441-1a22929946fa,{},"{""disease"":""Fever (Jwara)"",""dosha"":""Pitta"",""prakriti"":""Pitta"",""season"":""Sharad""}",negative,Patient responded well to treatment.,False,2026-07-03T11:05:33.265506
e0661e1a-5e3d-4ac8-a8d9-b4be3701270d,887c2549-d782-46e3-864c-ebfe36d81f69,0ed26b1c-b176-46e6-839b-7846ef1ffdf6,{},"{""disease"":""Diarrhea (Atisara)"",""dosha"":""Pitta"",""prakriti"":""Pitta"",""season"":""Sharad""}",positive,Good improvement noted after 2 weeks.,False,2026-07-03T11:05:33.265506
89482388-5776-4f6d-824b-057bb56202c2,e6205465-cf51-49a7-aecf-7e8e67bdcfe5,819f3229-a5b0-4a5a-a303-dec99396a8e3,{},"{""disease"":""Diarrhea (Atisara)"",""dosha"":""Pitta"",""prakriti"":""Pitta"",""season"":""Sharad""}",positive,,False,2026-07-03T11:05:33.265506
4cb8e41d-2eb8-467f-88ce-e8d165beff9e,a761cbf3-df21-4c28-9534-bc3dc2ee0a26,7db7d8b5-c4e6-40a1-b7b0-bd8ca56e753d,{},"{""disease"":""Diarrhea (Atisara)"",""dosha"":""Pitta"",""prakriti"":""Pitta"",""season"":""Sharad""}",positive,Patient responded well to treatment.,False,2026-07-03T11:05:33.265506
bdcb043a-0758-40ea-9ae6-5feac34d05d7,fceb3277-55c1-4e8c-a70e-e6dbb57d54f8,2a1c8c7d-afb8-45d7-a5a9-1456187105dd,{},"{""disease"":""Fever (Jwara)"",""dosha"":""Pitta"",""prakriti"":""Pitta"",""season"":""Sharad""}",negative,Excellent recovery.,False,2026-07-03T11:05:33.265506
2ba44b2e-0e7a-4e07-8ea2-56fb5b13d508,40b5a9ae-90a4-4f6c-a098-b31928f94be8,bd66f76b-4110-45e8-a83c-8593e1a86953,{},"{""disease"":""Dengue (Dandashthaka Jwara)"",""dosha"":""Pitta"",""prakriti"":""Pitta"",""season"":""Sharad""}",positive,"Minimal response, dosage adjusted.",False,2026-07-03T11:05:33.265506
13bb8837-ea4a-497a-b5f4-1af3811f6d48,fb8f5ee9-eb28-49ae-9b13-1a79bfbe6552,0a3924d6-c931-4bb1-96a5-6c2aaeb42c81,{},"{""disease"":""Eye Disorder (Netra Roga)"",""dosha"":""Pitta"",""prakriti"":""Pitta"",""season"":""Sharad""}",positive,,False,2026-07-03T11:05:33.265506
8a1240fc-d560-45dd-b9d9-e33347d599e3,7928e7cf-c449-4d7e-8c10-9a404c9dda75,dfdafbd8-621f-4be5-95ff-ba1f5c7dbeda,{},"{""disease"":""Diarrhea (Atisara)"",""dosha"":""Pitta"",""prakriti"":""Pitta"",""season"":""Sharad""}",positive,Excellent recovery.,False,2026-07-03T11:05:33.265506
a1f70799-cb52-4976-ab2b-9d96722042ad,1a17d497-cd2e-42e9-b5b5-22873db11016,140d2d99-5fcb-472e-85ae-d835cb820f95,{},"{""disease"":""Diarrhea (Atisara)"",""dosha"":""Pitta"",""prakriti"":""Pitta"",""season"":""Sharad""}",positive,Requires follow-up after 1 month.,False,2026-07-03T11:05:33.265506
69121586-8305-46d7-9e26-74260ddca9d2,5b489b04-54a8-468d-ac4f-159c8d84ccbc,bb8d4aa7-aa69-447c-9bc3-ba664dd25301,{},"{""disease"":""Acidity (Amlapitta)"",""dosha"":""Pitta"",""prakriti"":""Pitta"",""season"":""Sharad""}",positive,Good improvement noted after 2 weeks.,False,2026-07-03T11:05:33.265506
b68e1009-48fb-4713-8bb9-1fbb41315af2,3ce2ae1c-e79e-45a8-874a-e3e1d7b5ce42,02ad7ea6-620f-4dd1-b284-97c47be92a4e,{},"{""disease"":""Eye Disorder (Netra Roga)"",""dosha"":""Pitta"",""prakriti"":""Pitta"",""season"":""Sharad""}",positive,"Minimal response, dosage adjusted.",False,2026-07-03T11:05:33.265506
9a8b2350-0e1f-4d75-865c-eadccc8238d3,c2e5783b-b4d6-4e56-8b7b-b65f60e7b690,9896e47a-7124-43a2-9228-bbb7cdfc7e5d,{},"{""disease"":""Diarrhea (Atisara)"",""dosha"":""Pitta"",""prakriti"":""Pitta"",""season"":""Sharad""}",negative,Requires follow-up after 1 month.,False,2026-07-03T11:05:33.265506
5640014b-607d-4146-813e-5453bb99eb4c,726a0544-9ef5-4fcc-a522-5ed2b32a0dd5,ea71e5ed-0abd-4e70-bf1b-8912a03a207b,{},"{""disease"":""Diarrhea (Atisara)"",""dosha"":""Pitta"",""prakriti"":""Pitta"",""season"":""Sharad""}",positive,Patient responded well to treatment.,False,2026-07-03T11:05:33.265506
bfaab14d-0c1d-4105-aea7-90d6c2352221,8f3eb98a-2fdd-47ca-85be-184337957e4d,10f43d69-6fec-4064-9d75-14b929fa21ee,{},"{""disease"":""Eye Disorder (Netra Roga)"",""dosha"":""Pitta"",""prakriti"":""Pitta"",""season"":""Sharad""}",positive,,False,2026-07-03T11:05:33.265506
aed2a327-739c-447f-be67-45834a46284f,3730d8a1-557b-4224-9319-4901dc66ab18,ee958329-ef69-43f4-8de1-0a66267cf894,{},"{""disease"":""Diarrhea (Atisara)"",""dosha"":""Pitta"",""prakriti"":""Pitta"",""season"":""Sharad""}",positive,Requires follow-up after 1 month.,False,2026-07-03T11:05:33.265506
a5cc22cf-f8e5-421b-ae6e-69dde14ca82c,3de1091e-220d-4434-ae97-b9e9a079b027,515c7c4b-8fb0-4d12-80b1-a9725940772b,{},"{""disease"":""Fever (Jwara)"",""dosha"":""Pitta"",""prakriti"":""Pitta"",""season"":""Sharad""}",negative,,False,2026-07-03T11:05:33.265506
743b148b-0a85-4da9-8b04-2acff1f29c4c,d86aac54-f472-4863-b75f-da024a0445c4,4c0308a4-8255-4fb1-aee5-47e9f61ee242,{},"{""disease"":""Fever (Jwara)"",""dosha"":""Pitta"",""prakriti"":""Pitta"",""season"":""Sharad""}",positive,"Minimal response, dosage adjusted.",False,2026-07-03T11:05:33.265506
9b78a5f5-a933-4fa0-9264-89de27721e96,fc6b9ba8-7c80-4764-8482-f20bc831c4e5,3dfb7fa6-4181-4f8c-909c-ff6bd4920750,{},"{""disease"":""Eye Disorder (Netra Roga)"",""dosha"":""Pitta"",""prakriti"":""Pitta"",""season"":""Sharad""}",positive,"Minimal response, dosage adjusted.",False,2026-07-03T11:05:33.265506
55cfe81f-8821-4778-b662-ba299e9996bd,b30ca37b-a315-4855-83d7-b9eedff50f6d,17accf1c-41da-4445-be0f-3567f82960e9,{},"{""disease"":""Acidity (Amlapitta)"",""dosha"":""Pitta"",""prakriti"":""Pitta"",""season"":""Sharad""}",negative,Requires follow-up after 1 month.,False,2026-07-03T11:05:33.265506
6b9ce3c6-ec70-4bcd-914a-be3816a5e78c,71ea6e60-7682-4ad2-bcdb-684c24439b95,31454b6b-3096-419e-bad9-15d8528e48b8,{},"{""disease"":""Diarrhea (Atisara)"",""dosha"":""Pitta"",""prakriti"":""Pitta"",""season"":""Sharad""}",negative,Excellent recovery.,False,2026-07-03T11:05:33.265506
e121ca2c-70e4-4423-a802-79ceb42a6216,96cd86af-a011-409e-8853-55cf183fc03d,68dc7cfb-dd61-4aba-bd31-c1ed759ff30c,{},"{""disease"":""Acidity (Amlapitta)"",""dosha"":""Pitta"",""prakriti"":""Pitta"",""season"":""Sharad""}",positive,Excellent recovery.,False,2026-07-03T11:05:33.265506
4745caa8-3c8b-4624-ac98-77ac0e6d1b9f,809d0f5a-db30-4e49-b921-50b7688e7258,83ade991-19a7-488d-8897-ba36784c0e07,{},"{""disease"":""Skin Disorder (Kushtha)"",""dosha"":""Pitta"",""prakriti"":""Pitta"",""season"":""Sharad""}",negative,,False,2026-07-03T11:05:33.265506
eb0161d0-3521-42a6-872f-9cb4d753a85f,d1caf30c-327f-455f-9e93-16f6ae872161,d4340070-04ca-4a94-b958-cc3acf2645f7,{},"{""disease"":""Diarrhea (Atisara)"",""dosha"":""Pitta"",""prakriti"":""Pitta"",""season"":""Sharad""}",negative,Patient responded well to treatment.,False,2026-07-03T11:05:33.265506
49f299ee-5430-468d-949e-e07ec94aca21,ccb0be9b-ffc4-41e2-aab9-f4cedef39498,d25abdae-8d2c-47d8-8047-ee2266af3c02,{},"{""disease"":""Diarrhea (Atisara)"",""dosha"":""Pitta"",""prakriti"":""Pitta"",""season"":""Sharad""}",positive,,False,2026-07-03T11:05:33.265506
b5b37f55-1ff3-435a-8858-a2eb36b7445a,ea941aad-c397-4656-bd2d-d1e4ca74eec0,1c78673a-c7e4-4b51-a581-9625846ea6fa,{},"{""disease"":""Fever (Jwara)"",""dosha"":""Pitta"",""prakriti"":""Pitta"",""season"":""Sharad""}",positive,Patient responded well to treatment.,False,2026-07-03T11:05:33.265506
e589de1c-55ee-49f1-bb53-fc129549bed2,3786e287-1e22-487b-810b-e4f4384d94b0,696fbd31-ebf8-4398-ba15-906331d86a52,{},"{""disease"":""Dengue (Dandashthaka Jwara)"",""dosha"":""Pitta"",""prakriti"":""Pitta"",""season"":""Sharad""}",negative,"Minimal response, dosage adjusted.",False,2026-07-03T11:05:33.265506
0b6cdecd-7324-417b-af1a-679ef941b266,2c5b6ca1-118c-45a7-88db-09aa4fea866c,cef7e570-1c06-441e-b01d-e1d1e49ba034,{},"{""disease"":""Dengue (Dandashthaka Jwara)"",""dosha"":""Pitta"",""prakriti"":""Pitta"",""season"":""Sharad""}",positive,"Minimal response, dosage adjusted.",False,2026-07-03T11:05:33.265506
c36e1575-b58e-4d7a-a262-77582a1743a2,433745ec-d4b7-4131-81ac-776e3c533b33,669ab4e4-5d59-45cf-a1a7-2c066c6b5536,{},"{""disease"":""Skin Disorder (Kushtha)"",""dosha"":""Pitta"",""prakriti"":""Pitta"",""season"":""Sharad""}",positive,Patient responded well to treatment.,False,2026-07-03T11:05:33.265506
ae653c72-2b27-4d55-ad28-f30befb88b6c,ef6c6dc4-469f-45fc-b6ee-ef7991a2fccc,07bc02df-62aa-4cef-a5b5-85d7b50ef809,{},"{""disease"":""Skin Disorder (Kushtha)"",""dosha"":""Pitta"",""prakriti"":""Pitta"",""season"":""Sharad""}",positive,Patient responded well to treatment.,False,2026-07-03T11:05:33.265506
dcd0cb1c-e57f-44cf-9e6f-ec25a8113b38,0bf61ee8-167a-4e36-be1d-fb01c6def3b6,4d091671-733d-4ed6-ae52-2f3b1b0a1fad,{},"{""disease"":""Diarrhea (Atisara)"",""dosha"":""Pitta"",""prakriti"":""Pitta"",""season"":""Sharad""}",positive,Excellent recovery.,False,2026-07-03T11:05:33.265506
11c33e09-e1e8-4ada-8a33-254fd3eb83f6,2ad5cc12-77b7-451a-8dcc-a41f1444db32,1f2577af-06b0-4e99-b093-3010a44bde5f,{},"{""disease"":""Fever (Jwara)"",""dosha"":""Pitta"",""prakriti"":""Pitta"",""season"":""Sharad""}",positive,Excellent recovery.,False,2026-07-03T11:05:33.265506
9d41b6fe-a2fe-404b-9cf3-d74884eae7ae,d31d254c-6cfa-4441-b2eb-6b7271754bcb,b5f72e9a-619e-42cb-8e87-4d3be44956b3,{},"{""disease"":""Skin Disorder (Kushtha)"",""dosha"":""Pitta"",""prakriti"":""Pitta"",""season"":""Sharad""}",positive,,False,2026-07-03T11:05:33.265506
9602268b-7ea0-477c-85b8-3894e1e54d57,c21971e9-6486-4962-adde-b835629f6a01,450c9131-0479-4583-9587-dd6b9c376567,{},"{""disease"":""Dengue (Dandashthaka Jwara)"",""dosha"":""Pitta"",""prakriti"":""Pitta"",""season"":""Sharad""}",positive,Patient responded well to treatment.,False,2026-07-03T11:05:33.265506
dc23c02a-8115-4365-8c30-87484c2b5ec8,6b85b7de-73ea-4d5e-9f33-658dad3fbfb2,3e63a3af-1f26-467e-b246-655ca68b871a,{},"{""disease"":""Eye Disorder (Netra Roga)"",""dosha"":""Pitta"",""prakriti"":""Pitta"",""season"":""Sharad""}",positive,,False,2026-07-03T11:05:33.265506
55896e53-5ce5-42cc-9c54-0c679ab4e3ec,f4d5afd4-e183-4732-a4a7-866f5f2c2fc2,b1a90e5b-615b-45a8-9370-1e3a8a7effe9,{},"{""disease"":""Fever (Jwara)"",""dosha"":""Pitta"",""prakriti"":""Pitta"",""season"":""Sharad""}",positive,Excellent recovery.,False,2026-07-03T11:05:33.265506
a2738ce0-050d-414e-b9da-a0a6e2827ceb,d3a42e34-143f-433d-b339-bd249843ad50,7262dbb7-459f-444e-bd0e-01bdd4dca182,{},"{""disease"":""Diarrhea (Atisara)"",""dosha"":""Pitta"",""prakriti"":""Pitta"",""season"":""Sharad""}",positive,Excellent recovery.,False,2026-07-03T11:05:33.265506
77bb91c0-ad8e-4523-8fd1-8b52875b55b9,7b081731-f6e6-4bc0-92e7-0926927197f2,c4bfc97e-e529-431e-ba17-fc7424e4560c,{},"{""disease"":""Acidity (Amlapitta)"",""dosha"":""Pitta"",""prakriti"":""Pitta"",""season"":""Sharad""}",positive,Good improvement noted after 2 weeks.,False,2026-07-03T11:05:33.265506
2cb4a54b-51a4-472b-82c7-682d9bd61f07,6b34d482-464b-4342-8047-567d9d38c122,8a45a5e7-2c69-48df-a1ff-07f17ede292f,{},"{""disease"":""Eye Disorder (Netra Roga)"",""dosha"":""Pitta"",""prakriti"":""Pitta"",""season"":""Sharad""}",positive,Excellent recovery.,False,2026-07-03T11:05:33.265506
3dd2e8c3-4ce9-48ab-b001-8c8a276bc9da,20787549-8560-40a2-bef0-a262da1afedc,4f90163e-49ce-42b2-b1bf-6a78aaa74902,{},"{""disease"":""Diarrhea (Atisara)"",""dosha"":""Pitta"",""prakriti"":""Pitta"",""season"":""Sharad""}",positive,Excellent recovery.,False,2026-07-03T11:05:33.265506
8a2aba8e-852b-47a4-89d2-7830417868ef,9b81443e-70c0-4787-8d5f-9f3ee7afc7e1,e9d8396f-0cd4-45ec-a1c9-14b863883e08,{},"{""disease"":""Dengue (Dandashthaka Jwara)"",""dosha"":""Pitta"",""prakriti"":""Pitta"",""season"":""Sharad""}",negative,Requires follow-up after 1 month.,False,2026-07-03T11:05:33.265506
e56f15dc-0d8b-4316-a1ec-9556a8a3e4a5,d1bdd759-8b5f-4f83-87e5-b0ca4ce9b8e8,195787bd-05c1-46e2-8fa0-8465a03a998b,{},"{""disease"":""Skin Disorder (Kushtha)"",""dosha"":""Pitta"",""prakriti"":""Pitta"",""season"":""Sharad""}",negative,Excellent recovery.,False,2026-07-03T11:05:33.265506
7aa0212d-bcea-4317-8c34-8eca3db4fdbd,9027b642-6669-4e5d-9de9-6197e231bf03,a99a89b8-c676-4b90-a0f2-849bcd626d02,{},"{""disease"":""Diarrhea (Atisara)"",""dosha"":""Pitta"",""prakriti"":""Pitta"",""season"":""Sharad""}",positive,"Minimal response, dosage adjusted.",False,2026-07-03T11:05:33.265506
78afbab1-f247-4eb4-8c30-4421e4c2399a,7c68fc39-17fe-480d-8e3d-5f5c1b3ffcc0,5db2b0b8-8ab4-4f02-8e98-f602da2ca43f,{},"{""disease"":""Skin Disorder (Kushtha)"",""dosha"":""Pitta"",""prakriti"":""Pitta"",""season"":""Sharad""}",positive,"Minimal response, dosage adjusted.",False,2026-07-03T11:05:33.265506
fe89d352-1ae9-4b44-ba75-3c651a81f70c,4563d3b6-d896-46ac-a1ca-dee38c51265f,41b2bf23-b094-4346-a6dc-91c655662950,{},"{""disease"":""Acidity (Amlapitta)"",""dosha"":""Pitta"",""prakriti"":""Pitta"",""season"":""Sharad""}",negative,Excellent recovery.,False,2026-07-03T11:05:33.265506
f1618b6a-55f7-4da2-a3c5-cd1b0d7faafd,d53538f7-b819-4bb2-9ca1-2ed43062ad1e,e3393422-5511-4032-b04d-8d30e2374076,{},"{""disease"":""Skin Disorder (Kushtha)"",""dosha"":""Pitta"",""prakriti"":""Pitta"",""season"":""Sharad""}",positive,Patient responded well to treatment.,False,2026-07-03T11:05:33.265506
333e1d9c-700e-461a-8b2d-f1612952079e,6bdf1d70-531f-44b3-b456-2544d6fc76f9,2134c7c7-b03a-4e82-a672-c03c8aea3856,{},"{""disease"":""Dengue (Dandashthaka Jwara)"",""dosha"":""Pitta"",""prakriti"":""Pitta"",""season"":""Sharad""}",negative,Requires follow-up after 1 month.,False,2026-07-03T11:05:33.265506
718307da-7928-4f68-a91b-bb8c2133db20,4765c693-4fbd-46b9-9035-05882ba6c9c0,93633048-b1da-407f-837f-e0cf20a9752f,{},"{""disease"":""Dengue (Dandashthaka Jwara)"",""dosha"":""Pitta"",""prakriti"":""Pitta"",""season"":""Sharad""}",positive,Requires follow-up after 1 month.,False,2026-07-03T11:05:33.265506
aae1f124-37b9-4f28-9702-98c1238d81dc,bd4edcfc-e63c-453c-8f52-da5b28ca241f,3e95d671-4f97-4d8e-b5b9-c6772e86b4aa,{},"{""disease"":""Eye Disorder (Netra Roga)"",""dosha"":""Pitta"",""prakriti"":""Pitta"",""season"":""Sharad""}",positive,,False,2026-07-03T11:05:33.265506
31310c2c-b3bd-4989-9012-21f5219e8659,461ccfbd-7928-41e0-bc74-54e39824d9a7,fd01e2df-1608-48cc-aae9-db640c191e30,{},"{""disease"":""Dengue (Dandashthaka Jwara)"",""dosha"":""Pitta"",""prakriti"":""Pitta"",""season"":""Sharad""}",negative,Patient responded well to treatment.,False,2026-07-03T11:05:33.265506
1f1c20bc-bfc9-4bf9-8230-bea27696271b,d56a8d27-6a5a-4e28-a957-7d883cf46c3c,3f9a888b-eed1-45d9-94bd-c8664ade431f,{},"{""disease"":""Eye Disorder (Netra Roga)"",""dosha"":""Pitta"",""prakriti"":""Pitta"",""season"":""Sharad""}",negative,Patient responded well to treatment.,False,2026-07-03T11:05:33.265506
036b7adf-ce98-4f90-8126-655593f3e918,d53538f7-b819-4bb2-9ca1-2ed43062ad1e,b8af4705-ae18-4f51-84d0-8d9f4ec44f1c,{},"{""disease"":""Diarrhea (Atisara)"",""dosha"":""Pitta"",""prakriti"":""Pitta"",""season"":""Sharad""}",positive,,False,2026-07-03T11:05:33.265506
4f7cfa58-9157-4c47-a909-b504c5b98285,4765c693-4fbd-46b9-9035-05882ba6c9c0,5571e170-6199-4cc0-8a8e-4dab9b2d9a67,{},"{""disease"":""Skin Disorder (Kushtha)"",""dosha"":""Pitta"",""prakriti"":""Pitta"",""season"":""Sharad""}",positive,Requires follow-up after 1 month.,False,2026-07-03T11:05:33.265506
80ddab71-09ca-46e9-99d2-893e5fcfabd8,4b8eae49-83ec-44b2-b597-3655b945c1f1,1ba45763-2ab2-43a4-b8bb-9550bcdb12d1,{},"{""disease"":""Skin Disorder (Kushtha)"",""dosha"":""Pitta"",""prakriti"":""Pitta"",""season"":""Sharad""}",positive,,False,2026-07-03T11:05:33.265506
e66d6446-6870-481b-a8ef-a058603218a2,731d9945-c268-42d9-9fc7-b573b49d96cc,c23f81fe-129f-4107-a9e3-ecbf2116eb29,{},"{""disease"":""Diarrhea (Atisara)"",""dosha"":""Pitta"",""prakriti"":""Pitta"",""season"":""Sharad""}",positive,Excellent recovery.,False,2026-07-03T11:05:33.265506
ccd527c4-1c2a-4229-879c-a01bce7fb8e4,45a0893e-dabe-47bd-ae94-baa22ecb5e87,d58bdefc-1ec1-41a0-9907-a7c749174e17,{},"{""disease"":""Skin Disorder (Kushtha)"",""dosha"":""Pitta"",""prakriti"":""Pitta"",""season"":""Sharad""}",positive,Good improvement noted after 2 weeks.,False,2026-07-03T11:05:33.265506
b175cc32-5e89-456b-b31f-eeacbfd3062e,1c1ced8e-3f9e-4ab9-9c10-f62a266ef8a5,2818ef60-143b-4f3b-a18a-7fb3831c7cfc,{},"{""disease"":""Dengue (Dandashthaka Jwara)"",""dosha"":""Pitta"",""prakriti"":""Pitta"",""season"":""Sharad""}",positive,Good improvement noted after 2 weeks.,False,2026-07-03T11:05:33.265506
42441bcd-2079-489d-add4-d0c5ab73ef37,e3f00da9-8434-49e0-a93d-7d984ea47e16,2590b127-66e3-4d29-97cb-5d780eda6f73,{},"{""disease"":""Dengue (Dandashthaka Jwara)"",""dosha"":""Pitta"",""prakriti"":""Pitta"",""season"":""Sharad""}",positive,Good improvement noted after 2 weeks.,False,2026-07-03T11:05:33.265506
ea03e38a-b036-4fe5-a40f-cdb1ea414a17,fd0d50f0-aca2-4154-beba-a56f799fe71e,0688b5c9-a2f2-4834-a4bc-331432699b6a,{},"{""disease"":""Skin Disorder (Kushtha)"",""dosha"":""Pitta"",""prakriti"":""Pitta"",""season"":""Sharad""}",negative,Patient responded well to treatment.,False,2026-07-03T11:05:33.265506
233dc886-463d-4616-ae0f-9c95fc8ab9fb,236bd531-011b-4496-b852-939257e25773,9e4f931e-e2c3-4f83-a670-72e4448f006e,{},"{""disease"":""Dengue (Dandashthaka Jwara)"",""dosha"":""Pitta"",""prakriti"":""Pitta"",""season"":""Sharad""}",positive,"Minimal response, dosage adjusted.",False,2026-07-03T11:05:33.265506
c9323142-0b6b-4db2-b90e-8a646b35a3e8,1a991d8e-17de-4883-bfb3-86d4e97dc1ae,5d4fd625-7175-429f-b9b6-67f4b588d22f,{},"{""disease"":""Fever (Jwara)"",""dosha"":""Pitta"",""prakriti"":""Pitta"",""season"":""Sharad""}",positive,Requires follow-up after 1 month.,False,2026-07-03T11:05:33.265506
5cec3862-cd22-454b-87ba-f71fcf1584cf,8655f250-2245-4b6c-b7a0-bc009c5fd906,7720954e-aa8f-40fc-9a5f-5b88e87d6172,{},"{""disease"":""Skin Disorder (Kushtha)"",""dosha"":""Pitta"",""prakriti"":""Pitta"",""season"":""Sharad""}",positive,Good improvement noted after 2 weeks.,False,2026-07-03T11:05:33.265506
4e5e5e80-1cff-41ef-ad3f-3d2680121a2c,726a0544-9ef5-4fcc-a522-5ed2b32a0dd5,2e182f96-a007-4a06-86e4-cc453e3c4694,{},"{""disease"":""Fever (Jwara)"",""dosha"":""Pitta"",""prakriti"":""Pitta"",""season"":""Sharad""}",positive,Excellent recovery.,False,2026-07-03T11:05:33.265506
62c148fc-0b45-4fa4-8125-dc5dad985b20,d53538f7-b819-4bb2-9ca1-2ed43062ad1e,17447a21-8db2-432c-85c4-cb647fb4300d,{},"{""disease"":""Fever (Jwara)"",""dosha"":""Pitta"",""prakriti"":""Pitta"",""season"":""Sharad""}",positive,"Minimal response, dosage adjusted.",False,2026-07-03T11:05:33.265506
90d1adb4-faf6-45ea-97fe-04501d53fdfd,05c5d18d-77f0-4ca4-b2cb-7190f17e2181,e4fa3caf-4fd4-4ac6-965d-41388ed0de3d,{},"{""disease"":""Fever (Jwara)"",""dosha"":""Pitta"",""prakriti"":""Pitta"",""season"":""Sharad""}",negative,"Minimal response, dosage adjusted.",False,2026-07-03T11:05:33.265506
6e45a767-c2f9-4c59-a104-f237e423e24b,a761cbf3-df21-4c28-9534-bc3dc2ee0a26,a22a6c75-b0f3-41b5-aea9-2f4ff2800cf6,{},"{""disease"":""Eye Disorder (Netra Roga)"",""dosha"":""Pitta"",""prakriti"":""Pitta"",""season"":""Sharad""}",negative,,False,2026-07-03T11:05:33.265506
5e805167-f569-4449-b7a1-cc897e9d8e2c,09e9310f-703f-4138-9a6a-a567754bc701,7c9efe9d-e4f2-4ce9-a08f-379b888d131e,{},"{""disease"":""Dengue (Dandashthaka Jwara)"",""dosha"":""Pitta"",""prakriti"":""Pitta"",""season"":""Sharad""}",positive,"Minimal response, dosage adjusted.",False,2026-07-03T11:05:33.265506
c0fd1a27-8ea8-4683-8374-4fd58e9e92d0,9f848fca-57e9-4bea-80b2-27b3643ba6a3,3dcdc6af-0171-4213-81d8-a1ffa56b6eb7,{},"{""disease"":""Fever (Jwara)"",""dosha"":""Pitta"",""prakriti"":""Pitta"",""season"":""Sharad""}",positive,,False,2026-07-03T11:05:33.265506
df916873-dd91-47c9-8213-bc417494fe5a,e34b7b05-0c12-49e2-9709-9ac30c8e5086,2d2e71f8-7b05-4941-b859-249eaea9727f,{},"{""disease"":""Diarrhea (Atisara)"",""dosha"":""Pitta"",""prakriti"":""Pitta"",""season"":""Sharad""}",positive,Patient responded well to treatment.,False,2026-07-03T11:05:33.265506
491fe0c5-5be9-4d23-86c0-23bc2099664d,b9cc8b32-8d6f-49dc-ad9a-1c8db1abe0b7,70ed01e7-8205-4a2c-9cc1-d4ec83d1f9af,{},"{""disease"":""Dengue (Dandashthaka Jwara)"",""dosha"":""Pitta"",""prakriti"":""Pitta"",""season"":""Sharad""}",negative,"Minimal response, dosage adjusted.",False,2026-07-03T11:05:33.265506
eb0c430c-9231-45f7-a6e1-da2371bfb4b8,89aa83fd-f4dc-4e74-8281-e6948797557f,56ef8f17-2190-4dd8-8ab0-62c9c0ced2b2,{},"{""disease"":""Fever (Jwara)"",""dosha"":""Pitta"",""prakriti"":""Pitta"",""season"":""Sharad""}",positive,Requires follow-up after 1 month.,False,2026-07-03T11:05:33.265506
9a97b57f-5cdf-44ae-a61c-c4d38be0c87c,df2cf24b-adbd-4f50-b1b4-f23619cec2b6,c608cf32-6a95-4b8e-929e-14434d3439a1,{},"{""disease"":""Acidity (Amlapitta)"",""dosha"":""Pitta"",""prakriti"":""Pitta"",""season"":""Sharad""}",negative,Good improvement noted after 2 weeks.,False,2026-07-03T11:05:33.265506
ba346d52-cdc1-4150-8e12-ac3980516876,e9c5a634-5480-410c-baab-abecf9ea6734,64bb6a60-0e42-42b0-8d9d-ed2a679fab34,{},"{""disease"":""Diarrhea (Atisara)"",""dosha"":""Pitta"",""prakriti"":""Pitta"",""season"":""Sharad""}",positive,Good improvement noted after 2 weeks.,False,2026-07-03T11:05:33.265506
1dfcf5e5-dc7d-4a44-9e44-725c0dbd6e27,2c5b6ca1-118c-45a7-88db-09aa4fea866c,52186b65-4dbc-4047-aeb7-b71de387f6a8,{},"{""disease"":""Diarrhea (Atisara)"",""dosha"":""Pitta"",""prakriti"":""Pitta"",""season"":""Sharad""}",negative,,False,2026-07-03T11:05:33.265506
8b13429c-0195-473c-9663-f8b367a0d15d,9027b642-6669-4e5d-9de9-6197e231bf03,ecb2beda-582e-4d45-a9b4-ee6cae3879bb,{},"{""disease"":""Dengue (Dandashthaka Jwara)"",""dosha"":""Pitta"",""prakriti"":""Pitta"",""season"":""Sharad""}",positive,Good improvement noted after 2 weeks.,False,2026-07-03T11:05:33.265506
932c748c-bbe4-414b-bb38-24c974ae4e4a,f2b03105-b124-49bd-ab07-249f0413e859,d533971e-1075-43ff-a878-7fb6fac38ac7,{},"{""disease"":""Diarrhea (Atisara)"",""dosha"":""Pitta"",""prakriti"":""Pitta"",""season"":""Sharad""}",positive,,False,2026-07-03T11:05:33.265506
cd5d3361-fa2a-4b49-a431-2b6ec6033089,de8c425a-ae57-449d-b012-9de69e1d4432,a039695b-b87d-4a35-a0f7-832e79bff478,{},"{""disease"":""Menstrual Disorder (Artava Dushti)"",""dosha"":""Vata-Pitta"",""prakriti"":""Vata"",""season"":""Sharad""}",positive,Requires follow-up after 1 month.,False,2026-07-03T11:05:33.265506
02f3f2ae-2c74-49d2-94a3-fd69772cb791,881dc7fa-c689-4a27-aa73-9fc771cc3859,e4c0556d-4d8e-4d40-a007-4076b9ab822e,{},"{""disease"":""Tonsillitis (Tundikeri)"",""dosha"":""Kapha-Pitta"",""prakriti"":""Kapha"",""season"":""Sharad""}",positive,,False,2026-07-03T11:05:33.265506
cfea7754-80f2-4d9f-837e-bf760ac78ee8,b04a2d73-1fa1-4be0-95bc-c1de06279db2,4a2227df-3b7d-4f7d-8fca-3f6ab4fa1407,{},"{""disease"":""Anemia (Pandu Roga)"",""dosha"":""Pitta"",""prakriti"":""Pitta"",""season"":""Sharad""}",positive,Patient responded well to treatment.,False,2026-07-03T11:05:33.265506
e6e3244c-3462-4445-a01b-67ad5e14685e,05c5d18d-77f0-4ca4-b2cb-7190f17e2181,46cc7b00-86d4-43f5-ae8e-140694502f12,{},"{""disease"":""Eczema (Vicharchika)"",""dosha"":""Pitta"",""prakriti"":""Pitta"",""season"":""Sharad""}",positive,"Minimal response, dosage adjusted.",False,2026-07-03T11:05:33.265506
03559d0b-81c5-4c96-ba7e-224607e8ebd3,6b85b7de-73ea-4d5e-9f33-658dad3fbfb2,a9add33b-27e9-43ab-b986-b84757e00b91,{},"{""disease"":""Warts (Charmakeela)"",""dosha"":""Kapha"",""prakriti"":""Kapha"",""season"":""Sharad""}",positive,Excellent recovery.,False,2026-07-03T11:05:33.265506
43a598ea-8ced-40a6-9adf-21ec6ba040b2,0bda3cac-f391-4f5b-829a-12354617b820,a36ac60d-f372-4d5c-bae2-fa376ae476ed,{},"{""disease"":""Sciatica (Gridhrasi)"",""dosha"":""Vata"",""prakriti"":""Vata"",""season"":""Sharad""}",positive,Excellent recovery.,False,2026-07-03T11:05:33.265506
966d4173-1fef-40c5-9496-7b1807a0d195,23017af6-e0b1-43ce-9ee4-3828ed8551f8,cd9035a9-5322-4af4-8482-ea77c7a605e6,{},"{""disease"":""Warts (Charmakeela)"",""dosha"":""Kapha"",""prakriti"":""Kapha"",""season"":""Sharad""}",positive,Requires follow-up after 1 month.,False,2026-07-03T11:05:33.265506
6118adfd-c0bd-4f33-9185-2b354f7d1abd,397debef-5867-4bca-b342-bacff63be257,11aacf92-9496-40bc-bd1b-9c3b9bcb7cdd,{},"{""disease"":""Angina (Hrit Shoola)"",""dosha"":""Vata-Kapha"",""prakriti"":""Vata"",""season"":""Sharad""}",positive,"Minimal response, dosage adjusted.",False,2026-07-03T11:05:33.265506
67042ebc-03dd-4c64-9f15-b45bd6d8a6dd,fb675350-88ef-4f41-b8b6-8b5e4f63d995,37ac2f20-3404-4c69-9784-0d6dad98ce14,{},"{""disease"":""Menstrual Disorder (Artava Dushti)"",""dosha"":""Vata-Pitta"",""prakriti"":""Vata"",""season"":""Sharad""}",positive,Good improvement noted after 2 weeks.,False,2026-07-03T11:05:33.265506
2e7b244a-cab8-4416-a674-18f9a9e5ba36,3b8fba31-663e-45b0-9e52-ecff95b0753b,b57574cb-45a8-47d4-9a26-c18f28ae763b,{},"{""disease"":""Gingivitis (Danta Vidradhi)"",""dosha"":""Pitta"",""prakriti"":""Pitta"",""season"":""Sharad""}",positive,Patient responded well to treatment.,False,2026-07-03T11:05:33.265506
63b5637b-5619-4be2-bfa4-76d9668dcfdc,e5b79175-2950-45f6-9957-7fad88f7e4cb,b27187f4-0f24-40bf-ab1a-837505848501,{},"{""disease"":""Hyperlipidemia (Medo Vriddhi)"",""dosha"":""Kapha"",""prakriti"":""Kapha"",""season"":""Sharad""}",positive,,False,2026-07-03T11:05:33.265506
0710b8a5-5ba8-4e45-9e03-19c44f1e3a33,b3d50c10-33e4-4505-b573-db3b6ea8e33a,188848cb-1dfa-4130-bf7a-c0abe67a84bd,{},"{""disease"":""Stress (Manasika Tanava)"",""dosha"":""Vata"",""prakriti"":""Vata"",""season"":""Sharad""}",negative,Good improvement noted after 2 weeks.,False,2026-07-03T11:05:33.265506
26764c0c-1847-417f-bae7-a8a65345e2de,4571dd57-064d-4016-a800-f13c33ed96fa,b54eb165-8ae8-45ca-b83e-34d8524bab7b,{},"{""disease"":""Chickenpox (Laghu Masurika)"",""dosha"":""Pitta"",""prakriti"":""Pitta"",""season"":""Sharad""}",positive,Good improvement noted after 2 weeks.,False,2026-07-03T11:05:33.265506
36efe382-8ccb-4d39-952e-ba10ca34dee4,2589d831-e7cc-469a-bf77-5811b3aadc1c,ce80b4b0-b128-4046-b153-33cd6c061c5b,{},"{""disease"":""Thyroid Disorder (Galaganda Vikara)"",""dosha"":""Vata-Pitta"",""prakriti"":""Vata"",""season"":""Sharad""}",negative,Good improvement noted after 2 weeks.,False,2026-07-03T11:05:33.265506
b437333b-e3bf-4157-a37a-3d0ca2fdfa97,10dc5e3a-46a4-4748-9ef8-18299079c01f,aaaedf7c-44f7-48ca-a25b-d2eb38e8578f,{},"{""disease"":""Osteoporosis (Asthi Kshaya)"",""dosha"":""Vata"",""prakriti"":""Vata"",""season"":""Sharad""}",positive,Excellent recovery.,False,2026-07-03T11:05:33.265506
260bcc90-8616-40f6-b6f9-31a79914f107,4fb8e2f3-b4bd-4a81-a9f5-3a342b15155c,9381eeda-6ea2-4290-8435-62e04889267e,{},"{""disease"":""Fatty Liver (Yakrit Meda Vriddhi)"",""dosha"":""Kapha-Pitta"",""prakriti"":""Kapha"",""season"":""Sharad""}",positive,,False,2026-07-03T11:05:33.265506
6b116ef5-d7d4-4f42-968f-a772f4e5a8fd,14d6fe6c-251d-4094-a395-154f42ccae76,8d47d7a7-896b-4d4c-a1ee-98f954f40c01,{},"{""disease"":""Acne (Yuvana Pidika)"",""dosha"":""Pitta-Kapha"",""prakriti"":""Pitta"",""season"":""Sharad""}",negative,"Minimal response, dosage adjusted.",False,2026-07-03T11:05:33.265506
6d3aee91-8891-4183-8651-c3f54bbdf880,3b2b32e1-d89f-4be7-85a6-7f655317bb74,069d9155-dbca-45bd-bcb5-e47ceda7b2cf,{},"{""disease"":""Urinary Tract Infection (Mutradaha)"",""dosha"":""Pitta"",""prakriti"":""Pitta"",""season"":""Sharad""}",negative,Requires follow-up after 1 month.,False,2026-07-03T11:05:33.265506
fce4b174-f047-4813-a805-350ad2cd2a23,9d26ec89-f36f-41cc-8de7-30f32000dd52,0b828bc7-de81-4e55-8ed8-e19f8b9cc752,{},"{""disease"":""Metabolic Syndrome (Santarpana Janya Vikara)"",""dosha"":""Kapha"",""prakriti"":""Kapha"",""season"":""Sharad""}",positive,Patient responded well to treatment.,False,2026-07-03T11:05:33.265506
48797f5c-7322-4013-b953-23f35d4950e1,b5d01b23-061c-4ee4-a549-940e0ed09b00,a1660e7e-8371-4c2d-9e03-109745762e30,{},"{""disease"":""Gastritis (Urdhva Amlapitta)"",""dosha"":""Pitta"",""prakriti"":""Pitta"",""season"":""Sharad""}",positive,,False,2026-07-03T11:05:33.265506
1aa1ae60-15e2-447a-b7b2-64326748ebcc,1895acd7-b472-439c-900f-868a68083e02,5d9028e1-b40d-4f7d-893a-911260e0a5a4,{},"{""disease"":""Back Pain (Prishtha Shoola)"",""dosha"":""Vata"",""prakriti"":""Vata"",""season"":""Sharad""}",positive,Patient responded well to treatment.,False,2026-07-03T11:05:33.265506
7ff2fc82-4265-4cab-8b61-80fdf0295c14,35a938c1-45df-43f5-9185-b86a99fae957,d874092d-f6da-423c-b416-13b649ab2a99,{},"{""disease"":""Prostate Enlargement (Vriddhi)"",""dosha"":""Vata"",""prakriti"":""Vata"",""season"":""Sharad""}",positive,"Minimal response, dosage adjusted.",False,2026-07-03T11:05:33.265506
dd87ba31-db71-4902-a860-c7eab1f04867,8b08ffa4-3da5-4348-a84b-405c58ba4ab7,aa5d5b46-a692-4b59-81d3-499431328e29,{},"{""disease"":""Urinary Tract Infection (Mutradaha)"",""dosha"":""Pitta"",""prakriti"":""Pitta"",""season"":""Sharad""}",positive,Good improvement noted after 2 weeks.,False,2026-07-03T11:05:33.265506
aa2facce-b372-46f5-91d8-083cdbc6c721,82fd2aa3-4018-46d4-9ab4-a58fb220efa7,a7319c81-54b2-4168-a544-e64b161f63aa,{},"{""disease"":""Tonsillitis (Tundikeri)"",""dosha"":""Kapha-Pitta"",""prakriti"":""Kapha"",""season"":""Sharad""}",positive,Patient responded well to treatment.,False,2026-07-03T11:05:33.265506
7dd4846c-122d-4eb9-bf37-9f55b6497a61,4fb9fb01-2835-4f9b-ad64-f9f690562be8,df768cdb-81f3-4b18-a8e1-4541e60d8949,{},"{""disease"":""Warts (Charmakeela)"",""dosha"":""Kapha"",""prakriti"":""Kapha"",""season"":""Sharad""}",positive,,False,2026-07-03T11:05:33.265506
8c735761-5e4d-46c6-8b13-e53b82b28766,4c61e122-6f1f-4f63-b29f-83610ff915d5,90456bb4-d5a1-47a2-bef4-4caee97461b2,{},"{""disease"":""Typhoid (Antrika Jwara)"",""dosha"":""Pitta"",""prakriti"":""Pitta"",""season"":""Sharad""}",negative,Patient responded well to treatment.,False,2026-07-03T11:05:33.265506
b3d36527-6c09-4502-a3da-493b79397dc4,b01c2f08-620e-4003-9146-b2bc5089f338,342d0619-d1be-4753-850e-980bf73349ae,{},"{""disease"":""Varicose Veins (Sira Granthi)"",""dosha"":""Vata"",""prakriti"":""Vata"",""season"":""Sharad""}",positive,Patient responded well to treatment.,False,2026-07-03T11:05:33.265506
e6c4df01-126a-432b-b62b-70ba95d8a9f6,1ecaa841-42a0-4b76-a889-9e88fa40d43d,f6d70b31-e39c-483a-8e6b-695204123e7a,{},"{""disease"":""Pharyngitis (Galashotha)"",""dosha"":""Kapha"",""prakriti"":""Kapha"",""season"":""Sharad""}",positive,,False,2026-07-03T11:05:33.265506
71d16801-e549-4c01-8c88-edb722ef278d,7405f515-8d14-4922-85b9-32970e01833d,8a96745a-3aed-4489-82c9-52d2631234cd,{},"{""disease"":""Tonsillitis (Tundikeri)"",""dosha"":""Kapha-Pitta"",""prakriti"":""Kapha"",""season"":""Sharad""}",negative,,False,2026-07-03T11:05:33.265506
7fdc299c-9af3-48a4-a38e-e3c27493846e,defaf406-3b3a-4970-90de-7f0c4793377e,485bd680-ace5-48bd-be96-8da7cf2a1f02,{},"{""disease"":""Alopecia (Indralupta)"",""dosha"":""Pitta"",""prakriti"":""Pitta"",""season"":""Sharad""}",positive,Requires follow-up after 1 month.,False,2026-07-03T11:05:33.265506
33b69d71-a20e-473d-8500-e4f213a40282,6d24b306-4259-41cd-ade2-c841be7f108b,654dfada-cafa-472f-8d1e-58e62b0eac03,{},"{""disease"":""Tinnitus (Karnanada)"",""dosha"":""Vata"",""prakriti"":""Vata"",""season"":""Sharad""}",negative,Requires follow-up after 1 month.,False,2026-07-03T11:05:33.265506
f302df5a-f1b3-431c-83aa-6469635db0b5,de8c425a-ae57-449d-b012-9de69e1d4432,95145063-3fc1-479a-9537-0c1822ed9a7d,{},"{""disease"":""Metabolic Syndrome (Santarpana Janya Vikara)"",""dosha"":""Kapha"",""prakriti"":""Kapha"",""season"":""Sharad""}",positive,,False,2026-07-03T11:05:33.265506
392531f5-71bd-4a7d-8e97-70fb707e0f67,206f1ad5-f9e8-456a-b1a9-31c02dd82240,f21ad472-3492-45b5-9f5b-d66224503af9,{},"{""disease"":""Tennis Elbow (Kurpara Shoola)"",""dosha"":""Vata"",""prakriti"":""Vata"",""season"":""Sharad""}",positive,Good improvement noted after 2 weeks.,False,2026-07-03T11:05:33.265506
2cb7b342-9104-43ca-961a-0abb98084df7,78b5103d-d013-4bf6-b81f-ece600e7fba4,d77fb6bf-973a-47ca-a768-5cd59d339590,{},"{""disease"":""Cystitis (Mutrakrichra)"",""dosha"":""Vata"",""prakriti"":""Vata"",""season"":""Sharad""}",negative,,False,2026-07-03T11:05:33.265506
4c8bc1fc-2572-41fe-ac12-89e43da79865,25b33d1e-384d-426f-85d8-6013c2a5dbb4,5060488d-4aff-42fa-968e-1affa0820ec4,{},"{""disease"":""Measles (Romantika)"",""dosha"":""Pitta"",""prakriti"":""Pitta"",""season"":""Sharad""}",negative,Patient responded well to treatment.,False,2026-07-03T11:05:33.265506
499b99b6-53fa-4da7-89fd-fbf0ac93e270,c00e0328-4da5-463d-ab77-57effef4188b,eb1d5b66-e8d6-4a81-b95b-112e3f940d6f,{},"{""disease"":""Alopecia (Indralupta)"",""dosha"":""Pitta"",""prakriti"":""Pitta"",""season"":""Sharad""}",positive,"Minimal response, dosage adjusted.",False,2026-07-03T11:05:33.265506
592ce3f0-c78d-4e47-8cdb-2412f936207f,b268a2c7-3a80-441a-be31-71d95b6cd810,bc08e361-1792-4323-994a-3db15d6de110,{},"{""disease"":""Gastritis (Urdhva Amlapitta)"",""dosha"":""Pitta"",""prakriti"":""Pitta"",""season"":""Sharad""}",positive,Patient responded well to treatment.,False,2026-07-03T11:05:33.265506
8b0b8204-a28f-4bd5-9f85-3c7d7013821e,4ec8a664-7ac6-4a20-9858-da1eecb4efa0,78e1f29f-cfad-4585-9f24-11fa80d3915d,{},"{""disease"":""Thyroid Disorder (Galaganda Vikara)"",""dosha"":""Vata-Pitta"",""prakriti"":""Vata"",""season"":""Sharad""}",positive,,False,2026-07-03T11:05:33.265506
b9053ec5-83b1-4478-8f79-bb57f275d33c,a6593654-1c00-458a-b45b-f60b44fe0196,2614d21a-afd6-4422-8a7f-ac9002a752c9,{},"{""disease"":""Hyperlipidemia (Medo Vriddhi)"",""dosha"":""Kapha"",""prakriti"":""Kapha"",""season"":""Sharad""}",positive,Requires follow-up after 1 month.,False,2026-07-03T11:05:33.265506
6f159270-83a7-4764-828f-1c50338ef516,18271fe2-5d27-45cf-9548-026c078dd1e7,b97ecf18-65ca-45bf-acf3-593486a92585,{},"{""disease"":""Acne (Yuvana Pidika)"",""dosha"":""Pitta-Kapha"",""prakriti"":""Pitta"",""season"":""Sharad""}",positive,Excellent recovery.,False,2026-07-03T11:05:33.265506
86dded89-963a-4dde-833d-b758f4da2d2d,7928e7cf-c449-4d7e-8c10-9a404c9dda75,a6536961-6403-4b41-a35f-7eb87c64b9e6,{},"{""disease"":""Measles (Romantika)"",""dosha"":""Pitta"",""prakriti"":""Pitta"",""season"":""Sharad""}",positive,"Minimal response, dosage adjusted.",False,2026-07-03T11:05:33.265506
b683c46d-c5c5-4d11-a49f-b18848a8884f,4fb5f8e9-de14-4ad2-a28d-8eb25e69f54a,760731d8-abf1-4b1b-a101-a62839aac7aa,{},"{""disease"":""Tinnitus (Karnanada)"",""dosha"":""Vata"",""prakriti"":""Vata"",""season"":""Sharad""}",negative,Patient responded well to treatment.,False,2026-07-03T11:05:33.265506
c2c65c7b-7706-451f-9667-2e7c53cb3195,e4c092fd-7494-4f8f-bec2-f0fbc3c2a22f,29dff7f2-5fe5-4698-b83d-26aae872e2dc,{},"{""disease"":""Hyperlipidemia (Medo Vriddhi)"",""dosha"":""Kapha"",""prakriti"":""Kapha"",""season"":""Sharad""}",positive,Excellent recovery.,False,2026-07-03T11:05:33.265506
1160363e-0bd9-4e9e-87d7-6bbcfe983aa8,e34b7b05-0c12-49e2-9709-9ac30c8e5086,80ae8733-9e57-463a-8420-c31bb96853a7,{},"{""disease"":""Cystitis (Mutrakrichra)"",""dosha"":""Vata"",""prakriti"":""Vata"",""season"":""Sharad""}",negative,Requires follow-up after 1 month.,False,2026-07-03T11:05:33.265506
7b308bf3-bc2f-4e1e-9522-e5cc3be1386b,7fe7668f-ef3d-4bc2-8b4b-183240e39098,8b0d9878-2ee9-4454-af48-09c70f890007,{},"{""disease"":""Anxiety (Chittodvega)"",""dosha"":""Vata"",""prakriti"":""Vata"",""season"":""Sharad""}",positive,Patient responded well to treatment.,False,2026-07-03T11:05:33.265506
328f1597-90b1-489d-ab1d-4c6ba1dda09b,351f7f25-20cf-4bcf-9e12-059d834615fe,3a1c97b9-871e-4cdc-a175-b07e6c1e1776,{},"{""disease"":""Acidity (Amlapitta)"",""dosha"":""Pitta"",""prakriti"":""Pitta"",""season"":""Sharad""}",positive,Good improvement noted after 2 weeks.,False,2026-07-03T11:05:33.265506
46a12443-8998-43fb-8f84-3dc17800a172,53c3f738-6b98-489e-92c1-a6d016489237,03383430-b77f-4a6b-bb39-30b1add53111,{},"{""disease"":""Anxiety (Chittodvega)"",""dosha"":""Vata"",""prakriti"":""Vata"",""season"":""Sharad""}",negative,Good improvement noted after 2 weeks.,False,2026-07-03T11:05:33.265506
b7d1f890-05c3-454d-bba5-b9c9bea9d519,92aa69d8-ae85-4a34-8377-635d97bb1551,52cc52ff-f590-4756-89af-e1a529c69376,{},"{""disease"":""Acidity (Amlapitta)"",""dosha"":""Pitta"",""prakriti"":""Pitta"",""season"":""Sharad""}",positive,Good improvement noted after 2 weeks.,False,2026-07-03T11:05:33.265506
039b3e58-b6c1-46e5-80bc-fc2962b2de73,cbc84ee4-8a30-4494-9307-55ea27bf446f,2e063a4d-3815-4607-8c4a-2a74e9e34561,{},"{""disease"":""Eye Disorder (Netra Roga)"",""dosha"":""Pitta"",""prakriti"":""Pitta"",""season"":""Sharad""}",positive,Patient responded well to treatment.,False,2026-07-03T11:05:33.265506
8a92869b-3e9c-4189-b6af-d37b4ea2aa95,c98d9525-5790-4c35-8d42-af901e41cee7,6f8c150c-bb02-45b1-b12d-d0a1b0ee829a,{},"{""disease"":""Eye Disorder (Netra Roga)"",""dosha"":""Pitta"",""prakriti"":""Pitta"",""season"":""Sharad""}",positive,Good improvement noted after 2 weeks.,False,2026-07-03T11:05:33.265506
b0cd1713-6725-44b0-ba40-435c7304896b,c93b4586-7c6e-4e7c-a468-e25f23527270,735d69b8-7289-4358-9fc2-ebfe3c22badd,{},"{""disease"":""Obesity (Sthoulya)"",""dosha"":""Kapha"",""prakriti"":""Kapha"",""season"":""Sharad""}",positive,"Minimal response, dosage adjusted.",False,2026-07-03T11:05:33.265506
ca5e2d45-fe42-4f1a-800f-5653b34debb1,163e0183-bfb1-43bb-9212-092dd539ed04,b5ac6e8a-a531-4855-b25d-0e34d3c7f88f,{},"{""disease"":""Obesity (Sthoulya)"",""dosha"":""Kapha"",""prakriti"":""Kapha"",""season"":""Sharad""}",positive,Excellent recovery.,False,2026-07-03T11:05:33.265506
7e2e50a5-ada6-4f19-9f72-fad42b9b9457,83dacb16-5e0b-4d52-8df6-19f9ab44dcde,faa6039e-2f74-489f-9802-b811b0b7a194,{},"{""disease"":""Eye Disorder (Netra Roga)"",""dosha"":""Pitta"",""prakriti"":""Pitta"",""season"":""Sharad""}",positive,,False,2026-07-03T11:05:33.265506
4d2ab5ca-62dd-4479-b5d1-69746ed3871b,f86e7fbe-d8a2-4d1c-8e4e-f2cdce46a9b1,820fbe38-acfc-4e93-b707-92a4e6985771,{},"{""disease"":""Migraine (Ardhavabhedaka)"",""dosha"":""Vata"",""prakriti"":""Vata"",""season"":""Sharad""}",negative,Excellent recovery.,False,2026-07-03T11:05:33.265506
0fee4cc5-1ea2-44fb-a802-b692c6027eb8,daf9b6c7-3958-4620-b9c6-fbad55c01da3,f4cfe6bc-f2d6-4034-92af-76a2d9bf4351,{},"{""disease"":""Diabetes (Madhumeha)"",""dosha"":""Kapha"",""prakriti"":""Kapha"",""season"":""Sharad""}",positive,"Minimal response, dosage adjusted.",False,2026-07-03T11:05:33.265506
709fd4c2-285e-45d9-965f-bac8909ec835,c040c651-cba9-404b-a576-b9bd313a0b46,7565feed-e676-4afe-83bd-50daac527201,{},"{""disease"":""Acidity (Amlapitta)"",""dosha"":""Pitta"",""prakriti"":""Pitta"",""season"":""Sharad""}",positive,Patient responded well to treatment.,False,2026-07-03T11:05:33.265506
c4ee4035-f54f-4c26-a159-3aee07fe0e6b,730f5850-f761-4c04-abed-139771f29ace,620c20ff-6cf3-418d-b0e1-d3fb87fe2d34,{},"{""disease"":""Migraine (Ardhavabhedaka)"",""dosha"":""Vata"",""prakriti"":""Vata"",""season"":""Sharad""}",positive,,False,2026-07-03T11:05:33.265506
c6c50c1b-2020-4573-b2ff-09f2af5bfdda,b06ccf5e-882a-4bed-86d7-0ffbe31ddc55,63b38256-f115-4c60-b57a-cc3b177bfb6f,{},"{""disease"":""Obesity (Sthoulya)"",""dosha"":""Kapha"",""prakriti"":""Kapha"",""season"":""Sharad""}",positive,,False,2026-07-03T11:05:33.265506
47211d8f-7249-4319-a982-fa9e18497f16,29edb466-275b-4138-a1e7-983e323e7c7e,61d9e838-16ec-4995-af1f-35550ac5c32e,{},"{""disease"":""Diabetes (Madhumeha)"",""dosha"":""Kapha"",""prakriti"":""Kapha"",""season"":""Sharad""}",positive,Patient responded well to treatment.,False,2026-07-03T11:05:33.265506
697f9a97-db1c-4bb6-b9d3-f1186fc786f7,cd154569-9040-423e-886b-b5ad3cfd07d4,a4593499-a63e-4eee-8017-dc82f392a16f,{},"{""disease"":""Diabetes (Madhumeha)"",""dosha"":""Kapha"",""prakriti"":""Kapha"",""season"":""Sharad""}",positive,Patient responded well to treatment.,False,2026-07-03T11:05:33.265506
3fb1493a-5925-47e0-814c-13617e4ea780,6ecc6b13-3f95-49c6-a022-e43e247b6561,685c5415-0762-4381-8f3c-44c62939eee5,{},"{""disease"":""Anxiety (Chittodvega)"",""dosha"":""Vata"",""prakriti"":""Vata"",""season"":""Sharad""}",negative,"Minimal response, dosage adjusted.",False,2026-07-03T11:05:33.265506
a85b7c07-67d9-42da-866d-f69b4eea510d,46c4e687-61b8-489b-8723-776e0e98d312,eb339864-9840-4e4a-aba1-87f25b5ad8de,{},"{""disease"":""Eye Disorder (Netra Roga)"",""dosha"":""Pitta"",""prakriti"":""Pitta"",""season"":""Sharad""}",positive,Good improvement noted after 2 weeks.,False,2026-07-03T11:05:33.265506
b77a671a-910f-4a96-b7b5-a76d600ee59c,253e0962-942e-4fc2-a7a4-e7ad779e0ac5,68964fb6-109b-49c5-bae0-0ede7922878c,{},"{""disease"":""Obesity (Sthoulya)"",""dosha"":""Kapha"",""prakriti"":""Kapha"",""season"":""Sharad""}",negative,Requires follow-up after 1 month.,False,2026-07-03T11:05:33.265506
0507ed37-c14d-4e6e-a3fe-f7df77bf5fe5,f6b7380f-2a17-403a-ba0e-4fd6d89f8a89,92b62ae3-7f8a-4075-8f6f-b478df22f0a1,{},"{""disease"":""Migraine (Ardhavabhedaka)"",""dosha"":""Vata"",""prakriti"":""Vata"",""season"":""Sharad""}",positive,,False,2026-07-03T11:05:33.265506
f898ac64-dee3-4e64-8b26-2bf9e0345932,b021bb1e-6e42-419a-bcff-6dacfc1a7d5c,8e086cca-e301-41c5-bd39-15541095884e,{},"{""disease"":""Eye Disorder (Netra Roga)"",""dosha"":""Pitta"",""prakriti"":""Pitta"",""season"":""Sharad""}",positive,,False,2026-07-03T11:05:33.265506
1b59b29a-4f03-4041-a673-cdad52eca388,4085f456-9147-4126-a499-3e59fcebe6a2,166ce257-216e-426d-801c-0107e4c4560d,{},"{""disease"":""Diabetes (Madhumeha)"",""dosha"":""Kapha"",""prakriti"":""Kapha"",""season"":""Sharad""}",negative,,False,2026-07-03T11:05:33.265506
522ab74d-4a9f-4525-a877-a27d33cf41d6,95a5c4de-24b2-4b6a-a372-c1a6092bc230,d0bdbacd-9176-4824-8627-3e64f5026043,{},"{""disease"":""Obesity (Sthoulya)"",""dosha"":""Kapha"",""prakriti"":""Kapha"",""season"":""Sharad""}",positive,"Minimal response, dosage adjusted.",False,2026-07-03T11:05:33.265506
773c2b79-3950-4882-9962-065256b54a64,d8409afe-4d08-4f6a-a5f3-83e9df67ff3b,0e930842-afc8-4f7f-afe6-62f001053454,{},"{""disease"":""Diabetes (Madhumeha)"",""dosha"":""Kapha"",""prakriti"":""Kapha"",""season"":""Sharad""}",positive,,False,2026-07-03T11:05:33.265506
7d493256-664e-4422-a9bc-3e9a64bcc06e,b93d6a58-c904-47be-8757-39fbcc2ba754,bcf987bb-254e-4e88-8e3e-0a8f5927e793,{},"{""disease"":""Migraine (Ardhavabhedaka)"",""dosha"":""Vata"",""prakriti"":""Vata"",""season"":""Sharad""}",positive,Excellent recovery.,False,2026-07-03T11:05:33.265506
44e31634-0b66-447d-92ff-70bea9d377f6,de8c425a-ae57-449d-b012-9de69e1d4432,b91b7024-58d2-435b-9503-bd5f7521dc74,{},"{""disease"":""Eye Disorder (Netra Roga)"",""dosha"":""Pitta"",""prakriti"":""Pitta"",""season"":""Sharad""}",negative,Requires follow-up after 1 month.,False,2026-07-03T11:05:33.265506
6de52f42-8fa8-4b63-b987-3b9c3f4b9fd7,6e61c4d6-37e1-48eb-b390-4e989d4a5a91,020a4eee-d507-4791-903a-785859335df7,{},"{""disease"":""Migraine (Ardhavabhedaka)"",""dosha"":""Vata"",""prakriti"":""Vata"",""season"":""Sharad""}",positive,Requires follow-up after 1 month.,False,2026-07-03T11:05:33.265506
1b5fd3bb-cc14-4d45-a4cb-fe186185ee22,693f23cc-b396-429b-b9d3-46f02c8637b4,fb4f8245-20f8-4516-a61b-687ae53bc800,{},"{""disease"":""Obesity (Sthoulya)"",""dosha"":""Kapha"",""prakriti"":""Kapha"",""season"":""Sharad""}",positive,,False,2026-07-03T11:05:33.265506
892f6ca8-bfe2-4399-81a1-ed43f29efdd3,15a49ab9-d04c-4a40-98d8-de6506297e69,949b6024-ec7f-4bf0-9afd-d3b2d61d8164,{},"{""disease"":""Anxiety (Chittodvega)"",""dosha"":""Vata"",""prakriti"":""Vata"",""season"":""Sharad""}",positive,"Minimal response, dosage adjusted.",False,2026-07-03T11:05:33.265506
5c3d63d4-1bf2-4eec-9cc0-38d31c36f228,7405f515-8d14-4922-85b9-32970e01833d,ff0727ab-bd5b-4a9b-8e0f-c219249935cc,{},"{""disease"":""Eye Disorder (Netra Roga)"",""dosha"":""Pitta"",""prakriti"":""Pitta"",""season"":""Sharad""}",positive,Good improvement noted after 2 weeks.,False,2026-07-03T11:05:33.265506
7ed07b46-c015-49e1-a403-32319ea38ead,11178a9b-1366-455e-8156-aa1a7d5b0005,1aca3f55-ed15-4633-99df-692745a2beb7,{},"{""disease"":""Acidity (Amlapitta)"",""dosha"":""Pitta"",""prakriti"":""Pitta"",""season"":""Sharad""}",positive,Requires follow-up after 1 month.,False,2026-07-03T11:05:33.265506
902265cb-9a08-4a4f-b75a-96edf5d9b719,86db459b-e385-44a5-9643-f2b1ebc9c0fc,0665be9b-7c10-432f-97f9-26ad64c4c96f,{},"{""disease"":""Anxiety (Chittodvega)"",""dosha"":""Vata"",""prakriti"":""Vata"",""season"":""Sharad""}",negative,Patient responded well to treatment.,False,2026-07-03T11:05:33.265506
e7b5fff4-0605-494c-99f8-bae772fff25a,5dedd30d-4536-42d5-b657-352f2ab2ec79,a8be34ab-2d04-43bc-bfb7-c969dc2b4cd7,{},"{""disease"":""Diabetes (Madhumeha)"",""dosha"":""Kapha"",""prakriti"":""Kapha"",""season"":""Sharad""}",positive,"Minimal response, dosage adjusted.",False,2026-07-03T11:05:33.265506
f01a877a-0a58-4086-b70e-f78f4a29be79,3fd4acc7-a233-4f2b-a3a5-f68015c85aa6,ed615cc0-4d55-4262-87b7-c41908890156,{},"{""disease"":""Anxiety (Chittodvega)"",""dosha"":""Vata"",""prakriti"":""Vata"",""season"":""Sharad""}",positive,Patient responded well to treatment.,False,2026-07-03T11:05:33.265506
6b1a9632-23f0-4241-bb0c-a258cd75f7cd,5cec6846-ee26-4a02-8fb2-577ebb323eff,f2546e0f-a955-4f01-be33-a9a4de450a8a,{},"{""disease"":""Obesity (Sthoulya)"",""dosha"":""Kapha"",""prakriti"":""Kapha"",""season"":""Sharad""}",positive,,False,2026-07-03T11:05:33.265506
4594636d-f257-42bd-a3cf-98df997cd564,3cd98ca7-8078-45cd-825d-9e94d41e7673,51c96f8e-5c25-485d-957d-acee4e218ab0,{},"{""disease"":""Migraine (Ardhavabhedaka)"",""dosha"":""Vata"",""prakriti"":""Vata"",""season"":""Sharad""}",negative,,False,2026-07-03T11:05:33.265506
8224d388-da5d-4b62-b11f-80592b7780b3,e2e7ef21-a5dd-4765-903d-770a6aa7b5b8,7d263375-75dc-4c1b-9d7a-0b2f48949915,{},"{""disease"":""Anxiety (Chittodvega)"",""dosha"":""Vata"",""prakriti"":""Vata"",""season"":""Sharad""}",negative,Good improvement noted after 2 weeks.,False,2026-07-03T11:05:33.265506
0f57af46-57a0-4d30-a723-64bb26eb3a12,98321cdc-abcd-42c7-9f17-b906cbfb79f8,ca828598-e5d9-4aa5-b7c1-b36c9d289ec0,{},"{""disease"":""Diabetes (Madhumeha)"",""dosha"":""Kapha"",""prakriti"":""Kapha"",""season"":""Sharad""}",positive,Excellent recovery.,False,2026-07-03T11:05:33.265506
2af0692b-5f90-477a-b219-b608a29dbbb2,4ea26a91-81f4-4484-8b88-1d9fab2d4d07,a877093d-c0bd-460b-ae6c-986bf5ed47df,{},"{""disease"":""Migraine (Ardhavabhedaka)"",""dosha"":""Vata"",""prakriti"":""Vata"",""season"":""Sharad""}",positive,Patient responded well to treatment.,False,2026-07-03T11:05:33.265506
cd333920-d474-410b-a4b4-f185940697b4,8dd249f2-8b35-4257-a69e-d11b40d353a2,853405ed-1ebc-4dc0-9525-b0f94cd9d811,{},"{""disease"":""Eye Disorder (Netra Roga)"",""dosha"":""Pitta"",""prakriti"":""Pitta"",""season"":""Sharad""}",negative,Patient responded well to treatment.,False,2026-07-03T11:05:33.265506
340d1424-e46a-401e-a203-4e1f12a5fb9a,c9ff9487-d56b-4bf5-b1e8-2ba406c244c1,a5e59b76-b033-493c-ae14-bba0f1b8233f,{},"{""disease"":""Acidity (Amlapitta)"",""dosha"":""Pitta"",""prakriti"":""Pitta"",""season"":""Sharad""}",positive,Patient responded well to treatment.,False,2026-07-03T11:05:33.265506
7f645d30-79a2-4529-be22-cecae5cd27b9,24f4365a-6bad-4f55-a9d4-85cfb50c6344,62f2a4b9-d22c-4076-a55c-d0c461b3f769,{},"{""disease"":""Migraine (Ardhavabhedaka)"",""dosha"":""Vata"",""prakriti"":""Vata"",""season"":""Sharad""}",positive,Good improvement noted after 2 weeks.,False,2026-07-03T11:05:33.265506
89071248-8efb-49fd-9488-4836a60e2d96,57320573-a73d-43f2-88f3-ca2732a6465b,3f195e32-a24e-4482-958a-138a8754855b,{},"{""disease"":""Diabetes (Madhumeha)"",""dosha"":""Kapha"",""prakriti"":""Kapha"",""season"":""Sharad""}",negative,Requires follow-up after 1 month.,False,2026-07-03T11:05:33.265506
8f61f1eb-ff35-4741-b83c-4c7707fd53ad,5f050a4d-2240-4de3-86ad-cf19f243d441,ccbb8d1d-8ee6-4ca7-aa9c-ba107d1aa83a,{},"{""disease"":""Eye Disorder (Netra Roga)"",""dosha"":""Pitta"",""prakriti"":""Pitta"",""season"":""Sharad""}",negative,,False,2026-07-03T11:05:33.265506
bc9c36d4-0f60-45a6-b336-b2b082d1cc8a,4a6e076e-dcef-4104-b594-a9deef576cfe,315ed2da-bb86-4d7d-b668-f35c51b353e6,{},"{""disease"":""Diabetes (Madhumeha)"",""dosha"":""Kapha"",""prakriti"":""Kapha"",""season"":""Sharad""}",positive,Patient responded well to treatment.,False,2026-07-03T11:05:33.265506
d2fe0cd5-bf0b-4e09-82b0-2e36c047d43f,da99b674-4d79-4e03-8869-ecdcce4d9b81,eb686604-4952-4907-b292-c73911c8ee67,{},"{""disease"":""Anxiety (Chittodvega)"",""dosha"":""Vata"",""prakriti"":""Vata"",""season"":""Sharad""}",positive,,False,2026-07-03T11:05:33.265506
70e91788-4290-486a-a743-a0009cbc2b8c,29edb466-275b-4138-a1e7-983e323e7c7e,bfc84a90-3e2b-4068-ae28-1fd9d6b38eb2,{},"{""disease"":""Acidity (Amlapitta)"",""dosha"":""Pitta"",""prakriti"":""Pitta"",""season"":""Sharad""}",positive,"Minimal response, dosage adjusted.",False,2026-07-03T11:05:33.265506
8d930120-0121-4c92-84db-79c8bad570e6,9e5c2e10-0b35-4031-80d7-6b41a8a7eb71,25caa445-eb5c-41ad-bf15-7bce961544fb,{},"{""disease"":""Obesity (Sthoulya)"",""dosha"":""Kapha"",""prakriti"":""Kapha"",""season"":""Sharad""}",positive,Patient responded well to treatment.,False,2026-07-03T11:05:33.265506
3ef6a9ee-3424-4bd7-b8e5-eb0086830069,8bc6c086-aab1-46c5-a26f-81589f7e2b14,d6396cfe-cd37-4d50-a90f-95d7f3cfb4f9,{},"{""disease"":""Migraine (Ardhavabhedaka)"",""dosha"":""Vata"",""prakriti"":""Vata"",""season"":""Sharad""}",positive,Good improvement noted after 2 weeks.,False,2026-07-03T11:05:33.265506
4aa3d22a-a162-4851-a297-793a52c34e78,8c4b76c3-ac41-41c5-aaac-20fc1393c550,84c1a535-b89a-4217-916c-6bd31b221b39,{},"{""disease"":""Obesity (Sthoulya)"",""dosha"":""Kapha"",""prakriti"":""Kapha"",""season"":""Sharad""}",negative,Patient responded well to treatment.,False,2026-07-03T11:05:33.265506
34e97393-bc68-4833-bb29-b2355034d74a,db2fbf21-0495-47dd-a488-fffad8688fa2,3a4c72dc-d7e0-4a88-b9e0-6b2eb8246f3d,{},"{""disease"":""Migraine (Ardhavabhedaka)"",""dosha"":""Vata"",""prakriti"":""Vata"",""season"":""Sharad""}",positive,Excellent recovery.,False,2026-07-03T11:05:33.265506
51ce6cb2-bb3a-4de1-91e8-b719cd94f620,241e65cf-ac9d-4b5a-af47-b8641a48d384,c8d0d4f6-a156-46b6-8075-6f295a5a18ea,{},"{""disease"":""Diabetes (Madhumeha)"",""dosha"":""Kapha"",""prakriti"":""Kapha"",""season"":""Sharad""}",positive,Requires follow-up after 1 month.,False,2026-07-03T11:05:33.265506
ff643942-3303-4b90-9630-229d95bc0bb2,6e0cf555-9007-43cd-98eb-1e34d984c38b,768dd53e-157d-4518-b88c-4e45bde404c8,{},"{""disease"":""Acidity (Amlapitta)"",""dosha"":""Pitta"",""prakriti"":""Pitta"",""season"":""Sharad""}",positive,Requires follow-up after 1 month.,False,2026-07-03T11:05:33.265506
b257e1e3-4bff-4974-a07c-9ccea3c9ba92,d3e9e3ed-00ef-4cd2-9ea2-5de5ff487ba3,62f0ef42-092c-4055-b775-8cfc504588ab,{},"{""disease"":""Acidity (Amlapitta)"",""dosha"":""Pitta"",""prakriti"":""Pitta"",""season"":""Sharad""}",positive,"Minimal response, dosage adjusted.",False,2026-07-03T11:05:33.265506
3666fe20-fdc5-43a4-8821-2b73335d1fed,4fb8e2f3-b4bd-4a81-a9f5-3a342b15155c,f76c742c-883a-429d-9b46-5c08672b055a,{},"{""disease"":""Vitiligo (Shwitra)"",""dosha"":""Pitta-Vata"",""prakriti"":""Pitta"",""season"":""Sharad""}",positive,"Minimal response, dosage adjusted.",False,2026-07-03T11:05:33.265506
5410c74e-b3c6-4022-b8aa-0c07c76777cf,ee8a5344-5c59-46af-bbc4-14de251c5771,3dc8c0c7-39ec-44ab-a081-4f10cb6bf318,{},"{""disease"":""Burnout (Chitta Klama)"",""dosha"":""Vata-Pitta"",""prakriti"":""Vata"",""season"":""Sharad""}",positive,Patient responded well to treatment.,False,2026-07-03T11:05:33.265506
dc226633-0872-444e-b47e-ab552e268046,6b9fb090-091c-4629-b48a-908b23dd480a,55cfbce9-0901-4bfa-a0c8-2dc9657cecf4,{},"{""disease"":""Vitiligo (Shwitra)"",""dosha"":""Pitta-Vata"",""prakriti"":""Pitta"",""season"":""Sharad""}",negative,"Minimal response, dosage adjusted.",False,2026-07-03T11:05:33.265506
2c500e59-7679-471a-b13a-b1ffe45d6a9a,23017af6-e0b1-43ce-9ee4-3828ed8551f8,65873487-2f39-462c-80fb-1f3235c31160,{},"{""disease"":""Gastritis (Urdhva Amlapitta)"",""dosha"":""Pitta"",""prakriti"":""Pitta"",""season"":""Sharad""}",positive,Requires follow-up after 1 month.,False,2026-07-03T11:05:33.265506
85fe4f7d-f7d2-4e33-83be-1fa6b090097b,4fb9fb01-2835-4f9b-ad64-f9f690562be8,70566671-3c9a-4bbe-b741-23443d9823d8,{},"{""disease"":""Fatty Liver (Yakrit Meda Vriddhi)"",""dosha"":""Kapha-Pitta"",""prakriti"":""Kapha"",""season"":""Sharad""}",positive,"Minimal response, dosage adjusted.",False,2026-07-03T11:05:33.265506
c98cff40-303f-458d-b0a3-9bbac56b4cd3,cdc53634-b109-4a90-9e24-27af7ec732bd,4a4fbedf-2374-4931-af29-bcae6381b005,{},"{""disease"":""Dandruff (Darunaka)"",""dosha"":""Kapha-Pitta"",""prakriti"":""Kapha"",""season"":""Sharad""}",positive,Requires follow-up after 1 month.,False,2026-07-03T11:05:33.265506
b5ff4bc1-206d-4138-86b9-b9015f4a3b16,9e5f785c-3141-4090-a6e1-31f242f07355,b5634b91-21d2-4c41-857b-400aa4077bce,{},"{""disease"":""Digestive Disorder (Vikara)"",""dosha"":""Pitta-Vata"",""prakriti"":""Pitta"",""season"":""Sharad""}",positive,Requires follow-up after 1 month.,False,2026-07-03T11:05:33.265506
7eed0298-c9cf-43ad-9454-eca1f3e311aa,b16790cc-1c02-4203-b2c9-7bf3bbc6dce8,92be9def-714c-4984-b669-0d6a123be20d,{},"{""disease"":""Sciatica (Gridhrasi)"",""dosha"":""Vata"",""prakriti"":""Vata"",""season"":""Sharad""}",positive,,False,2026-07-03T11:05:33.265506
fea168e6-8609-4905-9555-927b76b6fff9,e4826804-30c0-4271-aba9-f0fa47a4d295,7101712f-75ae-4df1-a23e-383de5d12d68,{},"{""disease"":""Thyroid Disorder (Galaganda Vikara)"",""dosha"":""Vata-Pitta"",""prakriti"":""Vata"",""season"":""Sharad""}",positive,Patient responded well to treatment.,False,2026-07-03T11:05:33.265506
4ee4196f-abf4-4a87-a1c8-828c14cb25fd,b0bb2b40-4f60-4e5f-a5bc-7f95a5826ba8,4aeec75f-c029-4ab8-94d6-05d772c500d9,{},"{""disease"":""Depression (Vishada)"",""dosha"":""Vata-Pitta"",""prakriti"":""Vata"",""season"":""Sharad""}",positive,Good improvement noted after 2 weeks.,False,2026-07-03T11:05:33.265506
b30f0003-4cf7-46a9-998c-000d4ce66361,1ceb4c9c-c535-4693-a6af-7c095a76efeb,288ef4a7-9c53-4d38-a3a6-fd7f617ae217,{},"{""disease"":""Alopecia (Indralupta)"",""dosha"":""Pitta"",""prakriti"":""Pitta"",""season"":""Sharad""}",positive,Good improvement noted after 2 weeks.,False,2026-07-03T11:05:33.265506
3f54c341-fe2a-49b1-ab53-38085fd82c5b,ed4afae7-e3c6-465c-9cfe-456ec694f253,a166034d-a809-47de-b2f3-97f4bf2309c1,{},"{""disease"":""Conjunctivitis (Netra Abhishyanda)"",""dosha"":""Pitta"",""prakriti"":""Pitta"",""season"":""Sharad""}",positive,Good improvement noted after 2 weeks.,False,2026-07-03T11:05:33.265506
7e7148f4-0059-4c7b-aff9-815268e678f2,31632b7e-f0fb-4bf2-9b6f-694303d8c48c,9994585f-1f74-4f08-a5d9-d1ac437ccd17,{},"{""disease"":""Gout (Vatarakta)"",""dosha"":""Vata-Pitta"",""prakriti"":""Pitta"",""season"":""Sharad""}",positive,Excellent recovery.,False,2026-07-03T11:05:33.265506
3e80cbd7-df3a-4e53-97c2-5e56fa0da7af,555ab5cc-8c89-4fc3-93e0-b67a8d5cd78b,72f6c2b6-14bd-4a91-998b-f35a7a25af50,{},"{""disease"":""Hepatitis (Kamala)"",""dosha"":""Pitta"",""prakriti"":""Pitta"",""season"":""Sharad""}",positive,Requires follow-up after 1 month.,False,2026-07-03T11:05:33.265506
fa17b56f-5514-4a6e-bcc6-1e71178c2f66,f05a9cb5-6110-4502-95e1-810ac6ab6b33,e507878d-665a-448f-add2-382614a92f86,{},"{""disease"":""Pharyngitis (Galashotha)"",""dosha"":""Kapha"",""prakriti"":""Kapha"",""season"":""Sharad""}",positive,Excellent recovery.,False,2026-07-03T11:05:33.265506
4eba8d68-9d8b-4b1b-ba5f-b221c25f2e1d,b04a2d73-1fa1-4be0-95bc-c1de06279db2,22e46dfe-35e8-415e-899e-c13606fe517f,{},"{""disease"":""Dandruff (Darunaka)"",""dosha"":""Kapha-Pitta"",""prakriti"":""Kapha"",""season"":""Sharad""}",positive,Patient responded well to treatment.,False,2026-07-03T11:05:33.265506
65bd8e17-758f-49f0-b39b-dccbb90cf088,f0755502-6c6b-43ea-92be-1e8fe6e8750c,60c953df-8375-459f-bdaf-80072a0f1321,{},"{""disease"":""Gastritis (Urdhva Amlapitta)"",""dosha"":""Pitta"",""prakriti"":""Pitta"",""season"":""Sharad""}",positive,Good improvement noted after 2 weeks.,False,2026-07-03T11:05:33.265506
ce6b0dce-0c1f-4101-b5a0-877926f656a2,543d091d-7553-4dd7-821c-36cf4f8c98e2,5972f3a3-cf42-4097-a455-fd1918d38d68,{},"{""disease"":""Anemia (Pandu Roga)"",""dosha"":""Pitta"",""prakriti"":""Pitta"",""season"":""Sharad""}",negative,Patient responded well to treatment.,False,2026-07-03T11:05:33.265506
c204f4e5-2d51-4367-bea9-f6f4994d1ee5,d3576797-5424-453b-a494-48892044246a,24be8a61-13fb-40a9-841b-aeb6063e7bcc,{},"{""disease"":""Conjunctivitis (Netra Abhishyanda)"",""dosha"":""Pitta"",""prakriti"":""Pitta"",""season"":""Sharad""}",positive,Excellent recovery.,False,2026-07-03T11:05:33.265506
a37effca-6542-48a2-9a7a-ed75e0cc7819,93ce8258-f6c1-4a17-88c4-c6132b841341,a1ee5ad0-5edf-4a8a-829e-593580918455,{},"{""disease"":""Depression (Vishada)"",""dosha"":""Vata-Pitta"",""prakriti"":""Vata"",""season"":""Sharad""}",negative,Excellent recovery.,False,2026-07-03T11:05:33.265506
fe73c773-cd0f-4886-93d7-7770c337054a,7cd9c8b8-4769-4f43-ae3b-2ef1c8f18928,64aaec4c-d3d0-4fa2-99ba-df2c34f3f671,{},"{""disease"":""Hyperthyroidism (Atisweda)"",""dosha"":""Pitta"",""prakriti"":""Pitta"",""season"":""Sharad""}",positive,Excellent recovery.,False,2026-07-03T11:05:33.265506
abcb744e-f3b8-436d-b45d-90fb325084c0,1895acd7-b472-439c-900f-868a68083e02,1510b690-60d8-4fe0-9c99-68528c274fc6,{},"{""disease"":""Angina (Hrit Shoola)"",""dosha"":""Vata-Kapha"",""prakriti"":""Vata"",""season"":""Sharad""}",negative,Requires follow-up after 1 month.,False,2026-07-03T11:05:33.265506
2801cabe-e343-435b-abb7-34127f0c2e04,32fb151f-1500-4802-bf2e-a28569bca551,0e084886-03ca-4263-b919-a437a6f0d1b1,{},"{""disease"":""Chronic Fatigue Syndrome (Klama)"",""dosha"":""Vata-Kapha"",""prakriti"":""Vata"",""season"":""Sharad""}",negative,,False,2026-07-03T11:05:33.265506
eda2ccb3-a5d9-43ac-be72-a55d1231c442,d5a4ac87-cd1f-4adc-bdd0-22a28ea02722,4e52c91a-1925-47e6-9b05-fa947c9c5aa6,{},"{""disease"":""Menstrual Disorder (Artava Dushti)"",""dosha"":""Vata-Pitta"",""prakriti"":""Vata"",""season"":""Sharad""}",positive,"Minimal response, dosage adjusted.",False,2026-07-03T11:05:33.265506
330739d9-fc2e-4414-a2c2-9d121f02f677,da107e8b-0fce-4d30-acb4-2d9b6cc0d44c,e9a473a9-417d-43f6-a374-0b8334de2c94,{},"{""disease"":""Spondylosis (Griva Sandhigata Vata)"",""dosha"":""Vata"",""prakriti"":""Vata"",""season"":""Sharad""}",positive,"Minimal response, dosage adjusted.",False,2026-07-03T11:05:33.265506
99bb9b46-6180-4fcd-9980-6f5647d807c0,b8f984da-629d-4075-80f8-a3e0653300a9,1d9daf72-a7ea-4f49-a747-9109ddb3c4c4,{},"{""disease"":""Typhoid (Antrika Jwara)"",""dosha"":""Pitta"",""prakriti"":""Pitta"",""season"":""Sharad""}",positive,Excellent recovery.,False,2026-07-03T11:05:33.265506
00e8c662-15f2-4694-9102-ea80e80fe8a0,36f87c44-6ddc-4e07-95ba-aeac7ef1173d,fa2fca8a-f148-4241-acc0-0d8c41816e26,{},"{""disease"":""Hypertension (Raktachaapa Vriddhi)"",""dosha"":""Pitta"",""prakriti"":""Pitta"",""season"":""Sharad""}",positive,"Minimal response, dosage adjusted.",False,2026-07-03T11:05:33.265506
d075a8d9-8869-4680-a5c0-6e4b2f1cbb15,5d88a728-570d-4b0f-a63b-28efe8390b13,10ecc8ae-f2d0-43fc-a201-a64886fc8889,{},"{""disease"":""Peptic Ulcer (Parinama Shoola)"",""dosha"":""Pitta"",""prakriti"":""Pitta"",""season"":""Sharad""}",positive,Requires follow-up after 1 month.,False,2026-07-03T11:05:33.265506
bc6ca194-9fa8-47e8-a6a4-864ce4d81fdd,0b4e2fc4-5466-4165-86ed-37639ebad97c,fb82220d-3a03-41df-a7ec-fc60abab149c,{},"{""disease"":""Pharyngitis (Galashotha)"",""dosha"":""Kapha"",""prakriti"":""Kapha"",""season"":""Sharad""}",negative,Good improvement noted after 2 weeks.,False,2026-07-03T11:05:33.265506
933b7ab7-cc00-4c91-ac0b-59d896fc0ef8,493ce533-a40e-41da-b998-80990e815203,208b9e34-8d99-44d9-8f63-58c76c3e5651,{},"{""disease"":""Chickenpox (Laghu Masurika)"",""dosha"":""Pitta"",""prakriti"":""Pitta"",""season"":""Sharad""}",negative,Patient responded well to treatment.,False,2026-07-03T11:05:33.265506
9ec46629-a143-40bd-a328-b984266c5bac,99d9b857-938b-4b16-845a-1f6b0d26d32c,a0a1bee5-53d1-46c7-bfb0-750887ef50ca,{},"{""disease"":""Gingivitis (Danta Vidradhi)"",""dosha"":""Pitta"",""prakriti"":""Pitta"",""season"":""Sharad""}",positive,"Minimal response, dosage adjusted.",False,2026-07-03T11:05:33.265506
01491843-2398-4c5c-8785-b6e4e47f6cf5,ed58e6bd-cecb-4775-9d05-fb746eca2b0d,d51d20ea-c980-4ff5-9351-104d9da57c4a,{},"{""disease"":""Menstrual Disorder (Artava Dushti)"",""dosha"":""Vata-Pitta"",""prakriti"":""Vata"",""season"":""Sharad""}",positive,Excellent recovery.,False,2026-07-03T11:05:33.265506
139dbd58-c146-4fd7-a78c-197f3010b155,fea594d1-51c1-49d5-b122-05b855ebd770,a8ee7128-9ef8-4395-8108-0dbe7f792e6b,{},"{""disease"":""Eczema (Vicharchika)"",""dosha"":""Pitta"",""prakriti"":""Pitta"",""season"":""Sharad""}",positive,Patient responded well to treatment.,False,2026-07-03T11:05:33.265506
a99902e1-f391-4f58-ac01-d714e43fbc00,db0de662-dbfb-4d5c-82a8-4c023a91c8a4,e6a8b2cc-1ca2-4a25-a749-99fa28ad95e9,{},"{""disease"":""Typhoid (Antrika Jwara)"",""dosha"":""Pitta"",""prakriti"":""Pitta"",""season"":""Sharad""}",positive,"Minimal response, dosage adjusted.",False,2026-07-03T11:05:33.265506
16ead023-39f9-4f49-a3fc-e1c4617b483d,be26446d-93d6-4805-ab7c-cdeeb20a2eb4,5d6616e3-bfbc-47ff-8db5-5a4948b91e2b,{},"{""disease"":""Tinnitus (Karnanada)"",""dosha"":""Vata"",""prakriti"":""Vata"",""season"":""Sharad""}",negative,Patient responded well to treatment.,False,2026-07-03T11:05:33.265506
fb9b45c0-6ae1-4e42-bd48-c8fd222507f3,defdd252-abe9-4855-92cd-b1f0337e9437,14c32aa1-bf87-4ab0-80b3-3a69e0ed1f97,{},"{""disease"":""Fatty Liver (Yakrit Meda Vriddhi)"",""dosha"":""Kapha-Pitta"",""prakriti"":""Kapha"",""season"":""Sharad""}",positive,Requires follow-up after 1 month.,False,2026-07-03T11:05:33.265506
502a6fd4-2091-4c1e-bb02-f88717c55a05,fe89faac-b42c-4ef1-beca-7f35770db8d2,bf618f90-4d51-4709-95fc-d0042b0aab41,{},"{""disease"":""Thyroid Disorder (Galaganda Vikara)"",""dosha"":""Vata-Pitta"",""prakriti"":""Vata"",""season"":""Sharad""}",positive,Requires follow-up after 1 month.,False,2026-07-03T11:05:33.265506
cb8e0780-045b-48d3-92c1-659e6a4bc455,56aa1c89-a115-47e1-a6e4-fe255a78cc27,4149d816-b4c3-45bb-838f-32463204b55a,{},"{""disease"":""Peptic Ulcer (Parinama Shoola)"",""dosha"":""Pitta"",""prakriti"":""Pitta"",""season"":""Sharad""}",negative,Patient responded well to treatment.,False,2026-07-03T11:05:33.265506
d60f8a66-3ca4-4b44-a278-6ff02a6b4a85,32bafd96-edb2-4e9a-989a-77aede454a3a,0c09385f-d3ec-4ca9-9b1d-7f96a081812b,{},"{""disease"":""Alopecia (Indralupta)"",""dosha"":""Pitta"",""prakriti"":""Pitta"",""season"":""Sharad""}",negative,Requires follow-up after 1 month.,False,2026-07-03T11:05:33.265506
3ac490c7-f45d-4b0a-9ec0-21100f8ca7ce,32bafd96-edb2-4e9a-989a-77aede454a3a,76208dc8-9a68-4d18-ade2-f86839ec81c0,{},"{""disease"":""Hyperlipidemia (Medo Vriddhi)"",""dosha"":""Kapha"",""prakriti"":""Kapha"",""season"":""Sharad""}",negative,,False,2026-07-03T11:05:33.265506
c70fe706-1f67-4ae8-aa26-a7ec9ae92679,ecc67b78-7069-4509-8a49-77213e4d7b60,96595658-93ae-4ac4-a82d-03385c7fb4f2,{},"{""disease"":""Vitiligo (Shwitra)"",""dosha"":""Pitta-Vata"",""prakriti"":""Pitta"",""season"":""Sharad""}",positive,,False,2026-07-03T11:05:33.265506
d01a335c-fb71-4ecb-9f96-6556f8a9cd13,154bbf2d-5368-4eeb-9ffa-33967d0ab6c6,7e5aed49-93d9-424d-9001-2571f789edca,{},"{""disease"":""Back Pain (Prishtha Shoola)"",""dosha"":""Vata"",""prakriti"":""Vata"",""season"":""Sharad""}",positive,Requires follow-up after 1 month.,False,2026-07-03T11:05:33.265506
65d5eefb-04ae-45ca-b798-543a2a866b3b,d1cf9352-15bd-4106-8051-f0e95268a154,733659c7-f781-45c2-b918-16cf0d64ed6b,{},"{""disease"":""Sciatica (Gridhrasi)"",""dosha"":""Vata"",""prakriti"":""Vata"",""season"":""Sharad""}",positive,"Minimal response, dosage adjusted.",False,2026-07-03T11:05:33.265506
1f9a1862-3a12-45ac-a494-81a7a2e5ed7c,7c68fc39-17fe-480d-8e3d-5f5c1b3ffcc0,5349f479-ff1a-4936-8438-2509e00fc54c,{},"{""disease"":""Osteoarthritis (Sandhivata)"",""dosha"":""Vata-Kapha"",""prakriti"":""Vata"",""season"":""Sharad""}",positive,Patient responded well to treatment.,False,2026-07-03T11:05:33.265506
95743f82-f9c5-4851-92d4-e19fc1d0969d,e2e7ef21-a5dd-4765-903d-770a6aa7b5b8,56a8532f-749b-4a5e-a69c-7bd4d462e758,{},"{""disease"":""Cystitis (Mutrakrichra)"",""dosha"":""Vata"",""prakriti"":""Vata"",""season"":""Sharad""}",positive,"Minimal response, dosage adjusted.",False,2026-07-03T11:05:33.265506
576f07d3-a488-4370-a134-fa4c25297188,f63d7a99-d9a3-4001-815a-e87596bbdf9e,d1453de7-71e2-4856-9e65-9584501bfc18,{},"{""disease"":""Sciatica (Gridhrasi)"",""dosha"":""Vata"",""prakriti"":""Vata"",""season"":""Sharad""}",negative,"Minimal response, dosage adjusted.",False,2026-07-03T11:05:33.265506
0cd9ca3f-3a0d-44d1-ac9b-532053f28894,b04a2d73-1fa1-4be0-95bc-c1de06279db2,f58792b3-9ef6-4d98-a058-d9948ed2feec,{},"{""disease"":""Back Pain (Prishtha Shoola)"",""dosha"":""Vata"",""prakriti"":""Vata"",""season"":""Sharad""}",positive,Patient responded well to treatment.,False,2026-07-03T11:05:33.265506
4fd14078-7d96-4093-a66b-9d009bc3ada6,3b2b32e1-d89f-4be7-85a6-7f655317bb74,9bd2aa60-46b5-47cc-9f23-dfed5385c587,{},"{""disease"":""Peptic Ulcer (Parinama Shoola)"",""dosha"":""Pitta"",""prakriti"":""Pitta"",""season"":""Sharad""}",positive,Excellent recovery.,False,2026-07-03T11:05:33.265506
371d25d3-f1f4-48d7-be69-3b480bd92077,7765e897-4d14-423e-b0ec-e49d2287ba05,2932d647-c0dc-499c-acfa-98015503c52a,{},"{""disease"":""Thyroid Disorder (Galaganda Vikara)"",""dosha"":""Vata-Pitta"",""prakriti"":""Vata"",""season"":""Sharad""}",positive,Requires follow-up after 1 month.,False,2026-07-03T11:05:33.265506
7e80e7e6-b603-4a78-bbe6-420f134d0fce,c2bd62d4-1a44-40d8-8141-8e1efbfebfd1,c68f5d41-fb6e-4323-a0ab-af163b3b1074,{},"{""disease"":""Thyroid Disorder (Galaganda Vikara)"",""dosha"":""Vata-Pitta"",""prakriti"":""Vata"",""season"":""Sharad""}",negative,Requires follow-up after 1 month.,False,2026-07-03T11:05:33.265506
d00535e4-5fbe-460b-8d2c-c5e3d5eafc36,ea26129d-95c5-47a2-b116-084b8b787324,6d96d116-18dc-4c9d-832d-55ea7ddab342,{},"{""disease"":""Thyroid Disorder (Galaganda Vikara)"",""dosha"":""Vata-Pitta"",""prakriti"":""Vata"",""season"":""Sharad""}",positive,Excellent recovery.,False,2026-07-03T11:05:33.265506
8a3d3867-4fc9-46b7-9dde-6a558ac33643,2face8de-5c80-4720-95a1-87f466a8f3ff,d511e52a-c4cc-4f8a-9f9f-e7cfa740816f,{},"{""disease"":""Osteoarthritis (Sandhivata)"",""dosha"":""Vata-Kapha"",""prakriti"":""Vata"",""season"":""Sharad""}",negative,Patient responded well to treatment.,False,2026-07-03T11:05:33.265506
7dfb0a41-22c9-4d8a-8cb1-5b47ff563a31,0ec0b0fa-49cc-4628-aefa-69bd71e5cbfe,e044d621-143c-4348-a65d-dc8b451d1ba1,{},"{""disease"":""Anxiety (Chittodvega)"",""dosha"":""Vata"",""prakriti"":""Vata"",""season"":""Hemanta""}",negative,Requires follow-up after 1 month.,False,2026-07-03T11:05:33.265506
92349acf-752a-4357-917f-e19bd1cd1a74,be26446d-93d6-4805-ab7c-cdeeb20a2eb4,151719ff-d69b-4c27-b9fd-c9c83d7bda82,{},"{""disease"":""Bronchitis (Kasa)"",""dosha"":""Kapha"",""prakriti"":""Kapha"",""season"":""Hemanta""}",positive,Excellent recovery.,False,2026-07-03T11:05:33.265506
32945ba2-578f-4cbf-9e75-b1ea7d7c0128,fd0d50f0-aca2-4154-beba-a56f799fe71e,b56ee117-4d10-46c7-8b86-28ac9c8bd12d,{},"{""disease"":""Diabetes (Madhumeha)"",""dosha"":""Kapha"",""prakriti"":""Kapha"",""season"":""Hemanta""}",positive,Excellent recovery.,False,2026-07-03T11:05:33.265506
1ee5b388-3919-4462-addc-2ce16158c1ac,78acf6f5-f8f3-4120-8ea2-b8d4746670b9,291ff007-c0e7-4cfc-ae42-ac90563fff2d,{},"{""disease"":""Obesity (Sthoulya)"",""dosha"":""Kapha"",""prakriti"":""Kapha"",""season"":""Hemanta""}",negative,,False,2026-07-03T11:05:33.265506
b244f084-f675-4b7a-a500-b326e6f22771,8e19d97b-7381-4316-8120-3e70a3e0fc81,61102fb2-2a55-4445-b95f-59d66db674c8,{},"{""disease"":""Anxiety (Chittodvega)"",""dosha"":""Vata"",""prakriti"":""Vata"",""season"":""Hemanta""}",positive,Patient responded well to treatment.,False,2026-07-03T11:05:33.265506
4fdcd4d9-12c9-4bc5-8202-60463acf03ab,2859a253-a766-4e3d-b8eb-8a952727637b,c01d075b-af06-4bf1-aea5-dbdd5d96531c,{},"{""disease"":""Cough (Kasa)"",""dosha"":""Kapha"",""prakriti"":""Kapha"",""season"":""Hemanta""}",positive,Patient responded well to treatment.,False,2026-07-03T11:05:33.265506
bba50ae5-6347-455c-b032-6e8008e26211,397debef-5867-4bca-b342-bacff63be257,1005c5e0-f4fc-42c1-b649-04f2a861809e,{},"{""disease"":""Cough (Kasa)"",""dosha"":""Kapha"",""prakriti"":""Kapha"",""season"":""Hemanta""}",positive,Patient responded well to treatment.,False,2026-07-03T11:05:33.265506
d60e6e61-1042-4e20-8390-ca3eec3ba083,c3030c9a-00cc-4459-b859-fe10292f40d7,228c6fc6-5fb0-4cef-9855-2bfae6e08bfd,{},"{""disease"":""Cough (Kasa)"",""dosha"":""Kapha"",""prakriti"":""Kapha"",""season"":""Hemanta""}",positive,Requires follow-up after 1 month.,False,2026-07-03T11:05:33.265506
af5ea1c1-7032-4218-a338-03afd897c07f,bee20f11-3865-4feb-a005-871c0d584c67,243faf15-18a2-4909-bc3e-02b1a39dc9a9,{},"{""disease"":""Bronchitis (Kasa)"",""dosha"":""Kapha"",""prakriti"":""Kapha"",""season"":""Hemanta""}",positive,Excellent recovery.,False,2026-07-03T11:05:33.265506
bbc0ee99-80fd-4453-bbd0-b04a03696d3a,4afead81-0af3-456f-ae1d-9696a439c45a,0eaae0b4-1731-4436-8da0-541de689ea75,{},"{""disease"":""Diabetes (Madhumeha)"",""dosha"":""Kapha"",""prakriti"":""Kapha"",""season"":""Hemanta""}",positive,Patient responded well to treatment.,False,2026-07-03T11:05:33.265506
0e33a098-b16a-4d75-bb5a-7e10c734eb4b,e8a1050b-c761-48ab-9b87-8a706f3b933f,0f1c851a-70a4-4bb3-a54d-a5d67d157cda,{},"{""disease"":""Bronchitis (Kasa)"",""dosha"":""Kapha"",""prakriti"":""Kapha"",""season"":""Hemanta""}",positive,Excellent recovery.,False,2026-07-03T11:05:33.265506
5059f256-6c4f-436e-a438-1e8d0dd036aa,4fb8e2f3-b4bd-4a81-a9f5-3a342b15155c,0d32c7f6-dbe6-4881-9e48-ba0086a5cd2b,{},"{""disease"":""Obesity (Sthoulya)"",""dosha"":""Kapha"",""prakriti"":""Kapha"",""season"":""Hemanta""}",positive,Requires follow-up after 1 month.,False,2026-07-03T11:05:33.265506
8115965b-59fd-426e-9060-ae2e3dd5da72,c6dfcad8-0bc5-42a5-a9a9-11b726e64b66,4861023d-4a81-441e-8a89-723173eb5213,{},"{""disease"":""Constipation (Vibandha)"",""dosha"":""Vata"",""prakriti"":""Vata"",""season"":""Hemanta""}",positive,Excellent recovery.,False,2026-07-03T11:05:33.265506
dbc02ce0-c180-4ead-b9af-9b90879e8fd4,2ad5cc12-77b7-451a-8dcc-a41f1444db32,7f7b9ffb-c90c-4cc5-9138-3a1d8e10a7f7,{},"{""disease"":""Diabetes (Madhumeha)"",""dosha"":""Kapha"",""prakriti"":""Kapha"",""season"":""Hemanta""}",positive,Good improvement noted after 2 weeks.,False,2026-07-03T11:05:33.265506
3010f447-33c4-42c0-8699-6e58b2753098,3cca0873-c067-40c9-9ae5-f986a02e95d1,3cf230b5-a0a7-4350-a84a-12711f3070c0,{},"{""disease"":""Constipation (Vibandha)"",""dosha"":""Vata"",""prakriti"":""Vata"",""season"":""Hemanta""}",positive,Patient responded well to treatment.,False,2026-07-03T11:05:33.265506
13d5b476-b3ec-4a89-8560-e371ee281790,4ebe7dd8-8503-47cb-9882-85dd218f2c2f,53163a3e-9a77-4e55-99bf-ee20ef1d0ce2,{},"{""disease"":""Diabetes (Madhumeha)"",""dosha"":""Kapha"",""prakriti"":""Kapha"",""season"":""Hemanta""}",positive,Requires follow-up after 1 month.,False,2026-07-03T11:05:33.265506
d1d6d959-3e8e-408b-bb98-d3e8ef0fc66b,41e9605c-8948-4f5a-94d3-e43cb80d992f,52ea1b2f-11a1-44b5-8b64-02b35b1da406,{},"{""disease"":""Diabetes (Madhumeha)"",""dosha"":""Kapha"",""prakriti"":""Kapha"",""season"":""Hemanta""}",positive,Requires follow-up after 1 month.,False,2026-07-03T11:05:33.265506
81d37128-3d27-4d3d-b233-49f1f4ae85db,14a18b3c-01bd-4e37-92cb-b0298026958b,20d51300-b173-43a2-947f-a6c051613b2b,{},"{""disease"":""Constipation (Vibandha)"",""dosha"":""Vata"",""prakriti"":""Vata"",""season"":""Hemanta""}",negative,,False,2026-07-03T11:05:33.265506
1f71eb23-54ba-43e9-987a-12ea895b98ab,4f048eaf-3e00-4fad-a583-8453c8594b6b,f19bb538-bd2b-40ac-b9d9-fdaff2511203,{},"{""disease"":""Obesity (Sthoulya)"",""dosha"":""Kapha"",""prakriti"":""Kapha"",""season"":""Hemanta""}",positive,,False,2026-07-03T11:05:33.265506
8607d18e-8ecd-46fb-843d-dcf8ec4cc057,a6593654-1c00-458a-b45b-f60b44fe0196,2859c0e6-39df-4bb9-84d4-de6c2b1346a5,{},"{""disease"":""Cough (Kasa)"",""dosha"":""Kapha"",""prakriti"":""Kapha"",""season"":""Hemanta""}",positive,Excellent recovery.,False,2026-07-03T11:05:33.265506
d1236312-154a-4984-8ab5-151e119a3738,29c10c90-8823-43f7-b9eb-e94f5a23f4c0,b92719b5-3453-4e17-80f6-ad7ce76e03ba,{},"{""disease"":""Constipation (Vibandha)"",""dosha"":""Vata"",""prakriti"":""Vata"",""season"":""Hemanta""}",positive,"Minimal response, dosage adjusted.",False,2026-07-03T11:05:33.265506
04844fe9-f24b-4a11-8645-7f6cca2b3dff,936e7eea-1b7f-448d-808d-f30f1a0daf00,20f49568-be1e-4a1c-a71c-19db70975d7f,{},"{""disease"":""Obesity (Sthoulya)"",""dosha"":""Kapha"",""prakriti"":""Kapha"",""season"":""Hemanta""}",positive,"Minimal response, dosage adjusted.",False,2026-07-03T11:05:33.265506
10f12eca-68f5-4ea5-97ab-e3f482de1465,ba5ad147-af95-4763-9c85-609bb2d20d41,ebd2d567-27ad-4fda-b3e2-fd1fe3665119,{},"{""disease"":""Cough (Kasa)"",""dosha"":""Kapha"",""prakriti"":""Kapha"",""season"":""Hemanta""}",positive,Patient responded well to treatment.,False,2026-07-03T11:05:33.265506
9d885efb-cc06-4f3f-912f-8b8b94c77917,3fd4acc7-a233-4f2b-a3a5-f68015c85aa6,49f28195-9593-4086-935c-4e5b96e04543,{},"{""disease"":""Cough (Kasa)"",""dosha"":""Kapha"",""prakriti"":""Kapha"",""season"":""Hemanta""}",positive,Requires follow-up after 1 month.,False,2026-07-03T11:05:33.265506
1ca73e33-90bc-4e28-bfad-1fa4b836c448,d6c60be3-cff8-42f5-8e07-ad4b145e5b4f,a9b1e4fc-0b5f-430a-a070-eab6f2424965,{},"{""disease"":""Diabetes (Madhumeha)"",""dosha"":""Kapha"",""prakriti"":""Kapha"",""season"":""Hemanta""}",negative,,False,2026-07-03T11:05:33.265506
cbb2ab7e-f1f8-454a-b1da-2ea75c25e2c4,f6b7380f-2a17-403a-ba0e-4fd6d89f8a89,1321f2b9-76b1-40d3-a4ff-533e54d946b6,{},"{""disease"":""Obesity (Sthoulya)"",""dosha"":""Kapha"",""prakriti"":""Kapha"",""season"":""Hemanta""}",positive,Requires follow-up after 1 month.,False,2026-07-03T11:05:33.265506
1d3d2e98-aaf6-4889-beaf-cdfb3f8ce29d,b36e596f-035d-4084-9bf4-359f8f0ba914,73285001-ded9-4eac-b087-bc5ede2e1641,{},"{""disease"":""Obesity (Sthoulya)"",""dosha"":""Kapha"",""prakriti"":""Kapha"",""season"":""Hemanta""}",positive,Good improvement noted after 2 weeks.,False,2026-07-03T11:05:33.265506
3f712ab7-eaea-4443-bc8c-8b7100495175,ef4e3f5f-47e3-4556-beb8-81780a68ca4e,af9221df-dd1b-4262-a3b5-948f88bd1b26,{},"{""disease"":""Obesity (Sthoulya)"",""dosha"":""Kapha"",""prakriti"":""Kapha"",""season"":""Hemanta""}",positive,,False,2026-07-03T11:05:33.265506
0610f93c-4d56-4e95-bec5-17a9c741426d,37349495-b504-4d21-bb22-c1a99e1770d8,99d2e2e7-fa14-4e10-b988-a1703081eb36,{},"{""disease"":""Bronchitis (Kasa)"",""dosha"":""Kapha"",""prakriti"":""Kapha"",""season"":""Hemanta""}",negative,Requires follow-up after 1 month.,False,2026-07-03T11:05:33.265506
db3c7b75-209a-4f16-86e0-bfdc4666cc6d,919dd9fe-8727-4be0-b1d9-605ec59b16a6,2a1fafa2-c37f-46f5-8b23-9311a0e19b8f,{},"{""disease"":""Constipation (Vibandha)"",""dosha"":""Vata"",""prakriti"":""Vata"",""season"":""Hemanta""}",positive,,False,2026-07-03T11:05:33.265506
882cfb70-02cf-4a81-a6c1-b6399153e947,acc4fb54-6be4-46f2-968e-124ddf2e629c,e8dcb41b-0764-494a-9d70-ff2b989ba01e,{},"{""disease"":""Cough (Kasa)"",""dosha"":""Kapha"",""prakriti"":""Kapha"",""season"":""Hemanta""}",positive,"Minimal response, dosage adjusted.",False,2026-07-03T11:05:33.265506
8f241106-229a-45c2-997f-2d71ddfe299f,b70fedb3-9048-42f5-9ac3-63f66ecfb90a,a9ba1f66-5ff8-4811-9cfc-a1c030771ef5,{},"{""disease"":""Obesity (Sthoulya)"",""dosha"":""Kapha"",""prakriti"":""Kapha"",""season"":""Hemanta""}",positive,Good improvement noted after 2 weeks.,False,2026-07-03T11:05:33.265506
a4fb2daf-a94c-47cd-a0ac-3ba4641184cb,0c8dbd35-7068-4ff5-80cc-a3bed539f2fe,466cd702-907e-49d8-9f8f-028a1d8fbd34,{},"{""disease"":""Anxiety (Chittodvega)"",""dosha"":""Vata"",""prakriti"":""Vata"",""season"":""Hemanta""}",negative,,False,2026-07-03T11:05:33.265506
cdfb5e0e-afbc-4ec0-966a-e413e1a7a39a,81b3c23b-0b00-4108-b678-09d3590a26ff,f4edff7b-6db1-462d-83ff-d02e3aa02317,{},"{""disease"":""Anxiety (Chittodvega)"",""dosha"":""Vata"",""prakriti"":""Vata"",""season"":""Hemanta""}",negative,"Minimal response, dosage adjusted.",False,2026-07-03T11:05:33.265506
b7c63fec-5e1a-4a61-9044-88a1cf32fb82,b8f984da-629d-4075-80f8-a3e0653300a9,63560e2e-c0cb-4335-b827-37778a030beb,{},"{""disease"":""Diabetes (Madhumeha)"",""dosha"":""Kapha"",""prakriti"":""Kapha"",""season"":""Hemanta""}",negative,Excellent recovery.,False,2026-07-03T11:05:33.265506
655a2eb0-1d24-4534-9801-efdfa8af6758,829ee37e-d343-4d04-b301-9b28e3c34115,e9d7fc76-0f87-429f-bb5e-2e8ecb995796,{},"{""disease"":""Constipation (Vibandha)"",""dosha"":""Vata"",""prakriti"":""Vata"",""season"":""Hemanta""}",positive,Patient responded well to treatment.,False,2026-07-03T11:05:33.265506
d18f4cad-c87e-4621-a385-0bba1cb123ab,fcee5e65-2a2a-4aa5-a030-c4ed9c3894de,9c30062a-ca13-4a4a-a34b-cd81297523f3,{},"{""disease"":""Anxiety (Chittodvega)"",""dosha"":""Vata"",""prakriti"":""Vata"",""season"":""Hemanta""}",positive,Patient responded well to treatment.,False,2026-07-03T11:05:33.265506
6de3213d-e256-4ea6-a4e8-9e8e40096296,5aed274c-93eb-4565-b320-83ac9ca24032,1ad77b70-61dd-4e97-bbe4-ebd868961e45,{},"{""disease"":""Constipation (Vibandha)"",""dosha"":""Vata"",""prakriti"":""Vata"",""season"":""Hemanta""}",negative,Good improvement noted after 2 weeks.,False,2026-07-03T11:05:33.265506
8b9a1b07-c26b-414c-ba43-ad0d2d64586a,cb9309c9-4524-4b09-84cf-1f651ce4bb3d,31c75c91-0e27-4770-86b2-b380e98432fb,{},"{""disease"":""Bronchitis (Kasa)"",""dosha"":""Kapha"",""prakriti"":""Kapha"",""season"":""Hemanta""}",negative,"Minimal response, dosage adjusted.",False,2026-07-03T11:05:33.265506
ac47c529-e1ec-4b81-814e-d1e8f10fbfa8,36f87c44-6ddc-4e07-95ba-aeac7ef1173d,9bf6f217-c5e6-4562-a875-ffd9c1fd8023,{},"{""disease"":""Anxiety (Chittodvega)"",""dosha"":""Vata"",""prakriti"":""Vata"",""season"":""Hemanta""}",positive,,False,2026-07-03T11:05:33.265506
17a5621f-ace0-434a-b664-5a03adb7a3e3,7a255235-be19-4fef-9cfa-dfe170fe6ff9,b6b05f4c-19a2-4d5f-9cf5-a634dd471a34,{},"{""disease"":""Anxiety (Chittodvega)"",""dosha"":""Vata"",""prakriti"":""Vata"",""season"":""Hemanta""}",positive,Requires follow-up after 1 month.,False,2026-07-03T11:05:33.265506
947953ac-3373-43b8-a8e0-5c81856a1135,88f1a3b6-14f2-4aa7-a7bc-4e5575714874,60da4fbe-a058-4323-9a39-ec8caa226a3e,{},"{""disease"":""Anxiety (Chittodvega)"",""dosha"":""Vata"",""prakriti"":""Vata"",""season"":""Hemanta""}",positive,Good improvement noted after 2 weeks.,False,2026-07-03T11:05:33.265506
4a95f3ba-977d-4ab6-bce6-e914844799b1,8a353a2d-fb96-4f8e-bc81-d2f296f19176,c5efef04-c4d3-4508-87c2-6a1bd68a6e2c,{},"{""disease"":""Diabetes (Madhumeha)"",""dosha"":""Kapha"",""prakriti"":""Kapha"",""season"":""Hemanta""}",positive,,False,2026-07-03T11:05:33.265506
96dcf620-cb95-4ba3-b021-3e7107ebe103,881dc7fa-c689-4a27-aa73-9fc771cc3859,ea448f43-a448-4d95-8c18-661e07540293,{},"{""disease"":""Obesity (Sthoulya)"",""dosha"":""Kapha"",""prakriti"":""Kapha"",""season"":""Hemanta""}",positive,,False,2026-07-03T11:05:33.265506
040a35c4-0ed7-436a-9a05-2452f0a9deeb,bee20f11-3865-4feb-a005-871c0d584c67,6b473198-9738-437d-a5cc-946354630cd6,{},"{""disease"":""Bronchitis (Kasa)"",""dosha"":""Kapha"",""prakriti"":""Kapha"",""season"":""Hemanta""}",positive,Good improvement noted after 2 weeks.,False,2026-07-03T11:05:33.265506
ecf579a5-a65e-4990-aedf-28329b361460,0b4e2fc4-5466-4165-86ed-37639ebad97c,63ec9056-fcc6-4817-b6ef-04e612fe2028,{},"{""disease"":""Cough (Kasa)"",""dosha"":""Kapha"",""prakriti"":""Kapha"",""season"":""Hemanta""}",positive,Requires follow-up after 1 month.,False,2026-07-03T11:05:33.265506
31dbfed4-eb98-4f3c-acd5-92a737735938,fb675350-88ef-4f41-b8b6-8b5e4f63d995,167313a3-c7d7-4402-b0a6-e74456eeef46,{},"{""disease"":""Cough (Kasa)"",""dosha"":""Kapha"",""prakriti"":""Kapha"",""season"":""Hemanta""}",positive,Patient responded well to treatment.,False,2026-07-03T11:05:33.265506
ab2fe615-df28-4dc4-9e20-6b4d1e75851d,f2459330-195c-4d73-9b9e-e1536291858a,42413756-64b2-4c51-b8f4-b0e0cd815992,{},"{""disease"":""Cough (Kasa)"",""dosha"":""Kapha"",""prakriti"":""Kapha"",""season"":""Hemanta""}",positive,Requires follow-up after 1 month.,False,2026-07-03T11:05:33.265506
5f2480ff-7451-4fee-9137-69b4d84ff21f,5d88a728-570d-4b0f-a63b-28efe8390b13,dd8cad38-4633-419f-8b8a-aaa6d13fec14,{},"{""disease"":""Obesity (Sthoulya)"",""dosha"":""Kapha"",""prakriti"":""Kapha"",""season"":""Hemanta""}",positive,Patient responded well to treatment.,False,2026-07-03T11:05:33.265506
c39ccac9-6d9c-4e39-b699-3208f03d1b9d,71ea6e60-7682-4ad2-bcdb-684c24439b95,b6c95845-eb0d-4a69-a0d6-d4d0a4462686,{},"{""disease"":""Bronchitis (Kasa)"",""dosha"":""Kapha"",""prakriti"":""Kapha"",""season"":""Hemanta""}",positive,"Minimal response, dosage adjusted.",False,2026-07-03T11:05:33.265506
89b68d22-b9f8-48a2-a333-fc4e8adc1b56,e2351bf1-8d50-4812-87ef-383a8a0e3b77,ca2c448c-e147-4689-bdc6-04775bee4bb4,{},"{""disease"":""Obesity (Sthoulya)"",""dosha"":""Kapha"",""prakriti"":""Kapha"",""season"":""Hemanta""}",positive,"Minimal response, dosage adjusted.",False,2026-07-03T11:05:33.265506
d9076fd4-0e98-4cea-a879-b59123de0d53,53c3f738-6b98-489e-92c1-a6d016489237,553bdeed-e6d4-4be0-adcf-7b5d686d6714,{},"{""disease"":""Bronchitis (Kasa)"",""dosha"":""Kapha"",""prakriti"":""Kapha"",""season"":""Hemanta""}",positive,Requires follow-up after 1 month.,False,2026-07-03T11:05:33.265506
44474ace-7b11-46b3-b9cb-c827e305fc5b,2fc48019-75bf-4f30-9116-6666c30599c4,d03b9ea7-d9f4-4533-b1aa-616fe87da2e3,{},"{""disease"":""Obesity (Sthoulya)"",""dosha"":""Kapha"",""prakriti"":""Kapha"",""season"":""Hemanta""}",positive,"Minimal response, dosage adjusted.",False,2026-07-03T11:05:33.265506
294c5573-1190-44e6-966b-7395d7da842c,0f543e82-e146-4e55-af75-f2ed42614578,eae4eea2-42c4-43db-9af5-282efed67e81,{},"{""disease"":""Obesity (Sthoulya)"",""dosha"":""Kapha"",""prakriti"":""Kapha"",""season"":""Hemanta""}",negative,Excellent recovery.,False,2026-07-03T11:05:33.265506
69b25f57-f60c-40ee-8446-54fbd0c18fb3,b70fedb3-9048-42f5-9ac3-63f66ecfb90a,3ba909b3-80c6-4604-a1cd-0c390f36192c,{},"{""disease"":""Bronchitis (Kasa)"",""dosha"":""Kapha"",""prakriti"":""Kapha"",""season"":""Hemanta""}",positive,Good improvement noted after 2 weeks.,False,2026-07-03T11:05:33.265506
5f813647-be46-4829-a717-f51f89494fe3,13f53412-f4f1-4ec6-b2a0-a129b3d306b2,ec04a693-2385-4a15-943b-a8170fe4d0bf,{},"{""disease"":""Cough (Kasa)"",""dosha"":""Kapha"",""prakriti"":""Kapha"",""season"":""Hemanta""}",positive,Patient responded well to treatment.,False,2026-07-03T11:05:33.265506
200ba2a5-8b44-421d-93e9-9d8f4a55c437,32d20d68-3081-4cf4-8b7f-6071d93a2cc5,b14e1fc3-306f-499b-85ec-57737a8586c3,{},"{""disease"":""Obesity (Sthoulya)"",""dosha"":""Kapha"",""prakriti"":""Kapha"",""season"":""Hemanta""}",positive,Requires follow-up after 1 month.,False,2026-07-03T11:05:33.265506
a00171d4-8f65-4cab-9ec5-bee90e889af8,46a77e6b-5f8d-4c15-90f9-b457ebbd9c27,a427b6ed-38df-4852-af8d-c644de6a4632,{},"{""disease"":""Burnout (Chitta Klama)"",""dosha"":""Vata-Pitta"",""prakriti"":""Vata"",""season"":""Hemanta""}",positive,Requires follow-up after 1 month.,False,2026-07-03T11:05:33.265506
055626b7-c557-4735-a826-94718a5211f9,de2279cc-2c48-43b0-9931-88f87e54fc6c,515040fd-252d-47a2-a8a8-f479a7a810ad,{},"{""disease"":""Heart Disease (Hridroga)"",""dosha"":""Vata-Pitta"",""prakriti"":""Vata"",""season"":""Hemanta""}",positive,Patient responded well to treatment.,False,2026-07-03T11:05:33.265506
32c133ac-ba4d-438c-bad4-7e998e37a01c,4ea275f1-c2f9-4bd0-945d-35e83e9ab232,0921a0e3-447e-4d21-8177-4e025344e3c7,{},"{""disease"":""Vertigo (Bhrama)"",""dosha"":""Vata-Pitta"",""prakriti"":""Vata"",""season"":""Hemanta""}",positive,"Minimal response, dosage adjusted.",False,2026-07-03T11:05:33.265506
38d9cd77-6cab-4a39-ab9a-4297b130b765,89c1e550-fada-48c7-b73d-a9fcb1f25ffd,70073301-c70c-4b2a-b90d-7f0b8a287c13,{},"{""disease"":""Irritable Bowel Syndrome (Grahani)"",""dosha"":""Vata"",""prakriti"":""Vata"",""season"":""Hemanta""}",positive,Excellent recovery.,False,2026-07-03T11:05:33.265506
b4991d13-b53d-472a-9653-b3c8fd900da6,3ea89f94-59ec-477d-9e5f-8aaddc6e6e04,9fe85f3a-4c9e-4b61-9989-e91549452680,{},"{""disease"":""Ear Infection (Karna Shoola)"",""dosha"":""Kapha-Vata"",""prakriti"":""Kapha"",""season"":""Hemanta""}",negative,Excellent recovery.,False,2026-07-03T11:05:33.265506
b63486c8-fce8-4601-9f78-20155077e2d7,184a4d1c-1311-401f-8313-623bcba5847d,cbc0709a-64b5-44f2-b7fd-97c4425932ec,{},"{""disease"":""Irritable Bowel Syndrome (Grahani)"",""dosha"":""Vata"",""prakriti"":""Vata"",""season"":""Hemanta""}",positive,"Minimal response, dosage adjusted.",False,2026-07-03T11:05:33.265506
0874f112-6f45-4e36-82f0-67680651a91f,60c98316-c9d5-47f2-ae1a-f237f0e057c9,fbb5530e-8fb9-4bfa-80ff-5560785290f9,{},"{""disease"":""Heart Disease (Hridroga)"",""dosha"":""Vata-Pitta"",""prakriti"":""Vata"",""season"":""Hemanta""}",positive,,False,2026-07-03T11:05:33.265506
9dbcb8f4-f46d-438c-b80c-cfeff4b299c6,931f10ee-f204-4c0b-b769-d62524ea5c5a,09f88425-9fd3-4bd7-beeb-5fef09819528,{},"{""disease"":""Vitiligo (Shwitra)"",""dosha"":""Pitta-Vata"",""prakriti"":""Pitta"",""season"":""Hemanta""}",negative,"Minimal response, dosage adjusted.",False,2026-07-03T11:05:33.265506
59d33602-4222-48dc-88b1-1cac4df5ca03,cd1ac773-4b49-4e76-8657-0099a1661789,988817fc-e3ba-4196-8c4b-b9d7382d67be,{},"{""disease"":""Digestive Disorder (Vikara)"",""dosha"":""Pitta-Vata"",""prakriti"":""Pitta"",""season"":""Hemanta""}",positive,"Minimal response, dosage adjusted.",False,2026-07-03T11:05:33.265506
7749034c-ddf2-4378-99d2-0118b955b3f7,d3e9e3ed-00ef-4cd2-9ea2-5de5ff487ba3,d0fc1016-422b-4034-86a6-6040657ae94d,{},"{""disease"":""Whooping Cough (Deergha Kasa)"",""dosha"":""Kapha"",""prakriti"":""Kapha"",""season"":""Hemanta""}",positive,"Minimal response, dosage adjusted.",False,2026-07-03T11:05:33.265506
f5a4abed-5763-4123-9e03-5b5f586ce488,2823a9a6-c335-4e0b-be69-9e8659688f17,0e18841e-5f31-469d-bc85-745ac22aeaea,{},"{""disease"":""Varicose Veins (Sira Granthi)"",""dosha"":""Vata"",""prakriti"":""Vata"",""season"":""Hemanta""}",positive,Excellent recovery.,False,2026-07-03T11:05:33.265506
29f55dbb-283b-44af-acbb-d8fdb9bae793,20331df7-0754-45ff-80e8-a441eef41dc7,f697b92b-4f11-452c-8ac8-3b4e2d9691fe,{},"{""disease"":""Thyroid Disorder (Galaganda Vikara)"",""dosha"":""Vata-Pitta"",""prakriti"":""Vata"",""season"":""Hemanta""}",positive,Patient responded well to treatment.,False,2026-07-03T11:05:33.265506
0456a3da-ba86-4d16-a905-76197e2a2304,7b081731-f6e6-4bc0-92e7-0926927197f2,ccc9fb09-4588-4242-a42d-0b729da13a56,{},"{""disease"":""Warts (Charmakeela)"",""dosha"":""Kapha"",""prakriti"":""Kapha"",""season"":""Hemanta""}",positive,"Minimal response, dosage adjusted.",False,2026-07-03T11:05:33.265506
c723176c-901d-4530-a745-6164b7f74514,92f8cdae-cf48-466a-af51-a5305a3e2151,b49e5c26-8dc7-4a3b-b885-c31f7133400c,{},"{""disease"":""Hypertension (Raktachaapa Vriddhi)"",""dosha"":""Pitta"",""prakriti"":""Pitta"",""season"":""Hemanta""}",negative,Requires follow-up after 1 month.,False,2026-07-03T11:05:33.265506
30dbdd17-b288-4b18-8a91-519a8e01fe3c,94ce8fb4-a39a-4b37-a1d2-bbf79febbbc1,6654b2c7-e1fc-4a75-abf7-aa8a255e7c2d,{},"{""disease"":""Gingivitis (Danta Vidradhi)"",""dosha"":""Pitta"",""prakriti"":""Pitta"",""season"":""Hemanta""}",negative,Good improvement noted after 2 weeks.,False,2026-07-03T11:05:33.265506
1993aaec-b59d-4e8a-99d1-fc4f986fb19e,bd87b187-e30f-49f6-a0fd-8b49bcd8cf0e,297ca6d3-f77a-4c5a-b911-e188c3481791,{},"{""disease"":""Gastritis (Urdhva Amlapitta)"",""dosha"":""Pitta"",""prakriti"":""Pitta"",""season"":""Hemanta""}",positive,,False,2026-07-03T11:05:33.265506
d6ef8b5c-404e-4ebf-a053-0c88829ebcba,68ac414e-d32a-4b9e-a78f-1c82961510fa,d466ef3f-2f03-4bc8-aa7f-f64cefd91811,{},"{""disease"":""Osteoporosis (Asthi Kshaya)"",""dosha"":""Vata"",""prakriti"":""Vata"",""season"":""Hemanta""}",positive,Patient responded well to treatment.,False,2026-07-03T11:05:33.265506
624b34f6-28c8-4ade-8618-f657af2c0dc2,b99aeef8-fcfe-4464-8d48-4a1d862871d6,5029f9c4-521f-479a-94e1-c4483b5a012c,{},"{""disease"":""Cystitis (Mutrakrichra)"",""dosha"":""Vata"",""prakriti"":""Vata"",""season"":""Hemanta""}",positive,Good improvement noted after 2 weeks.,False,2026-07-03T11:05:33.265506
25f17643-1915-442b-bb51-0e4f18384070,81b3c23b-0b00-4108-b678-09d3590a26ff,b67e06b4-a771-41d1-941d-9bb8fb287f4c,{},"{""disease"":""Osteoporosis (Asthi Kshaya)"",""dosha"":""Vata"",""prakriti"":""Vata"",""season"":""Hemanta""}",negative,Requires follow-up after 1 month.,False,2026-07-03T11:05:33.265506
288a4c7d-9bdd-44fe-805c-2c4a88d77984,e1cee793-006f-47b4-9577-96447819dc3b,9a4190ab-cc95-4ebe-a0c5-1201c3ad9a16,{},"{""disease"":""Acne (Yuvana Pidika)"",""dosha"":""Pitta-Kapha"",""prakriti"":""Pitta"",""season"":""Hemanta""}",positive,Good improvement noted after 2 weeks.,False,2026-07-03T11:05:33.265506
b32358a7-fd63-43a1-a444-930ef67faa73,ec81a18e-aa66-4f64-b030-15e9f6e1ef2f,9f539634-2bf7-4354-b7c2-7a5c86f50c82,{},"{""disease"":""Measles (Romantika)"",""dosha"":""Pitta"",""prakriti"":""Pitta"",""season"":""Hemanta""}",negative,,False,2026-07-03T11:05:33.265506
289b440e-5187-4bb8-9ec7-fed37ccabade,3e34aacc-e9f0-4706-a3b3-e518d3b39877,38281f6d-d59c-4291-b184-b4f5e2f631e2,{},"{""disease"":""Boils (Vidradhi)"",""dosha"":""Pitta-Kapha"",""prakriti"":""Pitta"",""season"":""Hemanta""}",negative,,False,2026-07-03T11:05:33.265506
72442175-8c06-4396-9434-8c2d1cdb12fd,57320573-a73d-43f2-88f3-ca2732a6465b,379d144a-a8ed-41ee-bf6a-184fd76d090a,{},"{""disease"":""Chronic Fatigue Syndrome (Klama)"",""dosha"":""Vata-Kapha"",""prakriti"":""Vata"",""season"":""Hemanta""}",positive,Requires follow-up after 1 month.,False,2026-07-03T11:05:33.265506
10c5efb8-9bb8-4e34-acb3-596a4356aafd,2647f102-7112-46dd-b7d9-de7ebcdaec36,45759195-fe90-4304-a11b-9872b6d27b80,{},"{""disease"":""Chronic Kidney Disease (Vrikka Vaikalya)"",""dosha"":""Vata-Pitta"",""prakriti"":""Vata"",""season"":""Hemanta""}",positive,,False,2026-07-03T11:05:33.265506
9c1060bc-462d-491c-b2bf-e98fe579508e,0f248608-b576-405c-8ef2-f4c93de4738f,38050f36-ba87-40f1-83ac-99cb19cc7123,{},"{""disease"":""Contact Dermatitis (Sparshaja Kushtha)"",""dosha"":""Pitta"",""prakriti"":""Pitta"",""season"":""Hemanta""}",negative,"Minimal response, dosage adjusted.",False,2026-07-03T11:05:33.265506
1e9a4e09-2741-4385-a67a-2074e51589ce,1874156a-6013-44a9-8704-1c2cc2682f19,b0eb91a3-7f76-448f-9870-721517e15e8b,{},"{""disease"":""Tonsillitis (Tundikeri)"",""dosha"":""Kapha-Pitta"",""prakriti"":""Kapha"",""season"":""Hemanta""}",positive,Patient responded well to treatment.,False,2026-07-03T11:05:33.265506
71846b7c-54d1-4b25-b089-c534f8121f14,92f8cdae-cf48-466a-af51-a5305a3e2151,98a08cd3-ed0b-4b7e-adc2-2db4c70c14ed,{},"{""disease"":""Menstrual Disorder (Artava Dushti)"",""dosha"":""Vata-Pitta"",""prakriti"":""Vata"",""season"":""Hemanta""}",positive,Excellent recovery.,False,2026-07-03T11:05:33.265506
217e84e0-8703-402b-a0e1-9512ef0c92f9,3c692c45-3ea3-48a5-b49d-a253ec2a185a,72c7cd76-0e20-4d75-862f-5ea6f181559d,{},"{""disease"":""Stress (Manasika Tanava)"",""dosha"":""Vata"",""prakriti"":""Vata"",""season"":""Hemanta""}",positive,Excellent recovery.,False,2026-07-03T11:05:33.265506
5aefd77c-e952-4def-bcdd-ac7909e396b8,24f4365a-6bad-4f55-a9d4-85cfb50c6344,1a5ae4df-fa63-470c-98ea-85cd0a601420,{},"{""disease"":""Hyperlipidemia (Medo Vriddhi)"",""dosha"":""Kapha"",""prakriti"":""Kapha"",""season"":""Hemanta""}",negative,Requires follow-up after 1 month.,False,2026-07-03T11:05:33.265506
14f3a9f0-8d92-46f5-ad53-7fc67722c001,a761cbf3-df21-4c28-9534-bc3dc2ee0a26,6c9f5c52-8222-4d00-b7f9-d9dec07db778,{},"{""disease"":""Cystitis (Mutrakrichra)"",""dosha"":""Vata"",""prakriti"":""Vata"",""season"":""Hemanta""}",positive,"Minimal response, dosage adjusted.",False,2026-07-03T11:05:33.265506
aaa1b383-0f7f-40dd-830a-fe5eb5714431,52e1a46d-546d-4797-81e2-e55ca99b5e34,8a2b0baa-6749-452a-b94d-658eaa7f360e,{},"{""disease"":""Sleep Apnea (Nidra Vaishamya)"",""dosha"":""Vata-Kapha"",""prakriti"":""Kapha"",""season"":""Hemanta""}",negative,"Minimal response, dosage adjusted.",False,2026-07-03T11:05:33.265506
9a32d24a-7eaf-4750-9c07-aba5017d91cb,0607d575-d9a3-421c-aa70-86cbfe8b59f4,08b6b370-bfc5-44bd-9807-bfd01b713bf0,{},"{""disease"":""Prostate Enlargement (Vriddhi)"",""dosha"":""Vata"",""prakriti"":""Vata"",""season"":""Hemanta""}",positive,Excellent recovery.,False,2026-07-03T11:05:33.265506
622a9341-6aa9-4ea6-ba68-32b203593b20,b99aeef8-fcfe-4464-8d48-4a1d862871d6,84db3e82-f2c3-4578-a171-5e9310d24d85,{},"{""disease"":""Whooping Cough (Deergha Kasa)"",""dosha"":""Kapha"",""prakriti"":""Kapha"",""season"":""Hemanta""}",positive,,False,2026-07-03T11:05:33.265506
13384adc-9714-4240-878b-8ea916110a4c,5f486f2c-66a3-4f11-9cd8-3a64bac4e545,4ae8d108-e031-4997-bd4a-1ae84c3bcb45,{},"{""disease"":""Urinary Tract Infection (Mutradaha)"",""dosha"":""Pitta"",""prakriti"":""Pitta"",""season"":""Hemanta""}",positive,Excellent recovery.,False,2026-07-03T11:05:33.265506
43e93b93-7516-406f-be70-c26a25325008,3f14a281-95de-4e41-a0d0-48c329c09fd3,d9acc725-1e82-41c3-96a7-fcc565be7695,{},"{""disease"":""Urinary Tract Infection (Mutradaha)"",""dosha"":""Pitta"",""prakriti"":""Pitta"",""season"":""Hemanta""}",positive,Requires follow-up after 1 month.,False,2026-07-03T11:05:33.265506
ac150171-c7db-4649-b16e-9d447584c38a,acb6a8a1-ec1a-44ff-8b74-60c5816b414c,87c5bd6b-0d01-4fc6-ac17-a25bcd953a6f,{},"{""disease"":""Sleep Apnea (Nidra Vaishamya)"",""dosha"":""Vata-Kapha"",""prakriti"":""Kapha"",""season"":""Hemanta""}",positive,Good improvement noted after 2 weeks.,False,2026-07-03T11:05:33.265506
211971b0-456c-4578-ab03-639c03565aae,3de1091e-220d-4434-ae97-b9e9a079b027,a6b203a6-3888-4651-8ced-2e7153695eaa,{},"{""disease"":""Eczema (Vicharchika)"",""dosha"":""Pitta"",""prakriti"":""Pitta"",""season"":""Hemanta""}",positive,Patient responded well to treatment.,False,2026-07-03T11:05:33.265506
95ace322-85d4-4791-b7b3-84d3a0e173fd,d6d252ef-f22c-4d03-90dd-ca02623c5093,0d815c14-2e0d-485f-a65d-50d61e9c2ac0,{},"{""disease"":""Conjunctivitis (Netra Abhishyanda)"",""dosha"":""Pitta"",""prakriti"":""Pitta"",""season"":""Hemanta""}",positive,,False,2026-07-03T11:05:33.265506
ef82e3cd-60e1-46c9-98ca-a4e0df045e14,a1d5c02f-867a-4252-898e-d2989030ad57,c350f6a5-054e-4a7a-afc6-b3329eb09364,{},"{""disease"":""Eczema (Vicharchika)"",""dosha"":""Pitta"",""prakriti"":""Pitta"",""season"":""Hemanta""}",negative,Requires follow-up after 1 month.,False,2026-07-03T11:05:33.265506
f7851de6-01dd-4c09-8979-9ebfd4cf26fd,08aa84de-e5ed-4482-8f62-08862965f54a,0cb4cfa7-bb27-4189-a5b4-7d4337e29014,{},"{""disease"":""Heart Disease (Hridroga)"",""dosha"":""Vata-Pitta"",""prakriti"":""Vata"",""season"":""Hemanta""}",negative,Requires follow-up after 1 month.,False,2026-07-03T11:05:33.265506
69527b6c-63f7-4eda-9359-9059a26d1915,cc3c611e-8fad-423d-9d7b-2ba115c4a103,39025946-6bd7-4eba-af9c-9bf47565254c,{},"{""disease"":""Sleep Apnea (Nidra Vaishamya)"",""dosha"":""Vata-Kapha"",""prakriti"":""Kapha"",""season"":""Hemanta""}",positive,Good improvement noted after 2 weeks.,False,2026-07-03T11:05:33.265506
baa9d39f-802f-437e-91ba-c98c4fed35ce,f4d5afd4-e183-4732-a4a7-866f5f2c2fc2,18c80146-7d9d-4130-bdb1-7b606678ea80,{},"{""disease"":""Measles (Romantika)"",""dosha"":""Pitta"",""prakriti"":""Pitta"",""season"":""Hemanta""}",positive,"Minimal response, dosage adjusted.",False,2026-07-03T11:05:33.265506
30ae4a41-d180-4a39-b7be-95d2580d98ab,70a0cfb7-ee40-4a08-bd6e-4e011a012e73,450c21bb-3c3a-42e0-bdd1-8cf0d3137113,{},"{""disease"":""Chickenpox (Laghu Masurika)"",""dosha"":""Pitta"",""prakriti"":""Pitta"",""season"":""Hemanta""}",negative,Patient responded well to treatment.,False,2026-07-03T11:05:33.265506
addc8b9f-9706-462c-9c61-325451cd06a4,b70fedb3-9048-42f5-9ac3-63f66ecfb90a,6c30c0f4-03c2-41a5-9e5a-43d73bf407f0,{},"{""disease"":""Thyroid Disorder (Galaganda Vikara)"",""dosha"":""Vata-Pitta"",""prakriti"":""Vata"",""season"":""Hemanta""}",negative,"Minimal response, dosage adjusted.",False,2026-07-03T11:05:33.265506
d5da2e00-357a-48c1-be34-26f4e36dd003,47b82b89-25d8-4641-82db-29c85c78a0a8,d25990aa-0ee9-41d4-9480-1019d56e887e,{},"{""disease"":""Worm Infection (Krimi Roga)"",""dosha"":""Vata"",""prakriti"":""Vata"",""season"":""Hemanta""}",negative,Good improvement noted after 2 weeks.,False,2026-07-03T11:05:33.265506
f217fc32-f098-416d-be11-cadec05ee28f,0c432ad7-b431-48ed-b676-fa7f34476ccf,2102e1c0-025a-4937-99f9-5700b34d7df4,{},"{""disease"":""Thyroid Disorder (Galaganda Vikara)"",""dosha"":""Vata-Pitta"",""prakriti"":""Vata"",""season"":""Hemanta""}",positive,"Minimal response, dosage adjusted.",False,2026-07-03T11:05:33.265506
5983691f-15cc-4845-9dbd-5694f7467efe,879a6629-a37f-4da9-a046-c5ae1e31523e,84cfad61-56cc-4f87-bcaa-11eedc6a7c4a,{},"{""disease"":""Boils (Vidradhi)"",""dosha"":""Pitta-Kapha"",""prakriti"":""Pitta"",""season"":""Hemanta""}",positive,"Minimal response, dosage adjusted.",False,2026-07-03T11:05:33.265506
249453a6-32dc-49cd-8ae9-4787725eeb6b,5a5097b9-2292-4b42-b98d-1154994ce7da,f0e9e622-0d40-4822-ac55-f58468c0a187,{},"{""disease"":""Chikungunya (Sandhi Jwara)"",""dosha"":""Vata-Pitta"",""prakriti"":""Pitta"",""season"":""Hemanta""}",positive,"Minimal response, dosage adjusted.",False,2026-07-03T11:05:33.265506
14155454-a4a4-4fba-86fd-4a8a9535f9c9,62a75794-ed38-4386-8e83-009037cf786a,9b87c45b-75b8-4ce0-8182-88344b61113e,{},"{""disease"":""Sciatica (Gridhrasi)"",""dosha"":""Vata"",""prakriti"":""Vata"",""season"":""Hemanta""}",positive,,False,2026-07-03T11:05:33.265506
0250d7da-65cd-4fb9-bb64-cc6e81e69f17,a380d836-e795-4f24-8593-5f7a891c14e2,4438c8e7-bbf0-4005-bed3-b5d6da8b6940,{},"{""disease"":""Asthma (Tamaka Shwasa)"",""dosha"":""Kapha"",""prakriti"":""Kapha"",""season"":""Hemanta""}",positive,Excellent recovery.,False,2026-07-03T11:05:33.265506
8a3ff396-3fce-49dd-bbc7-c045b2df1e64,9027b642-6669-4e5d-9de9-6197e231bf03,8b8d4937-9674-4b54-b0e2-0955c93df67d,{},"{""disease"":""Constipation (Vibandha)"",""dosha"":""Vata"",""prakriti"":""Vata"",""season"":""Hemanta""}",positive,Patient responded well to treatment.,False,2026-07-03T11:05:33.265506
0ac27321-9bb2-4096-9eed-ac955f80d3d2,44246d2e-2fe5-46fa-b539-43a8454cdebe,b917c977-bf36-4dc4-ac3d-bda30652b0fb,{},"{""disease"":""Cough (Kasa)"",""dosha"":""Kapha"",""prakriti"":""Kapha"",""season"":""Hemanta""}",positive,Good improvement noted after 2 weeks.,False,2026-07-03T11:05:33.265506
d9ef3fb3-177d-4c59-9806-b993f93bfe2c,7dbccdcf-3e29-46bc-8d3f-590228136f0d,537d2d3a-363a-4032-a746-fe039d52103d,{},"{""disease"":""Constipation (Vibandha)"",""dosha"":""Vata"",""prakriti"":""Vata"",""season"":""Hemanta""}",negative,Good improvement noted after 2 weeks.,False,2026-07-03T11:05:33.265506
f2027e07-796f-4640-8228-bccea0f0e592,4b309685-da7c-4650-8978-63651a8d5879,1086447b-0c71-4b35-a532-5fa6fc01b64f,{},"{""disease"":""Joint Pain (Amavata)"",""dosha"":""Vata"",""prakriti"":""Vata"",""season"":""Hemanta""}",negative,Good improvement noted after 2 weeks.,False,2026-07-03T11:05:33.265506
64980a1d-65e5-40eb-9885-74f3a0b758b0,6c5b4adc-74b6-4673-8ff7-34b070518821,b6e053b6-66f4-4c3a-a9e0-8a5754cf6c4c,{},"{""disease"":""Joint Pain (Amavata)"",""dosha"":""Vata"",""prakriti"":""Vata"",""season"":""Hemanta""}",positive,"Minimal response, dosage adjusted.",False,2026-07-03T11:05:33.265506
a65c827c-ff79-4848-ace5-e501b44ca93c,22cb4b29-5434-4218-9fc7-40b74f753a06,58a6cc3c-ec55-4f2c-a6d1-98e06aa8d29e,{},"{""disease"":""Rhinitis (Pratishyaya)"",""dosha"":""Kapha"",""prakriti"":""Kapha"",""season"":""Hemanta""}",positive,Good improvement noted after 2 weeks.,False,2026-07-03T11:05:33.265506
991200ef-fe72-4887-8f0b-72bb4650492f,302816fc-58aa-4b96-b56b-f33f8ec63da7,96588ad5-2997-49ff-b13a-ce1d2192f017,{},"{""disease"":""Rhinitis (Pratishyaya)"",""dosha"":""Kapha"",""prakriti"":""Kapha"",""season"":""Hemanta""}",positive,Good improvement noted after 2 weeks.,False,2026-07-03T11:05:33.265506
0dfef031-1ec1-42a3-b4cc-22cc784f8d05,89aa83fd-f4dc-4e74-8281-e6948797557f,8bfcbfd5-b081-4ba2-8636-887913e539d7,{},"{""disease"":""Cough (Kasa)"",""dosha"":""Kapha"",""prakriti"":""Kapha"",""season"":""Hemanta""}",positive,Good improvement noted after 2 weeks.,False,2026-07-03T11:05:33.265506
e0c7e611-e6db-4a61-99d6-8bf696af27df,2080eba4-fd00-4c33-9228-ff92981a6306,b02b2570-0b95-4bc6-8742-58f1acb6866d,{},"{""disease"":""Cough (Kasa)"",""dosha"":""Kapha"",""prakriti"":""Kapha"",""season"":""Hemanta""}",positive,,False,2026-07-03T11:05:33.265506
d3044e9e-fa85-4729-913b-aea7ea328e30,8fc7efec-f525-4ece-94f6-0f21afc8d133,f4cae087-cb51-48b2-9df8-4998f3c25510,{},"{""disease"":""Cough (Kasa)"",""dosha"":""Kapha"",""prakriti"":""Kapha"",""season"":""Hemanta""}",positive,,False,2026-07-03T11:05:33.265506
992ae280-c7a7-4910-ba70-22568f4d2cdd,870d7afe-c6c2-4882-9958-af76ea166c67,424c1a89-e238-4d8f-aa91-9101471af49f,{},"{""disease"":""Asthma (Tamaka Shwasa)"",""dosha"":""Kapha"",""prakriti"":""Kapha"",""season"":""Hemanta""}",positive,"Minimal response, dosage adjusted.",False,2026-07-03T11:05:33.265506
6bbb0466-968a-46d9-83f2-d45e4c99b52c,80d77ae8-8006-4812-acc6-d96a9f20540b,fbe42803-299e-4848-8254-5f5cf3b020ab,{},"{""disease"":""Diabetes (Madhumeha)"",""dosha"":""Kapha"",""prakriti"":""Kapha"",""season"":""Hemanta""}",positive,Good improvement noted after 2 weeks.,False,2026-07-03T11:05:33.265506
f505014a-c13b-4d3e-89f2-597b67a95344,82b3f3e1-dcaa-4889-b2c5-b2c6cf0dce4e,e038ebde-10f7-4a4e-8560-7af08f1a7af1,{},"{""disease"":""Cough (Kasa)"",""dosha"":""Kapha"",""prakriti"":""Kapha"",""season"":""Hemanta""}",negative,Requires follow-up after 1 month.,False,2026-07-03T11:05:33.265506
1b9496e1-0588-487b-ba0c-04dd76ac8fe3,82129659-a2bc-45e8-b145-d604b3235ba1,f27334eb-24b2-49ad-ab7c-7aaed6ab1533,{},"{""disease"":""Cough (Kasa)"",""dosha"":""Kapha"",""prakriti"":""Kapha"",""season"":""Hemanta""}",positive,Requires follow-up after 1 month.,False,2026-07-03T11:05:33.265506
89386abc-7442-42b7-ab53-2c5eef786d3d,403b3e0c-1b71-459d-98a9-05873fe0b5b1,256b9f1a-2919-4747-80cf-46ba20333c5d,{},"{""disease"":""Rhinitis (Pratishyaya)"",""dosha"":""Kapha"",""prakriti"":""Kapha"",""season"":""Hemanta""}",positive,"Minimal response, dosage adjusted.",False,2026-07-03T11:05:33.265506
100eff6a-3848-40e2-9f36-195125c04536,379584a5-8530-47b6-8104-98b0bbc9bda9,1c5fabb0-9e92-4382-9386-32ceaf566018,{},"{""disease"":""Diabetes (Madhumeha)"",""dosha"":""Kapha"",""prakriti"":""Kapha"",""season"":""Hemanta""}",negative,,False,2026-07-03T11:05:33.265506
5a5acb02-1fe0-4ea3-af81-f0f7bcb51614,a91c5d1d-124c-4eaa-a906-a0b3a7f20bd6,2bea7758-fe38-4035-8c95-c69b9b2a16c3,{},"{""disease"":""Rhinitis (Pratishyaya)"",""dosha"":""Kapha"",""prakriti"":""Kapha"",""season"":""Hemanta""}",positive,Excellent recovery.,False,2026-07-03T11:05:33.265506
89e5b96f-d285-40b8-b144-0a8e89e5ae64,17889c42-57f5-4de2-b1dd-54dd00b2ec77,ff3bb2cd-3a43-4e81-8054-4912d7f22ede,{},"{""disease"":""Constipation (Vibandha)"",""dosha"":""Vata"",""prakriti"":""Vata"",""season"":""Hemanta""}",positive,Requires follow-up after 1 month.,False,2026-07-03T11:05:33.265506
3b24bf4f-5af0-4df5-bf39-60a05496ff88,6da99084-4470-4909-bb26-eeb306139244,4c7b543c-d137-462e-9fe7-e485f94c9c9b,{},"{""disease"":""Constipation (Vibandha)"",""dosha"":""Vata"",""prakriti"":""Vata"",""season"":""Hemanta""}",positive,"Minimal response, dosage adjusted.",False,2026-07-03T11:05:33.265506
4978f707-3638-48c2-9849-38d3543edb35,d3e9e3ed-00ef-4cd2-9ea2-5de5ff487ba3,599646c3-19a7-490f-98b7-26ed069a40a7,{},"{""disease"":""Constipation (Vibandha)"",""dosha"":""Vata"",""prakriti"":""Vata"",""season"":""Hemanta""}",positive,Excellent recovery.,False,2026-07-03T11:05:33.265506
f132815f-b04d-435b-b50b-9267583275ea,98321cdc-abcd-42c7-9f17-b906cbfb79f8,6fa51181-4f01-4bf5-8117-5493a7a33bb3,{},"{""disease"":""Constipation (Vibandha)"",""dosha"":""Vata"",""prakriti"":""Vata"",""season"":""Hemanta""}",positive,Excellent recovery.,False,2026-07-03T11:05:33.265506
e6456af5-07bb-4a52-a7c0-7b4e9fc3d4d9,ecc67b78-7069-4509-8a49-77213e4d7b60,de5086b5-01cf-44b3-b301-9250e7176ab6,{},"{""disease"":""Asthma (Tamaka Shwasa)"",""dosha"":""Kapha"",""prakriti"":""Kapha"",""season"":""Hemanta""}",positive,Good improvement noted after 2 weeks.,False,2026-07-03T11:05:33.265506
92fa239b-8fb2-4813-9201-dd3c461cf0c5,03bee406-a6c0-4dfb-b6e4-9f31eb880ec8,0296bc7b-e954-4c9e-918f-2b34f134974a,{},"{""disease"":""Diabetes (Madhumeha)"",""dosha"":""Kapha"",""prakriti"":""Kapha"",""season"":""Hemanta""}",positive,,False,2026-07-03T11:05:33.265506
d2b86580-c21a-4794-93bc-25d481a249e9,1572a1aa-b834-4a99-b93e-90463e7d1865,50aebd85-fde3-4f06-a6df-115c7325dec3,{},"{""disease"":""Diabetes (Madhumeha)"",""dosha"":""Kapha"",""prakriti"":""Kapha"",""season"":""Hemanta""}",negative,"Minimal response, dosage adjusted.",False,2026-07-03T11:05:33.265506
d343694d-38bc-4d77-9ce1-c8d9e84cf22c,1d00dc35-fc33-470a-be8d-e14e80b17e40,54accb38-495e-4b2e-bd3f-ff7c3f56dc9f,{},"{""disease"":""Constipation (Vibandha)"",""dosha"":""Vata"",""prakriti"":""Vata"",""season"":""Hemanta""}",positive,,False,2026-07-03T11:05:33.265506
e85462ff-d280-446f-95db-b0d51292b84b,d199c76c-07d4-4c34-8735-62c346a22643,06b1074e-2c60-43cd-9b8f-a12255f165f5,{},"{""disease"":""Joint Pain (Amavata)"",""dosha"":""Vata"",""prakriti"":""Vata"",""season"":""Hemanta""}",negative,Requires follow-up after 1 month.,False,2026-07-03T11:05:33.265506
dc25e29b-49bc-4e42-9f70-4b28e09db4f6,fc6b9ba8-7c80-4764-8482-f20bc831c4e5,6ecdd158-ff19-4472-a267-a74eeec37646,{},"{""disease"":""Constipation (Vibandha)"",""dosha"":""Vata"",""prakriti"":""Vata"",""season"":""Hemanta""}",positive,Excellent recovery.,False,2026-07-03T11:05:33.265506
eeb91695-a2e7-461c-995c-838ef7f6517e,b5d01393-4378-456b-9b32-6254c0583269,d1f55c0d-af5a-4eee-b74a-d1caf06690ab,{},"{""disease"":""Joint Pain (Amavata)"",""dosha"":""Vata"",""prakriti"":""Vata"",""season"":""Hemanta""}",positive,Patient responded well to treatment.,False,2026-07-03T11:05:33.265506
b07dc68d-01bf-4b3c-8d44-7d5072a7d131,4653b874-76ef-4791-bf8b-2d45a80ce416,653fee3f-5026-433e-8666-bd341bac432c,{},"{""disease"":""Cough (Kasa)"",""dosha"":""Kapha"",""prakriti"":""Kapha"",""season"":""Hemanta""}",positive,Patient responded well to treatment.,False,2026-07-03T11:05:33.265506
f8f5ba1a-8d29-4b61-b915-ed0374c7948f,fea594d1-51c1-49d5-b122-05b855ebd770,bc6bef03-cdb5-4673-8a6d-89a62e138e5e,{},"{""disease"":""Asthma (Tamaka Shwasa)"",""dosha"":""Kapha"",""prakriti"":""Kapha"",""season"":""Hemanta""}",positive,Good improvement noted after 2 weeks.,False,2026-07-03T11:05:33.265506
c904fd23-074b-45b0-a546-4e86ce081e73,ddcc336f-74ea-4cb1-99ad-e7643ecb2c8b,2426172f-060c-48ec-86b7-69c186e34334,{},"{""disease"":""Cough (Kasa)"",""dosha"":""Kapha"",""prakriti"":""Kapha"",""season"":""Hemanta""}",positive,Requires follow-up after 1 month.,False,2026-07-03T11:05:33.265506
45cfbc68-12ce-4aa5-833a-04ac2cfe9f45,351f7f25-20cf-4bcf-9e12-059d834615fe,b9739715-043e-4df5-a61b-a0d833c7c78d,{},"{""disease"":""Constipation (Vibandha)"",""dosha"":""Vata"",""prakriti"":""Vata"",""season"":""Hemanta""}",negative,Requires follow-up after 1 month.,False,2026-07-03T11:05:33.265506
0b82ae44-3d02-4682-8e0b-f6d0375a0d41,17af5d75-7eeb-4eb5-8fc1-cfe96a5c829f,c1f44335-e0fe-4ff2-91c6-25b5a7bceca1,{},"{""disease"":""Asthma (Tamaka Shwasa)"",""dosha"":""Kapha"",""prakriti"":""Kapha"",""season"":""Hemanta""}",positive,"Minimal response, dosage adjusted.",False,2026-07-03T11:05:33.265506
597f9774-4624-4c3f-acdd-688eec42b2cd,4947f6ec-50be-4c70-af2e-95eecf006144,9d2c896c-ecd0-486b-9590-0630a39a40da,{},"{""disease"":""Asthma (Tamaka Shwasa)"",""dosha"":""Kapha"",""prakriti"":""Kapha"",""season"":""Hemanta""}",positive,Good improvement noted after 2 weeks.,False,2026-07-03T11:05:33.265506
3a778797-47b5-4edd-8a07-2686914afec6,de8c425a-ae57-449d-b012-9de69e1d4432,47b75dea-bc51-4428-82e2-d52f9bd3e62c,{},"{""disease"":""Joint Pain (Amavata)"",""dosha"":""Vata"",""prakriti"":""Vata"",""season"":""Hemanta""}",positive,,False,2026-07-03T11:05:33.265506
af2fdfb1-cc28-4b7b-ad9e-eb5e021cf3d3,c9ff9487-d56b-4bf5-b1e8-2ba406c244c1,9ac756ec-6eee-4e10-a11d-fda89cd453d4,{},"{""disease"":""Rhinitis (Pratishyaya)"",""dosha"":""Kapha"",""prakriti"":""Kapha"",""season"":""Hemanta""}",positive,,False,2026-07-03T11:05:33.265506
9bb95903-cc98-4716-be03-fe7de5d5adc3,070a34c1-7203-4021-8ce6-5ae03fdb9e35,2adc403e-6db9-405a-8530-8fb87d8ee3f1,{},"{""disease"":""Asthma (Tamaka Shwasa)"",""dosha"":""Kapha"",""prakriti"":""Kapha"",""season"":""Hemanta""}",negative,Patient responded well to treatment.,False,2026-07-03T11:05:33.265506
2e163584-067f-42c4-a96b-e07489919001,4fb5f8e9-de14-4ad2-a28d-8eb25e69f54a,b31cc75c-575e-4d1e-90d7-99f7672eb839,{},"{""disease"":""Rhinitis (Pratishyaya)"",""dosha"":""Kapha"",""prakriti"":""Kapha"",""season"":""Hemanta""}",positive,Requires follow-up after 1 month.,False,2026-07-03T11:05:33.265506
ef6a7091-9785-49e0-a5b3-c14f19ac51b1,4563d3b6-d896-46ac-a1ca-dee38c51265f,6a477300-5683-40ad-a937-092a10f72456,{},"{""disease"":""Joint Pain (Amavata)"",""dosha"":""Vata"",""prakriti"":""Vata"",""season"":""Hemanta""}",positive,Patient responded well to treatment.,False,2026-07-03T11:05:33.265506
89176d9d-8ee9-4024-926c-a1c0faeebb4d,9e56f17a-efee-4bef-a153-8a422c870e42,17e99c32-3158-47f9-88d2-84cf7b5dfd2d,{},"{""disease"":""Asthma (Tamaka Shwasa)"",""dosha"":""Kapha"",""prakriti"":""Kapha"",""season"":""Hemanta""}",positive,,False,2026-07-03T11:05:33.265506
75bb8cc1-fac3-4cbe-81fd-e60cfcc1c85e,20e3faa4-c35f-4b69-b0cc-33fb8d47f6c5,9ff9062f-deb9-4623-ae03-7a119474e8ff,{},"{""disease"":""Constipation (Vibandha)"",""dosha"":""Vata"",""prakriti"":""Vata"",""season"":""Hemanta""}",negative,Good improvement noted after 2 weeks.,False,2026-07-03T11:05:33.265506
07d255a4-9c24-4d1c-9567-f7e30b6ef9f0,88f1a3b6-14f2-4aa7-a7bc-4e5575714874,f4ff5c70-0c5f-4f46-a915-668b69e24229,{},"{""disease"":""Joint Pain (Amavata)"",""dosha"":""Vata"",""prakriti"":""Vata"",""season"":""Hemanta""}",positive,Patient responded well to treatment.,False,2026-07-03T11:05:33.265506
2183bbe2-08cf-4a52-b75b-aa956eb81a2a,01d1fa93-bd3f-44b0-b8a1-81b87e0e7564,5bd010ce-6dea-4b54-9148-fae8e2cf7d9e,{},"{""disease"":""Joint Pain (Amavata)"",""dosha"":""Vata"",""prakriti"":""Vata"",""season"":""Hemanta""}",positive,,False,2026-07-03T11:05:33.265506
f1e2d9a0-4cbe-487a-a151-0c06d647e77e,dffadd63-56d7-4407-90bb-64b12273bfe7,2226e37e-2628-41e6-9283-092f4969e835,{},"{""disease"":""Joint Pain (Amavata)"",""dosha"":""Vata"",""prakriti"":""Vata"",""season"":""Hemanta""}",negative,Patient responded well to treatment.,False,2026-07-03T11:05:33.265506
a0c0d8ae-bee6-4d1c-a28b-d8d55e7c7c06,0b0708a7-1619-4ab8-b644-5989c81ac785,1ed6013a-87e0-4458-b770-21d844c52c6f,{},"{""disease"":""Asthma (Tamaka Shwasa)"",""dosha"":""Kapha"",""prakriti"":""Kapha"",""season"":""Hemanta""}",positive,Patient responded well to treatment.,False,2026-07-03T11:05:33.265506
0dd56f3e-1a37-44a0-af4a-7074bb613b19,17889c42-57f5-4de2-b1dd-54dd00b2ec77,46b33a54-007b-4e20-9a93-7a676869a15e,{},"{""disease"":""Cough (Kasa)"",""dosha"":""Kapha"",""prakriti"":""Kapha"",""season"":""Hemanta""}",positive,"Minimal response, dosage adjusted.",False,2026-07-03T11:05:33.265506
599413ab-5a86-437f-b532-d0041c4e2b74,2dc0f63b-f679-4db9-a8de-41852307529b,8df1970d-01bd-4034-8955-ba62bd0e40cf,{},"{""disease"":""Joint Pain (Amavata)"",""dosha"":""Vata"",""prakriti"":""Vata"",""season"":""Hemanta""}",positive,,False,2026-07-03T11:05:33.265506
ef351f3f-18dd-4ca0-925d-da23c17198fd,12825953-c5f2-4160-bc7f-c5997e75486e,d0d253e8-0868-433c-b6ce-91fb93feb9dd,{},"{""disease"":""Diabetes (Madhumeha)"",""dosha"":""Kapha"",""prakriti"":""Kapha"",""season"":""Hemanta""}",positive,"Minimal response, dosage adjusted.",False,2026-07-03T11:05:33.265506
7cca4f95-badf-4eb9-affd-7ff4a3881a50,fceb3277-55c1-4e8c-a70e-e6dbb57d54f8,296fcb88-5c8b-4fee-86be-f0f652ad6d1b,{},"{""disease"":""Joint Pain (Amavata)"",""dosha"":""Vata"",""prakriti"":""Vata"",""season"":""Hemanta""}",positive,Requires follow-up after 1 month.,False,2026-07-03T11:05:33.265506
6ff9f777-ec28-4f2a-a856-7112a7ebd340,ee7fff89-d270-47a1-bca2-ea620d09864f,e26db041-41b6-4087-9fda-e1c8091891aa,{},"{""disease"":""Diabetes (Madhumeha)"",""dosha"":""Kapha"",""prakriti"":""Kapha"",""season"":""Hemanta""}",negative,,False,2026-07-03T11:05:33.265506
8ee14c69-6db2-43fa-a9d2-be418c7a3ade,b687b973-650a-4855-a244-72d985e9433d,ffae60e5-014e-4add-8023-eb1810a28fbf,{},"{""disease"":""Diabetes (Madhumeha)"",""dosha"":""Kapha"",""prakriti"":""Kapha"",""season"":""Hemanta""}",positive,Good improvement noted after 2 weeks.,False,2026-07-03T11:05:33.265506
8f366bdb-f471-48a8-8f62-eea6afe6ee25,278b17ed-0861-4cf5-b606-be2b5c4948f9,cddfca88-0ca3-4203-912d-f8b1f434358a,{},"{""disease"":""Asthma (Tamaka Shwasa)"",""dosha"":""Kapha"",""prakriti"":""Kapha"",""season"":""Hemanta""}",positive,Patient responded well to treatment.,False,2026-07-03T11:05:33.265506
968a1f92-037c-4b00-afb6-3062fe095dea,1572a1aa-b834-4a99-b93e-90463e7d1865,d0060f32-fdd6-40db-a5a2-439653bf8a83,{},"{""disease"":""Rhinitis (Pratishyaya)"",""dosha"":""Kapha"",""prakriti"":""Kapha"",""season"":""Hemanta""}",positive,Patient responded well to treatment.,False,2026-07-03T11:05:33.265506
c6b8cd2a-901f-4d37-967b-139fad7d58e4,a437cbaa-d6ec-4051-b939-8cc1ce50c44c,e79aacb0-140b-4d62-a8f7-8e512ca94cb5,{},"{""disease"":""Diabetes (Madhumeha)"",""dosha"":""Kapha"",""prakriti"":""Kapha"",""season"":""Hemanta""}",positive,Excellent recovery.,False,2026-07-03T11:05:33.265506
171d8331-cd3e-425f-80f1-1597afa1dfea,897987e2-558c-43d7-b337-52921e51c6af,2fbdf966-7553-4211-b9cd-b2cd046bc23d,{},"{""disease"":""Asthma (Tamaka Shwasa)"",""dosha"":""Kapha"",""prakriti"":""Kapha"",""season"":""Hemanta""}",positive,Good improvement noted after 2 weeks.,False,2026-07-03T11:05:33.265506
97df5f80-658e-4075-9647-726ae5d4addb,241e65cf-ac9d-4b5a-af47-b8641a48d384,e3e194d2-10f6-4c8c-9ead-3534f0f9bcb4,{},"{""disease"":""Asthma (Tamaka Shwasa)"",""dosha"":""Kapha"",""prakriti"":""Kapha"",""season"":""Hemanta""}",negative,,False,2026-07-03T11:05:33.265506
6e587b56-51f3-4229-be60-9685f31e2ddb,b268a2c7-3a80-441a-be31-71d95b6cd810,5257533b-abd1-4cc1-ac12-dc4d27c35b98,{},"{""disease"":""Worm Infection (Krimi Roga)"",""dosha"":""Vata"",""prakriti"":""Vata"",""season"":""Hemanta""}",positive,,False,2026-07-03T11:05:33.265506
347d094c-84a9-4a1c-87fb-bf6e0f26a60a,53db3cd7-08f8-47a6-b232-e756d58e049e,b70bbbc7-98f4-44e2-9c09-bcf3040f1596,{},"{""disease"":""Typhoid (Antrika Jwara)"",""dosha"":""Pitta"",""prakriti"":""Pitta"",""season"":""Hemanta""}",positive,Good improvement noted after 2 weeks.,False,2026-07-03T11:05:33.265506
7914a399-0736-4824-a908-300054f958a5,809d0f5a-db30-4e49-b921-50b7688e7258,b0e0ff84-a6ec-4fdd-b719-0343dadb6e31,{},"{""disease"":""Angina (Hrit Shoola)"",""dosha"":""Vata-Kapha"",""prakriti"":""Vata"",""season"":""Hemanta""}",positive,Patient responded well to treatment.,False,2026-07-03T11:05:33.265506
e44b8c38-02da-4c36-9d5a-dd9d0da75cf9,42204eb4-4390-4347-8a57-ce00f60804a5,637f208e-999a-4b0d-ac5e-3e3c6a244379,{},"{""disease"":""Depression (Vishada)"",""dosha"":""Vata-Pitta"",""prakriti"":""Vata"",""season"":""Hemanta""}",positive,Excellent recovery.,False,2026-07-03T11:05:33.265506
110cf8a2-9d74-4703-9e65-341b7bb03570,ed58e6bd-cecb-4775-9d05-fb746eca2b0d,9447972a-f8e7-4a47-b69a-e6e6a99b61cd,{},"{""disease"":""Heart Disease (Hridroga)"",""dosha"":""Vata-Pitta"",""prakriti"":""Vata"",""season"":""Hemanta""}",positive,Excellent recovery.,False,2026-07-03T11:05:33.265506
fdce4955-4ba9-49e9-af9f-1acdc1ffe9fc,cd1ac773-4b49-4e76-8657-0099a1661789,d969eb4a-11f3-4000-bc42-1b23856dd9e6,{},"{""disease"":""Conjunctivitis (Netra Abhishyanda)"",""dosha"":""Pitta"",""prakriti"":""Pitta"",""season"":""Hemanta""}",negative,Requires follow-up after 1 month.,False,2026-07-03T11:05:33.265506
2048d0ea-dad2-4089-bfc4-3a0ffa225882,20e3faa4-c35f-4b69-b0cc-33fb8d47f6c5,de485be2-b46b-4d65-963c-04473353f1a9,{},"{""disease"":""Dandruff (Darunaka)"",""dosha"":""Kapha-Pitta"",""prakriti"":""Kapha"",""season"":""Hemanta""}",positive,Excellent recovery.,False,2026-07-03T11:05:33.265506
7edf1b9c-f623-438d-ac57-f191655e7bfe,a33b9ff8-c6cc-4297-97b5-523bd7de72c8,28401a01-6b06-4fac-bc2f-f16cf162a371,{},"{""disease"":""Worm Infection (Krimi Roga)"",""dosha"":""Vata"",""prakriti"":""Vata"",""season"":""Hemanta""}",negative,,False,2026-07-03T11:05:33.265506
c4af78cc-a541-4920-a77c-eac615af5b5f,0607d575-d9a3-421c-aa70-86cbfe8b59f4,ee2de864-ae8a-4ae6-ad6d-4854c1ba9d53,{},"{""disease"":""Vertigo (Bhrama)"",""dosha"":""Vata-Pitta"",""prakriti"":""Vata"",""season"":""Hemanta""}",negative,Good improvement noted after 2 weeks.,False,2026-07-03T11:05:33.265506
7deef30f-f45a-44e1-b15a-3a9ff774558e,3a3fa97c-75f2-4fb5-bcc0-c0ef111757fc,1c0a7d93-266e-4122-9bb8-aa6a04ee2a60,{},"{""disease"":""Vitiligo (Shwitra)"",""dosha"":""Pitta-Vata"",""prakriti"":""Pitta"",""season"":""Hemanta""}",positive,Patient responded well to treatment.,False,2026-07-03T11:05:33.265506
9ca0b79f-bfcd-4cb7-a0d1-b9ff1ac81b64,e7621c85-6490-49b3-97e2-0736bf159cca,c49cd089-adce-4984-befb-92580148f10f,{},"{""disease"":""Typhoid (Antrika Jwara)"",""dosha"":""Pitta"",""prakriti"":""Pitta"",""season"":""Hemanta""}",negative,Requires follow-up after 1 month.,False,2026-07-03T11:05:33.265506
fd4b14a8-d97e-415f-80b3-3f46792022ff,ad67c592-f178-4087-bf63-49d39917d684,94023d48-5322-42e0-9dd7-920a8245e2b3,{},"{""disease"":""Chronic Kidney Disease (Vrikka Vaikalya)"",""dosha"":""Vata-Pitta"",""prakriti"":""Vata"",""season"":""Hemanta""}",negative,Excellent recovery.,False,2026-07-03T11:05:33.265506
abbd1117-0211-4ae0-aaa0-f217797c46f5,6598fb6f-29d4-4b13-ad62-0f18e98871d0,bab1a96a-70bc-4e20-8731-5885f8fbafa6,{},"{""disease"":""Ear Infection (Karna Shoola)"",""dosha"":""Kapha-Vata"",""prakriti"":""Kapha"",""season"":""Hemanta""}",negative,"Minimal response, dosage adjusted.",False,2026-07-03T11:05:33.265506
e50048e1-e51f-4c30-8b8b-519253b8edb7,de8c425a-ae57-449d-b012-9de69e1d4432,6114e24d-fc70-4fff-a832-6be301c6436c,{},"{""disease"":""Whooping Cough (Deergha Kasa)"",""dosha"":""Kapha"",""prakriti"":""Kapha"",""season"":""Hemanta""}",positive,Patient responded well to treatment.,False,2026-07-03T11:05:33.265506
5e8aab11-934c-4320-9a8c-989e2e5afd78,22cb4b29-5434-4218-9fc7-40b74f753a06,bdb54ed7-698d-4d1e-8a89-a87813f54085,{},"{""disease"":""Tennis Elbow (Kurpara Shoola)"",""dosha"":""Vata"",""prakriti"":""Vata"",""season"":""Hemanta""}",positive,Requires follow-up after 1 month.,False,2026-07-03T11:05:33.265506
c68bc0e9-bf89-426b-9381-e2e3198f8882,ec81a18e-aa66-4f64-b030-15e9f6e1ef2f,e4ffe68f-b68c-431a-8bf1-cffe600cf421,{},"{""disease"":""Psoriasis (Kitibha Kushtha)"",""dosha"":""Pitta"",""prakriti"":""Pitta"",""season"":""Hemanta""}",positive,Patient responded well to treatment.,False,2026-07-03T11:05:33.265506
72202d91-801b-4998-b1bb-c3b9c6c2d064,9e41afc4-d4c9-47d4-ab3b-dc6cadb1a142,a57c20e5-119f-4d45-bff2-92b6836c90e0,{},"{""disease"":""Gingivitis (Danta Vidradhi)"",""dosha"":""Pitta"",""prakriti"":""Pitta"",""season"":""Hemanta""}",positive,Patient responded well to treatment.,False,2026-07-03T11:05:33.265506
2259e708-7687-4890-ad28-57165a244c14,b01c2f08-620e-4003-9146-b2bc5089f338,3d108e11-9aba-420f-9d68-f50d0a22d392,{},"{""disease"":""Back Pain (Prishtha Shoola)"",""dosha"":""Vata"",""prakriti"":""Vata"",""season"":""Hemanta""}",positive,"Minimal response, dosage adjusted.",False,2026-07-03T11:05:33.265506
37ad5bd6-2686-42df-8492-b3ba3b59a414,1602ef2e-0031-469b-9a7f-6b4ad32085b6,34b91b77-a26f-40da-bdae-326e5a1073f3,{},"{""disease"":""Digestive Disorder (Vikara)"",""dosha"":""Pitta-Vata"",""prakriti"":""Pitta"",""season"":""Hemanta""}",positive,Good improvement noted after 2 weeks.,False,2026-07-03T11:05:33.265506
c561b02f-5168-48b1-9da8-6018df27565a,c3030c9a-00cc-4459-b859-fe10292f40d7,45cc4c86-eee0-4515-94a3-393d65a763b2,{},"{""disease"":""Scoliosis (Kubjata)"",""dosha"":""Vata"",""prakriti"":""Vata"",""season"":""Hemanta""}",positive,Excellent recovery.,False,2026-07-03T11:05:33.265506
41c876e2-551e-41b3-a071-1e0e3cb3bc27,58306d0e-cb85-40eb-8a2b-c0a098128210,5d10b95b-04c5-4eb7-b203-03592863dd05,{},"{""disease"":""Anemia (Pandu Roga)"",""dosha"":""Pitta"",""prakriti"":""Pitta"",""season"":""Hemanta""}",positive,Requires follow-up after 1 month.,False,2026-07-03T11:05:33.265506
1188b649-25c3-4202-997c-2a7a838b9479,a1d5c02f-867a-4252-898e-d2989030ad57,1f835c6e-0183-4236-bba6-82b82351e894,{},"{""disease"":""Back Pain (Prishtha Shoola)"",""dosha"":""Vata"",""prakriti"":""Vata"",""season"":""Hemanta""}",negative,Patient responded well to treatment.,False,2026-07-03T11:05:33.265506
31c01ca4-0674-4727-9dd7-2c5dd564d2cd,46e46bdf-2bc4-4d53-9a51-6d108fe6f84b,99681053-8e26-4fd8-a574-18245996bee4,{},"{""disease"":""Stress (Manasika Tanava)"",""dosha"":""Vata"",""prakriti"":""Vata"",""season"":""Hemanta""}",positive,,False,2026-07-03T11:05:33.265506
ef7ee4c1-bab1-466a-93b2-b7dd6f0a83dd,b38f1913-34e8-405b-902f-623c470764bf,3e254bfc-6f41-4c3a-8d0f-e423a9e6e6c8,{},"{""disease"":""Chikungunya (Sandhi Jwara)"",""dosha"":""Vata-Pitta"",""prakriti"":""Pitta"",""season"":""Hemanta""}",negative,Excellent recovery.,False,2026-07-03T11:05:33.265506
ae5babc5-583e-4332-9fc5-2817dbbdf8fc,4fb5f8e9-de14-4ad2-a28d-8eb25e69f54a,8502a6e6-aef3-4604-bb22-778446fdd8f1,{},"{""disease"":""Sciatica (Gridhrasi)"",""dosha"":""Vata"",""prakriti"":""Vata"",""season"":""Hemanta""}",positive,Good improvement noted after 2 weeks.,False,2026-07-03T11:05:33.265506
bf57a61e-6146-4f49-b95e-98c19bd74bf4,16a1de90-da6a-4cc1-9285-5b3be704c9df,33fc117b-43a1-4cd9-8098-3ea7e754db7c,{},"{""disease"":""Sciatica (Gridhrasi)"",""dosha"":""Vata"",""prakriti"":""Vata"",""season"":""Hemanta""}",positive,,False,2026-07-03T11:05:33.265506
08e34cc0-e524-4471-a923-9f8d168991ff,14a18b3c-01bd-4e37-92cb-b0298026958b,8b162c9c-6e52-4472-a23f-77f03e13aa09,{},"{""disease"":""Psoriasis (Kitibha Kushtha)"",""dosha"":""Pitta"",""prakriti"":""Pitta"",""season"":""Hemanta""}",negative,,False,2026-07-03T11:05:33.265506
387d433d-d06f-4947-a219-50fd7d13717f,2b000529-c39a-466f-8e6b-8fbf79337cf9,82dd3b64-0dd7-431b-b9f6-66b14c999f26,{},"{""disease"":""Vitiligo (Shwitra)"",""dosha"":""Pitta-Vata"",""prakriti"":""Pitta"",""season"":""Hemanta""}",negative,,False,2026-07-03T11:05:33.265506
3fc88255-68ff-4ccc-a734-f2ac4744bb2b,433745ec-d4b7-4131-81ac-776e3c533b33,53d2eb74-5d1c-44cf-b635-7962f9706041,{},"{""disease"":""Conjunctivitis (Netra Abhishyanda)"",""dosha"":""Pitta"",""prakriti"":""Pitta"",""season"":""Hemanta""}",positive,Excellent recovery.,False,2026-07-03T11:05:33.265506
be8c4d2a-5e6d-4358-bc33-5e6445da89ce,f2dfafab-2d92-4755-ba87-5604820b334a,10fceffd-0e2a-4076-a1e2-ce856934f40d,{},"{""disease"":""Chronic Kidney Disease (Vrikka Vaikalya)"",""dosha"":""Vata-Pitta"",""prakriti"":""Vata"",""season"":""Hemanta""}",negative,Excellent recovery.,False,2026-07-03T11:05:33.265506
41a37b8a-c089-43b3-bafb-76f5ba75c6fe,7ea137f7-1782-473a-86f5-541ea492fa88,3d48c79b-d771-471a-bb55-1313f3160f26,{},"{""disease"":""Angina (Hrit Shoola)"",""dosha"":""Vata-Kapha"",""prakriti"":""Vata"",""season"":""Hemanta""}",positive,"Minimal response, dosage adjusted.",False,2026-07-03T11:05:33.265506
d02b1dde-58f3-4415-bcb7-333a3bd2e7ad,a22600b0-f263-4da1-898f-23ceca553d2a,5986368a-fdef-4769-9694-0d1d281f9ec1,{},"{""disease"":""Fatty Liver (Yakrit Meda Vriddhi)"",""dosha"":""Kapha-Pitta"",""prakriti"":""Kapha"",""season"":""Hemanta""}",positive,"Minimal response, dosage adjusted.",False,2026-07-03T11:05:33.265506
a78e1352-44e9-4255-991e-4f38541afed4,c3030c9a-00cc-4459-b859-fe10292f40d7,6e678633-3d0e-43fe-a16d-14c23e24b220,{},"{""disease"":""Boils (Vidradhi)"",""dosha"":""Pitta-Kapha"",""prakriti"":""Pitta"",""season"":""Hemanta""}",positive,Good improvement noted after 2 weeks.,False,2026-07-03T11:05:33.265506
f1b602f2-3e17-4dcd-86f7-1f18090d25ee,f12f6830-837f-4ddc-a09f-d362e7963e46,aa6ac8f2-6801-44fa-b236-dfab1c3442f0,{},"{""disease"":""Urinary Tract Infection (Mutradaha)"",""dosha"":""Pitta"",""prakriti"":""Pitta"",""season"":""Hemanta""}",negative,Requires follow-up after 1 month.,False,2026-07-03T11:05:33.265506
0f203823-49fa-4325-8e34-d13923f5fba4,88bbc328-212d-4766-8274-cb8fbab426f0,c1e01369-d7ba-4999-8f7b-b50f2c49b381,{},"{""disease"":""Sleep Apnea (Nidra Vaishamya)"",""dosha"":""Vata-Kapha"",""prakriti"":""Kapha"",""season"":""Hemanta""}",positive,Requires follow-up after 1 month.,False,2026-07-03T11:05:33.265506
287b9dbb-fd77-4a8b-8e36-554621368fd9,238fd634-88bd-43cc-9426-ecd5dd6df426,16c0f7b7-e414-41c9-81c1-95d3a19555de,{},"{""disease"":""Hyperthyroidism (Atisweda)"",""dosha"":""Pitta"",""prakriti"":""Pitta"",""season"":""Hemanta""}",negative,Excellent recovery.,False,2026-07-03T11:05:33.265506
fd2f56ca-7e07-478a-afd7-3fc924d59af0,e3a8b40e-104d-49b5-b1fb-9c95e5efd9be,9f796244-b201-43f3-befe-784aefaa8fc4,{},"{""disease"":""Cystitis (Mutrakrichra)"",""dosha"":""Vata"",""prakriti"":""Vata"",""season"":""Hemanta""}",positive,Requires follow-up after 1 month.,False,2026-07-03T11:05:33.265506
73fca3a4-4b40-47a5-ac71-941f44068e7a,2d06814c-d663-4758-9fe6-5eeb4e3b82aa,e99b9f32-977b-4d29-84b1-14eb26792f22,{},"{""disease"":""Vitiligo (Shwitra)"",""dosha"":""Pitta-Vata"",""prakriti"":""Pitta"",""season"":""Hemanta""}",positive,,False,2026-07-03T11:05:33.265506
f4af33da-3dd7-4b04-a22d-00f67ce912c0,47858567-6aac-44d7-9781-0cc941cbdfe4,afb87296-18f9-483d-82fd-e5ea96ed56c7,{},"{""disease"":""Vertigo (Bhrama)"",""dosha"":""Vata-Pitta"",""prakriti"":""Vata"",""season"":""Hemanta""}",positive,"Minimal response, dosage adjusted.",False,2026-07-03T11:05:33.265506
1a99d476-9581-4b7a-a28f-0383da3bb073,da99b674-4d79-4e03-8869-ecdcce4d9b81,b3948e88-2e61-4918-a049-3e1dd096e05f,{},"{""disease"":""Sinusitis (Apinasa)"",""dosha"":""Vata-Kapha"",""prakriti"":""Kapha"",""season"":""Hemanta""}",positive,,False,2026-07-03T11:05:33.265506
69dba599-227a-446d-924c-964b5ea28d52,7cc5ac08-483b-4e54-8678-f323be76d462,05ae59c3-641e-40b8-b14b-61a4168c0730,{},"{""disease"":""Menstrual Disorder (Artava Dushti)"",""dosha"":""Vata-Pitta"",""prakriti"":""Vata"",""season"":""Hemanta""}",positive,Requires follow-up after 1 month.,False,2026-07-03T11:05:33.265506
23172325-b9ca-447f-9665-5d788179f75b,01c540cd-b592-42bd-afc3-b9ec164ec439,7cad0d23-c431-4642-859e-a59de3190c69,{},"{""disease"":""Contact Dermatitis (Sparshaja Kushtha)"",""dosha"":""Pitta"",""prakriti"":""Pitta"",""season"":""Hemanta""}",positive,,False,2026-07-03T11:05:33.265506
3a1ca13b-ea41-442a-957b-b4d813092704,0f9da008-7ad8-49b4-b821-7077961a2d89,f08ff58b-aa67-455e-98de-8ad2419485cd,{},"{""disease"":""Anemia (Pandu Roga)"",""dosha"":""Pitta"",""prakriti"":""Pitta"",""season"":""Hemanta""}",positive,Requires follow-up after 1 month.,False,2026-07-03T11:05:33.265506
682f9f8a-b4ff-49a7-92fb-c2d0b480a328,c2bd62d4-1a44-40d8-8141-8e1efbfebfd1,934d4272-7662-461f-be52-1aecd8a7be13,{},"{""disease"":""Stress (Manasika Tanava)"",""dosha"":""Vata"",""prakriti"":""Vata"",""season"":""Hemanta""}",positive,Good improvement noted after 2 weeks.,False,2026-07-03T11:05:33.265506
3b1bde57-febe-4902-887c-adfabf6abbaa,add4d8f3-f252-4574-b078-08dec70d47b3,d52261e1-a699-4a0b-a6a9-545ae831ebf1,{},"{""disease"":""Alopecia (Indralupta)"",""dosha"":""Pitta"",""prakriti"":""Pitta"",""season"":""Hemanta""}",negative,Patient responded well to treatment.,False,2026-07-03T11:05:33.265506
6a3a993c-3157-4cd8-aa6c-96ea8a5d59a8,53db3cd7-08f8-47a6-b232-e756d58e049e,715d9ba4-b7b1-41aa-8859-24ce401a3c78,{},"{""disease"":""Frozen Shoulder (Avabahuka)"",""dosha"":""Vata"",""prakriti"":""Vata"",""season"":""Hemanta""}",positive,Good improvement noted after 2 weeks.,False,2026-07-03T11:05:33.265506
1520ce87-3b9c-40ae-9901-1d0a07b46e47,9e41afc4-d4c9-47d4-ab3b-dc6cadb1a142,fec0a745-086b-4c36-9c19-79340e4b2aaf,{},"{""disease"":""Hyperlipidemia (Medo Vriddhi)"",""dosha"":""Kapha"",""prakriti"":""Kapha"",""season"":""Hemanta""}",positive,Requires follow-up after 1 month.,False,2026-07-03T11:05:33.265506
b11aafc9-3fbd-46a9-b2f7-0269801f0478,03bee406-a6c0-4dfb-b6e4-9f31eb880ec8,04c61592-0362-40ed-a80c-00615c2404ec,{},"{""disease"":""Angina (Hrit Shoola)"",""dosha"":""Vata-Kapha"",""prakriti"":""Vata"",""season"":""Hemanta""}",positive,Excellent recovery.,False,2026-07-03T11:05:33.265506
3004a5de-ca4b-4af7-987d-10d8e0bcd7b4,bc05d0f9-c1e1-4e7d-a91a-ff6443a4b966,53b266ce-db60-476d-8506-37951368a10f,{},"{""disease"":""Thyroid Disorder (Galaganda Vikara)"",""dosha"":""Vata-Pitta"",""prakriti"":""Vata"",""season"":""Hemanta""}",positive,"Minimal response, dosage adjusted.",False,2026-07-03T11:05:33.265506
f306de31-3239-45f7-9f4d-66e0ce238cb0,6da786f7-fb9b-4c33-9de1-6b08575ccad3,bc3746ea-2b7c-4633-8cce-349b30e37c98,{},"{""disease"":""Depression (Vishada)"",""dosha"":""Vata-Pitta"",""prakriti"":""Vata"",""season"":""Hemanta""}",positive,Good improvement noted after 2 weeks.,False,2026-07-03T11:05:33.265506
b84b6617-ebd0-45db-88f0-24da6b8c1ae0,d56a8d27-6a5a-4e28-a957-7d883cf46c3c,13fb6447-375d-47bf-8fe0-52c535f8d8a7,{},"{""disease"":""Anemia (Pandu Roga)"",""dosha"":""Pitta"",""prakriti"":""Pitta"",""season"":""Hemanta""}",positive,Requires follow-up after 1 month.,False,2026-07-03T11:05:33.265506
