id,first_name,last_name,gender,age,marital_status,mobile,address,city,state,pincode,blood_group,occupation,id_type,id_number,diagnosis_done,created_at,updated_at
09b0f498-e3b9-4963-873e-2cdd49588c53,Rahul,Patel,Male,33,Unmarried,9985985988,"Bhopal, Ahmedabad",Ahmedabad,Gujarat,300508,A+,Software Engineer,Voter ID,ABC1234567,True,2026-02-28 17:40:19.722827,2026-02-28 17:42:34.699401
be4c0855-4256-4472-a5c9-008dfd5b197f,Amit,Patel,Male,29,Unmarried,9825098250,"Flat 302, Sri Krishna Apartment, Navrangpura, Ahmedabad",Ahmedabad,Gujarat,380009,O+,Chartered Accountant,PAN Card,ABCDE1234F,True,2026-02-28 09:54:59.703800,2026-02-28 17:44:54.765515
6123c916-38a3-42f1-99c3-2cee5224583f,Prakash,Patel,Male,43,Married,9988999988,Mumbai Bhiwandi,Mumbai,Maharashtra,400101,Positive,Software Engineer,Voter ID,ABC1234567,True,2026-02-28 17:54:56.482302,2026-02-28 17:56:42.058391
1b87c94b-cc8f-4f93-9039-34f68a5523ee,Amit,Dubey,Male,32,Widowed,9210053353,"693, Shivaji Nagar",Pune,Maharashtra,191161,AB+,Farmer,Aadhaar,198912225902,True,2026-03-01 09:58:14.804321,2026-03-01 09:58:14.804326
207d4af2-333f-4cf1-bf0e-9f982d2d7660,Ramesh,Reddy,Male,38,Widowed,9797808098,"719, Shivaji Nagar",Hyderabad,Telangana,539898,B-,Labourer,Aadhaar,407473554860,True,2026-03-01 09:58:14.804327,2026-03-01 09:58:14.804327
517c5c91-b542-4b93-a4d4-152c1a4d5223,Ravi,Pawar,Male,35,Single,9266944844,"221, Gandhi Chowk",Delhi,Delhi,207175,A-,Housewife,Aadhaar,491257417623,True,2026-03-01 09:58:14.804327,2026-03-01 09:58:14.804329
63cb5e14-f5ea-4152-8f59-09ae0b305f6e,Divya,Yadav,Female,42,Widowed,9234031070,"997, Ambedkar Marg",Bhopal,Madhya Pradesh,182627,O+,Nurse,Aadhaar,781304820142,True,2026-03-01 09:58:14.804329,2026-03-01 09:58:14.804330
c95e92bb-2776-4749-8216-2497b4307967,Archana,Mehta,Female,24,Married,9930075810,"297, MG Road",Kolkata,West Bengal,996865,B-,Nurse,Aadhaar,517045625552,True,2026-03-01 09:58:14.804330,2026-03-01 09:58:14.804330
4bf8aa5d-22e3-41a0-9255-9e39283fb37e,Geeta,Desai,Female,31,Single,9324956459,"687, Gandhi Chowk",Nagpur,Maharashtra,835911,A-,Shopkeeper,Aadhaar,287410804707,True,2026-03-01 09:58:14.804331,2026-03-01 09:58:14.804331
0e431487-dd4c-4252-9ce6-18d519e59f57,Manoj,Agarwal,Male,78,Widowed,9838908273,"571, Nehru Nagar",Bangalore,Karnataka,817870,O-,Nurse,Aadhaar,953703406284,True,2026-03-01 09:58:14.804331,2026-03-01 09:58:14.804331
158d24bb-3df0-4624-b2fb-f78d316ea6d1,Ramesh,More,Male,34,Single,9171069472,"217, Shivaji Nagar",Mumbai,Maharashtra,852787,O-,Doctor,Aadhaar,648275934229,True,2026-03-01 09:58:14.804331,2026-03-01 09:58:14.804332
c16e74c7-3364-4e28-80e0-1eba59bc2e21,Manisha,Agarwal,Female,30,Widowed,9702764446,"552, Gandhi Chowk",Delhi,Delhi,883300,AB+,Shopkeeper,Aadhaar,496852403351,True,2026-03-01 09:58:14.804332,2026-03-01 09:58:14.804332
265022aa-d4b2-4b4b-9109-46d3e811cd32,Pradeep,Reddy,Male,45,Married,9264112119,"643, Nehru Nagar",Lucknow,Uttar Pradesh,930555,AB+,Shopkeeper,Aadhaar,521179644432,True,2026-03-01 09:58:14.804332,2026-03-01 09:58:14.804333
91cd0269-7fea-4127-91eb-315e27ddcddf,Divya,Agarwal,Female,75,Married,9830448745,"739, MG Road",Chennai,Tamil Nadu,814825,O+,Retired,Aadhaar,476415064723,True,2026-03-01 09:58:14.804333,2026-03-01 09:58:14.804333
2bc9de71-481d-4f15-98a2-64240e4c79f9,Ajay,Pandey,Male,18,Widowed,9872751234,"270, Shivaji Nagar",Delhi,Delhi,898975,B+,Government Employee,Aadhaar,219883823727,True,2026-03-01 09:58:14.804333,2026-03-01 09:58:14.804333
dabba861-b587-47cf-8403-6bf1538be701,Sarita,Desai,Female,31,Single,9918739736,"166, Shivaji Nagar",Lucknow,Uttar Pradesh,916449,A+,Shopkeeper,Aadhaar,638263151675,True,2026-03-01 09:58:14.804334,2026-03-01 09:58:14.804334
a6b9c5b1-5dfc-4142-82f0-470299525e43,Suresh,Chauhan,Male,55,Single,9357109965,"60, Nehru Nagar",Varanasi,Uttar Pradesh,694916,A-,Teacher,Aadhaar,635719463887,True,2026-03-01 09:58:14.804334,2026-03-01 09:58:14.804334
9b0d1715-dba5-4258-ac3d-41c216b97922,Ravi,Rao,Male,30,Single,9690347116,"170, Gandhi Chowk",Indore,Madhya Pradesh,653306,AB+,Doctor,Aadhaar,696695139934,True,2026-03-01 09:58:14.804334,2026-03-01 09:58:14.804335
c37051f5-7b72-4f95-9faa-e16eb5907dcb,Santosh,Mishra,Male,40,Single,9570406376,"922, Shivaji Nagar",Bangalore,Karnataka,573417,A-,Doctor,Aadhaar,169684544463,True,2026-03-01 09:58:14.804335,2026-03-01 09:58:14.804335
e833fdc8-6bba-49f2-b7d0-4debfb3bcbe6,Priya,Iyer,Female,38,Married,9176228245,"725, MG Road",Chennai,Tamil Nadu,340062,A-,Farmer,Aadhaar,464469358785,True,2026-03-01 09:58:14.804335,2026-03-01 09:58:14.804335
4368d0c0-5330-40d6-9cfe-d6674d79cc6e,Vivek,Shah,Male,36,Widowed,9242068763,"741, Shivaji Nagar",Pune,Maharashtra,704201,AB-,Doctor,Aadhaar,623060957599,True,2026-03-01 09:58:14.804336,2026-03-01 09:58:14.804336
c15f3b3b-54b2-48e3-9588-22d920b83db0,Neha,Kumar,Female,35,Single,9541417711,"479, MG Road",Delhi,Delhi,806073,A-,Farmer,Aadhaar,900593162298,True,2026-03-01 09:58:14.804336,2026-03-01 09:58:14.804336
36271c58-f79f-4441-9ff4-3a2ade8b071e,Jyoti,Patil,Female,31,Widowed,9581695135,"144, Ambedkar Marg",Delhi,Delhi,292401,O+,Labourer,Aadhaar,185569774204,True,2026-03-01 09:58:14.804336,2026-03-01 09:58:14.804337
5076f5cb-96cd-47ec-8360-bf9d49de7098,Jyoti,Patil,Female,29,Widowed,9680451872,"857, MG Road",Patna,Bihar,197793,B-,Engineer,Aadhaar,634321479802,True,2026-03-01 09:58:14.804337,2026-03-01 09:58:14.804337
42d40180-0cdb-4c24-8473-a6346f3157bc,Neha,Patil,Female,26,Single,9102314313,"400, Gandhi Chowk",Bangalore,Karnataka,922157,AB-,Business,Aadhaar,866320981994,True,2026-03-01 09:58:14.804337,2026-03-01 09:58:14.804337
6539193a-ad3e-4f74-97be-39df9746e0c6,Rekha,Mehta,Female,75,Widowed,9889991777,"556, MG Road",Pune,Maharashtra,884309,O-,Farmer,Aadhaar,740165486786,True,2026-03-01 09:58:14.804338,2026-03-01 09:58:14.804338
bd86c6a5-b3dc-455e-a65d-694deb1afdeb,Nisha,Patil,Female,26,Widowed,9186019028,"872, Nehru Nagar",Chennai,Tamil Nadu,171849,A-,Driver,Aadhaar,361399523052,True,2026-03-01 09:58:14.804338,2026-03-01 09:58:14.804338
c9bb5a29-0437-48a3-aec5-bb2ffaed5a3b,Kavita,Iyer,Female,38,Widowed,9188029013,"430, Shivaji Nagar",Ahmedabad,Gujarat,692683,O-,Business,Aadhaar,835316694200,True,2026-03-01 09:58:14.804338,2026-03-01 09:58:14.804339
f200017d-3026-433b-8946-6467fe9576ad,Pooja,Yadav,Female,40,Single,9590941149,"324, MG Road",Bangalore,Karnataka,109767,AB-,Shopkeeper,Aadhaar,722763619778,True,2026-03-01 09:58:14.804339,2026-03-01 09:58:14.804339
fedc9699-bd90-42f6-a526-f6ea9927533e,Vikram,Rao,Male,33,Single,9173864104,"901, Nehru Nagar",Ahmedabad,Gujarat,487477,O+,Engineer,Aadhaar,875427216652,True,2026-03-01 09:58:14.804339,2026-03-01 09:58:14.804339
34bfa803-a8b5-4ea1-996d-f5a61d2d9ac5,Divya,Pawar,Female,19,Widowed,9421455482,"955, MG Road",Surat,Gujarat,240814,O+,Teacher,Aadhaar,219785403991,True,2026-03-01 09:58:14.804340,2026-03-01 09:58:14.804340
0e88c4de-2f9a-4ae9-b1a7-06a0f23c5713,Anil,Mishra,Male,42,Married,9838194420,"650, Gandhi Chowk",Hyderabad,Telangana,629959,AB-,Business,Aadhaar,159468562624,True,2026-03-01 09:58:14.804340,2026-03-01 09:58:14.804340
874758f8-22e0-4368-afc5-260b36f7a826,Hemant,Pandey,Male,24,Single,9927982963,"134, Gandhi Chowk",Nagpur,Maharashtra,269430,AB-,Government Employee,Aadhaar,571182253884,True,2026-03-01 09:58:14.804340,2026-03-01 09:58:14.804341
5029d29b-f4aa-4a86-b4a1-d0ea6f29cfa1,Suresh,Gupta,Male,41,Married,9685823118,"37, Gandhi Chowk",Coimbatore,Tamil Nadu,710805,B+,Housewife,Aadhaar,143497047298,True,2026-03-01 09:58:14.804341,2026-03-01 09:58:14.804341
d60c3a0f-49a4-4d15-9773-f68fd0271ea4,Ritu,Pawar,Female,23,Single,9325567963,"699, Nehru Nagar",Nashik,Maharashtra,799330,A-,Student,Aadhaar,717530897084,True,2026-03-01 09:58:14.804341,2026-03-01 09:58:14.804341
6a16a8a5-012a-47b3-97e7-6d6c62a5fcfe,Prakash,Patel,Male,37,Married,9899899899,"Bopal, Ahmedabad",Ahmedabad,Gujarat,380058,A+,Software Engineer,Voter ID,ABC1234567,True,2026-03-01 08:28:50.157095,2026-03-01 18:32:37.109941
71512848-c684-4cac-8509-48142127f271,Divya,Dubey,Female,69,Married,9958872154,"831, Nehru Nagar",Delhi,Delhi,532322,A+,Engineer,Aadhaar,960420184902,True,2026-03-01 09:58:14.804342,2026-03-01 09:58:14.804342
9bcb387b-712d-4349-88b7-9a1c8051894a,Jyoti,Jain,Female,52,Single,9270937380,"807, MG Road",Patna,Bihar,501124,A+,Nurse,Aadhaar,342539766821,True,2026-03-01 09:58:14.804342,2026-03-01 09:58:14.804342
690b3708-0738-4b35-985f-be3e7cb3ceaa,Arun,Agarwal,Male,54,Married,9339362341,"25, Nehru Nagar",Bangalore,Karnataka,517821,O-,Business,Aadhaar,176726811657,True,2026-03-01 09:58:14.804342,2026-03-01 09:58:14.804343
177df112-c0a5-4ffe-8748-71c2b90af62e,Ritu,Desai,Female,40,Widowed,9455569462,"962, MG Road",Lucknow,Uttar Pradesh,220944,O+,Engineer,Aadhaar,391987126394,True,2026-03-01 09:58:14.804343,2026-03-01 09:58:14.804343
dc0c4af1-d63d-4821-bc38-fb2b6ffde021,Suresh,Pillai,Male,42,Single,9568574364,"621, Shivaji Nagar",Jaipur,Rajasthan,221263,AB+,Shopkeeper,Aadhaar,379989256365,True,2026-03-01 09:58:14.804343,2026-03-01 09:58:14.804343
2c51f27b-3e00-416e-b3b0-deec3cbd24fd,Santosh,Pandey,Male,69,Widowed,9837507241,"737, Nehru Nagar",Mumbai,Maharashtra,481913,AB+,Teacher,Aadhaar,834219825197,True,2026-03-01 09:58:14.804344,2026-03-01 09:58:14.804344
7e7605a2-8d34-421c-b655-b582e75f40f8,Divya,Tiwari,Female,29,Single,9644518647,"317, Ambedkar Marg",Surat,Gujarat,442027,AB+,Clerk,Aadhaar,706860218144,True,2026-03-01 09:58:14.804344,2026-03-01 09:58:14.804344
e98d23dd-e088-4895-b39b-647f66322b66,Dinesh,Pandey,Male,35,Widowed,9286860433,"631, Shivaji Nagar",Surat,Gujarat,415568,AB+,Government Employee,Aadhaar,103580822352,True,2026-03-01 09:58:14.804344,2026-03-01 09:58:14.804345
d1b0497d-772b-4555-aad1-707945017842,Anjali,Mehta,Female,38,Widowed,9446012478,"477, Ambedkar Marg",Jaipur,Rajasthan,563638,B-,Government Employee,Aadhaar,973910680258,True,2026-03-01 09:58:14.804345,2026-03-01 09:58:14.804345
0332add7-5198-4a60-b906-88e754973bce,Naresh,Gupta,Male,40,Widowed,9459905654,"96, Nehru Nagar",Pune,Maharashtra,805477,O+,Doctor,Aadhaar,318212526070,True,2026-03-01 09:58:14.804345,2026-03-01 09:58:14.804345
dd0584e6-ab19-4d5b-ae48-75f3bb5c25a7,Amit,Patel,Male,36,Married,9588999385,"425, Shivaji Nagar",Ahmedabad,Gujarat,303880,AB+,Labourer,Aadhaar,368004468323,True,2026-03-01 09:58:14.804346,2026-03-01 09:58:14.804346
af2e565c-fcf8-4aef-9654-c8c383207cf9,Hemant,Srivastava,Male,44,Married,9935822550,"436, Nehru Nagar",Mumbai,Maharashtra,284430,AB-,Farmer,Aadhaar,372976979321,True,2026-03-01 09:58:14.804346,2026-03-01 09:58:14.804346
50c2aff0-897a-40b5-86fc-1a324f8b183e,Mahesh,Singh,Male,40,Widowed,9739362057,"325, Ambedkar Marg",Bhopal,Madhya Pradesh,742412,AB+,Nurse,Aadhaar,705190332857,True,2026-03-01 09:58:14.804346,2026-03-01 09:58:14.804347
873e1b1e-4536-406d-9ff8-5b4426ed1752,Asha,Dubey,Female,36,Married,9784683755,"284, Shivaji Nagar",Patna,Bihar,608136,B-,Business,Aadhaar,183493617047,True,2026-03-01 09:58:14.804347,2026-03-01 09:58:14.804347
e67927ff-ec1e-4927-9c8c-d358252e4599,Pooja,Yadav,Female,64,Married,9248578017,"155, Nehru Nagar",Pune,Maharashtra,501641,B+,Clerk,Aadhaar,169638397356,True,2026-03-01 09:58:14.804347,2026-03-01 09:58:14.804347
0333ca5a-08fa-4d88-ba45-0921b946ca5e,Anita,Tiwari,Female,35,Married,9994310083,"431, Ambedkar Marg",Chennai,Tamil Nadu,907189,A+,Nurse,Aadhaar,941301014309,True,2026-03-01 09:58:14.804348,2026-03-01 09:58:14.804348
1140b36a-d98b-4a2d-8e1d-ccbd26fca823,Lata,Sharma,Female,33,Single,9997356828,"430, Shivaji Nagar",Coimbatore,Tamil Nadu,883826,B-,Labourer,Aadhaar,397295152191,True,2026-03-01 09:58:14.804348,2026-03-01 09:58:14.804348
7e907ca4-02b0-4c16-9933-2be132ca3688,Lata,Sharma,Female,40,Single,9877583839,"170, Ambedkar Marg",Bangalore,Karnataka,233827,A+,Housewife,Aadhaar,721017450744,True,2026-03-01 09:58:14.804349,2026-03-01 09:58:14.804349
e5729c4b-e437-42e5-b2a3-29087b56688f,Vikram,Desai,Male,60,Married,9153992714,"267, Ambedkar Marg",Jaipur,Rajasthan,443254,B-,Labourer,Aadhaar,470770979513,True,2026-03-01 09:58:14.804349,2026-03-01 09:58:14.804349
b3290094-a487-4b6d-a307-063c6d8b61cf,Sonal,Bhatt,Female,35,Married,9604988121,"20, Shivaji Nagar",Coimbatore,Tamil Nadu,154615,O-,Doctor,Aadhaar,175806791671,True,2026-03-01 09:58:14.804349,2026-03-01 09:58:14.804350
a8ee7a8b-1de7-428e-9b92-98145f3c5dd3,Ravi,Sharma,Male,31,Married,9767154083,"157, Nehru Nagar",Coimbatore,Tamil Nadu,232352,AB-,Driver,Aadhaar,718966589553,True,2026-03-01 09:58:14.804350,2026-03-01 09:58:14.804350
0a96d0bc-0849-444a-9ecf-244c725f8c33,Mahesh,Srivastava,Male,34,Widowed,9752027025,"987, MG Road",Ahmedabad,Gujarat,915573,B+,Business,Aadhaar,736119440405,True,2026-03-01 09:58:14.804350,2026-03-01 09:58:14.804351
43f7a5db-68e6-4ee0-acce-006e355e6d5e,Ajay,Iyer,Male,74,Single,9867741192,"204, MG Road",Surat,Gujarat,720859,B-,Teacher,Aadhaar,949102978448,True,2026-03-01 09:58:14.804351,2026-03-01 09:58:14.804351
9a4f6e90-53e2-4267-99e2-e83efb7c47cf,Seema,Pillai,Female,50,Widowed,9940348305,"43, Gandhi Chowk",Bhopal,Madhya Pradesh,658623,AB+,Driver,Aadhaar,174606033855,True,2026-03-01 09:58:14.804352,2026-03-01 09:58:14.804352
d65ca0ff-32fd-4597-accb-4938f7dfff81,Priya,Patil,Female,36,Single,9488896443,"651, Ambedkar Marg",Jaipur,Rajasthan,841666,B+,Housewife,Aadhaar,903915386825,True,2026-03-01 09:58:14.804352,2026-03-01 09:58:14.804352
b1ac77ca-9ba2-4cc3-aa7e-8c3366ffc7d9,Divya,Pawar,Female,47,Single,9567694547,"846, Shivaji Nagar",Amritsar,Punjab,381433,O-,Nurse,Aadhaar,198503450940,True,2026-03-01 09:58:14.804352,2026-03-01 09:58:14.804353
4e4c1487-aaa3-4c6e-b486-c7d8c941fb34,Geeta,Shah,Female,38,Widowed,9506936666,"345, MG Road",Indore,Madhya Pradesh,618317,O-,Engineer,Aadhaar,334022245021,True,2026-03-01 09:58:14.804353,2026-03-01 09:58:14.804353
2c1991f2-c4f0-466e-b821-94b234e42682,Jyoti,Yadav,Female,62,Widowed,9396641124,"570, MG Road",Bangalore,Karnataka,641722,B-,Teacher,Aadhaar,891310598800,True,2026-03-01 09:58:14.804353,2026-03-01 09:58:14.804353
ccdb6db3-fa2f-4eca-a208-1cdedcf9c4cc,Lata,Rao,Female,41,Widowed,9864334960,"503, Ambedkar Marg",Indore,Madhya Pradesh,931450,A+,Teacher,Aadhaar,341781900773,True,2026-03-01 09:58:14.804354,2026-03-01 09:58:14.804354
f1d93b6f-6029-4918-ab1c-aa5db61e08a2,Usha,Shah,Female,38,Single,9694287057,"544, Gandhi Chowk",Pune,Maharashtra,546173,O-,Student,Aadhaar,601234945339,True,2026-03-01 09:58:14.804354,2026-03-01 09:58:14.804354
ef13cae6-dc28-414f-8fcf-59965de4e41f,Anjali,Yadav,Female,42,Single,9228370927,"761, Shivaji Nagar",Ahmedabad,Gujarat,899213,B+,Doctor,Aadhaar,912678183898,True,2026-03-01 09:58:14.804354,2026-03-01 09:58:14.804355
93b180ac-70f2-4bba-adfe-9d004d2a80a6,Sonal,Dubey,Female,45,Widowed,9403867539,"103, Nehru Nagar",Hyderabad,Telangana,410636,B-,Student,Aadhaar,431483177363,True,2026-03-01 09:58:14.804355,2026-03-01 09:58:14.804355
f0afaea1-6502-4243-bec7-290d8bba0453,Santosh,Rao,Male,24,Married,9694164665,"300, Nehru Nagar",Delhi,Delhi,768854,AB-,Teacher,Aadhaar,116633204627,True,2026-03-01 09:58:14.804355,2026-03-01 09:58:14.804355
fde38b87-eb29-4b23-ac20-64b372e7d055,Lata,Nair,Female,31,Married,9371096600,"964, Ambedkar Marg",Jaipur,Rajasthan,219629,A-,Housewife,Aadhaar,179421446737,True,2026-03-01 09:58:14.804356,2026-03-01 09:58:14.804356
06dc6c76-b5e6-4663-af9e-1be50be4fca2,Pradeep,Singh,Male,72,Married,9366493008,"122, Shivaji Nagar",Nagpur,Maharashtra,901577,AB+,Shopkeeper,Aadhaar,970143739098,True,2026-03-01 09:58:14.804356,2026-03-01 09:58:14.804356
59fb1ed7-315c-4df1-ab21-9f68087ff187,Ravi,Reddy,Male,66,Single,9731924051,"440, Gandhi Chowk",Bangalore,Karnataka,696251,A+,Shopkeeper,Aadhaar,915872454727,True,2026-03-01 09:58:14.804356,2026-03-01 09:58:14.804356
cdf0d1e5-6792-4415-8b80-28eb8e6a9e89,Ravi,Mehta,Male,33,Married,9268638768,"246, Nehru Nagar",Hyderabad,Telangana,678805,A-,Engineer,Aadhaar,546688090938,True,2026-03-01 09:58:14.804357,2026-03-01 09:58:14.804357
af75bd07-bceb-4548-ac2e-98881fb2b196,Usha,Pillai,Female,22,Single,9859088046,"290, Ambedkar Marg",Jaipur,Rajasthan,174637,B-,Business,Aadhaar,970967089400,True,2026-03-01 09:58:14.804357,2026-03-01 09:58:14.804357
29e10efd-60ae-44fd-acb4-ccfe7d7fe7ec,Kiran,Kumar,Male,39,Single,9987588450,"146, MG Road",Chennai,Tamil Nadu,162535,B+,Retired,Aadhaar,754156211651,True,2026-03-01 09:58:14.804357,2026-03-01 09:58:14.804358
5dbc198d-cbcd-4fa7-a421-b5ac89b51b66,Geeta,Kumar,Female,33,Single,9392322121,"513, Shivaji Nagar",Jaipur,Rajasthan,617781,AB-,Teacher,Aadhaar,145518220870,True,2026-03-01 09:58:14.804358,2026-03-01 09:58:14.804358
deee1c9e-d52e-4f64-8a55-23b94f35e820,Vandana,Tiwari,Female,21,Married,9824022357,"857, Shivaji Nagar",Hyderabad,Telangana,715643,A+,Retired,Aadhaar,732517733550,True,2026-03-01 09:58:14.804358,2026-03-01 09:58:14.804358
d721d652-a6f3-48d4-a91e-f4e4f0c1eb42,Ravi,Bhatt,Male,37,Single,9398668350,"186, Shivaji Nagar",Delhi,Delhi,557058,AB-,Teacher,Aadhaar,484270768628,True,2026-03-01 09:58:14.804359,2026-03-01 09:58:14.804359
56251e81-86e6-4992-acf5-eff72612755d,Shweta,Tiwari,Female,59,Single,9542000551,"711, Ambedkar Marg",Surat,Gujarat,402218,AB+,Nurse,Aadhaar,704561743101,True,2026-03-01 09:58:14.804359,2026-03-01 09:58:14.804359
79a1ed24-8368-4500-b9c1-15312fc22987,Mahesh,Gupta,Male,34,Single,9652543518,"845, MG Road",Pune,Maharashtra,789606,AB-,Housewife,Aadhaar,306391234982,True,2026-03-01 09:58:14.804359,2026-03-01 09:58:14.804360
c5d8a6c2-9c40-478d-9f43-5c5067d1b347,Divya,Bhatt,Female,36,Married,9318568997,"274, Shivaji Nagar",Lucknow,Uttar Pradesh,237377,O+,Labourer,Aadhaar,868287386081,True,2026-03-01 09:58:14.804360,2026-03-01 09:58:14.804360
66701a48-f5a0-4ff1-8e94-41e9c86fd4a8,Kavita,Sharma,Female,39,Married,9862123506,"163, Gandhi Chowk",Nashik,Maharashtra,677596,A+,Government Employee,Aadhaar,200536554489,True,2026-03-01 09:58:14.804360,2026-03-01 09:58:14.804360
6a891b3e-427e-49cd-a7bd-e8f136da416d,Arun,Kumar,Male,29,Married,9635126623,"956, Gandhi Chowk",Jaipur,Rajasthan,633590,O+,Housewife,Aadhaar,631866089440,True,2026-03-01 09:58:14.804361,2026-03-01 09:58:14.804361
3e03ce0f-3f02-44b7-886f-859d20acfb33,Pooja,Agarwal,Female,35,Widowed,9645719501,"765, Nehru Nagar",Chennai,Tamil Nadu,173201,O+,Retired,Aadhaar,475444318886,True,2026-03-01 09:58:14.804361,2026-03-01 09:58:14.804361
55611087-4ab4-4ca2-9a5d-80fa569b898b,Sarita,Sharma,Female,33,Widowed,9722687986,"676, Ambedkar Marg",Pune,Maharashtra,255813,AB-,Government Employee,Aadhaar,480037352466,True,2026-03-01 09:58:14.804361,2026-03-01 09:58:14.804362
8aa7d3bb-dab6-4230-8f2a-c142e2e9b2dc,Pallavi,Bhatt,Female,36,Single,9302563940,"715, Nehru Nagar",Chennai,Tamil Nadu,699573,AB+,Doctor,Aadhaar,954080072332,True,2026-03-01 09:58:14.804362,2026-03-01 09:58:14.804362
8d6f7c3c-def0-4cb6-9539-b7fbeb3ff712,Sunita,Tiwari,Female,41,Single,9514548900,"680, Nehru Nagar",Indore,Madhya Pradesh,619389,A+,Engineer,Aadhaar,463312058510,True,2026-03-01 09:58:14.804362,2026-03-01 09:58:14.804362
f3f63676-4330-4410-a22d-1a514d5641ab,Mohan,Patil,Male,37,Single,9116479358,"740, Nehru Nagar",Jaipur,Rajasthan,529893,B+,Teacher,Aadhaar,961009905968,True,2026-03-01 09:58:14.804363,2026-03-01 09:58:14.804363
f016116f-0769-48e6-a6ff-c7c203dbf7e7,Shweta,Pillai,Female,39,Single,9824085842,"880, Shivaji Nagar",Kolkata,West Bengal,498468,O-,Driver,Aadhaar,635837550654,True,2026-03-01 09:58:14.804363,2026-03-01 09:58:14.804363
d024f4a2-93c1-4d3c-bdc9-d6ecde53f040,Girish,Gupta,Male,40,Single,9344261532,"765, MG Road",Ahmedabad,Gujarat,555052,A-,Retired,Aadhaar,875816039471,True,2026-03-01 09:58:14.804363,2026-03-01 09:58:14.804364
4e649a6c-6922-4e6d-812c-f4283afad50b,Mahesh,Joshi,Male,66,Married,9448294647,"816, MG Road",Kolkata,West Bengal,407618,O-,Student,Aadhaar,260763575623,True,2026-03-01 09:58:14.804364,2026-03-01 09:58:14.804364
c513f165-3774-4e39-b2ed-4ca0c2007c50,Vivek,Pandey,Male,50,Married,9287979290,"81, Shivaji Nagar",Chennai,Tamil Nadu,501126,B-,Labourer,Aadhaar,743870697885,True,2026-03-01 09:58:14.804364,2026-03-01 09:58:14.804364
0fdcd41e-ee03-400d-881c-76be124cc63e,Ramesh,Agarwal,Male,36,Widowed,9110090412,"921, Ambedkar Marg",Surat,Gujarat,401603,B+,Teacher,Aadhaar,428941115748,True,2026-03-01 09:58:14.804365,2026-03-01 09:58:14.804365
b29d77c4-135d-4d97-91f0-55aa966fd44d,Usha,Yadav,Female,33,Single,9618840705,"110, Nehru Nagar",Jaipur,Rajasthan,499889,O-,Shopkeeper,Aadhaar,425125927992,True,2026-03-01 09:58:14.804365,2026-03-01 09:58:14.804365
6a52929b-f05e-444f-a1ef-965bbe143c11,Arun,Jain,Male,19,Widowed,9935705734,"763, MG Road",Bangalore,Karnataka,735863,AB-,Nurse,Aadhaar,951632719131,True,2026-03-01 09:58:14.804365,2026-03-01 09:58:14.804366
4dee80b6-58d5-49a7-b4d7-4afa13c51ed4,Girish,Pawar,Male,39,Widowed,9369108475,"695, Nehru Nagar",Bangalore,Karnataka,758765,A-,Driver,Aadhaar,145725684753,True,2026-03-01 09:58:14.804366,2026-03-01 09:58:14.804366
5d10cbca-c1da-4d9f-a016-50f2b2f8436a,Jyoti,Agarwal,Female,34,Married,9196779973,"932, Gandhi Chowk",Mumbai,Maharashtra,442589,AB+,Engineer,Aadhaar,242596327861,True,2026-03-01 09:58:14.804366,2026-03-01 09:58:14.804366
a8056d60-b772-459e-a222-1ad2df09e6e0,Nisha,Reddy,Female,55,Single,9985503942,"967, Ambedkar Marg",Amritsar,Punjab,945664,O+,Clerk,Aadhaar,473105513936,True,2026-03-01 09:58:14.804367,2026-03-01 09:58:14.804367
0b22d813-e4e7-440c-aec2-3e0ec4915b88,Mahesh,Gupta,Male,75,Widowed,9877621770,"691, Ambedkar Marg",Delhi,Delhi,986827,O-,Teacher,Aadhaar,537187650084,True,2026-03-01 09:58:14.804367,2026-03-01 09:58:14.804367
7b8c8e09-d890-4d8f-8fd2-2da480f194e2,Anil,Rao,Male,34,Widowed,9821920438,"269, Shivaji Nagar",Delhi,Delhi,499534,O-,Teacher,Aadhaar,356301471392,True,2026-03-01 09:58:14.804367,2026-03-01 09:58:14.804367
b8eba5b1-476a-46c9-beb1-827a364be42c,Priya,Pillai,Female,38,Widowed,9337691219,"664, MG Road",Varanasi,Uttar Pradesh,766269,AB-,Clerk,Aadhaar,814262468039,True,2026-03-01 09:58:14.804368,2026-03-01 09:58:14.804368
477893f0-82c9-4bbc-af1d-c521cfd5c40f,Kavita,Singh,Female,23,Single,9224683417,"100, Nehru Nagar",Mumbai,Maharashtra,663658,B+,Housewife,Aadhaar,505675310918,True,2026-03-01 09:58:14.804368,2026-03-01 09:58:14.804368
6fd01ca8-131c-4bba-b47f-b86c0fd186d5,Archana,Dubey,Female,63,Widowed,9206323670,"854, Ambedkar Marg",Kolkata,West Bengal,745558,AB+,Business,Aadhaar,856054759475,True,2026-03-01 09:58:14.804368,2026-03-01 09:58:14.804369
1face221-ea4f-440f-8d7e-b0f707d41cdc,Neha,Agarwal,Female,32,Single,9206681214,"703, Gandhi Chowk",Jaipur,Rajasthan,670913,O-,Farmer,Aadhaar,402357707469,True,2026-03-01 09:58:14.804369,2026-03-01 09:58:14.804369
688c6c72-5128-4bc7-a818-cc04aad13d50,Suresh,Patil,Male,28,Married,9789024924,"655, Shivaji Nagar",Nagpur,Maharashtra,122394,A+,Retired,Aadhaar,367720383266,True,2026-03-01 09:58:14.804369,2026-03-01 09:58:14.804369
4ec97d79-6fcd-4b70-8ddf-053d4a1e74bb,Sunil,Iyer,Male,55,Widowed,9322433532,"601, Nehru Nagar",Ahmedabad,Gujarat,952547,B-,Student,Aadhaar,262239677678,True,2026-03-01 09:58:14.804370,2026-03-01 09:58:14.804370
9e365e0d-789c-4c5b-a5bc-19964f8cd8d8,Anil,Patil,Male,78,Widowed,9369137895,"818, Nehru Nagar",Ranchi,Jharkhand,215266,A+,Engineer,Aadhaar,490905848547,True,2026-03-01 09:58:14.804370,2026-03-01 09:58:14.804370
229f033a-433a-4cd2-955d-010e1885fdaf,Pramod,Tiwari,Male,33,Married,9896413702,"432, Shivaji Nagar",Mumbai,Maharashtra,219169,A-,Labourer,Aadhaar,956623819286,True,2026-03-01 09:58:14.804370,2026-03-01 09:58:14.804371
46a639b9-740a-472f-a884-aecdd0ddb777,Nisha,Iyer,Female,37,Widowed,9146562851,"745, Shivaji Nagar",Delhi,Delhi,416282,AB-,Driver,Aadhaar,134205232011,True,2026-03-01 09:58:14.804371,2026-03-01 09:58:14.804371
7b460fb6-7079-4185-b780-7ff48ed43c0d,Deepak,Patil,Male,41,Single,9864935082,"932, Ambedkar Marg",Bangalore,Karnataka,177060,A-,Student,Aadhaar,261526407509,True,2026-03-01 09:58:14.804371,2026-03-01 09:58:14.804371
f052b63d-4345-48d3-9475-5bce76baf4ac,Pradeep,Yadav,Male,38,Widowed,9449165212,"391, Shivaji Nagar",Hyderabad,Telangana,656329,O+,Labourer,Aadhaar,763596288927,True,2026-03-01 09:58:14.804372,2026-03-01 09:58:14.804372
af114fb1-0a95-4f37-ab9c-d9bd1728e15d,Kavita,Pawar,Female,58,Widowed,9925667446,"565, Nehru Nagar",Kolkata,West Bengal,550961,AB-,Doctor,Aadhaar,471144503217,True,2026-03-01 09:58:14.804372,2026-03-01 09:58:14.804372
c2a7a393-17b2-4800-a740-c7cd90bfc5f3,Puja,Pandey,Female,34,Single,9814154134,"262, Gandhi Chowk",Kolkata,West Bengal,260053,AB-,Teacher,Aadhaar,199150884956,True,2026-03-01 09:58:14.804372,2026-03-01 09:58:14.804373
e8cb1628-b839-4e2a-85c0-3c1d8d472a6b,Kavita,Dubey,Female,53,Widowed,9164404084,"601, Shivaji Nagar",Indore,Madhya Pradesh,688967,O-,Driver,Aadhaar,551496545441,True,2026-03-01 09:58:14.804373,2026-03-01 09:58:14.804373
a085002d-5c57-40e1-8404-a20dff828ed2,Seema,Bhatt,Female,67,Married,9408839723,"615, Gandhi Chowk",Jaipur,Rajasthan,468727,A-,Shopkeeper,Aadhaar,334107554294,True,2026-03-01 09:58:14.804373,2026-03-01 09:58:14.804373
b153ee0e-5f26-454b-9b23-8e1766afd429,Naresh,Nair,Male,29,Widowed,9494665673,"118, Gandhi Chowk",Ahmedabad,Gujarat,701987,B-,Retired,Aadhaar,776980148875,True,2026-03-01 09:58:14.804374,2026-03-01 09:58:14.804374
c51c347b-2cf8-43ed-9afa-086789d7d0d1,Girish,Jain,Male,33,Married,9393421844,"720, Gandhi Chowk",Nagpur,Maharashtra,456331,O-,Farmer,Aadhaar,719090551088,True,2026-03-01 09:58:14.804374,2026-03-01 09:58:14.804374
2df209c5-09ea-49ed-be92-4b7cb7e4ed92,Meera,Singh,Female,75,Married,9901131404,"544, Nehru Nagar",Indore,Madhya Pradesh,494468,AB+,Labourer,Aadhaar,273262828950,True,2026-03-01 09:58:14.804374,2026-03-01 09:58:14.804375
687947bb-a1d7-462e-8117-d927e35d6106,Anjali,Dubey,Female,71,Widowed,9191221925,"905, MG Road",Pune,Maharashtra,263137,B+,Retired,Aadhaar,154193202348,True,2026-03-01 09:58:14.804375,2026-03-01 09:58:14.804375
bca700e7-188e-4312-8df5-08fd556dc166,Anil,Agarwal,Male,36,Single,9544726404,"280, Nehru Nagar",Surat,Gujarat,891615,A-,Student,Aadhaar,222105549288,True,2026-03-01 09:58:14.804375,2026-03-01 09:58:14.804375
93900564-2370-4597-84b4-0b25ed29b2e8,Seema,Jain,Female,37,Single,9148766522,"226, Ambedkar Marg",Hyderabad,Telangana,728437,A+,Farmer,Aadhaar,431590472439,True,2026-03-01 09:58:14.804376,2026-03-01 09:58:14.804376
b3c06161-5a92-4e95-926b-9b8d97055a0a,Ravi,Singh,Male,33,Married,9108299923,"510, Ambedkar Marg",Indore,Madhya Pradesh,284229,B+,Housewife,Aadhaar,875381537047,True,2026-03-01 09:58:14.804376,2026-03-01 09:58:14.804376
3ae78efa-9821-4440-91e7-a1a438745302,Vivek,Rao,Male,52,Married,9526351920,"883, MG Road",Nagpur,Maharashtra,557409,A+,Labourer,Aadhaar,185560741164,True,2026-03-01 09:58:14.804376,2026-03-01 09:58:14.804376
f8d4bb01-0fda-4bb0-a842-dc9ef7b47f8e,Archana,Pandey,Female,41,Single,9410864588,"118, Ambedkar Marg",Chennai,Tamil Nadu,121869,O-,Engineer,Aadhaar,605166001421,True,2026-03-01 09:58:14.804377,2026-03-01 09:58:14.804377
dd1b65ba-77c2-4e9d-b4a0-94c84d0a3536,Meera,Pandey,Female,32,Widowed,9529979713,"537, MG Road",Nagpur,Maharashtra,514991,O+,Clerk,Aadhaar,341976367027,True,2026-03-01 09:58:14.804377,2026-03-01 09:58:14.804377
0a2ddf52-3c98-4b43-868b-33af656f7b37,Madhuri,Joshi,Female,39,Widowed,9647556857,"199, Gandhi Chowk",Mumbai,Maharashtra,468154,B+,Doctor,Aadhaar,259355332042,True,2026-03-01 09:58:14.804377,2026-03-01 09:58:14.804378
df751ec1-d334-4016-8670-1a786fa94c29,Neha,Joshi,Female,45,Widowed,9180909963,"182, Ambedkar Marg",Hyderabad,Telangana,586490,AB-,Driver,Aadhaar,806799110299,True,2026-03-01 09:58:14.804378,2026-03-01 09:58:14.804378
78d61ad0-19a5-463e-a1c7-40fec2352406,Manisha,Tiwari,Female,27,Single,9777944609,"311, Gandhi Chowk",Delhi,Delhi,720148,A+,Student,Aadhaar,179488406665,True,2026-03-01 09:58:14.804378,2026-03-01 09:58:14.804378
33d6bb5d-41f3-4439-b3c2-12e7b76b1a62,Geeta,Agarwal,Female,34,Single,9182389284,"661, MG Road",Mumbai,Maharashtra,744883,AB+,Labourer,Aadhaar,708082884546,True,2026-03-01 09:58:14.804379,2026-03-01 09:58:14.804379
ff58d9b3-5c55-4ee8-9554-cce85ebd68b0,Mahesh,Pawar,Male,31,Widowed,9610702777,"514, Nehru Nagar",Chennai,Tamil Nadu,164879,AB-,Teacher,Aadhaar,477258662365,True,2026-03-01 09:58:14.804379,2026-03-01 09:58:14.804379
d3d93b00-d76c-4607-859c-36b9f87d9f9b,Vivek,Desai,Male,32,Single,9571825556,"537, Shivaji Nagar",Delhi,Delhi,739427,B+,Student,Aadhaar,526416780991,True,2026-03-01 09:58:14.804379,2026-03-01 09:58:14.804380
1eaa9e94-ff7b-4e05-b8eb-7355fdd1ceda,Madhuri,Tiwari,Female,25,Widowed,9795038832,"343, MG Road",Surat,Gujarat,445705,A-,Government Employee,Aadhaar,523820412106,True,2026-03-01 09:58:14.804380,2026-03-01 09:58:14.804380
16bc8f72-a4f2-4471-970e-ae0bd14fd94d,Sonal,Dubey,Female,74,Widowed,9261462131,"342, MG Road",Patna,Bihar,711046,B+,Student,Aadhaar,867321912243,True,2026-03-01 09:58:14.804380,2026-03-01 09:58:14.804380
0f5b2ad6-5683-4495-8c8a-5036c7a16c0d,Rekha,Pillai,Female,28,Widowed,9504456327,"659, Gandhi Chowk",Kolkata,West Bengal,952686,B+,Driver,Aadhaar,915816619507,True,2026-03-01 09:58:14.804381,2026-03-01 09:58:14.804381
9f0ebfa4-aa65-482d-ba7b-ea07facb2de1,Hemant,Jain,Male,34,Single,9431642423,"185, Nehru Nagar",Jaipur,Rajasthan,458332,AB-,Doctor,Aadhaar,268094563260,True,2026-03-01 09:58:14.804381,2026-03-01 09:58:14.804381
2cfb5a9f-e047-41a5-80c4-836e687e18e5,Ajay,Patil,Male,37,Widowed,9996703082,"757, Shivaji Nagar",Bhopal,Madhya Pradesh,139581,O-,Retired,Aadhaar,244388345722,True,2026-03-01 09:58:14.804381,2026-03-01 09:58:14.804382
1a2b57d6-baec-4f4e-82a4-51d5a98f3ed4,Rekha,Joshi,Female,41,Widowed,9968704078,"925, Nehru Nagar",Delhi,Delhi,856215,AB-,Farmer,Aadhaar,501196582838,True,2026-03-01 09:58:14.804382,2026-03-01 09:58:14.804382
690521d5-252d-4665-b63e-eed6a9dbb5e6,Mahesh,Pillai,Male,44,Single,9351258749,"547, Nehru Nagar",Pune,Maharashtra,424500,AB-,Nurse,Aadhaar,504560218966,True,2026-03-01 09:58:14.804382,2026-03-01 09:58:14.804382
fba12c22-d2a4-4e3c-ba3d-16df47b5f1ec,Geeta,Bhatt,Female,35,Widowed,9549533634,"990, Nehru Nagar",Pune,Maharashtra,956572,B-,Retired,Aadhaar,252920865098,True,2026-03-01 09:58:14.804383,2026-03-01 09:58:14.804383
5800259a-7e92-4220-ae3a-cda2e7d31198,Sunita,Desai,Female,35,Married,9863860982,"867, Shivaji Nagar",Lucknow,Uttar Pradesh,992512,A-,Business,Aadhaar,937878863625,True,2026-03-01 09:58:14.804383,2026-03-01 09:58:14.804383
9209b8f3-72dd-41bf-91df-af6fdc1dc13b,Anil,Agarwal,Male,30,Single,9198476695,"970, Nehru Nagar",Amritsar,Punjab,956375,AB-,Student,Aadhaar,129766150285,True,2026-03-01 09:58:14.804383,2026-03-01 09:58:14.804384
f5f32f61-4c54-4699-ad0c-d453fa030ec8,Sunita,Verma,Female,32,Married,9502559419,"230, MG Road",Lucknow,Uttar Pradesh,434165,A-,Nurse,Aadhaar,816034202609,True,2026-03-01 09:58:14.804384,2026-03-01 09:58:14.804384
85fd19a4-0e28-453f-8c76-5656771c5570,Jyoti,Singh,Female,33,Single,9847401602,"852, Nehru Nagar",Delhi,Delhi,895702,AB-,Labourer,Aadhaar,106937867936,True,2026-03-01 09:58:14.804384,2026-03-01 09:58:14.804384
0e65fa6c-b94e-49ba-9573-5fb5a6c658b4,Amit,Yadav,Male,30,Widowed,9753780028,"541, Ambedkar Marg",Ahmedabad,Gujarat,216587,O+,Doctor,Aadhaar,234437420730,True,2026-03-01 09:58:14.804385,2026-03-01 09:58:14.804385
922d0a4d-ea34-4c80-abd1-35c8bb075a25,Ramesh,Pandey,Male,39,Married,9219032752,"857, Ambedkar Marg",Surat,Gujarat,725726,A+,Driver,Aadhaar,733573714419,True,2026-03-01 09:58:14.804385,2026-03-01 09:58:14.804385
5e797d43-5fcc-469f-a7ae-f2cd0cec5055,Santosh,Singh,Male,18,Single,9358303887,"585, Ambedkar Marg",Pune,Maharashtra,296412,A-,Government Employee,Aadhaar,499323100384,True,2026-03-01 09:58:14.804385,2026-03-01 09:58:14.804386
8cc8146b-6e9d-403c-89e4-be6b559ab257,Vivek,Rao,Male,78,Widowed,9121833792,"400, Ambedkar Marg",Lucknow,Uttar Pradesh,145649,AB+,Student,Aadhaar,921428173109,True,2026-03-01 09:58:14.804386,2026-03-01 09:58:14.804386
95a4b4ac-1e53-4e22-8889-e17b85c06375,Rohit,Pawar,Male,32,Widowed,9774585778,"107, Shivaji Nagar",Mumbai,Maharashtra,870899,O-,Engineer,Aadhaar,486737476962,True,2026-03-01 09:58:14.804386,2026-03-01 09:58:14.804386
77baa75a-0f57-4b39-9fce-7704e38a9a5d,Sarita,Desai,Female,48,Single,9846668526,"491, Nehru Nagar",Delhi,Delhi,950916,B+,Teacher,Aadhaar,953478914707,True,2026-03-01 09:58:14.804387,2026-03-01 09:58:14.804387
07dedee3-998a-4b6d-a071-17e920bc1a33,Sunita,Mishra,Female,50,Married,9438868427,"956, Gandhi Chowk",Ahmedabad,Gujarat,640418,AB+,Nurse,Aadhaar,622023341897,True,2026-03-01 09:58:14.804387,2026-03-01 09:58:14.804387
4cc4024f-f2af-4a54-a4f9-02d625861a63,Sunita,Bhatt,Female,33,Married,9804086195,"340, Gandhi Chowk",Surat,Gujarat,230521,O-,Housewife,Aadhaar,541906979680,True,2026-03-01 09:58:14.804387,2026-03-01 09:58:14.804387
6b15c957-b324-46de-ae5b-56eb5a223300,Puja,Tiwari,Female,36,Single,9494435754,"947, Shivaji Nagar",Nashik,Maharashtra,379676,A-,Clerk,Aadhaar,187722558092,True,2026-03-01 09:58:14.804388,2026-03-01 09:58:14.804388
f9f16f17-5ac2-4d3b-be13-7ad4d0ff59d8,Divya,More,Female,33,Married,9185973340,"336, Gandhi Chowk",Delhi,Delhi,421384,AB-,Shopkeeper,Aadhaar,571233773989,True,2026-03-01 09:58:14.804388,2026-03-01 09:58:14.804388
8c161248-8e6d-4e30-a8f4-c98a20f98854,Santosh,Agarwal,Male,24,Single,9760191749,"446, Gandhi Chowk",Bangalore,Karnataka,770532,A+,Teacher,Aadhaar,802962382098,True,2026-03-01 09:58:14.804389,2026-03-01 09:58:14.804389
91a5a17e-0880-48e5-8c5f-17b5be7adbad,Ritu,Reddy,Female,40,Married,9253308283,"870, Shivaji Nagar",Bhopal,Madhya Pradesh,811027,AB-,Farmer,Aadhaar,173556597858,True,2026-03-01 09:58:14.804389,2026-03-01 09:58:14.804389
710e2327-6fdd-4ede-a677-3a8be9527fe7,Ravi,Desai,Male,35,Widowed,9134773472,"620, Nehru Nagar",Bangalore,Karnataka,812048,AB-,Student,Aadhaar,586929089756,True,2026-03-01 09:58:14.804389,2026-03-01 09:58:14.804390
85bac3de-3c9d-470d-91d2-42c86c20fe5c,Pramod,Singh,Male,35,Widowed,9399240862,"256, MG Road",Chennai,Tamil Nadu,127172,B+,Labourer,Aadhaar,527425461312,True,2026-03-01 09:58:14.804390,2026-03-01 09:58:14.804390
58eca07e-81d4-469f-8503-77f849a041eb,Anil,Bhatt,Male,36,Widowed,9406635834,"711, Ambedkar Marg",Ahmedabad,Gujarat,309902,A-,Engineer,Aadhaar,180972272366,True,2026-03-01 09:58:14.804390,2026-03-01 09:58:14.804390
d61b8f15-06e5-4446-8a59-d47591ddda0e,Asha,Srivastava,Female,28,Widowed,9443154754,"684, Gandhi Chowk",Jaipur,Rajasthan,844007,A-,Government Employee,Aadhaar,420156188169,True,2026-03-01 09:58:14.804391,2026-03-01 09:58:14.804391
0dddb3bc-27d0-4259-b63a-aabe3783cf3b,Asha,Srivastava,Female,41,Married,9952225000,"371, Shivaji Nagar",Kolkata,West Bengal,335134,A-,Doctor,Aadhaar,253725751531,True,2026-03-01 09:58:14.804391,2026-03-01 09:58:14.804391
0a568899-a916-409f-938b-9ec2bb5d2e23,Sunil,Nair,Male,37,Single,9601873197,"823, Shivaji Nagar",Mumbai,Maharashtra,236074,A-,Teacher,Aadhaar,535120090431,True,2026-03-01 09:58:14.804391,2026-03-01 09:58:14.804392
8fc12aeb-6217-4ef7-a69e-f830bfc0ed42,Nisha,Pandey,Female,54,Married,9234568604,"996, Gandhi Chowk",Indore,Madhya Pradesh,773540,A-,Labourer,Aadhaar,849325047857,True,2026-03-01 09:58:14.804392,2026-03-01 09:58:14.804392
f5f2ac37-dbd2-4160-a7db-a6fceccf7128,Rekha,More,Female,39,Married,9924399252,"990, Nehru Nagar",Bhopal,Madhya Pradesh,553633,A+,Nurse,Aadhaar,667468951032,True,2026-03-01 09:58:14.804392,2026-03-01 09:58:14.804392
284ce255-1661-4cb6-9c35-fe96ff82adf0,Ajay,Joshi,Male,70,Married,9471539452,"971, Shivaji Nagar",Delhi,Delhi,397846,A-,Business,Aadhaar,796627812257,True,2026-03-01 09:58:14.804393,2026-03-01 09:58:14.804393
c36f588d-10f7-4841-bed2-dcf6a5043369,Rekha,Desai,Female,37,Widowed,9788255012,"173, Shivaji Nagar",Pune,Maharashtra,708851,B+,Engineer,Aadhaar,785729036205,True,2026-03-01 09:58:14.804393,2026-03-01 09:58:14.804393
d196b3c1-4bee-4eca-a684-94e2c8f53f52,Sarita,Iyer,Female,60,Married,9148814238,"972, Shivaji Nagar",Mumbai,Maharashtra,377511,B-,Retired,Aadhaar,557723843956,True,2026-03-01 09:58:14.804393,2026-03-01 09:58:14.804393
35fbd70d-54db-4a40-bd1d-7fa5e87fa5b0,Deepak,Desai,Male,39,Single,9618558050,"251, Ambedkar Marg",Chennai,Tamil Nadu,411882,AB-,Teacher,Aadhaar,167382082209,True,2026-03-01 09:58:14.804394,2026-03-01 09:58:14.804394
c9f38401-cb92-4adf-b750-44354dc6d3de,Mahesh,Pandey,Male,32,Widowed,9254263081,"321, Gandhi Chowk",Lucknow,Uttar Pradesh,869864,O-,Housewife,Aadhaar,933785291760,True,2026-03-01 09:58:14.804394,2026-03-01 09:58:14.804394
a9a1efad-f39a-467b-9e0d-1f19f2ca67dd,Nisha,Rao,Female,32,Married,9387195524,"461, Nehru Nagar",Delhi,Delhi,247720,A-,Farmer,Aadhaar,562204526663,True,2026-03-01 09:58:14.804394,2026-03-01 09:58:14.804395
2f128b31-1d53-46e6-a41c-3dbeb70e6c48,Mohan,Joshi,Male,70,Widowed,9435775088,"195, Nehru Nagar",Nagpur,Maharashtra,622469,AB-,Labourer,Aadhaar,438783050311,True,2026-03-01 09:58:14.804395,2026-03-01 09:58:14.804395
f254b66a-3579-4238-bb9d-64e4c245a99b,Priya,Gupta,Female,37,Married,9331009561,"598, Gandhi Chowk",Coimbatore,Tamil Nadu,151021,A+,Business,Aadhaar,754960583409,True,2026-03-01 09:58:14.804395,2026-03-01 09:58:14.804395
a9e8c479-4496-484b-9d2c-ca4dae00f93b,Anjali,Rao,Female,29,Married,9383975609,"745, Gandhi Chowk",Mumbai,Maharashtra,900961,AB+,Student,Aadhaar,538280978812,True,2026-03-01 09:58:14.804396,2026-03-01 09:58:14.804396
1b8e618b-27bf-4989-9b94-f536c0e55689,Pramod,Rao,Male,37,Married,9514838889,"517, Ambedkar Marg",Ahmedabad,Gujarat,901535,O+,Nurse,Aadhaar,787147912287,True,2026-03-01 09:58:14.804396,2026-03-01 09:58:14.804396
05a720b1-9150-45a2-b7ce-3f7003fef15c,Pradeep,Kumar,Male,50,Single,9698967370,"962, Gandhi Chowk",Bangalore,Karnataka,891638,B+,Doctor,Aadhaar,660933307161,True,2026-03-01 09:58:14.804396,2026-03-01 09:58:14.804397
a6b9a9cc-fe9d-40a1-b4ef-f6421228cdc6,Nisha,Patel,Female,30,Single,9963251765,"486, Shivaji Nagar",Mumbai,Maharashtra,579187,B+,Shopkeeper,Aadhaar,666476687180,True,2026-03-01 09:58:14.804397,2026-03-01 09:58:14.804397
4e28547b-fcf8-4443-91b9-0b518536d463,Sanjay,Pillai,Male,35,Widowed,9893838119,"863, Gandhi Chowk",Pune,Maharashtra,722565,O-,Government Employee,Aadhaar,661903224297,True,2026-03-01 09:58:14.804397,2026-03-01 09:58:14.804397
c323d6b1-2904-4d7f-a123-0aeabb07aceb,Usha,Iyer,Female,53,Single,9455665802,"690, MG Road",Pune,Maharashtra,536774,O+,Retired,Aadhaar,898429125064,True,2026-03-01 09:58:14.804398,2026-03-01 09:58:14.804398
76a65a44-f96e-4fbf-86d7-55e90af32836,Girish,Nair,Male,40,Widowed,9720230209,"234, MG Road",Ahmedabad,Gujarat,711868,AB-,Engineer,Aadhaar,793741295384,True,2026-03-01 09:58:14.804398,2026-03-01 09:58:14.804398
d006f0b4-d188-4220-8d3e-e3c4e085fb3e,Rekha,More,Female,22,Widowed,9217999418,"196, MG Road",Surat,Gujarat,562462,O-,Housewife,Aadhaar,551621958390,True,2026-03-01 09:58:14.804398,2026-03-01 09:58:14.804399
75d4dcdd-7686-4c48-a721-5b2442fd4269,Kiran,Reddy,Male,68,Widowed,9881042056,"64, Nehru Nagar",Bhopal,Madhya Pradesh,643878,B-,Government Employee,Aadhaar,626830252568,True,2026-03-01 09:58:14.804399,2026-03-01 09:58:14.804399
99437af5-3ab2-469d-aea4-3c1ab695b963,Shweta,Joshi,Female,37,Widowed,9480412754,"693, Gandhi Chowk",Jaipur,Rajasthan,739711,AB-,Doctor,Aadhaar,374694672472,True,2026-03-01 09:58:14.804399,2026-03-01 09:58:14.804400
6ef66479-d3b6-4e50-99c9-d9b7b1a6ce58,Pallavi,Mishra,Female,76,Single,9928042067,"296, Nehru Nagar",Ahmedabad,Gujarat,823769,AB-,Student,Aadhaar,484312829345,True,2026-03-01 09:58:14.804400,2026-03-01 09:58:14.804400
9ce88860-dd1f-42a7-b815-46caa0610d4a,Anjali,Kumar,Female,37,Single,9978726109,"354, Nehru Nagar",Chennai,Tamil Nadu,404561,A+,Business,Aadhaar,885787089052,True,2026-03-01 09:58:14.804400,2026-03-01 09:58:14.804400
5ef1dba8-9d93-4bae-ba2a-79b3700c04ab,Rohit,Agarwal,Male,43,Married,9316968866,"848, Shivaji Nagar",Surat,Gujarat,384303,O+,Engineer,Aadhaar,774778990070,True,2026-03-01 09:58:14.804401,2026-03-01 09:58:14.804401
61a361da-87ab-4916-9386-2fbb3d4c3316,Ramesh,Patel,Male,37,Widowed,9350006353,"54, MG Road",Surat,Gujarat,533377,O-,Clerk,Aadhaar,209403141734,True,2026-03-01 09:58:14.804401,2026-03-01 09:58:14.804401
06258dc2-d8d2-41df-a581-9338f5618438,Amit,Rao,Male,30,Widowed,9610778600,"489, Nehru Nagar",Nashik,Maharashtra,892630,O+,Student,Aadhaar,809895453406,True,2026-03-01 09:58:14.804401,2026-03-01 09:58:14.804402
162058b8-9a0c-4880-9d03-07842370b196,Ravi,Gupta,Male,32,Widowed,9876441691,"871, MG Road",Surat,Gujarat,283568,AB+,Nurse,Aadhaar,142604507117,True,2026-03-01 09:58:14.804402,2026-03-01 09:58:14.804402
219e72c4-666b-4fb5-a461-3b3e4310d5e7,Jyoti,Nair,Female,44,Single,9140229006,"10, Gandhi Chowk",Delhi,Delhi,695551,A-,Student,Aadhaar,599438389318,True,2026-03-01 09:58:14.804402,2026-03-01 09:58:14.804402
fa71a1ce-85ef-402a-8d31-f9208b7689f9,Rekha,Patil,Female,33,Married,9455069350,"167, Ambedkar Marg",Lucknow,Uttar Pradesh,779776,O+,Clerk,Aadhaar,113684620811,True,2026-03-01 09:58:14.804403,2026-03-01 09:58:14.804403
f6ad62c2-eedc-4f53-a971-0e284d6cc0fc,Jyoti,Mishra,Female,45,Married,9756007396,"877, Ambedkar Marg",Chennai,Tamil Nadu,967161,AB+,Government Employee,Aadhaar,195897714803,True,2026-03-01 09:58:14.804403,2026-03-01 09:58:14.804403
5fba3983-7444-4224-87b5-58edd6941ad4,Seema,Kumar,Female,30,Single,9366338529,"7, Gandhi Chowk",Delhi,Delhi,502206,B-,Labourer,Aadhaar,395295136297,True,2026-03-01 09:58:14.804403,2026-03-01 09:58:14.804404
f8e943d5-367c-4016-a8be-58393dfc2340,Anjali,Iyer,Female,19,Widowed,9486066116,"710, Nehru Nagar",Kolkata,West Bengal,165142,A-,Labourer,Aadhaar,273116415051,True,2026-03-01 09:58:14.804404,2026-03-01 09:58:14.804404
bec40ff6-a5af-466d-8883-92c367713937,Seema,Reddy,Female,63,Single,9841193655,"121, Gandhi Chowk",Amritsar,Punjab,485397,B-,Doctor,Aadhaar,250140720276,True,2026-03-01 09:58:14.804404,2026-03-01 09:58:14.804404
fde45c58-09c6-4133-ab79-938467b6f2c2,Rekha,Agarwal,Female,38,Single,9853703117,"563, Ambedkar Marg",Indore,Madhya Pradesh,894139,B-,Retired,Aadhaar,848387165426,True,2026-03-01 09:58:14.804405,2026-03-01 09:58:14.804405
0bc4504a-3a42-42ee-8b86-316323f0c310,Vivek,Agarwal,Male,34,Widowed,9220483278,"64, Shivaji Nagar",Lucknow,Uttar Pradesh,630041,B-,Shopkeeper,Aadhaar,265513695086,True,2026-03-01 09:58:14.804405,2026-03-01 09:58:14.804405
962e4ff7-327a-426c-8b01-e8b258a6d735,Sanjay,Patil,Male,29,Married,9869784803,"598, Ambedkar Marg",Lucknow,Uttar Pradesh,195359,AB-,Retired,Aadhaar,598455160306,True,2026-03-01 09:58:14.804406,2026-03-01 09:58:14.804406
b00fb45f-bf5d-4590-b28f-eb4631af644c,Vivek,Pandey,Male,26,Single,9822378827,"827, Gandhi Chowk",Jaipur,Rajasthan,858414,A+,Housewife,Aadhaar,998741050292,True,2026-03-01 09:58:14.804406,2026-03-01 09:58:14.804406
bfa58f23-e018-4a4f-90ee-cd02300a7392,Vinod,Mehta,Male,24,Single,9852032540,"66, Shivaji Nagar",Chennai,Tamil Nadu,163182,A-,Labourer,Aadhaar,413668912860,True,2026-03-01 09:58:14.804406,2026-03-01 09:58:14.804407
1b9ea5e6-4934-4995-b465-aea1c36ad2ee,Asha,Bhatt,Female,39,Widowed,9793509240,"987, Ambedkar Marg",Delhi,Delhi,492650,AB+,Labourer,Aadhaar,516211396374,True,2026-03-01 09:58:14.804407,2026-03-01 09:58:14.804407
1b3676bc-df9a-4434-b289-36e90e1b8da9,Meera,Jain,Female,62,Married,9801726890,"881, Gandhi Chowk",Nashik,Maharashtra,224395,B+,Government Employee,Aadhaar,681508758920,True,2026-03-01 09:58:14.804407,2026-03-01 09:58:14.804407
c1b1fae2-8997-404d-a196-5df097456a17,Vinod,Shah,Male,45,Single,9597146648,"690, Shivaji Nagar",Nagpur,Maharashtra,544730,AB+,Nurse,Aadhaar,371569339299,True,2026-03-01 09:58:14.804408,2026-03-01 09:58:14.804408
fd6b09dc-736e-4693-a283-789b519f2839,Ritu,Singh,Female,71,Widowed,9921938559,"116, MG Road",Pune,Maharashtra,948799,AB+,Shopkeeper,Aadhaar,362060203245,True,2026-03-01 09:58:14.804408,2026-03-01 09:58:14.804408
7cf596a1-98a4-4742-a140-9a9a36319391,Vikram,Kumar,Male,36,Widowed,9855147872,"894, MG Road",Hyderabad,Telangana,356622,A+,Housewife,Aadhaar,355288401397,True,2026-03-01 09:58:14.804408,2026-03-01 09:58:14.804409
37ef2bdb-74d2-43b0-87e4-50fa57905caa,Ravi,Patil,Male,30,Single,9351429015,"836, Shivaji Nagar",Bhopal,Madhya Pradesh,434394,O-,Doctor,Aadhaar,674066241127,True,2026-03-01 09:58:14.804409,2026-03-01 09:58:14.804409
690fbc92-54fc-4b4b-93e2-5af2b3d6747a,Kiran,Mishra,Male,37,Widowed,9889427990,"934, Nehru Nagar",Pune,Maharashtra,756401,AB+,Government Employee,Aadhaar,153668282650,True,2026-03-01 09:58:14.804409,2026-03-01 09:58:14.804409
d7d74896-900b-4a3e-9ffe-c7364f37ab66,Manisha,Jain,Female,37,Widowed,9547025173,"419, Nehru Nagar",Bangalore,Karnataka,414455,AB+,Engineer,Aadhaar,691650712027,True,2026-03-01 09:58:14.804409,2026-03-01 09:58:14.804410
4365bb1c-1f4e-4df1-b85b-02139409ecf0,Pooja,Patil,Female,59,Married,9965195567,"475, MG Road",Ahmedabad,Gujarat,689704,AB+,Housewife,Aadhaar,682214113345,True,2026-03-01 09:58:14.804410,2026-03-01 09:58:14.804410
39c23912-d750-425d-a47a-ed602cb928ea,Nitin,Shah,Male,34,Married,9582954920,"868, Gandhi Chowk",Ahmedabad,Gujarat,196955,B-,Farmer,Aadhaar,513469894146,True,2026-03-01 09:58:14.804410,2026-03-01 09:58:14.804410
b2c8f883-a4fa-43b7-bd99-5ef33eeb3fc8,Mohan,Gupta,Male,45,Widowed,9820964511,"573, Nehru Nagar",Delhi,Delhi,602681,B-,Nurse,Aadhaar,468967896485,True,2026-03-01 09:58:14.804411,2026-03-01 09:58:14.804411
c5e85784-12ca-46e6-a748-2a0f60e846ed,Priya,Mehta,Female,74,Married,9901955461,"773, Ambedkar Marg",Coimbatore,Tamil Nadu,354377,B-,Housewife,Aadhaar,365923443265,True,2026-03-01 09:58:14.804411,2026-03-01 09:58:14.804411
1281add9-4392-463f-a783-ded68db117d0,Madhuri,Mishra,Female,37,Single,9431165907,"268, Gandhi Chowk",Bangalore,Karnataka,637727,AB-,Labourer,Aadhaar,980891814797,True,2026-03-01 09:58:14.804411,2026-03-01 09:58:14.804412
ceef648e-8e98-430c-8cd6-66dedd3ed4ac,Madhuri,More,Female,32,Single,9544454140,"47, Shivaji Nagar",Pune,Maharashtra,332022,B+,Farmer,Aadhaar,706710405015,True,2026-03-01 09:58:14.804412,2026-03-01 09:58:14.804412
d4001499-04e5-452d-bc3b-a8abb7123358,Anjali,Singh,Female,32,Widowed,9994816400,"252, Ambedkar Marg",Ahmedabad,Gujarat,677390,O-,Business,Aadhaar,807482294267,True,2026-03-01 09:58:14.804412,2026-03-01 09:58:14.804412
93e07b1a-2ebe-4f91-958c-a1c7ed32f4e6,Geeta,Joshi,Female,34,Married,9873430762,"560, Ambedkar Marg",Indore,Madhya Pradesh,292988,A+,Government Employee,Aadhaar,185240916199,True,2026-03-01 09:58:14.804413,2026-03-01 09:58:14.804413
913d16dc-9582-45d4-9fa6-a37ec4fc045f,Ravi,Sharma,Male,57,Married,9172980019,"725, Nehru Nagar",Jaipur,Rajasthan,109585,B-,Government Employee,Aadhaar,509980439699,True,2026-03-01 09:58:14.804413,2026-03-01 09:58:14.804413
4315a06b-9186-40a5-8546-a36d2f35a271,Girish,Desai,Male,39,Single,9807901168,"500, MG Road",Surat,Gujarat,106933,AB+,Farmer,Aadhaar,679892423202,True,2026-03-01 09:58:14.804413,2026-03-01 09:58:14.804414
b3aa0159-7234-44e9-895d-b0c139b585e7,Pallavi,Mishra,Female,53,Widowed,9562324458,"826, Nehru Nagar",Mumbai,Maharashtra,212214,A-,Government Employee,Aadhaar,362632514901,True,2026-03-01 09:58:14.804414,2026-03-01 09:58:14.804414
fc3ff315-36f5-495a-ae46-0fb0a3ec2b97,Girish,Reddy,Male,34,Single,9184846271,"383, Ambedkar Marg",Ahmedabad,Gujarat,581294,B-,Clerk,Aadhaar,427387564031,True,2026-03-01 09:58:14.804414,2026-03-01 09:58:14.804414
d7b1fc85-b872-4a7c-bc07-547d49ed3a89,Hemant,Patil,Male,22,Single,9507231644,"387, Shivaji Nagar",Surat,Gujarat,599127,A+,Driver,Aadhaar,868839734147,True,2026-03-01 09:58:14.804415,2026-03-01 09:58:14.804415
73bc7f31-09ce-4d7a-b69b-01dd0871bdac,Vikram,Nair,Male,39,Single,9707583925,"879, MG Road",Nagpur,Maharashtra,653815,A+,Doctor,Aadhaar,863937745035,True,2026-03-01 09:58:14.804415,2026-03-01 09:58:14.804415
e47bdca2-e1fe-46cb-a6a0-584de9c5718c,Sonal,Patel,Female,40,Single,9683074772,"578, MG Road",Amritsar,Punjab,288066,O-,Farmer,Aadhaar,331762745410,True,2026-03-01 09:58:14.804415,2026-03-01 09:58:14.804416
9bde347a-d961-4e88-9795-9522522727b2,Ravi,More,Male,35,Married,9421346113,"167, Shivaji Nagar",Kolkata,West Bengal,352153,AB+,Driver,Aadhaar,696556035704,True,2026-03-01 09:58:14.804416,2026-03-01 09:58:14.804416
cb4607d5-8c68-495f-b470-74676355fb9d,Puja,Bhatt,Female,50,Widowed,9877564713,"81, Shivaji Nagar",Indore,Madhya Pradesh,881667,O-,Farmer,Aadhaar,577160927111,True,2026-03-01 09:58:14.804416,2026-03-01 09:58:14.804416
d4a50fe0-fc6b-479d-b838-7cff73b29d3f,Arun,Gupta,Male,46,Widowed,9525956648,"993, Gandhi Chowk",Bangalore,Karnataka,131064,O+,Retired,Aadhaar,598184362921,True,2026-03-01 09:58:14.804417,2026-03-01 09:58:14.804417
0eb73326-f8ce-4f41-97c4-60b26bd77f8d,Pooja,Chauhan,Female,35,Married,9829816799,"600, Ambedkar Marg",Chennai,Tamil Nadu,189856,O+,Retired,Aadhaar,882742541620,True,2026-03-01 09:58:14.804417,2026-03-01 09:58:14.804417
f6f50b67-ac88-4a87-a029-8efdd776f33b,Vikram,Yadav,Male,41,Widowed,9265653546,"758, Ambedkar Marg",Delhi,Delhi,432061,O-,Teacher,Aadhaar,104688044575,True,2026-03-01 09:58:14.804417,2026-03-01 09:58:14.804418
548e0ff0-fbb8-47c1-9db8-607cbcf1aa41,Geeta,Chauhan,Female,29,Married,9301210399,"442, Ambedkar Marg",Indore,Madhya Pradesh,684041,AB+,Teacher,Aadhaar,194602074538,True,2026-03-01 09:58:14.804418,2026-03-01 09:58:14.804418
e96c82f9-fcf5-4a5b-978f-cc6887ae65d5,Pallavi,Gupta,Female,49,Single,9113250637,"299, Ambedkar Marg",Hyderabad,Telangana,506637,A-,Clerk,Aadhaar,718050673162,True,2026-03-01 09:58:14.804418,2026-03-01 09:58:14.804418
183a7c03-91d4-4663-a2ae-e8c49a9eb66c,Pramod,Reddy,Male,35,Married,9388749542,"309, Gandhi Chowk",Delhi,Delhi,617077,B+,Teacher,Aadhaar,577459520169,True,2026-03-01 09:58:14.804419,2026-03-01 09:58:14.804419
f496f600-6bee-4544-9e9f-7810138a7c39,Anita,Mishra,Female,27,Single,9364774064,"739, Ambedkar Marg",Lucknow,Uttar Pradesh,722651,B-,Labourer,Aadhaar,246488330909,True,2026-03-01 09:58:14.804419,2026-03-01 09:58:14.804419
a443fea2-8524-44e5-85ff-e4af6244b592,Priya,Verma,Female,39,Single,9572685761,"343, Ambedkar Marg",Pune,Maharashtra,955088,B+,Business,Aadhaar,762802209928,True,2026-03-01 09:58:14.804419,2026-03-01 09:58:14.804420
8dfa5a0b-6d95-4ac2-a68f-8006869a3cea,Deepak,Tiwari,Male,35,Single,9412940071,"753, Ambedkar Marg",Delhi,Delhi,703853,B-,Student,Aadhaar,406557823241,True,2026-03-01 09:58:14.804420,2026-03-01 09:58:14.804420
b1767f48-3922-4e95-9222-4a784cc29567,Ritu,Kumar,Female,31,Widowed,9293195372,"699, Shivaji Nagar",Amritsar,Punjab,128223,AB-,Clerk,Aadhaar,581936770150,True,2026-03-01 09:58:14.804420,2026-03-01 09:58:14.804420
5785061b-72fe-4efb-8289-9781e5751d02,Sarita,Srivastava,Female,58,Single,9822604249,"512, Nehru Nagar",Mumbai,Maharashtra,764100,O+,Doctor,Aadhaar,822639765311,True,2026-03-01 09:58:14.804421,2026-03-01 09:58:14.804421
5fd6fda6-8d38-426c-9956-1a690c54a889,Santosh,Pandey,Male,27,Widowed,9614574336,"597, Ambedkar Marg",Bhopal,Madhya Pradesh,660324,AB+,Government Employee,Aadhaar,967741298945,True,2026-03-01 09:58:14.804421,2026-03-01 09:58:14.804421
7541c1fa-f16b-4af5-ac69-e3f4f95849c1,Usha,Pawar,Female,39,Married,9217434526,"788, Nehru Nagar",Chennai,Tamil Nadu,789545,O-,Engineer,Aadhaar,772793741349,True,2026-03-01 09:58:14.804421,2026-03-01 09:58:14.804422
372dc92e-b75f-42ec-bc74-8cfcc59e2e57,Pramod,Desai,Male,35,Single,9954946593,"441, MG Road",Surat,Gujarat,111060,A-,Business,Aadhaar,659299235871,True,2026-03-01 09:58:14.804422,2026-03-01 09:58:14.804422
86cf5a46-ded0-43ea-a3a0-67763c15c692,Mahesh,Chauhan,Male,47,Widowed,9841351411,"513, Nehru Nagar",Bangalore,Karnataka,461724,A+,Labourer,Aadhaar,422571583281,True,2026-03-01 09:58:14.804422,2026-03-01 09:58:14.804422
51866e56-ad91-4b70-b2db-b85a2b9451e4,Meera,Kumar,Female,42,Single,9434889710,"352, Ambedkar Marg",Nagpur,Maharashtra,922366,B-,Government Employee,Aadhaar,484326240720,True,2026-03-01 09:58:14.804423,2026-03-01 09:58:14.804423
ebba410d-6e67-4893-ada5-e76d093d90c4,Kavita,Agarwal,Female,36,Married,9422406106,"46, MG Road",Kolkata,West Bengal,123682,O-,Driver,Aadhaar,843499051330,True,2026-03-01 09:58:14.804423,2026-03-01 09:58:14.804423
676d007a-c9fb-482c-a715-0c4076c8d489,Vinod,Shah,Male,37,Single,9701133236,"437, Ambedkar Marg",Lucknow,Uttar Pradesh,343118,AB+,Driver,Aadhaar,302655677251,True,2026-03-01 09:58:14.804423,2026-03-01 09:58:14.804423
6c210231-cc35-4c14-89e4-5f0e33d64e8c,Puja,Sharma,Female,63,Single,9735873300,"440, Ambedkar Marg",Indore,Madhya Pradesh,104666,B-,Doctor,Aadhaar,925829202760,True,2026-03-01 09:58:14.804424,2026-03-01 09:58:14.804424
7d932c6a-093a-474d-8d17-20ca0be1d799,Pramod,Kumar,Male,37,Single,9450023635,"202, Ambedkar Marg",Bhopal,Madhya Pradesh,219490,O+,Driver,Aadhaar,640575907758,True,2026-03-01 09:58:14.804424,2026-03-01 09:58:14.804424
1cc83c1b-4a30-494d-b62a-01593e93be8d,Divya,Verma,Female,38,Single,9477940931,"866, Ambedkar Marg",Hyderabad,Telangana,747351,B+,Nurse,Aadhaar,875987155409,True,2026-03-01 09:58:14.804425,2026-03-01 09:58:14.804425
66e28047-c501-4745-8387-06797c1d04f0,Divya,Iyer,Female,30,Married,9356165519,"313, MG Road",Mumbai,Maharashtra,291936,O-,Clerk,Aadhaar,658952878810,True,2026-03-01 09:58:14.804425,2026-03-01 09:58:14.804425
e25fb714-f281-49b1-a3d9-d1f0179c3403,Anita,Pillai,Female,35,Married,9622558165,"651, Shivaji Nagar",Delhi,Delhi,827117,B+,Government Employee,Aadhaar,637587593967,True,2026-03-01 09:58:14.804425,2026-03-01 09:58:14.804426
046f8293-266f-4e77-9817-cd22230effee,Rekha,Joshi,Female,36,Married,9485515372,"975, MG Road",Pune,Maharashtra,608149,B+,Doctor,Aadhaar,524408120800,True,2026-03-01 09:58:14.804426,2026-03-01 09:58:14.804426
ae41b9f9-3ebb-450b-ad96-bc46d921a859,Anita,Jain,Female,41,Single,9624737111,"172, MG Road",Lucknow,Uttar Pradesh,692862,A+,Retired,Aadhaar,343786881878,True,2026-03-01 09:58:14.804426,2026-03-01 09:58:14.804426
90b6e449-089d-4e41-8ad7-348b4b85cd4d,Sunita,Yadav,Female,33,Single,9707362554,"761, Ambedkar Marg",Ahmedabad,Gujarat,676429,A-,Shopkeeper,Aadhaar,392548289956,True,2026-03-01 09:58:14.804427,2026-03-01 09:58:14.804427
0ece0500-c4b8-48f7-8b9f-31564f0f48c5,Pallavi,More,Female,45,Single,9686642360,"224, Ambedkar Marg",Indore,Madhya Pradesh,207391,B-,Business,Aadhaar,594059667546,True,2026-03-01 09:58:14.804427,2026-03-01 09:58:14.804427
8f2ebf4f-d200-4ef8-8d65-b41e4ae5d041,Ritu,Patil,Female,35,Married,9932828137,"832, Nehru Nagar",Nagpur,Maharashtra,320073,O-,Nurse,Aadhaar,773067563178,True,2026-03-01 09:58:14.804427,2026-03-01 09:58:14.804428
9bded2b0-4808-440a-aebe-2eb18217726b,Asha,Pillai,Female,32,Married,9964835149,"61, Shivaji Nagar",Delhi,Delhi,467856,O+,Shopkeeper,Aadhaar,286997587025,True,2026-03-01 09:58:14.804428,2026-03-01 09:58:14.804428
6587d4d9-8c39-4559-8fba-b87353bd5373,Usha,Mishra,Female,33,Widowed,9829392084,"835, MG Road",Pune,Maharashtra,242175,AB+,Farmer,Aadhaar,404910406605,True,2026-03-01 09:58:14.804428,2026-03-01 09:58:14.804428
e807af92-3606-434d-a9de-cb0d524bedf7,Santosh,Patil,Male,30,Single,9989575564,"254, Ambedkar Marg",Delhi,Delhi,613234,B+,Shopkeeper,Aadhaar,394773921954,True,2026-03-01 09:58:14.804429,2026-03-01 09:58:14.804429
436ca578-eefc-4f29-bf77-2d4526355252,Puja,Agarwal,Female,50,Married,9532557724,"528, Gandhi Chowk",Mumbai,Maharashtra,828449,O-,Labourer,Aadhaar,636657254891,True,2026-03-01 09:58:14.804429,2026-03-01 09:58:14.804429
211731d3-c806-4088-a414-488d72071559,Archana,Sharma,Female,58,Married,9884832186,"996, Ambedkar Marg",Patna,Bihar,765678,O-,Nurse,Aadhaar,972150364301,True,2026-03-01 09:58:14.804429,2026-03-01 09:58:14.804430
c56e099d-3759-4e58-810d-5a586d464c5c,Neha,Pandey,Female,36,Single,9989427187,"291, Gandhi Chowk",Nagpur,Maharashtra,673896,B+,Shopkeeper,Aadhaar,636237071797,True,2026-03-01 09:58:14.804430,2026-03-01 09:58:14.804430
d11b477f-f010-425c-8c14-4c654d8deb6d,Seema,Bhatt,Female,29,Single,9117481970,"128, Nehru Nagar",Mumbai,Maharashtra,562721,AB-,Farmer,Aadhaar,320880716109,True,2026-03-01 09:58:14.804430,2026-03-01 09:58:14.804430
263e843f-022d-4408-b129-3b623af0a282,Hemant,Mishra,Male,70,Single,9200223044,"671, Gandhi Chowk",Delhi,Delhi,362552,A-,Student,Aadhaar,283175678870,True,2026-03-01 09:58:14.804431,2026-03-01 09:58:14.804431
16cc22f2-e043-4bf4-9c1e-9cb6c2e0812c,Nitin,Desai,Male,41,Married,9560883210,"672, MG Road",Pune,Maharashtra,837880,A-,Farmer,Aadhaar,624902647083,True,2026-03-01 09:58:14.804431,2026-03-01 09:58:14.804431
dca219bf-2e9d-49a9-90c6-a1adcce944f0,Pradeep,Iyer,Male,40,Married,9108657116,"713, Gandhi Chowk",Ahmedabad,Gujarat,956800,A-,Nurse,Aadhaar,862023035909,True,2026-03-01 09:58:14.804431,2026-03-01 09:58:14.804432
5e7089d0-5679-48d7-97e3-d0bd60053d0f,Deepak,Gupta,Male,28,Married,9210811807,"321, Gandhi Chowk",Ahmedabad,Gujarat,413791,B+,Housewife,Aadhaar,996675185035,True,2026-03-01 09:58:14.804432,2026-03-01 09:58:14.804432
6b69a874-e7ef-44a3-8b7b-8606e3cdf050,Hemant,Jain,Male,37,Married,9755325292,"666, Nehru Nagar",Delhi,Delhi,561477,O-,Clerk,Aadhaar,788109833536,True,2026-03-01 09:58:14.804432,2026-03-01 09:58:14.804432
48e787e7-9a5c-4c55-a839-b1b13b6cb9f6,Kiran,Pillai,Male,59,Married,9207873599,"144, MG Road",Kolkata,West Bengal,718213,AB+,Student,Aadhaar,572288556961,True,2026-03-01 09:58:14.804433,2026-03-01 09:58:14.804433
f029eed8-855c-45af-be88-1bf736939e15,Jyoti,Singh,Female,39,Married,9694205108,"616, Shivaji Nagar",Ahmedabad,Gujarat,856211,O+,Retired,Aadhaar,859957007650,True,2026-03-01 09:58:14.804433,2026-03-01 09:58:14.804433
48148359-290d-46b1-ac1b-baff228c28cd,Mohan,Patil,Male,33,Widowed,9751682766,"522, Nehru Nagar",Surat,Gujarat,884170,AB+,Business,Aadhaar,158609852896,True,2026-03-01 09:58:14.804433,2026-03-01 09:58:14.804434
90c0fd31-6638-4711-a96c-0e3ba6cae2f3,Deepak,Verma,Male,36,Widowed,9176248559,"541, MG Road",Delhi,Delhi,478638,O-,Engineer,Aadhaar,726373620828,True,2026-03-01 09:58:14.804434,2026-03-01 09:58:14.804434
ccdd0178-295a-4050-82e3-ce032a21b7e9,Ritu,Rao,Female,46,Married,9117920106,"602, MG Road",Kolkata,West Bengal,114463,O+,Doctor,Aadhaar,537181671620,True,2026-03-01 09:58:14.804434,2026-03-01 09:58:14.804434
6036d773-5725-443b-abbf-74bc0d650ac0,Manisha,Srivastava,Female,35,Widowed,9531942087,"85, Shivaji Nagar",Lucknow,Uttar Pradesh,663772,B+,Business,Aadhaar,439661463094,True,2026-03-01 09:58:14.804435,2026-03-01 09:58:14.804435
96c2378c-91f1-411e-96f7-79a4ab43cab9,Vivek,Mehta,Male,30,Single,9519544755,"601, MG Road",Nashik,Maharashtra,425236,AB+,Clerk,Aadhaar,161154481938,True,2026-03-01 09:58:14.804435,2026-03-01 09:58:14.804435
4279005d-0d12-4474-b9be-30d838dc8b49,Vikram,Pandey,Male,39,Married,9432097676,"683, Nehru Nagar",Delhi,Delhi,225245,A+,Clerk,Aadhaar,869388466165,True,2026-03-01 09:58:14.804435,2026-03-01 09:58:14.804435
03a42fdb-8f2b-47df-bea6-e0af1ef7c97d,Manoj,Nair,Male,37,Widowed,9378364310,"171, Gandhi Chowk",Coimbatore,Tamil Nadu,233096,O+,Clerk,Aadhaar,232656141300,True,2026-03-01 09:58:14.804436,2026-03-01 09:58:14.804436
66ae1d63-1875-473b-bbbe-61adb61856ea,Sanjay,Pawar,Male,37,Single,9864851260,"999, Shivaji Nagar",Jaipur,Rajasthan,758015,A-,Labourer,Aadhaar,660300808050,True,2026-03-01 09:58:14.804436,2026-03-01 09:58:14.804436
eacc0c80-b0f4-4fa8-8d4d-025b184c309d,Sunita,Nair,Female,31,Married,9373928805,"792, MG Road",Patna,Bihar,701790,A-,Doctor,Aadhaar,661527374178,True,2026-03-01 09:58:14.804436,2026-03-01 09:58:14.804437
98bbdb65-bae2-429d-85a1-e0f64ad52fe0,Rajesh,Patil,Male,32,Single,9490816787,"393, Nehru Nagar",Patna,Bihar,287654,A+,Government Employee,Aadhaar,914815514919,True,2026-03-01 09:58:14.804437,2026-03-01 09:58:14.804437
f235728a-cc98-4f85-850c-663785122015,Pooja,Tiwari,Female,67,Single,9391261014,"846, MG Road",Ahmedabad,Gujarat,699298,O-,Teacher,Aadhaar,840890624327,True,2026-03-01 09:58:14.804437,2026-03-01 09:58:14.804437
41dd52b5-6101-4a3c-b45b-a8aed0537927,Manoj,Shah,Male,77,Single,9174009197,"899, Ambedkar Marg",Bhopal,Madhya Pradesh,396020,O+,Student,Aadhaar,705961411719,True,2026-03-01 09:58:14.804438,2026-03-01 09:58:14.804438
5c872364-c49c-4821-8ca6-03d7dc166ce5,Priya,Chauhan,Female,38,Single,9894113665,"638, Nehru Nagar",Ahmedabad,Gujarat,586462,O-,Shopkeeper,Aadhaar,645339976524,True,2026-03-01 09:58:14.804438,2026-03-01 09:58:14.804438
fc05454f-74ac-41ff-8745-2ec6b7a1828c,Vinod,Rao,Male,32,Married,9540272920,"25, Nehru Nagar",Indore,Madhya Pradesh,667851,O-,Driver,Aadhaar,863815154283,True,2026-03-01 09:58:14.804438,2026-03-01 09:58:14.804439
7ab552e9-c8c2-4cef-b29e-162a6fec19ed,Sanjay,Sharma,Male,35,Widowed,9880841206,"315, MG Road",Indore,Madhya Pradesh,315161,B-,Housewife,Aadhaar,258900730136,True,2026-03-01 09:58:14.804439,2026-03-01 09:58:14.804439
9e8cfd5e-31ac-42b2-9112-46af73142e8c,Meera,Patel,Female,65,Widowed,9543516366,"718, Gandhi Chowk",Amritsar,Punjab,580728,A-,Shopkeeper,Aadhaar,654461281286,True,2026-03-01 09:58:14.804439,2026-03-01 09:58:14.804439
139e1fe3-ef2d-4674-99e2-c5c12673d0ee,Hemant,More,Male,38,Married,9567059305,"679, Nehru Nagar",Bangalore,Karnataka,348273,O+,Business,Aadhaar,447252030210,True,2026-03-01 09:58:14.804440,2026-03-01 09:58:14.804440
6612f845-b750-478d-b1c8-33b91f1c914e,Usha,More,Female,34,Single,9350838144,"77, Nehru Nagar",Indore,Madhya Pradesh,242723,A-,Engineer,Aadhaar,280842423019,True,2026-03-01 09:58:14.804440,2026-03-01 09:58:14.804440
a574711a-a5a8-4e14-b039-1fc0cbfd0bed,Geeta,Tiwari,Female,37,Married,9585242269,"316, Ambedkar Marg",Jaipur,Rajasthan,377880,A-,Teacher,Aadhaar,985440215860,True,2026-03-01 09:58:14.804440,2026-03-01 09:58:14.804441
64c47d24-8344-485e-b6f4-0e95e5159104,Sarita,Srivastava,Female,23,Single,9259261469,"94, Nehru Nagar",Kolkata,West Bengal,473023,AB+,Government Employee,Aadhaar,843239583508,True,2026-03-01 09:58:14.804441,2026-03-01 09:58:14.804441
6a25f9e7-c59b-464d-ad25-d1c5bda27705,Sonal,More,Female,22,Single,9585547305,"570, Shivaji Nagar",Ranchi,Jharkhand,361989,A-,Labourer,Aadhaar,980905984396,True,2026-03-01 09:58:14.804441,2026-03-01 09:58:14.804441
6780955b-7a25-48f0-8e17-2a41fbbb5f08,Suresh,Sharma,Male,48,Married,9240354421,"203, Ambedkar Marg",Mumbai,Maharashtra,490321,A-,Shopkeeper,Aadhaar,385985202420,True,2026-03-01 09:58:14.804442,2026-03-01 09:58:14.804442
a33474e5-633c-44cc-aeae-cb9cbc326f5a,Amit,Gupta,Male,39,Married,9198761306,"927, Gandhi Chowk",Ahmedabad,Gujarat,228479,A+,Labourer,Aadhaar,284901080997,True,2026-03-01 09:58:14.804442,2026-03-01 09:58:14.804442
c9508556-3e61-4ba6-98bb-e6b23ff81c33,Sarita,Dubey,Female,22,Widowed,9558127005,"177, Gandhi Chowk",Bangalore,Karnataka,325146,B+,Business,Aadhaar,590828237890,True,2026-03-01 09:58:14.804442,2026-03-01 09:58:14.804443
8e7cfd09-ba9f-49fa-889f-3e38446d1901,Rajesh,Pillai,Male,32,Single,9635680789,"422, Shivaji Nagar",Hyderabad,Telangana,602300,A+,Teacher,Aadhaar,522108423720,True,2026-03-01 09:58:14.804443,2026-03-01 09:58:14.804443
f7919fea-fe54-4e7a-98de-8b19e30c1187,Kiran,Mehta,Male,50,Married,9777267364,"822, Shivaji Nagar",Surat,Gujarat,933456,A+,Housewife,Aadhaar,885042350526,True,2026-03-01 09:58:14.804443,2026-03-01 09:58:14.804443
2c6dcc42-17c3-423a-b63a-c55ca2ac45a8,Lata,Rao,Female,34,Widowed,9639440654,"330, Ambedkar Marg",Bhopal,Madhya Pradesh,383572,B+,Farmer,Aadhaar,754204597727,True,2026-03-01 09:58:14.804444,2026-03-01 09:58:14.804444
3cd216a5-10b6-4e65-90d7-86d9be4b7ba7,Amit,Pawar,Male,26,Single,9668473595,"367, Shivaji Nagar",Bhopal,Madhya Pradesh,344068,B+,Teacher,Aadhaar,822619043664,True,2026-03-01 09:58:14.804444,2026-03-01 09:58:14.804444
0a736312-2609-49aa-9dcb-ed0143c358b9,Anil,Rao,Male,68,Married,9920392140,"971, Nehru Nagar",Nagpur,Maharashtra,703656,AB+,Student,Aadhaar,294019615823,True,2026-03-01 09:58:14.804444,2026-03-01 09:58:14.804445
348c2a61-7b1f-4175-9d29-924eaaa2f6ed,Pramod,Tiwari,Male,41,Widowed,9130286569,"721, Gandhi Chowk",Bhopal,Madhya Pradesh,695225,B+,Shopkeeper,Aadhaar,310231641923,True,2026-03-01 09:58:14.804445,2026-03-01 09:58:14.804445
278a9927-2e5d-4c22-ba10-5aa92740c942,Pallavi,Mishra,Female,23,Married,9349777425,"617, Nehru Nagar",Delhi,Delhi,120896,AB-,Farmer,Aadhaar,321681020854,True,2026-03-01 09:58:14.804445,2026-03-01 09:58:14.804445
4345b06d-c473-4fe1-a064-a52b0058284d,Sanjay,Srivastava,Male,51,Single,9163947730,"23, Nehru Nagar",Delhi,Delhi,715104,B+,Retired,Aadhaar,508333413984,True,2026-03-01 09:58:14.804446,2026-03-01 09:58:14.804446
fdf32459-9b31-4918-b4f0-5b85c70c1d0e,Archana,Kumar,Female,34,Married,9886356993,"972, Ambedkar Marg",Bangalore,Karnataka,930307,AB-,Driver,Aadhaar,290341282822,True,2026-03-01 09:58:14.804446,2026-03-01 09:58:14.804446
8e5c5696-795e-4b80-99f4-5a2a32cf9d9f,Pooja,Jain,Female,31,Single,9888121101,"706, Gandhi Chowk",Hyderabad,Telangana,233534,B+,Clerk,Aadhaar,531957036292,True,2026-03-01 09:58:14.804446,2026-03-01 09:58:14.804447
88ee8d7e-df5c-46ef-ad4b-0db5412036ea,Manoj,Pillai,Male,52,Widowed,9337184468,"655, Shivaji Nagar",Pune,Maharashtra,209167,AB-,Engineer,Aadhaar,917466143803,True,2026-03-01 09:58:14.804447,2026-03-01 09:58:14.804447
d7aca60f-dd46-4b54-b436-bd874d06eefc,Ramesh,Chauhan,Male,31,Married,9982252644,"726, Gandhi Chowk",Ranchi,Jharkhand,568325,A+,Business,Aadhaar,371483526792,True,2026-03-01 09:58:14.804447,2026-03-01 09:58:14.804447
c51e5a9d-ec0f-42aa-87f6-4cccbd9d7ec6,Rohit,Yadav,Male,42,Married,9514396801,"449, Ambedkar Marg",Bhopal,Madhya Pradesh,274418,AB+,Labourer,Aadhaar,516104036557,True,2026-03-01 09:58:14.804448,2026-03-01 09:58:14.804448
18173315-d4f8-49df-b52f-150c44c36329,Pallavi,Verma,Female,36,Widowed,9798973247,"777, Nehru Nagar",Delhi,Delhi,270557,AB-,Teacher,Aadhaar,422266054018,True,2026-03-01 09:58:14.804448,2026-03-01 09:58:14.804448
d05f5d0a-2dff-461a-9509-c35bbc6e1b6c,Sanjay,Yadav,Male,27,Married,9503144836,"165, MG Road",Coimbatore,Tamil Nadu,673619,A-,Student,Aadhaar,875167451981,True,2026-03-01 09:58:14.804448,2026-03-01 09:58:14.804449
3a5b137c-713e-4368-b41f-fb704f890177,Kiran,Desai,Male,64,Married,9157505040,"104, Gandhi Chowk",Delhi,Delhi,315535,B-,Housewife,Aadhaar,708584825780,True,2026-03-01 09:58:14.804449,2026-03-01 09:58:14.804449
0582c818-ed52-43b1-88b8-2975f4f5c0bc,Seema,Mishra,Female,28,Single,9713933158,"563, Ambedkar Marg",Pune,Maharashtra,261050,A+,Student,Aadhaar,568167823028,True,2026-03-01 09:58:14.804449,2026-03-01 09:58:14.804449
5a1013d7-561e-455f-b686-aa41c30b9292,Ajay,More,Male,38,Married,9204138894,"27, Nehru Nagar",Surat,Gujarat,279130,O+,Teacher,Aadhaar,435503556153,True,2026-03-01 09:58:14.804450,2026-03-01 09:58:14.804450
eb8552cc-237d-4109-a7ef-ff7bbd2a8423,Lata,Nair,Female,33,Widowed,9684250873,"397, Nehru Nagar",Varanasi,Uttar Pradesh,489043,AB+,Student,Aadhaar,590427639369,True,2026-03-01 09:58:14.804450,2026-03-01 09:58:14.804450
16b5b3bc-6fd1-4060-9d85-ceb645e5bd28,Anil,Agarwal,Male,32,Single,9705855162,"64, Nehru Nagar",Jaipur,Rajasthan,888775,A-,Teacher,Aadhaar,480826766533,True,2026-03-01 09:58:14.804450,2026-03-01 09:58:14.804451
57ccc968-6f6b-4c13-9845-cfabc3108aca,Madhuri,Iyer,Female,26,Single,9978755907,"536, Ambedkar Marg",Ahmedabad,Gujarat,661527,AB-,Shopkeeper,Aadhaar,361484712305,True,2026-03-01 09:58:14.804451,2026-03-01 09:58:14.804451
680dbe99-e74f-4f70-bd0a-9539df87c01b,Anjali,Gupta,Female,59,Married,9639127345,"585, Shivaji Nagar",Bangalore,Karnataka,939333,B+,Teacher,Aadhaar,933005706518,True,2026-03-01 09:58:14.804451,2026-03-01 09:58:14.804451
19fb2ed9-bfc2-491d-a469-1acf23ff787a,Asha,Joshi,Female,52,Married,9145822897,"434, MG Road",Nashik,Maharashtra,816308,AB+,Doctor,Aadhaar,261607706036,True,2026-03-01 09:58:14.804452,2026-03-01 09:58:14.804452
ebf29936-41fa-42e2-ba9f-624bcc5d73a4,Shweta,Dubey,Female,27,Single,9697391512,"407, Shivaji Nagar",Amritsar,Punjab,441968,O+,Government Employee,Aadhaar,116636410911,True,2026-03-01 09:58:14.804452,2026-03-01 09:58:14.804452
d546266a-b77e-4415-9b0a-0ff75564fe74,Kavita,Pandey,Female,38,Widowed,9914301516,"988, MG Road",Delhi,Delhi,210766,A-,Retired,Aadhaar,389527568106,True,2026-03-01 09:58:14.804452,2026-03-01 09:58:14.804453
e19de942-0699-48aa-a313-95546385ad7a,Manisha,Nair,Female,36,Married,9395723682,"413, Nehru Nagar",Chennai,Tamil Nadu,748276,AB+,Farmer,Aadhaar,464552347164,True,2026-03-01 09:58:14.804453,2026-03-01 09:58:14.804453
839d119d-f6e2-417f-8a33-622f3c35ab0e,Rajesh,Dubey,Male,33,Single,9121724902,"346, Gandhi Chowk",Lucknow,Uttar Pradesh,426053,O+,Nurse,Aadhaar,854609359348,True,2026-03-01 09:58:14.804453,2026-03-01 09:58:14.804453
c538048a-c6ed-4ff5-809e-2f5b06a949cb,Mohan,Shah,Male,76,Single,9931109347,"846, Gandhi Chowk",Delhi,Delhi,382507,AB+,Shopkeeper,Aadhaar,197261917326,True,2026-03-01 09:58:14.804454,2026-03-01 09:58:14.804454
15bc5264-77f2-4d66-97a1-0331cccd5a6c,Mahesh,Mehta,Male,35,Single,9915499713,"529, Gandhi Chowk",Amritsar,Punjab,960899,A+,Government Employee,Aadhaar,275198117209,True,2026-03-01 09:58:14.804454,2026-03-01 09:58:14.804454
0a0d70e4-65e6-4209-8d73-ca42c075a31c,Ajay,Srivastava,Male,30,Widowed,9710607239,"30, Nehru Nagar",Lucknow,Uttar Pradesh,302127,B-,Nurse,Aadhaar,370830447947,True,2026-03-01 09:58:14.804454,2026-03-01 09:58:14.804455
87dedec7-fade-4ea3-99f2-968648d8af17,Mahesh,Patel,Male,41,Single,9495514868,"844, Ambedkar Marg",Amritsar,Punjab,629663,AB+,Driver,Aadhaar,237108556987,True,2026-03-01 09:58:14.804455,2026-03-01 09:58:14.804455
1bd258c2-afa8-4268-9803-af42ec169768,Ramesh,Chauhan,Male,36,Single,9730157871,"565, Gandhi Chowk",Lucknow,Uttar Pradesh,460971,B+,Nurse,Aadhaar,387309655092,True,2026-03-01 09:58:14.804455,2026-03-01 09:58:14.804455
fe4d3d06-aef4-49ba-9772-bcf0dd7587f2,Ajay,Sharma,Male,31,Widowed,9937336224,"989, Nehru Nagar",Bangalore,Karnataka,998746,B-,Driver,Aadhaar,843996191045,True,2026-03-01 09:58:14.804456,2026-03-01 09:58:14.804456
ab2a64e9-e044-4511-bd1a-eb3a2b699e34,Anil,Desai,Male,20,Widowed,9109554136,"486, Nehru Nagar",Jaipur,Rajasthan,778818,B+,Shopkeeper,Aadhaar,112029622754,True,2026-03-01 09:58:14.804456,2026-03-01 09:58:14.804456
1fb3da4b-e1dd-4cc6-b08e-d1505daf01c7,Anil,Pillai,Male,33,Widowed,9790137154,"282, Ambedkar Marg",Bhopal,Madhya Pradesh,494763,O-,Labourer,Aadhaar,337305527514,True,2026-03-01 09:58:14.804456,2026-03-01 09:58:14.804457
5e058c14-5b64-4a6e-b603-8ffb097a5937,Anjali,Jain,Female,39,Widowed,9209856785,"8, Shivaji Nagar",Lucknow,Uttar Pradesh,794530,O-,Government Employee,Aadhaar,755615342227,True,2026-03-01 09:58:14.804457,2026-03-01 09:58:14.804457
4f408f96-d241-48bf-96a3-65918fac784d,Anjali,Jain,Female,27,Single,9787833374,"333, Gandhi Chowk",Delhi,Delhi,373832,O+,Doctor,Aadhaar,667579624486,True,2026-03-01 09:58:14.804457,2026-03-01 09:58:14.804457
4c34a045-68f7-4058-a3b0-096240ee0659,Rajesh,Pawar,Male,52,Single,9809239039,"328, Nehru Nagar",Patna,Bihar,856320,A+,Driver,Aadhaar,384737453791,True,2026-03-01 09:58:14.804458,2026-03-01 09:58:14.804458
ef758f43-e985-4fd0-9e10-a30a1e6b12b0,Puja,Verma,Female,38,Widowed,9976189113,"195, Gandhi Chowk",Indore,Madhya Pradesh,861842,B-,Driver,Aadhaar,802375909504,True,2026-03-01 09:58:14.804458,2026-03-01 09:58:14.804458
7a11ee25-6332-4ca9-b305-5eb127e2b7d5,Seema,Chauhan,Female,57,Widowed,9699414278,"186, Gandhi Chowk",Lucknow,Uttar Pradesh,202344,AB-,Engineer,Aadhaar,386650063966,True,2026-03-01 09:58:14.804458,2026-03-01 09:58:14.804459
bd8aefc8-5283-4af5-ab30-40acb87dc421,Naresh,Tiwari,Male,32,Married,9899089320,"893, Gandhi Chowk",Surat,Gujarat,540897,O-,Student,Aadhaar,741069220481,True,2026-03-01 09:58:14.804459,2026-03-01 09:58:14.804459
1bdb2a00-8040-43ff-877f-9ecdfc05d4ac,Geeta,Patil,Female,25,Widowed,9726608478,"595, Shivaji Nagar",Delhi,Delhi,174675,AB-,Doctor,Aadhaar,230998552841,True,2026-03-01 09:58:14.804459,2026-03-01 09:58:14.804459
b6035414-71a5-42ae-9c10-09d2fb759137,Nisha,Mishra,Female,61,Married,9247494816,"206, Gandhi Chowk",Jaipur,Rajasthan,529068,AB-,Engineer,Aadhaar,300642268239,True,2026-03-01 09:58:14.804460,2026-03-01 09:58:14.804460
e2319785-95d6-45a9-80ad-0bda279ba759,Deepak,Tiwari,Male,31,Widowed,9162291621,"5, Ambedkar Marg",Hyderabad,Telangana,386814,B-,Retired,Aadhaar,288005932484,True,2026-03-01 09:58:14.804460,2026-03-01 09:58:14.804460
254e80fd-6833-429c-9599-7b0888a3337c,Deepak,Pawar,Male,28,Widowed,9565694083,"649, Ambedkar Marg",Indore,Madhya Pradesh,522988,AB+,Labourer,Aadhaar,105941298800,True,2026-03-01 09:58:14.804460,2026-03-01 09:58:14.804461
3f4115cd-72d8-48da-84f1-d43686a5d2b2,Ashok,Mehta,Male,72,Single,9912659064,"854, Shivaji Nagar",Kolkata,West Bengal,299834,A+,Driver,Aadhaar,787212479077,True,2026-03-01 09:58:14.804461,2026-03-01 09:58:14.804461
e5133b94-ef03-47e8-ac87-12efaa28bc99,Ramesh,Srivastava,Male,34,Married,9511834185,"516, Shivaji Nagar",Varanasi,Uttar Pradesh,420984,B+,Teacher,Aadhaar,150783022571,True,2026-03-01 09:58:14.804461,2026-03-01 09:58:14.804461
10313ef6-d9a4-4270-9546-02c33498c466,Anjali,Agarwal,Female,38,Single,9565644493,"910, Nehru Nagar",Kolkata,West Bengal,459381,AB-,Student,Aadhaar,309380152118,True,2026-03-01 09:58:14.804462,2026-03-01 09:58:14.804462
1b1ab5af-189b-4237-9e46-fc4f3d97a924,Sunil,Verma,Male,32,Married,9326763783,"752, MG Road",Mumbai,Maharashtra,718337,B+,Teacher,Aadhaar,883258546172,True,2026-03-01 09:58:14.804462,2026-03-01 09:58:14.804462
cd9598e8-f3b3-486b-b546-91e2a348ffc2,Nitin,Desai,Male,37,Married,9737721108,"50, MG Road",Ahmedabad,Gujarat,785315,A+,Farmer,Aadhaar,227516504197,True,2026-03-01 09:58:14.804462,2026-03-01 09:58:14.804462
b7b5f91c-4784-4b7a-8d43-57e317537284,Geeta,Verma,Female,33,Widowed,9264418972,"211, MG Road",Delhi,Delhi,415743,AB+,Driver,Aadhaar,826283178165,True,2026-03-01 09:58:14.804463,2026-03-01 09:58:14.804463
2d48a343-6bd6-4f70-957b-98394cdff8a3,Divya,Pillai,Female,35,Married,9649309976,"737, Shivaji Nagar",Kolkata,West Bengal,223453,O+,Teacher,Aadhaar,219334635833,True,2026-03-01 09:58:14.804463,2026-03-01 09:58:14.804463
1e22daf1-4e39-4fbf-bd0c-f0bbe0eef878,Neha,Pillai,Female,33,Widowed,9316544937,"367, Ambedkar Marg",Ahmedabad,Gujarat,409698,B+,Farmer,Aadhaar,647815084657,True,2026-03-01 09:58:14.804463,2026-03-01 09:58:14.804464
1685c337-cb9f-40cf-afa9-78d4862af52c,Santosh,Nair,Male,18,Widowed,9195566069,"929, MG Road",Pune,Maharashtra,975804,AB-,Engineer,Aadhaar,202862087422,True,2026-03-01 09:58:14.804464,2026-03-01 09:58:14.804464
b8e17195-c749-4fd9-a918-621b9472d1b2,Vinod,Dubey,Male,33,Married,9590432899,"304, Gandhi Chowk",Delhi,Delhi,586830,A+,Teacher,Aadhaar,292471135737,True,2026-03-01 09:58:14.804464,2026-03-01 09:58:14.804464
a3b4bad0-0d88-4cdf-98ed-2bb30fa69b9f,Mohan,Mishra,Male,40,Single,9893001503,"119, MG Road",Bangalore,Karnataka,992596,A+,Farmer,Aadhaar,253983162030,True,2026-03-01 09:58:14.804465,2026-03-01 09:58:14.804465
0a585a81-fcbd-4505-a42d-31e98d326eb8,Sanjay,Chauhan,Male,73,Single,9887125715,"96, Gandhi Chowk",Varanasi,Uttar Pradesh,954551,O-,Engineer,Aadhaar,538575568924,True,2026-03-01 09:58:14.804465,2026-03-01 09:58:14.804465
c17ddd1c-a517-4dd3-a24a-11b343ddaaa6,Geeta,Yadav,Female,41,Single,9958885115,"432, Nehru Nagar",Nagpur,Maharashtra,218548,B+,Clerk,Aadhaar,167544421435,True,2026-03-01 09:58:14.804465,2026-03-01 09:58:14.804466
d2eb8dfb-b64c-4790-9f8a-674fabadf68c,Suresh,Pandey,Male,36,Widowed,9828419083,"449, Nehru Nagar",Amritsar,Punjab,741018,AB+,Retired,Aadhaar,771555068780,True,2026-03-01 09:58:14.804466,2026-03-01 09:58:14.804466
651c566d-1c55-4eff-9f3c-12a1a1af6b55,Mohan,Jain,Male,42,Married,9618702826,"943, Ambedkar Marg",Varanasi,Uttar Pradesh,218423,AB+,Labourer,Aadhaar,168916926394,True,2026-03-01 09:58:14.804466,2026-03-01 09:58:14.804466
1db4d8f1-85b4-490b-9941-743ef9867692,Manisha,Tiwari,Female,61,Widowed,9924127682,"762, Shivaji Nagar",Mumbai,Maharashtra,858931,B-,Driver,Aadhaar,473117310515,True,2026-03-01 09:58:14.804467,2026-03-01 09:58:14.804467
071f2da0-ca93-4abe-b52f-471c5e956f9e,Kiran,Jain,Male,36,Widowed,9826166835,"657, Ambedkar Marg",Kolkata,West Bengal,255875,A+,Farmer,Aadhaar,654724779120,True,2026-03-01 09:58:14.804467,2026-03-01 09:58:14.804467
c4fd9ed8-a2ff-404b-89d0-fe1af3a8f14e,Lata,Patil,Female,44,Single,9358655621,"339, Gandhi Chowk",Delhi,Delhi,152796,B-,Government Employee,Aadhaar,515079887246,True,2026-03-01 09:58:14.804467,2026-03-01 09:58:14.804468
a4e1ca83-d4ac-4c15-8b59-1ca1ccc22677,Sarita,Shah,Female,36,Widowed,9581142194,"91, Ambedkar Marg",Mumbai,Maharashtra,568784,O-,Teacher,Aadhaar,649672795354,True,2026-03-01 09:58:14.804468,2026-03-01 09:58:14.804468
33076d1c-5451-465c-a015-e948bbee03ce,Suresh,Verma,Male,37,Married,9986812783,"94, Shivaji Nagar",Jaipur,Rajasthan,749137,O+,Government Employee,Aadhaar,325753499393,True,2026-03-01 09:58:14.804468,2026-03-01 09:58:14.804468
e4446e92-fe38-4095-acbf-adf873589e9b,Shweta,Chauhan,Female,53,Single,9456452891,"574, Shivaji Nagar",Nagpur,Maharashtra,729094,AB-,Clerk,Aadhaar,502254470187,True,2026-03-01 09:58:14.804469,2026-03-01 09:58:14.804469
1194575b-ed34-436d-954a-c646ac7b73a8,Kavita,Kumar,Female,32,Single,9481327572,"850, Gandhi Chowk",Indore,Madhya Pradesh,674295,O-,Clerk,Aadhaar,147701290777,True,2026-03-01 09:58:14.804469,2026-03-01 09:58:14.804469
f7c410d5-cd77-4d19-9c5b-1e9207d8a57f,Deepak,Singh,Male,43,Single,9214849044,"261, Shivaji Nagar",Nagpur,Maharashtra,305438,B-,Teacher,Aadhaar,337910678876,True,2026-03-01 09:58:14.804469,2026-03-01 09:58:14.804470
dbbdc53a-5f9d-4bbe-9834-9607254412f4,Sarita,Pawar,Female,34,Single,9149929379,"949, Shivaji Nagar",Delhi,Delhi,229204,AB-,Labourer,Aadhaar,747073144369,True,2026-03-01 09:58:14.804470,2026-03-01 09:58:14.804470
91fdb079-b3cf-4295-8027-d62282345037,Deepak,Sharma,Male,24,Single,9728268579,"495, Shivaji Nagar",Chennai,Tamil Nadu,919023,B+,Clerk,Aadhaar,291463433210,True,2026-03-01 09:58:14.804470,2026-03-01 09:58:14.804470
9b8040e5-c3d6-4823-b849-ce3a6cd79645,Suresh,Verma,Male,38,Single,9641284117,"903, Ambedkar Marg",Surat,Gujarat,539001,B-,Business,Aadhaar,595184704771,True,2026-03-01 09:58:14.804471,2026-03-01 09:58:14.804471
0a886dc4-7b7f-4a57-85fa-0514266f88cf,Pradeep,Pandey,Male,63,Widowed,9420955532,"864, Shivaji Nagar",Hyderabad,Telangana,429159,B-,Doctor,Aadhaar,783800509229,True,2026-03-01 09:58:14.804471,2026-03-01 09:58:14.804471
49a902eb-583b-45e2-8826-57d204df7407,Seema,Chauhan,Female,30,Widowed,9798024936,"999, Nehru Nagar",Amritsar,Punjab,628370,O-,Clerk,Aadhaar,933719317209,True,2026-03-01 09:58:14.804471,2026-03-01 09:58:14.804472
c19424de-0df1-4f30-94d5-31c0689fb8d2,Pallavi,Nair,Female,71,Widowed,9548263514,"691, Shivaji Nagar",Chennai,Tamil Nadu,399817,AB+,Retired,Aadhaar,671285499315,True,2026-03-01 09:58:14.804472,2026-03-01 09:58:14.804473
38dd9ed5-1685-4928-b0e3-4f238ff60c07,Amit,Verma,Male,40,Married,9386665729,"769, Nehru Nagar",Delhi,Delhi,400538,O+,Engineer,Aadhaar,168029626880,True,2026-03-01 09:58:14.804473,2026-03-01 09:58:14.804474
56917d63-a684-4560-a30a-4ef313790f0c,Neha,Bhatt,Female,34,Single,9210037068,"631, Shivaji Nagar",Chennai,Tamil Nadu,335203,AB+,Doctor,Aadhaar,961187853767,True,2026-03-01 09:58:14.804474,2026-03-01 09:58:14.804474
3421ca10-ca84-4929-9691-aaf6667f880f,Usha,Jain,Female,35,Single,9946228305,"702, Gandhi Chowk",Mumbai,Maharashtra,678944,A+,Farmer,Aadhaar,378071945128,True,2026-03-01 09:58:14.804474,2026-03-01 09:58:14.804474
ad26055b-cee8-4772-980e-0dfe6b5a35ab,Girish,Patil,Male,61,Married,9780525215,"722, Gandhi Chowk",Bhopal,Madhya Pradesh,891787,B-,Retired,Aadhaar,422953613548,True,2026-03-01 09:58:14.804475,2026-03-01 09:58:14.804475
8611909b-6894-45a6-918a-8e9790825eb9,Asha,Jain,Female,74,Widowed,9651738859,"123, Ambedkar Marg",Mumbai,Maharashtra,142608,AB+,Business,Aadhaar,390153381722,True,2026-03-01 09:58:14.804475,2026-03-01 09:58:14.804475
2bd1567b-f63c-4eca-8a10-70cf9c4d1ec5,Manoj,Iyer,Male,18,Single,9862023079,"960, Nehru Nagar",Nagpur,Maharashtra,141880,B+,Student,Aadhaar,158398156373,True,2026-03-01 09:58:14.804475,2026-03-01 09:58:14.804476
8a4779e8-2036-4f21-bfd7-ed2a3fe8701d,Lata,Pawar,Female,34,Widowed,9441298507,"539, Nehru Nagar",Chennai,Tamil Nadu,292800,A-,Retired,Aadhaar,273968253129,True,2026-03-01 09:58:14.804476,2026-03-01 09:58:14.804476
77fc4e35-1b81-4013-a30c-89d4ce95fd94,Pallavi,Rao,Female,34,Married,9812249975,"340, Gandhi Chowk",Bangalore,Karnataka,478323,O+,Doctor,Aadhaar,928715263798,True,2026-03-01 09:58:14.804476,2026-03-01 09:58:14.804476
1a271e4e-f7dc-49ca-8444-0c22d80c0b84,Pallavi,More,Female,39,Married,9818267208,"355, Ambedkar Marg",Indore,Madhya Pradesh,352023,B-,Farmer,Aadhaar,517990241677,True,2026-03-01 09:58:14.804477,2026-03-01 09:58:14.804477
d215196d-60b7-4dfa-8e64-bb0c21c34e4f,Nitin,Yadav,Male,33,Widowed,9982732880,"789, Gandhi Chowk",Chennai,Tamil Nadu,639292,AB-,Labourer,Aadhaar,422310888655,True,2026-03-01 09:58:14.804477,2026-03-01 09:58:14.804477
2ffdbd67-838a-49bb-ae11-1eaefd8b3290,Sanjay,Reddy,Male,28,Widowed,9672525395,"8, MG Road",Mumbai,Maharashtra,321020,B-,Nurse,Aadhaar,566800260802,True,2026-03-01 09:58:14.804477,2026-03-01 09:58:14.804478
8c419593-d907-40da-9f2a-a5c830f91832,Dinesh,Rao,Male,62,Widowed,9932371896,"446, MG Road",Nagpur,Maharashtra,883171,B+,Farmer,Aadhaar,887951372538,True,2026-03-01 09:58:14.804478,2026-03-01 09:58:14.804478
3ba2464f-06d0-4306-abf2-030a7e03d39d,Sunita,Gupta,Female,31,Single,9699238353,"73, Shivaji Nagar",Mumbai,Maharashtra,961530,B-,Business,Aadhaar,526952531755,True,2026-03-01 09:58:14.804478,2026-03-01 09:58:14.804478
278f5d4a-c9b4-4025-8b88-14afd39c21b1,Manisha,Verma,Female,20,Widowed,9227029844,"548, MG Road",Jaipur,Rajasthan,772580,A-,Retired,Aadhaar,743153962394,True,2026-03-01 09:58:14.804479,2026-03-01 09:58:14.804479
ad992e1b-38e6-429b-8268-b073640b8290,Santosh,Patil,Male,69,Married,9411209672,"806, Gandhi Chowk",Mumbai,Maharashtra,736030,A-,Business,Aadhaar,518491632451,True,2026-03-01 09:58:14.804479,2026-03-01 09:58:14.804479
3388aad5-cdb9-4177-9fcd-e0c3da00497c,Sarita,Jain,Female,30,Married,9246438473,"765, Ambedkar Marg",Mumbai,Maharashtra,935474,O+,Driver,Aadhaar,427036314220,True,2026-03-01 09:58:14.804479,2026-03-01 09:58:14.804480
9e33c6d4-12bd-49f2-bcd1-90ff382841fa,Priya,Rao,Female,30,Married,9105400747,"587, Shivaji Nagar",Patna,Bihar,513224,A-,Business,Aadhaar,921240923829,True,2026-03-01 09:58:14.804480,2026-03-01 09:58:14.804480
0a4e46e7-855b-4d61-b292-98c991d3b5c3,Neha,Pandey,Female,58,Married,9272823429,"189, Nehru Nagar",Amritsar,Punjab,746850,O+,Doctor,Aadhaar,298060795700,True,2026-03-01 09:58:14.804480,2026-03-01 09:58:14.804480
90b587d1-9dd4-4c8e-ac3b-1cc8621d476d,Mohan,Bhatt,Male,79,Single,9792213989,"563, MG Road",Amritsar,Punjab,404771,A-,Business,Aadhaar,315170140924,True,2026-03-01 09:58:14.804481,2026-03-01 09:58:14.804481
d9f4d17a-f2d2-439b-a7de-426336c3c1b2,Shweta,Chauhan,Female,40,Married,9406163675,"635, MG Road",Delhi,Delhi,302897,O-,Labourer,Aadhaar,462712762611,True,2026-03-01 09:58:14.804481,2026-03-01 09:58:14.804481
62ec517e-d563-4f45-8227-2384a5784ac9,Usha,Iyer,Female,38,Single,9559891563,"173, MG Road",Delhi,Delhi,428429,B-,Retired,Aadhaar,882635493530,True,2026-03-01 09:58:14.804481,2026-03-01 09:58:14.804482
63e098cf-9e7b-4cb5-b996-c8443f579287,Sonal,More,Female,40,Single,9615346649,"474, Ambedkar Marg",Bangalore,Karnataka,476167,O+,Labourer,Aadhaar,218333529462,True,2026-03-01 09:58:14.804482,2026-03-01 09:58:14.804482
05b35eb5-80a9-4a35-a9c0-0cf14adf4710,Hemant,Pillai,Male,33,Married,9678336713,"202, Gandhi Chowk",Mumbai,Maharashtra,869177,A-,Clerk,Aadhaar,793668048921,True,2026-03-01 09:58:14.804482,2026-03-01 09:58:14.804482
cea24e08-48ad-4a5a-9880-d1a6c7994e85,Arun,Iyer,Male,46,Married,9139359410,"565, Gandhi Chowk",Chennai,Tamil Nadu,669868,AB-,Driver,Aadhaar,266538204032,True,2026-03-01 09:58:14.804483,2026-03-01 09:58:14.804483
ca5668b2-bee7-448b-a7c1-00de648e4b68,Puja,Shah,Female,38,Single,9243753906,"476, Shivaji Nagar",Varanasi,Uttar Pradesh,635205,A-,Housewife,Aadhaar,651318604571,True,2026-03-01 09:58:14.804483,2026-03-01 09:58:14.804483
9664896e-2420-472f-947b-54cec80b5a08,Naresh,Shah,Male,52,Widowed,9834612989,"170, Shivaji Nagar",Patna,Bihar,247189,AB-,Engineer,Aadhaar,719244713323,True,2026-03-01 09:58:14.804483,2026-03-01 09:58:14.804484
358b6db1-bdbc-47df-acc7-5e16aee5dde1,Vinod,Dubey,Male,34,Married,9917624738,"500, Nehru Nagar",Lucknow,Uttar Pradesh,165914,O+,Student,Aadhaar,143954775519,True,2026-03-01 09:58:14.804484,2026-03-01 09:58:14.804484
738ba15e-b539-4e0e-ae14-9d9d92dff4f1,Vivek,Pawar,Male,36,Single,9149861842,"41, Gandhi Chowk",Bangalore,Karnataka,208239,O+,Nurse,Aadhaar,390949286778,True,2026-03-01 09:58:14.804484,2026-03-01 09:58:14.804484
819052a5-9623-45fb-8016-070671171250,Nitin,Desai,Male,38,Married,9654762561,"258, Ambedkar Marg",Bangalore,Karnataka,333726,AB+,Student,Aadhaar,634057847257,True,2026-03-01 09:58:14.804485,2026-03-01 09:58:14.804485
d8133b3e-ff1b-42df-bf56-2e3564e560e6,Divya,Sharma,Female,30,Married,9346950710,"79, Shivaji Nagar",Lucknow,Uttar Pradesh,774734,O+,Doctor,Aadhaar,302508740554,True,2026-03-01 09:58:14.804485,2026-03-01 09:58:14.804485
36a18175-1f58-41ff-b28e-cb5466967cb8,Rohit,Pillai,Male,29,Married,9545188049,"831, Gandhi Chowk",Kolkata,West Bengal,855242,A-,Labourer,Aadhaar,626886098418,True,2026-03-01 09:58:14.804485,2026-03-01 09:58:14.804486
70eb8c4d-5337-4564-96ec-0b858aa59f9f,Neha,Iyer,Female,56,Married,9361639001,"45, Nehru Nagar",Delhi,Delhi,701344,B+,Engineer,Aadhaar,665344571298,True,2026-03-01 09:58:14.804486,2026-03-01 09:58:14.804486
77218136-5d04-40b3-a8e8-25008d88ec98,Pramod,Singh,Male,33,Married,9654738715,"982, Ambedkar Marg",Mumbai,Maharashtra,728471,A+,Clerk,Aadhaar,828976098909,True,2026-03-01 09:58:14.804486,2026-03-01 09:58:14.804486
e4d523b8-5ea6-4590-bb88-0a98b5713e4d,Meera,Mehta,Female,78,Single,9283144690,"225, Ambedkar Marg",Jaipur,Rajasthan,730025,B+,Retired,Aadhaar,300864840574,True,2026-03-01 09:58:14.804487,2026-03-01 09:58:14.804487
7fe0ce1d-4a53-457a-8f3b-d91545965d4c,Asha,Dubey,Female,68,Widowed,9734147620,"71, Nehru Nagar",Kolkata,West Bengal,496583,AB+,Engineer,Aadhaar,117646174284,True,2026-03-01 09:58:14.804487,2026-03-01 09:58:14.804487
1bb5d95c-12a5-4293-921d-b1c835d94754,Vivek,Patil,Male,40,Married,9750162509,"99, Nehru Nagar",Amritsar,Punjab,598985,A+,Retired,Aadhaar,652038288142,True,2026-03-01 09:58:14.804487,2026-03-01 09:58:14.804488
856d28b8-aab8-4094-ad27-540820b144a3,Vikram,Nair,Male,65,Widowed,9988544746,"2, Ambedkar Marg",Surat,Gujarat,647403,AB+,Student,Aadhaar,151001982033,True,2026-03-01 09:58:14.804488,2026-03-01 09:58:14.804488
1603bffe-0d1f-45a3-9381-d11a9fe07e58,Pooja,Pawar,Female,46,Single,9732485566,"824, Shivaji Nagar",Lucknow,Uttar Pradesh,202463,AB+,Engineer,Aadhaar,625079156715,True,2026-03-01 09:58:14.804488,2026-03-01 09:58:14.804488
ef102148-a458-47a8-b748-065221f3ecd4,Mohan,Gupta,Male,62,Single,9376815988,"194, MG Road",Pune,Maharashtra,843596,A+,Shopkeeper,Aadhaar,231093313808,True,2026-03-01 09:58:14.804489,2026-03-01 09:58:14.804489
5aa91677-5014-4e9a-b812-ec2c8d3e54b7,Nitin,Desai,Male,52,Single,9488984224,"110, Nehru Nagar",Ahmedabad,Gujarat,546768,O+,Business,Aadhaar,692082617497,True,2026-03-01 09:58:14.804489,2026-03-01 09:58:14.804489
943c58f1-c7c1-4795-9053-e80a11a657d2,Archana,Chauhan,Female,78,Single,9910644910,"209, Ambedkar Marg",Hyderabad,Telangana,678923,AB-,Engineer,Aadhaar,715770375915,True,2026-03-01 09:58:14.804489,2026-03-01 09:58:14.804490
4348d08c-18b6-4e39-8e27-23210141fda4,Sonal,Mishra,Female,47,Single,9890040374,"142, MG Road",Chennai,Tamil Nadu,884140,B-,Labourer,Aadhaar,872162574642,True,2026-03-01 09:58:14.804490,2026-03-01 09:58:14.804490
784f21ed-762d-4d83-a379-ffdec4d1fcbf,Suresh,Mehta,Male,49,Widowed,9759304715,"714, MG Road",Lucknow,Uttar Pradesh,268546,AB+,Driver,Aadhaar,980491018781,True,2026-03-01 09:58:14.804490,2026-03-01 09:58:14.804490
1e4a2363-132d-47d0-ae92-3e7ba7c1c6f8,Arun,Singh,Male,38,Married,9168805869,"270, Nehru Nagar",Lucknow,Uttar Pradesh,488848,A-,Shopkeeper,Aadhaar,894731107696,True,2026-03-01 09:58:14.804491,2026-03-01 09:58:14.804491
8299c80b-88cd-4551-844e-49d064cfa61f,Puja,Pillai,Female,33,Widowed,9161700457,"969, Nehru Nagar",Surat,Gujarat,771394,AB-,Labourer,Aadhaar,319089332926,True,2026-03-01 09:58:14.804491,2026-03-01 09:58:14.804491
7ba9ba8f-9d5b-47c7-987d-66fa6b3470c1,Neha,Patel,Female,37,Widowed,9348754813,"630, Nehru Nagar",Bhopal,Madhya Pradesh,806765,A+,Student,Aadhaar,818287137819,True,2026-03-01 09:58:14.804491,2026-03-01 09:58:14.804491
9f6d6eb5-d64f-40bb-9797-48bd2b76e734,Manoj,Gupta,Male,48,Single,9819044151,"405, Ambedkar Marg",Ranchi,Jharkhand,714549,B-,Government Employee,Aadhaar,907519850359,True,2026-03-01 09:58:14.804492,2026-03-01 09:58:14.804492
368ec0f6-f9a6-489f-a2a3-f796d25d426c,Vikram,Rao,Male,55,Widowed,9473764425,"356, Gandhi Chowk",Pune,Maharashtra,337288,B-,Labourer,Aadhaar,546374722016,True,2026-03-01 09:58:14.804492,2026-03-01 09:58:14.804492
b602ea96-b0c3-48a7-94e8-97a205f50e0c,Anil,Joshi,Male,29,Married,9640273782,"302, Gandhi Chowk",Jaipur,Rajasthan,222692,O+,Government Employee,Aadhaar,975370802363,True,2026-03-01 09:58:14.804493,2026-03-01 09:58:14.804493
f999149d-27ba-4b50-8214-b477381ff429,Usha,Agarwal,Female,38,Married,9913330750,"348, Ambedkar Marg",Nashik,Maharashtra,814703,AB-,Shopkeeper,Aadhaar,133767132866,True,2026-03-01 09:58:14.804493,2026-03-01 09:58:14.804493
10853d7f-4f7a-4a42-bcaf-7101449a5d76,Kavita,Yadav,Female,39,Married,9826829775,"719, Nehru Nagar",Mumbai,Maharashtra,939030,O-,Housewife,Aadhaar,490650664621,True,2026-03-01 09:58:14.804493,2026-03-01 09:58:14.804493
7f1df43f-7d60-4d06-bc24-fb5512a3ef82,Santosh,More,Male,33,Single,9823377624,"767, Gandhi Chowk",Ahmedabad,Gujarat,179721,B+,Labourer,Aadhaar,487895129979,True,2026-03-01 09:58:14.804494,2026-03-01 09:58:14.804494
38e80610-ef0a-4c31-ace1-5af5c96189bd,Pramod,Yadav,Male,43,Married,9635796460,"755, Nehru Nagar",Delhi,Delhi,346269,B-,Nurse,Aadhaar,324478206808,True,2026-03-01 09:58:14.804494,2026-03-01 09:58:14.804494
20291405-2b50-4649-a270-a77367c07fa8,Dinesh,More,Male,39,Married,9936378830,"110, MG Road",Ahmedabad,Gujarat,182300,AB-,Shopkeeper,Aadhaar,937547071183,True,2026-03-01 09:58:14.804494,2026-03-01 09:58:14.804495
0d4107c4-9e17-4daf-a52c-bc3d5b4e722a,Mohan,Nair,Male,34,Widowed,9394992351,"503, Nehru Nagar",Bangalore,Karnataka,901387,O+,Housewife,Aadhaar,925587602061,True,2026-03-01 09:58:14.804495,2026-03-01 09:58:14.804495
13a19c7e-bd8a-4049-8c67-3984096ac483,Rajesh,Reddy,Male,36,Widowed,9134963873,"515, Gandhi Chowk",Bhopal,Madhya Pradesh,512842,B+,Labourer,Aadhaar,233043085364,True,2026-03-01 09:58:14.804495,2026-03-01 09:58:14.804495
fcfe7e95-3f9e-4264-95da-b7cce015e749,Shweta,Srivastava,Female,40,Single,9723852830,"104, Gandhi Chowk",Mumbai,Maharashtra,479167,O+,Engineer,Aadhaar,390118870701,True,2026-03-01 09:58:14.804496,2026-03-01 09:58:14.804496
c174c026-2832-4353-9274-465cc15d09e4,Anil,Nair,Male,34,Married,9635550230,"435, Nehru Nagar",Coimbatore,Tamil Nadu,539450,O-,Student,Aadhaar,541755966805,True,2026-03-01 09:58:14.804496,2026-03-01 09:58:14.804496
d779a0d0-c988-46d2-a1e2-3e790f5bd5b1,Geeta,Joshi,Female,77,Widowed,9345421677,"834, MG Road",Chennai,Tamil Nadu,855829,O+,Retired,Aadhaar,710898131522,True,2026-03-01 09:58:14.804496,2026-03-01 09:58:14.804497
a9d720e2-81bf-47fa-b3cc-e3e7c79fc76c,Puja,Mehta,Female,74,Married,9607865951,"826, MG Road",Delhi,Delhi,285186,AB+,Labourer,Aadhaar,669644312707,True,2026-03-01 09:58:14.804497,2026-03-01 09:58:14.804497
655037e0-9e50-42ec-8eb7-11ed61b5f742,Jyoti,Nair,Female,38,Widowed,9151227475,"408, MG Road",Pune,Maharashtra,824087,B+,Farmer,Aadhaar,994278622658,True,2026-03-01 09:58:14.804497,2026-03-01 09:58:14.804497
e4a5e157-2d6d-4fb6-b433-f7f0d1e31ccf,Lata,More,Female,36,Single,9378924968,"370, Gandhi Chowk",Hyderabad,Telangana,687569,O+,Student,Aadhaar,551056758184,True,2026-03-01 09:58:14.804498,2026-03-01 09:58:14.804498
c474e459-90c3-45e3-be3d-2380e9607079,Rohit,Patil,Male,38,Widowed,9718361962,"666, Shivaji Nagar",Surat,Gujarat,283017,O+,Student,Aadhaar,840130627060,True,2026-03-01 09:58:14.804498,2026-03-01 09:58:14.804498
5f57eb8f-a26b-47c4-8904-581c57ed653f,Madhuri,Dubey,Female,28,Widowed,9407652347,"475, Nehru Nagar",Jaipur,Rajasthan,275715,O-,Housewife,Aadhaar,772726196810,True,2026-03-01 09:58:14.804498,2026-03-01 09:58:14.804499
7cd45c29-42d8-4f18-b948-caa0d16173ec,Meera,Gupta,Female,32,Single,9801167479,"299, Gandhi Chowk",Delhi,Delhi,734792,AB+,Business,Aadhaar,589143911724,True,2026-03-01 09:58:14.804499,2026-03-01 09:58:14.804499
61ffac22-7bac-456f-a159-6812733274c1,Vandana,Iyer,Female,36,Married,9297446299,"875, MG Road",Lucknow,Uttar Pradesh,231113,B-,Driver,Aadhaar,871994066247,True,2026-03-01 09:58:14.804499,2026-03-01 09:58:14.804499
f996892f-a88b-4314-8e90-c75f1c6319aa,Dinesh,Joshi,Male,28,Single,9688876249,"56, MG Road",Bangalore,Karnataka,908382,AB+,Government Employee,Aadhaar,212026710909,True,2026-03-01 09:58:14.804500,2026-03-01 09:58:14.804500
0041f8c6-bc38-4c74-99c9-b6389ccfa338,Divya,Singh,Female,70,Single,9432184213,"235, Nehru Nagar",Mumbai,Maharashtra,873422,O+,Labourer,Aadhaar,240129667547,True,2026-03-01 09:58:14.804500,2026-03-01 09:58:14.804500
efdf3da5-1754-4bcc-aa2c-4647f4f44c75,Vivek,More,Male,23,Single,9449182252,"885, Ambedkar Marg",Delhi,Delhi,589887,O+,Government Employee,Aadhaar,247939482527,True,2026-03-01 09:58:14.804500,2026-03-01 09:58:14.804501
71960be8-1e6d-45dd-9ada-e47f64325dfa,Pramod,Pillai,Male,44,Widowed,9567053396,"537, Shivaji Nagar",Jaipur,Rajasthan,424703,O-,Labourer,Aadhaar,351425960112,True,2026-03-01 09:58:14.804501,2026-03-01 09:58:14.804501
307183c2-c1b3-4524-adc3-c7ea58d85f0d,Mahesh,Mishra,Male,33,Single,9111334226,"1, Shivaji Nagar",Bangalore,Karnataka,954987,B+,Student,Aadhaar,616627710002,True,2026-03-01 09:58:14.804501,2026-03-01 09:58:14.804501
abf053d4-93ad-4200-b31d-14bf9186bb4a,Santosh,Nair,Male,36,Married,9922345794,"441, Gandhi Chowk",Coimbatore,Tamil Nadu,726003,B-,Retired,Aadhaar,701326422452,True,2026-03-01 09:58:14.804502,2026-03-01 09:58:14.804502
2b75940e-70a6-44d1-995e-4e716d8fed07,Neha,Pandey,Female,35,Married,9275309282,"733, Ambedkar Marg",Varanasi,Uttar Pradesh,968668,AB+,Doctor,Aadhaar,187028837610,True,2026-03-01 09:58:14.804502,2026-03-01 09:58:14.804502
9c1f44ad-f598-4795-afa3-f24a04eff889,Manisha,Shah,Female,51,Widowed,9967126986,"711, Gandhi Chowk",Lucknow,Uttar Pradesh,398505,O+,Housewife,Aadhaar,297862546067,True,2026-03-01 09:58:14.804502,2026-03-01 09:58:14.804503
218257fa-7357-4a5e-9473-a52d13ad736c,Ajay,Kumar,Male,39,Single,9852126726,"638, Ambedkar Marg",Surat,Gujarat,296911,O-,Farmer,Aadhaar,152193083848,True,2026-03-01 09:58:14.804503,2026-03-01 09:58:14.804503
2ba09023-5943-4550-b3eb-43e95dce8c8d,Manoj,Kumar,Male,29,Single,9880725278,"9, Nehru Nagar",Pune,Maharashtra,194578,B+,Farmer,Aadhaar,338343109321,True,2026-03-01 09:58:14.804503,2026-03-01 09:58:14.804503
29cf65e8-d19a-4ffd-aaef-7acdf450ea73,Anita,Mishra,Female,36,Single,9597877404,"714, MG Road",Bhopal,Madhya Pradesh,446290,A-,Nurse,Aadhaar,160756984598,True,2026-03-01 09:58:14.804504,2026-03-01 09:58:14.804504
f94e6a11-ff2a-4525-8d86-42c66f58aad6,Madhuri,Verma,Female,36,Married,9368520783,"837, Ambedkar Marg",Mumbai,Maharashtra,968485,A+,Teacher,Aadhaar,945999458708,True,2026-03-01 09:58:14.804504,2026-03-01 09:58:14.804504
891ef0f1-b26c-42ef-9e31-52793669d670,Nitin,Bhatt,Male,32,Married,9313867761,"472, MG Road",Nashik,Maharashtra,646453,B-,Labourer,Aadhaar,848995579879,True,2026-03-01 09:58:14.804504,2026-03-01 09:58:14.804505
30fcee78-9709-4fbb-b984-a7b14d92b8c7,Shweta,Joshi,Female,24,Widowed,9659340310,"126, Gandhi Chowk",Hyderabad,Telangana,604605,O+,Doctor,Aadhaar,339086633582,True,2026-03-01 09:58:14.804505,2026-03-01 09:58:14.804505
c4bee46f-0457-499e-8e4c-6da2ee3c5a22,Ramesh,Desai,Male,20,Single,9727813474,"123, Ambedkar Marg",Jaipur,Rajasthan,927477,B-,Farmer,Aadhaar,147110787312,True,2026-03-01 09:58:14.804505,2026-03-01 09:58:14.804505
ab41944b-1a95-4f5b-981c-1535c7ac5419,Usha,Pillai,Female,47,Married,9269327426,"512, MG Road",Delhi,Delhi,819265,O-,Retired,Aadhaar,167109432352,True,2026-03-01 09:58:14.804506,2026-03-01 09:58:14.804506
0cfe8337-56d7-4c94-ab5c-67019c281ac7,Rohit,Desai,Male,37,Married,9235106204,"500, Nehru Nagar",Delhi,Delhi,432125,O-,Retired,Aadhaar,584866571585,True,2026-03-01 09:58:14.804506,2026-03-01 09:58:14.804506
7776b255-025b-4fcc-a854-b29e2dbe12a1,Amit,Srivastava,Male,42,Single,9142400500,"497, Ambedkar Marg",Bangalore,Karnataka,686179,O+,Government Employee,Aadhaar,639864666459,True,2026-03-01 09:58:14.804506,2026-03-01 09:58:14.804507
b7119031-c290-44fd-8233-0f0f4bb1750f,Pramod,Joshi,Male,34,Single,9395627385,"889, Shivaji Nagar",Chennai,Tamil Nadu,681456,B+,Teacher,Aadhaar,269784942434,True,2026-03-01 09:58:14.804507,2026-03-01 09:58:14.804507
2e2dcaf1-e5d0-4d10-93cc-63bfc4d715a0,Anjali,More,Female,34,Married,9933135507,"654, Shivaji Nagar",Ahmedabad,Gujarat,497455,B+,Farmer,Aadhaar,951967215667,True,2026-03-01 09:58:14.804507,2026-03-01 09:58:14.804507
74c528e1-974e-4bd0-8440-b71aa971c521,Sanjay,Dubey,Male,75,Single,9303870775,"537, Ambedkar Marg",Mumbai,Maharashtra,902930,B+,Shopkeeper,Aadhaar,453403348439,True,2026-03-01 09:58:14.804508,2026-03-01 09:58:14.804508
150d9bd5-01bb-43ac-b839-7886da7e0d56,Manisha,Tiwari,Female,37,Married,9147005473,"856, Nehru Nagar",Delhi,Delhi,287316,A+,Doctor,Aadhaar,633035743163,True,2026-03-01 09:58:14.804508,2026-03-01 09:58:14.804508
d7cfb3bc-3c2b-4c99-9568-3ac190bd0386,Suresh,Patel,Male,56,Widowed,9626036464,"539, Shivaji Nagar",Chennai,Tamil Nadu,835381,O+,Farmer,Aadhaar,342091647127,True,2026-03-01 09:58:14.804508,2026-03-01 09:58:14.804509
3e1ac299-eb83-445a-bb5d-290770b11257,Amit,Mehta,Male,69,Married,9602574675,"821, MG Road",Surat,Gujarat,478458,AB+,Nurse,Aadhaar,973463498854,True,2026-03-01 09:58:14.804509,2026-03-01 09:58:14.804509
6816b955-138a-4d5e-9c2c-3ca921b0ae46,Arun,Pillai,Male,23,Married,9995990847,"312, MG Road",Ahmedabad,Gujarat,326387,A-,Teacher,Aadhaar,356517660203,True,2026-03-01 09:58:14.804509,2026-03-01 09:58:14.804509
28df991c-eda0-42a8-851a-519b4d1da576,Neha,Mehta,Female,32,Widowed,9292090149,"572, Shivaji Nagar",Lucknow,Uttar Pradesh,535352,A-,Retired,Aadhaar,734103062981,True,2026-03-01 09:58:14.804510,2026-03-01 09:58:14.804510
2f412f43-e6f4-4dc1-80e0-5b20839182c3,Seema,Agarwal,Female,35,Married,9279110141,"812, Nehru Nagar",Kolkata,West Bengal,676680,AB+,Government Employee,Aadhaar,823004112457,True,2026-03-01 09:58:14.804510,2026-03-01 09:58:14.804510
4c4507f0-6720-4d95-a476-cf5afe8d88df,Ashok,Pillai,Male,34,Single,9690645339,"333, Gandhi Chowk",Jaipur,Rajasthan,532373,AB+,Nurse,Aadhaar,455304896244,True,2026-03-01 09:58:14.804510,2026-03-01 09:58:14.804511
3a4cace6-6302-43a0-bc58-7642b4b341ea,Pramod,Rao,Male,46,Widowed,9372826122,"369, Ambedkar Marg",Ahmedabad,Gujarat,569237,AB+,Farmer,Aadhaar,137479230166,True,2026-03-01 09:58:14.804511,2026-03-01 09:58:14.804511
c89a09b0-0583-49fa-b5f6-a725fb45b1cb,Divya,Sharma,Female,79,Single,9107053228,"308, Nehru Nagar",Lucknow,Uttar Pradesh,325258,O-,Farmer,Aadhaar,859965892498,True,2026-03-01 09:58:14.804511,2026-03-01 09:58:14.804511
5aeaf416-1c98-46b4-ae7a-f7ed9b354c3a,Pallavi,Reddy,Female,69,Married,9201240032,"39, Ambedkar Marg",Chennai,Tamil Nadu,472932,B+,Engineer,Aadhaar,500570074093,True,2026-03-01 09:58:14.804512,2026-03-01 09:58:14.804512
52766653-044f-47f9-84a0-fe6b83f877a8,Ramesh,Yadav,Male,28,Single,9711028819,"940, Nehru Nagar",Nagpur,Maharashtra,869933,A-,Clerk,Aadhaar,968977935535,True,2026-03-01 09:58:14.804512,2026-03-01 09:58:14.804512
59300583-3943-4158-9e11-14cd5073cf4d,Asha,Nair,Female,41,Widowed,9979947812,"930, MG Road",Nagpur,Maharashtra,724145,O+,Farmer,Aadhaar,987901979370,True,2026-03-01 09:58:14.804512,2026-03-01 09:58:14.804513
d1b52fa1-4ce0-4f09-978d-4ad4e31beb90,Meera,Bhatt,Female,47,Single,9977399222,"445, Ambedkar Marg",Mumbai,Maharashtra,226395,B-,Clerk,Aadhaar,795833812245,True,2026-03-01 09:58:14.804513,2026-03-01 09:58:14.804513
2f9de434-2908-4bc5-9f2b-123af69e1ddd,Sunita,Mishra,Female,34,Widowed,9260610323,"335, Shivaji Nagar",Lucknow,Uttar Pradesh,831663,B-,Engineer,Aadhaar,838951355842,True,2026-03-01 09:58:14.804513,2026-03-01 09:58:14.804513
51f7ca90-3414-4427-b08a-2399e98e704f,Geeta,Bhatt,Female,37,Married,9563787397,"297, Ambedkar Marg",Hyderabad,Telangana,255202,B+,Student,Aadhaar,620045571381,True,2026-03-01 09:58:14.804514,2026-03-01 09:58:14.804514
931a4a3a-a912-4f91-84a8-2ae7d8e53487,Ashok,Verma,Male,35,Single,9930888412,"715, Nehru Nagar",Ahmedabad,Gujarat,899049,B+,Labourer,Aadhaar,317150523603,True,2026-03-01 09:58:14.804514,2026-03-01 09:58:14.804514
8805d906-6bf9-4c65-a100-e639e53fedde,Puja,Desai,Female,38,Widowed,9662906773,"253, Nehru Nagar",Chennai,Tamil Nadu,175124,O+,Retired,Aadhaar,454034436531,True,2026-03-01 09:58:14.804514,2026-03-01 09:58:14.804515
b58bb7df-e546-4bcc-8ed9-2c355b252f47,Suresh,Jain,Male,34,Married,9444390192,"353, Shivaji Nagar",Jaipur,Rajasthan,787247,A+,Retired,Aadhaar,285992780724,True,2026-03-01 09:58:14.804515,2026-03-01 09:58:14.804515
074ae410-bd8e-4390-9509-cea666e8561f,Divya,More,Female,36,Married,9572944000,"46, Nehru Nagar",Ranchi,Jharkhand,309385,O-,Engineer,Aadhaar,902118358867,True,2026-03-01 09:58:14.804515,2026-03-01 09:58:14.804515
14b56f6f-d574-4652-85e4-587dcf784b37,Suresh,Dubey,Male,72,Married,9993830749,"840, Gandhi Chowk",Mumbai,Maharashtra,114400,O-,Clerk,Aadhaar,223713443912,True,2026-03-01 09:58:14.804516,2026-03-01 09:58:14.804516
351b57ec-f5ea-4d0e-b28f-e09ec9202e63,Geeta,Nair,Female,32,Widowed,9327499388,"209, Shivaji Nagar",Mumbai,Maharashtra,648684,O+,Government Employee,Aadhaar,784974382341,True,2026-03-01 09:58:14.804516,2026-03-01 09:58:14.804516
e9d619a2-5b05-4329-ae6f-42b07d4756f4,Santosh,Srivastava,Male,35,Widowed,9665646221,"45, Gandhi Chowk",Surat,Gujarat,278593,A+,Business,Aadhaar,968445376789,True,2026-03-01 09:58:14.804516,2026-03-01 09:58:14.804517
9a38f96d-6471-4414-b4fd-057a68653647,Sunita,Agarwal,Female,19,Single,9809069927,"278, Gandhi Chowk",Surat,Gujarat,213132,A+,Business,Aadhaar,523695994642,True,2026-03-01 09:58:14.804517,2026-03-01 09:58:14.804517
5ccf3007-476d-4f4c-a836-ee8735ad0ec4,Nitin,Reddy,Male,29,Single,9620402022,"888, Shivaji Nagar",Nashik,Maharashtra,657381,A-,Engineer,Aadhaar,650609976365,True,2026-03-01 09:58:14.804517,2026-03-01 09:58:14.804517
cb8ded01-231d-4c55-85be-34cf6d771c6b,Pallavi,Srivastava,Female,32,Widowed,9427413432,"342, Ambedkar Marg",Mumbai,Maharashtra,512509,B+,Farmer,Aadhaar,853108685144,True,2026-03-01 09:58:14.804518,2026-03-01 09:58:14.804518
c3f6a7f8-dea8-4985-8a03-feb735fbe163,Ritu,Desai,Female,79,Widowed,9396222040,"832, MG Road",Pune,Maharashtra,756190,O+,Housewife,Aadhaar,346016559274,True,2026-03-01 09:58:14.804518,2026-03-01 09:58:14.804518
cf1b7e37-6c08-4e04-b505-a247c2ae464f,Sanjay,Verma,Male,28,Single,9659116527,"984, Shivaji Nagar",Surat,Gujarat,755910,B-,Housewife,Aadhaar,728097567032,True,2026-03-01 09:58:14.804518,2026-03-01 09:58:14.804519
ef69fdb0-4b09-4167-98ee-92546e76e82b,Kiran,Mishra,Male,34,Widowed,9241489248,"212, Nehru Nagar",Amritsar,Punjab,709254,B-,Nurse,Aadhaar,439895592795,True,2026-03-01 09:58:14.804519,2026-03-01 09:58:14.804519
4310eff1-c8f0-4450-a3b9-0aad3229f20b,Kiran,Bhatt,Male,70,Married,9440908961,"70, Shivaji Nagar",Delhi,Delhi,658850,A-,Engineer,Aadhaar,262691806925,True,2026-03-01 09:58:14.804519,2026-03-01 09:58:14.804519
549ab7e2-1a9f-4992-9dd3-50a7ececb124,Ravi,Tiwari,Male,35,Single,9425717549,"454, Gandhi Chowk",Varanasi,Uttar Pradesh,259338,B-,Teacher,Aadhaar,302428448181,True,2026-03-01 09:58:14.804520,2026-03-01 09:58:14.804520
ea498238-5722-47ac-82f6-50065bf2bdf8,Ravi,Pillai,Male,38,Widowed,9347939168,"611, Nehru Nagar",Hyderabad,Telangana,342129,A+,Student,Aadhaar,856255588451,True,2026-03-01 09:58:14.804520,2026-03-01 09:58:14.804520
7645f594-0c55-4376-adcd-1b0263a29e7b,Rekha,Reddy,Female,36,Widowed,9501535849,"189, Ambedkar Marg",Nagpur,Maharashtra,615318,AB-,Engineer,Aadhaar,311156854624,True,2026-03-01 09:58:14.804520,2026-03-01 09:58:14.804520
a31a522c-74f7-425a-90bc-1acf2f4bce56,Rajesh,Pandey,Male,20,Single,9543502646,"228, Nehru Nagar",Indore,Madhya Pradesh,894586,B-,Teacher,Aadhaar,639521161767,True,2026-03-01 09:58:14.804521,2026-03-01 09:58:14.804521
ee12f24d-40aa-4e64-8eb4-62bc604e3c6f,Geeta,Shah,Female,47,Widowed,9889556480,"845, Ambedkar Marg",Jaipur,Rajasthan,855185,O-,Housewife,Aadhaar,730254100367,True,2026-03-01 09:58:14.804521,2026-03-01 09:58:14.804521
aa0d67d2-b487-4455-8edf-f5b0aa768a40,Vivek,Kumar,Male,55,Married,9363841612,"532, Shivaji Nagar",Jaipur,Rajasthan,514828,A+,Government Employee,Aadhaar,668599544190,True,2026-03-01 09:58:14.804521,2026-03-01 09:58:14.804522
d2598b2d-08a1-4edd-9269-b6c1a3e118f0,Dinesh,Mishra,Male,63,Single,9595367749,"171, Ambedkar Marg",Jaipur,Rajasthan,408721,A+,Clerk,Aadhaar,607417055426,True,2026-03-01 09:58:14.804522,2026-03-01 09:58:14.804522
409c0f83-8a19-4d55-8026-c202f3878f3b,Meera,Dubey,Female,31,Widowed,9847446866,"560, Nehru Nagar",Lucknow,Uttar Pradesh,512160,AB+,Student,Aadhaar,127706343804,True,2026-03-01 09:58:14.804522,2026-03-01 09:58:14.804522
7c8a41b1-686a-4838-acdf-af14643f3d40,Mahesh,Iyer,Male,65,Single,9196829676,"257, Gandhi Chowk",Varanasi,Uttar Pradesh,825318,B+,Clerk,Aadhaar,236293323924,True,2026-03-01 09:58:14.804523,2026-03-01 09:58:14.804523
9bf47bb9-29f1-464c-a939-a6902121878f,Suresh,Srivastava,Male,34,Widowed,9859435175,"394, Shivaji Nagar",Jaipur,Rajasthan,741804,B+,Housewife,Aadhaar,518975545303,True,2026-03-01 09:58:14.804523,2026-03-01 09:58:14.804523
b3724ab0-66d8-4e13-aa0f-33dbbdd80ac1,Ravi,Joshi,Male,38,Widowed,9261157630,"167, Nehru Nagar",Amritsar,Punjab,287555,A+,Housewife,Aadhaar,440625533482,True,2026-03-01 09:58:14.804523,2026-03-01 09:58:14.804524
c9fe0601-58dc-4208-bd83-dd137bd99860,Anjali,Desai,Female,65,Married,9103793417,"638, Gandhi Chowk",Delhi,Delhi,112800,AB-,Labourer,Aadhaar,649134809093,True,2026-03-01 09:58:14.804524,2026-03-01 09:58:14.804524
58718bc5-b59f-4486-b054-ebd5f628a95e,Girish,Nair,Male,38,Single,9587197988,"420, Ambedkar Marg",Ahmedabad,Gujarat,183262,A+,Doctor,Aadhaar,705084303580,True,2026-03-01 09:58:14.804524,2026-03-01 09:58:14.804524
0af2a3ef-1f86-4c87-be67-633e3cb42098,Divya,Desai,Female,55,Married,9298470427,"152, MG Road",Chennai,Tamil Nadu,785010,O-,Farmer,Aadhaar,830283735074,True,2026-03-01 09:58:14.804525,2026-03-01 09:58:14.804525
3642671a-b30b-414d-bd52-2a75db286420,Shweta,Gupta,Female,35,Married,9273232379,"689, Gandhi Chowk",Mumbai,Maharashtra,740774,B+,Labourer,Aadhaar,738873528295,True,2026-03-01 09:58:14.804525,2026-03-01 09:58:14.804525
7fa9c36d-1193-448b-9cb3-fe0001c8454e,Sunita,Gupta,Female,34,Single,9980752567,"70, Ambedkar Marg",Indore,Madhya Pradesh,984274,A-,Business,Aadhaar,248051031021,True,2026-03-01 09:58:14.804525,2026-03-01 09:58:14.804526
ecce16f4-1966-48bc-a8a7-385de122d12f,Santosh,Patil,Male,37,Widowed,9325319746,"713, Nehru Nagar",Pune,Maharashtra,741784,A+,Teacher,Aadhaar,901317919940,True,2026-03-01 09:58:14.804526,2026-03-01 09:58:14.804526
ba4425ef-150f-4e55-a13f-8243b58db9a0,Deepak,Dubey,Male,70,Widowed,9408365022,"438, Shivaji Nagar",Kolkata,West Bengal,988980,O-,Business,Aadhaar,733616730635,True,2026-03-01 09:58:14.804526,2026-03-01 09:58:14.804526
5362acd8-4fcb-4d18-a271-c8775a207c0b,Rekha,Pillai,Female,37,Widowed,9634445451,"505, Nehru Nagar",Chennai,Tamil Nadu,739008,B-,Clerk,Aadhaar,100831314297,True,2026-03-01 09:58:14.804527,2026-03-01 09:58:14.804527
ba908646-0bed-4655-ac63-433bd33c4503,Amit,Agarwal,Male,29,Married,9958525681,"631, Ambedkar Marg",Hyderabad,Telangana,534153,A+,Student,Aadhaar,715682058820,True,2026-03-01 09:58:14.804527,2026-03-01 09:58:14.804527
80a90ae1-bbc3-45e7-b1ab-a16998c47355,Amit,Desai,Male,33,Married,9430468261,"308, Shivaji Nagar",Ahmedabad,Gujarat,676710,O-,Retired,Aadhaar,224580385181,True,2026-03-01 09:58:14.804527,2026-03-01 09:58:14.804528
5e4f029d-fada-4e51-b394-c5558b14e0f4,Shweta,Verma,Female,39,Married,9993399121,"180, Nehru Nagar",Kolkata,West Bengal,446569,O-,Driver,Aadhaar,978211292292,True,2026-03-01 09:58:14.804528,2026-03-01 09:58:14.804528
aaa84dab-036a-4b97-a944-149cb1847665,Hemant,Singh,Male,39,Widowed,9459821251,"474, Ambedkar Marg",Lucknow,Uttar Pradesh,878656,A+,Nurse,Aadhaar,428655506955,True,2026-03-01 09:58:14.804528,2026-03-01 09:58:14.804528
eb2d6b2e-ea75-421d-9a8c-586847c51c49,Pallavi,Rao,Female,38,Single,9958494527,"939, Gandhi Chowk",Mumbai,Maharashtra,169429,B+,Business,Aadhaar,133675718267,True,2026-03-01 09:58:14.804529,2026-03-01 09:58:14.804529
59b7e3f7-9a11-4cec-b53b-e4f0fd6e45a4,Puja,Desai,Female,31,Widowed,9518293601,"192, Shivaji Nagar",Chennai,Tamil Nadu,222520,O+,Clerk,Aadhaar,447281690295,True,2026-03-01 09:58:14.804529,2026-03-01 09:58:14.804529
b06be325-37b5-4588-871d-134a1c60dade,Anil,Pandey,Male,62,Single,9585230723,"850, Gandhi Chowk",Mumbai,Maharashtra,326639,O+,Engineer,Aadhaar,508503922763,True,2026-03-01 09:58:14.804529,2026-03-01 09:58:14.804530
aca48e51-2e33-463f-9604-7ad26f945491,Ravi,Mehta,Male,36,Married,9957946858,"495, Shivaji Nagar",Amritsar,Punjab,261562,B-,Student,Aadhaar,632247967128,True,2026-03-01 09:58:14.804530,2026-03-01 09:58:14.804530
c011c5da-42a8-439b-9d5d-1125a32832b6,Madhuri,Tiwari,Female,61,Widowed,9826619655,"136, Nehru Nagar",Delhi,Delhi,859767,A+,Labourer,Aadhaar,883348726569,True,2026-03-01 09:58:14.804530,2026-03-01 09:58:14.804530
f8d04992-b419-43bd-ba0a-5d9372305488,Amit,Mishra,Male,41,Widowed,9193497030,"342, Ambedkar Marg",Amritsar,Punjab,148381,A-,Government Employee,Aadhaar,824845224567,True,2026-03-01 09:58:14.804531,2026-03-01 09:58:14.804531
d5e091a2-acc7-4497-ab97-8c65bd96219c,Priya,Iyer,Female,39,Married,9444542674,"206, Nehru Nagar",Indore,Madhya Pradesh,400487,O+,Government Employee,Aadhaar,947479295221,True,2026-03-01 09:58:14.804531,2026-03-01 09:58:14.804531
c9904158-1c60-46d9-820c-99e0aaf88fe9,Seema,Kumar,Female,30,Married,9116381768,"982, Shivaji Nagar",Pune,Maharashtra,686810,A-,Doctor,Aadhaar,484582232446,True,2026-03-01 09:58:14.804531,2026-03-01 09:58:14.804532
a82cd48d-2285-4e75-b680-f8dada41ede0,Sonal,Singh,Female,51,Widowed,9362878922,"176, MG Road",Coimbatore,Tamil Nadu,426503,O-,Government Employee,Aadhaar,153445059651,True,2026-03-01 09:58:14.804532,2026-03-01 09:58:14.804532
446fbe34-c7a5-48bd-8f85-f2d25cd6d276,Amit,Nair,Male,25,Single,9157767179,"89, Ambedkar Marg",Varanasi,Uttar Pradesh,510954,B+,Clerk,Aadhaar,794035603249,True,2026-03-01 09:58:14.804532,2026-03-01 09:58:14.804532
763dfaac-b932-47fc-b4ac-f7e3098340f7,Divya,Chauhan,Female,53,Widowed,9914328532,"687, Shivaji Nagar",Pune,Maharashtra,182361,AB-,Shopkeeper,Aadhaar,199350304235,True,2026-03-01 09:58:14.804533,2026-03-01 09:58:14.804533
403d30a9-bcff-4b3e-879b-f777a6c71601,Kavita,Agarwal,Female,39,Single,9605244785,"238, Nehru Nagar",Pune,Maharashtra,250703,O+,Student,Aadhaar,299252453180,True,2026-03-01 09:58:14.804533,2026-03-01 09:58:14.804533
2bd84f30-7feb-429a-b4f9-fa88ce912af6,Jyoti,Patil,Female,36,Married,9170185347,"487, MG Road",Varanasi,Uttar Pradesh,468512,AB-,Labourer,Aadhaar,288316132180,True,2026-03-01 09:58:14.804534,2026-03-01 09:58:14.804534
3e36a3fe-c655-47b0-a5de-3fdc883da853,Madhuri,Chauhan,Female,30,Married,9535602000,"838, MG Road",Hyderabad,Telangana,441699,A-,Retired,Aadhaar,685413139712,True,2026-03-01 09:58:14.804534,2026-03-01 09:58:14.804534
ba3798f4-748e-45ba-ba5c-b52e0d204821,Puja,Iyer,Female,39,Widowed,9270746733,"998, Ambedkar Marg",Jaipur,Rajasthan,502460,A-,Student,Aadhaar,994247573582,True,2026-03-01 09:58:14.804534,2026-03-01 09:58:14.804535
8f3ec93a-c13f-4d73-a58f-6be22a5eb8ac,Jyoti,Pandey,Female,34,Widowed,9353568773,"178, MG Road",Chennai,Tamil Nadu,875282,AB-,Teacher,Aadhaar,755378350275,True,2026-03-01 09:58:14.804535,2026-03-01 09:58:14.804535
b9e76602-81af-4342-b5c7-af5c2b15c900,Shweta,Rao,Female,36,Single,9535717670,"72, Shivaji Nagar",Delhi,Delhi,214027,AB+,Student,Aadhaar,810792585336,True,2026-03-01 09:58:14.804535,2026-03-01 09:58:14.804535
f8b25e98-b17a-4f34-8f3e-5af3d969fc4b,Vikram,Mehta,Male,63,Widowed,9969558400,"1, Nehru Nagar",Nagpur,Maharashtra,792984,B+,Labourer,Aadhaar,420109306294,True,2026-03-01 09:58:14.804536,2026-03-01 09:58:14.804536
794f78c0-0785-44ce-8266-f86e5e790807,Divya,Iyer,Female,32,Single,9421838360,"584, Gandhi Chowk",Jaipur,Rajasthan,555844,O-,Teacher,Aadhaar,111092727916,True,2026-03-01 09:58:14.804536,2026-03-01 09:58:14.804536
1e0c3a19-0842-4b69-bec0-4f21aa5cb029,Rekha,Patil,Female,34,Widowed,9157045020,"1, Shivaji Nagar",Pune,Maharashtra,960622,O-,Teacher,Aadhaar,412936676630,True,2026-03-01 09:58:14.804536,2026-03-01 09:58:14.804536
744c4e9a-bb4d-41ba-9f8d-985572560968,Ramesh,Pandey,Male,35,Single,9864261139,"392, Ambedkar Marg",Kolkata,West Bengal,500099,AB+,Government Employee,Aadhaar,826756639166,True,2026-03-01 09:58:14.804537,2026-03-01 09:58:14.804537
5a3fe043-bd0e-4d54-995a-b9a5abcc0b52,Deepak,Singh,Male,35,Single,9548003203,"158, Gandhi Chowk",Delhi,Delhi,802615,B+,Engineer,Aadhaar,177359244792,True,2026-03-01 09:58:14.804537,2026-03-01 09:58:14.804537
70f21b74-40d7-4214-8a49-1a76db2bbdda,Pradeep,Dubey,Male,40,Married,9190906681,"141, Ambedkar Marg",Varanasi,Uttar Pradesh,578180,AB+,Shopkeeper,Aadhaar,598988430189,True,2026-03-01 09:58:14.804537,2026-03-01 09:58:14.804538
23a5e980-311e-4f33-99d0-5f06fc9d4787,Pallavi,More,Female,34,Married,9556095308,"620, MG Road",Jaipur,Rajasthan,706012,AB-,Nurse,Aadhaar,360837286824,True,2026-03-01 09:58:14.804538,2026-03-01 09:58:14.804538
ff3519c8-73ab-4762-a7f5-d6353871ee00,Anita,Rao,Female,22,Married,9710045960,"495, Gandhi Chowk",Chennai,Tamil Nadu,218661,AB-,Clerk,Aadhaar,254962691091,True,2026-03-01 09:58:14.804538,2026-03-01 09:58:14.804538
c7e571d6-b1df-457d-9fb1-0b8a0f3e5eed,Geeta,Reddy,Female,64,Married,9363315107,"484, MG Road",Mumbai,Maharashtra,817303,O+,Shopkeeper,Aadhaar,685591071839,True,2026-03-01 09:58:14.804539,2026-03-01 09:58:14.804539
7575d4dd-6599-46d7-9148-bbe04f7fa74c,Deepak,Agarwal,Male,36,Widowed,9455960435,"432, Gandhi Chowk",Lucknow,Uttar Pradesh,936997,O+,Business,Aadhaar,139374147772,True,2026-03-01 09:58:14.804539,2026-03-01 09:58:14.804539
ffd13f9e-896a-41d6-a1ef-8230271fc16e,Vandana,Pawar,Female,26,Single,9720774271,"174, Shivaji Nagar",Chennai,Tamil Nadu,154127,O+,Retired,Aadhaar,786066823387,True,2026-03-01 09:58:14.804539,2026-03-01 09:58:14.804540
6a6b95e0-a334-43c1-90c5-16451be08888,Ajay,Nair,Male,37,Single,9370637678,"136, Shivaji Nagar",Mumbai,Maharashtra,394620,O+,Nurse,Aadhaar,113988518323,True,2026-03-01 09:58:14.804540,2026-03-01 09:58:14.804540
2c5e7b9d-835e-4ac8-a321-cf000baaa20b,Girish,Joshi,Male,43,Widowed,9579590189,"379, Nehru Nagar",Amritsar,Punjab,373943,B-,Labourer,Aadhaar,976949897935,True,2026-03-01 09:58:14.804540,2026-03-01 09:58:14.804540
36e7298c-405e-47f2-9f8f-cbd3a47e78db,Sanjay,Gupta,Male,38,Married,9999381416,"508, Ambedkar Marg",Nashik,Maharashtra,907789,AB+,Doctor,Aadhaar,583873881564,True,2026-03-01 09:58:14.804541,2026-03-01 09:58:14.804542
fac5fd7e-6c5b-4393-8d49-b4573f404ab8,Dinesh,Iyer,Male,34,Widowed,9383892497,"774, MG Road",Indore,Madhya Pradesh,155074,B+,Labourer,Aadhaar,621403638695,True,2026-03-01 09:58:14.804542,2026-03-01 09:58:14.804542
c16718da-1a9d-4abb-a2ad-2514250f3d3b,Lata,Dubey,Female,68,Married,9507807998,"700, Ambedkar Marg",Coimbatore,Tamil Nadu,597643,O+,Engineer,Aadhaar,114752071628,True,2026-03-01 09:58:14.804543,2026-03-01 09:58:14.804543
88667722-ffc0-4455-9288-61d253051eaf,Jyoti,Agarwal,Female,34,Widowed,9833232853,"979, MG Road",Bangalore,Karnataka,202093,O-,Nurse,Aadhaar,771869404404,True,2026-03-01 09:58:14.804543,2026-03-01 09:58:14.804543
7187eca1-2bf5-409d-899a-4d2cd16a4b4d,Shweta,Yadav,Female,29,Widowed,9727255103,"401, Ambedkar Marg",Ahmedabad,Gujarat,910707,B-,Clerk,Aadhaar,747130839337,True,2026-03-01 09:58:14.804543,2026-03-01 09:58:14.804544
f23fb35f-2356-4c39-aa75-39e8d11c666f,Vivek,Tiwari,Male,79,Single,9687994511,"11, MG Road",Surat,Gujarat,972089,A-,Farmer,Aadhaar,209140482420,True,2026-03-01 09:58:14.804544,2026-03-01 09:58:14.804544
ed0b9772-4012-4245-8d3d-90a8ac023e3d,Naresh,Agarwal,Male,42,Single,9307317573,"35, MG Road",Bangalore,Karnataka,749485,A-,Farmer,Aadhaar,756865879287,True,2026-03-01 09:58:14.804544,2026-03-01 09:58:14.804544
b812a9f1-2473-4e79-97cf-3786b0ba5096,Girish,Desai,Male,73,Married,9749276419,"134, Ambedkar Marg",Delhi,Delhi,788279,B+,Teacher,Aadhaar,304851272538,True,2026-03-01 09:58:14.804545,2026-03-01 09:58:14.804545
a6228c9d-0cae-48b8-a975-0adcce64ba5b,Anjali,Agarwal,Female,27,Single,9396764585,"788, Ambedkar Marg",Surat,Gujarat,825846,O-,Business,Aadhaar,955394130703,True,2026-03-01 09:58:14.804545,2026-03-01 09:58:14.804545
8d7bd880-d3bc-478a-8b08-f0e6990250f7,Anil,Bhatt,Male,35,Married,9377281586,"979, Gandhi Chowk",Mumbai,Maharashtra,286572,AB-,Teacher,Aadhaar,323031579876,True,2026-03-01 09:58:14.804545,2026-03-01 09:58:14.804546
8a0c25ff-5e2c-43dd-98d5-99fc455834ee,Asha,Desai,Female,30,Single,9334490716,"629, MG Road",Lucknow,Uttar Pradesh,563031,O+,Teacher,Aadhaar,177459137736,True,2026-03-01 09:58:14.804546,2026-03-01 09:58:14.804546
c5c6ebf5-4a17-4ca1-b36b-af72d4910586,Pramod,Dubey,Male,36,Single,9259831058,"669, MG Road",Ahmedabad,Gujarat,139673,AB+,Business,Aadhaar,869450295121,True,2026-03-01 09:58:14.804546,2026-03-01 09:58:14.804546
932d174c-9534-4608-a389-a65b7c61be85,Puja,Iyer,Female,41,Single,9613398300,"447, Ambedkar Marg",Mumbai,Maharashtra,985049,A-,Government Employee,Aadhaar,100970004816,True,2026-03-01 09:58:14.804547,2026-03-01 09:58:14.804547
1e84cd67-8cbe-4427-a479-653d713a81e6,Usha,More,Female,29,Widowed,9485385619,"342, Gandhi Chowk",Bhopal,Madhya Pradesh,520075,A+,Driver,Aadhaar,201563411258,True,2026-03-01 09:58:14.804547,2026-03-01 09:58:14.804547
9078b701-0895-4c00-9208-11c3331020c8,Pallavi,Patil,Female,28,Single,9916530277,"785, Gandhi Chowk",Coimbatore,Tamil Nadu,779259,B-,Engineer,Aadhaar,145331126997,True,2026-03-01 09:58:14.804547,2026-03-01 09:58:14.804548
2169f831-9032-40dd-a222-5969d36baf8f,Seema,Mehta,Female,35,Married,9777119907,"706, Gandhi Chowk",Pune,Maharashtra,610135,A-,Driver,Aadhaar,909334977514,True,2026-03-01 09:58:14.804548,2026-03-01 09:58:14.804548
30766756-0006-45f4-93a3-b8ba33ab41d2,Pradeep,Patel,Male,42,Widowed,9356071459,"501, Ambedkar Marg",Ahmedabad,Gujarat,166052,O+,Labourer,Aadhaar,992641307977,True,2026-03-01 09:58:14.804548,2026-03-01 09:58:14.804548
37070df4-18ff-4d85-b14f-312a5a29999a,Priya,Patel,Female,34,Widowed,9145971754,"416, MG Road",Bangalore,Karnataka,321960,AB-,Driver,Aadhaar,265513270911,True,2026-03-01 09:58:14.804549,2026-03-01 09:58:14.804549
8a7a834c-a592-4084-a890-d7e386a10cd3,Vikram,Patel,Male,36,Married,9605968226,"929, Shivaji Nagar",Indore,Madhya Pradesh,148026,B-,Clerk,Aadhaar,244520437220,True,2026-03-01 09:58:14.804549,2026-03-01 09:58:14.804549
11aef99f-6149-432e-97dd-449a9b8a389d,Manoj,Desai,Male,33,Married,9589824472,"626, Nehru Nagar",Mumbai,Maharashtra,975930,A-,Nurse,Aadhaar,219475125631,True,2026-03-01 09:58:14.804549,2026-03-01 09:58:14.804550
717d86f0-92ed-43bc-8964-f9e4328ec980,Deepak,Pillai,Male,32,Married,9557641077,"346, Ambedkar Marg",Bhopal,Madhya Pradesh,439984,A-,Driver,Aadhaar,699474213606,True,2026-03-01 09:58:14.804550,2026-03-01 09:58:14.804550
00597284-9f24-4541-a3b6-afb41a675df7,Sanjay,More,Male,32,Married,9736820440,"178, Gandhi Chowk",Nashik,Maharashtra,166292,A-,Business,Aadhaar,929535295578,True,2026-03-01 09:58:14.804550,2026-03-01 09:58:14.804550
47c4e672-8bf0-4b75-b472-163d6ab57097,Asha,Srivastava,Female,31,Married,9724902501,"42, Nehru Nagar",Bangalore,Karnataka,204823,AB+,Retired,Aadhaar,117857416014,True,2026-03-01 09:58:14.804551,2026-03-01 09:58:14.804551
b3c003bd-5c78-4d8f-a8a5-20191d0bae57,Meera,Sharma,Female,69,Widowed,9799817448,"608, Gandhi Chowk",Mumbai,Maharashtra,536440,AB-,Clerk,Aadhaar,323883298196,True,2026-03-01 09:58:14.804551,2026-03-01 09:58:14.804551
28e96e7c-b7a3-4702-ac12-53869a5ff475,Hemant,Yadav,Male,35,Married,9755560172,"709, MG Road",Lucknow,Uttar Pradesh,725236,B+,Clerk,Aadhaar,772161899206,True,2026-03-01 09:58:14.804551,2026-03-01 09:58:14.804552
4b491368-9852-4146-96a0-d99a7e35d35c,Hemant,More,Male,34,Married,9698836985,"242, Nehru Nagar",Bhopal,Madhya Pradesh,223215,A-,Shopkeeper,Aadhaar,656368873070,True,2026-03-01 09:58:14.804552,2026-03-01 09:58:14.804552
b16b9b60-1639-4e44-8629-0fe599838483,Mahesh,Bhatt,Male,32,Married,9308004185,"116, Nehru Nagar",Hyderabad,Telangana,818530,AB-,Labourer,Aadhaar,272555996881,True,2026-03-01 09:58:14.804552,2026-03-01 09:58:14.804552
3600ee06-4aba-4ffc-b682-34788d9f6b47,Rajesh,Desai,Male,32,Single,9458946122,"632, Ambedkar Marg",Bangalore,Karnataka,145421,A-,Clerk,Aadhaar,295581474716,True,2026-03-01 09:58:14.804553,2026-03-01 09:58:14.804553
ad75e0da-423b-4390-a753-c961e3ab1bd7,Sunil,Sharma,Male,29,Married,9874600661,"456, Shivaji Nagar",Lucknow,Uttar Pradesh,707924,O-,Housewife,Aadhaar,921192384279,True,2026-03-01 09:58:14.804553,2026-03-01 09:58:14.804553
8b2ebf74-396b-43a0-8540-0b4994416271,Pooja,Bhatt,Female,32,Married,9892150738,"423, Nehru Nagar",Delhi,Delhi,493774,B-,Teacher,Aadhaar,741973014853,True,2026-03-01 09:58:14.804553,2026-03-01 09:58:14.804553
9144a13e-28f1-4c1b-b5eb-cb7038c76e22,Sunita,Pandey,Female,69,Single,9291191291,"397, Gandhi Chowk",Delhi,Delhi,243030,AB-,Clerk,Aadhaar,792323623688,True,2026-03-01 09:58:14.804554,2026-03-01 09:58:14.804554
dc35d5fd-59d6-415f-9c79-9b420b39c4f1,Sonal,Mehta,Female,22,Widowed,9164050550,"288, Nehru Nagar",Pune,Maharashtra,216506,AB-,Labourer,Aadhaar,286479851398,True,2026-03-01 09:58:14.804554,2026-03-01 09:58:14.804554
f0eda4fa-ad69-4d3c-b0c6-7a0d3af41711,Pooja,Mishra,Female,49,Widowed,9756623287,"928, Nehru Nagar",Hyderabad,Telangana,706204,B-,Teacher,Aadhaar,639111891855,True,2026-03-01 09:58:14.804554,2026-03-01 09:58:14.804555
501788d3-163c-4ad8-9027-3a363a36ed41,Pramod,Nair,Male,33,Widowed,9559680005,"754, Nehru Nagar",Nagpur,Maharashtra,359870,O-,Housewife,Aadhaar,343006960520,True,2026-03-01 09:58:14.804555,2026-03-01 09:58:14.804555
5d4123a2-9810-4faa-b71a-ca626abb0478,Pramod,Sharma,Male,24,Single,9887564180,"788, Shivaji Nagar",Jaipur,Rajasthan,135253,AB+,Government Employee,Aadhaar,625679602300,True,2026-03-01 09:58:14.804555,2026-03-01 09:58:14.804555
8e4970e5-69e5-40c0-95f8-f4a3a6944dbf,Mahesh,Nair,Male,37,Married,9844274708,"750, Ambedkar Marg",Ahmedabad,Gujarat,328596,B+,Student,Aadhaar,363263415266,True,2026-03-01 09:58:14.804556,2026-03-01 09:58:14.804556
d4217b66-4f9d-45a3-b9f4-5b4413ff4b41,Amit,Nair,Male,31,Single,9712441715,"766, Shivaji Nagar",Surat,Gujarat,125599,AB-,Labourer,Aadhaar,253638861495,True,2026-03-01 09:58:14.804556,2026-03-01 09:58:14.804556
f054cfe8-3407-4e74-9dfa-b7cf2891fac5,Asha,Pawar,Female,39,Widowed,9780110550,"2, MG Road",Patna,Bihar,503575,O-,Government Employee,Aadhaar,422263053521,True,2026-03-01 09:58:14.804556,2026-03-01 09:58:14.804557
d65c9318-3ede-497e-a484-eaeb26ca4b19,Madhuri,Yadav,Female,39,Widowed,9953065069,"213, MG Road",Kolkata,West Bengal,750594,O-,Clerk,Aadhaar,164133496488,True,2026-03-01 09:58:14.804557,2026-03-01 09:58:14.804557
59eb8269-751a-49f8-a133-d98f548f5239,Sunita,Kumar,Female,36,Married,9492529027,"376, Nehru Nagar",Bangalore,Karnataka,779658,A-,Government Employee,Aadhaar,953450104387,True,2026-03-01 09:58:14.804557,2026-03-01 09:58:14.804557
d7103563-4a43-4444-acd6-a82494c33484,Pradeep,Tiwari,Male,29,Single,9891755809,"962, Shivaji Nagar",Ahmedabad,Gujarat,836984,B-,Retired,Aadhaar,936423477834,True,2026-03-01 09:58:14.804558,2026-03-01 09:58:14.804558
cad4f3e5-b0f7-496a-bf36-b77935c151c4,Sanjay,Chauhan,Male,37,Single,9397582542,"56, MG Road",Varanasi,Uttar Pradesh,490923,O-,Labourer,Aadhaar,651844142553,True,2026-03-01 09:58:14.804558,2026-03-01 09:58:14.804558
0b815e1f-aaf8-4425-9719-2061e105e4a3,Deepak,Srivastava,Male,55,Single,9585308092,"636, Gandhi Chowk",Chennai,Tamil Nadu,938759,A-,Doctor,Aadhaar,196455834900,True,2026-03-01 09:58:14.804559,2026-03-01 09:58:14.804559
836e99e6-64bb-4508-9219-e2db8ec0d29a,Nitin,Joshi,Male,73,Married,9276916378,"283, MG Road",Pune,Maharashtra,830943,B+,Labourer,Aadhaar,672107923895,True,2026-03-01 09:58:14.804559,2026-03-01 09:58:14.804559
1b3dcbfd-7b7b-4af2-b94a-85f1ac8b3548,Ajay,Pandey,Male,37,Married,9608851530,"356, Ambedkar Marg",Nashik,Maharashtra,565420,A+,Business,Aadhaar,169531486092,True,2026-03-01 09:58:14.804559,2026-03-01 09:58:14.804560
eeece1d6-70b7-472b-8b93-fc93a5866e36,Mohan,Pawar,Male,72,Widowed,9460645578,"422, Shivaji Nagar",Ahmedabad,Gujarat,459443,O-,Labourer,Aadhaar,832692890326,True,2026-03-01 09:58:14.804560,2026-03-01 09:58:14.804560
7a224170-29bd-49ef-9704-591a92e39a50,Geeta,Mishra,Female,65,Single,9284401329,"809, Gandhi Chowk",Chennai,Tamil Nadu,337798,AB-,Student,Aadhaar,417701840664,True,2026-03-01 09:58:14.804560,2026-03-01 09:58:14.804560
3b3836af-ec20-4771-8b43-91ee8d56f8a1,Pradeep,Chauhan,Male,73,Widowed,9272646820,"729, Shivaji Nagar",Pune,Maharashtra,399102,B+,Engineer,Aadhaar,880993982661,True,2026-03-01 09:58:14.804561,2026-03-01 09:58:14.804561
a0579b7c-85fa-4c62-a1ab-2d1625acffe8,Manoj,Shah,Male,79,Widowed,9235799902,"452, Gandhi Chowk",Delhi,Delhi,487629,B+,Doctor,Aadhaar,879804944887,True,2026-03-01 09:58:14.804561,2026-03-01 09:58:14.804561
88de7f9e-58db-4172-834a-65f04aed0005,Naresh,Tiwari,Male,30,Single,9679677338,"999, Nehru Nagar",Nashik,Maharashtra,659565,O+,Teacher,Aadhaar,129723037608,True,2026-03-01 09:58:14.804561,2026-03-01 09:58:14.804562
0eea77ba-0621-4ade-af5b-39b65b143eeb,Lata,Bhatt,Female,36,Single,9267560926,"5, Shivaji Nagar",Delhi,Delhi,632056,O-,Driver,Aadhaar,425152437712,True,2026-03-01 09:58:14.804562,2026-03-01 09:58:14.804562
6d082ce3-839d-439d-9197-a5cb5047ac61,Anjali,Bhatt,Female,38,Married,9958538383,"579, Ambedkar Marg",Nashik,Maharashtra,455136,A-,Clerk,Aadhaar,250496001599,True,2026-03-01 09:58:14.804562,2026-03-01 09:58:14.804562
7e01cfb8-f0b7-4c70-b8d2-9eee441867dd,Ajay,Sharma,Male,57,Single,9483748402,"95, Gandhi Chowk",Bangalore,Karnataka,157706,B-,Shopkeeper,Aadhaar,342779184706,True,2026-03-01 09:58:14.804563,2026-03-01 09:58:14.804563
9d8d7324-39da-4644-8680-afabab43e577,Neha,Sharma,Female,58,Widowed,9821079668,"981, MG Road",Mumbai,Maharashtra,636648,AB+,Doctor,Aadhaar,449998883664,True,2026-03-01 09:58:14.804563,2026-03-01 09:58:14.804563
f64b9e26-478d-418e-9956-8a2fa78aed84,Naresh,Chauhan,Male,42,Single,9496887155,"396, Gandhi Chowk",Bangalore,Karnataka,112782,O+,Student,Aadhaar,436516507468,True,2026-03-01 09:58:14.804563,2026-03-01 09:58:14.804564
45dea161-eb93-4468-bc7c-ad13f95814af,Pallavi,Gupta,Female,63,Widowed,9546257594,"823, Ambedkar Marg",Ahmedabad,Gujarat,402654,B+,Retired,Aadhaar,567712161506,True,2026-03-01 09:58:14.804564,2026-03-01 09:58:14.804564
c3f05c14-0bdc-41c5-abb6-0394987e3b22,Rekha,More,Female,28,Married,9425591954,"487, Shivaji Nagar",Hyderabad,Telangana,451709,A-,Shopkeeper,Aadhaar,515564345551,True,2026-03-01 09:58:14.804564,2026-03-01 09:58:14.804564
f0e302d7-6230-4a53-93e7-51afef0dae42,Amit,Pandey,Male,33,Married,9696800574,"474, Shivaji Nagar",Surat,Gujarat,891930,B+,Doctor,Aadhaar,419467267579,True,2026-03-01 09:58:14.804565,2026-03-01 09:58:14.804565
0bef09e9-14ba-4d6f-8a90-69584582da9a,Sunita,More,Female,56,Single,9630536354,"573, Ambedkar Marg",Nagpur,Maharashtra,335426,A+,Retired,Aadhaar,267514232942,True,2026-03-01 09:58:14.804565,2026-03-01 09:58:14.804565
9d5afeb8-836e-4ec9-b9db-a2ef276967ae,Anjali,Desai,Female,36,Widowed,9815019129,"915, Gandhi Chowk",Nagpur,Maharashtra,537420,B+,Labourer,Aadhaar,859808891203,True,2026-03-01 09:58:14.804565,2026-03-01 09:58:14.804566
3892b1cd-e263-4388-bf71-bdc101ee8c74,Amit,Kumar,Male,36,Married,9743054662,"764, Gandhi Chowk",Indore,Madhya Pradesh,709291,AB-,Shopkeeper,Aadhaar,788302488960,True,2026-03-01 09:58:14.804566,2026-03-01 09:58:14.804566
b484d487-9d4c-415c-8a23-a78cccf92f03,Usha,More,Female,37,Widowed,9118838880,"866, Gandhi Chowk",Delhi,Delhi,270757,A+,Engineer,Aadhaar,608179160849,True,2026-03-01 09:58:14.804566,2026-03-01 09:58:14.804566
ab2b44c2-65a2-4015-8f81-5d9d162dd5ed,Rohit,Joshi,Male,34,Widowed,9482235260,"50, Gandhi Chowk",Mumbai,Maharashtra,405831,A-,Government Employee,Aadhaar,942646018368,True,2026-03-01 09:58:14.804567,2026-03-01 09:58:14.804567
6ed6b4d3-4afe-4ad3-88e4-7df4463cf56c,Ravi,Kumar,Male,31,Single,9439528365,"847, Gandhi Chowk",Hyderabad,Telangana,384645,O-,Teacher,Aadhaar,737950477629,True,2026-03-01 09:58:14.804567,2026-03-01 09:58:14.804567
8518b1e6-8a50-4189-8701-dd5daf9e6cbb,Sarita,Singh,Female,37,Single,9936238554,"497, Ambedkar Marg",Mumbai,Maharashtra,456844,B+,Teacher,Aadhaar,268439495773,True,2026-03-01 09:58:14.804567,2026-03-01 09:58:14.804568
cafcf810-951e-4fe1-8b1a-b2d23dc9ecdb,Arun,Mehta,Male,37,Widowed,9992726322,"976, Shivaji Nagar",Bhopal,Madhya Pradesh,987168,A-,Housewife,Aadhaar,224882188492,True,2026-03-01 09:58:14.804568,2026-03-01 09:58:14.804568
cd972771-8859-4d48-8f0d-a0f745cbac80,Amit,Nair,Male,41,Married,9977288628,"453, Shivaji Nagar",Bangalore,Karnataka,648532,O-,Engineer,Aadhaar,433761457102,True,2026-03-01 09:58:14.804568,2026-03-01 09:58:14.804568
7179d4fb-1337-4af6-aa75-a28e471f8710,Vinod,More,Male,30,Widowed,9252857173,"705, Nehru Nagar",Delhi,Delhi,422361,B+,Doctor,Aadhaar,564194073710,True,2026-03-01 09:58:14.804569,2026-03-01 09:58:14.804569
e6e47ff0-11a7-4874-b932-a1e3a9e8c953,Vikram,Sharma,Male,45,Married,9310830273,"111, MG Road",Bhopal,Madhya Pradesh,931578,A+,Labourer,Aadhaar,148331320566,True,2026-03-01 09:58:14.804569,2026-03-01 09:58:14.804569
83cae2a9-05e9-45a5-af0e-464996c8cad2,Ajay,Jain,Male,28,Married,9746169210,"211, Shivaji Nagar",Mumbai,Maharashtra,309740,B+,Driver,Aadhaar,131574596677,True,2026-03-01 09:58:14.804569,2026-03-01 09:58:14.804570
276cf528-e3d0-495a-b68e-744dad6d7e45,Pradeep,Patil,Male,33,Widowed,9473486641,"361, Nehru Nagar",Indore,Madhya Pradesh,996677,B-,Government Employee,Aadhaar,175463586247,True,2026-03-01 09:58:14.804570,2026-03-01 09:58:14.804570
03edeaf3-11f8-4277-a869-4d667caf7488,Arun,Iyer,Male,37,Widowed,9305672580,"988, Gandhi Chowk",Indore,Madhya Pradesh,280117,A+,Clerk,Aadhaar,622730832073,True,2026-03-01 09:58:14.804570,2026-03-01 09:58:14.804570
49998a41-7d08-4e94-b807-44e5d790e3df,Usha,Iyer,Female,40,Married,9294184632,"855, Gandhi Chowk",Delhi,Delhi,498055,AB+,Doctor,Aadhaar,351316794401,True,2026-03-01 09:58:14.804571,2026-03-01 09:58:14.804571
0ebc40d6-3829-46e1-8daa-f05fcf3c7752,Kavita,Bhatt,Female,29,Married,9658053247,"140, Ambedkar Marg",Ranchi,Jharkhand,899301,O-,Clerk,Aadhaar,711123471679,True,2026-03-01 09:58:14.804571,2026-03-01 09:58:14.804571
e75e6620-7a77-428c-b575-d4545e2f8794,Vikram,Tiwari,Male,35,Single,9744663324,"754, Gandhi Chowk",Lucknow,Uttar Pradesh,820420,AB-,Doctor,Aadhaar,549055649435,True,2026-03-01 09:58:14.804571,2026-03-01 09:58:14.804572
d87ddd63-63e9-4b4d-a229-076bf49024ab,Anita,Mehta,Female,64,Single,9829211472,"377, Nehru Nagar",Patna,Bihar,113406,AB-,Driver,Aadhaar,534243406704,True,2026-03-01 09:58:14.804572,2026-03-01 09:58:14.804572
3ef8a0fb-956a-4e13-9f27-b71c357d019a,Nisha,Jain,Female,29,Single,9530167052,"712, Shivaji Nagar",Surat,Gujarat,206663,B+,Teacher,Aadhaar,470222256976,True,2026-03-01 09:58:14.804572,2026-03-01 09:58:14.804572
c61ceaee-67f2-4860-8976-df596f24e5ab,Girish,Patil,Male,29,Single,9878678109,"512, Gandhi Chowk",Ranchi,Jharkhand,901968,O+,Retired,Aadhaar,983859141144,True,2026-03-01 09:58:14.804573,2026-03-01 09:58:14.804573
bd695818-5159-4e1a-b08b-36d958fdbfb3,Ritu,Nair,Female,72,Single,9649127152,"286, Nehru Nagar",Surat,Gujarat,905305,AB-,Teacher,Aadhaar,375402709250,True,2026-03-01 09:58:14.804573,2026-03-01 09:58:14.804573
a55928e5-afd4-45d9-845f-bed2a9c964cd,Lata,Shah,Female,30,Married,9892204952,"55, MG Road",Hyderabad,Telangana,622332,A+,Engineer,Aadhaar,763068359723,True,2026-03-01 09:58:14.804573,2026-03-01 09:58:14.804574
fb160b56-2bbd-4753-8ba9-c5b7e04b2845,Rekha,Mishra,Female,28,Married,9809829892,"770, Shivaji Nagar",Hyderabad,Telangana,904857,AB-,Retired,Aadhaar,321044880629,True,2026-03-01 09:58:14.804574,2026-03-01 09:58:14.804574
ae11bb47-94f8-4272-a131-19167e0028ec,Seema,Nair,Female,33,Single,9969174243,"881, Shivaji Nagar",Lucknow,Uttar Pradesh,673172,A+,Retired,Aadhaar,232778652671,True,2026-03-01 09:58:14.804574,2026-03-01 09:58:14.804574
83451994-0d03-4ea8-a7a4-e38c80a1713c,Geeta,Tiwari,Female,36,Married,9135282942,"182, Shivaji Nagar",Patna,Bihar,791442,O+,Clerk,Aadhaar,637575906153,True,2026-03-01 09:58:14.804574,2026-03-01 09:58:14.804575
829ace3f-3ca8-4ac6-ba91-7d9d0d684a12,Rekha,Mishra,Female,36,Married,9710803644,"692, Ambedkar Marg",Kolkata,West Bengal,792142,AB-,Labourer,Aadhaar,654722131637,True,2026-03-01 09:58:14.804575,2026-03-01 09:58:14.804575
c71ca7ba-2249-4d72-af10-04dd06ede063,Nitin,Yadav,Male,75,Widowed,9826373230,"362, Gandhi Chowk",Lucknow,Uttar Pradesh,436050,A+,Farmer,Aadhaar,149780661342,True,2026-03-01 09:58:14.804575,2026-03-01 09:58:14.804575
ebde0226-8ab8-4931-bc38-f1f214f87487,Arun,Chauhan,Male,43,Married,9921620818,"913, Gandhi Chowk",Bangalore,Karnataka,499060,A-,Housewife,Aadhaar,552506441704,True,2026-03-01 09:58:14.804576,2026-03-01 09:58:14.804576
913c8ffa-df04-4b54-b58d-94a3466d6c43,Sunita,Jain,Female,32,Single,9736226035,"87, MG Road",Ahmedabad,Gujarat,419723,A-,Student,Aadhaar,122204032792,True,2026-03-01 09:58:14.804576,2026-03-01 09:58:14.804576
cfdd4692-8e9d-4456-897a-57355a03fbc2,Sunita,Agarwal,Female,35,Widowed,9552230665,"274, MG Road",Surat,Gujarat,829765,AB-,Shopkeeper,Aadhaar,513676279109,True,2026-03-01 09:58:14.804576,2026-03-01 09:58:14.804577
21f5298b-9868-4e91-b49e-aeb78974e432,Shweta,Iyer,Female,36,Widowed,9824895234,"211, Gandhi Chowk",Delhi,Delhi,620860,O-,Engineer,Aadhaar,429058180099,True,2026-03-01 09:58:14.804577,2026-03-01 09:58:14.804577
5c156a35-198c-41cf-80c7-67a176ae5aba,Anita,Mehta,Female,58,Married,9675347404,"220, Gandhi Chowk",Lucknow,Uttar Pradesh,378035,A+,Business,Aadhaar,731343990585,True,2026-03-01 09:58:14.804577,2026-03-01 09:58:14.804577
d5e07823-d4ab-4fe3-af8d-6827d7cd640f,Jyoti,Shah,Female,73,Widowed,9720830274,"98, Shivaji Nagar",Hyderabad,Telangana,453200,O+,Teacher,Aadhaar,982901086674,True,2026-03-01 09:58:14.804578,2026-03-01 09:58:14.804578
7b2ccc80-93b7-494d-ba69-8f95e830337c,Anita,Mehta,Female,27,Single,9641852570,"824, Gandhi Chowk",Bangalore,Karnataka,553939,O-,Doctor,Aadhaar,539866130359,True,2026-03-01 09:58:14.804578,2026-03-01 09:58:14.804578
0d61bd01-2035-4297-8ee7-9ae3b62042f8,Divya,Reddy,Female,46,Married,9119975163,"643, Shivaji Nagar",Jaipur,Rajasthan,295600,AB-,Doctor,Aadhaar,919582444151,True,2026-03-01 09:58:14.804578,2026-03-01 09:58:14.804579
6a083d2b-daf8-46af-8f63-3818143a18de,Sonal,Desai,Female,39,Single,9707862900,"745, MG Road",Chennai,Tamil Nadu,647639,B-,Student,Aadhaar,260900155143,True,2026-03-01 09:58:14.804579,2026-03-01 09:58:14.804579
eb7213fd-e1ce-4060-9ef9-0deec4dd1658,Pradeep,Dubey,Male,33,Single,9540513606,"327, MG Road",Kolkata,West Bengal,764721,B-,Nurse,Aadhaar,393829185489,True,2026-03-01 09:58:14.804579,2026-03-01 09:58:14.804579
c6d2f888-40c0-4b61-bc68-ec740ce6f396,Manisha,Joshi,Female,38,Single,9356069631,"117, Nehru Nagar",Ahmedabad,Gujarat,301238,A+,Doctor,Aadhaar,608139902526,True,2026-03-01 09:58:14.804580,2026-03-01 09:58:14.804580
e4150d56-a567-4dea-b812-054cdb9bc779,Pallavi,Pandey,Female,66,Married,9271109874,"280, Nehru Nagar",Jaipur,Rajasthan,130557,O+,Retired,Aadhaar,408393848235,True,2026-03-01 09:58:14.804580,2026-03-01 09:58:14.804580
3cbbd113-abae-4f20-87f2-985102c87fde,Hemant,Patil,Male,42,Married,9159407206,"881, MG Road",Mumbai,Maharashtra,429153,O+,Nurse,Aadhaar,550778672549,True,2026-03-01 09:58:14.804580,2026-03-01 09:58:14.804581
fd971ff7-8295-4c12-aa92-af72eaf65ee0,Seema,Jain,Female,35,Widowed,9250925319,"242, MG Road",Varanasi,Uttar Pradesh,698708,A-,Government Employee,Aadhaar,377133882067,True,2026-03-01 09:58:14.804581,2026-03-01 09:58:14.804581
edd6c40c-8257-4464-9d3b-ff9e6048b139,Meera,Shah,Female,47,Single,9453568052,"853, Shivaji Nagar",Hyderabad,Telangana,873048,AB+,Retired,Aadhaar,919258029059,True,2026-03-01 09:58:14.804581,2026-03-01 09:58:14.804581
76eecb3d-7fa4-42fb-9d92-b7272e27e89d,Kiran,Mehta,Male,31,Single,9571883135,"419, Gandhi Chowk",Delhi,Delhi,718115,A+,Labourer,Aadhaar,510313129205,True,2026-03-01 09:58:14.804582,2026-03-01 09:58:14.804582
f5dd4e68-e0a7-4cf0-800d-42f19d0e7ddc,Sanjay,Rao,Male,40,Single,9942106991,"960, Nehru Nagar",Jaipur,Rajasthan,480631,AB-,Clerk,Aadhaar,122798422567,True,2026-03-01 09:58:14.804582,2026-03-01 09:58:14.804582
a9a1e0b8-cd10-404b-99c8-27c64b7b5dd3,Arun,Dubey,Male,71,Widowed,9946970463,"688, Nehru Nagar",Surat,Gujarat,365271,AB+,Business,Aadhaar,498146117496,True,2026-03-01 09:58:14.804582,2026-03-01 09:58:14.804583
0e1b7bcc-0a86-44ec-bf7e-c57a2e656bea,Ashok,Patil,Male,36,Married,9521954302,"950, Gandhi Chowk",Ahmedabad,Gujarat,415504,A-,Nurse,Aadhaar,360947901764,True,2026-03-01 09:58:14.804583,2026-03-01 09:58:14.804583
9ac82ce2-5ac4-45ba-aabe-61ba36a51f73,Neha,Patil,Female,67,Widowed,9440574106,"901, Ambedkar Marg",Varanasi,Uttar Pradesh,927659,A+,Business,Aadhaar,189620697091,True,2026-03-01 09:58:14.804583,2026-03-01 09:58:14.804583
a1d6a521-86bb-4275-ab17-d7bedf009d00,Lata,Dubey,Female,57,Widowed,9553512034,"898, MG Road",Jaipur,Rajasthan,964446,B+,Clerk,Aadhaar,655171639105,True,2026-03-01 09:58:14.804584,2026-03-01 09:58:14.804584
2239d19c-91b9-4481-bf4b-51ed3c6062cf,Rohit,Pandey,Male,53,Widowed,9450864838,"465, MG Road",Hyderabad,Telangana,898989,A+,Driver,Aadhaar,304619081786,True,2026-03-01 09:58:14.804584,2026-03-01 09:58:14.804584
dc7a6043-be4c-4c52-b3a0-8d68fa28d7f1,Jyoti,Desai,Female,35,Widowed,9428079168,"322, Shivaji Nagar",Delhi,Delhi,186226,A-,Engineer,Aadhaar,668007722228,True,2026-03-01 09:58:14.804584,2026-03-01 09:58:14.804585
96cefab7-43a7-4ceb-b1da-63d4f7a8be62,Mohan,Pillai,Male,50,Single,9584783589,"490, Nehru Nagar",Kolkata,West Bengal,373342,B+,Driver,Aadhaar,977580275630,True,2026-03-01 09:58:14.804585,2026-03-01 09:58:14.804585
f68068f1-ead9-4865-ad9b-c3a5d37ef866,Neha,Gupta,Female,31,Single,9996229807,"906, Shivaji Nagar",Jaipur,Rajasthan,335391,A+,Farmer,Aadhaar,713850093380,True,2026-03-01 09:58:14.804585,2026-03-01 09:58:14.804585
2dd6796d-9349-4634-b238-6bdeb0e3379d,Vikram,Agarwal,Male,41,Married,9153454051,"411, Shivaji Nagar",Ahmedabad,Gujarat,549737,O+,Engineer,Aadhaar,286263798753,True,2026-03-01 09:58:14.804586,2026-03-01 09:58:14.804586
c941fe8a-f5e6-42c9-aa6f-1b504648b57c,Amit,Srivastava,Male,47,Single,9988260922,"690, Ambedkar Marg",Lucknow,Uttar Pradesh,224269,B-,Clerk,Aadhaar,307030932925,True,2026-03-01 09:58:14.804586,2026-03-01 09:58:14.804586
51bbfa92-e799-47ad-babb-675e99a75d4f,Anjali,Dubey,Female,30,Married,9744333988,"221, Gandhi Chowk",Lucknow,Uttar Pradesh,862008,B-,Housewife,Aadhaar,547451281488,True,2026-03-01 09:58:14.804586,2026-03-01 09:58:14.804587
cb5ff6e3-acce-43bf-b51c-833a3aff1623,Amit,Mishra,Male,32,Single,9366629382,"379, Shivaji Nagar",Nashik,Maharashtra,817506,AB-,Teacher,Aadhaar,615440400609,True,2026-03-01 09:58:14.804587,2026-03-01 09:58:14.804587
67943dc8-2031-4c8a-861d-ee88f0a012d5,Mohan,Tiwari,Male,35,Married,9865938642,"393, Ambedkar Marg",Nashik,Maharashtra,871861,O+,Teacher,Aadhaar,710294578026,True,2026-03-01 09:58:14.804587,2026-03-01 09:58:14.804587
5a72a034-7362-4add-aaa4-55a329dc42cf,Rajesh,Tiwari,Male,36,Single,9751089619,"962, Shivaji Nagar",Amritsar,Punjab,844033,A+,Farmer,Aadhaar,655140229207,True,2026-03-01 09:58:14.804588,2026-03-01 09:58:14.804588
4d93cb1f-1b4c-4d51-851e-97703fccfb25,Anjali,Verma,Female,30,Widowed,9144157616,"595, Nehru Nagar",Surat,Gujarat,372935,B+,Government Employee,Aadhaar,243744329962,True,2026-03-01 09:58:14.804588,2026-03-01 09:58:14.804588
714ffeb1-9abc-4c53-b43c-08ef2d19857d,Sanjay,Srivastava,Male,30,Married,9436370681,"46, Nehru Nagar",Chennai,Tamil Nadu,623460,O+,Clerk,Aadhaar,411084850715,True,2026-03-01 09:58:14.804588,2026-03-01 09:58:14.804589
f95fe510-a485-439d-99bc-f20a432c6b47,Divya,More,Female,33,Single,9567910238,"915, Nehru Nagar",Indore,Madhya Pradesh,430870,AB-,Retired,Aadhaar,267289193946,True,2026-03-01 09:58:14.804589,2026-03-01 09:58:14.804589
d92ff8ed-fdec-4f25-bd6e-6ce93bdf4ecd,Sunita,Mehta,Female,32,Married,9604924443,"267, Nehru Nagar",Delhi,Delhi,840255,AB-,Housewife,Aadhaar,145075298560,True,2026-03-01 09:58:14.804589,2026-03-01 09:58:14.804589
c007fef7-2744-4f36-8e4d-50c57a41b3f7,Ritu,Srivastava,Female,36,Married,9872840670,"888, Nehru Nagar",Chennai,Tamil Nadu,229660,O-,Teacher,Aadhaar,298788766482,True,2026-03-01 09:58:14.804590,2026-03-01 09:58:14.804590
3556e340-7d70-4db0-896a-e68ea4cce391,Vinod,Reddy,Male,38,Widowed,9728866327,"218, Shivaji Nagar",Nagpur,Maharashtra,104326,B+,Housewife,Aadhaar,185557523212,True,2026-03-01 09:58:14.804590,2026-03-01 09:58:14.804590
f3fcf250-6bc8-4133-bd48-037af8ce1382,Ravi,Nair,Male,63,Married,9405244667,"698, MG Road",Surat,Gujarat,513316,O-,Shopkeeper,Aadhaar,268893311127,True,2026-03-01 09:58:14.804590,2026-03-01 09:58:14.804591
2f337ff6-0a6e-4d88-b9b4-9411c5375993,Vikram,Agarwal,Male,40,Single,9774692904,"979, Gandhi Chowk",Nagpur,Maharashtra,723068,A+,Student,Aadhaar,151409772899,True,2026-03-01 09:58:14.804591,2026-03-01 09:58:14.804591
bd1d533f-503a-435b-89c4-1fd0af16964b,Shweta,Dubey,Female,66,Widowed,9238856506,"217, MG Road",Ranchi,Jharkhand,940494,O+,Student,Aadhaar,163557557310,True,2026-03-01 09:58:14.804591,2026-03-01 09:58:14.804591
74d797ac-456e-4a76-bc02-abb6635f3c30,Ashok,Pillai,Male,35,Married,9357784072,"989, Ambedkar Marg",Bangalore,Karnataka,193520,A+,Nurse,Aadhaar,276987969004,True,2026-03-01 09:58:14.804592,2026-03-01 09:58:14.804592
1b97e93c-68dd-4f5f-b634-5d91cba87205,Madhuri,Verma,Female,44,Widowed,9265500839,"124, Gandhi Chowk",Pune,Maharashtra,614688,AB+,Clerk,Aadhaar,764366852710,True,2026-03-01 09:58:14.804592,2026-03-01 09:58:14.804592
68028008-41ba-432a-946f-dcb35ca7852a,Rohit,Jain,Male,34,Married,9625728730,"457, Ambedkar Marg",Mumbai,Maharashtra,599583,O+,Shopkeeper,Aadhaar,566434911844,True,2026-03-01 09:58:14.804592,2026-03-01 09:58:14.804593
4c193566-2d99-4a67-a947-3aafb662e294,Ravi,Pandey,Male,39,Single,9777194209,"437, MG Road",Nagpur,Maharashtra,142402,O-,Labourer,Aadhaar,347718423682,True,2026-03-01 09:58:14.804593,2026-03-01 09:58:14.804593
074aaeb6-7901-4a0a-9ca0-f84a68095656,Deepak,Reddy,Male,37,Single,9602746506,"448, MG Road",Hyderabad,Telangana,940480,AB-,Business,Aadhaar,852168129596,True,2026-03-01 09:58:14.804593,2026-03-01 09:58:14.804593
67e71bbe-1c43-469c-bbdc-6c059b3a0f55,Sarita,Shah,Female,33,Married,9691625661,"79, MG Road",Lucknow,Uttar Pradesh,638354,A-,Government Employee,Aadhaar,552796555760,True,2026-03-01 09:58:14.804594,2026-03-01 09:58:14.804594
70342446-c17b-46f3-800d-e50d59501ba8,Mahesh,Jain,Male,53,Single,9373654063,"600, MG Road",Kolkata,West Bengal,905984,A+,Teacher,Aadhaar,829029965732,True,2026-03-01 09:58:14.804594,2026-03-01 09:58:14.804594
add07c2b-4f31-451f-8c9f-d093e96df654,Asha,Pawar,Female,35,Married,9546946709,"898, Gandhi Chowk",Delhi,Delhi,429196,AB-,Retired,Aadhaar,596799983255,True,2026-03-01 09:58:14.804594,2026-03-01 09:58:14.804595
e649b7f1-f7c2-4356-9a4b-9b6373c2ae4b,Shweta,Patil,Female,32,Married,9902116616,"619, Gandhi Chowk",Nagpur,Maharashtra,806120,A-,Housewife,Aadhaar,119474996668,True,2026-03-01 09:58:14.804595,2026-03-01 09:58:14.804595
bc89baaa-8d71-4805-a7c6-7dbb70f1b2bc,Nitin,Kumar,Male,40,Single,9842821285,"415, Shivaji Nagar",Mumbai,Maharashtra,861173,AB-,Business,Aadhaar,996009632141,True,2026-03-01 09:58:14.804595,2026-03-01 09:58:14.804595
c19b3ace-1617-4194-bb42-745ed07f8bce,Usha,Jain,Female,40,Single,9194097510,"129, Nehru Nagar",Nashik,Maharashtra,114549,B-,Teacher,Aadhaar,120684426027,True,2026-03-01 09:58:14.804596,2026-03-01 09:58:14.804596
042887de-0fc3-48ca-b692-213d184da7e8,Mohan,Sharma,Male,39,Widowed,9359609528,"447, Shivaji Nagar",Ahmedabad,Gujarat,300188,A-,Business,Aadhaar,610112068084,True,2026-03-01 09:58:14.804596,2026-03-01 09:58:14.804596
3e4fbc37-f05e-413d-b22f-038565140957,Deepak,Pandey,Male,31,Married,9893260250,"720, Ambedkar Marg",Mumbai,Maharashtra,608608,AB-,Farmer,Aadhaar,597614036657,True,2026-03-01 09:58:14.804596,2026-03-01 09:58:14.804597
86d84bf6-3dbf-4664-865c-7162cd151b55,Dinesh,Mishra,Male,56,Married,9458468773,"9, MG Road",Chennai,Tamil Nadu,761032,AB+,Housewife,Aadhaar,644810658381,True,2026-03-01 09:58:14.804597,2026-03-01 09:58:14.804597
b97c552c-d533-4788-8aee-6cd0571c626a,Sunita,Nair,Female,37,Widowed,9756588065,"958, Ambedkar Marg",Bangalore,Karnataka,343170,A+,Government Employee,Aadhaar,563938156792,True,2026-03-01 09:58:14.804597,2026-03-01 09:58:14.804597
21442bf6-eef1-4262-9819-f89cef6f1c60,Pallavi,Gupta,Female,39,Single,9225564160,"507, Shivaji Nagar",Ahmedabad,Gujarat,777568,O-,Labourer,Aadhaar,579737171571,True,2026-03-01 09:58:14.804598,2026-03-01 09:58:14.804598
85c26a8b-d399-48d0-8524-11634432e5f5,Manoj,Mishra,Male,36,Single,9349218819,"520, Nehru Nagar",Kolkata,West Bengal,716204,O-,Shopkeeper,Aadhaar,824626262735,True,2026-03-01 09:58:14.804598,2026-03-01 09:58:14.804598
9a9d7e0e-2853-4279-b039-0188e1e39bd5,Rekha,Mishra,Female,35,Single,9994513638,"964, Gandhi Chowk",Kolkata,West Bengal,934637,AB-,Retired,Aadhaar,783595695363,True,2026-03-01 09:58:14.804598,2026-03-01 09:58:14.804599
f538f68a-0e93-4680-a235-9c9d2806b208,Ajay,Srivastava,Male,40,Married,9286069909,"205, Nehru Nagar",Indore,Madhya Pradesh,735173,AB-,Teacher,Aadhaar,558674514560,True,2026-03-01 09:58:14.804599,2026-03-01 09:58:14.804599
c9ea47f5-3cf1-44ca-a4f3-ed28fe075ede,Anjali,Shah,Female,24,Married,9485244337,"903, Gandhi Chowk",Ahmedabad,Gujarat,474387,B+,Engineer,Aadhaar,653597479483,True,2026-03-01 09:58:14.804599,2026-03-01 09:58:14.804599
6a3a8985-5c10-4daf-85c2-13f1bfc5d741,Sunil,Gupta,Male,29,Married,9229587788,"576, Nehru Nagar",Bangalore,Karnataka,609990,O+,Student,Aadhaar,489918115519,True,2026-03-01 09:58:14.804600,2026-03-01 09:58:14.804600
12948f33-78d9-4185-b28d-fc92f1e7ab6d,Ravi,Rao,Male,30,Widowed,9653393055,"619, MG Road",Ahmedabad,Gujarat,840719,A+,Labourer,Aadhaar,605942796182,True,2026-03-01 09:58:14.804600,2026-03-01 09:58:14.804600
6aeb29c4-de42-4ffd-91d3-9001e90dd368,Suresh,Pawar,Male,48,Married,9984344748,"576, MG Road",Hyderabad,Telangana,631948,A-,Engineer,Aadhaar,231554530959,True,2026-03-01 09:58:14.804600,2026-03-01 09:58:14.804601
7ab6941b-083d-4654-bfbf-656552e72587,Rohit,Joshi,Male,41,Widowed,9635143260,"751, MG Road",Kolkata,West Bengal,261790,O-,Student,Aadhaar,253842124130,True,2026-03-01 09:58:14.804601,2026-03-01 09:58:14.804601
7c709f1f-0b8d-4b3d-95bc-69435d6ea4dd,Mohan,Mehta,Male,35,Married,9363406114,"855, Ambedkar Marg",Jaipur,Rajasthan,457900,O+,Government Employee,Aadhaar,190929877048,True,2026-03-01 09:58:14.804601,2026-03-01 09:58:14.804602
c07de9b9-5200-4301-9d9a-70ec8735c18e,Ritu,Srivastava,Female,34,Widowed,9363551307,"156, Shivaji Nagar",Indore,Madhya Pradesh,542207,B-,Engineer,Aadhaar,571595005512,True,2026-03-01 09:58:14.804602,2026-03-01 09:58:14.804602
fdaa364d-aa1a-4f77-b6aa-68706b4913e6,Anita,Agarwal,Female,37,Widowed,9488452267,"967, MG Road",Coimbatore,Tamil Nadu,564077,B+,Retired,Aadhaar,886021744566,True,2026-03-01 09:58:14.804602,2026-03-01 09:58:14.804602
25347ac1-90c3-430b-8139-eb9dfa459ecb,Vikram,Tiwari,Male,77,Married,9566081562,"63, Ambedkar Marg",Pune,Maharashtra,896070,A+,Driver,Aadhaar,808336824875,True,2026-03-01 09:58:14.804603,2026-03-01 09:58:14.804603
b6538fd7-4379-4a01-aa69-d53011d9ffc7,Pramod,Patel,Male,77,Widowed,9658107760,"997, Gandhi Chowk",Nashik,Maharashtra,539673,AB+,Driver,Aadhaar,708600260561,True,2026-03-01 09:58:14.804603,2026-03-01 09:58:14.804603
759b626e-0f41-4a68-9f66-f161b2e3d60b,Vandana,Dubey,Female,34,Single,9666712063,"626, Nehru Nagar",Pune,Maharashtra,834312,AB+,Labourer,Aadhaar,326103740129,True,2026-03-01 09:58:14.804603,2026-03-01 09:58:14.804603
bb5ddba8-d38a-4368-9f02-adda662568f3,Usha,Chauhan,Female,48,Single,9932579769,"203, Gandhi Chowk",Varanasi,Uttar Pradesh,188374,A+,Government Employee,Aadhaar,526638398484,True,2026-03-01 09:58:14.804604,2026-03-01 09:58:14.804604
a7a75767-fdf3-4d37-826b-a0d9365853d7,Vivek,Rao,Male,28,Widowed,9435278479,"534, Gandhi Chowk",Pune,Maharashtra,893820,B+,Farmer,Aadhaar,696126852211,True,2026-03-01 09:58:14.804604,2026-03-01 09:58:14.804604
94ca54f6-e9a5-4573-8ab5-8d038c17bd0f,Pooja,More,Female,42,Widowed,9218586088,"750, MG Road",Bhopal,Madhya Pradesh,982464,O-,Business,Aadhaar,656743680735,True,2026-03-01 09:58:14.804604,2026-03-01 09:58:14.804605
fb674b51-fd60-4dc1-a90d-104a3077f140,Kavita,Patel,Female,71,Single,9419933307,"587, MG Road",Indore,Madhya Pradesh,575159,O-,Doctor,Aadhaar,919502899461,True,2026-03-01 09:58:14.804605,2026-03-01 09:58:14.804605
0b9ab5b2-10ae-4100-9011-f02301f371c6,Rohit,Mishra,Male,49,Widowed,9715002525,"689, Nehru Nagar",Pune,Maharashtra,849051,AB+,Government Employee,Aadhaar,373750530956,True,2026-03-01 09:58:14.804605,2026-03-01 09:58:14.804605
de0235f5-1880-48b4-8597-32755a4fe62c,Sanjay,Reddy,Male,54,Single,9587811213,"101, Nehru Nagar",Chennai,Tamil Nadu,846209,AB+,Nurse,Aadhaar,187669099901,True,2026-03-01 09:58:14.804606,2026-03-01 09:58:14.804606
8f04a7fd-3ed6-4d8b-918b-5c683d403eb4,Rajesh,Pandey,Male,36,Single,9183829919,"379, Shivaji Nagar",Varanasi,Uttar Pradesh,522317,AB+,Nurse,Aadhaar,741082682951,True,2026-03-01 09:58:14.804606,2026-03-01 09:58:14.804606
7346493b-1455-4b8a-9842-22798cdbc409,Manisha,Pandey,Female,41,Single,9885675101,"997, Ambedkar Marg",Ranchi,Jharkhand,963829,B+,Engineer,Aadhaar,239611287329,True,2026-03-01 09:58:14.804606,2026-03-01 09:58:14.804607
0858ed76-545e-47e0-88ba-392e7d5ac3a1,Usha,Agarwal,Female,41,Widowed,9226763976,"712, Nehru Nagar",Delhi,Delhi,577555,AB-,Farmer,Aadhaar,275004869079,True,2026-03-01 09:58:14.804607,2026-03-01 09:58:14.804607
11736e8f-2eeb-48a1-b96d-19933adbc7d0,Kavita,Pillai,Female,29,Single,9713927729,"297, MG Road",Patna,Bihar,648171,B+,Teacher,Aadhaar,436602889218,True,2026-03-01 09:58:14.804607,2026-03-01 09:58:14.804607
5efa5378-451c-42a4-b278-f7cb991c20ae,Anjali,Mishra,Female,50,Married,9941590785,"604, Ambedkar Marg",Lucknow,Uttar Pradesh,151014,O+,Business,Aadhaar,298494410942,True,2026-03-01 09:58:14.804608,2026-03-01 09:58:14.804608
bf1748d1-5db5-4694-ba5c-3881e15d50d0,Priya,Kumar,Female,27,Married,9548367904,"493, Shivaji Nagar",Chennai,Tamil Nadu,424745,AB-,Student,Aadhaar,515672730323,True,2026-03-01 09:58:14.804608,2026-03-01 09:58:14.804608
8e16255d-5ab1-43e3-80e4-4e25ef7d9878,Sarita,Dubey,Female,30,Married,9641986065,"652, Ambedkar Marg",Nagpur,Maharashtra,898678,AB-,Driver,Aadhaar,265137518561,True,2026-03-01 09:58:14.804608,2026-03-01 09:58:14.804609
39553f3f-84f3-486b-805a-14e2c9a9707e,Meera,Pawar,Female,39,Single,9349991019,"922, Ambedkar Marg",Hyderabad,Telangana,455465,A+,Driver,Aadhaar,589154010751,True,2026-03-01 09:58:14.804609,2026-03-01 09:58:14.804609
40e9553d-e74c-45f3-949e-976b6ee132a2,Manisha,Gupta,Female,41,Widowed,9776574610,"816, Gandhi Chowk",Patna,Bihar,688297,A-,Driver,Aadhaar,192596715310,True,2026-03-01 09:58:14.804609,2026-03-01 09:58:14.804609
f8691bb2-b305-497c-95f7-7e8f06f01c5e,Girish,Rao,Male,25,Widowed,9660228870,"194, Ambedkar Marg",Chennai,Tamil Nadu,627054,A+,Teacher,Aadhaar,299852814517,True,2026-03-01 09:58:14.804610,2026-03-01 09:58:14.804611
7ca6f453-0ad3-432b-bdb8-a36682129284,Anil,Pawar,Male,55,Widowed,9576987762,"87, Shivaji Nagar",Ahmedabad,Gujarat,736333,O-,Housewife,Aadhaar,149773916547,True,2026-03-01 09:58:14.804611,2026-03-01 09:58:14.804612
d4e298fa-02e9-460e-8b5c-2a526c17090a,Priya,Tiwari,Female,35,Widowed,9440786794,"392, Gandhi Chowk",Jaipur,Rajasthan,195446,A-,Teacher,Aadhaar,287010518004,True,2026-03-01 09:58:14.804612,2026-03-01 09:58:14.804612
2f190c5e-5911-4297-b458-fc0573ee0ddb,Rekha,Joshi,Female,28,Single,9537309736,"695, Nehru Nagar",Ahmedabad,Gujarat,161775,O-,Engineer,Aadhaar,881800747246,True,2026-03-01 09:58:14.804612,2026-03-01 09:58:14.804612
0176dfc0-eb89-48e5-af11-1057e406f428,Ajay,Verma,Male,30,Single,9376954836,"385, MG Road",Delhi,Delhi,154398,B-,Doctor,Aadhaar,756065418801,True,2026-03-01 09:58:14.804613,2026-03-01 09:58:14.804613
35e6dcee-91ca-4eab-9110-4c02320e9241,Deepak,Reddy,Male,35,Married,9389145285,"63, Gandhi Chowk",Indore,Madhya Pradesh,587402,AB+,Teacher,Aadhaar,132144271878,True,2026-03-01 09:58:14.804613,2026-03-01 09:58:14.804613
3172bf04-c5ce-4093-ab79-6a434094ebb0,Manisha,Shah,Female,20,Widowed,9729398143,"692, MG Road",Amritsar,Punjab,358281,B+,Business,Aadhaar,549117195229,True,2026-03-01 09:58:14.804613,2026-03-01 09:58:14.804614
34dde9f2-88fa-4619-b42d-11897f1432d4,Meera,Patil,Female,32,Married,9500833429,"554, Nehru Nagar",Surat,Gujarat,920011,B-,Government Employee,Aadhaar,567947908034,True,2026-03-01 09:58:14.804614,2026-03-01 09:58:14.804614
2260028f-518a-4ec2-9ad6-7d0b99299c49,Sunita,Sharma,Female,74,Widowed,9410579235,"669, Nehru Nagar",Nagpur,Maharashtra,100569,A+,Labourer,Aadhaar,758303823468,True,2026-03-01 09:58:14.804614,2026-03-01 09:58:14.804614
81b85e2f-b325-4d73-a6e5-5d21f12230fe,Sarita,Jain,Female,34,Widowed,9328443009,"600, Shivaji Nagar",Bangalore,Karnataka,394976,A+,Engineer,Aadhaar,687290318827,True,2026-03-01 09:58:14.804615,2026-03-01 09:58:14.804615
616ea632-70de-44b9-9738-7a9daa6b7cc4,Ajay,Gupta,Male,29,Married,9878542046,"570, Gandhi Chowk",Bangalore,Karnataka,552945,B-,Shopkeeper,Aadhaar,451337157655,True,2026-03-01 09:58:14.804615,2026-03-01 09:58:14.804615
f428e5e9-3af6-48f9-87b0-44823579d419,Manisha,Yadav,Female,41,Single,9364063487,"679, Gandhi Chowk",Nashik,Maharashtra,458224,B-,Labourer,Aadhaar,761248838489,True,2026-03-01 09:58:14.804615,2026-03-01 09:58:14.804616
0123e514-61c6-4d69-82eb-d8ee498333be,Priya,Srivastava,Female,68,Widowed,9611669068,"5, MG Road",Delhi,Delhi,805383,B+,Housewife,Aadhaar,876085514805,True,2026-03-01 09:58:14.804616,2026-03-01 09:58:14.804616
c51b3885-2191-4612-819e-06457e630dc6,Madhuri,Verma,Female,49,Widowed,9799292052,"80, Shivaji Nagar",Chennai,Tamil Nadu,132450,AB-,Driver,Aadhaar,487077122573,True,2026-03-01 09:58:14.804616,2026-03-01 09:58:14.804616
013afd16-b5b6-479a-ad89-50c2bbf6a542,Sarita,Pillai,Female,31,Widowed,9109053121,"128, Ambedkar Marg",Bangalore,Karnataka,488477,B-,Labourer,Aadhaar,340558383651,True,2026-03-01 09:58:14.804617,2026-03-01 09:58:14.804617
294828f5-3010-43f5-b35e-69e28a5e89c0,Ravi,Yadav,Male,41,Married,9196600815,"836, Shivaji Nagar",Surat,Gujarat,755608,O+,Retired,Aadhaar,343601137044,True,2026-03-01 09:58:14.804617,2026-03-01 09:58:14.804617
ca2c4582-ec6d-45e5-9f7b-73a2d29a5867,Deepak,Chauhan,Male,36,Widowed,9859101116,"621, Nehru Nagar",Mumbai,Maharashtra,107482,B-,Nurse,Aadhaar,536533759103,True,2026-03-01 09:58:14.804617,2026-03-01 09:58:14.804618
9c849506-9cd2-46bc-9ea7-9dc182713b1f,Mohan,Yadav,Male,36,Widowed,9308059226,"676, Shivaji Nagar",Chennai,Tamil Nadu,804827,B+,Teacher,Aadhaar,239965101149,True,2026-03-01 09:58:14.804618,2026-03-01 09:58:14.804618
d4853c4a-9c3d-4588-9758-f1dc3c22c2ca,Pradeep,Yadav,Male,59,Widowed,9882649192,"802, Gandhi Chowk",Coimbatore,Tamil Nadu,301170,A+,Clerk,Aadhaar,687026399597,True,2026-03-01 09:58:14.804618,2026-03-01 09:58:14.804618
96cc29d2-dcd0-432c-a4e6-b208ec0ac0ba,Seema,Rao,Female,18,Single,9788232308,"690, MG Road",Varanasi,Uttar Pradesh,995336,O-,Housewife,Aadhaar,402395229386,True,2026-03-01 09:58:14.804619,2026-03-01 09:58:14.804619
254822f9-e4e9-4c2f-a73b-1e4daafd5e86,Naresh,Reddy,Male,34,Married,9874404381,"230, MG Road",Jaipur,Rajasthan,391433,AB+,Government Employee,Aadhaar,445525229138,True,2026-03-01 09:58:14.804619,2026-03-01 09:58:14.804619
7b9116a4-6ade-40a3-adf2-1f46283faece,Nitin,Mehta,Male,62,Married,9891824663,"232, Ambedkar Marg",Pune,Maharashtra,178056,B-,Doctor,Aadhaar,461483695843,True,2026-03-01 09:58:14.804619,2026-03-01 09:58:14.804619
4805c131-dfe1-4ab3-aeb5-7ca22d222fc3,Meera,Desai,Female,21,Single,9967646831,"25, Shivaji Nagar",Hyderabad,Telangana,935946,O-,Nurse,Aadhaar,371658440141,True,2026-03-01 09:58:14.804620,2026-03-01 09:58:14.804620
35e9944e-a17a-4866-b97c-ad547a318e02,Deepak,Shah,Male,56,Single,9657996830,"814, Nehru Nagar",Coimbatore,Tamil Nadu,176452,AB-,Retired,Aadhaar,787605670085,True,2026-03-01 09:58:14.804620,2026-03-01 09:58:14.804620
e529faac-f51a-4d2c-8445-221bc8d808c1,Archana,Kumar,Female,26,Married,9505224939,"321, MG Road",Mumbai,Maharashtra,920664,B+,Farmer,Aadhaar,984415867916,True,2026-03-01 09:58:14.804621,2026-03-01 09:58:14.804621
22077686-c01e-455f-9878-84c21083797a,Sunita,Mishra,Female,35,Married,9827529296,"58, Shivaji Nagar",Hyderabad,Telangana,154738,O+,Nurse,Aadhaar,539725003028,True,2026-03-01 09:58:14.804621,2026-03-01 09:58:14.804621
a6fbed14-1f0e-4763-8e42-292f07946b12,Girish,Bhatt,Male,60,Widowed,9770023660,"11, Ambedkar Marg",Jaipur,Rajasthan,502569,AB-,Retired,Aadhaar,781268617440,True,2026-03-01 09:58:14.804621,2026-03-01 09:58:14.804622
5c74527b-3ade-4fd3-815d-5bcef6501fd3,Sanjay,Desai,Male,48,Single,9655353112,"337, Shivaji Nagar",Coimbatore,Tamil Nadu,301831,A-,Teacher,Aadhaar,752887808032,True,2026-03-01 09:58:14.804622,2026-03-01 09:58:14.804622
fd0b841d-5b0b-4a85-99d7-0e53302e9995,Pramod,Pawar,Male,66,Married,9784364101,"522, Gandhi Chowk",Nagpur,Maharashtra,472654,AB+,Labourer,Aadhaar,781717064993,True,2026-03-01 09:58:14.804622,2026-03-01 09:58:14.804622
cdb42b06-0876-45f5-9148-d1a909f030c0,Asha,Shah,Female,24,Married,9434649743,"599, Ambedkar Marg",Delhi,Delhi,638051,O-,Business,Aadhaar,952727719111,True,2026-03-01 09:58:14.804623,2026-03-01 09:58:14.804623
a7857a1c-2800-48cc-9219-bdf7c4a3da4a,Pradeep,Nair,Male,34,Single,9108677810,"531, Shivaji Nagar",Pune,Maharashtra,789624,B+,Farmer,Aadhaar,655070352115,True,2026-03-01 09:58:14.804623,2026-03-01 09:58:14.804623
9595115d-96ab-4e4b-a3fc-6130d53dc7bc,Kiran,Chauhan,Male,31,Married,9943170597,"71, Gandhi Chowk",Ahmedabad,Gujarat,298553,AB-,Clerk,Aadhaar,759137474256,True,2026-03-01 09:58:14.804623,2026-03-01 09:58:14.804623
0d1c8fdc-1b98-4976-b980-c24bef178ef6,Archana,Iyer,Female,39,Single,9452852019,"167, MG Road",Nashik,Maharashtra,576370,A+,Labourer,Aadhaar,800095548054,True,2026-03-01 09:58:14.804624,2026-03-01 09:58:14.804624
f49530a9-11a0-426c-a69b-7e7dd8747a53,Santosh,Shah,Male,32,Single,9888755899,"787, Gandhi Chowk",Jaipur,Rajasthan,946485,AB+,Doctor,Aadhaar,303582792311,True,2026-03-01 09:58:14.804624,2026-03-01 09:58:14.804624
e6fed3e8-f219-4f36-beb3-bc87e4223aa7,Rohit,Sharma,Male,22,Married,9252902956,"298, Ambedkar Marg",Mumbai,Maharashtra,303846,O-,Farmer,Aadhaar,134253692541,True,2026-03-01 09:58:14.804625,2026-03-01 09:58:14.804625
65f200f0-9b68-49a2-a49d-828c9aa17971,Dinesh,Mishra,Male,63,Widowed,9287136578,"348, Shivaji Nagar",Delhi,Delhi,357912,B+,Doctor,Aadhaar,293365835878,True,2026-03-01 09:58:14.804625,2026-03-01 09:58:14.804625
1d24c2d4-62ba-4bc6-a674-be0724bf55cb,Kavita,Sharma,Female,30,Widowed,9945479430,"907, MG Road",Nagpur,Maharashtra,454820,B-,Business,Aadhaar,363952384941,True,2026-03-01 09:58:14.804625,2026-03-01 09:58:14.804625
b62d412b-1315-4018-b0cc-b6b6af61e90d,Jyoti,Chauhan,Female,71,Widowed,9565701222,"900, MG Road",Surat,Gujarat,224249,B+,Engineer,Aadhaar,309572491644,True,2026-03-01 09:58:14.804626,2026-03-01 09:58:14.804626
06e8f8e3-16e6-4b0c-a50c-435e8a815374,Ashok,Verma,Male,34,Single,9783053289,"251, MG Road",Kolkata,West Bengal,900149,B-,Nurse,Aadhaar,424422366236,True,2026-03-01 09:58:14.804626,2026-03-01 09:58:14.804626
3d74c0b4-53d2-46bc-bc8b-3a312b6c310e,Sanjay,Shah,Male,50,Married,9645750195,"992, Shivaji Nagar",Mumbai,Maharashtra,612743,B-,Clerk,Aadhaar,959343102595,True,2026-03-01 09:58:14.804626,2026-03-01 09:58:14.804627
a8eca3ed-1173-40ac-b839-778a4881fdab,Jyoti,Jain,Female,31,Single,9906710856,"904, Shivaji Nagar",Hyderabad,Telangana,492446,AB-,Government Employee,Aadhaar,295267541109,True,2026-03-01 09:58:14.804627,2026-03-01 09:58:14.804627
75be5cce-48a2-45f2-b10f-955ad609d0fc,Usha,Chauhan,Female,36,Single,9608693948,"275, Shivaji Nagar",Lucknow,Uttar Pradesh,520422,A+,Doctor,Aadhaar,594793119522,True,2026-03-01 09:58:14.804627,2026-03-01 09:58:14.804627
297d17b6-5bac-4b56-9c45-56652e9f7eb7,Nitin,Mehta,Male,64,Widowed,9268802235,"958, Gandhi Chowk",Pune,Maharashtra,366893,A-,Engineer,Aadhaar,193422508361,True,2026-03-01 09:58:14.804628,2026-03-01 09:58:14.804628
b2a64cf4-99a6-4e22-9b07-0c698530d84c,Geeta,Reddy,Female,38,Single,9650037226,"637, Gandhi Chowk",Bangalore,Karnataka,546800,AB-,Labourer,Aadhaar,548534196450,True,2026-03-01 09:58:14.804628,2026-03-01 09:58:14.804628
1b6c4690-5b66-451b-a064-aa4e7b7e5d42,Jyoti,Nair,Female,35,Married,9574259410,"240, Gandhi Chowk",Pune,Maharashtra,776703,A-,Student,Aadhaar,194066122517,True,2026-03-01 09:58:14.804628,2026-03-01 09:58:14.804629
32a02a41-5335-4674-83b2-0bd863ff30dc,Sarita,Reddy,Female,39,Single,9344535679,"101, MG Road",Lucknow,Uttar Pradesh,174814,O-,Farmer,Aadhaar,321388496183,True,2026-03-01 09:58:14.804629,2026-03-01 09:58:14.804629
a4844454-31f0-4cd4-9693-1f90f342a704,Neha,Jain,Female,33,Widowed,9394704072,"196, Shivaji Nagar",Pune,Maharashtra,244562,O+,Farmer,Aadhaar,429724966121,True,2026-03-01 09:58:14.804629,2026-03-01 09:58:14.804629
1e27a916-06b2-4614-87c9-814a96bc834d,Sarita,Chauhan,Female,35,Single,9982466864,"594, MG Road",Bhopal,Madhya Pradesh,594932,B+,Nurse,Aadhaar,350815375373,True,2026-03-01 09:58:14.804630,2026-03-01 09:58:14.804630
e6268e02-2164-49d3-89b1-a806410747fa,Vinod,Dubey,Male,32,Widowed,9943933854,"566, Ambedkar Marg",Ahmedabad,Gujarat,857607,AB-,Student,Aadhaar,193595561788,True,2026-03-01 09:58:14.804630,2026-03-01 09:58:14.804630
f4f01606-4cf2-46b4-b52c-d65f096b387c,Neha,Pandey,Female,41,Married,9571029923,"461, Shivaji Nagar",Bhopal,Madhya Pradesh,131566,O-,Engineer,Aadhaar,435558689428,True,2026-03-01 09:58:14.804630,2026-03-01 09:58:14.804631
4bd00345-adef-409c-9770-390b42b30d5d,Deepak,Pawar,Male,34,Married,9550056006,"436, Ambedkar Marg",Surat,Gujarat,899897,O+,Student,Aadhaar,123995789394,True,2026-03-01 09:58:14.804631,2026-03-01 09:58:14.804631
974c7486-32a8-407c-aff8-ef37a62ac970,Pradeep,Singh,Male,79,Widowed,9776284800,"819, Shivaji Nagar",Nashik,Maharashtra,737363,AB+,Housewife,Aadhaar,170397246222,True,2026-03-01 09:58:14.804631,2026-03-01 09:58:14.804631
5a330840-cd56-43de-b794-14ca896e10c8,Neha,Nair,Female,38,Single,9786124569,"917, Gandhi Chowk",Delhi,Delhi,197770,B+,Teacher,Aadhaar,708489000034,True,2026-03-01 09:58:14.804632,2026-03-01 09:58:14.804632
1e55f8b8-0520-4e5f-b7c9-818d066b5f3b,Rajesh,More,Male,36,Married,9313673270,"72, Ambedkar Marg",Kolkata,West Bengal,397604,B-,Doctor,Aadhaar,822804794435,True,2026-03-01 09:58:14.804632,2026-03-01 09:58:14.804632
52661b71-6bef-4e8d-aea4-999b7ac81d34,Mahesh,Patel,Male,19,Single,9541158894,"401, Nehru Nagar",Bangalore,Karnataka,216123,B+,Government Employee,Aadhaar,625783081145,True,2026-03-01 09:58:14.804632,2026-03-01 09:58:14.804633
9e4a59c6-571e-4bca-bb0e-46c55a6521d8,Nitin,Patil,Male,61,Single,9564071937,"838, Ambedkar Marg",Ahmedabad,Gujarat,266494,O+,Shopkeeper,Aadhaar,650627575600,True,2026-03-01 09:58:14.804633,2026-03-01 09:58:14.804633
6d1f6e55-92de-47b4-84ce-4160d1a2b61c,Sonal,Mehta,Female,30,Married,9985388850,"409, Shivaji Nagar",Mumbai,Maharashtra,946794,B-,Government Employee,Aadhaar,604619824871,True,2026-03-01 09:58:14.804633,2026-03-01 09:58:14.804633
293f0346-a9ef-4cbf-a097-f6c45b663f82,Archana,Patel,Female,33,Single,9472354161,"718, Gandhi Chowk",Indore,Madhya Pradesh,510087,B+,Housewife,Aadhaar,294343554232,True,2026-03-01 09:58:14.804634,2026-03-01 09:58:14.804634
fc778c81-dd8c-485f-8fc7-6329a56ad9fd,Geeta,Verma,Female,31,Widowed,9202579039,"403, MG Road",Amritsar,Punjab,351338,B+,Business,Aadhaar,790985315795,True,2026-03-01 09:58:14.804634,2026-03-01 09:58:14.804634
9d3a6003-500c-4d3e-b7bc-e6a12a19a411,Seema,Gupta,Female,42,Married,9629878254,"422, Shivaji Nagar",Kolkata,West Bengal,227119,O-,Teacher,Aadhaar,214913554540,True,2026-03-01 09:58:14.804634,2026-03-01 09:58:14.804635
c4747896-b5af-478b-b107-dd0247e8ff7c,Anita,Agarwal,Female,32,Married,9596248563,"28, MG Road",Delhi,Delhi,769900,AB-,Housewife,Aadhaar,917519784871,True,2026-03-01 09:58:14.804635,2026-03-01 09:58:14.804635
50364109-40fc-460f-acea-eb453d422870,Neha,Verma,Female,32,Widowed,9246544896,"335, Ambedkar Marg",Mumbai,Maharashtra,608306,AB-,Teacher,Aadhaar,701649965093,True,2026-03-01 09:58:14.804635,2026-03-01 09:58:14.804635
0c11cd29-b06d-4ae7-8f12-a518f4892703,Santosh,Agarwal,Male,54,Married,9283168644,"859, MG Road",Delhi,Delhi,736473,A-,Engineer,Aadhaar,234407327865,True,2026-03-01 09:58:14.804636,2026-03-01 09:58:14.804636
9ead7ca0-1edb-4b42-a90f-e9c5a8c0a2f2,Asha,Gupta,Female,19,Single,9264815590,"452, Gandhi Chowk",Surat,Gujarat,286583,B-,Clerk,Aadhaar,687014844720,True,2026-03-01 09:58:14.804636,2026-03-01 09:58:14.804636
f4f60215-54d1-423d-9199-80e8b6f1b205,Mahesh,Srivastava,Male,39,Widowed,9788281593,"679, MG Road",Mumbai,Maharashtra,509593,O+,Labourer,Aadhaar,757355118095,True,2026-03-01 09:58:14.804636,2026-03-01 09:58:14.804637
b080718d-a6fe-49c7-963c-f32827c63a6e,Rajesh,Bhatt,Male,31,Married,9502271684,"931, Nehru Nagar",Bangalore,Karnataka,309700,A-,Farmer,Aadhaar,131875884630,True,2026-03-01 09:58:14.804637,2026-03-01 09:58:14.804637
ea4a3a3f-78fb-44bc-87ac-e1619222d141,Sanjay,More,Male,40,Married,9203726898,"817, Nehru Nagar",Delhi,Delhi,859181,B+,Farmer,Aadhaar,664426047817,True,2026-03-01 09:58:14.804637,2026-03-01 09:58:14.804637
a0da6382-825b-40e3-a2ca-aed53731983d,Arun,Tiwari,Male,39,Widowed,9322392664,"957, Shivaji Nagar",Pune,Maharashtra,514254,AB+,Teacher,Aadhaar,332926419352,True,2026-03-01 09:58:14.804638,2026-03-01 09:58:14.804638
218fa0a4-195b-48e0-a7e2-42f22c80e997,Rohit,Tiwari,Male,35,Single,9112864905,"399, Nehru Nagar",Delhi,Delhi,581061,B-,Teacher,Aadhaar,996179121559,True,2026-03-01 09:58:14.804638,2026-03-01 09:58:14.804638
52ea149f-f490-4764-9d71-b7707c4132d6,Manisha,Pillai,Female,27,Married,9541411867,"309, Shivaji Nagar",Bangalore,Karnataka,623843,A-,Clerk,Aadhaar,969886275919,True,2026-03-01 09:58:14.804638,2026-03-01 09:58:14.804638
d17e1b68-a070-4a19-82eb-5975676cacb9,Anil,Kumar,Male,77,Widowed,9517218963,"695, Nehru Nagar",Hyderabad,Telangana,448176,B+,Driver,Aadhaar,450845678298,True,2026-03-01 09:58:14.804639,2026-03-01 09:58:14.804639
eadef9cf-9571-4c31-8384-8b31f79d9bdd,Meera,Tiwari,Female,67,Single,9510568162,"524, Nehru Nagar",Mumbai,Maharashtra,627874,A+,Doctor,Aadhaar,774400976248,True,2026-03-01 09:58:14.804639,2026-03-01 09:58:14.804639
5379dacc-2d63-47e3-b971-704fe08425f3,Ajay,Shah,Male,45,Widowed,9185243980,"62, Nehru Nagar",Indore,Madhya Pradesh,492716,AB-,Business,Aadhaar,264076391267,True,2026-03-01 09:58:14.804639,2026-03-01 09:58:14.804640
eefebc0c-be96-4217-a519-c00cca7cf35b,Neha,Desai,Female,69,Widowed,9576447381,"757, Gandhi Chowk",Mumbai,Maharashtra,240789,O+,Student,Aadhaar,966052676343,True,2026-03-01 09:58:14.804640,2026-03-01 09:58:14.804640
3ee0955d-36f9-4a79-a3e3-bad0f174a6a3,Vivek,Pawar,Male,39,Single,9905897904,"25, Nehru Nagar",Nashik,Maharashtra,988075,O-,Student,Aadhaar,324378750850,True,2026-03-01 09:58:14.804640,2026-03-01 09:58:14.804640
e8b40c91-d22f-4509-b387-3f6ebbb17900,Naresh,Shah,Male,41,Married,9752902881,"894, Ambedkar Marg",Bhopal,Madhya Pradesh,646802,O-,Engineer,Aadhaar,793389660213,True,2026-03-01 09:58:14.804641,2026-03-01 09:58:14.804641
339993cd-6511-490a-b93f-eddeef8bd92b,Vikram,Patil,Male,73,Married,9781146329,"145, Nehru Nagar",Lucknow,Uttar Pradesh,231660,A-,Engineer,Aadhaar,703840750689,True,2026-03-01 09:58:14.804641,2026-03-01 09:58:14.804641
5012dd95-5537-40dd-a5eb-faa3d4335222,Ramesh,Reddy,Male,42,Single,9276264180,"739, Nehru Nagar",Mumbai,Maharashtra,356822,AB+,Engineer,Aadhaar,373185050898,True,2026-03-01 09:58:14.804641,2026-03-01 09:58:14.804642
66428818-9fc6-4424-a186-ea766b58ca8e,Anjali,Iyer,Female,39,Single,9938902595,"493, MG Road",Jaipur,Rajasthan,477048,AB+,Housewife,Aadhaar,616116625176,True,2026-03-01 09:58:14.804642,2026-03-01 09:58:14.804642
c2c00203-1229-488c-9632-4db44dc1694b,Anita,Reddy,Female,35,Married,9980042882,"977, Ambedkar Marg",Hyderabad,Telangana,120773,AB+,Housewife,Aadhaar,193862396596,True,2026-03-01 09:58:14.804642,2026-03-01 09:58:14.804642
00c88f1a-7fdb-4193-a4fa-d97d06e7d369,Divya,Rao,Female,42,Single,9508505332,"475, Gandhi Chowk",Delhi,Delhi,575637,O+,Housewife,Aadhaar,768134312823,True,2026-03-01 09:58:14.804643,2026-03-01 09:58:14.804643
6c7c0223-f089-40fa-b605-dcc194aaab4d,Meera,Tiwari,Female,36,Married,9303609169,"5, MG Road",Delhi,Delhi,625021,O-,Labourer,Aadhaar,511209592011,True,2026-03-01 09:58:14.804643,2026-03-01 09:58:14.804643
6bd0b0fd-caa3-4cbd-9f0b-051687aab268,Lata,Mishra,Female,38,Single,9141690057,"944, MG Road",Surat,Gujarat,503519,B+,Doctor,Aadhaar,580018218831,True,2026-03-01 09:58:14.804643,2026-03-01 09:58:14.804644
49af277e-5e82-4be5-a02d-b8fd664f07e9,Madhuri,Bhatt,Female,37,Single,9781804304,"706, Gandhi Chowk",Kolkata,West Bengal,830286,A+,Driver,Aadhaar,909275091008,True,2026-03-01 09:58:14.804644,2026-03-01 09:58:14.804644
b1a493d4-0085-4285-8ce6-914c1b8180a9,Ramesh,Nair,Male,53,Widowed,9858661900,"693, MG Road",Mumbai,Maharashtra,831351,B+,Business,Aadhaar,600816532580,True,2026-03-01 09:58:14.804644,2026-03-01 09:58:14.804644
9155578c-58df-47e5-8b11-cf3f982d994a,Anil,Shah,Male,73,Married,9113247168,"120, MG Road",Hyderabad,Telangana,775699,AB+,Housewife,Aadhaar,747277640984,True,2026-03-01 09:58:14.804645,2026-03-01 09:58:14.804645
ae2b6c30-42b8-4fef-811f-4ac441632cc3,Vivek,Mehta,Male,31,Single,9371518421,"709, Gandhi Chowk",Varanasi,Uttar Pradesh,624966,AB+,Shopkeeper,Aadhaar,904481643507,True,2026-03-01 09:58:14.804645,2026-03-01 09:58:14.804645
636e37b0-46b1-48b6-9111-d3c86d34f2df,Madhuri,Dubey,Female,29,Widowed,9933965732,"817, Gandhi Chowk",Patna,Bihar,953779,B+,Business,Aadhaar,330849037886,True,2026-03-01 09:58:14.804645,2026-03-01 09:58:14.804646
a071c385-06c4-47ae-a10e-e83321d54514,Usha,Mishra,Female,31,Single,9101694991,"100, MG Road",Mumbai,Maharashtra,911329,AB+,Government Employee,Aadhaar,819049862591,True,2026-03-01 09:58:14.804646,2026-03-01 09:58:14.804646
c6237d4d-3104-4c55-bd01-a1cd94ac37c2,Vandana,Pandey,Female,35,Widowed,9244237954,"203, Ambedkar Marg",Delhi,Delhi,290824,A-,Labourer,Aadhaar,995788839714,True,2026-03-01 09:58:14.804646,2026-03-01 09:58:14.804646
29961ca3-7365-4a7f-a114-a9639dc0232c,Manoj,Mehta,Male,31,Married,9378476998,"924, Ambedkar Marg",Mumbai,Maharashtra,562139,A-,Nurse,Aadhaar,283122088121,True,2026-03-01 09:58:14.804647,2026-03-01 09:58:14.804647
131c331a-fd7a-4cac-9230-069439f67c5d,Ajay,Gupta,Male,33,Single,9131854320,"600, Nehru Nagar",Bangalore,Karnataka,601111,AB-,Driver,Aadhaar,210640649341,True,2026-03-01 09:58:14.804647,2026-03-01 09:58:14.804647
9ef3df33-852b-456f-a584-8be59d511b1d,Rajesh,Yadav,Male,19,Widowed,9947404741,"43, MG Road",Indore,Madhya Pradesh,321321,A+,Housewife,Aadhaar,673820450670,True,2026-03-01 09:58:14.804647,2026-03-01 09:58:14.804648
65fb5fe9-d378-4d04-9052-9b366c38d1e4,Lata,Nair,Female,38,Single,9498127494,"699, Gandhi Chowk",Indore,Madhya Pradesh,430536,B-,Student,Aadhaar,540943153667,True,2026-03-01 09:58:14.804648,2026-03-01 09:58:14.804648
ada8761e-77b4-4d7c-b0e3-5cee72e397cb,Divya,Patel,Female,61,Married,9103312131,"468, Ambedkar Marg",Nashik,Maharashtra,860448,B+,Farmer,Aadhaar,235729166419,True,2026-03-01 09:58:14.804648,2026-03-01 09:58:14.804648
313e5a4d-8e56-4fc5-a370-53aefb20edaf,Usha,Bhatt,Female,34,Widowed,9836785419,"675, Ambedkar Marg",Nagpur,Maharashtra,639926,AB+,Driver,Aadhaar,100807174408,True,2026-03-01 09:58:14.804649,2026-03-01 09:58:14.804649
c844783f-11c4-4f44-9adc-d0549d1ac29f,Priya,Desai,Female,24,Widowed,9449530016,"695, Ambedkar Marg",Bangalore,Karnataka,344903,AB-,Housewife,Aadhaar,773189757891,True,2026-03-01 09:58:14.804649,2026-03-01 09:58:14.804649
e3453b46-30e8-4c55-b8a4-035028f7a843,Rohit,Pandey,Male,71,Single,9806886123,"878, MG Road",Coimbatore,Tamil Nadu,869946,AB+,Business,Aadhaar,313061189152,True,2026-03-01 09:58:14.804649,2026-03-01 09:58:14.804650
467b3519-b310-4c49-ba44-9bc91c39f34a,Mohan,Reddy,Male,49,Widowed,9641849446,"33, Nehru Nagar",Varanasi,Uttar Pradesh,622112,A-,Business,Aadhaar,842309308591,True,2026-03-01 09:58:14.804650,2026-03-01 09:58:14.804650
faac5fa7-7105-4274-af3d-58693042ca03,Asha,Agarwal,Female,36,Widowed,9358666136,"250, Nehru Nagar",Coimbatore,Tamil Nadu,278711,A-,Teacher,Aadhaar,133138959019,True,2026-03-01 09:58:14.804650,2026-03-01 09:58:14.804650
9b03356a-7556-4636-b19c-779e9e04f094,Sanjay,Verma,Male,32,Single,9815039775,"488, MG Road",Indore,Madhya Pradesh,797802,B+,Government Employee,Aadhaar,897290018514,True,2026-03-01 09:58:14.804651,2026-03-01 09:58:14.804651
09ad08e3-b221-4bda-83ce-ea9a3d66141a,Meera,Pawar,Female,61,Widowed,9922848498,"947, Shivaji Nagar",Kolkata,West Bengal,167808,O-,Housewife,Aadhaar,889888153199,True,2026-03-01 09:58:14.804651,2026-03-01 09:58:14.804651
8424f1a2-a09a-4f97-8fc6-92af05538f92,Mihir ,Patel,Male,36,Married,8786342628,Vejalpur,Ahmedabad,Gujarat,380051,A+,Software Engineer,Voter ID,ABC1234567,True,2026-03-01 18:34:45.201081,2026-03-02 06:23:31.244356
