id,first_name,last_name,gender,age,marital_status,mobile,address,city,state,pincode,blood_group,occupation,id_type,id_number,diagnosis_done,created_at,updated_at
6caf871a-9ffd-4dfd-bbd6-5c905367bcfe,Utsav,Patel,Male,21,Unmarried,09033833390,"20,Patel Homes
Opposite Manav Mandir Mulchand Road",Ahmedabad,Gujarat,363001,,,,,True,2026-02-18 11:33:58.954434+05:30,
757c9ea0-3f7c-4b9a-9713-407a5c36effb,Ranveer,Bora,Male,18,Married,6400508940,"H.No. 598, Bose Ganj",Hubli,Karnataka,589514,O+,Doctor,PAN Card,HGYHK5301V,True,2026-02-03 01:58:04+05:30,2026-02-03 01:58:04+05:30
a0c7981c-102b-487d-872d-44ddb72415db,Tejas,Banik,Male,39,Married,8682012227,"70
Saxena",Jodhpur,Rajasthan,419205,B-,Business,PAN Card,GKBEM3154Y,True,2026-02-02 18:09:47+05:30,2026-02-02 18:09:47+05:30
43f937a5-0532-4634-bdd1-17214b7938e7,Pooja,Gill,Female,43,Widow,6137779350,"05/43, Parmer Road",Lucknow,Uttar Pradesh,377841,A-,Lawyer,Voter ID,WFQ1242756,True,2026-02-01 10:29:58+05:30,2026-02-01 10:29:58+05:30
e3e1e06a-b211-4863-84f2-f55e43da1c61,Xavier,Chakrabarti,Transgender,29,Married,7653117294,"H.No. 137
Thakur Zila",Coimbatore,Tamil Nadu,642039,B-,Homemaker,Voter ID,MJR0861694,True,2026-02-02 22:46:18+05:30,2026-02-02 22:46:18+05:30
e5ea1f11-7594-4703-9ba3-9c2b73998e34,Ekantika,Sagar,Transgender,35,Unmarried,8219689839,"53
Jaggi Marg",Udaipur,Rajasthan,648491,O-,Artist,Aadhar,2806 3905 7957,True,2026-02-01 04:35:38+05:30,2026-02-01 04:35:38+05:30
09ae4208-e995-472a-978d-d489bb1c6e97,Gautam,Sehgal,Transgender,57,Unmarried,9993458502,"H.No. 47
Chakraborty Nagar",Siliguri,West Bengal,715650,O-,Accountant,Aadhar,7568 7068 1777,True,2026-02-07 08:55:57+05:30,2026-02-07 08:55:57+05:30
9568f550-7270-47f8-babd-16f54bc22a91,Shaurya,Dani,Transgender,34,Widow,9368171652,"02, Sule Marg",Chennai,Tamil Nadu,246120,AB-,Homemaker,PAN Card,VHKJW5930Y,True,2026-02-12 06:25:51+05:30,2026-02-12 06:25:51+05:30
1d611a1e-17cd-45ad-b259-db7784fc8f22,Krishna,Gill,Male,38,Divorcee,7245290602,"29/434
Yohannan Path",Rohini,Delhi,751151,A+,Engineer,Aadhar,8985 6225 9882,True,2026-02-09 04:25:18+05:30,2026-02-09 04:25:18+05:30
d722ba90-9d14-4127-83b4-b18b9b57c936,Panini,Deshmukh,Female,59,Unmarried,9682108462,"H.No. 94
Sami Marg",Pune,Maharashtra,570641,O+,Doctor,Aadhar,2944 1065 9845,True,2026-02-07 02:09:52+05:30,2026-02-07 02:09:52+05:30
93d5fdca-7720-4a1a-b47d-4efe674b65e6,Wazir,Ganesan,Male,42,Unmarried,9073332033,"52, Nigam Chowk",Mysore,Karnataka,680411,A-,Accountant,PAN Card,PTAFL1058V,True,2026-02-04 17:35:05+05:30,2026-02-04 17:35:05+05:30
40921c76-129f-4d9c-951f-7bb2d91fd085,Vedika,Nadkarni,Female,31,Widow,7361676979,"08/75
Sundaram Zila",Udaipur,Rajasthan,721835,O-,Accountant,PAN Card,UVTUV6420B,True,2026-02-02 03:39:32+05:30,2026-02-02 03:39:32+05:30
6d7c6ee9-a99a-4b5c-841a-2d9d9a2da9ec,Waida,Dhillon,Transgender,61,Unmarried,9132926939,"67/029, Bhatia Road",Jodhpur,Rajasthan,344155,B-,Farmer,PAN Card,YSCZR3023O,True,2026-02-10 15:03:42+05:30,2026-02-10 15:03:42+05:30
526cbcf9-3140-4179-b5ea-5514dbfe1c0a,Nitara,Ravi,Transgender,44,Married,8079005679,"H.No. 583
Kata Road",Siliguri,West Bengal,988445,O-,Accountant,PAN Card,DUWVM1503O,True,2026-02-10 06:27:28+05:30,2026-02-10 06:27:28+05:30
7d55acfd-6df4-4519-ae66-209bae9c3cc6,Onveer,Menon,Male,37,Married,6835191263,"H.No. 845, Bhatnagar Street",Udaipur,Rajasthan,410576,B+,Student,Voter ID,YOD7554899,True,2026-02-14 20:09:55+05:30,2026-02-14 20:09:55+05:30
afa506a8-91ef-4703-98d7-fcf161589603,Mitali,Shere,Female,47,Unmarried,8219711041,"43/851
Kulkarni Path",Kanpur,Uttar Pradesh,529778,A+,Farmer,Voter ID,GUI5351632,True,2026-02-11 04:53:13+05:30,2026-02-11 04:53:13+05:30
b201c069-2461-4f89-bb12-594445a674cf,Janaki,Mukhopadhyay,Female,89,Married,9909956961,"70/469, Sampath Ganj",Lucknow,Uttar Pradesh,845904,A+,Engineer,PAN Card,KWYHC4911Z,True,2026-02-14 12:08:04+05:30,2026-02-14 12:08:04+05:30
37c1485e-698a-4368-a27c-862a5c22b91f,Hritik,Amble,Transgender,21,Unmarried,6908660425,"45
Sura Street",Nagpur,Maharashtra,157374,AB+,Engineer,Aadhar,9616 7749 3156,True,2026-02-15 01:47:31+05:30,2026-02-15 01:47:31+05:30
8c85927f-220e-4575-875d-278a420b2be0,Veer,Ghose,Transgender,48,Unmarried,6887529952,"H.No. 541, Jayaraman Path",Hubli,Karnataka,597523,AB+,Homemaker,PAN Card,JOILB8654G,True,2026-02-12 03:49:51+05:30,2026-02-12 03:49:51+05:30
54815c59-635e-4d25-9f0d-de3749a173f3,Ekbal,Mangat,Transgender,70,Divorcee,6133769548,"380
Roy Chowk",Jodhpur,Rajasthan,386608,O+,Student,Aadhar,5188 3460 1820,True,2026-02-13 17:26:45+05:30,2026-02-13 17:26:45+05:30
f4a36e4b-6ece-4c62-84df-5d819840f29d,Parth,Kumer,Transgender,50,Unmarried,9092206505,"68/57, Sekhon Circle",Chennai,Tamil Nadu,866825,B-,Business,Aadhar,6926 2941 8160,True,2026-02-09 10:58:58+05:30,2026-02-09 10:58:58+05:30
931f12b6-5c33-449a-9fd3-57c96e8f0936,Pratyush,Nayak,Transgender,60,Widow,8827140949,"H.No. 67
Boase Chowk",Mysore,Karnataka,226494,A-,Teacher,Voter ID,NHC8106536,True,2026-02-14 08:19:25+05:30,2026-02-14 08:19:25+05:30
a60eb578-9099-4dcf-8f93-8d3317fd36f1,Jairaj,Som,Male,84,Widow,7507601056,"545
Raja Ganj",Mumbai,Maharashtra,215801,O-,Accountant,Voter ID,UOE6251701,True,2026-02-13 07:57:32+05:30,2026-02-13 07:57:32+05:30
e800c0ef-5bf1-4e72-9a07-e541c0be1c75,Nandini,Bail,Female,47,Widow,7793393943,"37/583
Borah Circle",Hubli,Karnataka,591067,B-,Accountant,Voter ID,IWF7322350,True,2026-02-03 12:39:28+05:30,2026-02-03 12:39:28+05:30
05960532-568b-494a-8a57-d07a733774d6,Gauri,Trivedi,Transgender,65,Married,8907936102,"56/528
Nori",Hubli,Karnataka,666500,A+,Artist,PAN Card,JLZUQ8136E,True,2026-02-07 17:51:30+05:30,2026-02-07 17:51:30+05:30
00159a2b-bd07-4a98-8488-e8cb862db123,Chaitaly,Bains,Transgender,80,Divorcee,7457425201,"49, Bhatnagar Path",Chennai,Tamil Nadu,606503,AB-,Student,Aadhar,4393 6080 6327,True,2026-02-03 05:45:58+05:30,2026-02-03 05:45:58+05:30
4bcdff27-91fa-465a-baae-5b85f2537a92,Gayathri,Sant,Transgender,34,Married,6788700994,"928
Roy Marg",Varanasi,Uttar Pradesh,325127,O-,Artist,Voter ID,MQM5399818,True,2026-02-14 13:22:12+05:30,2026-02-14 13:22:12+05:30
56f648f3-c8fd-4e5f-999b-a0347c9789a2,Isaac,Ramachandran,Male,61,Widow,8797125688,"H.No. 41
Bhavsar Chowk",Madurai,Tamil Nadu,314207,B+,Artist,PAN Card,ETRFE4198E,True,2026-02-09 03:28:14+05:30,2026-02-09 03:28:14+05:30
d17bbeac-1ba1-480e-9734-9089c82dcf3f,Bina,Narasimhan,Female,50,Divorcee,6252944683,"685, Lata Marg",Kanpur,Uttar Pradesh,306061,O-,Student,Aadhar,9946 2750 4278,True,2026-02-04 12:10:31+05:30,2026-02-04 12:10:31+05:30
2fcb6562-eef7-4f90-98e6-d0ba48ffed40,Zinal,Kade,Transgender,67,Divorcee,9651090609,"H.No. 65
Chaudhari Chowk",Siliguri,West Bengal,579412,AB-,Business,Aadhar,8623 9475 6921,True,2026-02-10 02:52:37+05:30,2026-02-10 02:52:37+05:30
259c7533-8ff9-4330-9232-7643bf7ea00a,Ryan,Venkataraman,Male,56,Married,7877776004,"98, Bhatt Marg",Coimbatore,Tamil Nadu,318473,A+,Teacher,Aadhar,9664 1335 4012,True,2026-02-04 02:01:33+05:30,2026-02-04 02:01:33+05:30
bfcd1fdb-0370-4000-bdc0-40cdf2c4f87f,Leena,Aurora,Female,81,Divorcee,6341124190,"82
Bakshi Circle",Jaipur,Rajasthan,646940,B+,Artist,PAN Card,NHHZC9057E,True,2026-02-05 15:26:01+05:30,2026-02-05 15:26:01+05:30
02d6e072-90ec-46a5-850a-ec542cfef914,Ayush,Pall,Male,57,Unmarried,7358917826,"H.No. 322
Garde Nagar",Siliguri,West Bengal,404367,B-,Teacher,Voter ID,YQU8230105,True,2026-02-14 09:20:57+05:30,2026-02-14 09:20:57+05:30
73e7913f-944e-410e-a241-2c245ed0eec7,Sanaya,Wali,Transgender,50,Widow,9137249295,"H.No. 584
Dayal Nagar",Rohini,Delhi,525167,AB-,Teacher,Aadhar,1907 2107 6923,True,2026-02-03 05:25:38+05:30,2026-02-03 05:25:38+05:30
f16e7421-d5f6-4d3f-aa7d-f17202c039db,Henry,Sampath,Male,33,Unmarried,9877489006,"078
Cherian Zila",Hubli,Karnataka,974827,O+,Student,Aadhar,6048 5687 4972,True,2026-02-03 20:49:07+05:30,2026-02-03 20:49:07+05:30
11691786-8e35-4706-94e1-f9bda3548b68,Tanveer,Talwar,Male,28,Unmarried,7198206894,"92/91
Ramesh Street",Kolkata,West Bengal,449173,O-,Lawyer,Aadhar,4751 5381 4367,True,2026-02-05 01:00:06+05:30,2026-02-05 01:00:06+05:30
ad0f77c5-5594-4cf6-bb04-517780abfc4c,Damyanti,Chaudhari,Female,85,Unmarried,7455086341,"21/88, Mann Marg",Siliguri,West Bengal,885784,A-,Business,PAN Card,BMTSP2808X,True,2026-02-16 23:27:12+05:30,2026-02-16 23:27:12+05:30
a5e3a1a1-c014-4eca-b2f8-2cead6ed0468,Oscar,Prakash,Transgender,60,Widow,7615421238,"83/57, Savant Circle",Varanasi,Uttar Pradesh,160956,B+,Farmer,Aadhar,3704 5175 6858,True,2026-02-06 17:18:58+05:30,2026-02-06 17:18:58+05:30
b3ddb14f-af0c-403c-afbb-faf429db44a4,Rachana,Dhar,Female,24,Divorcee,9899576612,"30
Panchal Circle",Kolkata,West Bengal,569050,B-,Farmer,Voter ID,QVP9500547,True,2026-02-07 23:27:20+05:30,2026-02-07 23:27:20+05:30
fd5384b1-a289-4ea8-9216-fe49c45df7b8,Laban,Dugar,Male,90,Widow,7893000411,"H.No. 967
Mohanty Zila",Bangalore,Karnataka,140327,A-,Accountant,Voter ID,SQJ8659401,True,2026-02-13 15:30:32+05:30,2026-02-13 15:30:32+05:30
13e1787a-43e8-4b46-bdbc-571d5ec5bcf3,Aarnav,Balasubramanian,Male,51,Unmarried,9482636749,"H.No. 597
Raghavan Circle",Lucknow,Uttar Pradesh,355976,A+,Engineer,Voter ID,HHP8361601,True,2026-02-12 11:48:26+05:30,2026-02-12 11:48:26+05:30
18409ef6-209a-4b7b-ac8c-03f2cd491cbf,Kritika,Nori,Female,41,Divorcee,6374976944,"34/778
Korpal Marg",Nagpur,Maharashtra,170754,AB-,Teacher,PAN Card,POUBY6664Y,True,2026-02-10 20:00:54+05:30,2026-02-10 20:00:54+05:30
5e31e5b3-68c5-4881-892a-d5396eceb4ad,Yug,Bansal,Male,60,Unmarried,9907989736,"758
Koshy Ganj",Kanpur,Uttar Pradesh,893992,O+,Lawyer,Voter ID,JBO6396522,True,2026-02-16 14:22:50+05:30,2026-02-16 14:22:50+05:30
5cc7918e-f34f-4d19-bf13-5a82682d80f6,Reyansh,Chaudhuri,Male,86,Widow,7870293153,"723
Batta Zila",Jodhpur,Rajasthan,819548,O-,Homemaker,PAN Card,SHRBB5140M,True,2026-02-17 17:41:04.159869+05:30,
087cf598-2404-4ea9-bf79-a2ac066bcb60,Ubika,Narang,Female,72,Divorcee,7313151321,"H.No. 27, Bora Path",Kanpur,Uttar Pradesh,436746,A-,Doctor,Aadhar,9825 6646 6270,True,2026-02-17 17:41:04.161869+05:30,
294aab19-d654-4943-bdb2-e0a7ccac40c5,Krishna,Shanker,Female,22,Widow,8400950433,"09/73, Barad Chowk",Varanasi,Uttar Pradesh,991245,A-,Lawyer,Aadhar,7436 8277 7249,True,2026-02-17 17:41:04.165181+05:30,
55af5d73-c920-44b6-9ebd-90175d58db75,Anita,Rau,Transgender,61,Unmarried,9307048006,"22/038
Sarkar Zila",Rohini,Delhi,823362,AB+,Farmer,PAN Card,VEKTL1366J,True,2026-02-17 17:41:04.167496+05:30,
f583a006-afa6-45be-9c95-5579cd0bc3ae,Shaurya,Goswami,Male,85,Married,8669731869,"671
Doctor Nagar",Ahmedabad,Gujarat,195483,O-,Engineer,Voter ID,LVS8965492,True,2026-02-17 17:41:04.169596+05:30,
3a8268d3-84f3-43a7-8512-2a10339887f5,Vyanjana,Lal,Female,79,Unmarried,9973093484,"82
Thaman",Siliguri,West Bengal,711741,AB+,Business,PAN Card,RFWAB0399R,True,2026-02-17 17:41:04.171744+05:30,
43ca8d4f-47e8-427c-b471-722fcc044c31,Rehaan,Narain,Male,76,Divorcee,7883725997,"526
Raj Chowk",Udaipur,Rajasthan,891204,A+,Accountant,Voter ID,SHO8459391,True,2026-02-17 17:41:04.173347+05:30,
01aa156b-e1f5-4db0-9efb-cfd84ac2d8a7,Keya,Palan,Transgender,57,Divorcee,8215144335,"H.No. 33
Kapur Ganj",Madurai,Tamil Nadu,806341,B-,Artist,PAN Card,RLCDO3499T,True,2026-02-17 17:41:04.174988+05:30,
7cefe38c-1e41-4a3f-b03a-572808a2ef66,Udarsh,Dhaliwal,Transgender,87,Unmarried,8427080193,"H.No. 891, Nigam Path",Mysore,Karnataka,199922,A-,Lawyer,Voter ID,LQQ9689929,True,2026-02-17 17:41:04.177043+05:30,
9dc4a240-93e2-4643-8508-5ea0ab504aad,Pushti,Jayaraman,Female,22,Widow,8260927847,"59/43
Sani Road",Howrah,West Bengal,903903,AB+,Lawyer,Aadhar,5634 2763 1919,True,2026-02-17 17:41:04.181599+05:30,
69b86d2e-62af-439c-b98b-007b950136d0,Tamanna,Ben,Female,46,Unmarried,7291729750,"H.No. 617, Soni Circle",Bangalore,Karnataka,700684,A+,Accountant,PAN Card,GHJLB9352J,True,2026-02-17 17:41:04.184972+05:30,
0a519eaf-b902-44ad-9cbb-362418e26e87,Jack,Arya,Transgender,65,Married,9780654992,"70/290
Goswami Chowk",Lucknow,Uttar Pradesh,337429,B-,Business,Voter ID,JMQ8912106,True,2026-02-17 17:41:04.186888+05:30,
eba132ec-8ce6-4a42-8525-e5de8ef7f122,Darpan,Gill,Male,38,Unmarried,7474806262,"H.No. 170, Bawa Nagar",Siliguri,West Bengal,425190,AB-,Teacher,Aadhar,6657 3101 8803,True,2026-02-17 17:41:04.188605+05:30,
0b7a45ab-6a2a-4300-a8ee-753eae84e1a6,Udarsh,Walia,Transgender,74,Unmarried,7144397614,"H.No. 630, Shere Chowk",Hubli,Karnataka,527909,B+,Accountant,PAN Card,BYIOX6404L,True,2026-02-17 17:41:04.190297+05:30,
6a9d166b-dd21-4fa2-865a-dfbb5ffa0c34,Forum,Biswas,Transgender,34,Widow,9237239749,"71, Upadhyay Marg",Coimbatore,Tamil Nadu,202152,O+,Farmer,Voter ID,TMM5956366,True,2026-02-17 17:41:04.192304+05:30,
ecf8c477-8d08-4b06-be81-ee5fe5466725,Manthan,Kanda,Male,29,Unmarried,8885393766,"411, Murthy Street",Kolkata,West Bengal,140297,AB+,Accountant,Voter ID,AGX8060053,True,2026-02-17 17:41:04.194585+05:30,
128610a3-d9e8-44d3-aff1-ab42921256ca,Falguni,Doshi,Female,44,Unmarried,6386516446,"00/68, Bawa Road",Ahmedabad,Gujarat,808408,O-,Teacher,PAN Card,DAZLF8925B,True,2026-02-17 17:41:04.197070+05:30,
d13e86af-5af8-4c85-b054-92acfc5364bc,Gaurav,Basak,Transgender,37,Unmarried,6023648762,"61/966
Bal Circle",Vadodara,Gujarat,981060,B-,Artist,PAN Card,OTGRA0709L,True,2026-02-17 17:41:04.199523+05:30,
82956fd4-48b3-4092-8a0e-22eab2c492b2,Agastya,Varghese,Male,87,Unmarried,9748057324,"42
Madan Path",Lucknow,Uttar Pradesh,652270,A+,Accountant,Aadhar,7412 4188 6803,True,2026-02-17 17:41:04.201560+05:30,
2bc8a647-15c5-4e23-8da6-15e21cf6f4aa,Upadhriti,Bhatti,Transgender,89,Widow,9044179278,"97/66
Bose Path",Rohini,Delhi,312210,B-,Student,PAN Card,JVSKO9657G,True,2026-02-17 17:41:04.203506+05:30,
4610072b-9ed7-4738-b42e-a7db0d149c07,Radha,Dewan,Female,55,Unmarried,9780576726,"28/79, Barad Zila",Hubli,Karnataka,148021,B-,Student,PAN Card,QSOEK9153A,True,2026-02-17 17:41:04.205709+05:30,
52fd83eb-f2b6-4194-8781-06be265a61a4,Zaitra,Patla,Female,33,Widow,8489224489,"232, Agarwal Road",New Delhi,Delhi,480200,AB+,Doctor,Aadhar,7270 2943 6745,True,2026-02-17 17:41:04.210163+05:30,
a779a1e8-8ac2-4a2d-89b1-558853b90b3f,Yashodhara,Babu,Female,61,Married,8379443832,"04, Chaudhari Nagar",Howrah,West Bengal,292418,O+,Lawyer,PAN Card,FBKVI5416O,True,2026-02-17 17:41:04.212727+05:30,
7de1c692-7e61-403f-96e1-638ac098ed93,Yagnesh,Raj,Male,25,Divorcee,9781060893,"376
Prashad Street",Mumbai,Maharashtra,866328,O-,Teacher,PAN Card,BXIPV2722C,True,2026-02-17 17:41:04.215430+05:30,
2aaf0f50-2ea4-40a7-bfaf-a29a149bb964,Aachal,Sandhu,Female,85,Widow,8366189155,"38/230, Pai Circle",Mysore,Karnataka,164389,O-,Homemaker,PAN Card,JZGIO9642V,True,2026-02-17 17:41:04.219739+05:30,
c181bf74-80ce-4138-917f-3c9c7c800236,Yasti,Walla,Female,24,Widow,7582902159,"48/656, Nazareth Nagar",Madurai,Tamil Nadu,929967,AB+,Doctor,Voter ID,GGI8191244,True,2026-02-17 17:41:04.221814+05:30,
eb285dd9-7fb3-48cd-956b-ff04e71b0990,Kalpit,Pal,Transgender,37,Divorcee,8673839922,"37/884
Ravi Circle",Bangalore,Karnataka,455803,O-,Artist,Aadhar,2721 2918 2498,True,2026-02-17 17:41:04.223609+05:30,
1585ef1a-7f4e-4399-833a-1f5da411621d,Rajeshri,Gill,Female,31,Divorcee,6139008209,"H.No. 212
Nath Street",Dwarka,Delhi,677218,O+,Lawyer,Voter ID,CFC5815322,True,2026-02-17 17:41:04.225477+05:30,
35615ff4-ec4c-4240-bd3a-5b706aa62278,Ekani,Shah,Female,26,Widow,9122944995,"30/905, Ramaswamy Marg",Nagpur,Maharashtra,279227,B+,Artist,PAN Card,MSBCA6507K,True,2026-02-17 17:41:04.227317+05:30,
4a0807d9-5c1c-487a-bc94-4913ecd54492,Netra,Gopal,Female,41,Widow,6502969539,"H.No. 86, Shetty Road",Chennai,Tamil Nadu,642007,AB-,Student,PAN Card,IEICY8611I,True,2026-02-17 17:41:04.229324+05:30,
9cbb6397-4030-4c37-9eeb-5d3ef6f583f0,Warjas,Dewan,Transgender,65,Widow,6860559465,"H.No. 420, Sura",Ahmedabad,Gujarat,198211,A-,Homemaker,Voter ID,GTE9657317,True,2026-02-17 17:41:04.231143+05:30,
42177cac-b5b5-4f06-87c5-14398f6a7de0,Aarna,Gopal,Female,41,Unmarried,8948178705,"59, Korpal Chowk",Kolkata,West Bengal,687474,O+,Farmer,Voter ID,EJC5438192,True,2026-02-17 17:41:04.233171+05:30,
eac0762b-b5b7-43c2-8e09-1f947aadf721,Rushil,Sangha,Transgender,31,Divorcee,9579758806,"351
Ahluwalia Marg",Coimbatore,Tamil Nadu,827890,O-,Accountant,PAN Card,IOGQK2482V,True,2026-02-17 17:41:04.235034+05:30,
f13fe593-c321-4d54-9f07-eb03c4c2718d,Fitan,Shan,Transgender,32,Widow,9920891071,"40/893, Deo Road",Lucknow,Uttar Pradesh,465311,O+,Homemaker,PAN Card,EIXTK7435R,True,2026-02-17 17:41:04.236837+05:30,
f20ce069-27ea-435d-912d-247bdb465fb0,Gabriel,Karnik,Male,39,Married,9580921915,"79
Andra Ganj",Nagpur,Maharashtra,780402,B-,Business,PAN Card,LSYDD4580A,True,2026-02-17 17:41:04.238666+05:30,
6e9fd8f5-b248-4e70-91ec-5f1b64598c20,Pallavi,Rege,Female,65,Widow,9287715976,"H.No. 90, Sani",Rohini,Delhi,367983,O+,Doctor,Aadhar,5666 4597 5330,True,2026-02-17 17:41:04.240614+05:30,
429221db-416e-414d-b0e6-e52a90ae6b32,Arya,Sani,Female,44,Married,8656427357,"33/693
Sarkar Street",Vadodara,Gujarat,235074,A+,Business,PAN Card,ZXRRJ9884R,True,2026-02-17 17:41:04.242573+05:30,
362ca17f-27f5-484d-83da-70beaa79ec0d,Jacob,Choudhary,Male,18,Unmarried,8593289120,"H.No. 284, Munshi Ganj",Lucknow,Uttar Pradesh,776157,B+,Student,Voter ID,MCQ3016442,True,2026-02-17 17:41:04.244922+05:30,
07a7deeb-15ea-4224-b40c-f051516d0c7a,Omaja,Kaur,Female,59,Widow,8038791969,"H.No. 78
Merchant Zila",New Delhi,Delhi,661727,AB+,Farmer,Aadhar,6987 2589 9829,True,2026-02-17 17:41:04.248229+05:30,
e709be8f-f139-497b-a162-5c67c14a7fbe,Ria,Narula,Female,87,Widow,7012585205,"H.No. 42
Varkey Chowk",Lucknow,Uttar Pradesh,973774,AB+,Student,Voter ID,JJV8071711,True,2026-02-17 17:41:04.250363+05:30,
af25c6e3-e1bf-4962-9c6c-f3b33204d4c7,Nicholas,Krishnan,Transgender,21,Married,8896348647,"H.No. 318, Dutt Marg",Mumbai,Maharashtra,980926,O+,Homemaker,PAN Card,AAFTA8328Z,True,2026-02-17 17:41:04.252706+05:30,
a4e7a1a5-a538-4011-a9ea-3b44b3583059,Kavya,Balasubramanian,Transgender,66,Unmarried,9451139537,"453
Mahajan Marg",Udaipur,Rajasthan,483415,AB+,Engineer,Voter ID,WSE2883770,True,2026-02-17 17:41:04.255114+05:30,
38fbc481-d25d-4000-8f55-0a62b9cc1e64,Warda,Chandra,Transgender,43,Unmarried,8877679820,"342
Bhatt Nagar",Lucknow,Uttar Pradesh,981881,AB+,Doctor,PAN Card,CMDID4387J,True,2026-02-17 17:41:04.257569+05:30,
72217da0-f90a-4398-9f67-f182aeee8e23,Charan,Sachar,Transgender,59,Unmarried,6514376257,"15/77
Bora Zila",Nagpur,Maharashtra,335311,B-,Accountant,Aadhar,7462 3299 4904,True,2026-02-17 17:41:04.259916+05:30,
4786e346-c6c8-4571-ad84-51ed812e1274,Bishakha,Varty,Female,63,Married,8864356304,"H.No. 867, Malhotra",Ahmedabad,Gujarat,352380,AB-,Accountant,Aadhar,1472 7197 3313,True,2026-02-17 17:41:04.262255+05:30,
13d93444-f89c-4b04-ae92-9d262d952d7f,Christopher,Ben,Male,29,Widow,7725486012,"10/519
De Circle",Nagpur,Maharashtra,442983,AB+,Lawyer,PAN Card,ZLHZO6145Z,True,2026-02-17 17:41:04.265031+05:30,
b4839ee9-4a6b-44c5-bb86-ec13da8ddb0c,Ekalinga,Modi,Male,84,Divorcee,9381498297,"34, Hayre Path",Hubli,Karnataka,355305,O-,Farmer,PAN Card,XBSCH4175S,True,2026-02-17 17:41:04.267440+05:30,
33a83f35-e468-44d5-a0e9-5b2127be1988,Lopa,Lad,Female,87,Married,9222018592,"32/66
Seth Circle",Udaipur,Rajasthan,601230,A-,Lawyer,Aadhar,8160 8139 5840,True,2026-02-17 17:41:04.269289+05:30,
1ef2c15a-34b0-4dd1-b4d7-04a839ce6064,Aarini,Bahl,Female,58,Widow,7005563895,"70
Balan Nagar",Mysore,Karnataka,516482,AB+,Engineer,Voter ID,JGB6409410,True,2026-02-17 17:41:04.271211+05:30,
df176852-4a9e-4557-b20f-da1a3cd05b02,Rayaan,Sarma,Male,89,Widow,6695127829,"953, Dada Ganj",Bangalore,Karnataka,526821,A-,Artist,Voter ID,TNE0863795,True,2026-02-17 17:41:04.273171+05:30,
b91d71a1-37d9-4e18-8fde-db858f1683c0,Daksh,Talwar,Transgender,35,Divorcee,7149032669,"22/367, Patla Path",Jodhpur,Rajasthan,688813,O+,Lawyer,Aadhar,2385 7553 9416,True,2026-02-17 17:41:04.275509+05:30,
9e86eddf-5f1d-452a-9449-e01915577042,Unnati,Mittal,Female,37,Widow,9477407925,"39/946, Minhas Zila",Hubli,Karnataka,281607,B+,Engineer,Aadhar,9282 1437 4609,True,2026-02-17 17:41:04.277535+05:30,
9a476363-a8e6-4dfb-b486-85be0bc7952a,Victor,Apte,Male,54,Widow,8653729119,"904, Aurora Path",Howrah,West Bengal,892934,B+,Farmer,Voter ID,XBR8807763,True,2026-02-17 17:41:04.281350+05:30,
f1d9a93e-5f24-4e62-838b-5ac94f6b05ca,Harrison,Srivastava,Transgender,46,Widow,8821089993,"70/088, Deol Marg",New Delhi,Delhi,198449,B+,Lawyer,PAN Card,LJQZR0358T,True,2026-02-17 17:41:04.283766+05:30,
ba1ce1c7-c492-47da-96c6-bdce467d5a20,Udant,Thaker,Male,73,Divorcee,9496898127,"H.No. 986
Narula Street",Mumbai,Maharashtra,794777,AB-,Engineer,PAN Card,LHGSM8909M,True,2026-02-17 17:41:04.285801+05:30,
3cfa12bb-43f2-496f-bc3b-f4187a5f8a12,Jagdish,Kara,Male,60,Widow,7683863563,"07/08, Misra Road",Jaipur,Rajasthan,342931,A+,Engineer,Aadhar,3068 7574 5412,True,2026-02-17 17:41:04.288098+05:30,
da229ad4-f639-4fb2-93dc-ac6370d6a634,Sai,Nair,Female,20,Unmarried,7584526533,"32/550, Mohanty Nagar",Dwarka,Delhi,698446,O-,Artist,PAN Card,TWDPM6606K,True,2026-02-17 17:41:04.290486+05:30,
fcc6756b-c631-4698-ac36-d96602ba88f6,Girik,Pal,Male,45,Divorcee,6033693521,"196
Gour Zila",Varanasi,Uttar Pradesh,726794,O+,Farmer,PAN Card,FRRXB4873S,True,2026-02-17 17:41:04.292906+05:30,
a94d0f89-8eed-4471-a6f3-47204db224e1,Benjamin,Prasad,Transgender,72,Divorcee,9648440890,"21, Sanghvi Circle",Jaipur,Rajasthan,480557,B+,Accountant,Voter ID,EEI7018760,True,2026-02-17 17:41:04.295513+05:30,
a418333b-bd68-468b-92fd-a3c7fc859ba7,Anusha,Garde,Female,60,Married,7833187849,"92/748, Kanda Street",Howrah,West Bengal,112111,B+,Teacher,Aadhar,8251 3213 6482,True,2026-02-17 17:41:04.298396+05:30,
564d2df4-5b70-43e7-b914-38455e0cc86e,Jhalak,Minhas,Transgender,73,Widow,8523863982,"360
Garde Marg",Udaipur,Rajasthan,429317,AB+,Homemaker,Voter ID,DJJ7415609,True,2026-02-17 17:41:04.300768+05:30,
4bdaa7f3-8e21-4df2-bf37-35e8f7c947b6,Kavya,Jani,Female,71,Married,8109737081,"76, Sharaf Zila",Jodhpur,Rajasthan,900279,O-,Homemaker,Aadhar,4123 1829 3404,True,2026-02-17 17:41:04.302919+05:30,
07a7376a-510a-4a42-bb47-694213fec43d,Omya,Rajagopal,Female,89,Married,9004097766,"02, Mallick Zila",Lucknow,Uttar Pradesh,257790,AB-,Accountant,Voter ID,VXD4289076,True,2026-02-17 17:41:04.305204+05:30,
7ea829ef-5f30-409a-9ba7-27a2f59760be,Hamsini,Kibe,Female,45,Unmarried,6345798899,"H.No. 77
Basu Zila",Lucknow,Uttar Pradesh,499959,O+,Engineer,Voter ID,NWA1753856,True,2026-02-17 17:41:04.307772+05:30,
ad5d540a-ebf1-4e09-8781-07472e1c9d75,Karan,Chaudry,Male,41,Widow,8801219259,"86
Mittal Path",Coimbatore,Tamil Nadu,923838,A+,Doctor,Aadhar,3577 3826 2519,True,2026-02-17 17:41:04.310225+05:30,
2d5f45ff-cab1-4159-868e-941e08a90f86,Triveni,Mammen,Transgender,31,Divorcee,8317551060,"11
Borah Path",Mysore,Karnataka,174701,AB-,Business,PAN Card,DHKBH1460R,True,2026-02-17 17:41:04.313443+05:30,
c7f596c5-f339-4a33-a359-f5ace7436738,Teerth,Saini,Transgender,37,Married,7532352497,"17/21
Peri Circle",Madurai,Tamil Nadu,157402,A-,Artist,Voter ID,NSL4915933,True,2026-02-17 17:41:04.316197+05:30,
8719c9d8-f276-4a11-817d-2467fc5763ca,Victor,Mand,Male,70,Divorcee,8704631195,"42
Cherian Zila",Jodhpur,Rajasthan,787392,O-,Accountant,Aadhar,7248 3558 7314,True,2026-02-17 17:41:04.318783+05:30,
5313bcca-daad-434c-9f46-3be151b55153,Brijesh,Ghosh,Male,36,Divorcee,9061241215,"H.No. 678, Divan Path",Mumbai,Maharashtra,840528,AB+,Business,Voter ID,LQR4804498,True,2026-02-17 17:41:04.321285+05:30,
d238baec-852c-4890-b55e-9403055e9ac7,Warinder,Dutt,Transgender,45,Divorcee,6503714510,"82, Chaudry Zila",Rohini,Delhi,638401,O+,Artist,Voter ID,XIF6325768,True,2026-02-17 17:41:04.323713+05:30,
1483c526-0120-4b53-852c-e1ec4b825fc3,Libni,Thaker,Female,22,Widow,9597544762,"925, Lala Marg",Dwarka,Delhi,380820,AB+,Business,Aadhar,6044 9190 4109,True,2026-02-17 17:41:04.326201+05:30,
df399bb5-3250-4ecc-9391-c618abf68eea,Harrison,Devi,Male,33,Unmarried,9125080750,"H.No. 489, Dhar Nagar",Rohini,Delhi,233743,AB-,Lawyer,PAN Card,GPVEZ2805F,True,2026-02-17 17:41:04.328617+05:30,
30ea62b5-9296-4d76-b9c4-47e87f27de5a,Vincent,Kothari,Transgender,54,Divorcee,8520492841,"43/04, Setty Marg",Mysore,Karnataka,598883,B+,Student,Aadhar,4494 1594 5244,True,2026-02-17 17:41:04.330958+05:30,
4fd500cb-34d3-4fd5-9d15-508c2b696c2e,Mitesh,Hora,Male,35,Unmarried,6882261010,"30
Walia Road",New Delhi,Delhi,627666,B-,Artist,Voter ID,XOB7592225,True,2026-02-17 17:41:04.333367+05:30,
55f5a84f-3ed5-4e93-b255-1642a9ca78bb,Rayaan,Chand,Transgender,33,Unmarried,7150000750,"44/97, Madan Circle",Ahmedabad,Gujarat,161061,A+,Accountant,PAN Card,EIKVF8692R,True,2026-02-17 17:41:04.335752+05:30,
b0a3573c-2228-4192-8ca8-a5979b92659e,Lavanya,Aggarwal,Transgender,46,Unmarried,8834944870,"10, Konda Circle",Pune,Maharashtra,948651,A-,Accountant,Aadhar,2448 4146 4776,True,2026-02-17 17:41:04.337674+05:30,
edc817bd-c3c3-44f7-be57-a33a9ec17cc1,Lopa,Varughese,Female,83,Widow,6546437180,"H.No. 471, Gaba Path",Nagpur,Maharashtra,676212,B+,Student,Voter ID,TCV0571805,True,2026-02-17 17:41:04.339595+05:30,
7d990794-5afe-4fda-83db-36c4ab0a88ad,Nathaniel,Desai,Transgender,57,Divorcee,7124399751,"H.No. 08, Pant Chowk",Siliguri,West Bengal,479536,B+,Lawyer,Voter ID,IOX5973643,True,2026-02-17 17:41:04.341513+05:30,
209c9781-a728-4bc1-84d8-456cc4ab31c9,Vincent,Chaudhari,Male,76,Unmarried,6139888172,"H.No. 95, Vaidya Path",Vadodara,Gujarat,932553,AB-,Engineer,Voter ID,FSE4484169,True,2026-02-17 17:41:04.343609+05:30,
78b91676-58fc-4955-985c-77905477c4c8,Anirudh,Batta,Transgender,56,Married,9560699222,"16/778, Jhaveri Path",Mumbai,Maharashtra,399263,A+,Student,Voter ID,TIA2576042,True,2026-02-17 17:41:04.345859+05:30,
b8701c86-540c-404f-92bc-003ee890197e,Daksh,Ganesan,Male,87,Divorcee,9239188092,"58/57, Shankar Path",Chennai,Tamil Nadu,282422,O+,Accountant,PAN Card,WNGEY3286S,True,2026-02-03 13:50:22+05:30,2026-02-03 13:50:22+05:30
6bc79055-772b-4982-9589-75ceff07067d,Darpan,Yogi,Transgender,77,Married,7544957496,"78, Chatterjee Marg",New Delhi,Delhi,840697,O-,Homemaker,Voter ID,JZQ1662900,True,2026-02-01 12:59:46+05:30,2026-02-01 12:59:46+05:30
e6d3b423-1408-4cb9-b814-4bf7019693fe,Vidhi,Merchant,Female,87,Unmarried,8502228272,"44/704, Balan Zila",Rohini,Delhi,901114,O+,Accountant,PAN Card,FEIND1238F,True,2026-02-02 15:23:59+05:30,2026-02-02 15:23:59+05:30
9eab7611-afd8-4792-ad48-7e65ab8029ce,Shivani,Pandit,Female,40,Widow,7683258009,"62/239, Sethi Nagar",Chennai,Tamil Nadu,807076,O+,Teacher,Aadhar,4464 4411 6426,True,2026-02-07 01:25:29+05:30,2026-02-07 01:25:29+05:30
efb628e6-acf0-4dbc-9297-4dcf93ab9ee3,Qasim,Lata,Male,34,Widow,9110297791,"83
Pillai Path",Jodhpur,Rajasthan,975091,B-,Farmer,Voter ID,TYP8037841,True,2026-02-02 23:00:54+05:30,2026-02-02 23:00:54+05:30
3564e5a4-cc76-448e-8092-3b1156f65460,Rachit,Ratta,Transgender,52,Divorcee,9955852250,"110
Shan",Chennai,Tamil Nadu,273574,O+,Artist,Aadhar,6749 9646 3349,True,2026-02-03 14:25:12+05:30,2026-02-03 14:25:12+05:30
d2152b97-f686-4b33-9cd2-44a37a6e0431,Leena,Viswanathan,Female,73,Widow,6272177282,"97/170
Varty Marg",Kanpur,Uttar Pradesh,167267,O-,Business,Voter ID,NYM2273351,True,2026-02-15 07:39:20+05:30,2026-02-15 07:39:20+05:30
411b31c5-939d-435c-bca1-80d1811ebaba,Nirja,Warrior,Transgender,88,Widow,6298399941,"78/217
Krishna Path",Dwarka,Delhi,832472,AB+,Student,Aadhar,4723 9286 5068,True,2026-02-04 08:20:32+05:30,2026-02-04 08:20:32+05:30
7a21fcc2-623b-495f-bfa9-39979f06c37a,Falguni,Ahuja,Transgender,76,Married,6988154837,"35/559
Raghavan Path",Dwarka,Delhi,264804,AB+,Lawyer,Aadhar,3039 3532 1812,True,2026-02-11 22:08:36+05:30,2026-02-11 22:08:36+05:30
3adc2572-08c2-46fe-b414-b8f4987328a7,Balvan,Wagle,Male,57,Widow,9218713714,"H.No. 11
Zachariah Zila",Howrah,West Bengal,786978,B+,Accountant,PAN Card,IGQQS4630C,True,2026-02-04 05:18:09+05:30,2026-02-04 05:18:09+05:30
eb61821f-730d-4308-9698-0a2ede2e82ac,Nathaniel,Sarna,Transgender,41,Widow,9165677522,"H.No. 50, Shenoy Nagar",Howrah,West Bengal,840197,B-,Lawyer,Voter ID,JSZ0804143,True,2026-02-10 04:47:35+05:30,2026-02-10 04:47:35+05:30
c59f04f2-b978-45fb-9e25-635a15dc5fb7,Vamakshi,Seshadri,Transgender,58,Unmarried,7607562559,"H.No. 783
Nagi Circle",Coimbatore,Tamil Nadu,978320,B+,Business,PAN Card,PAQRN1271B,True,2026-02-02 11:26:08+05:30,2026-02-02 11:26:08+05:30
b1942e2d-0ded-4ee1-9a3e-cb586533eb7b,Wazir,Sangha,Male,19,Unmarried,6874450768,"H.No. 448, Dugar Nagar",Hubli,Karnataka,555435,A-,Teacher,Aadhar,8122 3601 2847,True,2026-02-03 23:11:22+05:30,2026-02-03 23:11:22+05:30
80790093-d1b5-42cf-b6e1-8d61988ce921,Nidhi,Yogi,Female,65,Married,7924702732,"91/545
Maharaj Street",Chennai,Tamil Nadu,343602,O-,Accountant,Aadhar,7660 6840 1938,True,2026-02-03 15:51:08+05:30,2026-02-03 15:51:08+05:30
46711ca2-abc1-4ffd-8b2a-bf46e56a34f4,Sanya,Kurian,Female,53,Unmarried,9093703604,"H.No. 83, Shah Nagar",Nagpur,Maharashtra,914773,A-,Doctor,Voter ID,EJE7796712,True,2026-02-03 14:24:15+05:30,2026-02-03 14:24:15+05:30
9e605bb3-612c-4cb9-87f6-cac9d1151c87,Onveer,Karnik,Male,84,Unmarried,7137161447,"23/569, Bajwa Marg",Bangalore,Karnataka,494499,B+,Lawyer,Aadhar,8214 9116 8349,True,2026-02-10 03:15:14+05:30,2026-02-10 03:15:14+05:30
b046a6bd-5507-4ff5-a91c-bfcd69c31f3d,Vamakshi,Maharaj,Transgender,84,Widow,6547309142,"038
Hora Zila",Siliguri,West Bengal,200242,O+,Business,Aadhar,2849 4615 5467,True,2026-02-05 22:41:49+05:30,2026-02-05 22:41:49+05:30
a95b35cd-701d-495a-af13-c7a1f68c6e5c,Yashodhara,Lall,Female,61,Married,9056832278,"45/59, Shanker Circle",Udaipur,Rajasthan,699725,AB-,Artist,Voter ID,VQC5082051,True,2026-02-16 16:44:41+05:30,2026-02-16 16:44:41+05:30
bbbe8a78-da24-486f-a3b8-5a2993783b3d,Zaid,Bajaj,Male,24,Married,8602409707,"586, Saran Marg",Surat,Gujarat,833227,B+,Engineer,PAN Card,JOTMX6797H,True,2026-02-14 03:50:57+05:30,2026-02-14 03:50:57+05:30
6d393082-d062-4322-b98d-c324188f316a,Yagnesh,Pingle,Male,43,Divorcee,8078091754,"H.No. 678, Swaminathan Street",Nagpur,Maharashtra,273783,A+,Artist,Voter ID,UYP4914359,True,2026-02-13 00:12:59+05:30,2026-02-13 00:12:59+05:30
aa7da967-e5db-4bee-bf97-5e03b158acd1,Luke,Chandra,Male,31,Married,8956120116,"01, Bedi Chowk",Jodhpur,Rajasthan,144927,A-,Teacher,Aadhar,3310 8238 2236,True,2026-02-08 13:14:17+05:30,2026-02-08 13:14:17+05:30
3f318bad-51f6-4877-810b-a5b0775e3462,Laban,Dash,Transgender,85,Divorcee,8476767246,"27/33
Lanka Zila",Mysore,Karnataka,290835,A+,Lawyer,Aadhar,7651 8833 1191,True,2026-02-03 03:44:39+05:30,2026-02-03 03:44:39+05:30
d2a7603f-cf94-4723-82a6-6aba0c0602d1,Ucchal,Deep,Female,35,Widow,9486291704,"H.No. 70, Nayar Nagar",Bangalore,Karnataka,799551,B+,Homemaker,Aadhar,8538 8409 9163,True,2026-02-03 11:39:54+05:30,2026-02-03 11:39:54+05:30
9c1a80ea-7ea2-4fdf-8732-9404afd4034b,Jai,More,Male,30,Widow,6768242345,"H.No. 85, Minhas Chowk",Madurai,Tamil Nadu,850201,B+,Farmer,Voter ID,OEU1533841,True,2026-02-11 14:40:50+05:30,2026-02-11 14:40:50+05:30
211cd4d0-b8b6-4010-8d9c-d8b081a437b8,Wriddhish,Anand,Male,67,Widow,7004707394,"52
Dyal Path",Bangalore,Karnataka,614345,O+,Artist,Voter ID,KCW1281095,True,2026-02-12 01:24:39+05:30,2026-02-12 01:24:39+05:30
afb4d6ac-2cdc-4c8b-93ae-9e81a85ca564,Anya,Nath,Transgender,36,Widow,8118355742,"90/877, Agarwal",Mysore,Karnataka,501268,B+,Accountant,Voter ID,AZQ1412547,True,2026-02-13 16:32:56+05:30,2026-02-13 16:32:56+05:30
723c7b79-bfb8-4af4-ae89-f5067a480a94,Adweta,Sanghvi,Female,89,Divorcee,9272953598,"85/34
Chacko Nagar",New Delhi,Delhi,708191,B+,Teacher,Voter ID,OXT5035512,True,2026-02-11 10:41:47+05:30,2026-02-11 10:41:47+05:30
1cb6c214-2536-424b-bcc3-f99415505ae5,Ekavir,Kala,Transgender,28,Married,9441854260,"12/50
Bath Chowk",Jaipur,Rajasthan,436458,O+,Engineer,PAN Card,ADXPW8498M,True,2026-02-12 20:40:48+05:30,2026-02-12 20:40:48+05:30
1c728ae0-eb43-4397-aef0-b2fc89cffd7a,Chanakya,Shankar,Male,34,Married,7998973119,"H.No. 476
Krish Road",Nagpur,Maharashtra,113547,A+,Student,Voter ID,QLN0541719,True,2026-02-12 02:19:22+05:30,2026-02-12 02:19:22+05:30
5d648cb8-584c-49c8-9015-363eb8ad6904,Lopa,Viswanathan,Transgender,24,Married,7666537415,"761, Buch Road",Rohini,Delhi,499890,A-,Homemaker,Voter ID,RHA9242293,True,2026-02-13 09:25:27+05:30,2026-02-13 09:25:27+05:30
9a60dc76-8983-4158-b206-ecf10cf5ff2f,Vamakshi,Warrior,Female,90,Unmarried,6964277359,"877, Dugar Road",Howrah,West Bengal,698956,AB-,Artist,PAN Card,SUJJU4418I,True,2026-02-11 07:42:45+05:30,2026-02-11 07:42:45+05:30
ebdbae57-a5c4-40f2-8a3c-68adb911c378,Avni,Rastogi,Female,85,Widow,9490423375,"H.No. 51
Date Road",Siliguri,West Bengal,635958,A-,Business,PAN Card,XQQBI5684W,True,2026-02-05 02:45:46+05:30,2026-02-05 02:45:46+05:30
79eb9153-64a6-4378-9519-f493edfb2df7,Vivaan,Nanda,Male,72,Divorcee,6247152378,"41
Sharma Street",Jodhpur,Rajasthan,548966,O+,Accountant,Voter ID,HFJ8763054,True,2026-02-05 08:27:35+05:30,2026-02-05 08:27:35+05:30
ed6c77c1-f9c1-445e-aa80-1246a57ccc68,Anthony,Kurian,Male,75,Divorcee,9504369659,"77/270, Sastry Chowk",Kolkata,West Bengal,487861,O-,Lawyer,Aadhar,9891 2020 6624,True,2026-02-07 19:16:46+05:30,2026-02-07 19:16:46+05:30
fd9fa84b-9d05-46b5-9b09-0291be4715f8,Avi,Contractor,Transgender,82,Widow,8809983735,"41/06
Kata Street",Udaipur,Rajasthan,528076,B+,Business,Voter ID,XIW9600504,True,2026-02-12 13:20:39+05:30,2026-02-12 13:20:39+05:30
3f11e84a-b998-4d67-9182-a1aa8076f0f3,Sanya,Gola,Female,86,Unmarried,9494765402,"595
Kala Circle",Kolkata,West Bengal,761278,O+,Accountant,PAN Card,FHJEX2553A,True,2026-02-04 08:18:49+05:30,2026-02-04 08:18:49+05:30
fa739f88-b773-4deb-a615-5d9bc46ac902,Falguni,Oommen,Transgender,65,Divorcee,7157428839,"24/95, Bhakta Ganj",Siliguri,West Bengal,741474,A+,Accountant,Voter ID,NRN0741055,True,2026-02-05 07:53:26+05:30,2026-02-05 07:53:26+05:30
14d09002-39f4-4852-97ad-8a4ff831000f,Vinaya,Das,Transgender,34,Married,6006799352,"409, Palla Road",Coimbatore,Tamil Nadu,687662,B-,Farmer,PAN Card,SHMLN5833A,True,2026-02-09 06:22:31+05:30,2026-02-09 06:22:31+05:30
758d7998-32f5-4604-b685-bc5e0f39819c,Nakul,Natarajan,Male,88,Unmarried,6706632479,"H.No. 47
Dutt",Jodhpur,Rajasthan,447209,A-,Student,Aadhar,1155 9460 7400,True,2026-02-11 08:11:12+05:30,2026-02-11 08:11:12+05:30
5a770b4b-c73a-4659-8e8f-278f86f5864a,Ridhi,Bansal,Transgender,50,Widow,6679657147,"744
Wadhwa Road",Kolkata,West Bengal,761476,O+,Homemaker,PAN Card,GATRY6351O,True,2026-02-11 03:46:01+05:30,2026-02-11 03:46:01+05:30
04116f4e-b044-4770-962e-82cf4c77d3d5,Michael,Srivastava,Transgender,39,Divorcee,8203869609,"75, Chahal",Jaipur,Rajasthan,160851,B-,Business,PAN Card,SRXUE5123B,True,2026-02-14 07:54:53+05:30,2026-02-14 07:54:53+05:30
ec1515a2-cf8c-4ea4-b2b1-372c3dad1bfc,Bakhshi,Vora,Male,55,Widow,8038286959,"00/973
Patla Road",Dwarka,Delhi,431044,AB+,Business,Aadhar,1348 7652 5452,True,2026-02-10 03:37:23+05:30,2026-02-10 03:37:23+05:30
9817f21b-4b50-4706-a9b2-b1fe401b325d,Megha,Sanghvi,Female,27,Unmarried,8669920485,"09/322, Dara",Ahmedabad,Gujarat,773570,O-,Engineer,PAN Card,FXVNM0379Q,True,2026-02-06 00:19:23+05:30,2026-02-06 00:19:23+05:30
db17da52-3bb2-4bc2-a96b-3c26ef6a6f5c,Anmol,Batta,Male,81,Married,8434470646,"H.No. 79
Koshy Road",Varanasi,Uttar Pradesh,796692,AB-,Farmer,Aadhar,9124 7382 6015,True,2026-02-02 08:26:25+05:30,2026-02-02 08:26:25+05:30
77d5ba2c-168a-4193-b28e-6b46176112b1,Viraj,Mukherjee,Transgender,55,Divorcee,8859267957,"13/92, Wable",Jodhpur,Rajasthan,308803,A-,Farmer,Aadhar,2485 3773 5745,True,2026-02-03 04:23:47+05:30,2026-02-03 04:23:47+05:30
4f35335b-f946-4dbf-8bd7-23e3168499b6,Harita,Khalsa,Transgender,26,Unmarried,8161205126,"H.No. 50
Kaul Nagar",Vadodara,Gujarat,718829,O-,Farmer,Voter ID,NSY3587787,True,2026-02-03 05:28:47+05:30,2026-02-03 05:28:47+05:30
5b3a2ed9-cac3-4331-9686-69f02eafb856,Hredhaan,Khare,Male,23,Unmarried,9065844194,"10/629, Mani Circle",Ahmedabad,Gujarat,190536,B-,Teacher,Voter ID,BKZ7654893,True,2026-02-15 17:34:25+05:30,2026-02-15 17:34:25+05:30
96063668-955a-4c0e-9922-f294d1192493,Fariq,Thakkar,Male,53,Widow,7247282573,"H.No. 68, Krishnamurthy Road",Mysore,Karnataka,698394,O+,Engineer,Aadhar,9325 4511 4934,True,2026-02-14 00:52:38+05:30,2026-02-14 00:52:38+05:30
59c45492-4683-42f0-ab7b-77beddc4ca2d,Aachal,Vohra,Transgender,39,Unmarried,7535495320,"H.No. 820
Sarraf",Rohini,Delhi,566618,O-,Farmer,Voter ID,SXL2852363,True,2026-02-08 00:58:49+05:30,2026-02-08 00:58:49+05:30
a37a9f0d-07f3-4d71-bfb7-5ef88f58e611,Parth,Verma,Male,22,Widow,8157920139,"16/090
Salvi Nagar",Coimbatore,Tamil Nadu,869789,O+,Business,PAN Card,FBAYG4122G,True,2026-02-05 07:24:42+05:30,2026-02-05 07:24:42+05:30
81d1b8cc-fcf9-4345-a81b-b48f8a9ac73f,Eta,Shankar,Female,83,Married,8774195864,"H.No. 909
Dora Road",Lucknow,Uttar Pradesh,445480,B-,Homemaker,PAN Card,NAQPM4784I,True,2026-02-07 21:27:37+05:30,2026-02-07 21:27:37+05:30
f9a35ba7-7167-40b0-a8f0-0420da6a4a9f,Chanakya,Dani,Male,43,Married,6462045080,"H.No. 548, Sengupta Path",Surat,Gujarat,445237,AB+,Artist,Aadhar,2040 1947 2819,True,2026-02-15 12:10:13+05:30,2026-02-15 12:10:13+05:30
aa8f98b5-d441-4667-9b28-461d876e71e2,Tamanna,Dash,Female,90,Widow,6370204681,"H.No. 417
Sandal Marg",Udaipur,Rajasthan,984080,B-,Doctor,Voter ID,HPP9092306,True,2026-02-13 02:37:51+05:30,2026-02-13 02:37:51+05:30
1361e5b8-2572-41b0-9a4a-3c8e10a84131,Upasna,Tripathi,Female,59,Divorcee,9192714699,"H.No. 08, Rau Street",Kanpur,Uttar Pradesh,470946,O-,Engineer,Aadhar,8688 6881 6689,True,2026-02-08 23:29:58+05:30,2026-02-08 23:29:58+05:30
77822c32-b139-4cd0-91e9-edbaa686798c,Oeshi,Viswanathan,Female,37,Married,8391343702,"90/390
Patla",Chennai,Tamil Nadu,736552,A+,Artist,Voter ID,CKB6939619,True,2026-02-14 05:19:04+05:30,2026-02-14 05:19:04+05:30
07d3e22b-7ffa-4e45-8201-7a4262757d0c,Yuvraj,Hegde,Male,51,Married,8522879221,"H.No. 853
Bhavsar Zila",Coimbatore,Tamil Nadu,882907,O-,Farmer,PAN Card,ZWXNY2054U,True,2026-02-11 23:17:24+05:30,2026-02-11 23:17:24+05:30
476a0c91-7377-4c55-a2a2-1c9d96084198,Nathan,Natarajan,Male,36,Married,7864885685,"949
Baria Path",Ahmedabad,Gujarat,673930,O+,Lawyer,Aadhar,6416 2321 4773,True,2026-02-13 17:50:08+05:30,2026-02-13 17:50:08+05:30
1ddaeabc-e82c-42fc-bab5-d6b31d0331f7,Upasna,Bhatti,Female,31,Widow,7214445544,"H.No. 88, Rao Path",Mumbai,Maharashtra,687551,O+,Lawyer,Voter ID,WSO6958773,True,2026-02-12 09:26:31+05:30,2026-02-12 09:26:31+05:30
dedc78d7-ceb7-403a-a520-961ecfc10e01,Nachiket,Brahmbhatt,Male,58,Married,9134201624,"58/32
Prabhakar Marg",Howrah,West Bengal,172048,O-,Teacher,Aadhar,8324 3718 5287,True,2026-02-01 14:34:19+05:30,2026-02-01 14:34:19+05:30
45e46fb8-d7a8-4a80-ace2-73af376eeafb,Gayathri,Kulkarni,Female,68,Unmarried,9514356030,"22/45, Das Circle",Pune,Maharashtra,527942,O-,Farmer,Aadhar,9763 9670 6373,True,2026-02-16 12:46:56+05:30,2026-02-16 12:46:56+05:30
5790316d-403c-4a1f-8d8d-f434727c941c,Tanvi,Munshi,Female,62,Married,6508227289,"70/912, Zachariah Zila",Lucknow,Uttar Pradesh,268343,AB-,Engineer,Voter ID,AYT9706969,True,2026-02-05 07:21:31+05:30,2026-02-05 07:21:31+05:30
87ecb4fe-3b52-4121-b4f9-d13d5b96f10d,Isaac,Kade,Male,75,Widow,8942580752,"H.No. 53
Gulati Ganj",Hubli,Karnataka,595400,A-,Business,Voter ID,HKW4119104,True,2026-02-13 07:14:59+05:30,2026-02-13 07:14:59+05:30
5e28c0ec-fb25-4bde-a9bb-922b92fafb3a,George,Samra,Transgender,30,Divorcee,8121932231,"18
Balasubramanian Circle",Lucknow,Uttar Pradesh,335229,AB+,Farmer,Voter ID,LLH6589258,True,2026-02-06 23:27:44+05:30,2026-02-06 23:27:44+05:30
1d7d92f5-a71f-4456-9c51-da87efc43f34,Rohan,Peri,Transgender,50,Divorcee,8639535353,"07
Keer Path",Dwarka,Delhi,847838,AB+,Engineer,Aadhar,5084 3062 3789,True,2026-02-06 16:16:25+05:30,2026-02-06 16:16:25+05:30
73920721-a5b4-4fb3-992d-8703b5471f09,Qasim,Radhakrishnan,Male,87,Widow,9187997256,"H.No. 610, Dugar Path",Mumbai,Maharashtra,839500,B+,Artist,Voter ID,VSB0278695,True,2026-02-16 10:52:32+05:30,2026-02-16 10:52:32+05:30
42f957ce-a2f2-4e04-a288-0faa87b5aeaf,Jagdish,Mani,Male,74,Divorcee,9704698347,"691
Bhagat Ganj",New Delhi,Delhi,567133,B+,Student,PAN Card,OPZTT1531C,True,2026-02-14 03:38:57+05:30,2026-02-14 03:38:57+05:30
acf43cc7-62b8-4e73-92e5-bb4032ce0822,Ikbal,Srinivasan,Transgender,58,Unmarried,6069100654,"H.No. 58, Vig Street",Pune,Maharashtra,153776,B+,Engineer,Voter ID,RFU8131746,True,2026-02-06 09:48:43+05:30,2026-02-06 09:48:43+05:30
53fd5c92-8f75-4a91-b376-e2593d195a10,Zayyan,Amble,Male,43,Married,6048998725,"83/124, Sridhar Chowk",Howrah,West Bengal,303936,AB+,Business,Aadhar,1621 2480 1606,True,2026-02-07 23:41:15+05:30,2026-02-07 23:41:15+05:30
4d0131d5-b168-4a1b-8f9a-db577677bc51,Megha,Prakash,Female,70,Widow,6854882562,"H.No. 497
Sama Chowk",New Delhi,Delhi,818198,O+,Lawyer,Aadhar,7147 6024 7959,True,2026-02-03 17:22:27+05:30,2026-02-03 17:22:27+05:30
c9613ae2-cdc4-4346-89b3-47d63e63df05,Ijaya,Pandey,Female,87,Married,6996449545,"H.No. 222
Bava Street",Siliguri,West Bengal,257034,B-,Teacher,Voter ID,QCV8553404,True,2026-02-05 07:14:47+05:30,2026-02-05 07:14:47+05:30
a5d2bf31-a397-4522-bf8e-5f2341380aa7,Ikbal,Nori,Male,45,Married,6696945008,"24, Kashyap Street",Howrah,West Bengal,801852,A-,Accountant,Aadhar,4468 4924 5258,True,2026-02-08 09:31:08+05:30,2026-02-08 09:31:08+05:30
2bb4f63b-43e9-494a-9918-4ceb72a9cd72,Nitesh,Dani,Transgender,83,Married,9957130052,"97, Karan Zila",Varanasi,Uttar Pradesh,456040,AB+,Farmer,Voter ID,MTP3153486,True,2026-02-07 05:48:20+05:30,2026-02-07 05:48:20+05:30
829d054f-af7e-4eb3-95b2-98db8b2094c7,Unnati,Srivastava,Female,54,Divorcee,6694839920,"773, Gera Chowk",Mumbai,Maharashtra,250878,B+,Artist,PAN Card,RKEKK8525B,True,2026-02-10 01:15:16+05:30,2026-02-10 01:15:16+05:30
d89c9f4d-6fc6-4309-94fe-0907c0668064,Dayita,Devan,Female,42,Widow,8683045493,"45/00
Sandhu Chowk",Surat,Gujarat,460129,B-,Teacher,PAN Card,CFRDL4009D,True,2026-02-05 02:32:24+05:30,2026-02-05 02:32:24+05:30
3c17eed4-2f14-44c0-9c39-7ccba5023ea5,Kai,Gokhale,Transgender,41,Unmarried,6829561169,"84/67, Gole Ganj",Ahmedabad,Gujarat,408873,B+,Teacher,Aadhar,4469 7172 7135,True,2026-02-02 19:52:20+05:30,2026-02-02 19:52:20+05:30
f92bff94-847e-456a-aebd-7f9c4e51fd98,Darsh,Divan,Transgender,69,Divorcee,9885206102,"H.No. 33
Aurora Ganj",Coimbatore,Tamil Nadu,783104,A-,Accountant,PAN Card,NRCXS8278A,True,2026-02-06 00:15:32+05:30,2026-02-06 00:15:32+05:30
a47fed02-38fb-48e4-bdb5-076f17127265,Lila,Jhaveri,Female,67,Widow,7645319340,"97/337, Nagar Circle",Kolkata,West Bengal,223300,A+,Artist,Voter ID,NAC7625684,True,2026-02-03 17:50:07+05:30,2026-02-03 17:50:07+05:30
e2e91435-2341-44e7-85e7-550c5566e23a,Abdul,Ram,Transgender,58,Widow,8392175226,"H.No. 54
Balakrishnan",Bangalore,Karnataka,841963,A-,Farmer,Voter ID,CXB4277578,True,2026-02-03 03:36:00+05:30,2026-02-03 03:36:00+05:30
cb76c3ff-e764-42e6-826a-a513282239c4,Tanay,Lad,Male,26,Widow,8944641751,"H.No. 82
Dey Road",Vadodara,Gujarat,418358,AB+,Accountant,Voter ID,TXY7650659,True,2026-02-04 06:41:51+05:30,2026-02-04 06:41:51+05:30
f26f15bb-94e4-437e-81e9-671e972b8e9f,Chaitanya,Brar,Transgender,18,Divorcee,7461270306,"97
Narain",Bangalore,Karnataka,396539,O+,Lawyer,Voter ID,YRY0338531,True,2026-02-14 08:43:08+05:30,2026-02-14 08:43:08+05:30
d7cef97b-b14b-46bd-af16-acdde8165560,Chaaya,Som,Transgender,41,Married,8058618520,"758
Ganguly Chowk",Madurai,Tamil Nadu,532842,B+,Business,Aadhar,9588 7261 4759,True,2026-02-13 20:41:40+05:30,2026-02-13 20:41:40+05:30
8677b885-a008-4db7-b802-2fd601bee856,Krisha,Thaker,Transgender,68,Divorcee,8476314440,"H.No. 52, Mani Circle",Vadodara,Gujarat,540011,A+,Accountant,Aadhar,4206 4526 4046,True,2026-02-16 09:00:14+05:30,2026-02-16 09:00:14+05:30
0e4290b0-f0e3-466d-a01d-7d6f515f71fc,Dev,Ahuja,Transgender,77,Widow,8110129814,"03/720
Pandey Path",New Delhi,Delhi,909766,AB+,Farmer,PAN Card,VTTYB0752U,True,2026-02-16 00:01:13+05:30,2026-02-16 00:01:13+05:30
2a1465c5-7770-4b1f-b257-70dfdfe11dbb,Priya,Bal,Female,25,Widow,9828007112,"H.No. 402
Nath",Kolkata,West Bengal,692786,A+,Doctor,Voter ID,PVN0447525,True,2026-02-04 01:47:47+05:30,2026-02-04 01:47:47+05:30
7043f07d-6c56-4a02-ab3b-3b6b587620a2,Jyoti,Memon,Female,26,Married,9719830881,"38, Agarwal Path",Ahmedabad,Gujarat,721498,B-,Student,Aadhar,7587 2438 4575,True,2026-02-10 04:49:50+05:30,2026-02-10 04:49:50+05:30
eeff93e5-2e9f-4403-93f9-5e33522a56e1,Udyati,Dass,Transgender,46,Divorcee,6706658878,"94/895, Pillai Marg",Pune,Maharashtra,699165,B+,Teacher,Aadhar,3153 1709 4158,True,2026-02-01 15:56:22+05:30,2026-02-01 15:56:22+05:30
a203a712-cd21-41fd-938e-3d99abb78e30,Leela,Mane,Transgender,37,Divorcee,8504021572,"45
Bava Road",Mysore,Karnataka,341095,B-,Business,PAN Card,AWCAJ5812X,True,2026-02-13 08:00:46+05:30,2026-02-13 08:00:46+05:30
e053ec16-7638-4f67-acd1-adefdf2c3925,Darpan,Nadig,Transgender,82,Married,9467753153,"049, Saini",Vadodara,Gujarat,665870,AB-,Engineer,PAN Card,BBAAR6394X,True,2026-02-02 22:44:59+05:30,2026-02-02 22:44:59+05:30
228b9088-64a1-4977-a25d-e927d5182674,Umang,Raj,Male,38,Widow,9672353663,"H.No. 25, Krishna Path",Pune,Maharashtra,158023,AB+,Farmer,Voter ID,AYG9238861,True,2026-02-10 21:50:13+05:30,2026-02-10 21:50:13+05:30
7d562569-cfe6-4cbb-a11e-96b2edde1437,Jeevika,Dey,Female,84,Married,6874400484,"H.No. 10, Nayar Path",New Delhi,Delhi,399320,O-,Student,PAN Card,RALAD4430C,True,2026-02-01 07:03:41+05:30,2026-02-01 07:03:41+05:30
503bf874-7ee8-48bb-a395-90e943ab5cf7,Ansh,Sandal,Male,48,Married,6237026048,"H.No. 54
Gaba Ganj",Pune,Maharashtra,662409,O-,Engineer,PAN Card,WRVZB5320Y,True,2026-02-15 20:43:46+05:30,2026-02-15 20:43:46+05:30
5bbe9f0f-10d1-4397-8e10-7597ed0462eb,Zaitra,Dugal,Female,31,Widow,9874319642,"H.No. 19, Bumb Marg",Kanpur,Uttar Pradesh,878990,O+,Farmer,Voter ID,KGM3660603,True,2026-02-14 09:26:22+05:30,2026-02-14 09:26:22+05:30
940457ec-7053-4add-a636-5d96b3e675fb,Nandini,Chander,Female,43,Unmarried,9185138986,"27/088, Comar Path",Mysore,Karnataka,162030,B+,Homemaker,Aadhar,5475 4682 3446,True,2026-02-06 13:35:13+05:30,2026-02-06 13:35:13+05:30
43a223fe-5ea3-4d6e-9df0-0d7c7dcdc1f9,Yatan,Gill,Male,36,Married,7519481771,"33/30
Sengupta Ganj",Mumbai,Maharashtra,520451,A-,Farmer,Aadhar,6817 2071 9944,True,2026-02-03 17:24:30+05:30,2026-02-03 17:24:30+05:30
2b1081de-41f9-417f-8099-9eebd5bc073d,Rishi,Virk,Male,62,Divorcee,8309490962,"718, Walla Circle",Jodhpur,Rajasthan,812597,AB+,Business,Voter ID,YAG9617501,True,2026-02-02 13:59:50+05:30,2026-02-02 13:59:50+05:30
c53c0302-eee0-4d46-a01a-c7cc1201caed,Chavvi,Dhaliwal,Transgender,24,Widow,6628007406,"91/712
Gokhale Nagar",Vadodara,Gujarat,215419,B-,Doctor,PAN Card,SZSNL2740I,True,2026-02-12 00:20:58+05:30,2026-02-12 00:20:58+05:30
426227a5-3e44-450e-8a31-5e0dd0ec4cf9,Jagrati,Chopra,Female,66,Widow,8717010753,"H.No. 609
Oza Circle",Kanpur,Uttar Pradesh,211540,AB-,Teacher,Aadhar,8546 7967 1716,True,2026-02-14 06:33:27+05:30,2026-02-14 06:33:27+05:30
218a9588-9da5-4908-9121-da47a1d0af77,Gaurav,Ranganathan,Transgender,30,Unmarried,8192088055,"46, Wagle Chowk",Coimbatore,Tamil Nadu,221977,AB+,Accountant,PAN Card,BCKOP2556F,True,2026-02-06 14:15:19+05:30,2026-02-06 14:15:19+05:30
df182855-576b-4c1f-9304-06e473002c8b,Hemal,De,Transgender,55,Divorcee,7732784518,"H.No. 91, Raju Zila",Bangalore,Karnataka,732293,AB-,Homemaker,PAN Card,WMUWH1308B,True,2026-02-02 00:15:08+05:30,2026-02-02 00:15:08+05:30
252c1de5-d7ab-4a83-950f-6735d3212d4f,Hamsini,Pau,Transgender,64,Divorcee,6684673185,"73/69
Magar Road",Vadodara,Gujarat,275419,B-,Student,PAN Card,VWVTR4855G,True,2026-02-02 15:34:16+05:30,2026-02-02 15:34:16+05:30
bdeb5507-f20e-43f6-88d5-d0f0b35c6789,Devika,Guha,Female,69,Married,6788141189,"587, Pillay Ganj",Mumbai,Maharashtra,481028,B+,Business,PAN Card,GKQBV5599J,True,2026-02-06 22:07:33+05:30,2026-02-06 22:07:33+05:30
91bf45d0-8e07-49e6-a39a-c75adf6b73a7,Ekantika,Vaidya,Female,77,Widow,9942785894,"84/396, Gala",Lucknow,Uttar Pradesh,637361,O+,Lawyer,PAN Card,TFSXC9704G,True,2026-02-07 10:46:15+05:30,2026-02-07 10:46:15+05:30
d5976dd7-29c2-4798-8b9b-bbda324142f8,Neelima,Balan,Female,19,Married,7967778021,"H.No. 909, Raman",New Delhi,Delhi,983868,B+,Engineer,Voter ID,JYR5908877,True,2026-02-08 07:52:36+05:30,2026-02-08 07:52:36+05:30
f82f2537-69ab-4bc9-812c-b3d2514db288,Gavin,Srivastava,Male,54,Divorcee,7452946958,"H.No. 06, Balay Zila",Coimbatore,Tamil Nadu,706418,O-,Student,Aadhar,1228 5335 9736,True,2026-02-12 23:22:05+05:30,2026-02-12 23:22:05+05:30
092ac51c-7408-4a26-9765-69ef8d97d13d,Urvi,Dhar,Female,19,Married,8714461445,"94, Kashyap Road",Varanasi,Uttar Pradesh,787745,A-,Lawyer,Voter ID,HVF9299708,True,2026-02-13 12:02:58+05:30,2026-02-13 12:02:58+05:30
872edb30-2a62-4d0f-8adb-3fb370d5bd62,Akshay,Hans,Male,62,Married,7200194998,"57/705
Kant Street",Howrah,West Bengal,819802,O-,Doctor,Aadhar,9236 3010 3845,True,2026-02-14 09:06:38+05:30,2026-02-14 09:06:38+05:30
d32ba458-4e87-490b-8d9a-afc2d52220e1,Gautam,Doshi,Male,63,Widow,8863636234,"93, Konda Circle",Howrah,West Bengal,253825,O+,Homemaker,Voter ID,IGA1377821,True,2026-02-04 18:23:34+05:30,2026-02-04 18:23:34+05:30
f93f8e77-9e3c-4ecf-a415-a9d4626196bb,Zayan,Sridhar,Transgender,67,Divorcee,7272730888,"896
Rama Nagar",Ahmedabad,Gujarat,414917,A-,Accountant,Voter ID,IMR0546165,True,2026-02-01 20:04:50+05:30,2026-02-01 20:04:50+05:30
8bc7a3a6-6a59-4d05-b536-5404249b240c,Krishna,Narayan,Female,80,Unmarried,8204569484,"88, Sura Street",Madurai,Tamil Nadu,487395,A+,Business,Voter ID,KWV0386841,True,2026-02-10 13:45:10+05:30,2026-02-10 13:45:10+05:30
225fd97a-6948-4e03-a0e0-54191d3069de,Amol,Rama,Male,57,Divorcee,8917908172,"H.No. 28, Tiwari Marg",Kanpur,Uttar Pradesh,340930,B+,Student,PAN Card,OTHMR1987J,True,2026-02-04 15:43:46+05:30,2026-02-04 15:43:46+05:30
c73e3b84-05d6-4a59-b19b-089bd7beff8e,Xavier,Mall,Transgender,44,Married,6651988102,"H.No. 38
Rama Ganj",Mumbai,Maharashtra,641657,A-,Artist,Aadhar,4123 4912 8917,True,2026-02-11 23:46:44+05:30,2026-02-11 23:46:44+05:30
53a6caad-7d1f-41a3-ae15-cdd271a90046,Krishna,Goel,Male,86,Divorcee,8401351155,"23, Barman",Surat,Gujarat,136544,O+,Lawyer,Voter ID,SXB3484636,True,2026-02-12 05:03:00+05:30,2026-02-12 05:03:00+05:30
08ba5305-3bca-4aa3-a952-b032ddf40dea,Mitesh,Randhawa,Male,74,Married,6600803363,"H.No. 684, Kibe Path",Kanpur,Uttar Pradesh,394756,A+,Business,Aadhar,6642 9173 3964,True,2026-02-04 23:47:32+05:30,2026-02-04 23:47:32+05:30
930464d0-aa88-4e12-856e-58a8c62be5b1,Umang,Bhalla,Male,22,Unmarried,9511070993,"H.No. 02, Gaba Road",Chennai,Tamil Nadu,834525,O+,Accountant,Aadhar,9161 4710 2087,True,2026-02-03 09:34:40+05:30,2026-02-03 09:34:40+05:30
74b38ab0-b89f-450e-a8a0-bec021e427a2,Vansha,Muni,Female,89,Married,9787360529,"H.No. 025, Grewal",Jaipur,Rajasthan,250436,O-,Teacher,PAN Card,VQRAG2389V,True,2026-02-14 21:59:37+05:30,2026-02-14 21:59:37+05:30
76db9ebd-5e49-4abf-bd0a-2b57ba1fa91e,Eta,Lad,Female,53,Married,6290203976,"580
Ravi Zila",Dwarka,Delhi,695018,B-,Lawyer,Voter ID,YRG8316922,True,2026-02-15 19:57:44+05:30,2026-02-15 19:57:44+05:30
bdd68117-2ee6-4ca6-96e2-d368e1628459,Abhiram,Randhawa,Male,84,Widow,6648628585,"048, Yogi",Hubli,Karnataka,202408,AB+,Engineer,Aadhar,9116 6512 6728,True,2026-02-06 16:40:08+05:30,2026-02-06 16:40:08+05:30
74cc327e-4fd0-4c54-8487-00d31c4daa05,Ryan,Loyal,Transgender,57,Widow,8344753536,"37, Sharaf Nagar",Dwarka,Delhi,371452,AB-,Farmer,PAN Card,KWOAT5080Y,True,2026-02-01 09:05:58+05:30,2026-02-01 09:05:58+05:30
ef664978-0bfa-473f-9cd7-2b3f32993acf,Nandini,Kala,Transgender,36,Widow,6412167472,"46
Keer Nagar",Howrah,West Bengal,764905,A+,Artist,Voter ID,IAF0507162,True,2026-02-12 07:34:12+05:30,2026-02-12 07:34:12+05:30
1ac0ed22-3bb9-46e9-ab54-258cc4640bd3,Dhriti,Aggarwal,Transgender,18,Unmarried,9247872617,"91, Misra Path",Varanasi,Uttar Pradesh,130095,O-,Teacher,Aadhar,1468 5549 5075,True,2026-02-10 10:39:12+05:30,2026-02-10 10:39:12+05:30
3e2c72d3-e0c2-4de3-b55e-90b017a9fe16,Caleb,Choudhury,Male,55,Unmarried,6368009647,"527, Goel Ganj",Coimbatore,Tamil Nadu,377865,O+,Business,Aadhar,5902 3872 8833,True,2026-02-13 00:34:00+05:30,2026-02-13 00:34:00+05:30
2cf324ed-43c3-408e-b18c-8316898f6e2d,Keya,Bhasin,Female,70,Divorcee,9864549890,"08/64, Goyal Road",Howrah,West Bengal,811143,AB+,Teacher,Voter ID,YAY1289749,True,2026-02-08 16:47:26+05:30,2026-02-08 16:47:26+05:30
497fadab-3b63-4f1e-a02a-33bc0a10e52b,Manya,Sachdeva,Female,34,Unmarried,6662063759,"94/874, Sampath Nagar",Nagpur,Maharashtra,373870,O-,Doctor,PAN Card,XZLZA3548W,True,2026-02-11 21:33:46+05:30,2026-02-11 21:33:46+05:30
138ddae2-5f68-4c90-87b6-896e56f46f89,Yashica,Sen,Female,43,Married,6105037300,"075
Sarna Ganj",Bangalore,Karnataka,156336,O-,Business,PAN Card,ANNYS0709Q,True,2026-02-05 11:45:07+05:30,2026-02-05 11:45:07+05:30
d901e490-8480-4bfe-a27c-193f0a03155e,Nachiket,Varkey,Male,90,Unmarried,9432791842,"52/930, Mandal Path",Vadodara,Gujarat,382553,O+,Farmer,Voter ID,SYI2227014,True,2026-02-11 17:39:51+05:30,2026-02-11 17:39:51+05:30
2e7efdb1-7b3c-462c-89cd-ee90f96e7748,Aditya,Prakash,Male,75,Unmarried,7099271116,"174
Kaul Path",Kolkata,West Bengal,858829,B+,Engineer,Aadhar,3062 3362 2886,True,2026-02-08 23:48:28+05:30,2026-02-08 23:48:28+05:30
0948ffb3-e8cf-4af5-8f19-f3adb059746b,Charles,Bose,Male,88,Unmarried,7958470056,"540, Modi Path",Mysore,Karnataka,843970,B+,Homemaker,Aadhar,1518 4545 5894,True,2026-02-12 10:37:30+05:30,2026-02-12 10:37:30+05:30
91ea4925-f503-4ad2-90a3-32cc7c2064d2,Harita,Setty,Female,67,Married,9220650884,"57/232
Ravel Marg",Jodhpur,Rajasthan,838850,AB-,Business,PAN Card,JRARF4302S,True,2026-02-02 11:49:21+05:30,2026-02-02 11:49:21+05:30
466d4a1a-6baf-42f7-8352-4c6c1ea412d3,Rayaan,Pandit,Male,29,Widow,7082884713,"89/939
De Road",New Delhi,Delhi,750743,O+,Artist,PAN Card,GGYLJ7771B,True,2026-02-16 17:15:08+05:30,2026-02-16 17:15:08+05:30
21146bc3-75b2-4f64-b139-b6111d493420,Charan,Shenoy,Transgender,48,Married,8306265059,"16, Soni",Dwarka,Delhi,975780,O-,Farmer,Voter ID,QYI2067343,True,2026-02-11 14:18:09+05:30,2026-02-11 14:18:09+05:30
05b4927b-94f6-4f37-83d5-357db5cce2aa,Fiyaz,Nazareth,Male,56,Unmarried,8223335510,"H.No. 61
Sane Street",Mysore,Karnataka,331923,B+,Artist,PAN Card,INYGM4726C,True,2026-02-10 09:24:56+05:30,2026-02-10 09:24:56+05:30
bbc9923e-26b3-4a6a-ba8d-ac1968a5f536,Aashi,Dar,Female,42,Divorcee,7507913749,"H.No. 36, Hayre Zila",Hubli,Karnataka,625413,B-,Lawyer,PAN Card,ULKKK2339B,True,2026-02-13 06:35:00+05:30,2026-02-13 06:35:00+05:30
8bb5b3f3-577c-4082-919d-57280e3df09d,Chavvi,Dar,Transgender,47,Divorcee,7294367305,"31/855, Sant Ganj",Howrah,West Bengal,239245,B+,Teacher,Voter ID,WBU8409212,True,2026-02-02 10:26:58+05:30,2026-02-02 10:26:58+05:30
2f560444-6925-4caf-8305-2146de6d052d,Yahvi,Verma,Transgender,57,Divorcee,8029824198,"20, Misra Nagar",Kanpur,Uttar Pradesh,742227,AB-,Artist,Aadhar,6572 9021 4944,True,2026-02-08 07:11:38+05:30,2026-02-08 07:11:38+05:30
e495ed8d-aba4-492d-bc85-276f23e4cb5b,Gaurang,Memon,Transgender,66,Unmarried,6111362846,"37/195
Nagi Chowk",Siliguri,West Bengal,520653,A-,Teacher,Aadhar,1501 5185 9612,True,2026-02-04 07:26:38+05:30,2026-02-04 07:26:38+05:30
361f577b-2176-472b-960b-7fc4cfc9a169,Upma,Bhatt,Female,41,Married,8472428987,"H.No. 24
Atwal Marg",Hubli,Karnataka,465173,O-,Teacher,Aadhar,9109 6447 7361,True,2026-02-07 16:48:27+05:30,2026-02-07 16:48:27+05:30
1b56756e-38b4-482f-b238-9634f4c5d006,Nisha,Kapadia,Female,71,Divorcee,7613408079,"H.No. 52, Chacko",Ahmedabad,Gujarat,139068,AB-,Business,Voter ID,HPQ2960291,True,2026-02-02 02:48:38+05:30,2026-02-02 02:48:38+05:30
292b04c3-27c3-4a68-bb77-1b9194808cf1,Gaurangi,Nagi,Female,67,Divorcee,6699926287,"H.No. 29
Mukherjee",Hubli,Karnataka,335660,AB+,Doctor,Aadhar,5892 8573 3782,True,2026-02-05 15:46:13+05:30,2026-02-05 15:46:13+05:30
e3ddfa12-9cc7-4960-afbb-8d988932e852,Nitesh,Deol,Male,77,Widow,7868331776,"777, Sarraf Ganj",Madurai,Tamil Nadu,125620,AB-,Farmer,Aadhar,9708 9077 6290,True,2026-02-13 22:03:16+05:30,2026-02-13 22:03:16+05:30
aebb3dcd-93df-4b7b-b194-2a8449d77509,Eiravati,Bhatt,Female,28,Unmarried,9883926138,"58
Raman Ganj",Varanasi,Uttar Pradesh,333334,B-,Accountant,Aadhar,6397 3644 9237,True,2026-02-16 01:56:41+05:30,2026-02-16 01:56:41+05:30
73aee5c1-52ad-4cf6-9e7b-621c865f8d20,Jeet,Mani,Male,81,Widow,6711372832,"62/85
Sani Circle",Dwarka,Delhi,776169,O+,Farmer,PAN Card,NMHDE8543F,True,2026-02-08 00:03:55+05:30,2026-02-08 00:03:55+05:30
1349bf2f-1333-4139-88c5-423a7cf9ff19,Harita,Atwal,Female,62,Married,8827664853,"065, Dave Circle",Pune,Maharashtra,685326,B-,Lawyer,Voter ID,HFL9371803,True,2026-02-07 12:38:57+05:30,2026-02-07 12:38:57+05:30
22a8a8b2-0817-4f6b-9f94-3cc1d0fc7110,Amaira,Sane,Transgender,23,Married,8486377104,"771
Cherian Ganj",Ahmedabad,Gujarat,265082,B-,Homemaker,Aadhar,4178 7803 6500,True,2026-02-09 10:07:21+05:30,2026-02-09 10:07:21+05:30
f0558cef-fc6a-4a07-9511-3a6d462c2c1a,Bhavani,Nori,Female,87,Married,8579424240,"H.No. 35, Bedi Path",Mysore,Karnataka,780497,A+,Engineer,Voter ID,NME8499514,True,2026-02-07 01:19:43+05:30,2026-02-07 01:19:43+05:30
55039743-a3ef-4a83-aae0-9a098d8c3344,Lajita,Chadha,Transgender,47,Unmarried,7337310971,"083
Prabhakar Marg",Dwarka,Delhi,319774,AB+,Teacher,Aadhar,7864 3075 4846,True,2026-02-08 09:05:34+05:30,2026-02-08 09:05:34+05:30
a5fa02fc-8ff4-4367-a5d1-450ecc6d9224,Bhavika,Sami,Transgender,44,Widow,6975201403,"30/70
Thakur Marg",Nagpur,Maharashtra,370011,A-,Farmer,Aadhar,2248 9932 8767,True,2026-02-08 19:19:31+05:30,2026-02-08 19:19:31+05:30
e8c65df4-573f-4397-ad17-bc19e009f22b,Prisha,Date,Transgender,37,Widow,9988772577,"858
Ben",Bangalore,Karnataka,651492,O-,Doctor,PAN Card,GADHQ4098L,True,2026-02-12 13:06:18+05:30,2026-02-12 13:06:18+05:30
867af018-63d3-420b-a185-f52e0bdcaac9,Vidhi,Saha,Transgender,35,Married,8141196215,"H.No. 96, Kala Path",Kolkata,West Bengal,617869,O-,Teacher,Voter ID,SCY7662074,True,2026-02-16 09:11:20+05:30,2026-02-16 09:11:20+05:30
471cb790-fd9f-4e6e-ae36-efbbf3ca8fe7,Ayush,Ratta,Male,35,Divorcee,9741133835,"81/358, Dugar Path",Nagpur,Maharashtra,268986,A-,Homemaker,Aadhar,2486 5137 5907,True,2026-02-05 15:15:48+05:30,2026-02-05 15:15:48+05:30
6811df1a-732f-4f7a-b83f-3d03a1ea66f2,Aarnav,Bora,Transgender,33,Widow,8507237680,"H.No. 275
Choudhury Zila",Ahmedabad,Gujarat,860211,O-,Farmer,Voter ID,UAF5108084,True,2026-02-08 21:45:40+05:30,2026-02-08 21:45:40+05:30
4423179d-2882-4736-82ea-ad70aeaa2a9f,Hredhaan,Ganesan,Transgender,74,Unmarried,9386673156,"79/13, Chacko Street",Rohini,Delhi,909445,O-,Doctor,Aadhar,3573 9574 1636,True,2026-02-04 22:46:15+05:30,2026-02-04 22:46:15+05:30
da93b55a-3737-4687-993b-42e9c19d6a48,Nirja,Choudhury,Transgender,58,Widow,6309924689,"59/41
Shetty Circle",Vadodara,Gujarat,699434,AB+,Homemaker,Aadhar,8099 9050 7761,True,2026-02-01 22:03:15+05:30,2026-02-01 22:03:15+05:30
9a7cc146-c1f4-4a90-a17e-47a07c802699,Vansha,Sandal,Female,20,Widow,8598576707,"72, Salvi Nagar",Hubli,Karnataka,770387,B-,Engineer,Aadhar,4752 3088 3090,True,2026-02-16 16:57:48+05:30,2026-02-16 16:57:48+05:30
5798abbb-f4a8-41a9-ae01-be84db088cdc,Zansi,Venkataraman,Female,62,Divorcee,7336457411,"H.No. 617
Manda Marg",Siliguri,West Bengal,913631,AB-,Engineer,Aadhar,7229 4016 2850,True,2026-02-12 15:08:22+05:30,2026-02-12 15:08:22+05:30
3ceed581-6bab-467b-a11c-8dfd456aa122,Krish,Sandal,Male,76,Widow,7285505350,"14, Kurian Street",Madurai,Tamil Nadu,154940,AB-,Lawyer,PAN Card,KUOPN6829L,True,2026-02-10 13:01:38+05:30,2026-02-10 13:01:38+05:30
1af86364-494e-4a16-9925-b3c6d35146f9,Umang,Kakar,Transgender,86,Unmarried,8422162109,"152, Thakur Road",Lucknow,Uttar Pradesh,454499,B-,Business,Voter ID,JCU1648181,True,2026-02-08 11:44:43+05:30,2026-02-08 11:44:43+05:30
06daf56a-08d5-4f11-910e-afc4a69e767c,Thomas,Shan,Transgender,25,Widow,9774722983,"86
Halder",Jodhpur,Rajasthan,875349,AB-,Doctor,Aadhar,5523 7030 1746,True,2026-02-04 17:02:37+05:30,2026-02-04 17:02:37+05:30
b0bf1849-a525-4ef7-8056-7fe38ea2237d,Bhavya,Ravel,Female,78,Unmarried,6702801862,"H.No. 98
Bedi Road",Mumbai,Maharashtra,453062,O-,Artist,PAN Card,AXRSP1365I,True,2026-02-06 15:54:53+05:30,2026-02-06 15:54:53+05:30
226aa3cd-def1-4269-8b9f-1be7be12abab,Tamanna,Kunda,Transgender,38,Divorcee,8331085013,"14/47
Pant Street",Madurai,Tamil Nadu,575304,O-,Business,PAN Card,SGYTE6995P,True,2026-02-11 06:30:26+05:30,2026-02-11 06:30:26+05:30
338fd73a-cf19-48d0-af0b-7ed1a7bd1f88,Laban,Savant,Male,58,Widow,6539916911,"H.No. 80, Sridhar Circle",Kolkata,West Bengal,597312,AB+,Accountant,Aadhar,6315 8787 7920,True,2026-02-12 13:08:49+05:30,2026-02-12 13:08:49+05:30
51decead-efb5-4057-b3c7-9bc3f4063ef6,Jairaj,Ganguly,Male,27,Divorcee,6768640156,"H.No. 206, Roy Road",Mysore,Karnataka,304785,AB-,Engineer,Voter ID,GPS9987135,True,2026-02-05 05:59:21+05:30,2026-02-05 05:59:21+05:30
4b50df7d-3e20-41b5-9d43-cf35236793dc,Vivaan,Mander,Male,25,Married,9152600595,"88/230
Ratta Zila",Nagpur,Maharashtra,859075,AB-,Engineer,PAN Card,WKCIF0945R,True,2026-02-08 19:03:42+05:30,2026-02-08 19:03:42+05:30
877d6f68-e23e-46c5-b4ed-05900e3252b9,Mitali,Kapoor,Transgender,61,Unmarried,8491585177,"44/97
Uppal Marg",Lucknow,Uttar Pradesh,741896,AB-,Teacher,Voter ID,CUY7107440,True,2026-02-03 19:45:04+05:30,2026-02-03 19:45:04+05:30
a1c49221-3999-46ae-9bfa-0af92ce4f0bb,Prisha,Wadhwa,Female,18,Divorcee,6196939849,"H.No. 66
Bail Street",Jodhpur,Rajasthan,118449,B+,Student,Aadhar,2387 8492 7530,True,2026-02-14 18:58:44+05:30,2026-02-14 18:58:44+05:30
c0b83cca-2623-49dd-84c3-6feb9d985272,Inaya,Salvi,Female,21,Divorcee,6854162151,"H.No. 48
Jhaveri Street",Mysore,Karnataka,815250,O-,Engineer,Aadhar,1983 6507 9237,True,2026-02-04 14:43:04+05:30,2026-02-04 14:43:04+05:30
54f9c291-908f-4474-b835-86f8db446f47,Samar,Nadig,Male,25,Married,9171670099,"07/190
Malhotra Ganj",Lucknow,Uttar Pradesh,257732,A+,Accountant,Voter ID,NXC2546967,True,2026-02-13 00:54:41+05:30,2026-02-13 00:54:41+05:30
31c97165-cf17-4731-afc2-dad3b4ebac90,Rayaan,Palla,Male,22,Divorcee,6502081519,"H.No. 09, Tandon Chowk",New Delhi,Delhi,124540,O+,Farmer,Voter ID,FXA9295253,True,2026-02-08 15:36:55+05:30,2026-02-08 15:36:55+05:30
8bb287d1-524b-438d-a0bd-6678bab25edb,Jackson,Bora,Male,80,Widow,7900558700,"H.No. 419
Gour Marg",Coimbatore,Tamil Nadu,164790,AB-,Accountant,PAN Card,IJRHL6674F,True,2026-02-10 08:54:02+05:30,2026-02-10 08:54:02+05:30
21d8f2d2-dba7-4c5b-83aa-a2eab8ed3204,Unni,Brahmbhatt,Transgender,31,Divorcee,6486786610,"H.No. 837, Dixit Zila",Rohini,Delhi,199021,A-,Teacher,Aadhar,9013 9826 7020,True,2026-02-02 01:07:10+05:30,2026-02-02 01:07:10+05:30
66da6f4e-46b3-478b-9d84-29b3293e7387,Zayan,Solanki,Male,90,Married,7733637894,"H.No. 67
Oak Circle",Surat,Gujarat,195058,O+,Doctor,PAN Card,IUZGW9856S,True,2026-02-11 01:47:22+05:30,2026-02-11 01:47:22+05:30
1f5bbd1c-b07d-4625-9e4b-66556f448486,Dayamai,Sharma,Female,57,Unmarried,6964829826,"82/76, Vora Ganj",Rohini,Delhi,599680,AB-,Accountant,Voter ID,DFK2250763,True,2026-02-15 03:49:25+05:30,2026-02-15 03:49:25+05:30
371f87b3-f348-4f41-86f4-2636433bf028,Harrison,Om,Transgender,44,Widow,7821702343,"61, Dhingra Chowk",Ahmedabad,Gujarat,995107,AB+,Accountant,PAN Card,KDYNH6148X,True,2026-02-14 03:37:41+05:30,2026-02-14 03:37:41+05:30
3f4f7f54-1a6f-43d6-a6b4-76295e289713,Harsh,Pillai,Transgender,43,Divorcee,6982644890,"28/87, Krishnamurthy Circle",Kanpur,Uttar Pradesh,565614,O-,Accountant,PAN Card,RKQYR6539W,True,2026-02-08 09:22:00+05:30,2026-02-08 09:22:00+05:30
282ecf1c-942b-45b4-9397-db1dd093973b,Agastya,Zachariah,Male,18,Married,8410949085,"H.No. 53
Behl Chowk",Howrah,West Bengal,281736,AB-,Engineer,Aadhar,7100 6149 8690,True,2026-02-01 23:43:31+05:30,2026-02-01 23:43:31+05:30
42b81c3a-3b44-41f8-8b46-81dc6374fe5e,Samarth,Walia,Male,25,Widow,6366520726,"923
More Nagar",Chennai,Tamil Nadu,497031,B-,Doctor,PAN Card,QXBZC3331J,True,2026-02-05 02:49:53+05:30,2026-02-05 02:49:53+05:30
b4367c55-9956-409e-9efe-fb2a4090d086,Zaid,Das,Male,46,Widow,9013015947,"H.No. 54, Virk Ganj",Kolkata,West Bengal,500648,AB+,Student,Voter ID,DBC5549353,True,2026-02-06 12:51:22+05:30,2026-02-06 12:51:22+05:30
4d1f60e0-1597-47f2-b1ef-a8ad581bcb29,Yatan,Balasubramanian,Male,41,Widow,6209365042,"10/49
Kamdar Zila",Jodhpur,Rajasthan,621241,AB-,Accountant,Voter ID,LLY5710150,True,2026-02-08 17:24:10+05:30,2026-02-08 17:24:10+05:30
fc47bf9b-3284-487d-8bc3-23de0c17ed97,Nihal,Sandal,Transgender,38,Divorcee,7330730769,"05
Hans Path",Siliguri,West Bengal,476134,A-,Accountant,PAN Card,QYNRI3553K,True,2026-02-15 01:45:00+05:30,2026-02-15 01:45:00+05:30
6076af3f-fb0e-4351-804a-c04ca7747f9f,Azad,Om,Transgender,26,Married,6330124378,"758
Mital",Mysore,Karnataka,427314,A-,Accountant,Voter ID,YCP8810151,True,2026-02-10 02:22:14+05:30,2026-02-10 02:22:14+05:30
525ab2c4-d897-4979-8492-b28ba8390745,Imaran,Ramanathan,Male,33,Divorcee,9356379983,"394
Sarna Road",Coimbatore,Tamil Nadu,210427,O-,Doctor,Voter ID,SHT6323700,True,2026-02-01 08:12:07+05:30,2026-02-01 08:12:07+05:30
add755b2-1bb7-4c47-ae89-8e355346476a,Keya,Kar,Female,76,Widow,9599367458,"62
Sastry Street",New Delhi,Delhi,420185,O+,Homemaker,Voter ID,PYO4213678,True,2026-02-05 03:45:46+05:30,2026-02-05 03:45:46+05:30
344960dd-414a-4417-9d6c-74ab3103dcc1,Hiral,Chadha,Female,28,Divorcee,6374446625,"H.No. 381, Kurian Road",Jodhpur,Rajasthan,610544,O-,Farmer,Voter ID,HNS0315188,True,2026-02-10 01:26:44+05:30,2026-02-10 01:26:44+05:30
0eeafa0a-5fe8-4bae-bd5c-2b528eb64e64,Sai,Ramaswamy,Female,26,Divorcee,7246458864,"H.No. 537, Prakash Nagar",Ahmedabad,Gujarat,228320,A+,Teacher,Aadhar,2032 1320 4989,True,2026-02-05 22:17:35+05:30,2026-02-05 22:17:35+05:30
abc1760e-f385-442e-9786-862a519ac0c7,Ria,Padmanabhan,Female,90,Widow,7626893880,"80/52
Thaman Ganj",Ahmedabad,Gujarat,954736,AB-,Accountant,PAN Card,VTFVE9598F,True,2026-02-01 17:55:03+05:30,2026-02-01 17:55:03+05:30
16badfb5-04fb-4769-aee6-137a233da4e6,Dhriti,Bawa,Female,30,Unmarried,6141666467,"18/641
Dhingra Nagar",Mysore,Karnataka,282479,B+,Accountant,PAN Card,OETUJ8476O,True,2026-02-08 18:58:21+05:30,2026-02-08 18:58:21+05:30
44b33cce-ab9f-4747-a04f-89b42ea9cc13,Vincent,Nair,Male,32,Unmarried,9947090910,"653, Mallick Street",Coimbatore,Tamil Nadu,140054,AB+,Student,Voter ID,SSP8171447,True,2026-02-03 01:14:01+05:30,2026-02-03 01:14:01+05:30
83f41205-6a91-49d6-bd26-7af02bb73ae3,Yashica,Pathak,Female,59,Unmarried,8697249526,"06/197
Chanda Ganj",Pune,Maharashtra,241660,O+,Lawyer,Aadhar,2748 8021 7538,True,2026-02-14 10:05:35+05:30,2026-02-14 10:05:35+05:30
2af44c2e-8a61-4188-8024-e8897344fd45,Radhika,Kaul,Transgender,53,Unmarried,7157768827,"87/361
Rama Path",Mysore,Karnataka,664760,O-,Accountant,PAN Card,YVPPU6905C,True,2026-02-16 19:48:52+05:30,2026-02-16 19:48:52+05:30
aea57c42-beea-4f2e-9d61-85548db445bc,Wahab,Mishra,Male,60,Divorcee,9199712243,"62, Sabharwal Zila",Kanpur,Uttar Pradesh,816140,AB-,Teacher,PAN Card,JIYJA2381U,True,2026-02-10 04:18:07+05:30,2026-02-10 04:18:07+05:30
693f6905-e3ad-43c6-9947-426b2f049b77,Yauvani,Ravi,Transgender,82,Widow,6979493509,"H.No. 648
Ramachandran Circle",Bangalore,Karnataka,289337,A+,Farmer,Aadhar,8959 3780 5750,True,2026-02-09 21:46:00+05:30,2026-02-09 21:46:00+05:30
92d93b55-cea2-41d6-9a44-54b730358302,Sudiksha,Tiwari,Female,70,Married,9359792435,"98, Sarraf Ganj",Vadodara,Gujarat,712837,O-,Accountant,PAN Card,TQFCN7112Y,True,2026-02-01 20:57:26+05:30,2026-02-01 20:57:26+05:30
7d5f6d5f-70eb-4afd-a80a-5fc59df4fc79,Praneel,Mandal,Transgender,71,Widow,9190342379,"85
Patil Zila",Kanpur,Uttar Pradesh,459025,O-,Student,PAN Card,VGIRV6912X,True,2026-02-07 14:46:22+05:30,2026-02-07 14:46:22+05:30
6b1c6a3c-b251-4213-82eb-6d304837a57e,Arin,Choudhury,Transgender,29,Divorcee,9052807137,"34/444, Mann Chowk",Kolkata,West Bengal,155721,AB+,Business,PAN Card,PCWMQ6085T,True,2026-02-05 17:16:44+05:30,2026-02-05 17:16:44+05:30
09040feb-b4db-402c-baaa-94d5b7280103,Gagan,Grewal,Transgender,83,Widow,8481364678,"85, Memon Zila",Vadodara,Gujarat,707506,AB+,Business,Aadhar,8443 8747 4786,True,2026-02-07 14:23:04+05:30,2026-02-07 14:23:04+05:30
59480d07-50e8-48b0-8fc5-b68cb92f2122,Dalbir,Dubey,Male,36,Divorcee,6546038052,"H.No. 289
Thaman Road",Bangalore,Karnataka,440528,AB-,Teacher,Voter ID,UTT5631395,True,2026-02-15 06:28:01+05:30,2026-02-15 06:28:01+05:30
42e7466d-598e-40b0-be6b-cec54c3bed82,Yashodhara,Loyal,Female,46,Widow,9488908979,"16/877, Morar Street",Hubli,Karnataka,313298,O-,Doctor,Aadhar,1668 3968 3831,True,2026-02-14 14:18:46+05:30,2026-02-14 14:18:46+05:30
9cb65377-ddf9-4257-a2b4-be508b43c706,Manya,Dara,Female,36,Widow,9417817405,"H.No. 891, Sood Path",Surat,Gujarat,673132,B+,Artist,Aadhar,1353 8201 2565,True,2026-02-02 12:16:54+05:30,2026-02-02 12:16:54+05:30
d8626bea-e20b-4808-b131-7abc62c92d32,Girish,Saini,Male,89,Married,9151787825,"H.No. 35
Munshi Marg",Udaipur,Rajasthan,423576,B+,Doctor,PAN Card,KWEQB6034S,True,2026-02-06 19:42:05+05:30,2026-02-06 19:42:05+05:30
4c37e9de-83de-45e8-bd03-20396cef0080,Hamsini,Prakash,Transgender,41,Unmarried,7360828803,"23/74
Narayan Chowk",Lucknow,Uttar Pradesh,746690,O+,Farmer,Aadhar,9315 8133 5238,True,2026-02-15 00:29:40+05:30,2026-02-15 00:29:40+05:30
d973da08-cf65-4e14-8aee-c19cdb19045a,Ekavir,Bhatnagar,Transgender,90,Divorcee,7405132295,"08, Deep",Kanpur,Uttar Pradesh,874994,B+,Teacher,Voter ID,MWP5450193,True,2026-02-07 20:40:42+05:30,2026-02-07 20:40:42+05:30
1be7960c-c1c3-4759-9e01-877d318444fc,Nathan,Palla,Male,49,Widow,7160260513,"36
Sharma",Howrah,West Bengal,475141,O+,Farmer,Aadhar,8839 2354 2905,True,2026-02-08 23:09:21+05:30,2026-02-08 23:09:21+05:30
46658f38-d2f3-49e0-a9d8-3daeb1fe68cf,Chameli,Kata,Female,54,Married,9813662090,"H.No. 917
Sangha",Howrah,West Bengal,663442,A+,Farmer,PAN Card,KRJAY0415M,True,2026-02-15 08:58:19+05:30,2026-02-15 08:58:19+05:30
4abebbd0-84b4-4a7a-968c-6c29c35f8779,Zayyan,Venkataraman,Male,62,Unmarried,7043543177,"054, Balasubramanian Nagar",Kolkata,West Bengal,942692,A-,Homemaker,Aadhar,1373 4032 9042,True,2026-02-10 21:31:39+05:30,2026-02-10 21:31:39+05:30
f60f677f-f2a0-4c3b-835e-c41bba24e254,Praneel,Keer,Male,27,Divorcee,6440742306,"H.No. 49, Sami Ganj",Hubli,Karnataka,795999,O+,Doctor,Aadhar,7979 3604 8927,True,2026-02-04 12:13:19+05:30,2026-02-04 12:13:19+05:30
ba1855d2-9187-456f-acaf-3537008414d7,Finn,Ahuja,Transgender,18,Unmarried,6407080187,"H.No. 115
Dhar Circle",Coimbatore,Tamil Nadu,488342,AB+,Artist,Aadhar,7169 8221 1743,True,2026-02-10 16:43:34+05:30,2026-02-10 16:43:34+05:30
6560f28b-9e64-4700-b919-9edab175fb23,Vrishti,Bawa,Female,74,Unmarried,7241168948,"H.No. 431, Tella Zila",Surat,Gujarat,733871,AB+,Lawyer,Voter ID,UHY9596568,True,2026-02-08 03:48:45+05:30,2026-02-08 03:48:45+05:30
aedf6ea0-6755-42f7-a377-9d0cecb8a9d4,Hamsini,Nayak,Female,90,Married,9602645310,"163, Mistry Street",Chennai,Tamil Nadu,460424,O-,Lawyer,PAN Card,PJANK4482O,True,2026-02-12 22:01:27+05:30,2026-02-12 22:01:27+05:30
1538227b-3abb-49a9-977f-7287d631eec8,Mohini,Ramesh,Female,88,Divorcee,8825642627,"52
Dugal Path",Varanasi,Uttar Pradesh,846094,A-,Accountant,Aadhar,8223 4667 1968,True,2026-02-03 22:41:23+05:30,2026-02-03 22:41:23+05:30
ac48b1f4-4cb7-4f14-8cf0-b2b07d95742b,Jeevika,Mane,Female,37,Widow,7329817901,"H.No. 704, Aurora Path",Varanasi,Uttar Pradesh,857817,O-,Teacher,PAN Card,ZKWNV9248R,True,2026-02-09 11:57:01+05:30,2026-02-09 11:57:01+05:30
bed8c7cd-3e81-4135-a439-37537fdfa662,Nathan,Buch,Male,87,Divorcee,8085892656,"62/74
Pingle Road",Kolkata,West Bengal,344341,AB+,Student,PAN Card,GMYOF0558R,True,2026-02-11 18:55:00+05:30,2026-02-11 18:55:00+05:30
69a489d0-6b6c-405a-8434-e733f4e3e26f,Veer,Chaudhuri,Male,72,Widow,8252887144,"H.No. 61, Ganesan Circle",Udaipur,Rajasthan,510354,B-,Accountant,Aadhar,3314 5771 5472,True,2026-02-04 08:01:54+05:30,2026-02-04 08:01:54+05:30
3b721cca-01e5-4095-a0f3-f05e758752bb,Meera,Seth,Female,24,Widow,7367903222,"H.No. 480, Koshy Path",Mysore,Karnataka,354094,A-,Accountant,PAN Card,NLRFQ9095O,True,2026-02-13 13:32:26+05:30,2026-02-13 13:32:26+05:30
9ebfa444-8812-4775-baf3-254e82cef0bc,Yashica,Anand,Female,19,Divorcee,9035381515,"943, Oommen Street",Madurai,Tamil Nadu,826306,A-,Accountant,Aadhar,4958 7182 8626,True,2026-02-05 01:36:23+05:30,2026-02-05 01:36:23+05:30
d887c0e7-4be7-4642-a229-d7ccaea0e711,Bhanumati,Sengupta,Transgender,22,Married,9461040963,"16/175
Mangal Circle",Siliguri,West Bengal,448251,AB+,Engineer,PAN Card,RZREG2242Q,True,2026-02-03 12:44:48+05:30,2026-02-03 12:44:48+05:30
8f62591e-910b-497a-ba9c-d00e6ae116b1,Daniel,Dhingra,Transgender,54,Married,6608255569,"60, Acharya",Kolkata,West Bengal,577896,O-,Accountant,Aadhar,1683 2846 4696,True,2026-02-09 10:50:53+05:30,2026-02-09 10:50:53+05:30
5446fc5f-ce76-4207-bbec-92e481fc0e5a,Orinder,Bala,Transgender,77,Unmarried,9375834529,"61
Bhalla Nagar",Udaipur,Rajasthan,977293,B-,Artist,Aadhar,2275 6224 3996,True,2026-02-04 08:12:44+05:30,2026-02-04 08:12:44+05:30
493915ba-e6d9-4083-af42-07535241d4bb,Logan,Kala,Male,18,Divorcee,7858642568,"H.No. 92, Sengupta Path",Pune,Maharashtra,837563,B+,Teacher,Voter ID,XFE3014452,True,2026-02-04 17:52:21+05:30,2026-02-04 17:52:21+05:30
a8088093-d63c-4adf-b719-7ee700723944,Amaira,Mani,Transgender,18,Divorcee,9733054062,"H.No. 00, Arya Chowk",Dwarka,Delhi,481211,B+,Student,PAN Card,GEWFV6765P,True,2026-02-07 01:16:08+05:30,2026-02-07 01:16:08+05:30
11cf3608-a530-4785-939c-e401092078f4,Brijesh,Mukherjee,Male,82,Widow,8290114970,"11/10, Aurora",Hubli,Karnataka,904531,A-,Engineer,Voter ID,SPV9205083,True,2026-02-01 21:45:08+05:30,2026-02-01 21:45:08+05:30
3d57b90e-7b60-4595-ae78-22cb5e9418f3,Indali,Misra,Female,41,Widow,7773437975,"H.No. 62, Sabharwal",Mysore,Karnataka,178053,O+,Engineer,Voter ID,OQD5292219,True,2026-02-01 15:09:45+05:30,2026-02-01 15:09:45+05:30
a5b9a81f-820a-46e9-a3a0-037f5a507f21,Umang,Gade,Male,67,Married,7637669793,"57/748, Chaudhry Road",Udaipur,Rajasthan,199883,AB+,Doctor,PAN Card,EORJO5889K,True,2026-02-06 21:27:39+05:30,2026-02-06 21:27:39+05:30
1ca12edd-601f-4b6e-8f2f-27f3cb4ef21e,Urvi,Banik,Transgender,71,Married,6796008642,"342, Lal Zila",Lucknow,Uttar Pradesh,654692,AB+,Teacher,Voter ID,RCQ9656556,True,2026-02-03 03:25:17+05:30,2026-02-03 03:25:17+05:30
19396d44-c122-477d-af76-22e709574642,Girindra,Kaul,Transgender,60,Married,8899336704,"428, Sani Path",Hubli,Karnataka,887125,A+,Homemaker,Aadhar,1269 7291 6406,True,2026-02-14 00:05:55+05:30,2026-02-14 00:05:55+05:30
c5f4a6e8-a82a-4699-9b3a-7d27ed0156ea,Vrinda,Bajwa,Transgender,66,Widow,8722306456,"15
Lanka Path",Jaipur,Rajasthan,257035,B-,Homemaker,Voter ID,EMH8084431,True,2026-02-04 12:49:18+05:30,2026-02-04 12:49:18+05:30
a88e3e3a-e936-47c0-afb9-242719f7f8fe,Aishani,Grover,Transgender,19,Widow,6702972463,"H.No. 503, Nagarajan",Hubli,Karnataka,756438,O+,Homemaker,Voter ID,PLO2675975,True,2026-02-03 06:10:56+05:30,2026-02-03 06:10:56+05:30
12b13cfe-9602-41b8-ba14-6066e0d27fbe,Vedhika,Kaul,Transgender,27,Divorcee,6555154346,"H.No. 511, Wadhwa Marg",Howrah,West Bengal,285446,AB+,Engineer,PAN Card,NMNHW7364Y,True,2026-02-01 02:15:34+05:30,2026-02-01 02:15:34+05:30
9419f589-d2ba-408b-bb64-70a59bf43d54,Kevin,Upadhyay,Male,60,Widow,7810380145,"07/223, Brahmbhatt Zila",Hubli,Karnataka,549831,A-,Student,Voter ID,UQC3351582,True,2026-02-11 03:15:50+05:30,2026-02-11 03:15:50+05:30
3f1a2e1b-91d7-4648-93c7-f803990f1206,Ranbir,Walla,Male,29,Widow,8817188583,"31/165, Kala Marg",Udaipur,Rajasthan,650616,AB-,Lawyer,PAN Card,WFPJD2377U,True,2026-02-02 06:44:14+05:30,2026-02-02 06:44:14+05:30
22ae27a7-22a4-4596-9095-58c2f8d4c532,Gavin,Luthra,Transgender,23,Married,8421981190,"H.No. 773, Kalita Street",Jodhpur,Rajasthan,245001,O-,Lawyer,Aadhar,2134 2238 2324,True,2026-02-16 12:52:06+05:30,2026-02-16 12:52:06+05:30
6034f5ad-3bb2-408b-b98b-2298473a52c4,Harrison,Mishra,Male,50,Widow,9175456034,"65
Tella Marg",Nagpur,Maharashtra,683609,B+,Homemaker,Voter ID,HZD5470366,True,2026-02-05 09:43:45+05:30,2026-02-05 09:43:45+05:30
c1b12aae-1c3f-4e25-9c6c-297641ff83be,Rachit,Bora,Transgender,49,Widow,9315307958,"21/472
Sama Path",Ahmedabad,Gujarat,644849,A-,Business,PAN Card,RGWWJ5331A,True,2026-02-05 06:30:01+05:30,2026-02-05 06:30:01+05:30
27b5f682-467d-4d1a-a00c-161c789140c7,Dhruv,Mangat,Male,57,Divorcee,6138922055,"H.No. 105
Hari Road",Siliguri,West Bengal,974272,AB+,Lawyer,PAN Card,XEMCK5846O,True,2026-02-01 15:42:58+05:30,2026-02-01 15:42:58+05:30
0be6d019-7d19-4d00-9659-70cb3bf71112,Widisha,Patla,Female,33,Widow,7588913679,"H.No. 58
Nadkarni Ganj",Hubli,Karnataka,627056,AB-,Doctor,Aadhar,3159 8644 9113,True,2026-02-02 02:12:46+05:30,2026-02-02 02:12:46+05:30
0be0cbe9-aa95-4928-8f8c-f01d54533425,Rachita,Kibe,Transgender,72,Divorcee,6272913944,"H.No. 42
Goyal Path",Siliguri,West Bengal,411440,B-,Business,PAN Card,UPBNA7750L,True,2026-02-09 15:50:14+05:30,2026-02-09 15:50:14+05:30
2366175f-5140-4eaf-9855-4997ad88d2d6,Zayyan,Sharma,Male,29,Divorcee,8498743966,"46
Thaker Path",Lucknow,Uttar Pradesh,868352,A-,Artist,Voter ID,GTE7415058,True,2026-02-03 22:19:38+05:30,2026-02-03 22:19:38+05:30
931b3235-e1f4-4281-ae1f-a070ac1bd24c,Harshil,Bhatia,Transgender,60,Unmarried,7698533214,"86/88, Mane Street",Jodhpur,Rajasthan,372466,B+,Lawyer,PAN Card,ENDMR4319Z,True,2026-02-12 21:48:37+05:30,2026-02-12 21:48:37+05:30
a684b303-f1f8-4bfa-b41c-67e7e160c10f,Udyati,Krishnamurthy,Female,43,Widow,7122777475,"H.No. 30
Kata Road",Hubli,Karnataka,503577,A+,Homemaker,PAN Card,UXYEF1358T,True,2026-02-01 08:32:08+05:30,2026-02-01 08:32:08+05:30
29bc356b-471a-46cf-8d30-39e3be9fc507,Frederick,Mistry,Transgender,85,Unmarried,8124462251,"23/18, Kant Ganj",Howrah,West Bengal,551697,A+,Business,PAN Card,DKEND0084Z,True,2026-02-14 10:40:38+05:30,2026-02-14 10:40:38+05:30
8a11ad85-2430-4c01-a8c7-4abe050702dc,Chakrika,Karpe,Female,34,Unmarried,7637690600,"47, Kara Street",Ahmedabad,Gujarat,184981,A-,Business,Voter ID,PGW9241472,True,2026-02-08 00:43:55+05:30,2026-02-08 00:43:55+05:30
36559d4f-e634-4de4-8010-117b156879c0,Bina,Raja,Female,69,Unmarried,9869543961,"H.No. 20, Ram Nagar",Nagpur,Maharashtra,830839,O-,Engineer,PAN Card,YJYXQ2547K,True,2026-02-03 05:59:28+05:30,2026-02-03 05:59:28+05:30
9c391d5c-45a7-4fcf-9205-b7b13de0823f,Charvi,De,Female,21,Unmarried,6557023258,"76, Bala Chowk",Bangalore,Karnataka,513713,B-,Student,Aadhar,5706 3655 2937,True,2026-02-01 04:47:35+05:30,2026-02-01 04:47:35+05:30
1d47a2bf-6cf4-4ea5-a6a4-81773f981edf,Urmi,Bath,Transgender,73,Divorcee,6587828148,"12
Dutta Marg",Jodhpur,Rajasthan,583677,B-,Teacher,PAN Card,UAFZC6346C,True,2026-02-14 03:07:46+05:30,2026-02-14 03:07:46+05:30
4129c11d-d5e0-46e1-9416-1bb7471dda5f,Lavanya,Saraf,Transgender,70,Divorcee,6381431776,"04, Iyengar Path",Varanasi,Uttar Pradesh,320146,B+,Artist,PAN Card,PMEFD4274H,True,2026-02-10 06:00:28+05:30,2026-02-10 06:00:28+05:30
70521984-1dd7-4f9c-9a03-a8c0e1279c0f,Nikita,Thaman,Female,19,Divorcee,9312779225,"29/35
Barman Marg",Kolkata,West Bengal,832872,B-,Business,PAN Card,DSAUQ5770G,True,2026-02-16 04:02:10+05:30,2026-02-16 04:02:10+05:30
b53eed59-76ee-48d1-a4d7-6e8eb564e479,Matthew,Chowdhury,Male,67,Divorcee,8173911132,"86
Barad Circle",Surat,Gujarat,636591,A+,Accountant,Aadhar,5774 1728 1579,True,2026-02-10 01:06:06+05:30,2026-02-10 01:06:06+05:30
dd1bfe08-bd28-4249-bab0-ebe668617ef4,Imaran,Chandran,Male,46,Married,6720053791,"07/617, Babu Ganj",Hubli,Karnataka,188530,AB-,Engineer,PAN Card,DVPVJ1695I,True,2026-02-16 16:55:54+05:30,2026-02-16 16:55:54+05:30
cf3ffed8-7ce6-4341-93c9-20c7e801d06c,Dalaja,Loyal,Transgender,80,Widow,9417891211,"H.No. 82
Zacharia Street",Howrah,West Bengal,646402,A+,Doctor,Aadhar,3575 8085 8081,True,2026-02-15 22:10:50+05:30,2026-02-15 22:10:50+05:30
e45cc0cb-2ad7-49f5-8874-5803d5f8e326,Eesha,Chakrabarti,Female,87,Married,9497756170,"21
Dara Street",Mumbai,Maharashtra,631637,AB+,Student,Aadhar,6374 6445 9195,True,2026-02-10 15:50:11+05:30,2026-02-10 15:50:11+05:30
eb4a923c-a8ea-47ae-aaf5-c9fc9f918242,William,Randhawa,Male,75,Widow,6497102939,"40, Chander Ganj",Varanasi,Uttar Pradesh,468887,AB+,Teacher,Aadhar,5109 7223 7985,True,2026-02-12 04:58:23+05:30,2026-02-12 04:58:23+05:30
d9e44c09-d117-494c-99a1-497650717ac9,Lajita,Ahuja,Female,73,Widow,9444969040,"74/904
Dhar Marg",Madurai,Tamil Nadu,854653,AB-,Doctor,Aadhar,9979 6108 7854,True,2026-02-14 14:58:08+05:30,2026-02-14 14:58:08+05:30
33a40f51-d1bd-4be8-abb2-9c60829b5440,Vasatika,Samra,Female,36,Unmarried,6361744239,"H.No. 671
Comar",Mumbai,Maharashtra,507621,AB-,Doctor,Voter ID,YOA3736715,True,2026-02-01 22:42:31+05:30,2026-02-01 22:42:31+05:30
dc479e2a-6770-45cd-9018-a9327adc3936,Shivansh,Ganguly,Transgender,24,Divorcee,7300997369,"12/965, Yogi Zila",Siliguri,West Bengal,434509,O-,Business,Voter ID,KST1278309,True,2026-02-13 07:15:26+05:30,2026-02-13 07:15:26+05:30
3ff035b3-f5e1-4139-992d-0562bc485d64,Rachita,Bal,Transgender,30,Married,6339114568,"71/640, Sabharwal Nagar",Varanasi,Uttar Pradesh,891089,AB-,Farmer,Voter ID,PDD8303652,True,2026-02-06 06:58:18+05:30,2026-02-06 06:58:18+05:30
61acd554-4f53-4ba1-8e02-faba34824400,Jeevika,Naidu,Female,35,Widow,8716014949,"H.No. 757
Sami Ganj",Lucknow,Uttar Pradesh,176919,A-,Business,Aadhar,4711 9916 8191,True,2026-02-15 13:19:24+05:30,2026-02-15 13:19:24+05:30
dbfbbf2c-7b88-4c4d-b5ce-f45d04ef49a6,Tamanna,Oza,Female,22,Married,9248527182,"320
Raja",Pune,Maharashtra,461339,AB+,Lawyer,Voter ID,TLJ0619540,True,2026-02-06 05:20:02+05:30,2026-02-06 05:20:02+05:30
88fbc1a7-bb2c-4b20-8891-b0e4ce2e6658,Sachi,Bains,Transgender,73,Married,8692205203,"79/62, Singh Nagar",Jaipur,Rajasthan,144514,O+,Student,Aadhar,2129 5454 5878,True,2026-02-04 23:49:21+05:30,2026-02-04 23:49:21+05:30
b6f84cff-293f-4b1a-9406-96fc6fa3b58b,Neha,Trivedi,Transgender,44,Divorcee,6709667339,"57/003, Murty Ganj",Jaipur,Rajasthan,174637,O+,Business,Aadhar,1194 6172 3984,True,2026-02-03 19:01:36+05:30,2026-02-03 19:01:36+05:30
c59c204d-b752-4518-a893-73a99d8905b4,Udyati,Barad,Female,66,Widow,7714581021,"94/91, Kohli Ganj",Hubli,Karnataka,403381,O+,Artist,PAN Card,MREOZ1539M,True,2026-02-13 03:31:52+05:30,2026-02-13 03:31:52+05:30
036afa89-03d9-4e42-ad56-c76997244bc2,Zashil,Ghosh,Male,28,Unmarried,7606786608,"48/59
Guha Road",New Delhi,Delhi,702781,O-,Business,PAN Card,GAIRD6979R,True,2026-02-02 20:01:19+05:30,2026-02-02 20:01:19+05:30
a2d9acfa-3ef9-49cb-821d-60c0258d3ccd,Girish,Bhattacharyya,Male,62,Divorcee,6263280052,"H.No. 95, Panchal",Jaipur,Rajasthan,781321,O-,Engineer,Aadhar,4806 7964 2769,True,2026-02-03 06:33:01+05:30,2026-02-03 06:33:01+05:30
f0027ffb-dfa4-4359-aefe-a587b926694d,Pranit,Dhaliwal,Male,85,Married,6320111368,"338
Solanki Road",Jaipur,Rajasthan,257775,O-,Farmer,Aadhar,6515 8103 7484,True,2026-02-05 03:40:52+05:30,2026-02-05 03:40:52+05:30
1a2c3ff5-9cee-41da-b5e0-707833ca3b99,Pavani,Lanka,Female,21,Divorcee,6499984525,"H.No. 36, Dalal Nagar",Lucknow,Uttar Pradesh,541173,A+,Engineer,PAN Card,ZYZWI0996U,True,2026-02-02 02:55:03+05:30,2026-02-02 02:55:03+05:30
6c34630a-7622-43da-8147-780e56007601,Eshana,Kara,Transgender,69,Unmarried,6922822438,"H.No. 401
Bhattacharyya",New Delhi,Delhi,872111,B+,Doctor,Voter ID,QUC2225216,True,2026-02-16 10:11:00+05:30,2026-02-16 10:11:00+05:30
56c0bc19-7ba3-421b-a2f3-53a4fa969ea2,Warinder,Uppal,Male,32,Unmarried,8540195668,"404, Sastry Path",Mumbai,Maharashtra,965425,AB+,Doctor,PAN Card,CPGAC3318R,True,2026-02-05 04:12:18+05:30,2026-02-05 04:12:18+05:30
e6f01d85-2238-47e6-86ca-29b45d692f96,Oeshi,Merchant,Female,66,Widow,6144703815,"21/810, Pathak Zila",Surat,Gujarat,668834,AB+,Artist,PAN Card,POIQB5320Q,True,2026-02-01 10:49:10+05:30,2026-02-01 10:49:10+05:30
54a1bdf8-f32f-4def-bc5a-bc5f85c43e37,Rajata,Kunda,Female,84,Widow,8204547776,"68, Balay Zila",Nagpur,Maharashtra,196337,AB+,Business,Voter ID,EKH9622782,True,2026-02-13 07:19:05+05:30,2026-02-13 07:19:05+05:30
36a16add-a355-4cc0-af37-17c29d89d660,Aarush,Date,Transgender,34,Unmarried,6672560400,"H.No. 31, Brar Nagar",Kolkata,West Bengal,153973,A-,Lawyer,PAN Card,LXENV8722R,True,2026-02-08 12:04:44+05:30,2026-02-08 12:04:44+05:30
1fd0f9b3-8e25-4b77-acd6-183b3baaff08,Mohammed,Sarin,Transgender,53,Married,6726699138,"45, Baral",Pune,Maharashtra,353086,AB+,Lawyer,Voter ID,LIT3383219,True,2026-02-15 16:29:22+05:30,2026-02-15 16:29:22+05:30
5e82dd20-7a2f-4738-a08d-cc7abb06c452,Nicholas,Mutti,Male,46,Widow,7913043566,"H.No. 09, Kakar Street",Kanpur,Uttar Pradesh,802210,B-,Teacher,Voter ID,HMJ4566228,True,2026-02-14 11:16:02+05:30,2026-02-14 11:16:02+05:30
54d0c986-8ce8-41ac-a4ac-8a5943f56f66,Dhruv,Narula,Male,80,Widow,7623954261,"00/940
Vala Marg",Rohini,Delhi,378399,AB+,Lawyer,PAN Card,YNGNN8149R,True,2026-02-16 14:12:41+05:30,2026-02-16 14:12:41+05:30
a249fcf7-b979-4b8e-8735-a3c9a45f229a,Advaith,Barad,Male,28,Married,6088907487,"H.No. 39, Shere Marg",Surat,Gujarat,394607,AB+,Accountant,Aadhar,2285 5658 7100,True,2026-02-10 21:23:12+05:30,2026-02-10 21:23:12+05:30
be0a2429-f377-4dcf-b7a0-5d73c134b058,Tejas,Kota,Male,40,Unmarried,7727432296,"27
Khurana Nagar",Jodhpur,Rajasthan,840918,A+,Homemaker,Aadhar,5793 9071 7331,True,2026-02-01 21:48:52+05:30,2026-02-01 21:48:52+05:30
fe3e8739-34ba-400f-ab96-fc3814f43ce2,Dalaja,Madan,Transgender,23,Widow,6739228782,"602, Gole Chowk",Mysore,Karnataka,358529,O-,Farmer,PAN Card,JCROT7596Z,True,2026-02-09 06:33:31+05:30,2026-02-09 06:33:31+05:30
5b545951-fbca-422e-b7ae-6f573661ec54,Nimrat,Borde,Female,64,Unmarried,7581512752,"H.No. 97
Prabhu Circle",Nagpur,Maharashtra,640007,B+,Engineer,Aadhar,3133 8471 1420,True,2026-02-13 18:31:06+05:30,2026-02-13 18:31:06+05:30
0c2dc04c-bc23-485b-aa20-e832e67a701c,Girish,Mandal,Male,33,Unmarried,7186546189,"41
Nazareth Road",Hubli,Karnataka,808008,A+,Business,Aadhar,9348 9146 6852,True,2026-02-02 04:54:15+05:30,2026-02-02 04:54:15+05:30
207aeb41-8616-4faf-b880-778b44d2c9d6,Qasim,Sura,Transgender,57,Married,7896274536,"06/57
Kamdar Zila",Bangalore,Karnataka,418958,O+,Artist,Aadhar,4044 1677 9241,True,2026-02-16 18:55:15+05:30,2026-02-16 18:55:15+05:30
744d206e-932d-4a41-bbbe-aff7fa701084,Vinaya,Dey,Female,79,Widow,7099149288,"59/50
Kalita Circle",Madurai,Tamil Nadu,688567,B+,Doctor,Voter ID,ZDI8783802,True,2026-02-02 10:42:18+05:30,2026-02-02 10:42:18+05:30
25fc1af4-daec-4caa-8617-2a164671528e,Upkaar,Varughese,Transgender,86,Married,9907547996,"32/002
Kari Circle",Pune,Maharashtra,342687,B-,Teacher,Aadhar,9804 3562 3845,True,2026-02-08 16:40:05+05:30,2026-02-08 16:40:05+05:30
1d000838-20cf-44e1-9f0e-d8483d58946d,Gayathri,Sankar,Female,65,Divorcee,8427877581,"H.No. 29, Salvi Road",Varanasi,Uttar Pradesh,314717,B+,Accountant,Voter ID,ADG0626752,True,2026-02-01 06:56:40+05:30,2026-02-01 06:56:40+05:30
76ab7f88-da29-4c17-a247-30bc3674d8c6,Darsh,Ghose,Transgender,49,Married,7394195644,"623, Wagle Circle",Varanasi,Uttar Pradesh,678728,AB+,Homemaker,Aadhar,7709 1730 7959,True,2026-02-07 01:25:39+05:30,2026-02-07 01:25:39+05:30
33946548-3be9-4174-afd7-3ea72ec0a838,Charan,Wagle,Male,88,Married,8636080489,"138
Rout Path",Bangalore,Karnataka,533105,B+,Homemaker,PAN Card,WVJKB3783U,True,2026-02-09 20:59:58+05:30,2026-02-09 20:59:58+05:30
8d3c8a6b-8dfe-4538-aa75-be6fb5925f33,Prisha,Barman,Transgender,28,Widow,9402507610,"05/508, Mannan Chowk",Madurai,Tamil Nadu,983479,A+,Doctor,PAN Card,DNIJA2594V,True,2026-02-07 14:00:43+05:30,2026-02-07 14:00:43+05:30
44d72f7f-1107-4803-9aeb-196e0cb67a0b,Neelima,Bhalla,Transgender,77,Unmarried,9037971976,"93
Sidhu Zila",Dwarka,Delhi,216756,A+,Business,PAN Card,TCGZC9167A,True,2026-02-10 07:49:41+05:30,2026-02-10 07:49:41+05:30
8c250a55-39af-4fb0-bcf4-a9f025269ff3,Abha,Gara,Transgender,72,Married,7532222343,"31, Sastry Path",New Delhi,Delhi,924955,O-,Artist,Aadhar,7339 8067 3522,True,2026-02-09 10:52:56+05:30,2026-02-09 10:52:56+05:30
4eedb73b-a317-4ea3-82b7-e90b55a1b55c,Harrison,Talwar,Male,49,Divorcee,9279999969,"18/050, Chanda",Jaipur,Rajasthan,152173,A-,Lawyer,Voter ID,WKJ9870679,True,2026-02-13 10:35:22+05:30,2026-02-13 10:35:22+05:30
e7ead908-4dbf-4645-bedb-8a65b2a0de2c,Andrew,Shenoy,Male,83,Married,8774706767,"031
Basak Ganj",Bangalore,Karnataka,812459,AB+,Teacher,Aadhar,9355 6536 8160,True,2026-02-04 19:05:29+05:30,2026-02-04 19:05:29+05:30
cf4b5469-a24e-4c07-a70e-9609a0bf77ae,Hitesh,Barman,Male,67,Unmarried,6005837429,"H.No. 70
Warrior Path",Lucknow,Uttar Pradesh,713495,AB+,Accountant,PAN Card,KJDJP0850O,True,2026-02-14 03:24:26+05:30,2026-02-14 03:24:26+05:30
f97f1278-7459-46a0-82f9-d91f85a2f0cd,Jonathan,Mitter,Male,65,Unmarried,9205088645,"H.No. 41
Raju Nagar",Nagpur,Maharashtra,880139,AB-,Farmer,Aadhar,9630 9942 1882,True,2026-02-15 09:38:08+05:30,2026-02-15 09:38:08+05:30
db1a161d-941f-4d46-826d-b66bfad20b5e,Samuel,Grewal,Male,80,Unmarried,8792043687,"66/255, Loke",Pune,Maharashtra,304771,B+,Farmer,PAN Card,JQXII5315F,True,2026-02-11 21:57:29+05:30,2026-02-11 21:57:29+05:30
d80bf32b-c796-44f5-af45-6f4292605167,Kashvi,Biswas,Female,39,Divorcee,8932952458,"H.No. 43
Gupta Path",Varanasi,Uttar Pradesh,167258,B-,Teacher,Aadhar,2360 9887 8961,True,2026-02-13 02:49:37+05:30,2026-02-13 02:49:37+05:30
2abbd137-d57b-4842-bb6c-78155c66bf48,Anvi,Puri,Female,44,Married,8965530878,"H.No. 669, Thakur Ganj",Varanasi,Uttar Pradesh,580981,A+,Lawyer,Aadhar,2209 9361 6226,True,2026-02-07 17:38:12+05:30,2026-02-07 17:38:12+05:30
4571a0a7-be5e-498a-b2a9-0948a5a0997d,Aayush,Deol,Male,49,Unmarried,6709463871,"H.No. 375
Saini",Madurai,Tamil Nadu,955366,AB+,Homemaker,Aadhar,1316 5659 1025,True,2026-02-08 02:53:58+05:30,2026-02-08 02:53:58+05:30
f0583595-a2b5-4115-88a0-59aae372798d,Lila,Venkatesh,Female,50,Divorcee,8172713169,"237
Kata Marg",Pune,Maharashtra,177668,AB+,Teacher,Voter ID,MDK7329249,True,2026-02-06 17:07:01+05:30,2026-02-06 17:07:01+05:30
2721a0dd-c66b-4294-a7c0-bd3ba5c44b38,Udarsh,Manne,Transgender,43,Unmarried,8486509248,"H.No. 865
Gour",Hubli,Karnataka,575529,A-,Homemaker,Voter ID,SDR2711794,True,2026-02-03 16:29:09+05:30,2026-02-03 16:29:09+05:30
1d97dbce-3293-4ff8-96ae-b8770e100da3,Samuel,Garde,Male,46,Married,7513106963,"H.No. 547
Mand Marg",New Delhi,Delhi,755909,B+,Artist,Voter ID,JNG6620354,True,2026-02-05 17:32:08+05:30,2026-02-05 17:32:08+05:30
9a4aa788-7807-459b-bffd-1c24fa8b5588,Harshil,Sankar,Male,31,Unmarried,6962360304,"43
Kulkarni Street",Varanasi,Uttar Pradesh,155821,O-,Accountant,PAN Card,EEUGZ0544Z,True,2026-02-04 15:34:56+05:30,2026-02-04 15:34:56+05:30
305f7750-0d27-4ae3-8e1c-d93250811c2e,William,Ganguly,Male,64,Divorcee,6945384312,"H.No. 994
Bose",Lucknow,Uttar Pradesh,803719,O-,Lawyer,Aadhar,3395 4503 1933,True,2026-02-10 00:36:56+05:30,2026-02-10 00:36:56+05:30
c1f8bf9f-0e53-49c5-a574-1f9d7bf68746,Chanchal,Amble,Transgender,90,Unmarried,6006866195,"42/79, Dugar",Lucknow,Uttar Pradesh,199980,AB-,Lawyer,Voter ID,XOC5632891,True,2026-02-13 08:27:52+05:30,2026-02-13 08:27:52+05:30
6ffcce5c-4535-4407-971f-add44dc69b54,Jai,Pau,Transgender,52,Widow,7956906548,"96
Salvi Street",Chennai,Tamil Nadu,125281,A+,Artist,Voter ID,QLB6458542,True,2026-02-14 13:35:28+05:30,2026-02-14 13:35:28+05:30
f7c209b3-3283-4f7f-a934-50177d280b64,Jonathan,Chada,Male,35,Divorcee,6124579072,"859
Krish Street",Jodhpur,Rajasthan,560926,O+,Accountant,PAN Card,JHLQT4000R,True,2026-02-09 06:49:02+05:30,2026-02-09 06:49:02+05:30
74e9b497-9939-4c65-98b0-e86c104118c4,Abeer,Sachdeva,Male,57,Divorcee,8847622579,"868
Kara Zila",Jodhpur,Rajasthan,450959,O+,Farmer,Aadhar,7292 2607 1076,True,2026-02-14 05:05:54+05:30,2026-02-14 05:05:54+05:30
edda706b-185f-4913-ae9c-1f7e6e1acde6,Udarsh,Muni,Transgender,58,Married,8178290606,"H.No. 608, Savant Street",New Delhi,Delhi,200260,AB-,Accountant,Aadhar,6451 7863 6842,True,2026-02-08 14:18:59+05:30,2026-02-08 14:18:59+05:30
69dc189d-03cc-432d-9ad6-1aca1869a9e5,Amruta,Chhabra,Female,21,Married,9741655287,"06/95, Koshy Ganj",Mysore,Karnataka,543997,AB+,Doctor,PAN Card,MCIWH4661F,True,2026-02-15 14:40:27+05:30,2026-02-15 14:40:27+05:30
7015792c-34d5-4c82-9394-74a9c25b2a5a,Vanya,Kant,Female,83,Unmarried,7659152200,"H.No. 90, Bhasin Zila",Kanpur,Uttar Pradesh,315619,O+,Student,Aadhar,3716 8103 5987,True,2026-02-10 17:01:54+05:30,2026-02-10 17:01:54+05:30
cb2b3396-b0d3-40a5-85cf-91b67e5e2577,Luke,Palla,Male,30,Unmarried,7866483092,"99/37, Natt Nagar",Pune,Maharashtra,244169,AB-,Engineer,PAN Card,TMAMF3244A,True,2026-02-03 21:16:32+05:30,2026-02-03 21:16:32+05:30
4bee6877-21cb-4050-aed2-29594b19ab65,Warinder,Hari,Transgender,50,Divorcee,8874747774,"13
Aggarwal Marg",Pune,Maharashtra,115715,AB-,Doctor,PAN Card,XFSWD3636Z,True,2026-02-11 15:23:32+05:30,2026-02-11 15:23:32+05:30
067e76a6-bd0c-42f0-902c-3b01523398a1,Bhavna,Mutti,Transgender,33,Divorcee,9361577986,"57
Anand Road",Mumbai,Maharashtra,707080,A-,Business,Voter ID,TSI0709068,True,2026-02-04 09:02:10+05:30,2026-02-04 09:02:10+05:30
2db55a47-3cfd-443a-a9a2-450a81d4f79f,Jairaj,Sankar,Male,81,Widow,8249583207,"809
Sandhu Road",Bangalore,Karnataka,625460,O+,Student,PAN Card,FYFJV1305U,True,2026-02-08 20:09:39+05:30,2026-02-08 20:09:39+05:30
b35d0441-210d-4ab4-8eab-80b4450ef7ec,Triveni,Kapur,Female,29,Divorcee,9037678381,"018, Murty Circle",Bangalore,Karnataka,353200,A-,Homemaker,PAN Card,ROWME8699Z,True,2026-02-01 07:59:25+05:30,2026-02-01 07:59:25+05:30
d07c77f8-be8f-43d4-9602-7a5599dd7e20,Vrinda,Iyer,Transgender,25,Widow,7129420747,"H.No. 857, Pathak Ganj",Chennai,Tamil Nadu,438679,B+,Farmer,Aadhar,9322 1067 6261,True,2026-02-10 18:34:21+05:30,2026-02-10 18:34:21+05:30
96fccd26-6083-42f0-9063-7638ce9fab0f,Chanakya,Narang,Male,51,Unmarried,8468712903,"H.No. 35
Ramanathan Marg",Mysore,Karnataka,795653,B+,Accountant,PAN Card,UDHOW1339Z,True,2026-02-09 20:39:09+05:30,2026-02-09 20:39:09+05:30
4eb6589c-5fd7-474e-9305-20e7e54a5cf6,Yashvi,Ghosh,Transgender,67,Unmarried,8354738770,"H.No. 63, Trivedi",Jodhpur,Rajasthan,609266,A-,Engineer,Voter ID,PMS7182867,True,2026-02-05 21:13:15+05:30,2026-02-05 21:13:15+05:30
7a447fde-9618-4be9-9d41-ce8803d76824,Yochana,Loyal,Female,49,Widow,6056082083,"58
Pal Road",Madurai,Tamil Nadu,307325,A-,Business,Voter ID,BJA2509671,True,2026-02-04 22:47:23+05:30,2026-02-04 22:47:23+05:30
37fdd704-52a1-4cf0-b84e-e4414f9b3766,Anusha,Wagle,Transgender,90,Married,8980492083,"62/511, Swaminathan Path",Kolkata,West Bengal,346303,A+,Student,PAN Card,GYNBN7879K,True,2026-02-09 01:14:34+05:30,2026-02-09 01:14:34+05:30
efcb8d5d-0072-4468-9018-b49e473a2179,Parth,Krishna,Transgender,53,Widow,7026581465,"H.No. 573
Tripathi Circle",Jodhpur,Rajasthan,887545,B-,Student,Aadhar,1292 2017 2156,True,2026-02-08 19:54:19+05:30,2026-02-08 19:54:19+05:30
5a831497-0f82-4b77-803d-352f3c7f6efb,Jalsa,Menon,Female,58,Widow,8720157963,"67
Kalita Circle",Dwarka,Delhi,326395,AB-,Engineer,PAN Card,ZHSYB9889C,True,2026-02-07 09:08:34+05:30,2026-02-07 09:08:34+05:30
01e6fa2b-5062-4f34-8f36-52e0baad5497,Peter,Ramakrishnan,Transgender,30,Widow,7422475885,"34/74
Sawhney Road",Jaipur,Rajasthan,451497,O-,Farmer,Voter ID,DGB9383360,True,2026-02-14 15:08:04+05:30,2026-02-14 15:08:04+05:30
5df3d6c5-e457-4288-9d1b-13e44cc9a393,Deepa,Lal,Transgender,22,Widow,8100890645,"H.No. 145
Khatri Marg",Ahmedabad,Gujarat,476188,B-,Artist,Aadhar,9033 5580 3919,True,2026-02-14 00:26:28+05:30,2026-02-14 00:26:28+05:30
33445a8b-0736-4cbf-bdfd-61ffcf503f81,Alexander,Sabharwal,Male,43,Divorcee,9158643265,"13, Dave Street",Kolkata,West Bengal,936503,O+,Homemaker,PAN Card,GESBQ3662X,True,2026-02-11 11:09:46+05:30,2026-02-11 11:09:46+05:30
bbc294a5-4f17-47ae-88d2-65a9fc62bb56,Gaurang,Bora,Transgender,77,Married,9063719895,"H.No. 912, Natarajan Street",Mysore,Karnataka,520845,O-,Student,Aadhar,6306 9810 4698,True,2026-02-05 08:27:54+05:30,2026-02-05 08:27:54+05:30
a221d0cf-cef3-4fc6-a61c-3cecf3383048,Yatan,Nayak,Male,81,Married,8724816916,"H.No. 222
Pandya Road",Mumbai,Maharashtra,519798,B-,Student,Aadhar,5794 9502 4444,True,2026-02-16 20:39:47+05:30,2026-02-16 20:39:47+05:30
b0b3684b-66f0-440a-a4b6-477d6f373333,Gayathri,Mall,Transgender,77,Unmarried,9985507447,"245, Chhabra Circle",Howrah,West Bengal,594581,A+,Engineer,PAN Card,DIQLS2455X,True,2026-02-02 17:27:47+05:30,2026-02-02 17:27:47+05:30
b228b3a9-f4da-444e-9097-03b527409eff,Tarak,Basak,Male,85,Divorcee,6837493363,"32, Jayaraman",Hubli,Karnataka,684001,AB+,Lawyer,PAN Card,IWEHC1108W,True,2026-02-14 06:11:26+05:30,2026-02-14 06:11:26+05:30
870ab3e4-a518-4d54-a750-8e8714227dcb,Ayush,Parsa,Transgender,19,Married,8275236447,"74/81, Sura Road",Lucknow,Uttar Pradesh,357191,A+,Doctor,Voter ID,JRT8337513,True,2026-02-11 14:17:11+05:30,2026-02-11 14:17:11+05:30
7c7c0a7d-8aee-477f-9a02-1689aadc14ae,Ojas,Vora,Male,64,Divorcee,7242143186,"05
Mohanty Path",New Delhi,Delhi,330957,A-,Accountant,Voter ID,HIB3656228,True,2026-02-09 06:42:56+05:30,2026-02-09 06:42:56+05:30
b750576c-cf5b-4052-9804-c721f78e5712,Karan,Narang,Male,90,Married,8575910764,"H.No. 07, Madan Road",Bangalore,Karnataka,778438,A+,Student,PAN Card,JXDNU6713O,True,2026-02-02 05:20:35+05:30,2026-02-02 05:20:35+05:30
63e4a7cb-39ca-42e0-8d5c-9f86d9d147cf,Samar,Parekh,Transgender,73,Widow,9226293003,"H.No. 53, Nanda Road",Nagpur,Maharashtra,562177,O+,Lawyer,Voter ID,CJG0122169,True,2026-02-13 07:49:33+05:30,2026-02-13 07:49:33+05:30
fd06043e-0b7b-484f-b1ed-96c4db01cc2b,Dakshesh,Sachdev,Male,56,Married,6507672215,"H.No. 27, Johal Chowk",Nagpur,Maharashtra,212835,A-,Homemaker,Aadhar,8800 9420 4505,True,2026-02-08 15:52:08+05:30,2026-02-08 15:52:08+05:30
22875478-f040-481c-a164-c54aac2fc3cf,Kamala,Nagi,Transgender,56,Divorcee,9466022582,"19/16, Pradhan Circle",Kanpur,Uttar Pradesh,615182,O-,Lawyer,Aadhar,7468 4061 7692,True,2026-02-07 05:13:31+05:30,2026-02-07 05:13:31+05:30
99825cb5-2918-4157-912d-835637cba37b,Ikbal,Rama,Male,41,Unmarried,7414569285,"34/818
Ramachandran Ganj",Lucknow,Uttar Pradesh,707691,A-,Student,Voter ID,OOQ3766978,True,2026-02-16 22:15:48+05:30,2026-02-16 22:15:48+05:30
35b0e7ca-4321-4682-aacf-fecbb64900c4,Pallavi,Pall,Female,69,Divorcee,7779372811,"70
Raghavan Ganj",Dwarka,Delhi,843599,A-,Engineer,PAN Card,ETMOR4729L,True,2026-02-11 18:34:42+05:30,2026-02-11 18:34:42+05:30
e4c1c1b9-bcfc-44d8-b233-96e386fdcb4d,Utkarsh,Cherian,Transgender,83,Divorcee,8319015030,"41/346
Kade Path",Siliguri,West Bengal,806131,O-,Student,Aadhar,2018 6171 9330,True,2026-02-04 06:20:01+05:30,2026-02-04 06:20:01+05:30
a674ec21-4bd5-4f84-b6f8-aaf3cf32f786,William,Loyal,Male,62,Married,6767285057,"H.No. 227, D’Alia Chowk",Bangalore,Karnataka,417709,AB+,Doctor,Aadhar,9534 9992 2582,True,2026-02-15 04:50:08+05:30,2026-02-15 04:50:08+05:30
043b21cc-5552-4976-bbb5-bb11957b6602,Yashawini,Deshmukh,Female,70,Widow,6649936802,"H.No. 33, Shah Chowk",Bangalore,Karnataka,131828,AB+,Accountant,Voter ID,CIO0074210,True,2026-02-12 17:48:35+05:30,2026-02-12 17:48:35+05:30
a8e53872-1eb0-44ff-8690-2e303c709716,Chaman,Pillai,Transgender,50,Divorcee,7045011327,"H.No. 523, Halder Street",Vadodara,Gujarat,649492,O-,Business,PAN Card,CYTAC0459K,True,2026-02-13 15:20:00+05:30,2026-02-13 15:20:00+05:30
3e255245-5850-47ba-9037-5008d3b1fbbe,Nihal,Majumdar,Male,56,Divorcee,7800545288,"75/327
Lata Road",Jaipur,Rajasthan,304875,O+,Business,PAN Card,WCTBD6869Z,True,2026-02-05 05:16:09+05:30,2026-02-05 05:16:09+05:30
012e896c-1d4e-41ea-9f63-f6bd716ee763,Banjeet,Ahluwalia,Transgender,80,Married,8211026742,"47, Rajagopalan Ganj",Bangalore,Karnataka,705708,O+,Engineer,Voter ID,KWC3863906,True,2026-02-10 16:34:06+05:30,2026-02-10 16:34:06+05:30
e9fcbe0d-208f-4842-9493-82193d092557,Avni,Narasimhan,Female,20,Unmarried,9267871660,"H.No. 39, Prashad",Mumbai,Maharashtra,652058,O-,Student,PAN Card,HMXOW9629D,True,2026-02-01 05:37:08+05:30,2026-02-01 05:37:08+05:30
e811e6a1-f85f-4414-aa98-f19062c4c067,Sanaya,Suresh,Female,39,Unmarried,7604344516,"482
Bera Street",Dwarka,Delhi,973947,A+,Doctor,Aadhar,1913 1267 1287,True,2026-02-07 11:35:35+05:30,2026-02-07 11:35:35+05:30
e7965b0a-8bde-4295-bb8c-a0a674880dff,Dev,Barman,Male,66,Divorcee,6374689359,"12/56
Nath Nagar",Surat,Gujarat,913342,O-,Doctor,Voter ID,VGR8242783,True,2026-02-11 10:43:32+05:30,2026-02-11 10:43:32+05:30
5e50511f-e8a7-4e35-beb6-9d568021402a,Omya,Sinha,Transgender,41,Divorcee,6215371156,"592, Naik Zila",Pune,Maharashtra,945754,AB-,Homemaker,PAN Card,LASYQ4341S,True,2026-02-13 09:34:58+05:30,2026-02-13 09:34:58+05:30
ac89f1e9-8cad-498a-858b-5bea8b34f6be,Widisha,Mohan,Transgender,51,Unmarried,7776255569,"H.No. 659, Kumer Marg",Pune,Maharashtra,285644,B+,Farmer,Aadhar,7133 6949 4282,True,2026-02-12 10:29:22+05:30,2026-02-12 10:29:22+05:30
2ab8d5f2-1173-4269-8c03-779bfc9f085d,Wridesh,Tank,Male,67,Married,6321184727,"36, Bora Marg",Ahmedabad,Gujarat,745287,A-,Lawyer,Voter ID,IWZ1045297,True,2026-02-10 20:42:55+05:30,2026-02-10 20:42:55+05:30
f2abef5f-b66e-4a59-9757-3e19e7ac2912,Kamala,Gopal,Female,40,Married,6014604987,"41, Ganguly Zila",Surat,Gujarat,983854,A-,Farmer,Aadhar,5901 6376 9489,True,2026-02-08 12:59:41+05:30,2026-02-08 12:59:41+05:30
8ca133ae-eac8-4524-9118-397deed2f449,Christopher,Ray,Male,55,Divorcee,7893832299,"388
Wable Marg",Lucknow,Uttar Pradesh,662514,A-,Homemaker,Voter ID,SGJ7003790,True,2026-02-04 05:44:44+05:30,2026-02-04 05:44:44+05:30
bbd6a41e-f4f5-4ad6-a366-02d65402b7f0,Kai,Sagar,Male,88,Widow,9247716229,"H.No. 327, Din Street",Jaipur,Rajasthan,193407,B+,Artist,Aadhar,7765 2327 7726,True,2026-02-06 02:29:12+05:30,2026-02-06 02:29:12+05:30
6e451e8d-e874-472a-a68d-a39914bf5e4e,Udarsh,Kala,Male,30,Widow,8905769379,"98/861, Malhotra Circle",New Delhi,Delhi,413725,O+,Homemaker,Aadhar,1566 7257 5527,True,2026-02-01 12:47:02+05:30,2026-02-01 12:47:02+05:30
6e0d7220-47b4-4b76-80b5-3b1406737515,Ati,Mukhopadhyay,Transgender,76,Unmarried,9991305425,"616, Balasubramanian",Howrah,West Bengal,552247,A+,Engineer,PAN Card,VQFKE8001C,True,2026-02-14 22:39:37+05:30,2026-02-14 22:39:37+05:30
b99a19ec-2849-4899-afc8-8acd64eb3b64,Pranit,Kothari,Transgender,88,Married,8376091270,"H.No. 55
Dasgupta Street",Mumbai,Maharashtra,646533,B-,Engineer,Voter ID,BLN2190495,True,2026-02-09 20:08:05+05:30,2026-02-09 20:08:05+05:30
8dfee9e5-c2b1-4c41-91f9-f5811df803ac,Gautami,Cherian,Female,37,Married,8811612331,"63, Yohannan Road",Lucknow,Uttar Pradesh,444547,AB+,Student,PAN Card,XGAQG7426H,True,2026-02-09 15:04:30+05:30,2026-02-09 15:04:30+05:30
75805608-465a-45bb-b53c-31d8cdc2a849,Riya,Chacko,Transgender,20,Unmarried,8600547289,"01/31
Bir Chowk",Madurai,Tamil Nadu,521425,A+,Student,PAN Card,JVURY5428Z,True,2026-02-13 18:38:27+05:30,2026-02-13 18:38:27+05:30
f6a319d2-d298-4717-ac29-49aece44d0d0,Christopher,Kalita,Transgender,78,Widow,7497323649,"04/609, Sundaram Zila",Kanpur,Uttar Pradesh,849880,AB+,Lawyer,Voter ID,RPW9287277,True,2026-02-06 04:00:33+05:30,2026-02-06 04:00:33+05:30
33e6bc55-df40-4809-808c-23053940910b,Jackson,Hans,Male,68,Unmarried,7643605107,"H.No. 450
Yogi Circle",Rohini,Delhi,796731,A+,Student,Aadhar,7868 1991 5628,True,2026-02-10 10:19:59+05:30,2026-02-10 10:19:59+05:30
549a280c-88b5-4c8b-a5b2-a82ed89333e4,Samar,Sami,Transgender,52,Married,6201387694,"86/01, Nagy Nagar",Howrah,West Bengal,121352,B-,Teacher,Aadhar,7600 8306 6225,True,2026-02-15 23:28:34+05:30,2026-02-15 23:28:34+05:30
0dd32030-25bd-488a-9f1a-533093606a3e,Veda,Atwal,Female,70,Unmarried,6056532788,"864, Chaudhari Path",Jodhpur,Rajasthan,366767,B-,Accountant,PAN Card,XXAKY0945A,True,2026-02-11 19:00:43+05:30,2026-02-11 19:00:43+05:30
0940c8a1-d6a3-4413-97e5-2842a051cc6b,Hemani,Arora,Female,43,Unmarried,9010242122,"H.No. 820, Madan Street",Rohini,Delhi,794832,A-,Student,Aadhar,8426 3195 6933,True,2026-02-06 14:47:48+05:30,2026-02-06 14:47:48+05:30
4fff542f-5ca5-4c1f-bb0a-5d921d748a88,Ria,Khare,Transgender,44,Unmarried,8563456347,"58/22
Das Street",Siliguri,West Bengal,385043,O+,Teacher,PAN Card,JTGHA2548Y,True,2026-02-08 21:42:23+05:30,2026-02-08 21:42:23+05:30
920bec3f-ed68-4f57-9273-437e8bd05188,Widisha,Shukla,Female,45,Unmarried,7169622856,"83/464, Date Path",Mumbai,Maharashtra,252295,O-,Homemaker,PAN Card,XWRYL9382M,True,2026-02-10 06:17:33+05:30,2026-02-10 06:17:33+05:30
9c2ec9fa-8ac3-49fc-819c-f121d96a5668,Aachal,Dutta,Female,42,Divorcee,6605853614,"242, Khatri Ganj",Bangalore,Karnataka,230976,AB+,Business,PAN Card,LGPAA6744X,True,2026-02-01 03:17:27+05:30,2026-02-01 03:17:27+05:30
125ff4d0-2484-40d5-be3f-60c09404ac59,Dayamai,Narasimhan,Female,22,Married,9192456120,"H.No. 60, Din Chowk",Udaipur,Rajasthan,468281,AB-,Lawyer,Voter ID,BLE7577404,True,2026-02-07 14:23:49+05:30,2026-02-07 14:23:49+05:30
151c7d7d-a922-47e5-a613-9b8bdc5daee6,Omaja,Sant,Female,78,Divorcee,9416383502,"43, Pau Chowk",Vadodara,Gujarat,114154,A+,Artist,Voter ID,IHP1759865,True,2026-02-01 23:45:26+05:30,2026-02-01 23:45:26+05:30
c2d084c9-5a67-4582-86cf-aa47313d359a,Daniel,Bandi,Male,56,Divorcee,8230986629,"H.No. 75, Krish Circle",Pune,Maharashtra,704148,A-,Business,Voter ID,MON9622709,True,2026-02-14 20:43:15+05:30,2026-02-14 20:43:15+05:30
64879937-d401-46c0-81bd-c0a5d5d68b2e,Henry,Mohan,Male,37,Widow,9165778819,"H.No. 95
Kohli Nagar",Varanasi,Uttar Pradesh,634341,AB+,Homemaker,PAN Card,YLUBX7693Y,True,2026-02-09 09:21:56+05:30,2026-02-09 09:21:56+05:30
8b6caeb9-7a48-4810-8703-f022b86b7cc5,Andrew,Yogi,Male,34,Widow,9332515348,"70, Devi Nagar",Siliguri,West Bengal,227422,O-,Engineer,Aadhar,3066 1479 9247,True,2026-02-07 05:33:33+05:30,2026-02-07 05:33:33+05:30
112d7816-afc2-4f73-90f0-77e7543d7963,Bhavya,Mukhopadhyay,Female,72,Unmarried,8328130885,"96/151, Dube Path",Nagpur,Maharashtra,378735,AB+,Engineer,Aadhar,9517 8695 7305,True,2026-02-07 20:12:56+05:30,2026-02-07 20:12:56+05:30
25d25cb8-dfe4-4bd4-93a8-7744591f18e4,Jai,Bhardwaj,Male,32,Unmarried,8834771922,"04/61
Balan Nagar",New Delhi,Delhi,977014,O-,Homemaker,Aadhar,2519 3290 2142,True,2026-02-03 17:10:54+05:30,2026-02-03 17:10:54+05:30
682558c5-95fb-462b-afcb-d3460a80dc42,Raghav,Doshi,Male,24,Widow,9595578507,"H.No. 76
Seshadri Chowk",Siliguri,West Bengal,854273,O+,Accountant,Aadhar,7590 3346 4051,True,2026-02-12 04:37:29+05:30,2026-02-12 04:37:29+05:30
ac05ca06-6901-47a1-ab88-22f7d9243ab8,Niharika,Walla,Transgender,34,Widow,6266091313,"08/415
Andra Chowk",New Delhi,Delhi,317704,O+,Doctor,Aadhar,7514 5309 8906,True,2026-02-09 08:37:50+05:30,2026-02-09 08:37:50+05:30
c12d08b6-fba5-485f-9f6f-e03c88603dac,Yashodhara,Krishnamurthy,Female,72,Widow,7639463153,"64/55
Korpal Path",Pune,Maharashtra,343006,O-,Accountant,Aadhar,6505 9936 1024,True,2026-02-10 08:54:16+05:30,2026-02-10 08:54:16+05:30
28dab127-96cd-479d-a4c0-7484a8478f98,Vedant,Ganguly,Male,82,Unmarried,6506270988,"83/687, Natt Ganj",Varanasi,Uttar Pradesh,756926,A-,Lawyer,Voter ID,TJP1222257,True,2026-02-11 06:35:19+05:30,2026-02-11 06:35:19+05:30
3300dfc5-0938-4738-a871-8686a672ebf4,Yashasvi,Bal,Female,27,Married,6365899727,"504, Reddy Marg",Udaipur,Rajasthan,535986,A-,Farmer,PAN Card,VXJHP3478Z,True,2026-02-16 19:15:14+05:30,2026-02-16 19:15:14+05:30
a7773d9a-b4ef-485e-927a-1d91b562ccba,Januja,Saini,Female,44,Divorcee,9409976941,"H.No. 326, Mani Marg",Bangalore,Karnataka,396925,AB-,Lawyer,PAN Card,VZSOL9503D,True,2026-02-12 16:21:02+05:30,2026-02-12 16:21:02+05:30
80ecb2d0-5592-4094-83ee-e5bea59f2c91,Lakshmi,Mandal,Transgender,50,Unmarried,9232515274,"H.No. 344, Kumer Chowk",Vadodara,Gujarat,634186,O+,Doctor,PAN Card,GGFGU4211D,True,2026-02-04 05:36:35+05:30,2026-02-04 05:36:35+05:30
724b64fd-df6c-4267-ae51-e80aa307ff06,Rudra,Prabhakar,Male,51,Widow,6584670138,"252, Thakur Ganj",Coimbatore,Tamil Nadu,702803,B+,Accountant,Voter ID,CVL4966652,True,2026-02-13 11:22:01+05:30,2026-02-13 11:22:01+05:30
ba66d535-f421-4acb-8fc6-7b3ae75cc640,Balhaar,Lad,Male,30,Divorcee,9452335553,"H.No. 542, Mallick",Nagpur,Maharashtra,384247,A-,Student,Voter ID,MVT7536562,True,2026-02-10 00:08:43+05:30,2026-02-10 00:08:43+05:30
727f7403-4b82-49a6-8f77-10d13da06c8f,Aradhana,Garg,Transgender,42,Divorcee,6506003314,"64/33, Venkataraman Nagar",Nagpur,Maharashtra,630918,B+,Homemaker,PAN Card,WCTLU0448V,True,2026-02-03 21:14:58+05:30,2026-02-03 21:14:58+05:30
de1d53f8-e32a-4b4f-b241-f42bb418da0d,Rehaan,Rattan,Transgender,44,Married,7928256586,"496
Verma Ganj",Chennai,Tamil Nadu,696228,AB+,Engineer,Voter ID,WCW1213366,True,2026-02-04 15:06:00+05:30,2026-02-04 15:06:00+05:30
ef1eae17-45ec-4c71-aa63-ea4d12d2217c,Darsh,Nanda,Transgender,56,Married,9985167281,"020, Chaudhuri Road",Vadodara,Gujarat,573196,A-,Doctor,Voter ID,MVR5948535,True,2026-02-08 03:14:51+05:30,2026-02-08 03:14:51+05:30
908002d8-0428-42c7-9c65-99902bf7cb77,Ekta,Goswami,Female,36,Married,6486673793,"H.No. 732
Kalla Circle",Nagpur,Maharashtra,950276,B-,Farmer,Aadhar,3646 8021 2038,True,2026-02-13 23:44:09+05:30,2026-02-13 23:44:09+05:30
e08a2062-6978-41f9-abf2-b7380a899172,Bhavya,Reddy,Female,24,Married,8242850098,"H.No. 56, Chakraborty Road",Nagpur,Maharashtra,483916,O-,Lawyer,Aadhar,3668 1766 5335,True,2026-02-01 00:16:39+05:30,2026-02-01 00:16:39+05:30
9acfbece-617e-4581-99e1-ae14227e243a,Oeshi,Pandit,Female,24,Widow,8907380994,"308
Subramanian Road",Siliguri,West Bengal,536150,AB+,Engineer,Voter ID,VPA9450924,True,2026-02-16 23:04:20+05:30,2026-02-16 23:04:20+05:30
cdd8d7e2-0427-48a7-a1f1-8ab668ae16f6,Xalak,Bhatnagar,Female,69,Widow,9546812780,"26
Sridhar Circle",New Delhi,Delhi,483101,O+,Accountant,Aadhar,4860 4664 7409,True,2026-02-14 13:35:25+05:30,2026-02-14 13:35:25+05:30
958c7869-1c58-4964-a22d-58cd1690b97d,Gautam,Palan,Male,81,Widow,9937875171,"H.No. 78
Sathe Road",Ahmedabad,Gujarat,954100,B+,Business,PAN Card,AZZZH2783T,True,2026-02-14 22:31:08+05:30,2026-02-14 22:31:08+05:30
33b72ea7-093c-4d53-9040-28cca34ef2e6,Saumya,Swamy,Female,89,Widow,8361750702,"02, Kumer Nagar",Jaipur,Rajasthan,958518,A-,Homemaker,Voter ID,TFO5263252,True,2026-02-05 20:21:05+05:30,2026-02-05 20:21:05+05:30
3cd570ef-1574-42b8-9344-7f6d0b4dd2af,Hiral,Kale,Female,47,Married,9501073585,"47/155, Lall Road",Kolkata,West Bengal,999387,O+,Student,PAN Card,KXJNC8523T,True,2026-02-02 23:24:27+05:30,2026-02-02 23:24:27+05:30
30ec7660-20f9-43b0-b9ce-433a7e206402,Caleb,Kapoor,Transgender,61,Unmarried,8524109673,"91/534, Banerjee Street",Surat,Gujarat,731669,AB-,Lawyer,Aadhar,9077 9926 1474,True,2026-02-08 20:47:35+05:30,2026-02-08 20:47:35+05:30
57605a58-85f9-44f5-831d-b80c3cf0bcef,Kritika,Grewal,Female,89,Widow,7329564705,"46
Patla Road",Madurai,Tamil Nadu,566189,AB+,Engineer,PAN Card,DKNJO8180K,True,2026-02-02 10:14:48+05:30,2026-02-02 10:14:48+05:30
6834124e-3a1c-404b-8171-3cff6faf5d99,Peter,Date,Transgender,73,Divorcee,6301652743,"41/22, Dey Zila",Siliguri,West Bengal,639240,B-,Homemaker,Voter ID,GPK9194018,True,2026-02-13 05:54:16+05:30,2026-02-13 05:54:16+05:30
7510b1b5-6786-42e1-b210-38132b964ce7,Jai,Issac,Transgender,30,Unmarried,8581850062,"H.No. 225, Chana",Kanpur,Uttar Pradesh,539011,O-,Teacher,PAN Card,TRQPX2427F,True,2026-02-01 00:42:26+05:30,2026-02-01 00:42:26+05:30
95c4b734-2792-494a-8e1a-4a3b31f85d3f,Watika,Andra,Female,37,Unmarried,8396556447,"H.No. 632
Sandhu Nagar",Udaipur,Rajasthan,473243,A+,Doctor,Aadhar,9847 8620 9591,True,2026-02-09 06:28:13+05:30,2026-02-09 06:28:13+05:30
adae6ff6-5d8f-452d-a506-4ca6621442b9,Ekbal,Minhas,Male,29,Married,7202557794,"65/02, Balasubramanian Ganj",Hubli,Karnataka,502057,B-,Teacher,Aadhar,5401 3165 6295,True,2026-02-04 04:49:13+05:30,2026-02-04 04:49:13+05:30
61fd9900-5c95-4d40-b6a3-4edc589f69b1,Saanvi,Yogi,Transgender,18,Divorcee,8823957947,"294, Sule Zila",Varanasi,Uttar Pradesh,958947,A+,Lawyer,Aadhar,5355 1072 2135,True,2026-02-14 04:31:45+05:30,2026-02-14 04:31:45+05:30
395d788c-e3ad-4a8f-99b2-d11db556add2,Maya,Bumb,Transgender,50,Widow,9768046664,"51
Saxena Nagar",Jodhpur,Rajasthan,186828,A-,Doctor,Aadhar,6238 6086 3126,True,2026-02-02 18:41:05+05:30,2026-02-02 18:41:05+05:30
55fababc-359f-45e3-86bf-b3ff4d60b177,Unni,Sane,Transgender,62,Unmarried,9678964869,"423
Karnik Zila",Hubli,Karnataka,695811,B-,Homemaker,Aadhar,6704 8055 8859,True,2026-02-14 13:18:29+05:30,2026-02-14 13:18:29+05:30
f9f0d2c3-d6a4-4f09-8420-2cdb06eaa00e,Vedhika,Mohan,Female,68,Widow,9095057488,"57
Narain Street",Howrah,West Bengal,474573,A+,Lawyer,PAN Card,BZNTK3331Z,True,2026-02-08 14:00:10+05:30,2026-02-08 14:00:10+05:30
ad64577d-4c75-4d59-9e86-9c8885c0b518,Aishani,Nath,Transgender,68,Divorcee,9985897507,"H.No. 651
Chanda Street",Madurai,Tamil Nadu,181465,O-,Accountant,Aadhar,6343 8566 7577,True,2026-02-04 10:55:31+05:30,2026-02-04 10:55:31+05:30
b9423002-c1e3-4230-bcfd-ce6eb6d67d1d,Amaira,Dara,Female,30,Widow,8506061063,"16/41, Jani Marg",Udaipur,Rajasthan,477413,AB+,Teacher,PAN Card,RMVRJ9670A,True,2026-02-11 23:42:20+05:30,2026-02-11 23:42:20+05:30
a6cb1b84-e2fa-4395-9155-3950c18d3d39,Lohit,Kant,Transgender,33,Unmarried,7844762111,"71/886
Devi Street",Surat,Gujarat,308198,O+,Accountant,Voter ID,KIX9491364,True,2026-02-09 03:57:10+05:30,2026-02-09 03:57:10+05:30
a6859c48-7fe2-4c33-9341-4347a6602840,Aishani,Deshmukh,Female,61,Widow,7470533504,"H.No. 00
Jhaveri Nagar",Lucknow,Uttar Pradesh,170052,O-,Engineer,Voter ID,LBJ0224763,True,2026-02-06 20:01:35+05:30,2026-02-06 20:01:35+05:30
98d74f63-379d-400f-9dee-205154e145ea,Maanav,Bhagat,Transgender,57,Widow,6674078222,"H.No. 22, Toor Marg",Udaipur,Rajasthan,260510,O-,Accountant,Voter ID,MJY7206462,True,2026-02-16 16:01:00+05:30,2026-02-16 16:01:00+05:30
dcd25b39-a3d0-42c8-a8f3-4570017196bb,Michael,Kanda,Male,55,Divorcee,9022744175,"94/212, Peri Nagar",Howrah,West Bengal,709567,B-,Lawyer,PAN Card,EUWFK2963U,True,2026-02-16 16:18:44+05:30,2026-02-16 16:18:44+05:30
6efb614f-3060-4638-934e-4a6b9c75fcc6,Yash,Chaudhuri,Male,78,Widow,9462678280,"452, D’Alia Chowk",Chennai,Tamil Nadu,837574,O-,Lawyer,Aadhar,1571 6820 1045,True,2026-02-14 11:38:57+05:30,2026-02-14 11:38:57+05:30
b0c3faf2-dd60-4966-8e2c-651ba1a2a46c,Jagrati,Murty,Female,86,Widow,6487901564,"69
Bahl Ganj",Jaipur,Rajasthan,341897,A-,Student,Aadhar,7129 1960 9186,True,2026-02-10 16:05:12+05:30,2026-02-10 16:05:12+05:30
77a329b2-f094-4e14-89c3-16587c09cdf9,Ikshita,Borra,Female,72,Divorcee,6776073816,"72/754
Pandey Zila",Lucknow,Uttar Pradesh,274092,O-,Student,Voter ID,PRW4542415,True,2026-02-05 21:17:49+05:30,2026-02-05 21:17:49+05:30
c439958d-a5fe-4282-8d3f-51a08b414351,Yadavi,Narayan,Female,62,Unmarried,6872850418,"224
Kalla Street",New Delhi,Delhi,545756,O-,Doctor,Voter ID,VWL6225465,True,2026-02-14 09:06:39+05:30,2026-02-14 09:06:39+05:30
379f9938-6654-49f8-ba88-1e302ba2bb51,Vansha,Sha,Female,78,Widow,8472808883,"H.No. 001
Lall Path",Nagpur,Maharashtra,621945,B-,Business,Voter ID,GQD4858538,True,2026-02-04 18:43:42+05:30,2026-02-04 18:43:42+05:30
4f632012-61aa-47b2-bb00-9a280fcad426,Hema,Grewal,Female,76,Married,9962967874,"H.No. 62
Roy Path",Mumbai,Maharashtra,162556,O+,Engineer,PAN Card,PNKXI0904N,True,2026-02-13 15:58:32+05:30,2026-02-13 15:58:32+05:30
502f6b34-05b6-40b5-ba32-e57f3434e205,Aarush,Chandra,Transgender,42,Widow,6180251872,"49/11, Solanki Chowk",Lucknow,Uttar Pradesh,664954,O-,Accountant,PAN Card,ZSNQN9371N,True,2026-02-09 04:21:10+05:30,2026-02-09 04:21:10+05:30
7de08f79-31af-4a6d-ba9e-892d7b2fdfd9,Amaira,Chander,Female,72,Married,8066365618,"868, Amble Path",Mysore,Karnataka,537096,B+,Business,PAN Card,FUYJC9574D,True,2026-02-05 20:42:55+05:30,2026-02-05 20:42:55+05:30
ac6bff3e-a618-409c-ba22-c9831ad6fdba,Chavvi,Basu,Transgender,59,Widow,8361940566,"91
Varkey Marg",Mysore,Karnataka,535944,O-,Student,Aadhar,5861 2667 9524,True,2026-02-13 18:48:37+05:30,2026-02-13 18:48:37+05:30
892dc072-cb86-472b-b17d-00c9544242e5,Liam,Dash,Male,85,Married,6799559738,"28/182, Parekh Path",Jaipur,Rajasthan,594163,AB+,Engineer,Voter ID,PCV5401819,True,2026-02-03 02:42:44+05:30,2026-02-03 02:42:44+05:30
d566004d-4373-4320-b938-5eb0eb79ab36,Chaitaly,Basak,Transgender,72,Married,8121872423,"21, Nagi Chowk",Rohini,Delhi,344266,B-,Lawyer,Voter ID,ZTI8044783,True,2026-02-02 13:30:18+05:30,2026-02-02 13:30:18+05:30
d0e2a065-f499-4f4f-84c5-3fb5c341bc2f,Ekta,Mittal,Female,87,Widow,7238863823,"53
Mand Zila",Kolkata,West Bengal,462686,B+,Lawyer,Voter ID,CAJ8744135,True,2026-02-13 09:44:21+05:30,2026-02-13 09:44:21+05:30
9a22ed7a-65fb-44b7-a6f7-d9060ab7c4ba,Kai,Kota,Transgender,61,Widow,9768242921,"11
Gade",Ahmedabad,Gujarat,718400,O+,Teacher,PAN Card,TWXKD0067U,True,2026-02-14 07:56:53+05:30,2026-02-14 07:56:53+05:30
6ab4d33a-d984-4dac-bb07-ea6b3721c7e4,Umang,Tata,Male,70,Widow,6145534831,"91
Tiwari Marg",New Delhi,Delhi,773438,O+,Student,Aadhar,3749 5085 5936,True,2026-02-08 16:53:54+05:30,2026-02-08 16:53:54+05:30
359534b2-1fc6-4a2a-94b5-beb948c3a82f,Diya,Varughese,Female,52,Widow,7260356852,"H.No. 92, Kunda Path",Siliguri,West Bengal,804033,A+,Lawyer,PAN Card,IVVBY7428D,True,2026-02-11 11:35:30+05:30,2026-02-11 11:35:30+05:30
83c200fa-bfcc-445f-a11f-bc844f166599,Irya,Luthra,Female,84,Divorcee,7880651762,"11/27
Jani Ganj",Jodhpur,Rajasthan,843665,B-,Teacher,Aadhar,1920 3854 6519,True,2026-02-13 15:44:08+05:30,2026-02-13 15:44:08+05:30
a3fcf7df-4455-47aa-853a-c6928a7e3842,Jeremiah,Raghavan,Male,20,Widow,6395458006,"22/111
Arya Ganj",Jodhpur,Rajasthan,632343,B+,Lawyer,Aadhar,1464 1461 1533,True,2026-02-06 14:32:11+05:30,2026-02-06 14:32:11+05:30
162d6d74-2e9f-4858-8a5d-c83cc8adc736,Aarush,Mittal,Male,79,Unmarried,6504531424,"94/563
Chada Circle",Kolkata,West Bengal,725179,AB+,Farmer,PAN Card,ABMVP7834I,True,2026-02-15 08:17:59+05:30,2026-02-15 08:17:59+05:30
8c62dcdb-f264-42b9-a8ff-a0ca1bb403c3,Fariq,Hegde,Transgender,30,Divorcee,7476164189,"H.No. 67
Pillai Circle",Jodhpur,Rajasthan,307011,AB-,Business,Aadhar,1461 5712 8157,True,2026-02-15 07:20:54+05:30,2026-02-15 07:20:54+05:30
58c052eb-014d-468a-98ce-2e8ea2cafe6d,Veda,Sibal,Transgender,31,Divorcee,9498384663,"21/32, Shankar Zila",Coimbatore,Tamil Nadu,886592,A+,Student,PAN Card,WAMLD0405S,True,2026-02-06 23:49:10+05:30,2026-02-06 23:49:10+05:30
fc3a6532-dc7b-4f18-a7a4-f63ab67da4b8,Jyoti,Sama,Female,30,Widow,9326451648,"95/891, Pillay Road",Howrah,West Bengal,120068,AB-,Lawyer,PAN Card,ZAWVS4914S,True,2026-02-07 20:48:11+05:30,2026-02-07 20:48:11+05:30
43d0af17-cc07-49b9-86d8-6a5b19a82fde,Gopal,Morar,Male,79,Unmarried,9288158201,"13/545, Chandran Nagar",Vadodara,Gujarat,355026,B-,Accountant,Voter ID,LES2357103,True,2026-02-16 08:34:29+05:30,2026-02-16 08:34:29+05:30
dcc1ccdb-dc71-43e5-a312-587efa2e6120,Viraj,Majumdar,Male,67,Divorcee,7385561973,"H.No. 728, Wadhwa Zila",Varanasi,Uttar Pradesh,936026,AB-,Doctor,Voter ID,TGJ6413812,True,2026-02-01 07:42:16+05:30,2026-02-01 07:42:16+05:30
ae6b3a3e-d3d5-40f0-8b08-f83c8e0a9b43,Geetika,Palan,Transgender,58,Widow,9639585145,"H.No. 654
Shetty Circle",Jaipur,Rajasthan,872086,B+,Lawyer,Voter ID,QCF0921405,True,2026-02-14 01:59:44+05:30,2026-02-14 01:59:44+05:30
c8f12f54-db1a-4da1-a72b-87a2bdbdfc27,Pratyush,Nigam,Male,35,Widow,7589414534,"12
Tara Marg",Nagpur,Maharashtra,718108,A-,Doctor,Voter ID,HVF5143142,True,2026-02-14 05:48:41+05:30,2026-02-14 05:48:41+05:30
5a28e557-76b6-415a-94e4-ef98075389e6,Mahika,Oza,Transgender,55,Divorcee,6617706653,"03, Suresh Street",Hubli,Karnataka,665222,AB-,Farmer,Aadhar,8906 2478 9154,True,2026-02-06 08:11:46+05:30,2026-02-06 08:11:46+05:30
b09747fb-e67d-428d-860c-ac29b74f19ed,Ekavir,Jaggi,Male,76,Married,6793078195,"H.No. 457
Sane Circle",New Delhi,Delhi,279491,AB-,Doctor,Aadhar,9191 2344 1811,True,2026-02-09 04:35:42+05:30,2026-02-09 04:35:42+05:30
2ba50fb7-3bca-410c-8508-47254bb1cc7e,Lohit,Luthra,Transgender,69,Divorcee,7880891864,"H.No. 870
Sule Circle",Coimbatore,Tamil Nadu,922137,A+,Lawyer,PAN Card,FUZNK7795S,True,2026-02-11 12:05:45+05:30,2026-02-11 12:05:45+05:30
a1da1d43-df16-4fa8-93a9-4db9dfdf69cd,Utkarsh,Som,Transgender,69,Unmarried,6376853047,"32/762, Das Circle",Pune,Maharashtra,272133,O+,Business,Aadhar,5017 4092 9696,True,2026-02-03 00:07:35+05:30,2026-02-03 00:07:35+05:30
8e9f5171-2a1a-4153-83d0-7af0f1ad5a10,Yagnesh,Varty,Male,85,Unmarried,6503791455,"H.No. 72, Malhotra Marg",Dwarka,Delhi,779049,B-,Lawyer,Voter ID,SUP7962015,True,2026-02-03 22:33:34+05:30,2026-02-03 22:33:34+05:30
a9f3b41c-f1e3-4804-beea-efb9dfe81cdc,Turvi,Sagar,Female,52,Divorcee,6180374421,"45/694
Issac Path",Varanasi,Uttar Pradesh,988293,A+,Student,PAN Card,TDKFB3163V,True,2026-02-12 13:18:46+05:30,2026-02-12 13:18:46+05:30
029fee42-480f-4bed-9fc1-877434d218f1,Tara,Rout,Female,24,Married,9455574741,"79/599, Mangat Zila",Kolkata,West Bengal,676427,O-,Artist,Voter ID,GVO5894881,True,2026-02-13 02:11:42+05:30,2026-02-13 02:11:42+05:30
9b7dcf57-5db4-4773-b43b-928504f7d743,Wazir,Agate,Male,68,Divorcee,6066162113,"H.No. 28, Hayer Circle",Jodhpur,Rajasthan,206488,B+,Lawyer,PAN Card,MXTJI6359L,True,2026-02-08 10:37:43+05:30,2026-02-08 10:37:43+05:30
cee37008-b34c-4dc3-b857-e829416c5884,Elijah,Murthy,Male,59,Unmarried,8563975701,"965, Raman",Nagpur,Maharashtra,428887,A-,Student,PAN Card,ILWTE3838Z,True,2026-02-07 07:11:02+05:30,2026-02-07 07:11:02+05:30
be83f75c-59e5-4404-b440-19cf6fe48294,Maanas,Thakkar,Transgender,52,Divorcee,9883437574,"00/359, Dhingra Road",Rohini,Delhi,491751,A+,Homemaker,PAN Card,OCNDZ0084D,True,2026-02-07 17:22:29+05:30,2026-02-07 17:22:29+05:30
faffe921-8690-4db3-b6ef-66e5a5acf9d0,Timothy,Srinivasan,Transgender,67,Married,6236714290,"28/644
Hari Street",Surat,Gujarat,359744,AB-,Accountant,Voter ID,GWB8464955,True,2026-02-03 08:02:48+05:30,2026-02-03 08:02:48+05:30
0ec3e220-0b78-4010-9085-2c11f09ad0cb,Vivaan,Ahluwalia,Male,48,Divorcee,9257312382,"78/131, Sridhar Marg",Siliguri,West Bengal,284569,A+,Artist,PAN Card,DDCDU3268A,True,2026-02-15 11:34:49+05:30,2026-02-15 11:34:49+05:30
e89172f9-2008-40a8-b7dc-f3be9a3458ea,Peter,Doctor,Male,80,Divorcee,8816655400,"03/038, Dara Zila",Mysore,Karnataka,401294,A-,Business,PAN Card,LSMTO7002W,True,2026-02-16 19:02:58+05:30,2026-02-16 19:02:58+05:30
030fc02f-31e8-4461-ade4-317dcab7502f,Gavin,Handa,Male,23,Divorcee,9962050078,"H.No. 50, Malhotra Road",Howrah,West Bengal,257269,O+,Homemaker,Aadhar,8356 7288 7337,True,2026-02-11 03:26:52+05:30,2026-02-11 03:26:52+05:30
e4218b26-b88f-4a3c-9b72-635ae429f865,Om,Memon,Male,83,Unmarried,8454351718,"H.No. 75, Chauhan Ganj",Jaipur,Rajasthan,127882,AB-,Artist,Aadhar,6908 7711 3069,True,2026-02-14 10:32:04+05:30,2026-02-14 10:32:04+05:30
84cd005d-581e-4158-837a-c3d2840f625a,Alexander,Majumdar,Transgender,58,Married,9704578009,"43, Sood Chowk",Varanasi,Uttar Pradesh,452122,A+,Accountant,PAN Card,ZMTKH3179I,True,2026-02-06 05:48:47+05:30,2026-02-06 05:48:47+05:30
6b8bea0b-5b84-4119-8626-c200b5462fb1,Garima,Bali,Female,25,Married,6688495875,"24/68, Kapadia Nagar",Siliguri,West Bengal,985641,AB-,Business,PAN Card,OEYSR4420O,True,2026-02-15 00:16:04+05:30,2026-02-15 00:16:04+05:30
2624bb14-5583-4050-af12-de2aafecbe96,Chakradev,Naik,Male,68,Unmarried,8401542907,"H.No. 78
Arya Zila",Jaipur,Rajasthan,782608,B-,Accountant,Aadhar,5423 1495 1311,True,2026-02-03 01:02:07+05:30,2026-02-03 01:02:07+05:30
b2642e52-a8c4-4195-ad26-b400183062b2,Daksh,Dara,Male,74,Unmarried,9847912762,"43/704, Tailor Chowk",Mumbai,Maharashtra,699594,A-,Teacher,PAN Card,ZHNHA4001N,True,2026-02-14 13:36:51+05:30,2026-02-14 13:36:51+05:30
ab367957-c968-4272-8622-b130949ecd3c,Amaira,Iyengar,Female,39,Divorcee,6643232513,"97, Dar Nagar",Hubli,Karnataka,573159,B+,Farmer,Voter ID,EHN2036443,True,2026-02-02 05:58:00+05:30,2026-02-02 05:58:00+05:30
cd2b1800-e639-4330-85c2-ef8b44916b4d,Hemal,Lala,Transgender,47,Widow,7475351790,"H.No. 76
Rattan",Mumbai,Maharashtra,499565,A+,Artist,PAN Card,ORHCL5361Q,True,2026-02-04 22:14:07+05:30,2026-02-04 22:14:07+05:30
035eacd2-750d-4308-b0f7-9c49d6407ec7,Dayita,Salvi,Female,72,Unmarried,7227779597,"H.No. 76
Nadig Chowk",Vadodara,Gujarat,372073,AB-,Farmer,Voter ID,HSI3595577,True,2026-02-09 13:45:03+05:30,2026-02-09 13:45:03+05:30
ac4a424b-d5a2-4098-8194-89cdc16c055a,Agastya,Sharaf,Male,29,Divorcee,9569719188,"65/26, Kota Ganj",Surat,Gujarat,714858,AB-,Business,Aadhar,9808 4516 2549,True,2026-02-07 05:17:52+05:30,2026-02-07 05:17:52+05:30
ae182217-8510-40b3-9553-a4be1fe7e687,Jeet,Lala,Male,46,Unmarried,7943198794,"H.No. 776
Gupta Nagar",Kolkata,West Bengal,386108,B-,Farmer,PAN Card,LJEYY0844K,True,2026-02-16 16:02:54+05:30,2026-02-16 16:02:54+05:30
3b23db9f-3516-4d48-9110-526b5db79e16,Orinder,Doctor,Male,80,Divorcee,7721970555,"26
Bandi",Bangalore,Karnataka,868153,A+,Business,Aadhar,6802 1257 3608,True,2026-02-15 17:19:36+05:30,2026-02-15 17:19:36+05:30
76f15bc5-e180-4682-8a21-7cb1a97cb197,Darika,Chanda,Female,73,Widow,6918759196,"69/13, Bhagat Street",Kanpur,Uttar Pradesh,231369,AB+,Doctor,Aadhar,6094 1347 5112,True,2026-02-03 14:28:47+05:30,2026-02-03 14:28:47+05:30
8f6dbcc3-bb07-4246-816f-7d20ab2917cd,Qadim,Sarma,Male,61,Married,6308517936,"79/51
Mistry",Nagpur,Maharashtra,427223,A-,Farmer,PAN Card,OUBGD9815D,True,2026-02-02 08:51:41+05:30,2026-02-02 08:51:41+05:30
295b3a9b-ae53-4c17-8413-58027908e754,Abha,Wali,Transgender,20,Widow,8252169422,"30/67, Murty Street",Nagpur,Maharashtra,322738,A+,Homemaker,Voter ID,BCH0339294,True,2026-02-06 16:48:36+05:30,2026-02-06 16:48:36+05:30
27e72694-a3cc-4b67-9033-f9e43b4a9e91,Agastya,Goswami,Male,33,Married,9806365325,"29/898
Doshi Street",Rohini,Delhi,394468,B+,Accountant,Voter ID,YIN1362437,True,2026-02-11 15:03:19+05:30,2026-02-11 15:03:19+05:30
22cd8b4b-dbec-4ef9-975e-ee15ec42f78a,Vasatika,Kumer,Transgender,32,Married,6841888966,"H.No. 171
Barman Marg",Vadodara,Gujarat,702670,O+,Farmer,Aadhar,8005 6321 6337,True,2026-02-13 06:09:44+05:30,2026-02-13 06:09:44+05:30
6d2ac20a-d545-47c6-8822-0389d04e7b85,Tanvi,Saraf,Female,78,Divorcee,6177110637,"H.No. 635
Ram Marg",Rohini,Delhi,453664,A-,Accountant,Voter ID,IMG1104837,True,2026-02-04 15:40:25+05:30,2026-02-04 15:40:25+05:30
760dd265-09df-4c7d-aa76-57e187084d7b,Gagan,Arya,Male,73,Married,9385437800,"72/370, Banik Ganj",Mumbai,Maharashtra,530764,O+,Teacher,Voter ID,FDC9317766,True,2026-02-07 12:25:46+05:30,2026-02-07 12:25:46+05:30
e95a1ad6-42d2-4932-bef2-8464c06a9d83,Girish,Varghese,Transgender,78,Divorcee,9569362633,"H.No. 90
Chauhan Ganj",Mysore,Karnataka,480131,O-,Engineer,Voter ID,EKA2076486,True,2026-02-05 12:51:08+05:30,2026-02-05 12:51:08+05:30
c061e30b-3e98-44a5-9aa5-5a9fa52318c9,Zilmil,Kar,Female,85,Unmarried,7950035896,"083, Goyal Ganj",Jaipur,Rajasthan,751893,O+,Engineer,Voter ID,GEW4024545,True,2026-02-15 04:39:05+05:30,2026-02-15 04:39:05+05:30
ce8f7525-162e-4011-8761-19d53c5cc291,Chakradev,Chahal,Male,48,Married,9987715772,"57/208, Prakash Zila",Udaipur,Rajasthan,155168,B-,Teacher,Voter ID,BVE3712691,True,2026-02-12 22:39:09+05:30,2026-02-12 22:39:09+05:30
1ca1169e-96da-4ade-b8f2-6db9d7ca471d,Peter,Apte,Male,58,Unmarried,7917418525,"H.No. 638
Khurana Road",Bangalore,Karnataka,155744,B-,Doctor,Aadhar,4909 4954 6821,True,2026-02-05 11:57:10+05:30,2026-02-05 11:57:10+05:30
313a93f0-0253-4039-94aa-0710afd69ed5,Liam,Yogi,Male,32,Married,7415145829,"H.No. 421
Deshpande Path",Kanpur,Uttar Pradesh,706650,O+,Teacher,PAN Card,ZGWGQ1282H,True,2026-02-06 02:58:41+05:30,2026-02-06 02:58:41+05:30
d8599594-bbfe-463a-af87-8e1033ed03d2,Jackson,Vala,Transgender,72,Widow,6361277020,"85/37, Rattan Chowk",Chennai,Tamil Nadu,465299,A-,Lawyer,Voter ID,XXC6100542,True,2026-02-13 11:48:08+05:30,2026-02-13 11:48:08+05:30
05b46bc7-705e-4fb2-888b-536fd79bf1ab,Dhriti,Nori,Transgender,81,Married,7690257883,"H.No. 063, Ram Nagar",Varanasi,Uttar Pradesh,510196,A+,Lawyer,PAN Card,OTTMB6267B,True,2026-02-16 10:05:27+05:30,2026-02-16 10:05:27+05:30
d671e948-b9a1-4e9c-8618-57f7ee9f7c19,Yashasvi,Mallick,Female,50,Married,8875852450,"75/346
Mallick Chowk",Rohini,Delhi,921594,AB-,Homemaker,Voter ID,UFF7221865,True,2026-02-16 15:36:51+05:30,2026-02-16 15:36:51+05:30
246c1d4a-133b-4549-9e2c-992013641aa8,Wahab,Kapadia,Transgender,58,Divorcee,9314684059,"46/728, Buch Circle",Siliguri,West Bengal,117761,AB+,Doctor,PAN Card,IIZNN7293A,True,2026-02-13 22:19:35+05:30,2026-02-13 22:19:35+05:30
1997fbce-33cd-4acc-9ee7-1374748e6211,Jalsa,Sheth,Female,54,Divorcee,7949126064,"77/70, Ramesh Road",Surat,Gujarat,652139,AB-,Accountant,PAN Card,UBDAZ4671S,True,2026-02-13 00:35:38+05:30,2026-02-13 00:35:38+05:30
813004d4-2fe6-4460-9fdc-9b8df41ba29d,Laban,Lata,Male,78,Unmarried,7603763983,"73/263
Mannan",Kanpur,Uttar Pradesh,844557,O+,Lawyer,Aadhar,3412 5869 7007,True,2026-02-14 02:46:00+05:30,2026-02-14 02:46:00+05:30
957bf3ff-f239-49b4-b346-aa386ecd1676,Pooja,Chada,Female,36,Widow,8845145708,"50/37
Srinivas Path",Mumbai,Maharashtra,792815,AB-,Engineer,PAN Card,CMFMW5726Q,True,2026-02-09 16:20:28+05:30,2026-02-09 16:20:28+05:30
c8e256c6-b69d-498d-8161-7bf410ac360b,Anmol,Chhabra,Male,72,Unmarried,9462863440,"66/309
Parmer Path",Pune,Maharashtra,489564,O+,Engineer,Aadhar,8746 8331 9472,True,2026-02-04 09:28:42+05:30,2026-02-04 09:28:42+05:30
a28fa1fe-02e0-4c3d-8f95-ce2057fa9d38,Benjamin,Bobal,Male,89,Divorcee,9490036819,"94
Tailor Street",Ahmedabad,Gujarat,225736,O+,Business,Voter ID,OYT2755234,True,2026-02-13 11:32:26+05:30,2026-02-13 11:32:26+05:30
1fb0c6f5-b950-4e3d-8d2b-cfa46817f3e8,Veda,Kaul,Transgender,75,Married,9756880788,"26/092, Parmar Zila",Surat,Gujarat,735586,A+,Farmer,PAN Card,DQTCU0861H,True,2026-02-13 16:21:49+05:30,2026-02-13 16:21:49+05:30
825429e3-2e8c-4b43-91ab-43416b16293c,Nidhi,Kaul,Transgender,55,Divorcee,9391420149,"92/73, Pau Path",Vadodara,Gujarat,908163,B+,Farmer,Aadhar,2002 4767 2415,True,2026-02-09 12:28:44+05:30,2026-02-09 12:28:44+05:30
85e258ad-da61-4289-9db1-65a6afb17d52,Ria,Bassi,Female,46,Married,8815783845,"H.No. 16
Krish Marg",Mysore,Karnataka,229159,O-,Teacher,Aadhar,7614 6871 6869,True,2026-02-04 21:12:17+05:30,2026-02-04 21:12:17+05:30
efdb68bf-4f47-48d9-8b10-df586bb4be56,Umang,Sheth,Transgender,87,Divorcee,9792957844,"17/39, Modi Marg",Nagpur,Maharashtra,381312,A+,Engineer,Aadhar,3991 5379 8023,True,2026-02-07 09:51:37+05:30,2026-02-07 09:51:37+05:30
76477a8f-0a93-44fe-b044-b6c7c1435921,Tristan,Barad,Transgender,38,Married,7399739134,"91, Gade Nagar",Hubli,Karnataka,228980,AB+,Business,Voter ID,GEC6620462,True,2026-02-01 04:22:34+05:30,2026-02-01 04:22:34+05:30
f289ee51-9a58-4206-8b74-e0096dc18188,Ryan,Boase,Male,65,Unmarried,7957611763,"00
Dhillon Path",Mumbai,Maharashtra,595660,B-,Homemaker,Voter ID,IFP8298361,True,2026-02-12 16:43:11+05:30,2026-02-12 16:43:11+05:30
dfaeafb4-83aa-4c8d-966d-1e764b7b1d8e,Qabil,Palla,Transgender,85,Unmarried,9120264671,"H.No. 41, Sarin Street",Bangalore,Karnataka,481875,O-,Accountant,PAN Card,IIHBZ8358I,True,2026-02-11 12:48:23+05:30,2026-02-11 12:48:23+05:30
8664ffd5-a929-4da0-ae9b-20d5ff015fc2,Matthew,Grover,Male,87,Married,6513631235,"48/43, Sundaram Circle",Mumbai,Maharashtra,963523,A+,Teacher,PAN Card,TBKZA7831S,True,2026-02-14 23:15:10+05:30,2026-02-14 23:15:10+05:30
484ce888-c128-47e3-a10b-081a711bdff6,Jairaj,Sarna,Transgender,62,Divorcee,8624894772,"77, Thakur Road",Pune,Maharashtra,178210,O+,Business,Voter ID,KKN8435560,True,2026-02-10 09:09:12+05:30,2026-02-10 09:09:12+05:30
3806626f-194e-405b-a2f4-de213016c9fe,Tara,Dass,Female,71,Unmarried,6539287053,"16, Sidhu Circle",Kolkata,West Bengal,385048,AB-,Accountant,Voter ID,GPP9675291,True,2026-02-04 18:15:26+05:30,2026-02-04 18:15:26+05:30
0e521ef8-d9ce-4e0b-a5dd-97ccb69d717b,Rehaan,Bath,Transgender,31,Married,8116066012,"H.No. 454, Balasubramanian Path",Rohini,Delhi,490836,B-,Doctor,Aadhar,5698 4510 3348,True,2026-02-06 23:17:22+05:30,2026-02-06 23:17:22+05:30
dfdf2e9c-9fa7-4fd4-a266-9dd2b9a26ce8,Lakshit,Barad,Male,88,Unmarried,7341313853,"235, Lala Path",Jodhpur,Rajasthan,759189,B-,Business,PAN Card,LYAPI0885L,True,2026-02-06 00:22:45+05:30,2026-02-06 00:22:45+05:30
59931275-127c-4239-8ee5-8d3e8533a35a,Niharika,Mitter,Female,28,Unmarried,8475011599,"39, Chhabra Zila",Pune,Maharashtra,506542,B+,Business,Voter ID,MGW2980632,True,2026-02-13 19:54:28+05:30,2026-02-13 19:54:28+05:30
61028311-8907-4412-8c38-e80bddf8b211,Rajeshri,Prabhakar,Transgender,30,Divorcee,7284151911,"29/644
Modi Nagar",Jodhpur,Rajasthan,144021,B+,Student,Aadhar,7150 4261 7623,True,2026-02-12 10:47:17+05:30,2026-02-12 10:47:17+05:30
51bd190e-6dbe-42a6-9e70-3362ba2a72af,Vritti,Kara,Female,71,Widow,6173543514,"89/343, Sama Road",Kanpur,Uttar Pradesh,966911,AB+,Teacher,Aadhar,1762 6612 1440,True,2026-02-16 07:46:12+05:30,2026-02-16 07:46:12+05:30
faf6fa84-f089-4fe5-bd50-189768e9cfca,David,Keer,Male,78,Married,9191155939,"53/021, Prasad Circle",Ahmedabad,Gujarat,747130,A+,Artist,Aadhar,1894 4881 1467,True,2026-02-05 05:21:39+05:30,2026-02-05 05:21:39+05:30
1a6fe7b9-5428-493b-9d2e-421c9371aaa5,Samesh,Tata,Male,33,Married,7040766421,"H.No. 25, Ratti Marg",Nagpur,Maharashtra,262613,B+,Accountant,Voter ID,AVX7979441,True,2026-02-14 16:05:40+05:30,2026-02-14 16:05:40+05:30
0201e5f4-425f-4022-a5cb-a9d2779d7317,Fitan,Sachar,Male,66,Divorcee,6439167886,"H.No. 38
Nadig Nagar",Udaipur,Rajasthan,306175,B-,Artist,PAN Card,ZPEQD8532Z,True,2026-02-06 03:36:24+05:30,2026-02-06 03:36:24+05:30
caf31ef6-89b6-4da8-b129-45567ab52c5c,Triya,Sandhu,Female,64,Married,8225095565,"83/690, Dalal Street",Udaipur,Rajasthan,606343,A-,Homemaker,PAN Card,TWVJE1185I,True,2026-02-01 17:26:42+05:30,2026-02-01 17:26:42+05:30
7323c8c5-6c5b-4527-b951-e01ac6bec33e,Jeevika,Badami,Female,60,Unmarried,7281381201,"646
Deshmukh Ganj",Howrah,West Bengal,237965,O+,Homemaker,Voter ID,PFI5482787,True,2026-02-07 03:34:19+05:30,2026-02-07 03:34:19+05:30
20b677cb-f1fa-4b35-849c-95f27a5904ac,Chatura,Gola,Male,48,Divorcee,6266888751,"46
Wason Street",Vadodara,Gujarat,433033,A+,Doctor,Aadhar,9620 8048 2556,True,2026-02-04 11:42:18+05:30,2026-02-04 11:42:18+05:30
eef3d8ad-8337-4ba9-b125-af75803f5ec6,Tanmayi,Luthra,Transgender,85,Unmarried,9258221635,"H.No. 282, Sodhi Path",Lucknow,Uttar Pradesh,612428,AB-,Accountant,PAN Card,YEARB8637J,True,2026-02-16 04:43:17+05:30,2026-02-16 04:43:17+05:30
48d8b9c6-9610-44b7-9c19-25a3554acdb6,Ganga,Chaudhari,Transgender,55,Divorcee,9581181809,"57, Chanda Street",Surat,Gujarat,493606,A-,Teacher,Aadhar,4032 6474 8502,True,2026-02-03 15:39:13+05:30,2026-02-03 15:39:13+05:30
0bee1247-d310-427a-9df5-ffac4ce1d838,Arin,Toor,Male,62,Married,7956733013,"40, Kala Chowk",Mumbai,Maharashtra,381324,AB+,Farmer,Aadhar,2239 8036 1605,True,2026-02-05 06:25:09+05:30,2026-02-05 06:25:09+05:30
bbf17aec-4493-4ca7-a61f-c038fec95c10,Brinda,Dora,Female,74,Widow,8776868699,"H.No. 19
Bhasin Nagar",Bangalore,Karnataka,701190,O+,Lawyer,Voter ID,SVC6601615,True,2026-02-09 08:19:24+05:30,2026-02-09 08:19:24+05:30
f81393fc-c4b1-45a3-b642-297c9c483506,Tanvi,Balakrishnan,Transgender,82,Divorcee,9821137030,"14/70, Parikh Road",Mumbai,Maharashtra,641023,B-,Teacher,PAN Card,RQCCT1453O,True,2026-02-12 19:50:27+05:30,2026-02-12 19:50:27+05:30
225b75fd-d089-47e6-b9e3-2d697bdc0e84,Jai,Comar,Transgender,23,Divorcee,6910683710,"83/148, Lalla Marg",Siliguri,West Bengal,263978,O-,Student,Voter ID,XUG6526056,True,2026-02-02 06:42:34+05:30,2026-02-02 06:42:34+05:30
fb264a27-18a0-400b-814b-bf097441b317,Damyanti,Kant,Transgender,85,Widow,7163183548,"H.No. 91
Madan Path",Mumbai,Maharashtra,499662,AB+,Teacher,PAN Card,HWOFE0410A,True,2026-02-12 00:12:40+05:30,2026-02-12 00:12:40+05:30
18724b6f-b379-4ef7-b831-f0f814f41b39,Mugdha,Vig,Female,40,Divorcee,8000220844,"65
Wali Chowk",Howrah,West Bengal,129133,AB-,Farmer,PAN Card,SZJDE0745N,True,2026-02-02 22:50:13+05:30,2026-02-02 22:50:13+05:30
f5bf8ac3-6254-4afb-a320-acbd506e97a7,Max,Dutt,Transgender,80,Divorcee,9853416824,"53/24, Sama Zila",Madurai,Tamil Nadu,527455,A-,Lawyer,PAN Card,KDSRI2407B,True,2026-02-02 00:16:53+05:30,2026-02-02 00:16:53+05:30
9413d964-4e01-4944-8a62-8f9dfce11781,Raksha,Nagarajan,Transgender,63,Divorcee,7259427940,"H.No. 74
Khare Path",Dwarka,Delhi,306785,A-,Doctor,Voter ID,YGU9799241,True,2026-02-01 09:20:43+05:30,2026-02-01 09:20:43+05:30
0b15159a-2231-4418-9876-474fdfa0b105,Oliver,Kapadia,Male,20,Unmarried,9455837796,"26/07
Kata Chowk",Nagpur,Maharashtra,590769,A-,Artist,Aadhar,4961 4707 7345,True,2026-02-16 01:10:48+05:30,2026-02-16 01:10:48+05:30
4ea5fbbd-6161-46bc-8058-ab8940f0932f,Anita,Shere,Female,32,Married,6188925159,"432, Sule Marg",Nagpur,Maharashtra,522315,B-,Lawyer,Aadhar,9904 6190 6004,True,2026-02-16 22:48:59+05:30,2026-02-16 22:48:59+05:30
7d988802-8d40-4698-9793-f37fa617bd31,Meera,Mohan,Female,48,Widow,9492631049,"73/82, Mitra Circle",Chennai,Tamil Nadu,547859,AB+,Engineer,Aadhar,3620 4537 4780,True,2026-02-08 21:41:40+05:30,2026-02-08 21:41:40+05:30
cfb25640-001c-417f-8c20-4dd72ae35c50,Eiravati,Kalita,Transgender,76,Married,7302842712,"43/211
Vasa Nagar",Vadodara,Gujarat,933172,B+,Artist,Aadhar,9723 3867 8384,True,2026-02-08 03:17:11+05:30,2026-02-08 03:17:11+05:30
7054607e-0426-4af9-a20e-3a38977296f2,Rayaan,Sani,Male,64,Unmarried,7463292616,"81, Ramachandran Path",Kolkata,West Bengal,522598,A+,Artist,Voter ID,CIM9587929,True,2026-02-09 16:36:30+05:30,2026-02-09 16:36:30+05:30
c493e2dd-ecf0-4254-b25f-4ff5dd72c667,Udarsh,Butala,Transgender,43,Divorcee,8399461907,"H.No. 67, Bera Road",Ahmedabad,Gujarat,371125,AB-,Accountant,PAN Card,HBQIX1608Z,True,2026-02-16 05:09:44+05:30,2026-02-16 05:09:44+05:30
41d5863c-473a-4e1b-b274-21b0603fe8d6,Girish,Sani,Male,18,Married,6892073034,"86, Kalita Circle",New Delhi,Delhi,915308,O+,Doctor,Voter ID,YUX8849634,True,2026-02-03 14:09:26+05:30,2026-02-03 14:09:26+05:30
56327aee-ea55-4a0a-bb7d-b829e9cbe6f1,Radha,Hans,Female,41,Widow,9449503269,"45
Nori Circle",Ahmedabad,Gujarat,450847,B+,Engineer,Voter ID,VPP5652597,True,2026-02-11 11:42:54+05:30,2026-02-11 11:42:54+05:30
6dbb8f58-3490-4474-a08e-e8f4f0e4c73e,Keya,Misra,Female,51,Married,7857229957,"42, Savant Circle",Hubli,Karnataka,523301,B+,Teacher,Voter ID,JHO4410458,True,2026-02-13 07:18:24+05:30,2026-02-13 07:18:24+05:30
cf9072a4-16e3-4d8e-aee3-99262f94f47f,Rohan,Karan,Male,33,Divorcee,7286996914,"H.No. 69, Sem Marg",Rohini,Delhi,808941,O+,Homemaker,Aadhar,9694 6060 9626,True,2026-02-02 13:22:17+05:30,2026-02-02 13:22:17+05:30
ed50d670-a067-43e0-8fdd-ffb13ef17cfb,Gavin,Dyal,Male,37,Widow,7038113278,"66/525
Bala Zila",Kolkata,West Bengal,676467,B+,Farmer,Aadhar,5908 8870 1233,True,2026-02-07 09:15:06+05:30,2026-02-07 09:15:06+05:30
dca24aa5-69db-4f86-99a9-72034f29c5a1,Viraj,Gera,Transgender,70,Widow,7385288955,"47, Mitter Nagar",Ahmedabad,Gujarat,631362,A+,Doctor,Voter ID,SIH0370398,True,2026-02-02 01:32:15+05:30,2026-02-02 01:32:15+05:30
16079661-1467-4101-9812-a30c5ca02983,Ishani,Jhaveri,Transgender,23,Unmarried,6457258041,"33/082
Krishnamurthy Road",Bangalore,Karnataka,628665,O-,Engineer,Voter ID,HJI4357435,True,2026-02-05 19:23:23+05:30,2026-02-05 19:23:23+05:30
9d34fbf5-9bbb-47ed-959e-074930a2a88c,Teerth,Dugal,Male,67,Unmarried,6708470965,"10/060
Bava Zila",Chennai,Tamil Nadu,208580,O-,Teacher,Aadhar,8588 9997 4834,True,2026-02-14 13:14:21+05:30,2026-02-14 13:14:21+05:30
f78ad51b-27b1-4a5f-a8a2-6e0faf309d6e,Rajata,Sachdev,Transgender,62,Married,9049491454,"H.No. 556, Ratta Chowk",Dwarka,Delhi,936752,A+,Artist,Aadhar,2366 1921 5983,True,2026-02-06 21:13:34+05:30,2026-02-06 21:13:34+05:30
e48748d5-1503-4377-acda-6642415ab3b5,Luke,Basu,Male,59,Married,7521122122,"659
Parsa Circle",Madurai,Tamil Nadu,123850,AB-,Accountant,Aadhar,9766 3527 9964,True,2026-02-16 08:14:32+05:30,2026-02-16 08:14:32+05:30
fec72a69-5c90-4f7f-8790-c8ab1c959461,Sudiksha,Ghose,Female,45,Married,9010057498,"55/36, Bhandari Nagar",Lucknow,Uttar Pradesh,163629,B-,Business,Voter ID,NJH5020245,True,2026-02-06 13:09:26+05:30,2026-02-06 13:09:26+05:30
b5ef058b-e9e2-4c67-a39f-65a4d335b040,Riya,Bhat,Female,49,Divorcee,8084301969,"H.No. 30
Madan Chowk",Kolkata,West Bengal,540988,A+,Accountant,PAN Card,FDEXB3349G,True,2026-02-15 16:06:08+05:30,2026-02-15 16:06:08+05:30
42c034e2-158c-44bb-a0be-4c2138e8bbbb,Inaya,Pathak,Transgender,70,Unmarried,9304498569,"32/54
Barad Road",Mumbai,Maharashtra,387639,AB+,Homemaker,Voter ID,TAA8963404,True,2026-02-12 13:26:35+05:30,2026-02-12 13:26:35+05:30
4a390607-26c5-4084-b085-4d6f877bbf0f,Charvi,Agrawal,Transgender,48,Divorcee,6093436151,"67/21, Sibal Circle",Surat,Gujarat,229796,AB+,Artist,PAN Card,TEYZX2161I,True,2026-02-01 15:00:21+05:30,2026-02-01 15:00:21+05:30
ae56ad87-b6b3-4d28-b597-f81fbbc24d9a,Naveen,Bala,Transgender,84,Married,7372053686,"H.No. 28, Raju Street",Howrah,West Bengal,332729,B+,Business,Voter ID,SVW5433919,True,2026-02-12 10:10:23+05:30,2026-02-12 10:10:23+05:30
95dd65fa-7439-4baf-98d4-5005d516e39d,Ekbal,Halder,Transgender,47,Unmarried,9516068170,"H.No. 313
Bhagat Nagar",Madurai,Tamil Nadu,674561,A+,Farmer,Voter ID,LWD9439749,True,2026-02-06 22:03:57+05:30,2026-02-06 22:03:57+05:30
790fe257-ccfe-4266-b2ce-4cf86612a7a6,Saumya,Mistry,Female,66,Unmarried,6509522497,"40, Ratta Ganj",Dwarka,Delhi,766274,A-,Homemaker,PAN Card,YQXMU0120C,True,2026-02-04 16:13:03+05:30,2026-02-04 16:13:03+05:30
3ca888e5-c3ab-4cfc-af60-5f460fea59fb,Umang,Basu,Transgender,48,Divorcee,9350889809,"87, Sachdev Zila",Kanpur,Uttar Pradesh,110047,O-,Accountant,PAN Card,WCHYO9637A,True,2026-02-11 07:34:55+05:30,2026-02-11 07:34:55+05:30
a04cfca7-ebdc-4a07-9fb3-4dba039d262a,Hemangini,Bhatia,Female,79,Unmarried,9024856617,"32/195
Pillay Circle",Vadodara,Gujarat,487613,B+,Artist,PAN Card,IYUMS6770W,True,2026-02-14 23:48:53+05:30,2026-02-14 23:48:53+05:30
ffa89e00-fadd-4742-9679-3d6e3b445c97,Aarav,Sharma,Male,29,Married,7934130440,"020
Shere Circle",Mumbai,Maharashtra,899464,A-,Accountant,PAN Card,WSISI8399M,True,2026-02-03 04:14:11+05:30,2026-02-03 04:14:11+05:30
9ba130aa-f996-464f-8c7d-f745f4598329,Pallavi,Sawhney,Transgender,61,Divorcee,7454665055,"05/90
Babu Circle",Siliguri,West Bengal,287722,AB+,Lawyer,PAN Card,PCNWP8945O,True,2026-02-16 16:04:34+05:30,2026-02-16 16:04:34+05:30
0f2a0998-5915-4421-89b3-451200d239aa,Azad,Sandal,Transgender,57,Married,8441160993,"44/39, Varughese Zila",Bangalore,Karnataka,875976,O+,Homemaker,Voter ID,ULZ6857668,True,2026-02-05 03:55:40+05:30,2026-02-05 03:55:40+05:30
ee244c5b-ecd9-488f-81d2-024807be58e3,Omisha,Bhatt,Transgender,24,Married,7044576115,"416
Sahni Zila",Ahmedabad,Gujarat,353319,B+,Lawyer,PAN Card,YDCEZ0488A,True,2026-02-15 17:39:06+05:30,2026-02-15 17:39:06+05:30
023f3f11-c6a3-4862-bc18-fb93740e124b,Qabil,Pandya,Male,88,Married,8729281361,"H.No. 686, Dasgupta Nagar",Pune,Maharashtra,113650,B+,Student,Aadhar,5052 2924 2596,True,2026-02-03 14:59:00+05:30,2026-02-03 14:59:00+05:30
d25d0fe2-7b46-439f-9250-040b5c1d9684,Krishna,Bose,Female,18,Married,7875088060,"78
Kamdar Road",Siliguri,West Bengal,442102,B+,Accountant,Aadhar,2850 7277 3939,True,2026-02-01 05:30:50+05:30,2026-02-01 05:30:50+05:30
e27b6112-753a-4756-9cef-429c46923ccf,Henry,Walia,Transgender,71,Unmarried,8866366473,"64/067, Mittal Marg",Dwarka,Delhi,800871,O-,Lawyer,PAN Card,IPEKI2725V,True,2026-02-13 19:24:58+05:30,2026-02-13 19:24:58+05:30
cf70acf4-c822-4cbd-b997-f67ba2e02c9d,Barkha,Koshy,Transgender,55,Divorcee,8323157580,"H.No. 60, Murty Nagar",Hubli,Karnataka,761925,AB+,Lawyer,Aadhar,3592 3926 5694,True,2026-02-10 17:59:09+05:30,2026-02-10 17:59:09+05:30
c5001d26-1d93-4e4d-b960-6d75fd3a2d99,Aayush,Handa,Transgender,73,Divorcee,6461576637,"86/334, Mahal Ganj",Bangalore,Karnataka,300463,A-,Doctor,PAN Card,YZSFY1116C,True,2026-02-02 05:51:23+05:30,2026-02-02 05:51:23+05:30
cbc0a8ba-67e8-4458-8b56-8c498235edba,Bina,Nath,Female,72,Unmarried,6267890143,"H.No. 254
Sharma Road",Jaipur,Rajasthan,556496,A+,Student,PAN Card,PREUS6736Q,True,2026-02-08 14:04:50+05:30,2026-02-08 14:04:50+05:30
ca651821-89a2-4b65-8a6a-67687ecfc868,Yutika,Ramesh,Female,22,Married,6132530670,"42/41, Patla Zila",Coimbatore,Tamil Nadu,851165,O-,Teacher,PAN Card,REAHM3917S,True,2026-02-02 13:42:07+05:30,2026-02-02 13:42:07+05:30
010a8c3e-eef4-4f13-9a19-29ed903c2a47,Ayush,Prabhu,Transgender,60,Widow,6577387105,"66/988
Wable Zila",Madurai,Tamil Nadu,751942,B+,Doctor,PAN Card,PZVCL5919F,True,2026-02-05 18:42:31+05:30,2026-02-05 18:42:31+05:30
a3fa318d-4939-42e9-9619-6cba3a0b3db9,Tanay,Dhingra,Transgender,32,Married,7245215196,"05/34, Kothari",Vadodara,Gujarat,308266,B+,Doctor,Voter ID,RZT7237382,True,2026-02-07 02:21:39+05:30,2026-02-07 02:21:39+05:30
a2230805-6056-4aa2-884a-1a1d44bb5dd4,Kalpit,Jhaveri,Male,42,Widow,9912013302,"41, Barad",Lucknow,Uttar Pradesh,601171,B+,Teacher,Voter ID,UYO1736723,True,2026-02-09 03:44:38+05:30,2026-02-09 03:44:38+05:30
c96207a8-f382-4021-bf60-f56453d6ff27,Neelima,Bobal,Female,31,Widow,7628726296,"74/42, Johal Path",Vadodara,Gujarat,751526,AB+,Student,Voter ID,GTL6754619,True,2026-02-10 12:46:32+05:30,2026-02-10 12:46:32+05:30
217749bb-0578-4ec6-b067-3d32bdc82106,Bahadurjit,Ghose,Male,24,Unmarried,8123461061,"47, Merchant Road",Surat,Gujarat,807155,AB+,Farmer,Aadhar,9123 2673 2476,True,2026-02-06 04:49:43+05:30,2026-02-06 04:49:43+05:30
d50a2282-8f83-4117-a09d-2b353a800deb,Veda,Mangal,Female,33,Unmarried,9634673819,"389, Dixit",Surat,Gujarat,849795,A-,Business,PAN Card,NUBEI4278T,True,2026-02-09 02:16:39+05:30,2026-02-09 02:16:39+05:30
4fb3da49-eab8-4097-b913-d3d5aee4e447,Anjali,Narang,Female,72,Married,8527635166,"H.No. 47
Palla Circle",Surat,Gujarat,360472,B+,Teacher,PAN Card,FSPHZ4713M,True,2026-02-09 21:42:30+05:30,2026-02-09 21:42:30+05:30
6ed40638-4215-4207-8c7e-bfee199bf3a4,Ishaan,Kalita,Transgender,30,Widow,8610396633,"32, Mitter Path",Bangalore,Karnataka,973162,AB-,Teacher,Voter ID,ADC8685414,True,2026-02-13 06:13:59+05:30,2026-02-13 06:13:59+05:30
41ec2b03-9087-4d84-aeaa-c886571213a5,Kashish,Raju,Female,32,Divorcee,7008202585,"H.No. 24, Dasgupta Circle",Kanpur,Uttar Pradesh,897403,AB+,Homemaker,Voter ID,FNF4159588,True,2026-02-05 20:28:38+05:30,2026-02-05 20:28:38+05:30
fa8be798-7c8c-48e1-aa80-f874cb7f6af8,Advika,Narain,Female,75,Married,8289748280,"76, Narayan Circle",Rohini,Delhi,571633,AB-,Doctor,PAN Card,FIFOC7131O,True,2026-02-02 07:37:21+05:30,2026-02-02 07:37:21+05:30
81b875f9-068c-4f17-a164-74190e82b094,Ekantika,Brar,Female,74,Unmarried,8343259950,"49/602
Ramaswamy Street",Jodhpur,Rajasthan,320708,AB-,Student,Aadhar,6025 4835 9403,True,2026-02-01 08:27:41+05:30,2026-02-01 08:27:41+05:30
7fdcf11d-e3e1-4478-b1e0-5987e307e2b3,Balhaar,Chander,Male,87,Divorcee,9771681538,"461
Sharma Path",Rohini,Delhi,444728,B-,Teacher,PAN Card,PITUY1045S,True,2026-02-06 18:36:06+05:30,2026-02-06 18:36:06+05:30
110f7570-ccb9-4069-a2f4-a111b2bb1427,Ojasvi,Dhillon,Female,30,Married,6317349880,"911, Kaul Path",Jaipur,Rajasthan,824644,B-,Teacher,PAN Card,NPDDH5905D,True,2026-02-12 09:20:55+05:30,2026-02-12 09:20:55+05:30
3b7d2591-9a83-4d95-b66a-2514cba473f7,Urishilla,Ramachandran,Transgender,57,Married,9249224056,"04, Sarma Nagar",Chennai,Tamil Nadu,705580,B-,Lawyer,Voter ID,RNU5171842,True,2026-02-05 17:16:33+05:30,2026-02-05 17:16:33+05:30
412e26ec-edb5-41d5-be51-d610d766c6dd,Kritika,Padmanabhan,Transgender,22,Widow,7988127316,"H.No. 74, Desai Nagar",New Delhi,Delhi,156964,O+,Engineer,Voter ID,FDS0787362,True,2026-02-05 14:11:48+05:30,2026-02-05 14:11:48+05:30
18cdbc69-2b0f-486b-829e-d4251afb3064,Daksh,Badami,Transgender,81,Widow,8454478762,"H.No. 786, Zachariah Path",Siliguri,West Bengal,404635,AB-,Accountant,PAN Card,SQQDV8587P,True,2026-02-01 09:49:05+05:30,2026-02-01 09:49:05+05:30
8c6db7ab-8254-4832-a73b-71fc112ee88b,Lipika,Golla,Transgender,83,Married,9042834703,"H.No. 15
Joshi Marg",Kolkata,West Bengal,776505,A-,Accountant,Voter ID,ITC5861058,True,2026-02-16 09:18:37+05:30,2026-02-16 09:18:37+05:30
3ec3a91f-8bf0-420e-9084-bcdb08d08e7f,Samarth,Buch,Transgender,79,Divorcee,6731688440,"H.No. 441, Comar Street",New Delhi,Delhi,868011,AB-,Teacher,PAN Card,HXQBP2723H,True,2026-02-13 21:54:58+05:30,2026-02-13 21:54:58+05:30
dbe7995e-2407-4ce6-906e-ee3d6b44caeb,Aarush,Mukherjee,Male,74,Divorcee,9638017964,"H.No. 45
Mahal Zila",Kanpur,Uttar Pradesh,426802,A+,Accountant,Voter ID,QKM6480200,True,2026-02-06 17:51:50+05:30,2026-02-06 17:51:50+05:30
a6a54c50-f5ed-4871-bfd0-987345f6c75c,Vaishnavi,Edwin,Female,76,Divorcee,8547950795,"05/625, Shere Road",Lucknow,Uttar Pradesh,669013,A-,Accountant,Voter ID,SCN8523177,True,2026-02-09 04:51:04+05:30,2026-02-09 04:51:04+05:30
cbb21ba7-aa78-4a50-80e6-17aefb52b750,Ekaja,Dani,Female,90,Unmarried,8417779035,"H.No. 67
Apte Path",Ahmedabad,Gujarat,580296,A-,Engineer,Voter ID,UOC3749068,True,2026-02-08 10:26:04+05:30,2026-02-08 10:26:04+05:30
ebe23cf3-7bef-4ab7-a90f-e507e4812d38,Hitesh,Gera,Transgender,22,Married,9632491216,"461, Kannan Ganj",Hubli,Karnataka,661730,B+,Artist,Voter ID,DEL4713800,True,2026-02-10 09:50:41+05:30,2026-02-10 09:50:41+05:30
b1774503-ea41-480f-912d-24c16be8c082,Krishna,Kale,Transgender,38,Widow,6891602714,"H.No. 92, Rajagopalan Nagar",Kolkata,West Bengal,345107,AB+,Homemaker,PAN Card,LBRUM0105K,True,2026-02-09 03:38:53+05:30,2026-02-09 03:38:53+05:30
ffe1fc1c-24b4-4938-8fff-3cec8e80042a,Jagrati,Arora,Female,28,Married,6174699058,"88/09
Bhattacharyya Road",Udaipur,Rajasthan,911915,B+,Teacher,Voter ID,ALK5480420,True,2026-02-03 09:26:18+05:30,2026-02-03 09:26:18+05:30
e8a1cce2-06a1-4b31-bce1-2c46609467be,David,Arya,Male,62,Unmarried,9584951237,"785
Raman Ganj",Udaipur,Rajasthan,115641,O-,Lawyer,PAN Card,UBBLK9231G,True,2026-02-08 09:22:45+05:30,2026-02-08 09:22:45+05:30
a554debb-c7f5-4a2e-9e21-d7c75776140d,Ishani,Hora,Female,28,Divorcee,7614336638,"32/93, Padmanabhan Ganj",Rohini,Delhi,554553,B+,Engineer,Aadhar,1839 9302 2008,True,2026-02-10 23:07:40+05:30,2026-02-10 23:07:40+05:30
aff529c1-78d2-4052-a145-09f0608b5a8e,Bakhshi,Sama,Transgender,74,Widow,7978107105,"H.No. 755
Jhaveri",Varanasi,Uttar Pradesh,812566,O+,Business,Aadhar,5683 8043 9146,True,2026-02-01 09:50:41+05:30,2026-02-01 09:50:41+05:30
b589ef77-f244-438e-9cdb-fc1140bdc0e1,Elijah,Bhavsar,Male,89,Unmarried,9837245963,"H.No. 779
Loyal Chowk",Madurai,Tamil Nadu,224962,A-,Doctor,Aadhar,4865 3607 6036,True,2026-02-13 04:28:41+05:30,2026-02-13 04:28:41+05:30
fa5b63f7-548c-4bc7-8149-d50d13b58a71,Lakshmi,Kapoor,Transgender,50,Married,9903203538,"71, Kumer Street",Varanasi,Uttar Pradesh,165267,A+,Lawyer,Voter ID,CHT6980665,True,2026-02-05 13:57:28+05:30,2026-02-05 13:57:28+05:30
04313a9e-6adf-4335-a5dc-016af6351ae2,Lavanya,Sekhon,Transgender,28,Married,7848455503,"H.No. 145
Thaker Path",Surat,Gujarat,666743,A-,Business,Aadhar,6656 2002 6263,True,2026-02-11 06:40:45+05:30,2026-02-11 06:40:45+05:30
93c66b67-0610-430e-b678-f51e885b6fd2,Balhaar,Deep,Male,67,Married,6390980505,"H.No. 673, Rastogi Chowk",Mysore,Karnataka,973977,AB+,Farmer,PAN Card,NDBTS6854B,True,2026-02-08 05:56:12+05:30,2026-02-08 05:56:12+05:30
1ed089de-a3e8-47e0-b0a2-e82623e1616d,Anika,Doctor,Female,54,Widow,8013910071,"88
Srinivas Marg",Vadodara,Gujarat,423852,B-,Engineer,Voter ID,XGQ4327153,True,2026-02-16 04:45:30+05:30,2026-02-16 04:45:30+05:30
4a05cf53-57ca-4cae-ae10-fd00cac850dd,Lajita,Kibe,Transgender,83,Divorcee,7013115826,"85
Edwin Street",Lucknow,Uttar Pradesh,563374,A-,Student,Voter ID,VHB5086266,True,2026-02-12 04:35:26+05:30,2026-02-12 04:35:26+05:30
413ad8ae-d9f6-48d7-87c1-9fc51799bcbd,Jacob,Nayak,Male,40,Divorcee,8626813517,"14/07, Sani Street",Jodhpur,Rajasthan,997262,A-,Doctor,PAN Card,IRLLW8090O,True,2026-02-05 21:56:27+05:30,2026-02-05 21:56:27+05:30
587f2eb8-c8d5-4c71-a4db-57d7a936f260,Kashvi,Sharaf,Female,47,Married,6008763368,"733
Kala Nagar",Jaipur,Rajasthan,826681,AB+,Teacher,PAN Card,IXNKO6430I,True,2026-02-01 16:25:48+05:30,2026-02-01 16:25:48+05:30
51c6c800-000b-4de1-8825-3ac8344bbd57,Yuvraj,Buch,Male,71,Married,6902250688,"55/34
Borde Ganj",Lucknow,Uttar Pradesh,422119,AB-,Doctor,Voter ID,HFC8366372,True,2026-02-03 02:57:46+05:30,2026-02-03 02:57:46+05:30
e7bc5bd8-74c0-4274-bfda-103f8afc2956,Waida,Mohanty,Female,75,Married,6435068530,"H.No. 67, Handa Path",Mumbai,Maharashtra,586074,A-,Student,Aadhar,7738 3390 5706,True,2026-02-05 18:38:20+05:30,2026-02-05 18:38:20+05:30
91ab45ad-c1cd-4019-a792-c6c41cfe743f,Qabil,Dutt,Male,62,Widow,9891250386,"93/003, Johal Ganj",Varanasi,Uttar Pradesh,211336,B+,Artist,Voter ID,RVY0595665,True,2026-02-12 13:01:36+05:30,2026-02-12 13:01:36+05:30
e8040f1a-24ce-4ca2-8b65-799d31299f08,Kiaan,Patla,Male,79,Divorcee,8287210445,"63/54, Madan Ganj",Mysore,Karnataka,574083,A+,Student,PAN Card,XFVFM8334T,True,2026-02-05 01:20:09+05:30,2026-02-05 01:20:09+05:30
ef02ed03-f977-47a8-a8ae-b7f16e95c850,Vasudha,Rajan,Female,62,Divorcee,8935023461,"82/616
Rai Path",Mysore,Karnataka,690547,O+,Engineer,PAN Card,GZTMS8469B,True,2026-02-01 11:16:50+05:30,2026-02-01 11:16:50+05:30
6ef7df1d-f020-42dd-9217-91fbbb3b3ffa,Nidhi,Vaidya,Female,64,Married,9274105753,"061, Rastogi Path",Coimbatore,Tamil Nadu,150671,AB+,Business,Voter ID,FOZ8807902,True,2026-02-08 03:26:04+05:30,2026-02-08 03:26:04+05:30
1a843920-2924-4ea2-b131-398cfe5f89af,Baghyawati,Chand,Female,56,Widow,9981754046,"13/137, Nori Marg",Mumbai,Maharashtra,678964,AB-,Business,Voter ID,PCC6213426,True,2026-02-09 14:14:28+05:30,2026-02-09 14:14:28+05:30
ca2ef07e-d9cc-4282-af44-11f4da145216,Luke,Srinivas,Transgender,51,Married,7837184169,"H.No. 64
Sane Circle",Bangalore,Karnataka,799549,AB-,Engineer,PAN Card,MRZOO5755M,True,2026-02-08 17:14:09+05:30,2026-02-08 17:14:09+05:30
bd0e8340-78b9-464a-b6e9-574012a5f94f,Chaaya,Barad,Female,41,Widow,9583621340,"10
Jhaveri Chowk",Bangalore,Karnataka,645874,O+,Accountant,Voter ID,HAS7563083,True,2026-02-13 22:19:04+05:30,2026-02-13 22:19:04+05:30
b651646e-ce5b-4d3e-9142-b04ebbf64cfd,Mason,Iyer,Transgender,20,Divorcee,6385041909,"13
Deshpande",Madurai,Tamil Nadu,624446,B+,Farmer,PAN Card,GFQWF6439F,True,2026-02-04 07:28:16+05:30,2026-02-04 07:28:16+05:30
23c32409-a2a8-46e4-81f8-93aa87402c30,Hardik,Arora,Male,82,Married,8548924229,"03/11
Chaudhuri Nagar",Bangalore,Karnataka,510623,AB-,Business,Aadhar,6590 5429 6552,True,2026-02-16 01:11:07+05:30,2026-02-16 01:11:07+05:30
0b153d90-d0ce-44ea-abc2-f63a2f9fa07b,Sneha,Rege,Female,56,Married,9068360437,"43/19, Rege Marg",Varanasi,Uttar Pradesh,538527,A-,Homemaker,Voter ID,OFG8657934,True,2026-02-02 23:22:17+05:30,2026-02-02 23:22:17+05:30
7b02e0e3-cf20-4984-9f09-6d0c64a16080,Bhavika,Naidu,Female,20,Widow,9507992714,"25, Bhandari Nagar",Mysore,Karnataka,421055,AB-,Lawyer,PAN Card,PMRAT5767X,True,2026-02-06 21:56:29+05:30,2026-02-06 21:56:29+05:30
64749cb5-285b-4804-b8d3-d60d73633028,Omkaar,Dhawan,Male,49,Widow,8783166680,"91
Gara Marg",Udaipur,Rajasthan,510321,O+,Farmer,Voter ID,UHN9482007,True,2026-02-07 15:22:28+05:30,2026-02-07 15:22:28+05:30
7d97c537-aeb9-4446-a05c-ffe45ab182fa,Azaan,Sinha,Male,29,Widow,7885893552,"36/912
Prabhu Street",Hubli,Karnataka,925653,AB+,Farmer,PAN Card,KUWEL7098Q,True,2026-02-10 09:44:30+05:30,2026-02-10 09:44:30+05:30
a270a63d-1f63-4df1-a29a-a114d6ee2adc,Nidra,Roy,Female,64,Divorcee,7500528805,"H.No. 325
Magar Path",Vadodara,Gujarat,421104,A+,Teacher,PAN Card,WIISS3009P,True,2026-02-13 04:56:01+05:30,2026-02-13 04:56:01+05:30
bf3bc3ae-d8c3-4a67-a496-3b6b3ea74f0e,Orinder,Wadhwa,Male,26,Married,8129404573,"H.No. 88
Sahota",Udaipur,Rajasthan,551051,B+,Doctor,Aadhar,9467 1304 7225,True,2026-02-11 09:03:31+05:30,2026-02-11 09:03:31+05:30
7eaf5b52-fbae-46cf-9339-6ba8c436a9fc,Darpan,Dada,Transgender,39,Widow,8478225126,"67, Puri Chowk",Mumbai,Maharashtra,383946,A+,Teacher,Aadhar,4546 5744 4206,True,2026-02-15 05:34:32+05:30,2026-02-15 05:34:32+05:30
0b91168b-55d4-4aa7-b42a-ce1201ce0384,Brinda,Trivedi,Female,23,Divorcee,6442363456,"H.No. 04, Pradhan Chowk",Kanpur,Uttar Pradesh,390101,AB-,Doctor,PAN Card,WPFJN6866C,True,2026-02-14 06:14:43+05:30,2026-02-14 06:14:43+05:30
82b15cfd-5954-4919-9419-f4f5efd094e6,Vedhika,Palan,Female,80,Unmarried,9106891878,"60/12
Bali Road",Varanasi,Uttar Pradesh,885486,A+,Accountant,Aadhar,2020 5147 4209,True,2026-02-16 05:28:26+05:30,2026-02-16 05:28:26+05:30
6dbfbfd0-3a92-4f88-a694-7bdbf5dcf5c8,Niharika,Puri,Female,19,Widow,9529193741,"H.No. 82
Zacharia Road",Varanasi,Uttar Pradesh,735785,B+,Student,Voter ID,IQR6460879,True,2026-02-14 01:10:12+05:30,2026-02-14 01:10:12+05:30
18306611-d457-4878-9ac1-27a01965d71d,Saumya,Mitter,Transgender,28,Unmarried,9974793468,"H.No. 20, Sundaram Chowk",Jodhpur,Rajasthan,846909,AB-,Engineer,Voter ID,QCX9219041,True,2026-02-12 09:40:59+05:30,2026-02-12 09:40:59+05:30
289bda51-42e2-4bf6-9a0d-77ed1e9b5899,Charan,Seshadri,Male,59,Unmarried,6490895812,"H.No. 27, Garg",Kolkata,West Bengal,903398,A+,Teacher,Aadhar,1786 4480 5839,True,2026-02-03 13:59:04+05:30,2026-02-03 13:59:04+05:30
517c8000-fd00-4516-83e2-fa6984a7142a,Rushil,Gole,Transgender,35,Unmarried,9533399488,"H.No. 488
Buch Road",Surat,Gujarat,133079,AB-,Doctor,Voter ID,WTC1469253,True,2026-02-05 21:02:35+05:30,2026-02-05 21:02:35+05:30
c92bfd00-bc8d-4d8b-9716-ca5cb1f53557,Tanay,Srivastava,Male,27,Divorcee,6812872867,"H.No. 02
Kalla",Siliguri,West Bengal,317417,A-,Accountant,PAN Card,HZIEQ5067P,True,2026-02-14 08:49:46+05:30,2026-02-14 08:49:46+05:30
9fabfb68-5a0f-46a9-8f92-9c2183e0dfb4,Shravya,Rajagopal,Transgender,48,Unmarried,9954052651,"27/079, Chatterjee Marg",Lucknow,Uttar Pradesh,515279,B+,Accountant,Voter ID,TZS6155638,True,2026-02-15 23:21:44+05:30,2026-02-15 23:21:44+05:30
d569c754-eedc-4ee5-bc7d-b67b5deb5e7e,Frederick,Verma,Male,71,Divorcee,9130755039,"12, Konda Zila",Surat,Gujarat,463168,O+,Business,Voter ID,EEW3755265,True,2026-02-01 04:31:03+05:30,2026-02-01 04:31:03+05:30
c16e89cc-0fe8-443d-b661-d25296d7868c,Ekaraj,Bassi,Male,18,Widow,8880558651,"132
Mangat Circle",Rohini,Delhi,448446,B+,Accountant,Aadhar,1436 2744 2049,True,2026-02-14 15:20:39+05:30,2026-02-14 15:20:39+05:30
7819fa2d-a5cc-454c-a67a-fa0c62e3684d,Girik,Chander,Male,58,Unmarried,8157656979,"16/660, Chad Street",Nagpur,Maharashtra,595787,B+,Lawyer,Voter ID,NQS0611921,True,2026-02-06 02:47:28+05:30,2026-02-06 02:47:28+05:30
e66ca938-4633-4f85-ae81-d2e1432b267c,Siya,Kurian,Female,66,Divorcee,6074819622,"78, Pal Circle",Varanasi,Uttar Pradesh,882249,AB+,Accountant,PAN Card,VYVFL6834Q,True,2026-02-09 05:07:25+05:30,2026-02-09 05:07:25+05:30
2a9b942b-ec14-407e-8ac2-8d7a931175e9,Atharv,Mannan,Male,89,Widow,8899194553,"H.No. 84
Kakar Road",Mumbai,Maharashtra,171027,AB+,Engineer,Aadhar,8523 3783 5235,True,2026-02-03 00:31:51+05:30,2026-02-03 00:31:51+05:30
d67a4947-8d33-4c61-8dea-db77a23c8745,Nihal,Shukla,Male,44,Married,9088474272,"60/745, Tank Chowk",Howrah,West Bengal,862545,A+,Doctor,Voter ID,CFI7979259,True,2026-02-07 19:07:34+05:30,2026-02-07 19:07:34+05:30
a35311d1-2e01-4b12-a30a-6a97a90628d2,Praneel,Warrior,Male,50,Married,9656826619,"64/063
Prakash Road",Udaipur,Rajasthan,780286,AB+,Accountant,Voter ID,EPQ0844115,True,2026-02-05 05:28:27+05:30,2026-02-05 05:28:27+05:30
a1ab1cd9-132a-4712-a6d5-4de724686c1a,Nakul,Raja,Male,52,Divorcee,6373101687,"H.No. 621
Nayar Path",Howrah,West Bengal,592370,A+,Artist,Voter ID,BOQ6703266,True,2026-02-07 21:26:54+05:30,2026-02-07 21:26:54+05:30
3d1f0923-679b-441e-b5e3-9c1ace96548d,Upadhriti,Vasa,Transgender,35,Unmarried,6580605353,"49/68, Dugar Nagar",Lucknow,Uttar Pradesh,485600,O-,Farmer,Voter ID,HMF9384316,True,2026-02-06 07:08:28+05:30,2026-02-06 07:08:28+05:30
9a50515d-eb04-49b4-8e76-3ca47105dcad,Vinaya,Cheema,Female,79,Divorcee,8085070600,"58, Barad Ganj",Jodhpur,Rajasthan,895519,B+,Doctor,Aadhar,6028 4165 2008,True,2026-02-12 05:02:56+05:30,2026-02-12 05:02:56+05:30
403120cd-fd7e-49af-85af-b874da69d8a9,Varsha,Master,Female,63,Married,6976066870,"74/965, Choudhury",Rohini,Delhi,159933,A-,Student,Aadhar,3226 4150 7532,True,2026-02-10 13:40:26+05:30,2026-02-10 13:40:26+05:30
265bdd9b-5801-4e1c-b7a9-95b1b83d30c2,Arya,Rout,Female,44,Unmarried,9646242461,"933, Kota Road",Rohini,Delhi,223420,AB-,Business,Aadhar,5055 3931 2711,True,2026-02-01 06:05:35+05:30,2026-02-01 06:05:35+05:30
763f6367-bb46-4097-bbc7-798ff73b1ec5,Viraj,Acharya,Male,49,Widow,8960488701,"367
Kannan Street",Madurai,Tamil Nadu,681428,B-,Homemaker,Aadhar,8314 3759 1288,True,2026-02-15 01:38:54+05:30,2026-02-15 01:38:54+05:30
e864b8f7-dd4f-46f8-8d3e-812bc8ce0995,Sara,Memon,Female,51,Unmarried,8966184731,"490
Sarkar Road",Madurai,Tamil Nadu,141881,B-,Engineer,Voter ID,VBP5500626,True,2026-02-15 01:44:26+05:30,2026-02-15 01:44:26+05:30
a4a2fb55-6eac-4dff-8335-3681f79a96f4,Vedhika,Barad,Female,44,Married,9857665758,"09/002, Kashyap Circle",Hubli,Karnataka,657377,B-,Accountant,Aadhar,5132 9126 4274,True,2026-02-09 01:09:50+05:30,2026-02-09 01:09:50+05:30
acc4b9ea-3a7d-4f8f-817d-74dc5a2c5c3c,Faqid,Bhalla,Male,45,Married,9983395625,"H.No. 86
Oak Circle",Varanasi,Uttar Pradesh,296107,AB-,Doctor,PAN Card,GMPRC8559B,True,2026-02-16 07:46:56+05:30,2026-02-16 07:46:56+05:30
433ca789-5d0c-445d-8b99-ab0252ccf0f1,Manthan,Kala,Male,24,Widow,6458098645,"83, Mammen",Kanpur,Uttar Pradesh,945806,B+,Farmer,Aadhar,9392 9646 1400,True,2026-02-09 06:09:00+05:30,2026-02-09 06:09:00+05:30
c428a9a2-6735-4e38-9da7-d04d187a7060,Charles,Tara,Transgender,58,Widow,8612763650,"72/653, Halder Circle",Ahmedabad,Gujarat,265961,B+,Lawyer,Voter ID,EAI2048294,True,2026-02-12 18:16:02+05:30,2026-02-12 18:16:02+05:30
1d1af41c-066a-4c83-a496-016c52b10ed2,Ekaja,Wable,Transgender,49,Widow,8623770370,"52/354
Sheth Road",Pune,Maharashtra,438606,B+,Homemaker,Voter ID,BIC8965577,True,2026-02-06 12:05:20+05:30,2026-02-06 12:05:20+05:30
d28947a2-dd65-42c3-832c-97143df45a90,Veda,Kapadia,Female,90,Married,9441318963,"80
Bath Chowk",Dwarka,Delhi,877506,AB+,Doctor,Voter ID,KTM2680079,True,2026-02-01 22:46:22+05:30,2026-02-01 22:46:22+05:30
4981f50a-c11c-4dc0-9e8e-08a24b59d252,Vansha,Barad,Female,22,Widow,7657767198,"30
Sengupta Nagar",Howrah,West Bengal,956289,O-,Homemaker,Aadhar,6139 7493 4396,True,2026-02-12 21:36:57+05:30,2026-02-12 21:36:57+05:30
7500d357-1f4c-40ef-85cf-6c139b024b03,Anirudh,Choudhary,Male,65,Married,7596307366,"H.No. 367
Saran Circle",Howrah,West Bengal,932128,A-,Teacher,PAN Card,YCECY8916S,True,2026-02-03 20:19:05+05:30,2026-02-03 20:19:05+05:30
2e61c5fc-b8c0-4a9f-a798-84bdad349a61,Krishna,Sanghvi,Male,78,Divorcee,7208812965,"H.No. 783
Dash Street",Ahmedabad,Gujarat,660983,A-,Doctor,Voter ID,ALF7757854,True,2026-02-14 14:47:02+05:30,2026-02-14 14:47:02+05:30
34fe5ba6-719b-4e9b-b135-2581ae3c8754,Wakeeta,Yadav,Female,30,Widow,6843464208,"91/628
Narasimhan",Ahmedabad,Gujarat,376033,B+,Business,Aadhar,7365 5903 1448,True,2026-02-02 09:06:57+05:30,2026-02-02 09:06:57+05:30
e5cebe99-6982-4177-b347-0c4a9a583784,Triveni,Shetty,Female,88,Widow,9725934304,"H.No. 48, Lall Path",Pune,Maharashtra,693678,A+,Teacher,Aadhar,9688 9482 8346,True,2026-02-04 00:30:42+05:30,2026-02-04 00:30:42+05:30
1ea605c7-9e6a-474b-9f30-bc24d0ca5db7,Girindra,Verma,Male,23,Married,8366166855,"46, Som Circle",Udaipur,Rajasthan,683355,A+,Doctor,Voter ID,AIR4097584,True,2026-02-13 20:27:47+05:30,2026-02-13 20:27:47+05:30
6fb8742e-0f9b-41d5-934a-adf65c3cd1c8,Wazir,Rastogi,Male,88,Married,7384173790,"97/348, Reddy Ganj",Rohini,Delhi,695262,A-,Teacher,PAN Card,SDDHA1102O,True,2026-02-05 23:03:46+05:30,2026-02-05 23:03:46+05:30
407cd305-608d-4c0f-a47d-afb5339b2f61,Jackson,Ahluwalia,Transgender,65,Widow,7116593602,"72/08
Datta Circle",Chennai,Tamil Nadu,241487,A+,Accountant,Aadhar,4294 4223 7047,True,2026-02-07 04:29:38+05:30,2026-02-07 04:29:38+05:30
83c16d11-50b4-4f12-b722-7f640a39daa1,Bhavika,Seth,Female,86,Widow,8622617164,"H.No. 961
Dhar Ganj",Mumbai,Maharashtra,742583,AB-,Doctor,Aadhar,7749 7882 7869,True,2026-02-14 01:19:05+05:30,2026-02-14 01:19:05+05:30
f9c25c4a-1721-4355-939a-fe06e3323916,Charles,Garde,Transgender,28,Married,8126601590,"17/713, Mitra",Lucknow,Uttar Pradesh,909318,B+,Accountant,Voter ID,RUN2663717,True,2026-02-15 02:51:14+05:30,2026-02-15 02:51:14+05:30
b546f887-c5da-447b-a223-bc44ea5d42ff,Dipta,Bail,Transgender,85,Divorcee,6599583888,"136, Patil Nagar",Mysore,Karnataka,480312,B+,Accountant,PAN Card,JUZMN9300M,True,2026-02-06 20:31:28+05:30,2026-02-06 20:31:28+05:30
942b1ba4-c960-442a-a5e1-09d3e23798ae,Kiaan,Chowdhury,Transgender,21,Widow,8462902329,"H.No. 53
Konda Ganj",Rohini,Delhi,466256,AB-,Teacher,PAN Card,AUHVU9431J,True,2026-02-14 16:57:24+05:30,2026-02-14 16:57:24+05:30
5bcd8bd9-cae8-4bbf-be79-1fabf8b016cf,Suhani,Tailor,Female,18,Unmarried,6020731146,"40/123, Saran Path",Kolkata,West Bengal,582532,AB-,Student,Voter ID,CGB8659221,True,2026-02-13 04:48:08+05:30,2026-02-13 04:48:08+05:30
3d3b4f09-13ff-4c11-80e9-ad44b92bbe37,Fiyaz,Subramaniam,Male,53,Unmarried,9245552077,"09, Rajagopal Path",Bangalore,Karnataka,150527,O+,Homemaker,Aadhar,2066 1207 5057,True,2026-02-13 20:31:59+05:30,2026-02-13 20:31:59+05:30
3face014-ec5c-48d8-a2de-64eae444cea4,Urvi,Khare,Transgender,82,Married,7950040808,"H.No. 821
Raman Chowk",Hubli,Karnataka,831848,AB-,Lawyer,Aadhar,3726 6721 7372,True,2026-02-10 02:21:36+05:30,2026-02-10 02:21:36+05:30
21bdb51f-c8d1-4d0f-a809-5aca376d4155,Yashodhara,Verma,Transgender,75,Widow,8430414131,"H.No. 724
Ramanathan Chowk",Jodhpur,Rajasthan,959270,AB-,Farmer,Voter ID,LVP2206410,True,2026-02-08 13:45:32+05:30,2026-02-08 13:45:32+05:30
79c98a9c-4e82-42c3-86dd-d328691ac59d,Brinda,Mani,Transgender,58,Divorcee,8531187190,"H.No. 83
Shenoy",Bangalore,Karnataka,246272,B-,Homemaker,PAN Card,HONEZ0267X,True,2026-02-09 20:33:33+05:30,2026-02-09 20:33:33+05:30
bd58fd62-f9b5-4356-b142-a190ffafbe0d,Ekani,Sarin,Female,39,Divorcee,8896376857,"H.No. 93
Tank Road",Hubli,Karnataka,297235,B+,Homemaker,PAN Card,BNUAE6234Y,True,2026-02-03 01:41:53+05:30,2026-02-03 01:41:53+05:30
b0973836-59f1-439d-b976-8eead4a820a8,Jatin,Salvi,Male,40,Widow,9175576246,"05/535, Subramanian Chowk",Madurai,Tamil Nadu,139752,AB-,Doctor,PAN Card,OTLZU0870J,True,2026-02-13 07:16:09+05:30,2026-02-13 07:16:09+05:30
4bda2c58-7132-427d-8c9a-154aced26bab,Ira,Dalal,Transgender,32,Married,7478908280,"75/03, Aggarwal Street",Dwarka,Delhi,189785,AB+,Business,Voter ID,TFZ0912915,True,2026-02-03 16:56:01+05:30,2026-02-03 16:56:01+05:30
8fee3483-e314-45da-a1f0-ae2e0643fd91,Yutika,Dhaliwal,Female,72,Married,6351002508,"H.No. 21, Patel Zila",Kanpur,Uttar Pradesh,599225,A-,Teacher,PAN Card,ROPPH5981C,True,2026-02-12 01:51:03+05:30,2026-02-12 01:51:03+05:30
9dcee3e3-d3cb-4d0f-80c7-41489c033c38,Aishani,Pandey,Transgender,52,Divorcee,9817343075,"H.No. 537
Khanna",Bangalore,Karnataka,726487,AB-,Doctor,Voter ID,LNF1397984,True,2026-02-06 04:14:41+05:30,2026-02-06 04:14:41+05:30
9809f665-0a4c-481e-b3de-25c16fc5c669,Hemani,Nagar,Transgender,49,Widow,8058244877,"H.No. 236
Dey Path",Jaipur,Rajasthan,295322,AB+,Teacher,Voter ID,CBX6413273,True,2026-02-03 00:13:15+05:30,2026-02-03 00:13:15+05:30
0bf2f44b-29bd-4e7e-9dcb-901cbbbaa424,Hemang,Mann,Transgender,37,Divorcee,9678623616,"837
Sidhu Street",Mysore,Karnataka,915884,O-,Farmer,Aadhar,7521 3748 1948,True,2026-02-09 15:41:10+05:30,2026-02-09 15:41:10+05:30
511eb6f0-22cd-4643-bdf2-e51dc1ff97c8,Vrinda,Kumar,Transgender,37,Divorcee,9299424428,"00/468, Shankar Street",Siliguri,West Bengal,977732,AB+,Engineer,Aadhar,2175 9777 5459,True,2026-02-13 04:37:46+05:30,2026-02-13 04:37:46+05:30
633b7eff-09c0-454b-aff1-651fdd8365de,Bhavini,Mutti,Female,84,Widow,8364565812,"106, Khalsa Ganj",Kolkata,West Bengal,205693,O+,Homemaker,Voter ID,ZSN9059299,True,2026-02-13 21:32:50+05:30,2026-02-13 21:32:50+05:30
c9f3286d-2662-47c9-8556-584b892459b9,Indali,Anne,Female,72,Divorcee,8386750751,"H.No. 562, Narula Nagar",Pune,Maharashtra,737960,O-,Accountant,PAN Card,FLIUF0243S,True,2026-02-06 12:50:13+05:30,2026-02-06 12:50:13+05:30
0e2ed799-4801-4e42-b43d-7796e91bfe21,Advaith,Tara,Male,24,Married,6381173990,"04/251, Jain Nagar",Chennai,Tamil Nadu,582265,B-,Teacher,PAN Card,EMOYW5059J,True,2026-02-05 23:48:03+05:30,2026-02-05 23:48:03+05:30
f54700db-17de-4cad-a10b-9792f73f3d7d,Upadhriti,Sandhu,Female,30,Divorcee,9886805415,"54/66, Chauhan Chowk",Jodhpur,Rajasthan,910391,AB+,Teacher,PAN Card,CBFKS4299O,True,2026-02-08 20:00:49+05:30,2026-02-08 20:00:49+05:30
a8c013c8-9052-4cf9-a5de-c7c23cf260cd,Gaurang,Bhatnagar,Male,63,Married,7794258855,"H.No. 887, Mahal Chowk",Coimbatore,Tamil Nadu,318049,B-,Teacher,PAN Card,FPYFE1216Z,True,2026-02-07 22:43:22+05:30,2026-02-07 22:43:22+05:30
21851653-af32-4e9a-8411-c77e0d823fbc,Isaac,Bora,Transgender,52,Divorcee,7539482519,"H.No. 202, Nath Street",Varanasi,Uttar Pradesh,530097,B-,Accountant,PAN Card,QXAAB0364I,True,2026-02-15 07:56:41+05:30,2026-02-15 07:56:41+05:30
0f81955f-8fbb-44a7-a3a1-a64ba271bdd4,Onkar,Rai,Male,79,Widow,9879016222,"H.No. 70
Soman Ganj",Kanpur,Uttar Pradesh,377751,AB+,Doctor,Aadhar,8198 8067 2201,True,2026-02-11 21:10:23+05:30,2026-02-11 21:10:23+05:30
c690b8b3-2664-4ed7-be63-911d4a7605c0,Sanya,Luthra,Female,79,Married,8214354908,"55
Anand",Jodhpur,Rajasthan,402505,A+,Homemaker,Voter ID,KFD3716512,True,2026-02-14 13:13:45+05:30,2026-02-14 13:13:45+05:30
edae1cd8-0d9b-4784-8ade-0f46201c9aae,Aishani,Bobal,Female,63,Married,8861081052,"38/68
Natt Road",Siliguri,West Bengal,242594,A-,Artist,Aadhar,2427 3623 2804,True,2026-02-11 21:53:47+05:30,2026-02-11 21:53:47+05:30
bced397e-6949-4a2a-9e9c-9b690b3cc2ff,Naveen,Cherian,Transgender,68,Widow,7995753327,"H.No. 84, Pingle Ganj",Siliguri,West Bengal,720003,A+,Accountant,PAN Card,KPGPT1593Z,True,2026-02-15 06:41:53+05:30,2026-02-15 06:41:53+05:30
41078d61-5b26-4642-877f-2cf7db63ef9d,Meghana,Agate,Female,78,Widow,8089733999,"42/88
Sagar Zila",Howrah,West Bengal,999263,A-,Farmer,Aadhar,1719 3911 8127,True,2026-02-06 23:33:30+05:30,2026-02-06 23:33:30+05:30
e58c29ab-75fd-4005-a89b-4ca017fee6a4,Gaurav,Khanna,Transgender,76,Unmarried,6414821068,"H.No. 893
Gill Chowk",Hubli,Karnataka,239600,O+,Lawyer,Voter ID,VOE8739655,True,2026-02-08 14:31:32+05:30,2026-02-08 14:31:32+05:30
8a4eeeb3-d771-4a37-9195-b466a9487f05,Harrison,Golla,Male,53,Married,9169726788,"30/734
Tata",Mumbai,Maharashtra,321049,O-,Artist,PAN Card,XHLRT9363V,True,2026-02-13 21:48:06+05:30,2026-02-13 21:48:06+05:30
8a5a2f5e-e851-424a-b40c-070d7e448659,Nihal,Devi,Male,77,Divorcee,7605568179,"32/797, Thakur Circle",Coimbatore,Tamil Nadu,709886,A-,Lawyer,PAN Card,NBXXS5434Z,True,2026-02-08 00:37:05+05:30,2026-02-08 00:37:05+05:30
ddaf5cc5-b07c-48da-b038-037eac4f068a,Shivani,Raju,Female,26,Divorcee,8268949945,"88/57
Sant Circle",Rohini,Delhi,223468,O-,Engineer,Aadhar,7497 7593 1799,True,2026-02-12 13:01:52+05:30,2026-02-12 13:01:52+05:30
070537b3-e83e-4bcc-ad37-89a9186a9f89,Orinder,Baria,Transgender,48,Widow,6219803350,"H.No. 329, More Nagar",Ahmedabad,Gujarat,261456,A+,Artist,PAN Card,JEAZH6986O,True,2026-02-14 12:20:32+05:30,2026-02-14 12:20:32+05:30
664ee8a3-fb98-45fa-a485-d24d8cb4d046,Pooja,Bhatti,Transgender,74,Divorcee,9374088441,"52, Andra Chowk",Kanpur,Uttar Pradesh,450018,AB-,Teacher,PAN Card,JIJJP8889M,True,2026-02-03 13:45:56+05:30,2026-02-03 13:45:56+05:30
1b490d96-dbec-4d37-bd2f-9dbe8971e379,Kashish,Samra,Female,50,Married,8024837246,"H.No. 84
Din Nagar",Bangalore,Karnataka,592013,AB-,Student,Aadhar,5156 5569 4611,True,2026-02-16 08:45:04+05:30,2026-02-16 08:45:04+05:30
9c8313a2-ddc9-4663-aabe-69e78c4a9aa1,Finn,Basak,Male,53,Married,7608207868,"76
Vala Street",Hubli,Karnataka,953436,A+,Business,PAN Card,GQNCL6959J,True,2026-02-15 23:43:56+05:30,2026-02-15 23:43:56+05:30
78c83deb-7ceb-412c-837b-8d40fbd1648d,Veda,Mohan,Female,38,Unmarried,9655967934,"66/21
Ramanathan Street",Pune,Maharashtra,969878,A+,Student,PAN Card,RSQDU5398U,True,2026-02-15 05:03:55+05:30,2026-02-15 05:03:55+05:30
2b9ce830-8cb1-4ec7-b155-6930ac5cac77,Panini,Keer,Female,61,Married,8326120612,"H.No. 112, Murty Marg",Chennai,Tamil Nadu,682882,B-,Lawyer,PAN Card,FLQZO1682N,True,2026-02-15 02:53:51+05:30,2026-02-15 02:53:51+05:30
e417dca0-d4fe-4248-a3df-959848507061,Jagvi,Chandra,Female,64,Widow,7067069895,"68/45
Rattan Circle",Rohini,Delhi,487746,B+,Homemaker,Aadhar,6823 3395 9653,True,2026-02-13 04:12:40+05:30,2026-02-13 04:12:40+05:30
c2f6f1e1-7dbc-4b3a-bdf4-d66a60595592,Aradhana,Mangal,Female,79,Divorcee,8361721324,"24
Kadakia Road",Mumbai,Maharashtra,972676,B-,Accountant,PAN Card,OBZGO6309G,True,2026-02-08 20:16:13+05:30,2026-02-08 20:16:13+05:30
293b4965-941e-4617-8aa4-24a9bc913305,Garima,Wable,Female,19,Widow,8704250946,"521
Sibal Road",Kanpur,Uttar Pradesh,426929,AB+,Business,Aadhar,3950 6425 1874,True,2026-02-05 05:55:44+05:30,2026-02-05 05:55:44+05:30
282e969f-cfea-4de9-970a-cc42c5f911cc,Yoshita,Chauhan,Female,55,Divorcee,8032259126,"55/136
Deo Chowk",Siliguri,West Bengal,276506,B+,Student,PAN Card,TUQBC5314K,True,2026-02-01 14:16:07+05:30,2026-02-01 14:16:07+05:30
880b78d7-0e4d-4e18-8ee2-5905cafdf123,Rayaan,Ganguly,Transgender,50,Widow,7285238006,"H.No. 743, Shere Street",Siliguri,West Bengal,780009,O+,Teacher,Voter ID,KZI7927487,True,2026-02-05 04:12:28+05:30,2026-02-05 04:12:28+05:30
e46e5ad5-6a49-4064-8fe2-f9615e04a1e1,Xalak,Sangha,Female,29,Widow,7510055655,"66/06
Ratta Street",Jaipur,Rajasthan,238395,O+,Engineer,Voter ID,BVY9087199,True,2026-02-03 14:21:08+05:30,2026-02-03 14:21:08+05:30
d0d27a78-437d-4237-8dc0-1ad0400bd6a6,Imaran,Dey,Transgender,71,Unmarried,6369258472,"16
Yadav",Coimbatore,Tamil Nadu,312623,B-,Student,Aadhar,2515 3636 2858,True,2026-02-11 05:22:14+05:30,2026-02-11 05:22:14+05:30
6dabfab8-1b1c-418e-ba85-c42280cab079,Xiti,Hegde,Female,68,Widow,9560855785,"187, Karnik Path",Kanpur,Uttar Pradesh,567091,O+,Business,Aadhar,3954 2364 6749,True,2026-02-14 08:27:15+05:30,2026-02-14 08:27:15+05:30
032f3ece-9ac8-46db-9efb-a96461487c01,Aradhana,Bail,Transgender,76,Unmarried,6806509925,"H.No. 754
Balasubramanian Road",Rohini,Delhi,719771,O-,Homemaker,PAN Card,XYEAG3430W,True,2026-02-14 18:13:58+05:30,2026-02-14 18:13:58+05:30
c9bfd991-8082-4488-9de4-06650b3232c1,Jagrati,Bora,Female,39,Widow,8529756713,"88/73, Narula Zila",Jaipur,Rajasthan,868594,B-,Lawyer,Aadhar,1647 6547 8638,True,2026-02-15 05:52:32+05:30,2026-02-15 05:52:32+05:30
77a6da0b-e42b-4eee-860f-3c25aeff05a7,Nihal,Dey,Transgender,25,Widow,6113484143,"12
Bhatia Street",Kolkata,West Bengal,578539,A+,Accountant,Aadhar,2255 6363 9421,True,2026-02-06 04:32:48+05:30,2026-02-06 04:32:48+05:30
0a6d6ab1-fb49-4dee-88c3-e5bfe220d6e9,Ansh,Thakur,Male,88,Married,9009139147,"19/89
Kalita Chowk",Varanasi,Uttar Pradesh,476663,A-,Teacher,Voter ID,QTF6408835,True,2026-02-04 23:18:48+05:30,2026-02-04 23:18:48+05:30
6bdf7542-af4b-4f55-9f81-6eef1941c3aa,Balveer,Ganesan,Male,82,Married,9101574923,"H.No. 59
Sethi Ganj",Coimbatore,Tamil Nadu,832997,A+,Engineer,Voter ID,UOW1406176,True,2026-02-02 00:25:11+05:30,2026-02-02 00:25:11+05:30
bd47fab2-69d0-449a-9c00-bccd42f2c149,Rachit,Wable,Transgender,56,Unmarried,7071914516,"638, Kar Zila",Varanasi,Uttar Pradesh,925548,A+,Farmer,Aadhar,8365 1173 7052,True,2026-02-06 09:21:10+05:30,2026-02-06 09:21:10+05:30
3c742662-0ad7-48e6-b98b-d0bf64115dbc,Samar,Bobal,Transgender,24,Married,9553020033,"58
Cheema Ganj",Jaipur,Rajasthan,808020,A-,Farmer,Voter ID,DBP1246110,True,2026-02-01 00:13:08+05:30,2026-02-01 00:13:08+05:30
907e44d7-8a8f-4e49-a64c-a9ed1ae864e0,Wridesh,Wali,Male,39,Divorcee,8560771333,"560
Kashyap Ganj",Pune,Maharashtra,865748,AB-,Student,Aadhar,1741 1003 5495,True,2026-02-09 18:45:01+05:30,2026-02-09 18:45:01+05:30
788bf885-ec5c-4a65-855b-baca8ad17e09,Chasmum,Savant,Female,23,Divorcee,8551555587,"H.No. 315, Kumer Chowk",Dwarka,Delhi,716390,O-,Business,Aadhar,4474 2111 2223,True,2026-02-05 05:07:29+05:30,2026-02-05 05:07:29+05:30
0ec062db-5573-45c0-8c22-b82bcb838125,Xalak,Karpe,Female,25,Divorcee,8820689382,"H.No. 311
Koshy Circle",Nagpur,Maharashtra,458532,AB+,Business,Aadhar,2049 1621 9919,True,2026-02-14 23:52:52+05:30,2026-02-14 23:52:52+05:30
381fe3a9-e58c-456b-83bb-decd8aa10b40,Upadhriti,Kalla,Transgender,38,Unmarried,7029905747,"H.No. 91
Parmar",Hubli,Karnataka,727169,B+,Farmer,Aadhar,3666 5107 7412,True,2026-02-06 11:30:18+05:30,2026-02-06 11:30:18+05:30
fae23689-3ba4-4b5a-a12a-e7a99cec2157,Unnati,Singhal,Transgender,89,Widow,9745087587,"30/581
Peri",Surat,Gujarat,591237,B+,Engineer,Aadhar,1467 8126 4847,True,2026-02-11 23:22:32+05:30,2026-02-11 23:22:32+05:30
90d6d3eb-0d4b-4b4a-ac73-9f4c1bacb9cd,Brinda,Majumdar,Female,81,Widow,8568420754,"61/951, Aggarwal Zila",Pune,Maharashtra,833599,O-,Accountant,Voter ID,NLP6025358,True,2026-02-01 13:14:35+05:30,2026-02-01 13:14:35+05:30
da207add-01bc-449d-ab2a-fa366a77680a,Kiaan,Madan,Male,25,Married,9930150910,"74/858, Raghavan Ganj",Mumbai,Maharashtra,782722,O+,Accountant,Voter ID,QWE3262335,True,2026-02-02 09:27:04+05:30,2026-02-02 09:27:04+05:30
36723bdf-6847-4dbd-8955-fd8aa61102a3,Frederick,Sankaran,Male,69,Unmarried,9353750832,"92, Bassi Chowk",Jodhpur,Rajasthan,421362,B-,Student,Aadhar,9052 1348 5546,True,2026-02-07 10:55:42+05:30,2026-02-07 10:55:42+05:30
7488f608-1508-42f1-be43-e32086d659e5,Jeevika,Tata,Transgender,74,Widow,6356649044,"73/28, Chander",Hubli,Karnataka,180575,AB+,Student,PAN Card,POCIM1843L,True,2026-02-11 16:56:47+05:30,2026-02-11 16:56:47+05:30
b92add8a-21ee-46e4-b0ed-2ed4fb1c0c3d,Mason,Bal,Male,69,Divorcee,7147824968,"940, Tandon Nagar",Hubli,Karnataka,252989,A-,Doctor,Aadhar,8253 9774 2625,True,2026-02-07 18:32:04+05:30,2026-02-07 18:32:04+05:30
8cb32f7c-a279-4317-baa1-97292ac99ec6,Tanish,Agrawal,Male,58,Divorcee,7835521385,"65/884
Shanker Circle",New Delhi,Delhi,441798,A+,Accountant,Aadhar,7771 7934 1638,True,2026-02-02 00:30:04+05:30,2026-02-02 00:30:04+05:30
efb966cf-d322-4efe-af63-7fbe769de74a,Hemani,Din,Transgender,88,Unmarried,9193653709,"49/473, Khalsa Chowk",Jodhpur,Rajasthan,542240,O-,Teacher,Voter ID,IVE5063725,True,2026-02-13 08:35:48+05:30,2026-02-13 08:35:48+05:30
f314de27-7aa7-45c5-b98d-a518e452f1e1,Vincent,Virk,Male,68,Unmarried,8134300942,"44/466
Sathe Path",New Delhi,Delhi,754591,O+,Engineer,Aadhar,7442 3244 1012,True,2026-02-06 04:20:15+05:30,2026-02-06 04:20:15+05:30
79c52616-f8d6-41cb-98b1-b47a4ca29607,Oviya,Ratti,Female,71,Married,8301988910,"165
Natarajan Nagar",Pune,Maharashtra,836710,B-,Engineer,Aadhar,6857 7875 7974,True,2026-02-15 02:42:21+05:30,2026-02-15 02:42:21+05:30
df81db11-5b70-4a46-a6b4-1ca094a4347b,Jyoti,Sheth,Female,76,Divorcee,6714162547,"73, Mitra Path",Kolkata,West Bengal,429739,A-,Business,Aadhar,4538 2462 1839,True,2026-02-02 21:56:00+05:30,2026-02-02 21:56:00+05:30
59e9da6e-5688-4a25-8967-bb135ca139ef,Ekavir,Toor,Transgender,55,Divorcee,6945411705,"87/538, Swaminathan Chowk",Ahmedabad,Gujarat,376497,O+,Business,Voter ID,YFZ5913406,True,2026-02-13 17:02:18+05:30,2026-02-13 17:02:18+05:30
2dda809b-54c4-411a-978f-d15a8a336f2b,Aditya,Sandal,Male,83,Married,9310994549,"90
Nagy Path",Pune,Maharashtra,685670,A+,Student,Voter ID,ATI8096855,True,2026-02-12 17:54:06+05:30,2026-02-12 17:54:06+05:30
3e31cc04-fd9f-4aeb-9040-d4717e569bf5,Balhaar,Sampath,Transgender,30,Divorcee,9034894212,"H.No. 531
Rau Chowk",Chennai,Tamil Nadu,390556,A+,Farmer,Voter ID,QGL6558872,True,2026-02-11 13:41:29+05:30,2026-02-11 13:41:29+05:30
b1a0f607-7bdb-4128-8166-5049ee376ff4,Warda,Bir,Transgender,38,Married,8185743107,"H.No. 410
Dhillon Circle",Bangalore,Karnataka,367820,O-,Student,Aadhar,3163 5395 3434,True,2026-02-14 11:51:00+05:30,2026-02-14 11:51:00+05:30
b986b836-9c43-4197-a0de-5d7de18952dc,Lajita,Bala,Female,57,Divorcee,6431164739,"894, Bhattacharyya Zila",Mysore,Karnataka,496087,AB+,Teacher,PAN Card,RKILS0825W,True,2026-02-04 14:52:51+05:30,2026-02-04 14:52:51+05:30
8bf86af5-1043-4fa7-9b4f-9edac45c2e89,Siddharth,Garde,Male,24,Unmarried,6719804808,"73/796, Aggarwal Street",Vadodara,Gujarat,544228,O+,Accountant,Voter ID,CZZ2715897,True,2026-02-14 18:15:32+05:30,2026-02-14 18:15:32+05:30
bdbebbb6-2dec-4528-9f0f-e4f94009ff87,Brinda,Sodhi,Female,82,Divorcee,9081107595,"51/844
Kothari Chowk",Pune,Maharashtra,743278,AB-,Business,PAN Card,BQPXA4190K,True,2026-02-01 12:24:59+05:30,2026-02-01 12:24:59+05:30
3c4804db-c1f5-44cd-8353-92e62fd3fe0c,Triveni,Nazareth,Transgender,61,Married,7699644856,"76, Nazareth Nagar",Dwarka,Delhi,319156,A-,Farmer,Voter ID,QOV4131459,True,2026-02-14 00:51:39+05:30,2026-02-14 00:51:39+05:30
b7ad7191-672d-448e-829e-4e604f436206,Nisha,Balan,Transgender,58,Widow,6524178574,"H.No. 219, Chadha Road",Bangalore,Karnataka,481406,A-,Accountant,Voter ID,TUR0809871,True,2026-02-09 04:07:11+05:30,2026-02-09 04:07:11+05:30
2afd7891-f425-49ea-b28c-226c5dedc32f,Imaran,Purohit,Male,72,Unmarried,7525496013,"01/516, Oommen Ganj",Howrah,West Bengal,970336,B-,Engineer,Aadhar,2441 4745 8485,True,2026-02-14 20:59:29+05:30,2026-02-14 20:59:29+05:30
a8001b94-1eda-49da-88cc-6107a8f155e5,Banjeet,Pai,Male,56,Divorcee,6485794574,"14
Mallick Circle",Jodhpur,Rajasthan,914025,A+,Business,PAN Card,JCYBF5363Q,True,2026-02-04 10:36:05+05:30,2026-02-04 10:36:05+05:30
25c60665-e2f0-4b1f-8cf4-4da782bba4d2,Urvi,Krish,Transgender,82,Unmarried,8781387690,"H.No. 540
Som Path",Hubli,Karnataka,266592,B+,Artist,PAN Card,SIPTM0555C,True,2026-02-02 14:07:38+05:30,2026-02-02 14:07:38+05:30
6ac5b6e0-2424-47eb-8517-913d03b9390e,Kashvi,Jain,Female,63,Widow,7555886073,"61/904
Srinivasan Circle",Lucknow,Uttar Pradesh,476212,B-,Business,PAN Card,BXYMA2171A,True,2026-02-01 17:56:24+05:30,2026-02-01 17:56:24+05:30
4b1856a4-3bbe-4611-80fb-ad2ac26c2d4f,Ishaan,Keer,Transgender,76,Married,8860560298,"H.No. 795, Shere Circle",Coimbatore,Tamil Nadu,617176,AB+,Student,Aadhar,5683 4201 1259,True,2026-02-16 04:45:22+05:30,2026-02-16 04:45:22+05:30
30dddeb4-d380-48e6-938d-eea009030729,Advaith,Balasubramanian,Male,78,Married,9278734850,"80/78
Ranganathan Nagar",Surat,Gujarat,396253,AB+,Accountant,Aadhar,6165 2791 5520,True,2026-02-08 21:06:32+05:30,2026-02-08 21:06:32+05:30
cff8cf75-45cc-44b1-aa47-627e4c363397,Forum,Kuruvilla,Female,80,Married,7752157340,"371, Shankar Road",Varanasi,Uttar Pradesh,803431,B-,Teacher,PAN Card,RAMBN3413Q,True,2026-02-06 07:26:32+05:30,2026-02-06 07:26:32+05:30
9219245a-df8d-4238-a72f-3f2ce91c36ba,Amara,Murthy,Female,21,Unmarried,7313325828,"H.No. 932, Chandran Path",Jodhpur,Rajasthan,517260,AB-,Farmer,Aadhar,7283 4343 5787,True,2026-02-04 03:38:59+05:30,2026-02-04 03:38:59+05:30
c126d0a9-0959-47b0-8f6d-16faf99299f1,Chanakya,Khanna,Male,65,Married,6966457493,"H.No. 740, Chopra Street",Surat,Gujarat,933943,B-,Lawyer,Aadhar,9610 4843 6688,True,2026-02-12 03:35:40+05:30,2026-02-12 03:35:40+05:30
cc5c8733-825b-42f4-81dc-14bc04347703,Gauri,Batra,Female,82,Divorcee,9833395067,"H.No. 52, Grewal Street",Madurai,Tamil Nadu,513117,A-,Farmer,PAN Card,URJAC9093H,True,2026-02-05 08:37:28+05:30,2026-02-05 08:37:28+05:30
5dc47e15-f702-4936-a922-e94bc21ad8b3,Zashil,Guha,Male,62,Unmarried,8736814058,"H.No. 273, Bath Path",Howrah,West Bengal,568714,B+,Farmer,Aadhar,8287 6454 9999,True,2026-02-11 03:42:58+05:30,2026-02-11 03:42:58+05:30
f2e7b01c-b252-41e7-a23d-ec4fd8545ea0,Wishi,Dube,Female,79,Married,7066037587,"H.No. 614, Hegde Path",Mysore,Karnataka,214424,A-,Lawyer,Aadhar,1011 1967 6942,True,2026-02-09 14:16:01+05:30,2026-02-09 14:16:01+05:30
29138217-b9bf-45be-ae36-020edf0dde5d,Jeevika,Nagarajan,Transgender,22,Married,7881587504,"H.No. 750
Som Zila",Kanpur,Uttar Pradesh,505722,O-,Business,Voter ID,AHV7907370,True,2026-02-14 14:23:58+05:30,2026-02-14 14:23:58+05:30
7a3b65bd-29b5-4d17-bd12-f89587fbcd2a,Gavin,Nagy,Male,33,Unmarried,9012705265,"H.No. 252, Kapadia Circle",Varanasi,Uttar Pradesh,763451,O+,Doctor,Voter ID,WQA7282123,True,2026-02-16 18:35:24+05:30,2026-02-16 18:35:24+05:30
f5a94afa-e06e-48b5-8eb3-5623a1363deb,Libni,Sanghvi,Transgender,38,Married,9172368461,"83
Goel Road",Mysore,Karnataka,359462,B+,Artist,Voter ID,QAH5041357,True,2026-02-15 05:52:50+05:30,2026-02-15 05:52:50+05:30
910c3c2b-aa29-4428-98a2-0b9607f1f79c,Yoshita,Loyal,Female,85,Unmarried,6005142008,"H.No. 348, Raja Nagar",Madurai,Tamil Nadu,820166,O-,Homemaker,PAN Card,YENLQ5908C,True,2026-02-11 10:52:11+05:30,2026-02-11 10:52:11+05:30
9d339038-36a8-4d62-8aad-911a529f8489,Varsha,Ravel,Female,56,Unmarried,8753965995,"937, Varkey",Bangalore,Karnataka,110149,O+,Accountant,PAN Card,NNOVE8419G,True,2026-02-04 00:45:01+05:30,2026-02-04 00:45:01+05:30
1ff8bcd5-3dce-43f8-8351-97523164b50a,Balhaar,Wali,Male,90,Divorcee,8059963640,"13/23
Krishnan Chowk",New Delhi,Delhi,316879,O+,Homemaker,PAN Card,TQLIR2637U,True,2026-02-12 03:50:55+05:30,2026-02-12 03:50:55+05:30
81f4aa6d-c876-49b3-a654-aab44ed11386,Jalsa,Pillai,Transgender,41,Unmarried,9511458151,"40
Tripathi Marg",Jodhpur,Rajasthan,831041,A+,Teacher,Aadhar,6051 9911 5210,True,2026-02-14 12:47:55+05:30,2026-02-14 12:47:55+05:30
54759e2c-ef2a-4382-a8ba-d7571e06a1cd,Pavani,Dhingra,Female,31,Divorcee,9702396117,"H.No. 682
Sundaram Zila",Coimbatore,Tamil Nadu,242946,A+,Business,PAN Card,HHPCD6405K,True,2026-02-09 20:53:53+05:30,2026-02-09 20:53:53+05:30
5bc7d10d-8e89-4bc8-967f-4ad4d62d7e4c,Alka,Karan,Female,33,Unmarried,8792353376,"H.No. 18
Ramachandran Ganj",Dwarka,Delhi,404914,A-,Farmer,Voter ID,WWH4342106,True,2026-02-12 05:44:54+05:30,2026-02-12 05:44:54+05:30
c4bac566-6021-4de4-a89a-321d9fbe2ce0,Saksham,Chowdhury,Male,44,Widow,8881738708,"35
Bhagat Zila",Madurai,Tamil Nadu,647720,A+,Doctor,PAN Card,AXSQZ1741G,True,2026-02-09 13:23:18+05:30,2026-02-09 13:23:18+05:30
5f5ee791-cb32-4019-9273-1ad5937bafc2,Mekhala,Rajagopal,Female,83,Divorcee,7406507091,"92/992
Iyengar Road",Jaipur,Rajasthan,776926,AB-,Lawyer,Voter ID,AEL4432725,True,2026-02-16 20:51:06+05:30,2026-02-16 20:51:06+05:30
70fc18b6-30db-4f00-a734-5b2f69ab4823,Gavin,Uppal,Male,54,Widow,9378209241,"822, Mani",Kanpur,Uttar Pradesh,807838,O-,Homemaker,Aadhar,2439 8353 6581,True,2026-02-09 22:21:02+05:30,2026-02-09 22:21:02+05:30
2bf98742-b193-4342-baf6-4e5469824225,Alka,Mishra,Female,43,Divorcee,9195536542,"99/84, Hayer Chowk",Pune,Maharashtra,752100,O-,Business,Voter ID,SVA5432242,True,2026-02-14 22:07:10+05:30,2026-02-14 22:07:10+05:30
16c2ea3e-1675-4218-81ec-d4e7d39774fe,Aayush,Chaudry,Male,35,Unmarried,6185801553,"H.No. 549, Saxena Street",Siliguri,West Bengal,701880,B+,Accountant,Voter ID,LAS2242946,True,2026-02-14 05:07:10+05:30,2026-02-14 05:07:10+05:30
76e1b03d-8676-4eb1-a5bc-936829f1010e,Netra,Kata,Female,60,Divorcee,9355134912,"H.No. 14, Oak Marg",Kolkata,West Bengal,905259,A-,Student,PAN Card,UZNPZ1738Z,True,2026-02-12 03:04:21+05:30,2026-02-12 03:04:21+05:30
33649ef2-9d07-4e36-a475-59146f899b15,Janaki,Sahota,Transgender,84,Widow,8081280721,"10
Mishra Marg",Mysore,Karnataka,744037,A+,Business,Voter ID,WRK7268754,True,2026-02-16 14:56:57+05:30,2026-02-16 14:56:57+05:30
250bfbe8-fc11-4abd-9353-78a4d44b80e5,Radha,Seth,Female,23,Divorcee,6476356346,"72
Aurora Nagar",Madurai,Tamil Nadu,866716,O-,Accountant,Voter ID,JMN0237756,True,2026-02-13 01:39:31+05:30,2026-02-13 01:39:31+05:30
0a6ff542-58be-474f-b282-240ce9bca8d3,Teerth,Salvi,Male,38,Married,9880833926,"891
Dubey Nagar",New Delhi,Delhi,816623,B-,Artist,Aadhar,5726 5309 1102,True,2026-02-02 19:55:42+05:30,2026-02-02 19:55:42+05:30
d1ed00b8-98d2-40bc-9373-c9d716cd0296,Thomas,Rege,Male,33,Divorcee,8181147990,"45, Sem Street",Jodhpur,Rajasthan,857330,AB-,Farmer,Voter ID,HIO7563292,True,2026-02-16 10:04:55+05:30,2026-02-16 10:04:55+05:30
822b4d6e-cd5b-4c70-bd25-461cd739b032,Oviya,Palla,Female,24,Divorcee,7239997505,"085, Ganguly Road",Ahmedabad,Gujarat,217884,A+,Farmer,Voter ID,AFB6138729,True,2026-02-15 19:38:24+05:30,2026-02-15 19:38:24+05:30
95c3af9d-2d2e-4ce6-813f-201e70c39e57,Sara,Nadig,Transgender,23,Unmarried,6966155868,"94/40
Tandon Chowk",Kolkata,West Bengal,330066,B+,Farmer,Voter ID,KWT8452959,True,2026-02-05 18:22:28+05:30,2026-02-05 18:22:28+05:30
5f3f33c2-530a-4a05-8b8f-2e89744ec9ad,Hemangini,Lall,Female,73,Unmarried,7821319710,"439
Chahal Ganj",Surat,Gujarat,198359,O-,Teacher,Voter ID,TRT2707994,True,2026-02-08 13:25:52+05:30,2026-02-08 13:25:52+05:30
932a81eb-c5f7-48b2-bc71-ca3b6a16942a,William,Khatri,Male,50,Divorcee,6937488460,"618, Sachar Circle",Vadodara,Gujarat,504592,A+,Lawyer,Aadhar,5991 8364 1806,True,2026-02-02 12:02:58+05:30,2026-02-02 12:02:58+05:30
6362df4c-d0eb-4aab-9ebc-86dba5aa66bc,Radha,Prabhu,Transgender,36,Divorcee,7744938005,"55/924, Patil Zila",Varanasi,Uttar Pradesh,861956,A+,Business,Voter ID,LLW5751978,True,2026-02-05 12:57:58+05:30,2026-02-05 12:57:58+05:30
38944ceb-a9a9-4338-b2a0-728bce2a7191,Gavin,Kaul,Male,64,Unmarried,7950123761,"50/876
Rai Ganj",Hubli,Karnataka,533321,A-,Doctor,Voter ID,KOU1607677,True,2026-02-11 13:35:05+05:30,2026-02-11 13:35:05+05:30
6e40f4b0-36a1-45f8-80e0-a4bf70c85d33,Panini,Shroff,Female,76,Married,8450188881,"80, Jani Road",Madurai,Tamil Nadu,665478,O+,Artist,PAN Card,JKLCY6035W,True,2026-02-08 00:38:49+05:30,2026-02-08 00:38:49+05:30
8ea61762-e073-4aa8-9be8-a53384a50a5b,Abhiram,Dani,Transgender,36,Unmarried,9561327170,"950
Ranganathan Marg",Dwarka,Delhi,397687,O-,Lawyer,PAN Card,MSQVI3936U,True,2026-02-12 09:48:07+05:30,2026-02-12 09:48:07+05:30
877b87d0-04cb-40c0-addd-780967a4656d,Harrison,Munshi,Transgender,79,Married,6672486167,"479, Bobal Zila",Pune,Maharashtra,222037,B+,Artist,Voter ID,ZPD5191255,True,2026-02-05 04:33:03+05:30,2026-02-05 04:33:03+05:30
ab9b2df3-999c-4fda-aadf-cb8bb77a588f,Charita,Om,Female,88,Unmarried,7992396347,"55/992, Goel Chowk",Coimbatore,Tamil Nadu,861420,A-,Lawyer,PAN Card,XSQRL2707G,True,2026-02-16 12:24:14+05:30,2026-02-16 12:24:14+05:30
90f1a95a-cf59-4dec-a766-d2b828491821,Kashvi,Parmer,Female,74,Married,8143530883,"H.No. 62
Dasgupta Nagar",Dwarka,Delhi,514971,O-,Homemaker,Voter ID,YVT2796551,True,2026-02-07 02:55:33+05:30,2026-02-07 02:55:33+05:30
faa9b9e5-fbce-4c86-ae85-ec08ced788a0,Ojasvi,Acharya,Transgender,62,Married,9754304464,"H.No. 324, Gaba Nagar",Kolkata,West Bengal,194024,O-,Teacher,Voter ID,EXV9095652,True,2026-02-06 16:44:30+05:30,2026-02-06 16:44:30+05:30
1a151043-2c49-4dd5-9d38-98a35a5a7766,Charita,Ganesh,Female,47,Unmarried,6168728228,"732, Wagle Marg",Nagpur,Maharashtra,199706,O+,Accountant,Voter ID,HIE4920154,True,2026-02-10 11:47:42+05:30,2026-02-10 11:47:42+05:30
c206cc5b-42b0-410a-98e8-42c07fb94d24,Advik,Jayaraman,Transgender,41,Widow,8758620751,"48/723, Chakraborty Zila",Dwarka,Delhi,277336,B-,Teacher,Aadhar,5952 8552 8065,True,2026-02-16 00:50:25+05:30,2026-02-16 00:50:25+05:30
4345152c-8828-455e-9f8a-cd746493748e,Chavvi,Ganguly,Female,32,Married,9274091751,"H.No. 41, Kade Marg",Howrah,West Bengal,821457,B+,Farmer,Voter ID,VEE6844541,True,2026-02-09 23:45:52+05:30,2026-02-09 23:45:52+05:30
f432a9c0-631a-4abf-9251-f30f7c2f422e,Aradhana,Mishra,Female,64,Divorcee,7013430282,"41/841
Shenoy Marg",Kanpur,Uttar Pradesh,148991,O+,Teacher,Voter ID,XWG7203035,True,2026-02-05 18:05:55+05:30,2026-02-05 18:05:55+05:30
bda75b64-7045-4327-9bcc-4a22fe2d3c19,Widisha,Dubey,Female,52,Divorcee,6190685988,"69/808, Deshpande Ganj",Kanpur,Uttar Pradesh,178012,AB+,Farmer,Aadhar,1698 3809 6174,True,2026-02-14 20:13:09+05:30,2026-02-14 20:13:09+05:30
fdddf835-fe0b-4585-bf11-7ccc812b9114,Veda,Lala,Female,37,Unmarried,6586330279,"75/15, Jhaveri Chowk",Rohini,Delhi,641588,A+,Student,PAN Card,GWEWG8061V,True,2026-02-01 17:24:17+05:30,2026-02-01 17:24:17+05:30
73e7cbb4-d20c-4a98-b3e6-bf783dbaaac1,Zehaan,Bava,Transgender,83,Unmarried,7024820686,"H.No. 25, Ramesh Street",Dwarka,Delhi,399807,AB+,Farmer,PAN Card,IRSUZ9712H,True,2026-02-13 12:43:49+05:30,2026-02-13 12:43:49+05:30
54fa5ed5-2523-4158-93d3-5ab309af9547,Osha,Mohan,Female,81,Divorcee,7310312973,"H.No. 171, Swamy Circle",Mumbai,Maharashtra,962187,AB-,Lawyer,PAN Card,JBXPU1687P,True,2026-02-16 01:13:50+05:30,2026-02-16 01:13:50+05:30
99635a92-9bd5-4459-9519-77920b3d1706,Jatin,Shan,Transgender,81,Unmarried,7849525285,"99/89, Borde Road",Jodhpur,Rajasthan,523120,AB-,Farmer,Aadhar,4198 4331 2231,True,2026-02-09 15:36:38+05:30,2026-02-09 15:36:38+05:30
95f1ad86-9009-421e-8df0-6a3ce9e4a549,Falak,Nori,Female,22,Divorcee,7672917909,"H.No. 33, Buch Ganj",Madurai,Tamil Nadu,520646,A+,Lawyer,PAN Card,RFMDF5111D,True,2026-02-09 19:41:21+05:30,2026-02-09 19:41:21+05:30
1fa8e994-2f76-4c9c-94b5-62e4918af049,Yashvi,Parmar,Female,66,Unmarried,6431523135,"H.No. 901, Sastry Marg",Siliguri,West Bengal,737409,B+,Homemaker,Aadhar,1426 7045 9851,True,2026-02-04 15:35:34+05:30,2026-02-04 15:35:34+05:30
bf61c50e-2675-4690-b4ad-2d90ec418aca,Charita,Mangat,Female,53,Unmarried,8309136945,"49/79, Bhatti Chowk",Pune,Maharashtra,928465,AB+,Doctor,Aadhar,6428 7496 1059,True,2026-02-01 13:05:15+05:30,2026-02-01 13:05:15+05:30
a9371ff3-978f-481b-b6ad-494ed5c8d8c6,Urvi,Dasgupta,Transgender,56,Widow,8178274095,"981
Aurora Ganj",Bangalore,Karnataka,491351,AB+,Homemaker,Aadhar,4299 7794 3731,True,2026-02-14 11:53:57+05:30,2026-02-14 11:53:57+05:30
f37d7b98-d023-46dd-8390-9731c1647d4d,Lakshit,Sagar,Male,61,Married,9580861076,"H.No. 385
Srinivas Circle",Chennai,Tamil Nadu,898739,A+,Accountant,PAN Card,BJZRG9077J,True,2026-02-03 04:44:21+05:30,2026-02-03 04:44:21+05:30
19a76cd3-21c3-4399-88b0-b9b7fa2361ea,Advaith,Kota,Male,44,Divorcee,6520391648,"69
Kata Nagar",Hubli,Karnataka,678661,AB+,Business,PAN Card,OQYMG5105X,True,2026-02-02 01:58:36+05:30,2026-02-02 01:58:36+05:30
4614bfa9-75d0-4312-ab91-fdeed4493b68,Saanvi,Chana,Female,67,Widow,6667128548,"60/480, Kade Street",Coimbatore,Tamil Nadu,613384,AB+,Engineer,Aadhar,8953 7180 9867,True,2026-02-07 14:37:22+05:30,2026-02-07 14:37:22+05:30
ed4e38e5-3415-492c-9c6b-119c7ed926d2,Pavani,Sankar,Transgender,25,Unmarried,8691361522,"H.No. 89, Ramakrishnan Ganj",Howrah,West Bengal,451560,A+,Homemaker,Aadhar,7339 8573 5397,True,2026-02-05 01:04:24+05:30,2026-02-05 01:04:24+05:30
568ca445-cec6-4c2e-83ae-dae997d971b8,Lakshit,Murty,Male,44,Unmarried,7449957581,"67/47
Mutti Ganj",Mumbai,Maharashtra,260111,B+,Student,Voter ID,VUF2400775,True,2026-02-02 18:06:48+05:30,2026-02-02 18:06:48+05:30
847c77ef-aac0-4e5e-ad00-a038c3c538f7,Upasna,Sha,Transgender,69,Divorcee,9472477516,"07/083
Roy Nagar",Bangalore,Karnataka,920376,AB+,Artist,Voter ID,CXA2226408,True,2026-02-16 00:25:41+05:30,2026-02-16 00:25:41+05:30
76b4aedc-4b8b-44fb-8cc0-3dc83258314b,Baljiwan,Iyer,Male,26,Married,6013474639,"H.No. 390
Warrior",Nagpur,Maharashtra,250274,AB-,Teacher,Aadhar,4686 7916 2656,True,2026-02-12 13:20:25+05:30,2026-02-12 13:20:25+05:30
dfbd6b46-c71b-484a-9a4e-25bbaaf09b0f,Tanay,Bhavsar,Male,23,Widow,8516732725,"02/16, Wadhwa Chowk",Lucknow,Uttar Pradesh,809126,O-,Homemaker,Aadhar,4838 2402 7676,True,2026-02-14 19:19:00+05:30,2026-02-14 19:19:00+05:30
f7cbdb7c-7dfe-4b78-a911-654c9a1e0e1e,Ekanta,Choudhury,Female,68,Divorcee,7281697038,"H.No. 213
Varty Ganj",Ahmedabad,Gujarat,457401,O+,Engineer,Voter ID,JEF7815035,True,2026-02-05 15:28:14+05:30,2026-02-05 15:28:14+05:30
ea40ad42-06c5-4e32-aba5-332f2c92ca06,Charles,Mahal,Male,85,Widow,8400565481,"643
Konda Path",Mumbai,Maharashtra,370333,AB-,Student,Aadhar,9818 7460 4851,True,2026-02-02 13:51:30+05:30,2026-02-02 13:51:30+05:30
99913186-f436-48ea-930b-22c34a21cd9d,Sathvik,Sura,Male,85,Unmarried,6530575992,"741
Patla Road",Kanpur,Uttar Pradesh,731406,B-,Artist,Aadhar,3823 3630 9886,True,2026-02-02 20:33:51+05:30,2026-02-02 20:33:51+05:30
1cb02fa8-e1bb-4893-bec6-4e89a9974fc9,Henry,Sagar,Male,18,Married,8577109197,"343, Bora",Mysore,Karnataka,834442,A-,Homemaker,PAN Card,HPKXY7057X,True,2026-02-09 17:32:17+05:30,2026-02-09 17:32:17+05:30
29476b47-b62e-419c-b8db-5ad3efdaf78a,Dhriti,Krish,Transgender,67,Married,9083059362,"H.No. 27, Sharma Ganj",Rohini,Delhi,631878,A+,Homemaker,Aadhar,3729 9927 6136,True,2026-02-14 12:33:54+05:30,2026-02-14 12:33:54+05:30
29a14afd-d69a-418a-b273-79454f729339,Krish,Nazareth,Male,54,Unmarried,9384646336,"79/83, Seshadri Nagar",Ahmedabad,Gujarat,877759,B+,Homemaker,Voter ID,KAR3553313,True,2026-02-04 07:31:16+05:30,2026-02-04 07:31:16+05:30
eb46b416-aecc-4d2c-b217-71a7faccf544,Neel,Khalsa,Male,21,Widow,9233817941,"64/07
Jhaveri Road",Mysore,Karnataka,774157,B+,Artist,Aadhar,5148 8353 5616,True,2026-02-16 07:02:20+05:30,2026-02-16 07:02:20+05:30
56fb9df5-8ffa-40c3-a87b-52e44cd5d930,Abeer,Dayal,Transgender,78,Unmarried,6898537961,"52, Basak Chowk",Rohini,Delhi,797791,AB+,Doctor,PAN Card,ULGHI9066F,True,2026-02-09 01:23:07+05:30,2026-02-09 01:23:07+05:30
5041e0d9-1776-4250-a1e5-69d1828e373c,Hemang,Dalal,Male,49,Married,6847538254,"H.No. 22, Dyal Path",Varanasi,Uttar Pradesh,419660,B+,Business,PAN Card,DQOYO6582L,True,2026-02-12 00:45:34+05:30,2026-02-12 00:45:34+05:30
62651406-9412-4e3b-83a2-bef0fb4e4d3e,Balveer,Gokhale,Transgender,86,Widow,9592169427,"H.No. 938
Tella Zila",New Delhi,Delhi,346031,O-,Homemaker,Voter ID,AZM4448913,True,2026-02-13 21:33:04+05:30,2026-02-13 21:33:04+05:30
92136166-749f-453f-84c7-d231397ba9b2,Gaurika,Pingle,Transgender,65,Divorcee,8844000784,"46/53, Bhattacharyya Marg",Rohini,Delhi,868440,O+,Engineer,Voter ID,CNO8054140,True,2026-02-16 14:21:40+05:30,2026-02-16 14:21:40+05:30
fcaf2bda-390a-46be-b76c-bcf3bfddfab5,Ekantika,Sawhney,Transgender,48,Widow,7579843826,"23, Loyal Ganj",Kolkata,West Bengal,888596,B+,Artist,Aadhar,7036 5837 5520,True,2026-02-06 14:08:52+05:30,2026-02-06 14:08:52+05:30
add8c910-83cd-47f3-93ee-ac6bb7958c25,Qarin,Sampath,Male,69,Married,8521896192,"91/68
Narula Zila",Chennai,Tamil Nadu,625140,B-,Student,Aadhar,3575 2837 1653,True,2026-02-09 17:05:01+05:30,2026-02-09 17:05:01+05:30
831955d5-de8f-4f17-8ef2-dd731ee35192,Thomas,Murty,Transgender,66,Divorcee,6010515714,"H.No. 045, Sachdev Street",Varanasi,Uttar Pradesh,753902,O+,Engineer,Voter ID,JNK7081269,True,2026-02-16 07:09:46+05:30,2026-02-16 07:09:46+05:30
dfd2b8bb-9d2a-49ed-910c-a4c5a064004e,Jonathan,Kaul,Male,65,Divorcee,8829326864,"H.No. 11
Chand Path",Surat,Gujarat,862149,B+,Doctor,Voter ID,VSE1312966,True,2026-02-02 13:47:43+05:30,2026-02-02 13:47:43+05:30
773f9d17-c861-4a59-bb59-a7dd006a87ec,Aarini,Kapoor,Transgender,56,Divorcee,8602541033,"H.No. 05
Dhaliwal Ganj",Rohini,Delhi,802018,A-,Artist,Voter ID,CAY3028933,True,2026-02-08 18:05:18+05:30,2026-02-08 18:05:18+05:30
37c0a714-7f84-4c27-992e-78cd4af624a5,Qasim,Bandi,Male,25,Unmarried,7316368584,"H.No. 358
Khatri Nagar",Chennai,Tamil Nadu,730082,A+,Engineer,PAN Card,RSKXC1257K,True,2026-02-04 22:14:50+05:30,2026-02-04 22:14:50+05:30
bdb7c8d5-4d54-4776-9d03-fd548079e9be,Vyanjana,Mishra,Female,59,Unmarried,6672557525,"398, Narula Zila",Hubli,Karnataka,323595,O+,Lawyer,PAN Card,TKOGR1836I,True,2026-02-02 13:11:06+05:30,2026-02-02 13:11:06+05:30
0eca344d-703b-4727-a07f-6dabd560886c,Madhavi,Sharaf,Transgender,26,Widow,8212650219,"H.No. 51, Dara Street",Kanpur,Uttar Pradesh,188889,B-,Artist,Voter ID,LOB2319093,True,2026-02-01 11:26:39+05:30,2026-02-01 11:26:39+05:30
7848ed58-996a-49fd-bbe8-c214815da1d6,Faraj,Ramakrishnan,Male,71,Married,9035764596,"H.No. 543
Goda Street",Ahmedabad,Gujarat,759170,A-,Lawyer,Voter ID,KNV1641057,True,2026-02-11 01:59:36+05:30,2026-02-11 01:59:36+05:30
7753923a-3000-490a-966f-4296f2d15775,Gavin,Sheth,Transgender,73,Widow,7548684375,"H.No. 67, Srinivasan Nagar",Kanpur,Uttar Pradesh,492318,B-,Student,Aadhar,5197 7645 8475,True,2026-02-12 20:08:06+05:30,2026-02-12 20:08:06+05:30
02751f33-b8a8-4599-a99e-45ae2c5db647,Lakshit,Dani,Male,48,Widow,7074674656,"593
Rattan Circle",Howrah,West Bengal,220607,AB-,Doctor,PAN Card,LKGRN7873S,True,2026-02-04 18:44:57+05:30,2026-02-04 18:44:57+05:30
ee3b2dac-ce5c-44e9-b302-42365c96935c,Girik,Mutti,Transgender,53,Unmarried,6668919754,"H.No. 754, Baral Zila",Vadodara,Gujarat,307470,AB+,Artist,Aadhar,8946 8663 1074,True,2026-02-13 05:04:08+05:30,2026-02-13 05:04:08+05:30
8f14ab92-2dc0-48b4-b66c-36eafcfe6fa1,Gunbir,Lala,Male,45,Widow,8262769840,"H.No. 991
Zachariah Chowk",Vadodara,Gujarat,676460,A-,Doctor,Aadhar,1772 1528 7782,True,2026-02-15 03:58:47+05:30,2026-02-15 03:58:47+05:30
01a35426-da3a-4280-86e0-50e312a60643,Dalaja,Vora,Female,43,Unmarried,6965520830,"03/33, Rout Ganj",Bangalore,Karnataka,714005,O+,Teacher,PAN Card,EBYIL2880D,True,2026-02-06 00:42:33+05:30,2026-02-06 00:42:33+05:30
7e06a5e4-4d2a-4fa7-8b2a-89c3ec1b85cc,Amara,Nori,Transgender,69,Married,6279393825,"04/88, Nadig Nagar",Hubli,Karnataka,125701,A-,Homemaker,PAN Card,LRXYO6079X,True,2026-02-04 07:35:28+05:30,2026-02-04 07:35:28+05:30
61aa5345-2cb2-40d7-862b-9e858962d1ec,Abhiram,Sami,Transgender,67,Married,6891857149,"03, Morar Zila",Rohini,Delhi,658109,AB+,Accountant,PAN Card,TSMEW7815D,True,2026-02-09 07:57:41+05:30,2026-02-09 07:57:41+05:30
68b4b18b-d5b0-4ed0-ac3e-d6cd00b7505c,Nitesh,Wadhwa,Male,34,Married,8021211418,"02/00, Raj Zila",Bangalore,Karnataka,946381,O+,Farmer,Voter ID,MYJ7436492,True,2026-02-04 08:14:17+05:30,2026-02-04 08:14:17+05:30
51897200-3b05-4e3c-9b6f-bfcc4de47f7c,Rohan,Bhat,Transgender,86,Divorcee,9960135275,"H.No. 16, Randhawa Zila",Surat,Gujarat,687838,A-,Artist,PAN Card,GXSNL1239C,True,2026-02-14 21:06:23+05:30,2026-02-14 21:06:23+05:30
25f925f1-b89d-4455-b14c-251d762590cd,Tanveer,Misra,Transgender,39,Unmarried,7339179765,"H.No. 202
Patel Zila",Lucknow,Uttar Pradesh,172607,A+,Accountant,Voter ID,FQC1057014,True,2026-02-09 02:36:03+05:30,2026-02-09 02:36:03+05:30
1999f6f0-4505-4f8a-96eb-f0f5710a049d,Bhavya,Mukhopadhyay,Transgender,71,Unmarried,9718710770,"82/628
Desai Circle",Jaipur,Rajasthan,913077,B-,Student,PAN Card,YNEKS8293C,True,2026-02-06 23:35:01+05:30,2026-02-06 23:35:01+05:30
7e640268-df2a-4e7b-a043-91e627b1b79e,Nakul,Mistry,Male,19,Married,9654268709,"H.No. 19
Bakshi Zila",Varanasi,Uttar Pradesh,111646,B-,Artist,Aadhar,2490 8801 4357,True,2026-02-16 14:03:50+05:30,2026-02-16 14:03:50+05:30
31beb199-a0fd-49c6-9e94-6a655102eae3,Eta,Bahl,Transgender,76,Widow,8297192554,"07
Nadig Path",Kanpur,Uttar Pradesh,449697,B+,Student,PAN Card,VKXHZ4845Q,True,2026-02-06 21:52:56+05:30,2026-02-06 21:52:56+05:30
41a6cca4-2232-4824-a16f-2897d9b51521,Meghana,Dugal,Female,38,Unmarried,9526619584,"H.No. 254
Pandey Chowk",Dwarka,Delhi,629130,A+,Student,PAN Card,FPWAL5444H,True,2026-02-09 15:07:08+05:30,2026-02-09 15:07:08+05:30
e01cccaa-c367-4a0e-b14d-98bdd923a361,Hemani,More,Transgender,77,Unmarried,7664289790,"99/90, Khatri Street",Lucknow,Uttar Pradesh,955984,B-,Lawyer,PAN Card,RPDQO1300H,True,2026-02-01 20:57:12+05:30,2026-02-01 20:57:12+05:30
e2801328-0fc2-45d6-892f-f249b323fd79,Arjun,Ramanathan,Male,66,Unmarried,7913056542,"33
Chander Marg",Hubli,Karnataka,286522,AB-,Doctor,PAN Card,UVWPO8137F,True,2026-02-14 09:20:35+05:30,2026-02-14 09:20:35+05:30
f2bf2b81-8527-401d-8ec7-9bbe921ce37f,Ubika,Saxena,Female,82,Widow,9192061151,"87/062, Mittal Street",Kanpur,Uttar Pradesh,625870,AB-,Lawyer,Aadhar,8438 8086 2740,True,2026-02-08 08:11:01+05:30,2026-02-08 08:11:01+05:30
7fa74577-9a85-4baa-a981-92889834720f,Yashica,Vaidya,Transgender,69,Unmarried,6179855382,"73/350, Ratti",Madurai,Tamil Nadu,306094,A-,Engineer,PAN Card,BMRKN8673R,True,2026-02-16 14:28:39+05:30,2026-02-16 14:28:39+05:30
2f314215-81e2-4aa6-8772-8d94703257bc,Logan,Amble,Transgender,53,Married,6130389307,"H.No. 43
Gokhale Circle",Varanasi,Uttar Pradesh,457864,B+,Homemaker,Aadhar,2697 6289 6580,True,2026-02-03 02:07:03+05:30,2026-02-03 02:07:03+05:30
76271a24-6a37-424c-80a8-519edd28bae1,Gautam,Sani,Male,33,Divorcee,6805328874,"10/589, Korpal",Bangalore,Karnataka,332107,AB+,Teacher,Voter ID,HIW9585989,True,2026-02-01 14:03:45+05:30,2026-02-01 14:03:45+05:30
d799fa13-5c74-4062-aa1a-d9005d3b6762,Fitan,De,Transgender,81,Married,9917061350,"35/55
Baria Marg",Howrah,West Bengal,893904,A+,Doctor,Aadhar,4404 4794 4758,True,2026-02-15 06:25:29+05:30,2026-02-15 06:25:29+05:30
621b81c7-0eeb-4c44-836b-b65ac66ca057,Varsha,Bali,Female,82,Married,6601398533,"78
Desai Circle",Chennai,Tamil Nadu,786260,O-,Doctor,Aadhar,4074 9499 4894,True,2026-02-16 22:25:07+05:30,2026-02-16 22:25:07+05:30
f3e23f4f-eb7e-421a-a47d-da0753dad8a5,Janaki,Gade,Transgender,46,Unmarried,6521987630,"64
Singhal Zila",Mumbai,Maharashtra,787187,AB-,Artist,Voter ID,NMV5518632,True,2026-02-09 02:23:34+05:30,2026-02-09 02:23:34+05:30
ff9b58ca-4386-46ab-9a21-fc712bc7454c,Radha,Pandya,Female,45,Married,6610216973,"79/537, Krish Circle",Mysore,Karnataka,844231,O+,Farmer,Aadhar,7054 8507 3041,True,2026-02-08 15:27:56+05:30,2026-02-08 15:27:56+05:30
9801e1bd-e025-47be-9a52-9d4c95c8904e,Avni,Savant,Female,86,Widow,8478214021,"H.No. 58, Mannan Chowk",Chennai,Tamil Nadu,948205,A+,Artist,Voter ID,TGT0147862,True,2026-02-16 13:49:30+05:30,2026-02-16 13:49:30+05:30
7d64d8dd-dd6f-43a8-816c-30ea393488ed,Yachana,Balay,Female,44,Married,9788237898,"H.No. 520, Randhawa",Mumbai,Maharashtra,477363,AB-,Homemaker,PAN Card,OFRAN1202M,True,2026-02-09 06:04:02+05:30,2026-02-09 06:04:02+05:30
f375f459-f6cb-4cb2-9e42-5d58b042c202,Yuvraj,Chawla,Transgender,33,Unmarried,9581026655,"65
Wagle Street",Surat,Gujarat,719648,O-,Doctor,Aadhar,1639 2746 7287,True,2026-02-15 17:40:10+05:30,2026-02-15 17:40:10+05:30
50ca5281-739c-4975-b1e3-7b664f102809,Girindra,Rattan,Male,65,Unmarried,9264972949,"H.No. 767, Mangal Nagar",Pune,Maharashtra,252851,B-,Homemaker,PAN Card,DTKSI4334Z,True,2026-02-05 08:59:00+05:30,2026-02-05 08:59:00+05:30
50faa8dd-4c03-49f0-ac96-fa59eb1fd19b,Guneet,Deo,Male,33,Unmarried,9637894404,"H.No. 02, Srinivas",Ahmedabad,Gujarat,549493,A-,Accountant,Aadhar,3173 9680 7653,True,2026-02-03 18:34:24+05:30,2026-02-03 18:34:24+05:30
ac68166b-d52f-4792-bd22-5a0f5d2c9359,Anvi,Mistry,Transgender,76,Unmarried,9035039155,"H.No. 371
Gupta Circle",Jodhpur,Rajasthan,550990,AB-,Business,Voter ID,RSX0130799,True,2026-02-16 17:55:00+05:30,2026-02-16 17:55:00+05:30
b7d5ecb9-3cd7-41ce-998f-5e62aa5d1557,Kamya,Lanka,Transgender,44,Married,7639224993,"34/21, Mani Street",Varanasi,Uttar Pradesh,661531,O+,Doctor,PAN Card,XDNLZ6475G,True,2026-02-10 06:52:54+05:30,2026-02-10 06:52:54+05:30
47290f70-3a5b-4ecd-9491-7cd7765ec0b9,Januja,Dewan,Transgender,18,Divorcee,9968476409,"54/425
Mammen",Udaipur,Rajasthan,517036,O-,Accountant,Aadhar,4958 1757 9179,True,2026-02-08 04:12:09+05:30,2026-02-08 04:12:09+05:30
3d467e49-5567-422a-9f35-d6afc6617643,Aarnav,Patla,Transgender,62,Divorcee,9667223937,"29/113, Sane Circle",Madurai,Tamil Nadu,534368,A+,Farmer,Aadhar,4898 6304 6408,True,2026-02-03 00:23:26+05:30,2026-02-03 00:23:26+05:30
0b4e1616-e376-4eb5-95cb-9cf2a26039d7,Balvan,Dugar,Transgender,77,Married,6458519639,"H.No. 41
Kanda Zila",Rohini,Delhi,673470,B+,Artist,PAN Card,IIMEH9514Z,True,2026-02-06 17:30:29+05:30,2026-02-06 17:30:29+05:30
24fb561a-b520-4e84-944f-d863c1c3ac01,Zaid,Patla,Male,53,Married,9237029555,"68, Khosla Path",Coimbatore,Tamil Nadu,226867,O-,Business,PAN Card,DIFGA0123Z,True,2026-02-14 06:11:12+05:30,2026-02-14 06:11:12+05:30
86ace3c9-1f95-48d6-860a-7b7c94637a4f,Rushil,Singh,Male,51,Married,8843535902,"19
Krishnan Road",Udaipur,Rajasthan,302202,B-,Artist,Aadhar,9673 3801 1306,True,2026-02-12 20:42:23+05:30,2026-02-12 20:42:23+05:30
3c2e2911-25f1-4620-aa3e-39890bec96ca,Praneel,Murthy,Transgender,69,Divorcee,8423240115,"03/24
Madan Street",Chennai,Tamil Nadu,278448,O-,Doctor,Aadhar,5784 6271 7973,True,2026-02-01 19:51:04+05:30,2026-02-01 19:51:04+05:30
c4ec80a1-6207-4afd-a159-5720db0411a2,Kritika,Soni,Female,88,Widow,6588001486,"81/98
Kuruvilla Nagar",Madurai,Tamil Nadu,461055,A-,Homemaker,Aadhar,1162 8976 9809,True,2026-02-02 10:52:21+05:30,2026-02-02 10:52:21+05:30
b13a5c9f-969d-464a-bc2f-b8f1ecd31636,Zashil,Varkey,Transgender,37,Widow,6607984655,"53/60
Randhawa Marg",Siliguri,West Bengal,576828,A-,Business,Aadhar,2011 7690 8265,True,2026-02-14 15:04:14+05:30,2026-02-14 15:04:14+05:30
1eb6ece1-7e37-486b-9a7c-aa1c904605d9,Jairaj,Seshadri,Male,58,Unmarried,7814505046,"996, Sankar Ganj",Varanasi,Uttar Pradesh,668128,AB-,Teacher,Aadhar,9490 3846 2899,True,2026-02-12 20:33:18+05:30,2026-02-12 20:33:18+05:30
84c1eb16-594a-4ad4-98fa-7537f089736f,Keya,Sinha,Transgender,47,Divorcee,7588927122,"28/12, Panchal Road",Siliguri,West Bengal,285826,A+,Teacher,Voter ID,ULB0566626,True,2026-02-14 13:49:37+05:30,2026-02-14 13:49:37+05:30
fe9c5122-407a-4013-8b76-cdfc5d1db81f,Ansh,Balakrishnan,Transgender,78,Divorcee,7945347504,"93/04, Nazareth Street",Hubli,Karnataka,265127,O-,Student,Voter ID,LFF5607418,True,2026-02-04 08:19:17+05:30,2026-02-04 08:19:17+05:30
bcb653f9-77bd-47c2-97e2-7a77949ce3de,Sneha,Garde,Female,43,Unmarried,9363526680,"H.No. 98, Arora Zila",Surat,Gujarat,585466,B-,Artist,PAN Card,DUWPR0887J,True,2026-02-13 07:34:47+05:30,2026-02-13 07:34:47+05:30
be3bf7fa-89fe-439b-ae20-0f4be925b460,Hredhaan,Buch,Male,84,Divorcee,9979836483,"137, Dora Chowk",Pune,Maharashtra,378453,AB-,Lawyer,Aadhar,2012 3442 8864,True,2026-02-15 10:03:56+05:30,2026-02-15 10:03:56+05:30
27bb6bb1-0bc2-4883-8718-53a81fff5333,Avi,Doshi,Transgender,85,Married,9515775079,"08/44, Shetty Circle",Udaipur,Rajasthan,664785,O+,Homemaker,Aadhar,7508 8893 3856,True,2026-02-14 19:35:41+05:30,2026-02-14 19:35:41+05:30
a47c08d6-5b47-4695-b4f1-4fe179211b31,Vanya,Pandya,Female,30,Unmarried,6379164485,"79/12, Dube",Madurai,Tamil Nadu,549630,A+,Student,Voter ID,PJU8347352,True,2026-02-08 20:07:31+05:30,2026-02-08 20:07:31+05:30
9c82bf60-40fe-4903-a578-f00740b36b76,Ucchal,Saini,Transgender,32,Widow,9872098692,"77/55
Pau Zila",Ahmedabad,Gujarat,446692,A+,Student,Aadhar,7353 5465 3295,True,2026-02-11 01:55:06+05:30,2026-02-11 01:55:06+05:30
59b14e66-d65f-4e4a-ad41-be64b505376a,Gaurangi,Sahota,Female,23,Divorcee,8124524971,"H.No. 661, Sawhney Zila",Kanpur,Uttar Pradesh,764793,O-,Homemaker,PAN Card,BCOVF7933D,True,2026-02-12 22:46:07+05:30,2026-02-12 22:46:07+05:30
146267c0-3b38-4fd8-86f9-0e65cce4004c,Warinder,Dugal,Transgender,19,Married,6489053885,"94, Pandya",Ahmedabad,Gujarat,132429,B+,Artist,PAN Card,ZAGEU4997N,True,2026-02-03 08:46:21+05:30,2026-02-03 08:46:21+05:30
3cff7004-1466-4e6a-950c-11291b1c7e6f,Chavvi,Nagi,Transgender,26,Unmarried,9221327107,"33
Raval Road",Chennai,Tamil Nadu,192329,B+,Lawyer,Voter ID,YHG9504669,True,2026-02-08 13:22:56+05:30,2026-02-08 13:22:56+05:30
68bc4f4e-e445-4af5-9e89-af4146492fdb,Bhavya,Merchant,Female,49,Married,6145205704,"92
Mahal Street",Mysore,Karnataka,817922,AB+,Teacher,PAN Card,BYJKB4112T,True,2026-02-09 23:55:20+05:30,2026-02-09 23:55:20+05:30
9fe10a06-cdf5-4fac-9aaf-37485b7c1cc6,Dominic,Saha,Transgender,21,Married,6814701442,"698
Andra Zila",Jodhpur,Rajasthan,932051,AB-,Artist,Aadhar,3728 2085 4886,True,2026-02-02 08:08:58+05:30,2026-02-02 08:08:58+05:30
482d9297-dde6-4941-8728-07fdf831acf6,Udarsh,Raghavan,Male,41,Divorcee,8583197670,"21/422, Jha",Siliguri,West Bengal,884390,A+,Lawyer,Aadhar,1467 4997 5909,True,2026-02-12 15:42:47+05:30,2026-02-12 15:42:47+05:30
9a3b3108-668f-483a-96f0-cfd47f1a5016,Inaya,Varghese,Female,35,Widow,7844691630,"45/817
Mittal",Chennai,Tamil Nadu,961047,A-,Engineer,PAN Card,QNTBQ4057O,True,2026-02-16 18:09:02+05:30,2026-02-16 18:09:02+05:30
2b1e9e6e-3d5f-4da3-931d-e5bf721d93d6,Harshil,Palla,Transgender,90,Unmarried,7969460805,"50
Banerjee Zila",Jodhpur,Rajasthan,659542,A+,Lawyer,PAN Card,UEJMU9003H,True,2026-02-12 19:48:29+05:30,2026-02-12 19:48:29+05:30
91bac06b-4b94-4530-ab51-5b2a77681324,Nandini,Lad,Female,75,Unmarried,8830358538,"H.No. 927, Rajan Chowk",Coimbatore,Tamil Nadu,921967,A-,Doctor,Voter ID,VTL1539203,True,2026-02-15 10:07:58+05:30,2026-02-15 10:07:58+05:30
1de41c4e-b696-4815-8fdf-093129146b4e,Jeevika,Dube,Female,75,Widow,9544384619,"H.No. 38, Jain Circle",New Delhi,Delhi,202761,A-,Accountant,PAN Card,DFMSD3816D,True,2026-02-11 00:45:00+05:30,2026-02-11 00:45:00+05:30
b44a128c-8639-42ea-90ea-27ab5784c7fe,Balendra,Kumer,Transgender,75,Widow,8122268434,"H.No. 447, Nanda",Kolkata,West Bengal,311831,B+,Lawyer,PAN Card,FSSVR9513I,True,2026-02-13 22:47:52+05:30,2026-02-13 22:47:52+05:30
e28930da-9cbc-44f4-bfc1-ce34507ebe21,Jalsa,Sibal,Female,90,Divorcee,8472928727,"654
Sehgal Marg",Madurai,Tamil Nadu,264922,AB+,Doctor,Aadhar,3912 8113 3895,True,2026-02-09 16:52:56+05:30,2026-02-09 16:52:56+05:30
0bf60c98-cc29-4b6b-be75-db46567f85bb,Aarav,Sibal,Male,45,Divorcee,7303805684,"H.No. 26, Din Chowk",Coimbatore,Tamil Nadu,630747,B+,Lawyer,Voter ID,VMO0108540,True,2026-02-04 08:01:33+05:30,2026-02-04 08:01:33+05:30
c7456bbd-2d1a-4af9-b59f-ca995edc5599,Owen,Bajaj,Male,21,Unmarried,8067885820,"56/41
Cheema Street",Surat,Gujarat,884175,O+,Student,Aadhar,5445 2971 6600,True,2026-02-02 22:59:43+05:30,2026-02-02 22:59:43+05:30
e487b8c7-8c6c-4f0a-8fd4-e175af81f07f,Kala,Nagar,Female,80,Unmarried,8142722696,"H.No. 734
Rama Road",Nagpur,Maharashtra,848366,AB+,Artist,PAN Card,NMRHE5873T,True,2026-02-07 20:37:09+05:30,2026-02-07 20:37:09+05:30
583753ad-0752-4688-963a-76bbec96c600,Anita,Bala,Female,33,Married,7660287760,"00/53, Jayaraman",Ahmedabad,Gujarat,591974,B+,Lawyer,Voter ID,QLQ3007538,True,2026-02-13 02:59:52+05:30,2026-02-13 02:59:52+05:30
a4a1e23f-e659-42f1-a5ca-f010498ce580,Falguni,Bawa,Female,77,Married,6615748893,"52
Cheema Ganj",Howrah,West Bengal,902871,A+,Business,Voter ID,JVC8905631,True,2026-02-14 18:48:18+05:30,2026-02-14 18:48:18+05:30
72ccee18-6698-431b-91b7-b4a2c791b3e6,Gayathri,More,Transgender,29,Unmarried,9408725258,"383
Boase Nagar",Kolkata,West Bengal,986669,AB+,Engineer,Voter ID,EYI9474942,True,2026-02-03 04:01:16+05:30,2026-02-03 04:01:16+05:30
b5f45f99-08ae-4a89-be1d-bb938c2b86f7,Chakradhar,Jayaraman,Transgender,38,Married,9879324623,"H.No. 565, Bir Road",Nagpur,Maharashtra,294966,AB+,Homemaker,Aadhar,2687 4896 3492,True,2026-02-05 13:44:27+05:30,2026-02-05 13:44:27+05:30
0a9115d7-3347-4ef0-89eb-6d8a1c78c0ff,Nirja,Puri,Female,81,Widow,7454588397,"595
Muni Chowk",Vadodara,Gujarat,668321,B+,Lawyer,Aadhar,7048 7400 9962,True,2026-02-09 02:37:09+05:30,2026-02-09 02:37:09+05:30
4773a07e-61d9-4da7-a231-cd0cc91bb153,Aarna,Sodhi,Transgender,54,Unmarried,9203649220,"47
Mukherjee Ganj",Madurai,Tamil Nadu,257488,B-,Engineer,Aadhar,6109 2865 7967,True,2026-02-01 00:01:47+05:30,2026-02-01 00:01:47+05:30
3c9822b8-5b46-4ff7-903b-3aee718210d2,Guneet,Viswanathan,Male,34,Widow,9223634383,"H.No. 676
Golla Road",Rohini,Delhi,912092,AB-,Doctor,Aadhar,3865 1294 9905,True,2026-02-07 00:14:30+05:30,2026-02-07 00:14:30+05:30
67979f0f-41ee-47b8-ae91-9b15111162ee,Urvi,Nagy,Female,81,Divorcee,8295323669,"56, Krish Marg",Bangalore,Karnataka,807667,A-,Teacher,PAN Card,LADCS3415O,True,2026-02-10 08:00:30+05:30,2026-02-10 08:00:30+05:30
20cd8a2c-cfd8-405e-b5bb-ca81144b4bd9,Eta,Lalla,Female,46,Widow,8254325544,"74
Chadha Marg",Chennai,Tamil Nadu,120604,A+,Business,Voter ID,HVJ4734702,True,2026-02-12 21:26:33+05:30,2026-02-12 21:26:33+05:30
b602b3d4-efb3-4732-8f5d-3a2b3f1d1d74,Mahika,Tank,Female,67,Married,9606663557,"73/100
Pathak Path",Surat,Gujarat,207805,AB-,Teacher,Aadhar,3079 8443 4332,True,2026-02-16 11:06:39+05:30,2026-02-16 11:06:39+05:30
d6478f44-a85b-416f-80f1-03d2201f1833,Waida,Karan,Transgender,50,Divorcee,8658751275,"41
Vyas Ganj",Nagpur,Maharashtra,913776,A+,Lawyer,Voter ID,PJW4729420,True,2026-02-02 08:58:17+05:30,2026-02-02 08:58:17+05:30
ceee2339-6f71-4806-92e2-1548501d5d1d,Bimala,Tiwari,Female,32,Divorcee,8446673319,"459
Prabhakar Marg",Coimbatore,Tamil Nadu,581622,B-,Farmer,Aadhar,6398 2426 6500,True,2026-02-09 12:50:49+05:30,2026-02-09 12:50:49+05:30
bcd0d5e1-f7bd-410e-b77e-52d5f8d20a94,Lavanya,Ray,Transgender,52,Unmarried,9107340253,"59/78
Ramakrishnan Street",Hubli,Karnataka,839529,A-,Lawyer,Voter ID,FPF3954926,True,2026-02-15 20:19:12+05:30,2026-02-15 20:19:12+05:30
8606ed16-bb3e-4b46-9ab1-0c1fd9dae470,Aarush,Malhotra,Male,82,Married,6227156087,"H.No. 339, Patla Zila",Pune,Maharashtra,396953,A+,Accountant,Voter ID,JQA4928188,True,2026-02-04 23:22:57+05:30,2026-02-04 23:22:57+05:30
77de62d4-497c-4bf5-9aed-cf6c630d84fa,Zayan,Chaudhuri,Transgender,53,Married,8391473277,"59/58, Kuruvilla Marg",Vadodara,Gujarat,436881,AB-,Business,PAN Card,EPOVL1821Y,True,2026-02-16 10:34:05+05:30,2026-02-16 10:34:05+05:30
04cc40e9-dd50-492f-bdb1-13a926e5f0b4,Jai,Bora,Transgender,52,Widow,7466383582,"H.No. 90, Bala Road",Madurai,Tamil Nadu,496493,A+,Accountant,PAN Card,OSURJ2007J,True,2026-02-13 13:57:42+05:30,2026-02-13 13:57:42+05:30
959c6a86-96fb-4bf7-8b50-d65a6af1a0b0,Chakradhar,Sur,Male,82,Married,7667079947,"H.No. 724, Subramanian Ganj",Rohini,Delhi,891439,AB-,Doctor,PAN Card,CLDPB5913D,True,2026-02-14 05:34:11+05:30,2026-02-14 05:34:11+05:30
0a57868e-6a86-40ed-a92a-d8452273a847,Bhavya,Tak,Transgender,29,Unmarried,8552834900,"74/82
Suresh Marg",Jodhpur,Rajasthan,877879,AB+,Lawyer,Aadhar,3552 7399 2010,True,2026-02-09 21:34:58+05:30,2026-02-09 21:34:58+05:30
34a01314-382c-4353-8b5a-7a636d68caad,Manan,Dave,Male,37,Married,6949522559,"42/776
Vyas Circle",Chennai,Tamil Nadu,453961,O-,Lawyer,Voter ID,XPO2788727,True,2026-02-13 02:20:42+05:30,2026-02-13 02:20:42+05:30
9585d474-d124-4a3f-81c7-4a053488f1e9,Ucchal,Keer,Transgender,77,Widow,9291252680,"77, Sundaram Ganj",Hubli,Karnataka,115094,AB+,Engineer,Voter ID,XRV5174064,True,2026-02-05 21:13:07+05:30,2026-02-05 21:13:07+05:30
707bf076-a8e4-4b84-99dc-2588274d0d46,Daniel,Apte,Male,38,Married,6491277314,"63/695
Agate Chowk",Nagpur,Maharashtra,642700,O+,Artist,Voter ID,FXS7130207,True,2026-02-06 20:30:16+05:30,2026-02-06 20:30:16+05:30
ca63a688-5a1a-4c59-a2b5-6bc12dd66bd6,Fariq,Badal,Male,85,Married,9046441579,"83
Sankaran Path",Pune,Maharashtra,957492,B-,Homemaker,Aadhar,9528 1212 1916,True,2026-02-10 10:26:02+05:30,2026-02-10 10:26:02+05:30
e2ee21a4-ad5f-450e-9773-c8174fc5c2ec,Zaitra,Sachar,Female,82,Divorcee,8874622297,"08, Om Path",Surat,Gujarat,239639,B+,Farmer,PAN Card,BJYXZ4057A,True,2026-02-15 00:47:48+05:30,2026-02-15 00:47:48+05:30
8754ee63-3637-4fe0-860a-2d7a69655f7d,Janaki,Vasa,Transgender,21,Unmarried,8285279915,"26/41, Dash Chowk",Howrah,West Bengal,760771,B-,Engineer,PAN Card,ORKQR3783S,True,2026-02-11 06:05:10+05:30,2026-02-11 06:05:10+05:30
2f6e38ac-7974-487d-a6a2-591d2c164f64,Dalbir,Singhal,Male,71,Divorcee,9124395624,"02/74, Panchal",Varanasi,Uttar Pradesh,156197,B-,Homemaker,Voter ID,RKU3683055,True,2026-02-07 06:36:53+05:30,2026-02-07 06:36:53+05:30
f9267e10-74dd-4ae4-b24f-2e3da2cb7560,Jagdish,Bala,Transgender,77,Widow,8964184849,"37
Sant Circle",Nagpur,Maharashtra,827824,AB-,Teacher,Voter ID,EBE4125126,True,2026-02-06 04:07:05+05:30,2026-02-06 04:07:05+05:30
bdcb5284-2c9d-47c3-9184-95df9f1fab33,Gunbir,Lad,Transgender,89,Married,7793751709,"42/678, Virk Circle",Jaipur,Rajasthan,326684,O+,Doctor,Voter ID,RAB0815753,True,2026-02-15 20:12:20+05:30,2026-02-15 20:12:20+05:30
d4c37ff0-c9d5-46d5-93fa-a3beff7cbb5d,Vincent,Nagi,Male,68,Married,9671060474,"85/897, Bahri Road",Hubli,Karnataka,945237,B+,Doctor,PAN Card,MQYCR3585V,True,2026-02-14 20:59:55+05:30,2026-02-14 20:59:55+05:30
ffb9ed03-e53f-4e0e-9e60-0b9c35fc8310,Wyatt,Mutti,Transgender,70,Unmarried,6942109060,"57/36
Kala Street",Pune,Maharashtra,232980,B-,Doctor,Voter ID,QTV9823941,True,2026-02-09 08:56:37+05:30,2026-02-09 08:56:37+05:30
9c074ddc-9753-4bd2-a5a5-d43231e6e9a0,Damini,Muni,Female,45,Widow,8502419030,"75, Goda Marg",Chennai,Tamil Nadu,972866,O-,Artist,PAN Card,PLUIO7472X,True,2026-02-02 14:54:39+05:30,2026-02-02 14:54:39+05:30
114d11ca-0131-4d4d-9aca-2c12ec12aed8,Nathaniel,Kalla,Male,47,Married,7833383262,"285, Manne Circle",Udaipur,Rajasthan,437119,O+,Business,Aadhar,4239 7638 4108,True,2026-02-06 23:54:52+05:30,2026-02-06 23:54:52+05:30
21f1fc0c-27e5-4aeb-9b62-d978ddffde64,Gavin,Boase,Transgender,90,Widow,6352594995,"64, Raghavan Road",Vadodara,Gujarat,849079,O+,Business,PAN Card,SGPSC8597G,True,2026-02-16 02:56:46+05:30,2026-02-16 02:56:46+05:30
93944ada-437c-4c76-a4ed-961b214d299e,Yashawini,Buch,Female,30,Married,6000750368,"225
Nath Circle",Madurai,Tamil Nadu,939953,A-,Lawyer,Aadhar,9268 6301 9539,True,2026-02-06 13:57:48+05:30,2026-02-06 13:57:48+05:30
bc371f89-0077-4fbf-b48a-cf004f36689d,Mason,Lata,Male,35,Unmarried,7761259518,"46/73, Tata Zila",Dwarka,Delhi,706922,A+,Doctor,Aadhar,3783 1172 4042,True,2026-02-14 07:07:40+05:30,2026-02-14 07:07:40+05:30
7cef7b06-05b5-4bf6-9ead-7c0f761bba51,Eshana,Devi,Transgender,64,Unmarried,8230216169,"78, Deshmukh Road",Ahmedabad,Gujarat,355135,B-,Lawyer,Voter ID,VLC4582657,True,2026-02-16 22:51:25+05:30,2026-02-16 22:51:25+05:30
e56d5665-0261-4e30-9b68-f4cbb165b3d0,Laban,Boase,Transgender,30,Widow,9020329673,"H.No. 750, Thaker Ganj",Kanpur,Uttar Pradesh,943869,B-,Artist,Aadhar,7215 2810 4106,True,2026-02-16 01:52:52+05:30,2026-02-16 01:52:52+05:30
5ec1c812-d0b6-4d4d-8c04-1cb3432f980a,Imaran,Guha,Male,21,Unmarried,9851553373,"69/274
Srinivasan Circle",Kolkata,West Bengal,883649,A+,Artist,Voter ID,DKQ9827393,True,2026-02-15 01:30:08+05:30,2026-02-15 01:30:08+05:30
5149a237-e715-4e09-90da-234dd9b2a9cc,Xalak,Jaggi,Female,40,Divorcee,9006785142,"42/09
Ratta",Siliguri,West Bengal,995075,AB+,Engineer,Voter ID,SCH8137662,True,2026-02-03 23:25:26+05:30,2026-02-03 23:25:26+05:30
f8d42bb9-2fbf-4453-9d82-cb6d4cd88fd3,Arin,Tandon,Male,75,Divorcee,9972906474,"72/942, Pandya Ganj",Kolkata,West Bengal,206220,AB-,Artist,Voter ID,DDV1960776,True,2026-02-03 01:27:01+05:30,2026-02-03 01:27:01+05:30
09165efc-402b-4e4d-b0a1-df06da61a3cf,Mohammed,Tella,Male,20,Divorcee,7041226946,"55/33
Patla Ganj",Madurai,Tamil Nadu,780134,AB-,Lawyer,Voter ID,ANF6408735,True,2026-02-04 06:41:32+05:30,2026-02-04 06:41:32+05:30
3d00787d-8148-402d-bc38-5503e888d650,Nihal,Lanka,Transgender,75,Widow,6984588187,"255
Varughese Path",Dwarka,Delhi,721319,B-,Student,PAN Card,LAIBO8052F,True,2026-02-03 17:23:41+05:30,2026-02-03 17:23:41+05:30
42c6e16d-e735-4af2-88e7-89397d33a7fa,Hema,Goyal,Transgender,44,Widow,6502155157,"H.No. 942, Sur Nagar",Siliguri,West Bengal,518585,O-,Business,PAN Card,YAYFY8798E,True,2026-02-08 17:02:54+05:30,2026-02-08 17:02:54+05:30
a5929389-af61-4998-902a-9b51d1654173,Darsh,Date,Male,61,Unmarried,6611083112,"30, Rege Zila",Nagpur,Maharashtra,293744,B+,Homemaker,PAN Card,HQUOM8204W,True,2026-02-11 16:00:05+05:30,2026-02-11 16:00:05+05:30
909a1c14-769d-401e-8fdd-5cbd01700eea,Vasana,Borra,Transgender,35,Divorcee,7245934699,"H.No. 69
Manda Street",Rohini,Delhi,721148,O-,Artist,PAN Card,VLHER0883J,True,2026-02-02 06:41:25+05:30,2026-02-02 06:41:25+05:30
ef22e74d-7264-47a0-85a3-a855e0341799,Advaith,Padmanabhan,Transgender,55,Married,9798804361,"67, Dube Path",Kanpur,Uttar Pradesh,118913,B-,Homemaker,Aadhar,1436 4773 5351,True,2026-02-13 14:43:48+05:30,2026-02-13 14:43:48+05:30
4c198f6e-bb04-4cf9-b34a-b638c51988fa,Jacob,Rajagopalan,Male,80,Unmarried,9518129447,"H.No. 366, Kurian Nagar",Ahmedabad,Gujarat,250464,B+,Artist,Aadhar,8783 1203 8126,True,2026-02-01 23:25:39+05:30,2026-02-01 23:25:39+05:30
d0b3b6dd-311a-4bae-90b1-5dcf80b4dd0b,Rajata,Sharma,Transgender,59,Unmarried,7806802535,"643
D’Alia Ganj",Jaipur,Rajasthan,523877,B+,Teacher,Aadhar,6971 7775 2319,True,2026-02-12 14:39:39+05:30,2026-02-12 14:39:39+05:30
af1c9f63-b0e9-4ba0-9098-2751346f8c86,Yahvi,Bahri,Female,40,Married,7867350186,"H.No. 46, Rege Path",Nagpur,Maharashtra,631705,O-,Lawyer,PAN Card,GSHQG8810T,True,2026-02-16 09:01:55+05:30,2026-02-16 09:01:55+05:30
f4e2bd1b-35fd-4073-9ef4-0406583f1b6d,Matthew,Pau,Male,51,Widow,8518672015,"H.No. 00
Nagy Road",Lucknow,Uttar Pradesh,207676,B-,Business,Voter ID,LPM9447871,True,2026-02-09 08:01:01+05:30,2026-02-09 08:01:01+05:30
e0e25f43-fef2-47b2-b848-87a357e5662c,Sneha,Kalla,Female,68,Married,6132828965,"66/243, Buch Nagar",Mysore,Karnataka,488230,O-,Teacher,PAN Card,BGQQA5775Q,True,2026-02-05 01:06:10+05:30,2026-02-05 01:06:10+05:30
2348096e-e17c-4cc5-bd1b-681cb4a1d2c1,Advaith,Gara,Male,58,Married,6025934391,"H.No. 718
Dada",Mumbai,Maharashtra,297266,O+,Doctor,Voter ID,JGG0275764,True,2026-02-12 16:37:03+05:30,2026-02-12 16:37:03+05:30
caeff2c0-6641-4b65-8253-85f85d373e9c,Vansha,Kala,Transgender,49,Widow,8937607459,"52/35
Hans",Ahmedabad,Gujarat,767787,AB+,Engineer,Voter ID,GNM6024061,True,2026-02-01 02:04:44+05:30,2026-02-01 02:04:44+05:30
716d202f-d47a-48e0-b031-c43af0966a0b,Charles,Varghese,Male,57,Divorcee,9552708042,"980, Ramanathan Zila",Nagpur,Maharashtra,193881,A+,Homemaker,PAN Card,UVIBE3463D,True,2026-02-13 18:58:34+05:30,2026-02-13 18:58:34+05:30
2bf521e0-bb6b-45dd-831c-db53c6c5304b,Rehaan,Ranganathan,Male,34,Married,8367936208,"H.No. 81
Baria Zila",Surat,Gujarat,513146,AB+,Accountant,Voter ID,ZEQ9578141,True,2026-02-02 11:39:28+05:30,2026-02-02 11:39:28+05:30
7cbe44a2-f032-42d4-818e-10ee57475b7d,Anamika,Bhalla,Female,34,Divorcee,7509288474,"H.No. 516
Warrior Nagar",Udaipur,Rajasthan,151958,AB-,Artist,Voter ID,PPD4693303,True,2026-02-11 23:03:44+05:30,2026-02-11 23:03:44+05:30
5479acd7-a84b-40e6-b6b3-a4a73766aa2a,Balvan,Tandon,Male,23,Married,7750834321,"08/49
Keer Path",Mysore,Karnataka,140415,A+,Student,Voter ID,RZQ5958132,True,2026-02-07 22:05:01+05:30,2026-02-07 22:05:01+05:30
ceaac72c-027c-4c1e-b881-c9a93a52f256,Jai,Viswanathan,Male,29,Married,9406581744,"H.No. 025, Palla Street",Rohini,Delhi,777906,O+,Teacher,Aadhar,7550 1029 6285,True,2026-02-15 16:54:45+05:30,2026-02-15 16:54:45+05:30
5e83cc24-8f6c-4173-9708-acf25fbe70e6,Rachit,Buch,Male,60,Married,6638342334,"H.No. 695
Balakrishnan Nagar",Jodhpur,Rajasthan,316995,B-,Doctor,Aadhar,1756 1387 9011,True,2026-02-06 02:41:38+05:30,2026-02-06 02:41:38+05:30
90488e0b-cbd2-4d95-9e13-459ff3100173,Vedika,Mann,Female,88,Widow,9330142703,"H.No. 73
Ranganathan Nagar",Pune,Maharashtra,804254,O-,Student,PAN Card,HGLDL6061U,True,2026-02-08 06:42:30+05:30,2026-02-08 06:42:30+05:30
73bb0d04-02ba-4056-b137-021ccbe1a286,Vinaya,Sarin,Transgender,72,Widow,9465929435,"H.No. 333, Anne Chowk",Lucknow,Uttar Pradesh,528386,AB-,Homemaker,Aadhar,2384 2944 1233,True,2026-02-13 12:39:53+05:30,2026-02-13 12:39:53+05:30
70f866a4-4ab4-4e69-b0aa-f662d1f502a4,Ekansh,Contractor,Male,86,Married,6844182319,"523, Roy Path",New Delhi,Delhi,353745,A+,Lawyer,Aadhar,8128 4697 4615,True,2026-02-08 22:27:23+05:30,2026-02-08 22:27:23+05:30
d94069cf-851f-4d31-b7c5-1c529477ec02,Bhavya,Dugal,Female,57,Unmarried,8592374991,"72/909, Dalal Street",Varanasi,Uttar Pradesh,193951,B+,Homemaker,PAN Card,MWLNT9700I,True,2026-02-11 12:28:07+05:30,2026-02-11 12:28:07+05:30
35dc7847-c43c-4d93-a3ff-5804135d7915,Ikbal,Som,Transgender,25,Married,8869102009,"H.No. 11
Rama Chowk",Jaipur,Rajasthan,289928,O+,Accountant,Aadhar,2202 3968 7168,True,2026-02-01 07:51:35+05:30,2026-02-01 07:51:35+05:30
6ab05255-dc76-46d8-906d-d30eda86502e,Eiravati,Wable,Transgender,62,Married,9534219610,"066, Devan Chowk",Udaipur,Rajasthan,240856,A+,Artist,PAN Card,PNFOT4842Z,True,2026-02-05 00:16:35+05:30,2026-02-05 00:16:35+05:30
be575f85-b11e-4bc1-a5bb-c6fa691f3c21,Tarak,Balasubramanian,Male,31,Widow,6782216119,"410, Baral Chowk",Rohini,Delhi,366731,A-,Farmer,Voter ID,GIS0917500,True,2026-02-17 17:41:04.091114+05:30,
c489f49d-f359-48c3-a44a-9e04afd696dc,Aachal,Nigam,Female,32,Divorcee,8353379709,"H.No. 97, Agarwal Circle",Lucknow,Uttar Pradesh,806258,B+,Lawyer,Voter ID,TIH2240741,True,2026-02-17 17:41:04.107599+05:30,
8919dc80-edb5-4518-9db7-905ce7dad1d3,Varenya,Morar,Transgender,77,Unmarried,8652998886,"45/769
Shere Road",Rohini,Delhi,971454,O+,Accountant,Voter ID,ZTH9972552,True,2026-02-17 17:41:04.112524+05:30,
3de8c6f4-4dc3-4e3f-90bb-8325daa35049,Gopal,Mangal,Male,55,Divorcee,7641395404,"93/40, Chauhan Path",Lucknow,Uttar Pradesh,489281,AB+,Artist,PAN Card,JXPPK8602D,True,2026-02-17 17:41:04.117414+05:30,
aa0b3a90-c09b-4676-9c35-197d79c36e53,Ekapad,Muni,Male,51,Divorcee,7525092308,"H.No. 19
D’Alia Chowk",Jodhpur,Rajasthan,425779,B-,Lawyer,PAN Card,PXHSM5631T,True,2026-02-17 17:41:04.120058+05:30,
7e2021bf-05ea-4ded-9f3c-bc34e758299c,Frederick,Kumar,Male,29,Married,8542217035,"40/80
Chand",Jaipur,Rajasthan,506620,A+,Engineer,Voter ID,KUX1763811,True,2026-02-17 17:41:04.122960+05:30,
11874f01-3716-4f32-b2ba-06f0af95d286,Aachal,Chand,Female,29,Divorcee,6325927593,"98/66
Goswami Path",Varanasi,Uttar Pradesh,850772,B+,Engineer,Voter ID,FZQ3681861,True,2026-02-17 17:41:04.125973+05:30,
97394353-5937-4445-b3cc-fcae61af1727,Ucchal,Madan,Female,37,Widow,7845020609,"H.No. 68, Ganesan Ganj",Pune,Maharashtra,877803,AB+,Doctor,PAN Card,FECHH3807L,True,2026-02-17 17:41:04.128865+05:30,
3d287cd3-32dc-49bf-ba89-76c4c7a3b8b6,Ijaya,Kamdar,Female,41,Divorcee,9135499145,"77, Vora Marg",Kanpur,Uttar Pradesh,137829,AB+,Accountant,PAN Card,TOMXQ4390K,True,2026-02-17 17:41:04.133373+05:30,
dfad6652-f2dd-4a88-bc77-2982492fade8,Riya,Thaker,Female,75,Widow,9330051664,"23/59, Balakrishnan",Lucknow,Uttar Pradesh,941090,A+,Business,Voter ID,VLI1988353,True,2026-02-17 17:41:04.136395+05:30,
983c2070-9653-47b4-93ab-7431121585e9,Vidhi,D’Alia,Female,69,Married,8464805940,"89, Wable Marg",Pune,Maharashtra,277602,A-,Business,PAN Card,PIKGP5812T,True,2026-02-17 17:41:04.138321+05:30,
903857a0-837f-45fe-b316-d9d6353462b9,Neelima,Talwar,Transgender,33,Divorcee,7676622779,"46
Samra Street",Udaipur,Rajasthan,369247,AB+,Business,Aadhar,9782 4966 5339,True,2026-02-17 17:41:04.140627+05:30,
320849b6-f885-4e64-91af-099f3ff69848,Jonathan,Parmer,Transgender,51,Unmarried,9145669508,"94/270
Kanda Ganj",Mumbai,Maharashtra,240020,O-,Accountant,PAN Card,WPRCN8072B,True,2026-02-17 17:41:04.143346+05:30,
c5e7ac42-c896-48b9-8bc5-44fec348d09f,Ethan,Agrawal,Male,49,Divorcee,7834302393,"H.No. 39, Sami Circle",New Delhi,Delhi,544744,B+,Teacher,Aadhar,7165 6939 9758,True,2026-02-17 17:41:04.145778+05:30,
485a2eb4-51eb-4e2e-b7b9-aa1014ecf780,Vrinda,Viswanathan,Transgender,23,Widow,8440932290,"79/856, Kumer Path",Udaipur,Rajasthan,553182,B+,Student,PAN Card,XBROQ4827C,True,2026-02-17 17:41:04.148916+05:30,
bc60a4d4-425c-48bf-9381-7f82dea49f0d,Kritika,Chana,Female,47,Married,8240774810,"H.No. 732, Narang Nagar",Varanasi,Uttar Pradesh,164416,B+,Teacher,Aadhar,8617 5465 6130,True,2026-02-17 17:41:04.150734+05:30,
890c6384-2864-413e-ad49-3d62636cdb47,Kabir,Karnik,Male,20,Married,8148897010,"71/57, Krishnan",Mumbai,Maharashtra,679126,B-,Homemaker,Aadhar,8225 8440 9458,True,2026-02-17 17:41:04.152718+05:30,
dd4010a9-f5bf-4031-96da-6b7b7eb8d9d4,Girish,Vaidya,Male,48,Married,6736910268,"35, Gala Street",Kanpur,Uttar Pradesh,630565,A-,Engineer,PAN Card,XJJMN5307V,True,2026-02-17 17:41:04.155139+05:30,
e8afd115-729c-4fec-86a8-3a3acd8b6e9f,Pushti,Bhasin,Female,50,Divorcee,8681336277,"76/240, Ravi Path",Howrah,West Bengal,517326,A-,Lawyer,Voter ID,VER6051566,True,2026-02-17 17:41:04.157526+05:30,
3d647f00-0330-4c7d-9ad8-3f2e4a9fa7c5,Yug,Kapoor,Male,52,Married,8417520396,"19/78, Pau Path",Jodhpur,Rajasthan,567937,AB+,Farmer,PAN Card,AJIEM5495T,True,2026-02-17 17:41:04.207741+05:30,
e1f3090f-357c-43b1-bc6c-72d26592d1e9,Ekaraj,Mahajan,Male,86,Married,9750548163,"H.No. 44, Agate Ganj",Rohini,Delhi,951038,O+,Business,Aadhar,4562 8221 9761,True,2026-02-02 04:57:44+05:30,2026-02-02 04:57:44+05:30
2e19e0ca-2f88-427d-9a82-67c968cdb971,Om,Misra,Male,84,Widow,9034046593,"959, Palla Chowk",Surat,Gujarat,976895,O+,Student,PAN Card,BWUOY5191J,True,2026-02-03 06:57:03+05:30,2026-02-03 06:57:03+05:30
bd5b07f2-1abe-4d5d-8045-929f556c5255,Wyatt,Dhaliwal,Male,60,Divorcee,8368321044,"94
Nagi",Hubli,Karnataka,113300,O+,Student,Aadhar,7220 6512 4713,True,2026-02-11 09:45:52+05:30,2026-02-11 09:45:52+05:30
7781a038-6e79-477b-b72e-b35ce569232c,Lekha,Rau,Female,32,Widow,9496481006,"405
Rai",Madurai,Tamil Nadu,758142,O-,Artist,Aadhar,3027 7136 6351,True,2026-02-15 12:34:09+05:30,2026-02-15 12:34:09+05:30
c6f57e2e-c6ca-4fa6-b973-dda6aba51db3,Hemal,Peri,Female,46,Divorcee,8786231700,"H.No. 545
Ahuja Path",Varanasi,Uttar Pradesh,288663,A+,Teacher,Voter ID,NOY0666181,True,2026-02-14 21:20:10+05:30,2026-02-14 21:20:10+05:30
4eb6f1cb-fc12-4627-8114-2825c762ffc7,Raghav,Nair,Transgender,70,Widow,7866653132,"H.No. 063
Brar",Rohini,Delhi,640309,B+,Lawyer,Aadhar,7260 3472 2512,True,2026-02-06 19:26:12+05:30,2026-02-06 19:26:12+05:30
3dffe5be-bf9a-4521-8014-07c9e1262f77,Kevin,Dixit,Male,61,Divorcee,8592772331,"H.No. 46
Deol Chowk",Chennai,Tamil Nadu,321505,AB+,Doctor,PAN Card,TAAKQ9523E,True,2026-02-15 11:34:28+05:30,2026-02-15 11:34:28+05:30
136939f0-373b-4637-a2e9-0dacb2acf5b7,Kritika,Kurian,Female,78,Unmarried,6803461204,"00, Saini",Surat,Gujarat,921170,A-,Student,Voter ID,WCY3788270,True,2026-02-15 00:35:06+05:30,2026-02-15 00:35:06+05:30
c23a8fb3-0be8-4476-bc5e-2285665fc3d5,Vincent,Dey,Male,43,Widow,6130658096,"26/07, Atwal Circle",Varanasi,Uttar Pradesh,616374,B-,Farmer,Voter ID,HYR7282784,True,2026-02-10 09:03:01+05:30,2026-02-10 09:03:01+05:30
fc6469de-2b4c-4ba3-b948-316e4468276e,Tejas,Wagle,Male,29,Divorcee,9279408110,"H.No. 80, Kashyap Ganj",Surat,Gujarat,991717,O+,Homemaker,Voter ID,VUO7185191,True,2026-02-09 16:26:10+05:30,2026-02-09 16:26:10+05:30
6a08f24c-916b-40cc-b1a0-7d74c2405144,Yashawini,Hans,Transgender,58,Divorcee,9577639878,"H.No. 746, Kale Circle",Rohini,Delhi,332643,A+,Engineer,Aadhar,4190 8395 4959,True,2026-02-14 14:46:33+05:30,2026-02-14 14:46:33+05:30
95c5dd42-2bd9-41fb-b95a-cad83b446703,Dipta,Pillai,Female,58,Widow,9448090911,"19, Master Path",Surat,Gujarat,765207,O+,Teacher,Voter ID,DYJ1105017,True,2026-02-08 12:40:15+05:30,2026-02-08 12:40:15+05:30
fac18b4b-94de-4955-80ec-f074f2c10331,Meghana,Keer,Transgender,86,Widow,7972846624,"38/36, Dhar Chowk",Mysore,Karnataka,197134,A+,Lawyer,Voter ID,ZTY7051141,True,2026-02-15 10:00:15+05:30,2026-02-15 10:00:15+05:30
0c5bcc0e-e90f-43be-8b52-caf937abaad7,Rudra,Sami,Male,48,Unmarried,8368176706,"H.No. 900, Comar Road",Chennai,Tamil Nadu,892895,AB+,Lawyer,Aadhar,9275 1003 8383,True,2026-02-04 11:38:08+05:30,2026-02-04 11:38:08+05:30
0f6c66b5-9454-4183-8355-fd5355a9fc2b,Zaitra,Mall,Female,20,Unmarried,9636513234,"07/774
Mand Chowk",Madurai,Tamil Nadu,765731,A+,Artist,Aadhar,6678 1498 8189,True,2026-02-06 16:04:13+05:30,2026-02-06 16:04:13+05:30
aa5a212d-624a-415a-ad2f-c075ae6a2c97,Laksh,Agate,Transgender,69,Married,6780567215,"98
Dey Zila",Jodhpur,Rajasthan,812310,B-,Doctor,Voter ID,SYP2330677,True,2026-02-05 16:44:58+05:30,2026-02-05 16:44:58+05:30
dde6c7d3-fdba-4ef9-9b46-ff1f9e79ef30,Chaitanya,Balakrishnan,Male,61,Widow,9473140259,"H.No. 305
Dash Road",Coimbatore,Tamil Nadu,786893,AB-,Engineer,Aadhar,5581 1164 8506,True,2026-02-04 23:17:49+05:30,2026-02-04 23:17:49+05:30
770c10ef-5dfe-44d9-b711-68373e46dbff,Yauvani,Iyengar,Female,32,Unmarried,6889298104,"909, Mukherjee Path",Vadodara,Gujarat,144670,A-,Homemaker,Aadhar,2796 5720 6073,True,2026-02-13 17:18:16+05:30,2026-02-13 17:18:16+05:30
a9dc3368-6548-457d-bd79-61d856e1641b,Pranav,Raj,Male,76,Widow,7436389996,"96
Karpe Circle",Chennai,Tamil Nadu,605427,B+,Accountant,Aadhar,8795 7511 4101,True,2026-02-16 02:59:41+05:30,2026-02-16 02:59:41+05:30
c31fc6c0-e124-4ea3-9d75-f8d8d1852dd2,Vritti,Saha,Female,47,Divorcee,9515413492,"367, Raju Circle",Chennai,Tamil Nadu,250890,AB+,Accountant,Aadhar,6476 1459 6487,True,2026-02-05 17:23:52+05:30,2026-02-05 17:23:52+05:30
00adada0-afc8-46ea-8559-a27a09f29f18,Janya,Khosla,Transgender,71,Divorcee,7795042361,"43/96, Gera Chowk",Coimbatore,Tamil Nadu,270977,O-,Doctor,PAN Card,LMATO6070V,True,2026-02-06 14:20:54+05:30,2026-02-06 14:20:54+05:30
49a343b5-29f6-444b-a78b-aafaaafbc723,Vansha,Handa,Female,78,Divorcee,7624467046,"H.No. 11, Balakrishnan Circle",Varanasi,Uttar Pradesh,594284,AB+,Student,Aadhar,8829 6128 4185,True,2026-02-04 01:42:06+05:30,2026-02-04 01:42:06+05:30
e1f9b286-9683-4706-9b77-6dbf798cf6d5,Kashvi,Dutta,Female,83,Married,8237885195,"08/83, Bandi Circle",Dwarka,Delhi,625266,AB+,Homemaker,PAN Card,SILML3295Y,True,2026-02-13 03:43:59+05:30,2026-02-13 03:43:59+05:30
299f4a8a-d9b0-4c66-a9fc-068319afa1e9,Lila,Kari,Female,34,Unmarried,8567519381,"10, Vaidya Marg",Nagpur,Maharashtra,848149,AB-,Doctor,PAN Card,JMRYB9130D,True,2026-02-03 16:58:21+05:30,2026-02-03 16:58:21+05:30
61a4f23e-24b6-49d5-9e2f-74d30d26a236,Jhalak,Reddy,Female,23,Unmarried,9154677492,"H.No. 386, Natt Zila",Hubli,Karnataka,537736,O+,Teacher,Aadhar,8383 6809 4186,True,2026-02-16 16:31:08+05:30,2026-02-16 16:31:08+05:30
182f0bd6-24d8-4a95-bc95-e9acc1d57f69,Unnati,Randhawa,Transgender,61,Widow,6083028460,"118, Chana Zila",Lucknow,Uttar Pradesh,142808,A+,Teacher,Voter ID,OHT8550132,True,2026-02-07 21:08:37+05:30,2026-02-07 21:08:37+05:30
995cc50a-c2f7-4efe-b589-c3c85176e802,Lekha,Kashyap,Female,57,Widow,8964935191,"53, Menon Zila",Vadodara,Gujarat,594974,A+,Artist,Aadhar,5053 4221 1597,True,2026-02-09 13:28:46+05:30,2026-02-09 13:28:46+05:30
63421b44-44c3-4ee4-a11e-c76dc8fe1f78,Odika,Mann,Transgender,30,Widow,6922617538,"H.No. 45
Bansal",Hubli,Karnataka,961482,A+,Doctor,PAN Card,XXEQG7396S,True,2026-02-12 03:12:15+05:30,2026-02-12 03:12:15+05:30
40078a22-41f1-40ae-ba48-b2b2d126eb43,Dipta,Ramanathan,Female,87,Unmarried,8750559772,"H.No. 979, Toor Road",Lucknow,Uttar Pradesh,314657,B+,Doctor,Voter ID,BKX8666423,True,2026-02-03 03:49:43+05:30,2026-02-03 03:49:43+05:30
3dac6f9d-96cc-4da3-a866-209a7edb08b0,Pavani,Deol,Female,46,Unmarried,6035535965,"75, Rattan Road",Pune,Maharashtra,261689,B-,Accountant,Voter ID,ZPW2667258,True,2026-02-13 23:33:39+05:30,2026-02-13 23:33:39+05:30
8eb0bb9e-1b88-482c-aeb4-5e68952ed74c,Pavani,Khurana,Transgender,18,Married,9879570522,"41/01, Sarkar Path",Pune,Maharashtra,521248,AB-,Lawyer,Aadhar,3591 6139 4801,True,2026-02-10 01:36:43+05:30,2026-02-10 01:36:43+05:30
8ebf3413-72f9-4bb0-825d-a236b963659e,Sanaya,Dara,Transgender,48,Unmarried,6719492936,"H.No. 459
Bose Zila",Howrah,West Bengal,986430,O-,Farmer,Aadhar,4372 1503 3588,True,2026-02-10 20:45:59+05:30,2026-02-10 20:45:59+05:30
eac7a187-50cb-4a8d-bf2d-057e6825bdf4,Gaurika,Tata,Female,88,Married,6947781247,"84, Dhingra Zila",Mumbai,Maharashtra,989217,O+,Doctor,PAN Card,KZGAI8211N,True,2026-02-15 00:23:10+05:30,2026-02-15 00:23:10+05:30
bbeca3b0-4e07-4b61-b2a1-9581333f18e5,Niharika,Nayar,Female,42,Unmarried,8083766316,"59/953, Sinha",Varanasi,Uttar Pradesh,490048,AB-,Doctor,PAN Card,QVIYM4610H,True,2026-02-07 00:06:23+05:30,2026-02-07 00:06:23+05:30
327a9442-8105-4f52-9928-1e06018c208e,Ekani,Dasgupta,Female,24,Married,8003588903,"16/49
Dash",Dwarka,Delhi,166225,O-,Accountant,PAN Card,CWMWS0015L,True,2026-02-06 04:46:35+05:30,2026-02-06 04:46:35+05:30
35e04780-8a12-420b-b04d-a54719c145d3,Omya,Bhat,Female,25,Married,8705398987,"H.No. 49, Jaggi Nagar",Jaipur,Rajasthan,854492,A-,Student,PAN Card,CVMMM6092R,True,2026-02-02 23:23:24+05:30,2026-02-02 23:23:24+05:30
02900960-e773-4175-b381-043ff79b4ea3,Charles,Ratti,Male,83,Unmarried,8744119044,"H.No. 35
Varghese Circle",Rohini,Delhi,679266,A-,Doctor,Aadhar,8420 1999 4459,True,2026-02-11 05:52:58+05:30,2026-02-11 05:52:58+05:30
2ebf6955-f70a-4735-8042-4c5002b387a5,Laban,Amble,Male,86,Divorcee,9982908059,"50, Lanka Circle",New Delhi,Delhi,574175,B-,Accountant,Voter ID,ACF4092905,True,2026-02-10 16:18:18+05:30,2026-02-10 16:18:18+05:30
9f7df91d-be2c-4fbe-81a3-9077b3a34cb8,Panini,Kari,Female,80,Married,9562107946,"57/759, Patil",Pune,Maharashtra,678488,A-,Artist,Aadhar,4188 2954 1798,True,2026-02-05 04:58:49+05:30,2026-02-05 04:58:49+05:30
2f3cb291-45a4-4571-b5fc-fb57c3b1628f,Rushil,Vyas,Male,80,Widow,9410387234,"65/32
Mallick Street",Jaipur,Rajasthan,505391,B-,Student,Aadhar,8095 4172 4836,True,2026-02-13 04:36:12+05:30,2026-02-13 04:36:12+05:30
a27be038-a13d-47c4-9627-1af6939bce9f,William,Bansal,Male,74,Unmarried,7513114216,"090
Khosla Marg",Jodhpur,Rajasthan,498405,O-,Farmer,Voter ID,STV2980469,True,2026-02-10 18:05:34+05:30,2026-02-10 18:05:34+05:30
a397026a-2c7b-4f28-bb05-c4bae52ee4cc,Hemal,Sule,Transgender,75,Unmarried,8911262076,"H.No. 60, Deshmukh Chowk",Udaipur,Rajasthan,364880,AB-,Business,PAN Card,XZYNR1071S,True,2026-02-10 18:11:26+05:30,2026-02-10 18:11:26+05:30
5c37fb6d-6b48-4bfb-82c1-918aaab27991,Balhaar,Patel,Male,25,Widow,6703531377,"50
Mohanty Road",Rohini,Delhi,883088,B-,Homemaker,Voter ID,TJA6388746,True,2026-02-10 15:55:54+05:30,2026-02-10 15:55:54+05:30
902b555f-deaf-4ffa-babd-7597c64bff0f,Utsav,Patel,Male,21,Unmarried,,,New Delhi,Delhi,312332,,,,,True,2026-02-18T06:16:58.274818,2026-02-18T06:17:47.943460
617a13b3-d0b8-4d5c-a32f-57c661a523eb,John,Doe,Male,33,Unmarried,,,,,,O+,Software Engineer,Passport,A1234567,False,2026-02-23T09:51:37.791258,2026-02-23T09:51:37.791258
fb5966fb-6534-4e37-b8d2-dddc90b712a9,Nisarg,Gandhi,Male,38,Married,,huhk,,Gujarat,380054,B+,Business,Aadhar,1234 1234 1234,False,2026-02-23T10:58:25.708638,2026-02-23T10:58:25.708638
af7d8641-fce5-4a96-872c-b7f74a6f69e1,Nisarg,Gandhi,Male,38,Married,,huhk,Ahmedabad,Gujarat,380054,B+,Business,Aadhar,1234 1234 1234,True,2026-02-23T10:58:29.296496,2026-02-24T06:29:12.785592
19caa011-6601-4a38-bd95-0bf637119f41,Priya,Lakshmi,Female,31,Single,,"12/B, MG Road",Bengaluru,Karnataka,560001,A-,Marketing Manager,PAN Card,ABCDE1234F,False,2026-02-24T05:47:34.526058,2026-02-24T05:47:34.526058
58c08476-c5b1-4085-b1e4-b388de67b7f1,Priya,Lakshmi,Female,31,Unmarried,,"12/B, MG Road",Bengaluru,Karnataka,560001,A-,Marketing Manager,PAN Card,ABCDE1234F,False,2026-02-24T05:49:19.139334,2026-02-24T05:49:19.139334
62f6e352-fa3e-4182-a8c3-d042a8664555,Priya,Lakshmi,Female,31,Unmarried,,"12/B, MG Road",Bangalore,Karnataka,560001,A-,Marketing Manager,PAN Card,ABCDE1234F,True,2026-02-24T05:51:27.478057,2026-02-24T07:10:45.320968
a520316a-a7fe-4e7a-8448-c2b83933d929,Kiran,Mehta,Transgender,35,Divorcee,,"Plot 45, Sector 10, Gandhinagar",Ahmedabad,Gujarat,382010,AB+,Nurse,Voter ID,GJ/01/123/456789,True,2026-02-24T06:09:38.019530,2026-02-24T06:28:35.743074
00a9b67b-1882-48cb-93e7-a9593c00eeab,Kiran,Mehta,Transgender,35,Divorcee,,"Plot 45, Sector 10, Gandhinagar",Ahmedabad,Gujarat,382010,AB+,Nurse,Voter ID,GJ/01/123/456789,False,2026-02-24T06:11:09.262583,2026-02-24T06:11:09.262583
684096f6-6522-41a4-a32d-8d6a70e5a41a,Kiran,Mistry,Male,58,Widow,,"66, Jalaram Nagar, near the Water Tank",Ahmedabad,Gujarat,360001,O+,Retired Mechanic,Voter ID,EPIC99887766,False,2026-02-24T06:12:35.031406,2026-02-24T06:12:35.031406
8a5b299f-6a55-4cf5-9375-6f41f5d3bdaf,Parth,Trivedi,Male,34,Unmarried,,"Plot No. 45/A, Gayatri Krupa Society, Near Old Bus Stand",Ahmedabad,Gujarat,364001,A+,Branch Manager,PAN Card,BGZPT1234K,False,2026-02-24T06:15:22.475658,2026-02-24T06:15:22.475658
eaa2a136-9a72-441d-bca3-da769db1c8e7,Bharat,Trivedi,Male,40,Divorcee,,,,,,O+,Student,Aadhar,1234 1234 1234,False,2026-02-24T06:20:06.988453,2026-02-24T06:20:06.988453
d903df79-5cd5-4143-9f99-cbf72dde8eba,Sunita,Patel,Female,42,Married,7012345678,"House 15, Gokul Dham, Nr Dairy, Anand, Gujarat 388001",Ahmedabad,Gujarat,388001,O-,Teacher,Aadhar,998877665544,False,2026-02-24T12:14:23.020269,2026-02-24T12:14:23.020269
f31b34e8-71d9-4a37-bd81-1899c38afeaa,Arjun,Sharma,Male,28,Married,9876543210,"Flat 402, Lotus Residency, Baner, Pune",Mumbai,Maharashtra,411045,O+,Software Engineer,Aadhar,123456789012,False,2026-02-24T13:26:31.015940,2026-02-24T13:26:31.015940
2b27ca0f-5122-4d2f-b75b-410baaa5418c,Arjun,Sharma,Male,28,Married,9876543210,"Flat 402, Lotus Residency, Baner, Pune",Mumbai,Maharashtra,411045,O+,Software Engineer,Aadhar,123456789012,True,2026-02-25T10:04:45.584294,2026-02-26T05:37:14.269758
